tick,total,susceptible,infected,immune,pct_infected,pct_immune
0,150,140,10,0,6.6667,0.0000
1,151,140,11,0,7.2848,0.0000
2,151,139,12,0,7.9470,0.0000
3,153,139,14,0,9.1503,0.0000
4,155,141,14,0,9.0323,0.0000
5,155,140,15,0,9.6774,0.0000
6,156,139,17,0,10.8974,0.0000
7,157,138,19,0,12.1019,0.0000
8,160,139,21,0,13.1250,0.0000
9,161,138,23,0,14.2857,0.0000
10,163,138,25,0,15.3374,0.0000
11,165,138,27,0,16.3636,0.0000
12,165,137,28,0,16.9697,0.0000
13,167,137,30,0,17.9641,0.0000
14,167,137,30,0,17.9641,0.0000
15,165,135,30,0,18.1818,0.0000
16,166,134,32,0,19.2771,0.0000
17,167,135,32,0,19.1617,0.0000
18,168,136,32,0,19.0476,0.0000
19,170,138,32,0,18.8235,0.0000
20,170,135,35,0,20.5882,0.0000
21,172,133,30,9,17.4419,5.2326
22,172,129,33,10,19.1860,5.8140
23,172,127,32,13,18.6047,7.5581
24,173,124,36,13,20.8092,7.5145
25,173,123,36,14,20.8092,8.0925
26,174,123,36,15,20.6897,8.6207
27,176,123,37,16,21.0227,9.0909
28,180,125,37,18,20.5556,10.0000
29,182,127,36,19,19.7802,10.4396
30,184,124,39,21,21.1957,11.4130
31,184,120,40,24,21.7391,13.0435
32,183,116,43,24,23.4973,13.1148
33,184,118,43,23,23.3696,12.5000
34,184,118,43,23,23.3696,12.5000
35,185,117,45,23,24.3243,12.4324
36,186,117,45,24,24.1935,12.9032
37,188,117,46,25,24.4681,13.2979
38,190,117,48,25,25.2632,13.1579
39,191,115,51,25,26.7016,13.0890
40,193,113,54,26,27.9793,13.4715
41,195,112,53,30,27.1795,15.3846
42,198,112,51,35,25.7576,17.6768
43,198,107,54,37,27.2727,18.6869
44,196,106,50,40,25.5102,20.4082
45,199,109,50,40,25.1256,20.1005
46,198,108,49,41,24.7475,20.7071
47,198,101,55,42,27.7778,21.2121
48,200,103,53,44,26.5000,22.0000
49,200,104,50,46,25.0000,23.0000
50,201,105,48,48,23.8806,23.8806
51,201,100,49,52,24.3781,25.8706
52,204,103,45,56,22.0588,27.4510
53,205,103,45,57,21.9512,27.8049
54,205,101,46,58,22.4390,28.2927
55,206,98,49,59,23.7864,28.6408
56,208,96,51,61,24.5192,29.3269
57,209,96,52,61,24.8804,29.1866
58,209,95,50,64,23.9234,30.6220
59,211,93,52,66,24.6445,31.2796
60,213,94,51,68,23.9437,31.9249
61,215,92,52,71,24.1860,33.0233
62,216,91,52,73,24.0741,33.7963
63,216,92,46,78,21.2963,36.1111
64,216,89,49,78,22.6852,36.1111
65,216,88,49,79,22.6852,36.5741
66,218,86,52,80,23.8532,36.6972
67,220,83,53,84,24.0909,38.1818
68,220,81,52,87,23.6364,39.5455
69,221,79,55,87,24.8869,39.3665
70,222,78,57,87,25.6757,39.1892
71,224,78,54,92,24.1071,41.0714
72,224,76,55,93,24.5536,41.5179
73,227,85,57,85,25.1101,37.4449
74,228,85,58,85,25.4386,37.2807
75,227,86,56,85,24.6696,37.4449
76,227,86,51,90,22.4670,39.6476
77,228,85,52,91,22.8070,39.9123
78,231,89,52,90,22.5108,38.9610
79,231,89,51,91,22.0779,39.3939
80,232,91,49,92,21.1207,39.6552
81,236,94,49,93,20.7627,39.4068
82,235,94,47,94,20.0000,40.0000
83,237,98,46,93,19.4093,39.2405
84,238,97,47,94,19.7479,39.4958
85,238,96,46,96,19.3277,40.3361
86,244,100,47,97,19.2623,39.7541
87,241,100,40,101,16.5975,41.9087
88,242,101,39,102,16.1157,42.1488
89,242,98,41,103,16.9421,42.5620
90,242,97,39,106,16.1157,43.8017
91,246,101,36,109,14.6341,44.3089
92,248,105,34,109,13.7097,43.9516
93,248,106,36,106,14.5161,42.7419
94,251,112,36,103,14.3426,41.0359
95,251,113,37,101,14.7410,40.2390
96,251,114,38,99,15.1394,39.4422
97,251,113,37,101,14.7410,40.2390
98,253,116,36,101,14.2292,39.9209
99,255,118,35,102,13.7255,40.0000
100,257,119,37,101,14.3969,39.2996
101,263,124,38,101,14.4487,38.4030
102,267,126,41,100,15.3558,37.4532
103,265,127,41,97,15.4717,36.6038
104,265,127,42,96,15.8491,36.2264
105,268,129,44,95,16.4179,35.4478
106,271,128,47,96,17.3432,35.4244
107,274,124,53,97,19.3431,35.4015
108,276,122,58,96,21.0145,34.7826
109,280,125,56,99,20.0000,35.3571
110,285,131,57,97,20.0000,34.0351
111,289,135,58,96,20.0692,33.2180
112,294,135,65,94,22.1088,31.9728
113,298,138,67,93,22.4832,31.2081
114,300,143,64,93,21.3333,31.0000
115,299,144,67,88,22.4080,29.4314
116,304,148,65,91,21.3816,29.9342
117,303,146,65,92,21.4521,30.3630
118,302,142,69,91,22.8477,30.1325
119,302,138,77,87,25.4967,28.8079
120,302,138,76,88,25.1656,29.1391
121,302,134,80,88,26.4901,29.1391
122,300,127,81,92,27.0000,30.6667
123,300,127,84,89,28.0000,29.6667
124,299,119,89,91,29.7659,30.4348
125,300,117,90,93,30.0000,31.0000
126,297,110,93,94,31.3131,31.6498
127,298,106,95,97,31.8792,32.5503
128,300,101,101,98,33.6667,32.6667
129,298,98,102,98,34.2282,32.8859
130,297,96,101,100,34.0067,33.6700
131,298,89,110,99,36.9128,33.2215
132,299,89,112,98,37.4582,32.7759
133,298,84,114,100,38.2550,33.5570
134,299,83,116,100,38.7960,33.4448
135,302,85,116,101,38.4106,33.4437
136,301,75,126,100,41.8605,33.2226
137,301,74,127,100,42.1927,33.2226
138,300,71,127,102,42.3333,34.0000
139,300,74,122,104,40.6667,34.6667
140,298,70,122,106,40.9396,35.5705
141,299,71,121,107,40.4682,35.7860
142,300,75,120,105,40.0000,35.0000
143,298,74,115,109,38.5906,36.5772
144,300,75,115,110,38.3333,36.6667
145,297,73,112,112,37.7104,37.7104
146,296,73,107,116,36.1486,39.1892
147,297,67,107,123,36.0269,41.4141
148,296,68,101,127,34.1216,42.9054
149,296,68,95,133,32.0946,44.9324
150,298,68,94,136,31.5436,45.6376
151,299,68,94,137,31.4381,45.8194
152,297,68,86,143,28.9562,48.1481
153,298,72,81,145,27.1812,48.6577
154,299,73,78,148,26.0870,49.4983
155,301,75,74,152,24.5847,50.4983
156,300,76,71,153,23.6667,51.0000
157,299,74,64,161,21.4047,53.8462
158,303,78,64,161,21.1221,53.1353
159,303,76,65,162,21.4521,53.4653
160,302,76,63,163,20.8609,53.9735
161,302,77,58,167,19.2053,55.2980
162,302,77,60,165,19.8675,54.6358
163,302,78,57,167,18.8742,55.2980
164,301,77,54,170,17.9402,56.4784
165,300,78,52,170,17.3333,56.6667
166,298,78,49,171,16.4430,57.3826
167,299,77,47,175,15.7191,58.5284
168,301,84,42,175,13.9535,58.1395
169,301,84,39,178,12.9568,59.1362
170,301,81,41,179,13.6213,59.4684
171,299,80,39,180,13.0435,60.2007
172,300,86,33,181,11.0000,60.3333
173,300,86,33,181,11.0000,60.3333
174,300,88,34,178,11.3333,59.3333
175,300,86,37,177,12.3333,59.0000
176,299,87,36,176,12.0401,58.8629
177,303,94,33,176,10.8911,58.0858
178,303,94,34,175,11.2211,57.7558
179,302,100,30,172,9.9338,56.9536
180,301,105,29,167,9.6346,55.4817
181,300,104,29,167,9.6667,55.6667
182,299,106,27,166,9.0301,55.5184
183,300,108,26,166,8.6667,55.3333
184,300,109,27,164,9.0000,54.6667
185,300,111,27,162,9.0000,54.0000
186,299,113,27,159,9.0301,53.1773
187,301,118,26,157,8.6379,52.1595
188,300,118,23,159,7.6667,53.0000
189,300,120,20,160,6.6667,53.3333
190,300,123,19,158,6.3333,52.6667
191,299,126,19,154,6.3545,51.5050
192,304,134,20,150,6.5789,49.3421
193,304,137,20,147,6.5789,48.3553
194,304,138,20,146,6.5789,48.0263
195,302,145,15,142,4.9669,47.0199
196,302,144,16,142,5.2980,47.0199
197,302,146,17,139,5.6291,46.0265
198,302,152,17,133,5.6291,44.0397
199,302,159,15,128,4.9669,42.3841
200,302,162,17,123,5.6291,40.7285
201,302,169,17,116,5.6291,38.4106
202,302,171,17,114,5.6291,37.7483
203,302,172,19,111,6.2914,36.7550
204,301,177,20,104,6.6445,34.5515
205,301,179,22,100,7.3090,33.2226
206,301,181,21,99,6.9767,32.8904
207,301,185,22,94,7.3090,31.2292
208,301,186,25,90,8.3056,29.9003
209,301,190,29,82,9.6346,27.2425
210,301,190,31,80,10.2990,26.5781
211,301,190,33,78,10.9635,25.9136
212,300,188,34,78,11.3333,26.0000
213,300,192,36,72,12.0000,24.0000
214,300,191,37,72,12.3333,24.0000
215,300,187,44,69,14.6667,23.0000
216,300,186,46,68,15.3333,22.6667
217,300,186,46,68,15.3333,22.6667
218,299,182,53,64,17.7258,21.4047
219,300,183,57,60,19.0000,20.0000
220,300,184,59,57,19.6667,19.0000
221,300,180,65,55,21.6667,18.3333
222,300,175,71,54,23.6667,18.0000
223,299,172,72,55,24.0803,18.3946
224,299,168,80,51,26.7559,17.0569
225,302,165,85,52,28.1457,17.2185
226,300,161,87,52,29.0000,17.3333
227,300,157,91,52,30.3333,17.3333
228,299,150,95,54,31.7726,18.0602
229,300,149,99,52,33.0000,17.3333
230,298,141,104,53,34.8993,17.7852
231,300,143,105,52,35.0000,17.3333
232,300,143,104,53,34.6667,17.6667
233,299,138,107,54,35.7860,18.0602
234,302,134,114,54,37.7483,17.8808
235,300,126,116,58,38.6667,19.3333
236,299,121,118,60,39.4649,20.0669
237,299,118,120,61,40.1338,20.4013
238,299,116,120,63,40.1338,21.0702
239,300,111,122,67,40.6667,22.3333
240,298,109,122,67,40.9396,22.4832
241,298,111,120,67,40.2685,22.4832
242,296,107,119,70,40.2027,23.6486
243,296,103,121,72,40.8784,24.3243
244,295,99,121,75,41.0169,25.4237
245,293,94,117,82,39.9317,27.9863
246,294,93,115,86,39.1156,29.2517
247,296,95,114,87,38.5135,29.3919
248,297,94,113,90,38.0471,30.3030
249,295,90,109,96,36.9492,32.5424
250,293,87,107,99,36.5188,33.7884
251,293,87,104,102,35.4949,34.8123
252,294,88,104,102,35.3741,34.6939
253,299,92,101,106,33.7793,35.4515
254,298,91,99,108,33.2215,36.2416
255,296,87,97,112,32.7703,37.8378
256,295,79,98,118,33.2203,40.0000
257,294,74,99,121,33.6735,41.1565
258,294,74,98,122,33.3333,41.4966
259,295,76,95,124,32.2034,42.0339
260,292,70,92,130,31.5068,44.5205
261,296,68,98,130,33.1081,43.9189
262,295,67,93,135,31.5254,45.7627
263,295,69,86,140,29.1525,47.4576
264,297,72,84,141,28.2828,47.4747
265,296,68,82,146,27.7027,49.3243
266,296,67,80,149,27.0270,50.3378
267,298,67,80,151,26.8456,50.6711
268,299,72,75,152,25.0836,50.8361
269,301,75,70,156,23.2558,51.8272
270,301,73,67,161,22.2591,53.4884
271,301,70,66,165,21.9269,54.8173
272,301,67,68,166,22.5914,55.1495
273,300,67,69,164,23.0000,54.6667
274,298,65,68,165,22.8188,55.3691
275,300,68,65,167,21.6667,55.6667
276,300,64,63,173,21.0000,57.6667
277,297,65,55,177,18.5185,59.5960
278,297,66,53,178,17.8451,59.9327
279,300,69,49,182,16.3333,60.6667
280,299,72,47,180,15.7191,60.2007
281,298,72,41,185,13.7584,62.0805
282,301,77,39,185,12.9568,61.4618
283,300,76,41,183,13.6667,61.0000
284,300,77,41,182,13.6667,60.6667
285,299,80,37,182,12.3746,60.8696
286,301,84,34,183,11.2957,60.7973
287,301,87,32,182,10.6312,60.4651
288,301,89,32,180,10.6312,59.8007
289,301,92,32,177,10.6312,58.8040
290,300,92,31,177,10.3333,59.0000
291,300,97,30,173,10.0000,57.6667
292,300,98,28,174,9.3333,58.0000
293,299,99,27,173,9.0301,57.8595
294,302,103,28,171,9.2715,56.6225
295,302,106,26,170,8.6093,56.2914
296,302,107,25,170,8.2781,56.2914
297,300,114,22,164,7.3333,54.6667
298,300,118,21,161,7.0000,53.6667
299,300,122,19,159,6.3333,53.0000
300,300,127,19,154,6.3333,51.3333
301,300,131,20,149,6.6667,49.6667
302,299,133,19,147,6.3545,49.1639
303,302,140,17,145,5.6291,48.0132
304,301,140,15,146,4.9834,48.5050
305,301,144,16,141,5.3156,46.8439
306,301,147,17,137,5.6478,45.5150
307,301,149,18,134,5.9801,44.5183
308,301,154,19,128,6.3123,42.5249
309,301,154,22,125,7.3090,41.5282
310,300,156,22,122,7.3333,40.6667
311,300,156,24,120,8.0000,40.0000
312,300,160,26,114,8.6667,38.0000
313,299,159,25,115,8.3612,38.4615
314,300,164,25,111,8.3333,37.0000
315,300,170,22,108,7.3333,36.0000
316,300,172,21,107,7.0000,35.6667
317,300,176,22,102,7.3333,34.0000
318,300,177,24,99,8.0000,33.0000
319,300,178,25,97,8.3333,32.3333
320,300,178,29,93,9.6667,31.0000
321,300,183,28,89,9.3333,29.6667
322,300,187,29,84,9.6667,28.0000
323,300,191,29,80,9.6667,26.6667
324,299,189,31,79,10.3679,26.4214
325,300,189,33,78,11.0000,26.0000
326,299,186,36,77,12.0401,25.7525
327,301,189,38,74,12.6246,24.5847
328,299,191,41,67,13.7124,22.4080
329,300,194,41,65,13.6667,21.6667
330,300,195,40,65,13.3333,21.6667
331,299,197,41,61,13.7124,20.4013
332,301,197,42,62,13.9535,20.5980
333,301,200,44,57,14.6179,18.9369
334,299,198,45,56,15.0502,18.7291
335,302,198,47,57,15.5629,18.8742
336,302,198,48,56,15.8940,18.5430
337,302,198,50,54,16.5563,17.8808
338,301,199,49,53,16.2791,17.6080
339,301,196,54,51,17.9402,16.9435
340,301,190,57,54,18.9369,17.9402
341,299,182,63,54,21.0702,18.0602
342,303,181,69,53,22.7723,17.4917
343,302,179,71,52,23.5099,17.2185
344,301,173,77,51,25.5814,16.9435
345,301,171,81,49,26.9103,16.2791
346,300,168,83,49,27.6667,16.3333
347,298,169,81,48,27.1812,16.1074
348,296,165,83,48,28.0405,16.2162
349,296,162,85,49,28.7162,16.5541
350,297,157,89,51,29.9663,17.1717
351,300,157,92,51,30.6667,17.0000
352,298,153,92,53,30.8725,17.7852
353,301,153,95,53,31.5615,17.6080
354,299,151,93,55,31.1037,18.3946
355,297,144,99,54,33.3333,18.1818
356,299,140,106,53,35.4515,17.7258
357,303,142,106,55,34.9835,18.1518
358,303,134,113,56,37.2937,18.4818
359,302,127,117,58,38.7417,19.2053
360,301,124,113,64,37.5415,21.2625
361,301,118,114,69,37.8738,22.9236
362,300,114,109,77,36.3333,25.6667
363,300,110,111,79,37.0000,26.3333
364,296,106,107,83,36.1486,28.0405
365,296,104,106,86,35.8108,29.0541
366,296,99,111,86,37.5000,29.0541
367,295,94,115,86,38.9831,29.1525
368,296,93,114,89,38.5135,30.0676
369,295,90,114,91,38.6441,30.8475
370,296,84,117,95,39.5270,32.0946
371,296,78,118,100,39.8649,33.7838
372,297,76,119,102,40.0673,34.3434
373,299,79,118,102,39.4649,34.1137
374,301,72,120,109,39.8671,36.2126
375,297,68,120,109,40.4040,36.7003
376,300,69,113,118,37.6667,39.3333
377,300,66,111,123,37.0000,41.0000
378,298,62,111,125,37.2483,41.9463
379,300,64,104,132,34.6667,44.0000
380,299,59,105,135,35.1171,45.1505
381,300,61,101,138,33.6667,46.0000
382,298,58,101,139,33.8926,46.6443
383,298,61,97,140,32.5503,46.9799
384,298,60,98,140,32.8859,46.9799
385,299,61,94,144,31.4381,48.1605
386,299,61,92,146,30.7692,48.8294
387,301,62,85,154,28.2392,51.1628
388,299,59,82,158,27.4247,52.8428
389,299,58,82,159,27.4247,53.1773
390,302,61,75,166,24.8344,54.9669
391,299,60,70,169,23.4114,56.5217
392,300,64,67,169,22.3333,56.3333
393,298,63,65,170,21.8121,57.0470
394,302,66,62,174,20.5298,57.6159
395,301,65,56,180,18.6047,59.8007
396,299,64,56,179,18.7291,59.8662
397,299,65,53,181,17.7258,60.5351
398,298,68,50,180,16.7785,60.4027
399,295,71,46,178,15.5932,60.3390
400,296,75,46,175,15.5405,59.1216
401,301,77,46,178,15.2824,59.1362
402,300,78,46,176,15.3333,58.6667
403,299,77,45,177,15.0502,59.1973
404,302,78,47,177,15.5629,58.6093
405,302,77,45,180,14.9007,59.6026
406,302,78,45,179,14.9007,59.2715
407,300,79,41,180,13.6667,60.0000
408,298,76,41,181,13.7584,60.7383
409,298,79,38,181,12.7517,60.7383
410,299,82,36,181,12.0401,60.5351
411,304,86,38,180,12.5000,59.2105
412,303,91,38,174,12.5413,57.4257
413,303,94,38,171,12.5413,56.4356
414,303,99,39,165,12.8713,54.4554
415,303,101,39,163,12.8713,53.7954
416,303,103,39,161,12.8713,53.1353
417,303,106,37,160,12.2112,52.8053
418,303,106,38,159,12.5413,52.4752
419,303,107,40,156,13.2013,51.4851
420,303,111,41,151,13.5314,49.8350
421,302,112,38,152,12.5828,50.3311
422,302,115,36,151,11.9205,50.0000
423,299,117,35,147,11.7057,49.1639
424,305,123,35,147,11.4754,48.1967
425,305,123,36,146,11.8033,47.8689
426,305,130,35,140,11.4754,45.9016
427,305,129,35,141,11.4754,46.2295
428,305,137,34,134,11.1475,43.9344
429,305,139,34,132,11.1475,43.2787
430,305,139,36,130,11.8033,42.6230
431,304,146,35,123,11.5132,40.4605
432,304,149,33,122,10.8553,40.1316
433,303,149,36,118,11.8812,38.9439
434,303,150,36,117,11.8812,38.6139
435,303,151,35,117,11.5512,38.6139
436,303,150,37,116,12.2112,38.2838
437,303,155,35,113,11.5512,37.2937
438,303,154,38,111,12.5413,36.6337
439,302,159,42,101,13.9073,33.4437
440,301,161,41,99,13.6213,32.8904
441,301,159,44,98,14.6179,32.5581
442,301,165,46,90,15.2824,29.9003
443,301,167,47,87,15.6146,28.9037
444,300,166,48,86,16.0000,28.6667
445,298,166,45,87,15.1007,29.1946
446,297,164,50,83,16.8350,27.9461
447,300,164,58,78,19.3333,26.0000
448,300,154,69,77,23.0000,25.6667
449,300,147,76,77,25.3333,25.6667
450,300,146,76,78,25.3333,26.0000
451,299,145,75,79,25.0836,26.4214
452,300,142,78,80,26.0000,26.6667
453,299,144,79,76,26.4214,25.4181
454,302,145,79,78,26.1589,25.8278
455,302,142,82,78,27.1523,25.8278
456,302,134,90,78,29.8013,25.8278
457,301,132,95,74,31.5615,24.5847
458,300,128,97,75,32.3333,25.0000
459,299,126,99,74,33.1104,24.7492
460,301,121,103,77,34.2193,25.5814
461,300,117,105,78,35.0000,26.0000
462,299,110,111,78,37.1237,26.0870
463,300,112,112,76,37.3333,25.3333
464,299,107,115,77,38.4615,25.7525
465,301,106,118,77,39.2027,25.5814
466,300,100,125,75,41.6667,25.0000
467,299,93,125,81,41.8060,27.0903
468,296,86,119,91,40.2027,30.7432
469,297,84,121,92,40.7407,30.9764
470,301,83,119,99,39.5349,32.8904
471,301,80,121,100,40.1993,33.2226
472,300,74,124,102,41.3333,34.0000
473,299,70,126,103,42.1405,34.4482
474,301,70,131,100,43.5216,33.2226
475,298,67,127,104,42.6174,34.8993
476,298,69,122,107,40.9396,35.9060
477,300,71,118,111,39.3333,37.0000
478,300,66,119,115,39.6667,38.3333
479,299,61,118,120,39.4649,40.1338
480,299,61,115,123,38.4615,41.1371
481,298,63,111,124,37.2483,41.6107
482,298,62,106,130,35.5705,43.6242
483,300,64,103,133,34.3333,44.3333
484,299,63,102,134,34.1137,44.8161
485,303,70,94,139,31.0231,45.8746
486,300,72,87,141,29.0000,47.0000
487,298,72,80,146,26.8456,48.9933
488,296,73,73,150,24.6622,50.6757
489,294,75,65,154,22.1088,52.3810
490,296,75,64,157,21.6216,53.0405
491,298,75,64,159,21.4765,53.3557
492,297,73,67,157,22.5589,52.8620
493,295,74,59,162,20.0000,54.9153
494,298,76,55,167,18.4564,56.0403
495,296,76,51,169,17.2297,57.0946
496,300,80,51,169,17.0000,56.3333
497,299,81,49,169,16.3880,56.5217
498,300,82,47,171,15.6667,57.0000
499,297,82,43,172,14.4781,57.9125
500,299,86,39,174,13.0435,58.1940
501,299,84,41,174,13.7124,58.1940
502,301,87,41,173,13.6213,57.4751
503,301,85,43,173,14.2857,57.4751
504,301,86,41,174,13.6213,57.8073
505,301,83,42,176,13.9535,58.4718
506,301,82,46,173,15.2824,57.4751
507,300,84,46,170,15.3333,56.6667
508,300,84,47,169,15.6667,56.3333
509,300,82,48,170,16.0000,56.6667
510,300,82,47,171,15.6667,57.0000
511,299,82,46,171,15.3846,57.1906
512,301,85,48,168,15.9468,55.8140
513,300,86,45,169,15.0000,56.3333
514,300,86,44,170,14.6667,56.6667
515,300,81,47,172,15.6667,57.3333
516,300,80,49,171,16.3333,57.0000
517,299,79,49,171,16.3880,57.1906
518,305,86,48,171,15.7377,56.0656
519,305,89,48,168,15.7377,55.0820
520,304,100,48,156,15.7895,51.3158
521,302,103,46,153,15.2318,50.6623
522,302,107,47,148,15.5629,49.0066
523,301,107,43,151,14.2857,50.1661
524,301,106,46,149,15.2824,49.5017
525,301,108,46,147,15.2824,48.8372
526,301,106,44,151,14.6179,50.1661
527,300,108,45,147,15.0000,49.0000
528,299,111,44,144,14.7157,48.1605
529,303,117,46,140,15.1815,46.2046
530,302,120,46,136,15.2318,45.0331
531,302,122,48,132,15.8940,43.7086
532,302,124,50,128,16.5563,42.3841
533,302,126,48,128,15.8940,42.3841
534,300,129,49,122,16.3333,40.6667
535,300,129,51,120,17.0000,40.0000
536,300,130,49,121,16.3333,40.3333
537,299,133,51,115,17.0569,38.4615
538,300,133,55,112,18.3333,37.3333
539,300,134,59,107,19.6667,35.6667
540,299,138,59,102,19.7324,34.1137
541,298,143,58,97,19.4631,32.5503
542,302,146,62,94,20.5298,31.1258
543,300,141,67,92,22.3333,30.6667
544,300,138,68,94,22.6667,31.3333
545,297,143,65,89,21.8855,29.9663
546,298,144,69,85,23.1544,28.5235
547,299,146,70,83,23.4114,27.7592
548,301,146,72,83,23.9203,27.5748
549,300,140,78,82,26.0000,27.3333
550,299,139,79,81,26.4214,27.0903
551,300,139,79,82,26.3333,27.3333
552,300,136,81,83,27.0000,27.6667
553,299,132,85,82,28.4281,27.4247
554,301,129,87,85,28.9037,28.2392
555,300,127,86,87,28.6667,29.0000
556,299,119,95,85,31.7726,28.4281
557,298,120,93,85,31.2081,28.5235
558,299,119,91,89,30.4348,29.7659
559,300,118,89,93,29.6667,31.0000
560,300,113,92,95,30.6667,31.6667
561,300,109,95,96,31.6667,32.0000
562,299,107,99,93,33.1104,31.1037
563,297,105,94,98,31.6498,32.9966
564,297,105,93,99,31.3131,33.3333
565,297,104,96,97,32.3232,32.6599
566,296,98,98,100,33.1081,33.7838
567,296,94,103,99,34.7973,33.4459
568,296,90,106,100,35.8108,33.7838
569,295,88,104,103,35.2542,34.9153
570,296,84,104,108,35.1351,36.4865
571,294,84,103,107,35.0340,36.3946
572,292,80,103,109,35.2740,37.3288
573,293,79,101,113,34.4710,38.5666
574,292,81,96,115,32.8767,39.3836
575,290,80,97,113,33.4483,38.9655
576,292,80,96,116,32.8767,39.7260
577,290,83,89,118,30.6897,40.6897
578,292,87,91,114,31.1644,39.0411
579,294,89,89,116,30.2721,39.4558
580,297,93,85,119,28.6195,40.0673
581,300,95,84,121,28.0000,40.3333
582,300,93,82,125,27.3333,41.6667
583,299,91,82,126,27.4247,42.1405
584,300,91,83,126,27.6667,42.0000
585,299,89,85,125,28.4281,41.8060
586,299,86,83,130,27.7592,43.4783
587,299,88,76,135,25.4181,45.1505
588,299,88,77,134,25.7525,44.8161
589,299,86,76,137,25.4181,45.8194
590,298,86,72,140,24.1611,46.9799
591,298,88,70,140,23.4899,46.9799
592,300,90,67,143,22.3333,47.6667
593,300,86,69,145,23.0000,48.3333
594,299,84,68,147,22.7425,49.1639
595,301,82,71,148,23.5880,49.1694
596,300,79,70,151,23.3333,50.3333
597,300,78,70,152,23.3333,50.6667
598,299,78,67,154,22.4080,51.5050
599,303,81,69,153,22.7723,50.4950
600,303,81,68,154,22.4422,50.8251
601,303,79,69,155,22.7723,51.1551
602,303,80,68,155,22.4422,51.1551
603,302,79,68,155,22.5166,51.3245
604,301,82,64,155,21.2625,51.4950
605,299,80,62,157,20.7358,52.5084
606,297,83,58,156,19.5286,52.5253
607,296,83,57,156,19.2568,52.7027
608,298,83,55,160,18.4564,53.6913
609,300,87,53,160,17.6667,53.3333
610,300,90,51,159,17.0000,53.0000
611,300,93,51,156,17.0000,52.0000
612,300,95,47,158,15.6667,52.6667
613,299,95,46,158,15.3846,52.8428
614,300,94,46,160,15.3333,53.3333
615,299,100,43,156,14.3813,52.1739
616,299,101,40,158,13.3779,52.8428
617,298,102,38,158,12.7517,53.0201
618,301,108,39,154,12.9568,51.1628
619,299,108,37,154,12.3746,51.5050
620,300,110,37,153,12.3333,51.0000
621,298,115,34,149,11.4094,50.0000
622,299,119,34,146,11.3712,48.8294
623,301,122,35,144,11.6279,47.8405
624,301,123,32,146,10.6312,48.5050
625,301,127,32,142,10.6312,47.1761
626,300,129,31,140,10.3333,46.6667
627,300,129,30,141,10.0000,47.0000
628,300,126,35,139,11.6667,46.3333
629,299,128,35,136,11.7057,45.4849
630,300,129,34,137,11.3333,45.6667
631,300,132,33,135,11.0000,45.0000
632,300,137,31,132,10.3333,44.0000
633,300,135,35,130,11.6667,43.3333
634,299,138,33,128,11.0368,42.8094
635,299,140,34,125,11.3712,41.8060
636,300,141,33,126,11.0000,42.0000
637,300,141,33,126,11.0000,42.0000
638,300,144,34,122,11.3333,40.6667
639,299,150,33,116,11.0368,38.7960
640,303,154,36,113,11.8812,37.2937
641,303,157,37,109,12.2112,35.9736
642,302,159,37,106,12.2517,35.0993
643,302,157,40,105,13.2450,34.7682
644,302,159,39,104,12.9139,34.4371
645,302,159,41,102,13.5762,33.7748
646,302,158,44,100,14.5695,33.1126
647,302,158,44,100,14.5695,33.1126
648,300,161,42,97,14.0000,32.3333
649,299,158,41,100,13.7124,33.4448
650,303,163,43,97,14.1914,32.0132
651,303,159,47,97,15.5116,32.0132
652,303,156,53,94,17.4917,31.0231
653,302,155,55,92,18.2119,30.4636
654,302,154,54,94,17.8808,31.1258
655,301,151,58,92,19.2691,30.5648
656,301,147,63,91,20.9302,30.2326
657,300,148,64,88,21.3333,29.3333
658,300,143,68,89,22.6667,29.6667
659,300,141,73,86,24.3333,28.6667
660,300,141,76,83,25.3333,27.6667
661,299,137,80,82,26.7559,27.4247
662,299,137,81,81,27.0903,27.0903
663,300,136,83,81,27.6667,27.0000
664,300,135,87,78,29.0000,26.0000
665,299,133,88,78,29.4314,26.0870
666,300,129,92,79,30.6667,26.3333
667,299,126,96,77,32.1070,25.7525
668,300,126,100,74,33.3333,24.6667
669,297,122,98,77,32.9966,25.9259
670,299,123,99,77,33.1104,25.7525
671,300,121,99,80,33.0000,26.6667
672,300,115,103,82,34.3333,27.3333
673,298,109,104,85,34.8993,28.5235
674,303,109,110,84,36.3036,27.7228
675,302,103,111,88,36.7550,29.1391
676,299,104,107,88,35.7860,29.4314
677,300,102,108,90,36.0000,30.0000
678,298,101,106,91,35.5705,30.5369
679,300,99,109,92,36.3333,30.6667
680,297,94,108,95,36.3636,31.9865
681,299,91,110,98,36.7893,32.7759
682,301,92,108,101,35.8804,33.5548
683,301,87,109,105,36.2126,34.8837
684,300,85,109,106,36.3333,35.3333
685,299,78,111,110,37.1237,36.7893
686,300,78,109,113,36.3333,37.6667
687,300,75,108,117,36.0000,39.0000
688,297,75,103,119,34.6801,40.0673
689,299,78,101,120,33.7793,40.1338
690,302,79,101,122,33.4437,40.3974
691,300,77,102,121,34.0000,40.3333
692,297,74,97,126,32.6599,42.4242
693,296,72,93,131,31.4189,44.2568
694,301,76,90,135,29.9003,44.8505
695,300,77,84,139,28.0000,46.3333
696,298,77,82,139,27.5168,46.6443
697,297,77,79,141,26.5993,47.4747
698,302,82,75,145,24.8344,48.0132
699,301,80,73,148,24.2525,49.1694
700,301,76,70,155,23.2558,51.4950
701,299,81,62,156,20.7358,52.1739
702,302,81,65,156,21.5232,51.6556
703,300,74,67,159,22.3333,53.0000
704,299,73,63,163,21.0702,54.5151
705,298,72,58,168,19.4631,56.3758
706,298,78,54,166,18.1208,55.7047
707,300,81,52,167,17.3333,55.6667
708,299,80,50,169,16.7224,56.5217
709,300,83,48,169,16.0000,56.3333
710,299,83,49,167,16.3880,55.8528
711,299,83,46,170,15.3846,56.8562
712,302,87,45,170,14.9007,56.2914
713,298,86,42,170,14.0940,57.0470
714,298,86,43,169,14.4295,56.7114
715,302,91,43,168,14.2384,55.6291
716,301,90,44,167,14.6179,55.4817
717,301,90,46,165,15.2824,54.8173
718,301,93,43,165,14.2857,54.8173
719,300,94,41,165,13.6667,55.0000
720,300,93,40,167,13.3333,55.6667
721,300,95,38,167,12.6667,55.6667
722,300,96,37,167,12.3333,55.6667
723,298,98,33,167,11.0738,56.0403
724,301,103,31,167,10.2990,55.4817
725,300,106,29,165,9.6667,55.0000
726,300,107,28,165,9.3333,55.0000
727,300,110,29,161,9.6667,53.6667
728,299,113,28,158,9.3645,52.8428
729,302,114,32,156,10.5960,51.6556
730,302,114,34,154,11.2583,50.9934
731,302,115,34,153,11.2583,50.6623
732,302,118,34,150,11.2583,49.6689
733,302,120,35,147,11.5894,48.6755
734,300,123,33,144,11.0000,48.0000
735,299,127,32,140,10.7023,46.8227
736,301,131,32,138,10.6312,45.8472
737,300,135,30,135,10.0000,45.0000
738,300,140,30,130,10.0000,43.3333
739,300,143,31,126,10.3333,42.0000
740,300,145,32,123,10.6667,41.0000
741,299,147,33,119,11.0368,39.7993
742,301,150,33,118,10.9635,39.2027
743,301,149,34,118,11.2957,39.2027
744,301,149,36,116,11.9601,38.5382
745,301,149,40,112,13.2890,37.2093
746,301,151,43,107,14.2857,35.5482
747,301,151,46,104,15.2824,34.5515
748,300,151,47,102,15.6667,34.0000
749,300,150,50,100,16.6667,33.3333
750,298,153,47,98,15.7718,32.8859
751,297,156,46,95,15.4882,31.9865
752,299,162,48,89,16.0535,29.7659
753,300,167,48,85,16.0000,28.3333
754,300,166,47,87,15.6667,29.0000
755,300,165,51,84,17.0000,28.0000
756,299,165,54,80,18.0602,26.7559
757,301,170,54,77,17.9402,25.5814
758,301,170,55,76,18.2724,25.2492
759,301,166,61,74,20.2658,24.5847
760,301,163,65,73,21.5947,24.2525
761,301,153,75,73,24.9169,24.2525
762,300,152,75,73,25.0000,24.3333
763,300,146,82,72,27.3333,24.0000
764,300,143,83,74,27.6667,24.6667
765,300,140,84,76,28.0000,25.3333
766,299,135,85,79,28.4281,26.4214
767,301,134,87,80,28.9037,26.5781
768,301,133,85,83,28.2392,27.5748
769,301,128,88,85,29.2359,28.2392
770,300,129,87,84,29.0000,28.0000
771,300,128,86,86,28.6667,28.6667
772,299,128,85,86,28.4281,28.7625
773,301,126,92,83,30.5648,27.5748
774,301,121,96,84,31.8937,27.9070
775,300,120,100,80,33.3333,26.6667
776,298,118,99,81,33.2215,27.1812
777,301,120,99,82,32.8904,27.2425
778,299,117,102,80,34.1137,26.7559
779,299,112,105,82,35.1171,27.4247
780,301,113,101,87,33.5548,28.9037
781,300,105,106,89,35.3333,29.6667
782,299,101,102,96,34.1137,32.1070
783,302,106,97,99,32.1192,32.7815
784,301,103,96,102,31.8937,33.8870
785,300,96,98,106,32.6667,35.3333
786,297,97,93,107,31.3131,36.0269
787,299,97,92,110,30.7692,36.7893
788,297,95,92,110,30.9764,37.0370
789,296,95,93,108,31.4189,36.4865
790,297,97,91,109,30.6397,36.7003
791,298,90,95,113,31.8792,37.9195
792,299,87,99,113,33.1104,37.7926
793,298,84,96,118,32.2148,39.5973
794,297,85,91,121,30.6397,40.7407
795,297,82,89,126,29.9663,42.4242
796,296,84,87,125,29.3919,42.2297
797,300,87,87,126,29.0000,42.0000
798,297,86,81,130,27.2727,43.7710
799,296,87,78,131,26.3514,44.2568
800,293,83,76,134,25.9386,45.7338
801,299,89,70,140,23.4114,46.8227
802,297,88,70,139,23.5690,46.8013
803,297,86,70,141,23.5690,47.4747
804,301,92,70,139,23.2558,46.1794
805,299,90,66,143,22.0736,47.8261
806,297,90,65,142,21.8855,47.8114
807,299,89,67,143,22.4080,47.8261
808,300,88,65,147,21.6667,49.0000
809,298,87,64,147,21.4765,49.3289
810,302,89,65,148,21.5232,49.0066
811,301,88,64,149,21.2625,49.5017
812,297,90,57,150,19.1919,50.5051
813,296,89,54,153,18.2432,51.6892
814,297,88,58,151,19.5286,50.8418
815,297,89,56,152,18.8552,51.1785
816,293,89,53,151,18.0887,51.5358
817,295,93,55,147,18.6441,49.8305
818,295,98,52,145,17.6271,49.1525
819,297,99,54,144,18.1818,48.4848
820,301,107,53,141,17.6080,46.8439
821,299,105,54,140,18.0602,46.8227
822,303,108,55,140,18.1518,46.2046
823,303,108,54,141,17.8218,46.5347
824,301,105,55,141,18.2724,46.8439
825,300,102,57,141,19.0000,47.0000
826,299,101,56,142,18.7291,47.4916
827,298,99,56,143,18.7919,47.9866
828,301,103,55,143,18.2724,47.5083
829,300,104,54,142,18.0000,47.3333
830,299,103,54,142,18.0602,47.4916
831,300,104,52,144,17.3333,48.0000
832,300,106,55,139,18.3333,46.3333
833,299,108,55,136,18.3946,45.4849
834,301,111,59,131,19.6013,43.5216
835,300,114,58,128,19.3333,42.6667
836,300,114,62,124,20.6667,41.3333
837,297,116,62,119,20.8754,40.0673
838,297,111,68,118,22.8956,39.7306
839,298,115,68,115,22.8188,38.5906
840,301,117,69,115,22.9236,38.2060
841,301,108,76,117,25.2492,38.8704
842,301,104,78,119,25.9136,39.5349
843,300,104,80,116,26.6667,38.6667
844,300,105,76,119,25.3333,39.6667
845,299,107,71,121,23.7458,40.4682
846,299,109,73,117,24.4147,39.1304
847,300,115,72,113,24.0000,37.6667
848,300,117,68,115,22.6667,38.3333
849,300,115,72,113,24.0000,37.6667
850,299,114,74,111,24.7492,37.1237
851,301,113,78,110,25.9136,36.5449
852,300,112,78,110,26.0000,36.6667
853,300,116,80,104,26.6667,34.6667
854,298,113,81,104,27.1812,34.8993
855,299,113,80,106,26.7559,35.4515
856,299,112,81,106,27.0903,35.4515
857,299,112,85,102,28.4281,34.1137
858,297,110,81,106,27.2727,35.6902
859,296,108,80,108,27.0270,36.4865
860,300,110,84,106,28.0000,35.3333
861,299,105,87,107,29.0970,35.7860
862,300,108,80,112,26.6667,37.3333
863,299,103,79,117,26.4214,39.1304
864,306,106,86,114,28.1046,37.2549
865,306,104,91,111,29.7386,36.2745
866,303,99,92,112,30.3630,36.9637
867,302,99,92,111,30.4636,36.7550
868,302,100,91,111,30.1325,36.7550
869,302,96,91,115,30.1325,38.0795
870,302,92,96,114,31.7881,37.7483
871,299,88,92,119,30.7692,39.7993
872,297,87,91,119,30.6397,40.0673
873,297,86,91,120,30.6397,40.4040
874,297,86,90,121,30.3030,40.7407
875,298,89,88,121,29.5302,40.6040
876,299,91,84,124,28.0936,41.4716
877,301,88,86,127,28.5714,42.1927
878,299,89,83,127,27.7592,42.4749
879,301,90,84,127,27.9070,42.1927
880,296,90,80,126,27.0270,42.5676
881,295,88,81,126,27.4576,42.7119
882,298,87,81,130,27.1812,43.6242
883,297,86,84,127,28.2828,42.7609
884,299,90,80,129,26.7559,43.1438
885,298,90,72,136,24.1611,45.6376
886,300,94,68,138,22.6667,46.0000
887,298,96,65,137,21.8121,45.9732
888,302,98,66,138,21.8543,45.6954
889,302,95,65,142,21.5232,47.0199
890,301,96,61,144,20.2658,47.8405
891,301,91,64,146,21.2625,48.5050
892,299,90,61,148,20.4013,49.4983
893,299,90,62,147,20.7358,49.1639
894,303,97,60,146,19.8020,48.1848
895,302,97,57,148,18.8742,49.0066
896,301,98,59,144,19.6013,47.8405
897,299,103,53,143,17.7258,47.8261
898,301,104,54,143,17.9402,47.5083
899,298,103,52,143,17.4497,47.9866
900,299,105,53,141,17.7258,47.1572
901,303,107,51,145,16.8317,47.8548
902,300,108,47,145,15.6667,48.3333
903,297,106,46,145,15.4882,48.8215
904,297,109,43,145,14.4781,48.8215
905,298,111,42,145,14.0940,48.6577
906,305,119,43,143,14.0984,46.8852
907,305,123,44,138,14.4262,45.2459
908,304,121,45,138,14.8026,45.3947
909,304,119,47,138,15.4605,45.3947
910,302,122,46,134,15.2318,44.3709
911,301,122,47,132,15.6146,43.8538
912,300,123,44,133,14.6667,44.3333
913,299,121,45,133,15.0502,44.4816
914,301,128,46,127,15.2824,42.1927
915,301,130,48,123,15.9468,40.8638
916,299,126,50,123,16.7224,41.1371
917,300,125,50,125,16.6667,41.6667
918,300,124,49,127,16.3333,42.3333
919,300,120,55,125,18.3333,41.6667
920,298,120,54,124,18.1208,41.6107
921,302,125,54,123,17.8808,40.7285
922,302,123,55,124,18.2119,41.0596
923,301,121,59,121,19.6013,40.1993
924,301,121,59,121,19.6013,40.1993
925,300,120,61,119,20.3333,39.6667
926,299,120,63,116,21.0702,38.7960
927,298,121,65,112,21.8121,37.5839
928,302,127,68,107,22.5166,35.4305
929,302,126,70,106,23.1788,35.0993
930,300,124,71,105,23.6667,35.0000
931,300,120,73,107,24.3333,35.6667
932,300,119,74,107,24.6667,35.6667
933,299,117,75,107,25.0836,35.7860
934,302,120,76,106,25.1656,35.0993
935,302,116,79,107,26.1589,35.4305
936,301,118,75,108,24.9169,35.8804
937,300,121,76,103,25.3333,34.3333
938,300,121,80,99,26.6667,33.0000
939,296,119,77,100,26.0135,33.7838
940,297,116,81,100,27.2727,33.6700
941,299,122,80,97,26.7559,32.4415
942,301,118,87,96,28.9037,31.8937
943,300,116,86,98,28.6667,32.6667
944,299,118,83,98,27.7592,32.7759
945,298,116,84,98,28.1879,32.8859
946,302,120,85,97,28.1457,32.1192
947,301,120,85,96,28.2392,31.8937
948,301,117,85,99,28.2392,32.8904
949,300,118,85,97,28.3333,32.3333
950,299,117,83,99,27.7592,33.1104
951,300,115,83,102,27.6667,34.0000
952,300,116,78,106,26.0000,35.3333
953,298,119,75,104,25.1678,34.8993
954,297,115,78,104,26.2626,35.0168
955,299,113,78,108,26.0870,36.1204
956,298,110,80,108,26.8456,36.2416
957,299,114,76,109,25.4181,36.4548
958,299,111,78,110,26.0870,36.7893
959,299,106,79,114,26.4214,38.1271
960,299,109,74,116,24.7492,38.7960
961,302,111,74,117,24.5033,38.7417
962,302,106,76,120,25.1656,39.7351
963,300,103,71,126,23.6667,42.0000
964,299,103,71,125,23.7458,41.8060
965,301,105,72,124,23.9203,41.1960
966,300,102,73,125,24.3333,41.6667
967,299,101,74,124,24.7492,41.4716
968,301,102,73,126,24.2525,41.8605
969,300,102,69,129,23.0000,43.0000
970,299,101,70,128,23.4114,42.8094
971,301,101,71,129,23.5880,42.8571
972,300,99,70,131,23.3333,43.6667
973,300,98,72,130,24.0000,43.3333
974,299,98,70,131,23.4114,43.8127
975,301,102,66,133,21.9269,44.1860
976,298,102,61,135,20.4698,45.3020
977,297,101,59,137,19.8653,46.1279
978,299,100,61,138,20.4013,46.1538
979,300,101,57,142,19.0000,47.3333
980,300,101,55,144,18.3333,48.0000
981,300,100,58,142,19.3333,47.3333
982,296,101,52,143,17.5676,48.3108
983,298,105,49,144,16.4430,48.3221
984,301,108,49,144,16.2791,47.8405
985,301,109,47,145,15.6146,48.1728
986,300,108,45,147,15.0000,49.0000
987,299,108,44,147,14.7157,49.1639
988,302,111,45,146,14.9007,48.3444
989,302,108,50,144,16.5563,47.6821
990,301,108,46,147,15.2824,48.8372
991,301,109,47,145,15.6146,48.1728
992,300,104,50,146,16.6667,48.6667
993,300,103,48,149,16.0000,49.6667
994,299,100,50,149,16.7224,49.8328
995,303,108,51,144,16.8317,47.5248
996,303,109,53,141,17.4917,46.5347
997,302,107,54,141,17.8808,46.6887
998,302,105,55,142,18.2119,47.0199
999,302,107,54,141,17.8808,46.6887
1000,302,108,54,140,17.8808,46.3576
1001,302,109,54,139,17.8808,46.0265
1002,301,110,55,136,18.2724,45.1827
1003,300,111,55,134,18.3333,44.6667
1004,300,114,57,129,19.0000,43.0000
1005,300,115,56,129,18.6667,43.0000
1006,300,110,63,127,21.0000,42.3333
1007,299,108,66,125,22.0736,41.8060
1008,300,108,67,125,22.3333,41.6667
1009,300,107,64,129,21.3333,43.0000
1010,300,106,65,129,21.6667,43.0000
1011,300,109,64,127,21.3333,42.3333
1012,300,109,64,127,21.3333,42.3333
1013,300,110,61,129,20.3333,43.0000
1014,300,112,61,127,20.3333,42.3333
1015,300,117,58,125,19.3333,41.6667
1016,299,116,59,124,19.7324,41.4716
1017,298,116,59,123,19.7987,41.2752
1018,299,115,61,123,20.4013,41.1371
1019,300,114,62,124,20.6667,41.3333
1020,299,113,65,121,21.7391,40.4682
1021,301,116,67,118,22.2591,39.2027
1022,301,116,66,119,21.9269,39.5349
1023,299,116,64,119,21.4047,39.7993
1024,302,117,67,118,22.1854,39.0728
1025,302,116,69,117,22.8477,38.7417
1026,302,116,69,117,22.8477,38.7417
1027,298,119,59,120,19.7987,40.2685
1028,299,122,57,120,19.0635,40.1338
1029,301,124,55,122,18.2724,40.5316
1030,301,122,56,123,18.6047,40.8638
1031,301,123,58,120,19.2691,39.8671
1032,300,123,58,119,19.3333,39.6667
1033,300,117,63,120,21.0000,40.0000
1034,299,115,67,117,22.4080,39.1304
1035,305,118,72,115,23.6066,37.7049
1036,305,118,72,115,23.6066,37.7049
1037,305,118,71,116,23.2787,38.0328
1038,305,119,73,113,23.9344,37.0492
1039,305,117,72,116,23.6066,38.0328
1040,304,117,71,116,23.3553,38.1579
1041,303,113,71,119,23.4323,39.2739
1042,302,110,75,117,24.8344,38.7417
1043,301,108,77,116,25.5814,38.5382
1044,301,107,75,119,24.9169,39.5349
1045,301,110,71,120,23.5880,39.8671
1046,301,108,73,120,24.2525,39.8671
1047,300,102,77,121,25.6667,40.3333
1048,300,98,79,123,26.3333,41.0000
1049,300,97,80,123,26.6667,41.0000
1050,297,98,78,121,26.2626,40.7407
1051,300,96,81,123,27.0000,41.0000
1052,300,94,85,121,28.3333,40.3333
1053,300,95,82,123,27.3333,41.0000
1054,298,89,81,128,27.1812,42.9530
1055,301,93,76,132,25.2492,43.8538
1056,301,93,73,135,24.2525,44.8505
1057,301,92,73,136,24.2525,45.1827
1058,301,90,71,140,23.5880,46.5116
1059,300,91,71,138,23.6667,46.0000
1060,298,92,68,138,22.8188,46.3087
1061,296,95,66,135,22.2973,45.6081
1062,297,98,64,135,21.5488,45.4545
1063,297,102,58,137,19.5286,46.1279
1064,299,102,61,136,20.4013,45.4849
1065,303,108,63,132,20.7921,43.5644
1066,302,108,61,133,20.1987,44.0397
1067,302,112,58,132,19.2053,43.7086
1068,302,110,56,136,18.5430,45.0331
1069,301,111,54,136,17.9402,45.1827
1070,301,110,53,138,17.6080,45.8472
1071,300,111,50,139,16.6667,46.3333
1072,300,107,49,144,16.3333,48.0000
1073,298,105,50,143,16.7785,47.9866
1074,300,109,48,143,16.0000,47.6667
1075,299,109,44,146,14.7157,48.8294
1076,303,112,46,145,15.1815,47.8548
1077,303,112,45,146,14.8515,48.1848
1078,303,109,50,144,16.5017,47.5248
1079,303,113,49,141,16.1716,46.5347
1080,303,113,51,139,16.8317,45.8746
1081,302,112,54,136,17.8808,45.0331
1082,302,112,53,137,17.5497,45.3642
1083,302,111,55,136,18.2119,45.0331
1084,300,107,57,136,19.0000,45.3333
1085,299,108,54,137,18.0602,45.8194
1086,299,106,54,139,18.0602,46.4883
1087,302,111,52,139,17.2185,46.0265
1088,301,112,52,137,17.2757,45.5150
1089,299,114,51,134,17.0569,44.8161
1090,300,115,53,132,17.6667,44.0000
1091,298,117,53,128,17.7852,42.9530
1092,299,117,55,127,18.3946,42.4749
1093,301,120,54,127,17.9402,42.1927
1094,300,121,52,127,17.3333,42.3333
1095,300,117,56,127,18.6667,42.3333
1096,300,119,56,125,18.6667,41.6667
1097,300,123,55,122,18.3333,40.6667
1098,300,122,55,123,18.3333,41.0000
1099,300,120,55,125,18.3333,41.6667
1100,298,116,58,124,19.4631,41.6107
1101,298,114,56,128,18.7919,42.9530
1102,298,110,59,129,19.7987,43.2886
1103,298,110,59,129,19.7987,43.2886
1104,299,112,54,133,18.0602,44.4816
1105,306,124,53,129,17.3203,42.1569
1106,305,128,52,125,17.0492,40.9836
1107,304,132,53,119,17.4342,39.1447
1108,303,132,56,115,18.4818,37.9538
1109,303,133,57,113,18.8119,37.2937
1110,303,134,57,112,18.8119,36.9637
1111,300,131,58,111,19.3333,37.0000
1112,300,133,58,109,19.3333,36.3333
1113,298,130,59,109,19.7987,36.5772
1114,300,129,62,109,20.6667,36.3333
1115,299,129,63,107,21.0702,35.7860
1116,304,132,63,109,20.7237,35.8553
1117,304,127,67,110,22.0395,36.1842
1118,304,124,73,107,24.0132,35.1974
1119,302,123,72,107,23.8411,35.4305
1120,302,122,78,102,25.8278,33.7748
1121,301,114,80,107,26.5781,35.5482
1122,298,115,79,104,26.5101,34.8993
1123,297,115,77,105,25.9259,35.3535
1124,299,118,78,103,26.0870,34.4482
1125,301,119,80,102,26.5781,33.8870
1126,301,120,81,100,26.9103,33.2226
1127,300,121,82,97,27.3333,32.3333
1128,299,114,87,98,29.0970,32.7759
1129,301,116,88,97,29.2359,32.2259
1130,300,110,93,97,31.0000,32.3333
1131,299,110,92,97,30.7692,32.4415
1132,300,108,94,98,31.3333,32.6667
1133,300,102,100,98,33.3333,32.6667
1134,300,102,96,102,32.0000,34.0000
1135,299,101,92,106,30.7692,35.4515
1136,300,95,98,107,32.6667,35.6667
1137,300,95,97,108,32.3333,36.0000
1138,297,89,97,111,32.6599,37.3737
1139,297,88,98,111,32.9966,37.3737
1140,297,88,93,116,31.3131,39.0572
1141,299,89,89,121,29.7659,40.4682
1142,299,87,86,126,28.7625,42.1405
1143,303,90,86,127,28.3828,41.9142
1144,302,89,86,127,28.4768,42.0530
1145,301,89,86,126,28.5714,41.8605
1146,301,89,86,126,28.5714,41.8605
1147,300,86,85,129,28.3333,43.0000
1148,299,83,84,132,28.0936,44.1472
1149,300,87,81,132,27.0000,44.0000
1150,300,87,81,132,27.0000,44.0000
1151,297,87,75,135,25.2525,45.4545
1152,298,87,75,136,25.1678,45.6376
1153,295,88,72,135,24.4068,45.7627
1154,297,90,71,136,23.9057,45.7912
1155,296,91,71,134,23.9865,45.2703
1156,297,97,66,134,22.2222,45.1178
1157,300,96,67,137,22.3333,45.6667
1158,297,94,66,137,22.2222,46.1279
1159,301,98,62,141,20.5980,46.8439
1160,300,91,66,143,22.0000,47.6667
1161,299,90,65,144,21.7391,48.1605
1162,302,92,68,142,22.5166,47.0199
1163,300,90,66,144,22.0000,48.0000
1164,299,90,64,145,21.4047,48.4950
1165,301,91,67,143,22.2591,47.5083
1166,299,87,69,143,23.0769,47.8261
1167,298,86,68,144,22.8188,48.3221
1168,303,94,66,143,21.7822,47.1947
1169,303,92,67,144,22.1122,47.5248
1170,303,90,68,145,22.4422,47.8548
1171,303,89,69,145,22.7723,47.8548
1172,303,89,67,147,22.1122,48.5149
1173,302,91,69,142,22.8477,47.0199
1174,301,87,69,145,22.9236,48.1728
1175,301,89,68,144,22.5914,47.8405
1176,300,90,68,142,22.6667,47.3333
1177,297,81,73,143,24.5791,48.1481
1178,302,82,74,146,24.5033,48.3444
1179,300,83,71,146,23.6667,48.6667
1180,299,82,70,147,23.4114,49.1639
1181,301,84,68,149,22.5914,49.5017
1182,301,85,68,148,22.5914,49.1694
1183,296,88,63,145,21.2838,48.9865
1184,299,92,63,144,21.0702,48.1605
1185,300,91,62,147,20.6667,49.0000
1186,299,96,60,143,20.0669,47.8261
1187,299,99,57,143,19.0635,47.8261
1188,300,101,58,141,19.3333,47.0000
1189,299,103,55,141,18.3946,47.1572
1190,303,111,56,136,18.4818,44.8845
1191,302,108,57,137,18.8742,45.3642
1192,301,108,59,134,19.6013,44.5183
1193,301,106,67,128,22.2591,42.5249
1194,301,107,65,129,21.5947,42.8571
1195,299,105,64,130,21.4047,43.4783
1196,300,100,71,129,23.6667,43.0000
1197,299,99,67,133,22.4080,44.4816
1198,299,102,62,135,20.7358,45.1505
1199,302,108,60,134,19.8675,44.3709
1200,301,111,60,130,19.9336,43.1894
1201,301,108,64,129,21.2625,42.8571
1202,299,107,65,127,21.7391,42.4749
1203,302,110,71,121,23.5099,40.0662
1204,300,109,72,119,24.0000,39.6667
1205,300,112,71,117,23.6667,39.0000
1206,299,113,70,116,23.4114,38.7960
1207,301,110,75,116,24.9169,38.5382
1208,300,108,80,112,26.6667,37.3333
1209,299,104,84,111,28.0936,37.1237
1210,303,102,90,111,29.7030,36.6337
1211,302,99,93,110,30.7947,36.4238
1212,300,97,93,110,31.0000,36.6667
1213,299,98,90,111,30.1003,37.1237
1214,297,97,84,116,28.2828,39.0572
1215,297,98,81,118,27.2727,39.7306
1216,298,102,76,120,25.5034,40.2685
1217,295,99,75,121,25.4237,41.0169
1218,299,103,75,121,25.0836,40.4682
1219,300,101,80,119,26.6667,39.6667
1220,300,100,83,117,27.6667,39.0000
1221,298,98,83,117,27.8523,39.2617
1222,301,98,84,119,27.9070,39.5349
1223,301,100,83,118,27.5748,39.2027
1224,300,101,76,123,25.3333,41.0000
1225,300,100,77,123,25.6667,41.0000
1226,300,98,82,120,27.3333,40.0000
1227,297,98,80,119,26.9360,40.0673
1228,300,97,82,121,27.3333,40.3333
1229,293,95,77,121,26.2799,41.2969
1230,293,97,74,122,25.2560,41.6382
1231,297,102,67,128,22.5589,43.0976
1232,295,102,66,127,22.3729,43.0508
1233,296,103,66,127,22.2973,42.9054
1234,297,101,68,128,22.8956,43.0976
1235,300,101,68,131,22.6667,43.6667
1236,299,100,69,130,23.0769,43.4783
1237,300,104,68,128,22.6667,42.6667
1238,300,103,71,126,23.6667,42.0000
1239,300,106,69,125,23.0000,41.6667
1240,298,103,65,130,21.8121,43.6242
1241,301,110,63,128,20.9302,42.5249
1242,300,106,61,133,20.3333,44.3333
1243,300,106,64,130,21.3333,43.3333
1244,300,105,64,131,21.3333,43.6667
1245,299,104,64,131,21.4047,43.8127
1246,299,106,65,128,21.7391,42.8094
1247,303,111,63,129,20.7921,42.5743
1248,300,111,58,131,19.3333,43.6667
1249,299,115,57,127,19.0635,42.4749
1250,300,119,55,126,18.3333,42.0000
1251,300,118,54,128,18.0000,42.6667
1252,300,117,55,128,18.3333,42.6667
1253,300,114,55,131,18.3333,43.6667
1254,300,111,55,134,18.3333,44.6667
1255,299,106,59,134,19.7324,44.8161
1256,300,106,58,136,19.3333,45.3333
1257,299,104,60,135,20.0669,45.1505
1258,300,98,65,137,21.6667,45.6667
1259,299,97,64,138,21.4047,46.1538
1260,298,96,63,139,21.1409,46.6443
1261,301,103,62,136,20.5980,45.1827
1262,301,99,65,137,21.5947,45.5150
1263,299,98,64,137,21.4047,45.8194
1264,302,98,67,137,22.1854,45.3642
1265,301,99,67,135,22.2591,44.8505
1266,300,104,65,131,21.6667,43.6667
1267,297,105,65,127,21.8855,42.7609
1268,301,109,67,125,22.2591,41.5282
1269,301,108,70,123,23.2558,40.8638
1270,301,107,70,124,23.2558,41.1960
1271,299,105,68,126,22.7425,42.1405
1272,302,105,71,126,23.5099,41.7219
1273,300,105,68,127,22.6667,42.3333
1274,300,103,71,126,23.6667,42.0000
1275,297,104,67,126,22.5589,42.4242
1276,297,109,68,120,22.8956,40.4040
1277,298,110,66,122,22.1477,40.9396
1278,300,115,58,127,19.3333,42.3333
1279,299,114,58,127,19.3980,42.4749
1280,301,117,60,124,19.9336,41.1960
1281,301,112,65,124,21.5947,41.1960
1282,299,110,69,120,23.0769,40.1338
1283,299,113,68,118,22.7425,39.4649
1284,301,115,68,118,22.5914,39.2027
1285,300,111,71,118,23.6667,39.3333
1286,299,106,74,119,24.7492,39.7993
1287,300,108,77,115,25.6667,38.3333
1288,299,105,74,120,24.7492,40.1338
1289,299,108,71,120,23.7458,40.1338
1290,302,109,73,120,24.1722,39.7351
1291,301,110,72,119,23.9203,39.5349
1292,300,114,72,114,24.0000,38.0000
1293,299,113,73,113,24.4147,37.7926
1294,301,119,71,111,23.5880,36.8771
1295,300,117,69,114,23.0000,38.0000
1296,300,119,67,114,22.3333,38.0000
1297,300,116,68,116,22.6667,38.6667
1298,300,115,72,113,24.0000,37.6667
1299,300,118,73,109,24.3333,36.3333
1300,298,115,74,109,24.8322,36.5772
1301,299,110,78,111,26.0870,37.1237
1302,297,110,75,112,25.2525,37.7104
1303,297,111,74,112,24.9158,37.7104
1304,298,107,77,114,25.8389,38.2550
1305,304,116,75,113,24.6711,37.1711
1306,304,116,73,115,24.0132,37.8289
1307,303,111,73,119,24.0924,39.2739
1308,300,107,76,117,25.3333,39.0000
1309,300,103,78,119,26.0000,39.6667
1310,299,104,79,116,26.4214,38.7960
1311,298,105,78,115,26.1745,38.5906
1312,300,107,78,115,26.0000,38.3333
1313,300,105,77,118,25.6667,39.3333
1314,300,104,76,120,25.3333,40.0000
1315,300,105,78,117,26.0000,39.0000
1316,300,106,77,117,25.6667,39.0000
1317,300,101,81,118,27.0000,39.3333
1318,300,100,79,121,26.3333,40.3333
1319,299,100,78,121,26.0870,40.4682
1320,303,101,80,122,26.4026,40.2640
1321,302,99,74,129,24.5033,42.7152
1322,302,98,71,133,23.5099,44.0397
1323,300,99,69,132,23.0000,44.0000
1324,300,96,68,136,22.6667,45.3333
1325,299,97,65,137,21.7391,45.8194
1326,301,100,62,139,20.5980,46.1794
1327,299,99,62,138,20.7358,46.1538
1328,304,103,60,141,19.7368,46.3816
1329,303,102,55,146,18.1518,48.1848
1330,302,107,55,140,18.2119,46.3576
1331,301,108,52,141,17.2757,46.8439
1332,301,105,54,142,17.9402,47.1761
1333,300,105,53,142,17.6667,47.3333
1334,300,105,51,144,17.0000,48.0000
1335,298,109,50,139,16.7785,46.6443
1336,302,112,51,139,16.8874,46.0265
1337,302,114,50,138,16.5563,45.6954
1338,301,111,49,141,16.2791,46.8439
1339,301,108,51,142,16.9435,47.1761
1340,301,103,60,138,19.9336,45.8472
1341,299,103,56,140,18.7291,46.8227
1342,300,104,54,142,18.0000,47.3333
1343,300,103,54,143,18.0000,47.6667
1344,300,104,52,144,17.3333,48.0000
1345,298,104,49,145,16.4430,48.6577
1346,299,107,50,142,16.7224,47.4916
1347,303,109,52,142,17.1617,46.8647
1348,302,111,49,142,16.2252,47.0199
1349,302,112,49,141,16.2252,46.6887
1350,302,111,47,144,15.5629,47.6821
1351,301,103,53,145,17.6080,48.1728
1352,301,102,57,142,18.9369,47.1761
1353,298,105,54,139,18.1208,46.6443
1354,301,110,55,136,18.2724,45.1827
1355,301,108,60,133,19.9336,44.1860
1356,300,108,63,129,21.0000,43.0000
1357,300,110,62,128,20.6667,42.6667
1358,300,115,59,126,19.6667,42.0000
1359,298,114,60,124,20.1342,41.6107
1360,299,113,57,129,19.0635,43.1438
1361,300,114,55,131,18.3333,43.6667
1362,300,114,55,131,18.3333,43.6667
1363,300,113,55,132,18.3333,44.0000
1364,300,109,58,133,19.3333,44.3333
1365,300,110,60,130,20.0000,43.3333
1366,300,112,60,128,20.0000,42.6667
1367,300,106,61,133,20.3333,44.3333
1368,300,106,62,132,20.6667,44.0000
1369,300,106,63,131,21.0000,43.6667
1370,300,108,65,127,21.6667,42.3333
1371,298,108,62,128,20.8054,42.9530
1372,300,113,57,130,19.0000,43.3333
1373,300,115,60,125,20.0000,41.6667
1374,300,116,65,119,21.6667,39.6667
1375,297,113,65,119,21.8855,40.0673
1376,301,117,66,118,21.9269,39.2027
1377,300,116,69,115,23.0000,38.3333
1378,300,116,73,111,24.3333,37.0000
1379,299,111,77,111,25.7525,37.1237
1380,303,115,78,110,25.7426,36.3036
1381,301,120,77,104,25.5814,34.5515
1382,299,116,77,106,25.7525,35.4515
1383,301,119,78,104,25.9136,34.5515
1384,300,120,75,105,25.0000,35.0000
1385,300,115,78,107,26.0000,35.6667
1386,299,116,78,105,26.0870,35.1171
1387,299,114,75,110,25.0836,36.7893
1388,300,114,74,112,24.6667,37.3333
1389,300,111,78,111,26.0000,37.0000
1390,300,112,78,110,26.0000,36.6667
1391,300,108,83,109,27.6667,36.3333
1392,300,103,86,111,28.6667,37.0000
1393,300,105,84,111,28.0000,37.0000
1394,299,105,82,112,27.4247,37.4582
1395,296,102,82,112,27.7027,37.8378
1396,297,106,79,112,26.5993,37.7104
1397,300,110,77,113,25.6667,37.6667
1398,297,108,70,119,23.5690,40.0673
1399,300,112,66,122,22.0000,40.6667
1400,300,110,70,120,23.3333,40.0000
1401,298,106,71,121,23.8255,40.6040
1402,297,110,67,120,22.5589,40.4040
1403,297,110,68,119,22.8956,40.0673
1404,299,106,72,121,24.0803,40.4682
1405,301,106,73,122,24.2525,40.5316
1406,298,104,71,123,23.8255,41.2752
1407,301,104,73,124,24.2525,41.1960
1408,300,100,75,125,25.0000,41.6667
1409,299,101,69,129,23.0769,43.1438
1410,302,102,74,126,24.5033,41.7219
1411,300,103,70,127,23.3333,42.3333
1412,298,106,66,126,22.1477,42.2819
1413,296,108,67,121,22.6351,40.8784
1414,296,105,70,121,23.6486,40.8784
1415,298,106,67,125,22.4832,41.9463
1416,301,109,66,126,21.9269,41.8605
1417,301,107,68,126,22.5914,41.8605
1418,301,106,69,126,22.9236,41.8605
1419,301,109,70,122,23.2558,40.5316
1420,300,109,65,126,21.6667,42.0000
1421,299,107,63,129,21.0702,43.1438
1422,300,109,62,129,20.6667,43.0000
1423,299,109,63,127,21.0702,42.4749
1424,297,114,57,126,19.1919,42.4242
1425,303,116,58,129,19.1419,42.5743
1426,303,114,60,129,19.8020,42.5743
1427,302,111,59,132,19.5364,43.7086
1428,301,110,61,130,20.2658,43.1894
1429,300,109,61,130,20.3333,43.3333
1430,300,105,62,133,20.6667,44.3333
1431,299,106,60,133,20.0669,44.4816
1432,299,107,62,130,20.7358,43.4783
1433,301,110,62,129,20.5980,42.8571
1434,299,110,58,131,19.3980,43.8127
1435,301,114,55,132,18.2724,43.8538
1436,301,114,53,134,17.6080,44.5183
1437,299,116,51,132,17.0569,44.1472
1438,301,112,57,132,18.9369,43.8538
1439,301,117,55,129,18.2724,42.8571
1440,301,117,56,128,18.6047,42.5249
1441,301,115,59,127,19.6013,42.1927
1442,299,115,60,124,20.0669,41.4716
1443,301,111,64,126,21.2625,41.8605
1444,301,113,65,123,21.5947,40.8638
1445,299,114,64,121,21.4047,40.4682
1446,303,113,68,122,22.4422,40.2640
1447,302,110,71,121,23.5099,40.0662
1448,301,107,72,122,23.9203,40.5316
1449,301,105,73,123,24.2525,40.8638
1450,300,105,75,120,25.0000,40.0000
1451,299,107,76,116,25.4181,38.7960
1452,302,108,77,117,25.4967,38.7417
1453,302,106,79,117,26.1589,38.7417
1454,302,103,81,118,26.8212,39.0728
1455,300,99,83,118,27.6667,39.3333
1456,298,97,85,116,28.5235,38.9262
1457,299,93,91,115,30.4348,38.4615
1458,298,93,91,114,30.5369,38.2550
1459,303,95,92,116,30.3630,38.2838
1460,303,91,95,117,31.3531,38.6139
1461,303,95,94,114,31.0231,37.6238
1462,303,94,94,115,31.0231,37.9538
1463,300,94,88,118,29.3333,39.3333
1464,300,94,89,117,29.6667,39.0000
1465,300,91,90,119,30.0000,39.6667
1466,299,89,88,122,29.4314,40.8027
1467,302,97,82,123,27.1523,40.7285
1468,300,95,82,123,27.3333,41.0000
1469,299,88,84,127,28.0936,42.4749
1470,300,84,85,131,28.3333,43.6667
1471,300,81,85,134,28.3333,44.6667
1472,299,85,83,131,27.7592,43.8127
1473,302,91,81,130,26.8212,43.0464
1474,301,87,82,132,27.2425,43.8538
1475,300,83,82,135,27.3333,45.0000
1476,298,84,78,136,26.1745,45.6376
1477,299,91,73,135,24.4147,45.1505
1478,299,88,75,136,25.0836,45.4849
1479,303,98,70,135,23.1023,44.5545
1480,303,99,68,136,22.4422,44.8845
1481,303,93,72,138,23.7624,45.5446
1482,301,90,75,136,24.9169,45.1827
1483,301,89,76,136,25.2492,45.1827
1484,301,87,75,139,24.9169,46.1794
1485,300,84,75,141,25.0000,47.0000
1486,300,84,76,140,25.3333,46.6667
1487,300,84,77,139,25.6667,46.3333
1488,299,86,75,138,25.0836,46.1538
1489,299,87,71,141,23.7458,47.1572
1490,299,88,64,147,21.4047,49.1639
1491,296,86,63,147,21.2838,49.6622
1492,294,89,61,144,20.7483,48.9796
1493,295,87,63,145,21.3559,49.1525
1494,295,88,58,149,19.6610,50.5085
1495,296,88,58,150,19.5946,50.6757
1496,298,84,59,155,19.7987,52.0134
1497,299,85,60,154,20.0669,51.5050
1498,301,88,63,150,20.9302,49.8339
1499,301,86,63,152,20.9302,50.4983
1500,301,86,66,149,21.9269,49.5017
1501,300,87,63,150,21.0000,50.0000
1502,298,89,58,151,19.4631,50.6711
1503,302,89,59,154,19.5364,50.9934
1504,301,89,59,153,19.6013,50.8306
1505,300,88,58,154,19.3333,51.3333
1506,300,89,57,154,19.0000,51.3333
1507,300,87,56,157,18.6667,52.3333
1508,299,85,55,159,18.3946,53.1773
1509,301,87,56,158,18.6047,52.4917
1510,300,87,56,157,18.6667,52.3333
1511,298,88,55,155,18.4564,52.0134
1512,303,92,57,154,18.8119,50.8251
1513,302,94,56,152,18.5430,50.3311
1514,302,93,57,152,18.8742,50.3311
1515,302,95,61,146,20.1987,48.3444
1516,298,95,55,148,18.4564,49.6644
1517,300,97,57,146,19.0000,48.6667
1518,298,101,54,143,18.1208,47.9866
1519,297,106,51,140,17.1717,47.1380
1520,299,109,50,140,16.7224,46.8227
1521,302,116,48,138,15.8940,45.6954
1522,301,117,50,134,16.6113,44.5183
1523,299,118,48,133,16.0535,44.4816
1524,302,120,51,131,16.8874,43.3775
1525,301,122,49,130,16.2791,43.1894
1526,300,123,48,129,16.0000,43.0000
1527,299,120,53,126,17.7258,42.1405
1528,300,120,57,123,19.0000,41.0000
1529,299,122,56,121,18.7291,40.4682
1530,302,124,57,121,18.8742,40.0662
1531,301,124,58,119,19.2691,39.5349
1532,299,121,62,116,20.7358,38.7960
1533,301,126,61,114,20.2658,37.8738
1534,301,124,62,115,20.5980,38.2060
1535,301,123,61,117,20.2658,38.8704
1536,301,124,60,117,19.9336,38.8704
1537,301,124,60,117,19.9336,38.8704
1538,301,124,63,114,20.9302,37.8738
1539,300,123,63,114,21.0000,38.0000
1540,298,119,66,113,22.1477,37.9195
1541,298,118,71,109,23.8255,36.5772
1542,300,122,74,104,24.6667,34.6667
1543,300,121,74,105,24.6667,35.0000
1544,299,117,73,109,24.4147,36.4548
1545,303,114,79,110,26.0726,36.3036
1546,303,114,84,105,27.7228,34.6535
1547,302,111,88,103,29.1391,34.1060
1548,301,111,85,105,28.2392,34.8837
1549,300,109,83,108,27.6667,36.0000
1550,299,107,84,108,28.0936,36.1204
1551,301,109,86,106,28.5714,35.2159
1552,300,106,84,110,28.0000,36.6667
1553,299,105,86,108,28.7625,36.1204
1554,300,105,89,106,29.6667,35.3333
1555,299,104,91,104,30.4348,34.7826
1556,302,105,93,104,30.7947,34.4371
1557,302,103,93,106,30.7947,35.0993
1558,302,102,96,104,31.7881,34.4371
1559,302,101,97,104,32.1192,34.4371
1560,301,99,97,105,32.2259,34.8837
1561,298,97,90,111,30.2013,37.2483
1562,299,92,95,112,31.7726,37.4582
1563,300,92,94,114,31.3333,38.0000
1564,299,90,93,116,31.1037,38.7960
1565,297,84,94,119,31.6498,40.0673
1566,296,82,95,119,32.0946,40.2027
1567,298,83,90,125,30.2013,41.9463
1568,297,88,87,122,29.2929,41.0774
1569,299,88,87,124,29.0970,41.4716
1570,302,87,88,127,29.1391,42.0530
1571,300,85,90,125,30.0000,41.6667
1572,298,88,86,124,28.8591,41.6107
1573,298,84,88,126,29.5302,42.2819
1574,300,86,86,128,28.6667,42.6667
1575,299,81,90,128,30.1003,42.8094
1576,302,82,87,133,28.8079,44.0397
1577,301,79,86,136,28.5714,45.1827
1578,300,79,84,137,28.0000,45.6667
1579,300,78,82,140,27.3333,46.6667
1580,298,75,82,141,27.5168,47.3154
1581,300,74,85,141,28.3333,47.0000
1582,299,72,84,143,28.0936,47.8261
1583,304,76,84,144,27.6316,47.3684
1584,302,76,78,148,25.8278,49.0066
1585,302,76,74,152,24.5033,50.3311
1586,300,75,71,154,23.6667,51.3333
1587,299,79,66,154,22.0736,51.5050
1588,304,85,65,154,21.3816,50.6579
1589,302,84,66,152,21.8543,50.3311
1590,301,83,65,153,21.5947,50.8306
1591,299,84,59,156,19.7324,52.1739
1592,299,87,57,155,19.0635,51.8395
1593,300,85,59,156,19.6667,52.0000
1594,299,85,54,160,18.0602,53.5117
1595,301,91,51,159,16.9435,52.8239
1596,300,95,46,159,15.3333,53.0000
1597,300,97,42,161,14.0000,53.6667
1598,300,92,42,166,14.0000,55.3333
1599,299,91,43,165,14.3813,55.1839
1600,299,101,39,159,13.0435,53.1773
1601,300,107,35,158,11.6667,52.6667
1602,300,107,35,158,11.6667,52.6667
1603,299,103,35,161,11.7057,53.8462
1604,300,107,36,157,12.0000,52.3333
1605,300,107,38,155,12.6667,51.6667
1606,300,108,35,157,11.6667,52.3333
1607,300,111,35,154,11.6667,51.3333
1608,300,110,36,154,12.0000,51.3333
1609,299,113,34,152,11.3712,50.8361
1610,302,116,34,152,11.2583,50.3311
1611,302,118,34,150,11.2583,49.6689
1612,302,117,38,147,12.5828,48.6755
1613,301,120,38,143,12.6246,47.5083
1614,300,119,36,145,12.0000,48.3333
1615,300,122,37,141,12.3333,47.0000
1616,300,122,39,139,13.0000,46.3333
1617,300,121,44,135,14.6667,45.0000
1618,300,122,44,134,14.6667,44.6667
1619,298,126,40,132,13.4228,44.2953
1620,302,131,41,130,13.5762,43.0464
1621,301,127,46,128,15.2824,42.5249
1622,301,128,48,125,15.9468,41.5282
1623,301,128,48,125,15.9468,41.5282
1624,301,128,46,127,15.2824,42.1927
1625,300,132,42,126,14.0000,42.0000
1626,300,132,46,122,15.3333,40.6667
1627,300,132,48,120,16.0000,40.0000
1628,300,134,51,115,17.0000,38.3333
1629,299,139,48,112,16.0535,37.4582
1630,301,142,49,110,16.2791,36.5449
1631,301,145,48,108,15.9468,35.8804
1632,301,142,53,106,17.6080,35.2159
1633,298,142,49,107,16.4430,35.9060
1634,303,149,49,105,16.1716,34.6535
1635,302,146,53,103,17.5497,34.1060
1636,302,148,52,102,17.2185,33.7748
1637,302,148,56,98,18.5430,32.4503
1638,301,151,54,96,17.9402,31.8937
1639,300,154,54,92,18.0000,30.6667
1640,300,155,53,92,17.6667,30.6667
1641,298,152,54,92,18.1208,30.8725
1642,300,153,52,95,17.3333,31.6667
1643,299,154,52,93,17.3913,31.1037
1644,307,154,58,95,18.8925,30.9446
1645,307,151,62,94,20.1954,30.6189
1646,307,155,62,90,20.1954,29.3160
1647,306,152,65,89,21.2418,29.0850
1648,306,148,69,89,22.5490,29.0850
1649,306,151,68,87,22.2222,28.4314
1650,305,150,72,83,23.6066,27.2131
1651,305,141,81,83,26.5574,27.2131
1652,305,136,85,84,27.8689,27.5410
1653,304,132,88,84,28.9474,27.6316
1654,304,128,89,87,29.2763,28.6184
1655,304,123,95,86,31.2500,28.2895
1656,303,117,98,88,32.3432,29.0429
1657,303,114,99,90,32.6733,29.7030
1658,303,110,103,90,33.9934,29.7030
1659,301,102,109,90,36.2126,29.9003
1660,301,99,113,89,37.5415,29.5681
1661,300,99,112,89,37.3333,29.6667
1662,300,91,118,91,39.3333,30.3333
1663,300,83,124,93,41.3333,31.0000
1664,300,77,125,98,41.6667,32.6667
1665,299,77,121,101,40.4682,33.7793
1666,300,80,119,101,39.6667,33.6667
1667,300,73,122,105,40.6667,35.0000
1668,299,69,119,111,39.7993,37.1237
1669,299,64,120,115,40.1338,38.4615
1670,300,65,119,116,39.6667,38.6667
1671,296,66,110,120,37.1622,40.5405
1672,296,64,108,124,36.4865,41.8919
1673,296,64,105,127,35.4730,42.9054
1674,297,62,105,130,35.3535,43.7710
1675,295,66,97,132,32.8814,44.7458
1676,298,71,94,133,31.5436,44.6309
1677,301,76,89,136,29.5681,45.1827
1678,298,69,88,141,29.5302,47.3154
1679,299,69,85,145,28.4281,48.4950
1680,297,71,79,147,26.5993,49.4949
1681,298,73,77,148,25.8389,49.6644
1682,300,75,70,155,23.3333,51.6667
1683,296,76,62,158,20.9459,53.3784
1684,297,78,57,162,19.1919,54.5455
1685,299,80,58,161,19.3980,53.8462
1686,300,81,58,161,19.3333,53.6667
1687,299,82,55,162,18.3946,54.1806
1688,299,84,52,163,17.3913,54.5151
1689,297,86,46,165,15.4882,55.5556
1690,301,91,46,164,15.2824,54.4850
1691,298,90,42,166,14.0940,55.7047
1692,300,91,44,165,14.6667,55.0000
1693,300,92,42,166,14.0000,55.3333
1694,300,95,41,164,13.6667,54.6667
1695,299,96,38,165,12.7090,55.1839
1696,300,98,38,164,12.6667,54.6667
1697,299,96,39,164,13.0435,54.8495
1698,301,99,37,165,12.2924,54.8173
1699,298,99,30,169,10.0671,56.7114
1700,302,107,29,166,9.6026,54.9669
1701,302,107,31,164,10.2649,54.3046
1702,302,106,31,165,10.2649,54.6358
1703,302,105,31,166,10.2649,54.9669
1704,302,107,29,166,9.6026,54.9669
1705,302,105,32,165,10.5960,54.6358
1706,302,109,30,163,9.9338,53.9735
1707,301,113,28,160,9.3023,53.1561
1708,300,114,27,159,9.0000,53.0000
1709,299,115,27,157,9.0301,52.5084
1710,305,125,26,154,8.5246,50.4918
1711,305,123,28,154,9.1803,50.4918
1712,305,121,26,158,8.5246,51.8033
1713,304,121,28,155,9.2105,50.9868
1714,304,121,31,152,10.1974,50.0000
1715,304,122,31,151,10.1974,49.6711
1716,303,124,32,147,10.5611,48.5149
1717,302,128,32,142,10.5960,47.0199
1718,301,131,31,139,10.2990,46.1794
1719,300,133,32,135,10.6667,45.0000
1720,299,139,32,128,10.7023,42.8094
1721,302,143,35,124,11.5894,41.0596
1722,301,144,33,124,10.9635,41.1960
1723,300,151,32,117,10.6667,39.0000
1724,300,153,34,113,11.3333,37.6667
1725,300,155,31,114,10.3333,38.0000
1726,300,153,36,111,12.0000,37.0000
1727,300,155,38,107,12.6667,35.6667
1728,300,157,41,102,13.6667,34.0000
1729,300,159,44,97,14.6667,32.3333
1730,300,158,48,94,16.0000,31.3333
1731,300,161,49,90,16.3333,30.0000
1732,299,160,49,90,16.3880,30.1003
1733,301,158,56,87,18.6047,28.9037
1734,300,163,55,82,18.3333,27.3333
1735,300,162,56,82,18.6667,27.3333
1736,300,165,58,77,19.3333,25.6667
1737,299,163,59,77,19.7324,25.7525
1738,302,163,62,77,20.5298,25.4967
1739,302,158,69,75,22.8477,24.8344
1740,302,157,72,73,23.8411,24.1722
1741,300,155,74,71,24.6667,23.6667
1742,300,148,81,71,27.0000,23.6667
1743,300,142,89,69,29.6667,23.0000
1744,299,136,96,67,32.1070,22.4080
1745,300,137,96,67,32.0000,22.3333
1746,300,134,100,66,33.3333,22.0000
1747,299,131,100,68,33.4448,22.7425
1748,300,128,103,69,34.3333,23.0000
1749,299,122,108,69,36.1204,23.0769
1750,300,122,107,71,35.6667,23.6667
1751,299,118,111,70,37.1237,23.4114
1752,301,115,115,71,38.2060,23.5880
1753,300,108,117,75,39.0000,25.0000
1754,298,102,120,76,40.2685,25.5034
1755,299,96,123,80,41.1371,26.7559
1756,300,97,123,80,41.0000,26.6667
1757,299,95,123,81,41.1371,27.0903
1758,303,95,126,82,41.5842,27.0627
1759,303,93,124,86,40.9241,28.3828
1760,303,86,126,91,41.5842,30.0330
1761,303,80,131,92,43.2343,30.3630
1762,301,74,127,100,42.1927,33.2226
1763,300,70,124,106,41.3333,35.3333
1764,297,72,118,107,39.7306,36.0269
1765,298,63,122,113,40.9396,37.9195
1766,302,65,120,117,39.7351,38.7417
1767,301,64,121,116,40.1993,38.5382
1768,299,62,115,122,38.4615,40.8027
1769,301,60,115,126,38.2060,41.8605
1770,300,59,109,132,36.3333,44.0000
1771,299,58,104,137,34.7826,45.8194
1772,300,56,99,145,33.0000,48.3333
1773,300,54,94,152,31.3333,50.6667
1774,298,56,87,155,29.1946,52.0134
1775,300,57,83,160,27.6667,53.3333
1776,296,54,78,164,26.3514,55.4054
1777,297,60,74,163,24.9158,54.8822
1778,300,62,72,166,24.0000,55.3333
1779,300,59,71,170,23.6667,56.6667
1780,299,57,66,176,22.0736,58.8629
1781,300,59,63,178,21.0000,59.3333
1782,299,61,54,184,18.0602,61.5385
1783,301,62,52,187,17.2757,62.1262
1784,300,62,51,187,17.0000,62.3333
1785,297,61,43,193,14.4781,64.9832
1786,300,65,41,194,13.6667,64.6667
1787,300,69,39,192,13.0000,64.0000
1788,300,69,36,195,12.0000,65.0000
1789,298,69,33,196,11.0738,65.7718
1790,297,69,33,195,11.1111,65.6566
1791,299,68,36,195,12.0401,65.2174
1792,300,69,35,196,11.6667,65.3333
1793,300,68,34,198,11.3333,66.0000
1794,300,68,35,197,11.6667,65.6667
1795,300,68,35,197,11.6667,65.6667
1796,299,68,31,200,10.3679,66.8896
1797,301,73,30,198,9.9668,65.7807
1798,300,71,31,198,10.3333,66.0000
1799,300,74,31,195,10.3333,65.0000
1800,299,74,30,195,10.0334,65.2174
1801,302,76,30,196,9.9338,64.9007
1802,301,81,29,191,9.6346,63.4551
1803,301,85,29,187,9.6346,62.1262
1804,300,84,29,187,9.6667,62.3333
1805,300,88,28,184,9.3333,61.3333
1806,300,90,27,183,9.0000,61.0000
1807,299,92,29,178,9.6990,59.5318
1808,303,94,33,176,10.8911,58.0858
1809,303,92,38,173,12.5413,57.0957
1810,301,94,36,171,11.9601,56.8106
1811,301,98,35,168,11.6279,55.8140
1812,301,100,37,164,12.2924,54.4850
1813,301,99,36,166,11.9601,55.1495
1814,300,105,37,158,12.3333,52.6667
1815,300,110,38,152,12.6667,50.6667
1816,300,111,42,147,14.0000,49.0000
1817,300,113,46,141,15.3333,47.0000
1818,300,116,46,138,15.3333,46.0000
1819,299,117,43,139,14.3813,46.4883
1820,302,125,41,136,13.5762,45.0331
1821,302,127,43,132,14.2384,43.7086
1822,302,131,44,127,14.5695,42.0530
1823,302,136,44,122,14.5695,40.3974
1824,300,143,42,115,14.0000,38.3333
1825,300,145,47,108,15.6667,36.0000
1826,300,146,51,103,17.0000,34.3333
1827,300,148,53,99,17.6667,33.0000
1828,299,150,50,99,16.7224,33.1104
1829,302,153,49,100,16.2252,33.1126
1830,301,151,53,97,17.6080,32.2259
1831,301,152,55,94,18.2724,31.2292
1832,299,155,54,90,18.0602,30.1003
1833,305,161,57,87,18.6885,28.5246
1834,303,163,59,81,19.4719,26.7327
1835,302,165,58,79,19.2053,26.1589
1836,302,161,63,78,20.8609,25.8278
1837,301,158,66,77,21.9269,25.5814
1838,300,157,69,74,23.0000,24.6667
1839,300,155,73,72,24.3333,24.0000
1840,300,154,76,70,25.3333,23.3333
1841,300,152,78,70,26.0000,23.3333
1842,299,142,86,71,28.7625,23.7458
1843,299,137,91,71,30.4348,23.7458
1844,299,132,98,69,32.7759,23.0769
1845,300,134,99,67,33.0000,22.3333
1846,299,122,107,70,35.7860,23.4114
1847,303,120,107,76,35.3135,25.0825
1848,303,114,114,75,37.6238,24.7525
1849,303,111,115,77,37.9538,25.4125
1850,301,105,115,81,38.2060,26.9103
1851,298,99,120,79,40.2685,26.5101
1852,302,101,122,79,40.3974,26.1589
1853,301,97,125,79,41.5282,26.2458
1854,298,92,123,83,41.2752,27.8523
1855,300,91,124,85,41.3333,28.3333
1856,298,84,128,86,42.9530,28.8591
1857,300,83,129,88,43.0000,29.3333
1858,299,82,122,95,40.8027,31.7726
1859,300,83,120,97,40.0000,32.3333
1860,299,76,121,102,40.4682,34.1137
1861,300,71,124,105,41.3333,35.0000
1862,299,65,125,109,41.8060,36.4548
1863,299,65,118,116,39.4649,38.7960
1864,297,62,118,117,39.7306,39.3939
1865,297,63,116,118,39.0572,39.7306
1866,295,59,112,124,37.9661,42.0339
1867,294,52,113,129,38.4354,43.8776
1868,296,51,108,137,36.4865,46.2838
1869,298,50,106,142,35.5705,47.6510
1870,299,51,104,144,34.7826,48.1605
1871,295,51,96,148,32.5424,50.1695
1872,295,53,94,148,31.8644,50.1695
1873,295,51,93,151,31.5254,51.1864
1874,295,53,89,153,30.1695,51.8644
1875,298,55,88,155,29.5302,52.0134
1876,300,56,81,163,27.0000,54.3333
1877,297,54,78,165,26.2626,55.5556
1878,296,54,74,168,25.0000,56.7568
1879,296,58,70,168,23.6486,56.7568
1880,298,61,70,167,23.4899,56.0403
1881,297,65,63,169,21.2121,56.9024
1882,301,68,61,172,20.2658,57.1429
1883,297,62,60,175,20.2020,58.9226
1884,300,66,58,176,19.3333,58.6667
1885,299,66,54,179,18.0602,59.8662
1886,303,72,51,180,16.8317,59.4059
1887,300,71,45,184,15.0000,61.3333
1888,298,71,43,184,14.4295,61.7450
1889,301,77,41,183,13.6213,60.7973
1890,300,76,39,185,13.0000,61.6667
1891,300,76,38,186,12.6667,62.0000
1892,299,74,37,188,12.3746,62.8763
1893,299,78,34,187,11.3712,62.5418
1894,302,82,32,188,10.5960,62.2517
1895,302,81,33,188,10.9272,62.2517
1896,302,79,34,189,11.2583,62.5828
1897,302,78,35,189,11.5894,62.5828
1898,302,81,33,188,10.9272,62.2517
1899,302,86,34,182,11.2583,60.2649
1900,301,85,34,182,11.2957,60.4651
1901,301,87,32,182,10.6312,60.4651
1902,301,92,32,177,10.6312,58.8040
1903,301,90,28,183,9.3023,60.7973
1904,301,91,27,183,8.9701,60.7973
1905,300,92,26,182,8.6667,60.6667
1906,300,93,29,178,9.6667,59.3333
1907,300,94,30,176,10.0000,58.6667
1908,300,94,30,176,10.0000,58.6667
1909,299,96,29,174,9.6990,58.1940
1910,301,108,28,165,9.3023,54.8173
1911,301,107,30,164,9.9668,54.4850
1912,301,112,30,159,9.9668,52.8239
1913,299,113,29,157,9.6990,52.5084
1914,303,122,29,152,9.5710,50.1650
1915,303,130,30,143,9.9010,47.1947
1916,301,133,27,141,8.9701,46.8439
1917,300,138,25,137,8.3333,45.6667
1918,298,144,24,130,8.0537,43.6242
1919,302,149,28,125,9.2715,41.3907
1920,302,155,29,118,9.6026,39.0728
1921,300,158,28,114,9.3333,38.0000
1922,300,160,29,111,9.6667,37.0000
1923,299,163,31,105,10.3679,35.1171
1924,299,166,31,102,10.3679,34.1137
1925,302,168,35,99,11.5894,32.7815
1926,302,170,34,98,11.2583,32.4503
1927,301,170,34,97,11.2957,32.2259
1928,299,178,32,89,10.7023,29.7659
1929,301,177,37,87,12.2924,28.9037
1930,301,178,38,85,12.6246,28.2392
1931,299,177,38,84,12.7090,28.0936
1932,301,178,41,82,13.6213,27.2425
1933,301,181,42,78,13.9535,25.9136
1934,301,180,47,74,15.6146,24.5847
1935,300,181,49,70,16.3333,23.3333
1936,300,177,56,67,18.6667,22.3333
1937,300,175,61,64,20.3333,21.3333
1938,300,175,63,62,21.0000,20.6667
1939,300,171,71,58,23.6667,19.3333
1940,299,164,76,59,25.4181,19.7324
1941,302,155,91,56,30.1325,18.5430
1942,300,153,94,53,31.3333,17.6667
1943,299,141,105,53,35.1171,17.7258
1944,300,131,115,54,38.3333,18.0000
1945,299,129,115,55,38.4615,18.3946
1946,300,121,125,54,41.6667,18.0000
1947,300,109,136,55,45.3333,18.3333
1948,300,100,145,55,48.3333,18.3333
1949,299,95,147,57,49.1639,19.0635
1950,298,90,153,55,51.3423,18.4564
1951,300,83,160,57,53.3333,19.0000
1952,298,74,167,57,56.0403,19.1275
1953,297,67,173,57,58.2492,19.1919
1954,296,62,175,59,59.1216,19.9324
1955,295,61,177,57,60.0000,19.3220
1956,297,65,175,57,58.9226,19.1919
1957,298,61,176,61,59.0604,20.4698
1958,297,56,176,65,59.2593,21.8855
1959,294,51,176,67,59.8639,22.7891
1960,294,52,171,71,58.1633,24.1497
1961,295,50,162,83,54.9153,28.1356
1962,295,48,158,89,53.5593,30.1695
1963,297,48,155,94,52.1886,31.6498
1964,292,49,139,104,47.6027,35.6164
1965,294,51,133,110,45.2381,37.4150
1966,291,51,125,115,42.9553,39.5189
1967,291,49,118,124,40.5498,42.6117
1968,289,49,111,129,38.4083,44.6367
1969,290,49,103,138,35.5172,47.5862
1970,291,48,96,147,32.9897,50.5155
1971,290,48,89,153,30.6897,52.7586
1972,290,48,85,157,29.3103,54.1379
1973,289,49,74,166,25.6055,57.4394
1974,287,49,68,170,23.6934,59.2334
1975,292,53,65,174,22.2603,59.5890
1976,294,52,64,178,21.7687,60.5442
1977,295,55,61,179,20.6780,60.6780
1978,291,56,54,181,18.5567,62.1993
1979,291,57,49,185,16.8385,63.5739
1980,290,57,47,186,16.2069,64.1379
1981,291,59,41,191,14.0893,65.6357
1982,293,61,41,191,13.9932,65.1877
1983,295,65,35,195,11.8644,66.1017
1984,295,67,34,194,11.5254,65.7627
1985,297,70,32,195,10.7744,65.6566
1986,300,73,32,195,10.6667,65.0000
1987,300,71,32,197,10.6667,65.6667
1988,300,71,29,200,9.6667,66.6667
1989,300,71,26,203,8.6667,67.6667
1990,300,72,23,205,7.6667,68.3333
1991,300,74,21,205,7.0000,68.3333
1992,300,76,17,207,5.6667,69.0000
1993,300,75,19,206,6.3333,68.6667
1994,299,75,16,208,5.3512,69.5652
1995,303,80,16,207,5.2805,68.3168
1996,302,83,13,206,4.3046,68.2119
1997,302,86,11,205,3.6424,67.8808
1998,302,85,13,204,4.3046,67.5497
1999,301,84,14,203,4.6512,67.4419
2000,299,86,12,201,4.0134,67.2241
2001,302,92,13,197,4.3046,65.2318
2002,302,92,11,199,3.6424,65.8940
2003,302,94,11,197,3.6424,65.2318
2004,302,94,13,195,4.3046,64.5695
2005,302,95,14,193,4.6358,63.9073
2006,302,95,15,192,4.9669,63.5762
2007,302,99,14,189,4.6358,62.5828
2008,302,102,13,187,4.3046,61.9205
2009,302,106,13,183,4.3046,60.5960
2010,302,108,15,179,4.9669,59.2715
2011,302,109,16,177,5.2980,58.6093
2012,302,116,16,170,5.2980,56.2914
2013,302,128,15,159,4.9669,52.6490
2014,302,132,17,153,5.6291,50.6623
2015,302,137,18,147,5.9603,48.6755
2016,302,145,20,137,6.6225,45.3642
2017,302,151,20,131,6.6225,43.3775
2018,302,155,21,126,6.9536,41.7219
2019,302,164,17,121,5.6291,40.0662
2020,302,170,17,115,5.6291,38.0795
2021,302,176,21,105,6.9536,34.7682
2022,302,183,22,97,7.2848,32.1192
2023,302,186,25,91,8.2781,30.1325
2024,302,189,27,86,8.9404,28.4768
2025,301,197,26,78,8.6379,25.9136
2026,301,200,27,74,8.9701,24.5847
2027,301,202,27,72,8.9701,23.9203
2028,301,205,29,67,9.6346,22.2591
2029,301,202,33,66,10.9635,21.9269
2030,301,204,34,63,11.2957,20.9302
2031,301,205,37,59,12.2924,19.6013
2032,300,200,43,57,14.3333,19.0000
2033,300,205,42,53,14.0000,17.6667
2034,300,204,44,52,14.6667,17.3333
2035,300,203,48,49,16.0000,16.3333
2036,298,197,52,49,17.4497,16.4430
2037,302,201,53,48,17.5497,15.8940
2038,301,197,56,48,18.6047,15.9468
2039,301,193,62,46,20.5980,15.2824
2040,301,186,72,43,23.9203,14.2857
2041,301,183,77,41,25.5814,13.6213
2042,301,178,82,41,27.2425,13.6213
2043,299,174,84,41,28.0936,13.7124
2044,299,176,85,38,28.4281,12.7090
2045,302,172,92,38,30.4636,12.5828
2046,301,173,91,37,30.2326,12.2924
2047,301,166,96,39,31.8937,12.9568
2048,301,165,98,38,32.5581,12.6246
2049,300,160,103,37,34.3333,12.3333
2050,299,155,105,39,35.1171,13.0435
2051,298,149,106,43,35.5705,14.4295
2052,297,144,107,46,36.0269,15.4882
2053,298,140,110,48,36.9128,16.1074
2054,298,137,113,48,37.9195,16.1074
2055,297,131,116,50,39.0572,16.8350
2056,295,126,116,53,39.3220,17.9661
2057,292,124,112,56,38.3562,19.1781
2058,293,122,116,55,39.5904,18.7713
2059,291,120,111,60,38.1443,20.6186
2060,291,117,111,63,38.1443,21.6495
2061,288,112,108,68,37.5000,23.6111
2062,289,109,104,76,35.9862,26.2976
2063,289,104,105,80,36.3322,27.6817
2064,291,103,102,86,35.0515,29.5533
2065,290,102,101,87,34.8276,30.0000
2066,291,100,103,88,35.3952,30.2405
2067,292,101,98,93,33.5616,31.8493
2068,291,97,98,96,33.6770,32.9897
2069,291,92,101,98,34.7079,33.6770
2070,292,89,99,104,33.9041,35.6164
2071,291,91,96,104,32.9897,35.7388
2072,292,92,94,106,32.1918,36.3014
2073,292,81,97,114,33.2192,39.0411
2074,293,77,101,115,34.4710,39.2491
2075,292,69,106,117,36.3014,40.0685
2076,290,64,102,124,35.1724,42.7586
2077,290,65,101,124,34.8276,42.7586
2078,293,67,99,127,33.7884,43.3447
2079,293,66,99,128,33.7884,43.6860
2080,293,65,95,133,32.4232,45.3925
2081,293,60,96,137,32.7645,46.7577
2082,294,58,94,142,31.9728,48.2993
2083,297,56,95,146,31.9865,49.1582
2084,298,55,95,148,31.8792,49.6644
2085,298,55,92,151,30.8725,50.6711
2086,297,55,86,156,28.9562,52.5253
2087,299,57,87,155,29.0970,51.8395
2088,299,55,88,156,29.4314,52.1739
2089,300,58,83,159,27.6667,53.0000
2090,300,55,81,164,27.0000,54.6667
2091,299,50,82,167,27.4247,55.8528
2092,300,52,79,169,26.3333,56.3333
2093,299,51,73,175,24.4147,58.5284
2094,298,54,68,176,22.8188,59.0604
2095,297,57,59,181,19.8653,60.9428
2096,296,60,50,186,16.8919,62.8378
2097,299,61,51,187,17.0569,62.5418
2098,301,61,53,187,17.6080,62.1262
2099,300,62,50,188,16.6667,62.6667
2100,298,59,52,187,17.4497,62.7517
2101,299,62,46,191,15.3846,63.8796
2102,298,64,44,190,14.7651,63.7584
2103,297,67,41,189,13.8047,63.6364
2104,299,69,41,189,13.7124,63.2107
2105,299,69,41,189,13.7124,63.2107
2106,302,73,42,187,13.9073,61.9205
2107,301,74,42,185,13.9535,61.4618
2108,301,75,42,184,13.9535,61.1296
2109,299,78,39,182,13.0435,60.8696
2110,300,79,37,184,12.3333,61.3333
2111,299,83,36,180,12.0401,60.2007
2112,302,88,34,180,11.2583,59.6026
2113,302,92,35,175,11.5894,57.9470
2114,302,100,32,170,10.5960,56.2914
2115,302,103,33,166,10.9272,54.9669
2116,301,107,34,160,11.2957,53.1561
2117,301,108,36,157,11.9601,52.1595
2118,300,109,32,159,10.6667,53.0000
2119,300,114,30,156,10.0000,52.0000
2120,300,112,33,155,11.0000,51.6667
2121,299,115,30,154,10.0334,51.5050
2122,299,116,35,148,11.7057,49.4983
2123,301,118,38,145,12.6246,48.1728
2124,300,117,36,147,12.0000,49.0000
2125,300,124,35,141,11.6667,47.0000
2126,299,126,33,140,11.0368,46.8227
2127,300,125,36,139,12.0000,46.3333
2128,300,131,36,133,12.0000,44.3333
2129,300,130,37,133,12.3333,44.3333
2130,300,130,40,130,13.3333,43.3333
2131,300,129,41,130,13.6667,43.3333
2132,300,128,46,126,15.3333,42.0000
2133,300,130,46,124,15.3333,41.3333
2134,300,132,50,118,16.6667,39.3333
2135,300,134,52,114,17.3333,38.0000
2136,300,133,55,112,18.3333,37.3333
2137,298,133,56,109,18.7919,36.5772
2138,302,137,60,105,19.8675,34.7682
2139,302,135,63,104,20.8609,34.4371
2140,302,132,65,105,21.5232,34.7682
2141,301,132,67,102,22.2591,33.8870
2142,301,132,72,97,23.9203,32.2259
2143,299,128,73,98,24.4147,32.7759
2144,302,123,80,99,26.4901,32.7815
2145,301,124,83,94,27.5748,31.2292
2146,300,120,90,90,30.0000,30.0000
2147,300,121,95,84,31.6667,28.0000
2148,298,118,100,80,33.5570,26.8456
2149,300,117,102,81,34.0000,27.0000
2150,300,116,101,83,33.6667,27.6667
2151,299,118,98,83,32.7759,27.7592
2152,301,112,105,84,34.8837,27.9070
2153,298,108,109,81,36.5772,27.1812
2154,301,102,116,83,38.5382,27.5748
2155,298,104,112,82,37.5839,27.5168
2156,299,103,114,82,38.1271,27.4247
2157,300,103,114,83,38.0000,27.6667
2158,299,96,118,85,39.4649,28.4281
2159,301,95,117,89,38.8704,29.5681
2160,301,89,123,89,40.8638,29.5681
2161,300,83,124,93,41.3333,31.0000
2162,299,82,122,95,40.8027,31.7726
2163,298,79,122,97,40.9396,32.5503
2164,295,77,120,98,40.6780,33.2203
2165,296,78,117,101,39.5270,34.1216
2166,293,80,109,104,37.2014,35.4949
2167,295,74,114,107,38.6441,36.2712
2168,298,73,109,116,36.5772,38.9262
2169,298,69,109,120,36.5772,40.2685
2170,300,73,108,119,36.0000,39.6667
2171,300,75,106,119,35.3333,39.6667
2172,299,74,106,119,35.4515,39.7993
2173,299,70,100,129,33.4448,43.1438
2174,298,68,96,134,32.2148,44.9664
2175,303,70,95,138,31.3531,45.5446
2176,302,70,94,138,31.1258,45.6954
2177,302,68,95,139,31.4570,46.0265
2178,300,69,88,143,29.3333,47.6667
2179,300,66,89,145,29.6667,48.3333
2180,299,62,88,149,29.4314,49.8328
2181,300,65,81,154,27.0000,51.3333
2182,300,64,79,157,26.3333,52.3333
2183,298,64,77,157,25.8389,52.6846
2184,300,64,76,160,25.3333,53.3333
2185,298,64,70,164,23.4899,55.0336
2186,301,65,71,165,23.5880,54.8173
2187,297,66,63,168,21.2121,56.5657
2188,296,67,59,170,19.9324,57.4324
2189,296,67,57,172,19.2568,58.1081
2190,299,68,57,174,19.0635,58.1940
2191,302,70,57,175,18.8742,57.9470
2192,302,69,58,175,19.2053,57.9470
2193,301,71,53,177,17.6080,58.8040
2194,299,70,48,181,16.0535,60.5351
2195,299,72,50,177,16.7224,59.1973
2196,301,76,46,179,15.2824,59.4684
2197,301,77,45,179,14.9502,59.4684
2198,300,77,41,182,13.6667,60.6667
2199,299,77,41,181,13.7124,60.5351
2200,301,83,35,183,11.6279,60.7973
2201,300,85,32,183,10.6667,61.0000
2202,300,88,30,182,10.0000,60.6667
2203,299,90,29,180,9.6990,60.2007
2204,303,97,26,180,8.5809,59.4059
2205,302,99,23,180,7.6159,59.6026
2206,302,102,22,178,7.2848,58.9404
2207,302,102,22,178,7.2848,58.9404
2208,302,104,23,175,7.6159,57.9470
2209,302,106,21,175,6.9536,57.9470
2210,302,106,21,175,6.9536,57.9470
2211,301,109,19,173,6.3123,57.4751
2212,301,111,17,173,5.6478,57.4751
2213,300,113,19,168,6.3333,56.0000
2214,299,117,18,164,6.0201,54.8495
2215,302,124,17,161,5.6291,53.3113
2216,299,127,16,156,5.3512,52.1739
2217,301,130,18,153,5.9801,50.8306
2218,301,135,18,148,5.9801,49.1694
2219,301,135,21,145,6.9767,48.1728
2220,301,143,21,137,6.9767,45.5150
2221,301,146,22,133,7.3090,44.1860
2222,301,144,26,131,8.6379,43.5216
2223,301,145,27,129,8.9701,42.8571
2224,301,146,26,129,8.6379,42.8571
2225,301,155,29,117,9.6346,38.8704
2226,301,154,35,112,11.6279,37.2093
2227,300,153,40,107,13.3333,35.6667
2228,300,156,40,104,13.3333,34.6667
2229,300,154,43,103,14.3333,34.3333
2230,300,156,46,98,15.3333,32.6667
2231,299,157,46,96,15.3846,32.1070
2232,300,161,48,91,16.0000,30.3333
2233,300,167,47,86,15.6667,28.6667
2234,300,167,49,84,16.3333,28.0000
2235,300,166,53,81,17.6667,27.0000
2236,300,168,54,78,18.0000,26.0000
2237,300,171,55,74,18.3333,24.6667
2238,299,168,57,74,19.0635,24.7492
2239,300,170,59,71,19.6667,23.6667
2240,300,162,66,72,22.0000,24.0000
2241,300,159,72,69,24.0000,23.0000
2242,299,155,75,69,25.0836,23.0769
2243,301,155,77,69,25.5814,22.9236
2244,300,154,78,68,26.0000,22.6667
2245,300,151,84,65,28.0000,21.6667
2246,300,154,81,65,27.0000,21.6667
2247,299,147,82,70,27.4247,23.4114
2248,300,148,82,70,27.3333,23.3333
2249,298,142,86,70,28.8591,23.4899
2250,302,144,88,70,29.1391,23.1788
2251,302,133,97,72,32.1192,23.8411
2252,302,129,103,70,34.1060,23.1788
2253,301,122,109,70,36.2126,23.2558
2254,300,117,115,68,38.3333,22.6667
2255,299,108,121,70,40.4682,23.4114
2256,300,107,123,70,41.0000,23.3333
2257,300,103,127,70,42.3333,23.3333
2258,300,100,128,72,42.6667,24.0000
2259,300,94,133,73,44.3333,24.3333
2260,299,87,132,80,44.1472,26.7559
2261,299,92,126,81,42.1405,27.0903
2262,301,96,121,84,40.1993,27.9070
2263,300,92,123,85,41.0000,28.3333
2264,299,87,126,86,42.1405,28.7625
2265,297,85,126,86,42.4242,28.9562
2266,298,82,128,88,42.9530,29.5302
2267,298,81,127,90,42.6174,30.2013
2268,298,78,126,94,42.2819,31.5436
2269,299,76,125,98,41.8060,32.7759
2270,297,74,123,100,41.4141,33.6700
2271,296,72,118,106,39.8649,35.8108
2272,298,74,107,117,35.9060,39.2617
2273,298,73,100,125,33.5570,41.9463
2274,299,71,97,131,32.4415,43.8127
2275,301,70,92,139,30.5648,46.1794
2276,301,67,93,141,30.8970,46.8439
2277,301,63,90,148,29.9003,49.1694
2278,299,60,88,151,29.4314,50.5017
2279,301,61,84,156,27.9070,51.8272
2280,300,59,79,162,26.3333,54.0000
2281,300,59,77,164,25.6667,54.6667
2282,298,58,75,165,25.1678,55.3691
2283,298,58,71,169,23.8255,56.7114
2284,299,56,70,173,23.4114,57.8595
2285,300,59,64,177,21.3333,59.0000
2286,298,58,60,180,20.1342,60.4027
2287,299,61,55,183,18.3946,61.2040
2288,302,65,50,187,16.5563,61.9205
2289,301,64,48,189,15.9468,62.7907
2290,299,65,44,190,14.7157,63.5452
2291,302,69,42,191,13.9073,63.2450
2292,302,72,40,190,13.2450,62.9139
2293,302,71,40,191,13.2450,63.2450
2294,302,72,39,191,12.9139,63.2450
2295,301,73,34,194,11.2957,64.4518
2296,300,73,29,198,9.6667,66.0000
2297,296,73,25,198,8.4459,66.8919
2298,298,78,25,195,8.3893,65.4362
2299,302,87,23,192,7.6159,63.5762
2300,302,91,23,188,7.6159,62.2517
2301,301,92,20,189,6.6445,62.7907
2302,301,95,18,188,5.9801,62.4585
2303,301,96,18,187,5.9801,62.1262
2304,301,97,18,186,5.9801,61.7940
2305,301,97,18,186,5.9801,61.7940
2306,301,97,17,187,5.6478,62.1262
2307,301,100,16,185,5.3156,61.4618
2308,301,100,18,183,5.9801,60.7973
2309,300,101,17,182,5.6667,60.6667
2310,300,104,16,180,5.3333,60.0000
2311,300,106,16,178,5.3333,59.3333
2312,300,112,17,171,5.6667,57.0000
2313,300,115,18,167,6.0000,55.6667
2314,299,120,17,162,5.6856,54.1806
2315,301,121,19,161,6.3123,53.4884
2316,301,123,19,159,6.3123,52.8239
2317,301,122,20,159,6.6445,52.8239
2318,301,122,20,159,6.6445,52.8239
2319,301,125,20,156,6.6445,51.8272
2320,301,127,21,153,6.9767,50.8306
2321,301,129,22,150,7.3090,49.8339
2322,301,131,23,147,7.6412,48.8372
2323,301,137,23,141,7.6412,46.8439
2324,301,146,24,131,7.9734,43.5216
2325,301,150,27,124,8.9701,41.1960
2326,300,155,27,118,9.0000,39.3333
2327,300,163,27,110,9.0000,36.6667
2328,300,166,27,107,9.0000,35.6667
2329,300,172,26,102,8.6667,34.0000
2330,300,170,31,99,10.3333,33.0000
2331,300,169,37,94,12.3333,31.3333
2332,299,174,38,87,12.7090,29.0970
2333,301,178,38,85,12.6246,28.2392
2334,301,174,43,84,14.2857,27.9070
2335,301,176,45,80,14.9502,26.5781
2336,301,180,42,79,13.9535,26.2458
2337,300,180,47,73,15.6667,24.3333
2338,300,180,48,72,16.0000,24.0000
2339,300,178,53,69,17.6667,23.0000
2340,300,176,58,66,19.3333,22.0000
2341,300,177,60,63,20.0000,21.0000
2342,300,175,63,62,21.0000,20.6667
2343,300,174,65,61,21.6667,20.3333
2344,300,173,67,60,22.3333,20.0000
2345,299,170,68,61,22.7425,20.4013
2346,300,171,68,61,22.6667,20.3333
2347,300,166,76,58,25.3333,19.3333
2348,300,164,83,53,27.6667,17.6667
2349,300,155,92,53,30.6667,17.6667
2350,300,148,96,56,32.0000,18.6667
2351,299,145,97,57,32.4415,19.0635
2352,298,145,95,58,31.8792,19.4631
2353,300,141,102,57,34.0000,19.0000
2354,300,139,103,58,34.3333,19.3333
2355,298,137,101,60,33.8926,20.1342
2356,299,133,106,60,35.4515,20.0669
2357,300,130,110,60,36.6667,20.0000
2358,299,128,105,66,35.1171,22.0736
2359,302,127,108,67,35.7616,22.1854
2360,302,122,108,72,35.7616,23.8411
2361,301,114,111,76,36.8771,25.2492
2362,300,108,112,80,37.3333,26.6667
2363,299,103,117,79,39.1304,26.4214
2364,299,98,119,82,39.7993,27.4247
2365,301,94,122,85,40.5316,28.2392
2366,301,88,125,88,41.5282,29.2359
2367,301,85,124,92,41.1960,30.5648
2368,300,78,123,99,41.0000,33.0000
2369,300,72,124,104,41.3333,34.6667
2370,292,69,115,108,39.3836,36.9863
2371,291,69,113,109,38.8316,37.4570
2372,289,67,110,112,38.0623,38.7543
2373,290,66,111,113,38.2759,38.9655
2374,288,66,100,122,34.7222,42.3611
2375,290,68,97,125,33.4483,43.1034
2376,290,67,98,125,33.7931,43.1034
2377,290,68,91,131,31.3793,45.1724
2378,290,60,94,136,32.4138,46.8966
2379,290,59,93,138,32.0690,47.5862
2380,288,59,88,141,30.5556,48.9583
2381,290,60,85,145,29.3103,50.0000
2382,290,60,79,151,27.2414,52.0690
2383,289,56,77,156,26.6436,53.9792
2384,288,57,70,161,24.3056,55.9028
2385,288,56,70,162,24.3056,56.2500
2386,291,57,64,170,21.9931,58.4192
2387,292,58,59,175,20.2055,59.9315
2388,295,63,57,175,19.3220,59.3220
2389,292,63,47,182,16.0959,62.3288
2390,294,68,44,182,14.9660,61.9048
2391,297,71,41,185,13.8047,62.2896
2392,299,75,39,185,13.0435,61.8729
2393,300,76,38,186,12.6667,62.0000
2394,300,76,37,187,12.3333,62.3333
2395,300,75,39,186,13.0000,62.0000
2396,300,75,39,186,13.0000,62.0000
2397,300,77,37,186,12.3333,62.0000
2398,298,79,34,185,11.4094,62.0805
2399,299,81,29,189,9.6990,63.2107
2400,304,84,29,191,9.5395,62.8289
2401,304,84,27,193,8.8816,63.4868
2402,303,87,27,189,8.9109,62.3762
2403,303,90,26,187,8.5809,61.7162
2404,302,92,23,187,7.6159,61.9205
2405,301,94,20,187,6.6445,62.1262
2406,301,96,19,186,6.3123,61.7940
2407,301,97,18,186,5.9801,61.7940
2408,301,97,19,185,6.3123,61.4618
2409,300,97,19,184,6.3333,61.3333
2410,300,104,19,177,6.3333,59.0000
2411,300,106,18,176,6.0000,58.6667
2412,300,110,19,171,6.3333,57.0000
2413,300,112,21,167,7.0000,55.6667
2414,299,116,21,162,7.0234,54.1806
2415,301,116,21,164,6.9767,54.4850
2416,301,118,21,162,6.9767,53.8206
2417,301,121,20,160,6.6445,53.1561
2418,301,122,21,158,6.9767,52.4917
2419,301,127,22,152,7.3090,50.4983
2420,301,134,22,145,7.3090,48.1728
2421,300,139,20,141,6.6667,47.0000
2422,300,144,20,136,6.6667,45.3333
2423,299,145,19,135,6.3545,45.1505
2424,305,153,21,131,6.8852,42.9508
2425,305,154,22,129,7.2131,42.2951
2426,304,162,22,120,7.2368,39.4737
2427,303,164,21,118,6.9307,38.9439
2428,303,165,22,116,7.2607,38.2838
2429,302,170,22,110,7.2848,36.4238
2430,302,175,21,106,6.9536,35.0993
2431,302,174,24,104,7.9470,34.4371
2432,302,174,27,101,8.9404,33.4437
2433,302,180,25,97,8.2781,32.1192
2434,302,185,25,92,8.2781,30.4636
2435,302,188,26,88,8.6093,29.1391
2436,302,192,25,85,8.2781,28.1457
2437,302,194,25,83,8.2781,27.4834
2438,301,201,25,75,8.3056,24.9169
2439,301,204,27,70,8.9701,23.2558
2440,300,204,28,68,9.3333,22.6667
2441,300,207,32,61,10.6667,20.3333
2442,300,209,32,59,10.6667,19.6667
2443,300,210,34,56,11.3333,18.6667
2444,299,211,34,54,11.3712,18.0602
2445,303,216,34,53,11.2211,17.4917
2446,303,216,35,52,11.5512,17.1617
2447,302,213,36,53,11.9205,17.5497
2448,302,212,38,52,12.5828,17.2185
2449,302,209,41,52,13.5762,17.2185
2450,302,202,49,51,16.2252,16.8874
2451,302,205,50,47,16.5563,15.5629
2452,301,203,51,47,16.9435,15.6146
2453,301,202,52,47,17.2757,15.6146
2454,301,200,53,48,17.6080,15.9468
2455,301,198,55,48,18.2724,15.9468
2456,300,195,59,46,19.6667,15.3333
2457,300,192,63,45,21.0000,15.0000
2458,300,188,67,45,22.3333,15.0000
2459,300,188,68,44,22.6667,14.6667
2460,299,179,74,46,24.7492,15.3846
2461,299,173,81,45,27.0903,15.0502
2462,301,168,86,47,28.5714,15.6146
2463,301,157,96,48,31.8937,15.9468
2464,301,146,106,49,35.2159,16.2791
2465,300,141,111,48,37.0000,16.0000
2466,299,132,118,49,39.4649,16.3880
2467,301,127,124,50,41.1960,16.6113
2468,300,122,128,50,42.6667,16.6667
2469,300,112,137,51,45.6667,17.0000
2470,298,108,135,55,45.3020,18.4564
2471,300,109,130,61,43.3333,20.3333
2472,298,104,132,62,44.2953,20.8054
2473,299,97,139,63,46.4883,21.0702
2474,300,92,142,66,47.3333,22.0000
2475,299,89,142,68,47.4916,22.7425
2476,299,80,150,69,50.1672,23.0769
2477,299,74,152,73,50.8361,24.4147
2478,295,64,155,76,52.5424,25.7627
2479,298,63,157,78,52.6846,26.1745
2480,296,61,155,80,52.3649,27.0270
2481,293,61,147,85,50.1706,29.0102
2482,293,58,144,91,49.1468,31.0580
2483,289,58,134,97,46.3668,33.5640
2484,289,55,130,104,44.9827,35.9862
2485,288,56,124,108,43.0556,37.5000
2486,292,60,119,113,40.7534,38.6986
2487,292,61,110,121,37.6712,41.4384
2488,292,64,105,123,35.9589,42.1233
2489,295,64,105,126,35.5932,42.7119
2490,295,63,100,132,33.8983,44.7458
2491,297,62,97,138,32.6599,46.4646
2492,298,61,99,138,33.2215,46.3087
2493,296,60,92,144,31.0811,48.6486
2494,298,60,88,150,29.5302,50.3356
2495,301,62,87,152,28.9037,50.4983
2496,300,58,85,157,28.3333,52.3333
2497,295,57,75,163,25.4237,55.2542
2498,295,57,71,167,24.0678,56.6102
2499,294,57,63,174,21.4286,59.1837
2500,296,55,66,175,22.2973,59.1216
2501,294,56,63,175,21.4286,59.5238
2502,297,56,66,175,22.2222,58.9226
2503,300,58,64,178,21.3333,59.3333
2504,298,57,62,179,20.8054,60.0671
2505,299,61,59,179,19.7324,59.8662
2506,303,65,57,181,18.8119,59.7360
2507,303,60,62,181,20.4620,59.7360
2508,301,58,62,181,20.5980,60.1329
2509,299,56,61,182,20.4013,60.8696
2510,298,57,58,183,19.4631,61.4094
2511,298,60,55,183,18.4564,61.4094
2512,299,62,53,184,17.7258,61.5385
2513,302,62,52,188,17.2185,62.2517
2514,301,63,51,187,16.9435,62.1262
2515,300,65,45,190,15.0000,63.3333
2516,300,66,44,190,14.6667,63.3333
2517,300,63,42,195,14.0000,65.0000
2518,300,64,40,196,13.3333,65.3333
2519,299,63,42,194,14.0468,64.8829
2520,301,66,39,196,12.9568,65.1163
2521,301,68,37,196,12.2924,65.1163
2522,301,70,38,193,12.6246,64.1196
2523,301,75,36,190,11.9601,63.1229
2524,300,76,34,190,11.3333,63.3333
2525,299,74,37,188,12.3746,62.8763
2526,301,77,40,184,13.2890,61.1296
2527,301,78,37,186,12.2924,61.7940
2528,301,78,35,188,11.6279,62.4585
2529,301,81,33,187,10.9635,62.1262
2530,301,83,31,187,10.2990,62.1262
2531,301,84,32,185,10.6312,61.4618
2532,301,86,32,183,10.6312,60.7973
2533,299,91,29,179,9.6990,59.8662
2534,302,97,33,172,10.9272,56.9536
2535,302,102,33,167,10.9272,55.2980
2536,302,109,34,159,11.2583,52.6490
2537,302,112,36,154,11.9205,50.9934
2538,302,117,35,150,11.5894,49.6689
2539,302,124,36,142,11.9205,47.0199
2540,301,124,37,140,12.2924,46.5116
2541,301,128,36,137,11.9601,45.5150
2542,300,133,36,131,12.0000,43.6667
2543,300,138,36,126,12.0000,42.0000
2544,300,137,36,127,12.0000,42.3333
2545,300,142,34,124,11.3333,41.3333
2546,300,147,35,118,11.6667,39.3333
2547,300,146,33,121,11.0000,40.3333
2548,300,147,37,116,12.3333,38.6667
2549,300,154,36,110,12.0000,36.6667
2550,300,156,38,106,12.6667,35.3333
2551,300,161,40,99,13.3333,33.0000
2552,299,159,41,99,13.7124,33.1104
2553,304,164,43,97,14.1447,31.9079
2554,304,160,47,97,15.4605,31.9079
2555,301,161,46,94,15.2824,31.2292
2556,300,154,54,92,18.0000,30.6667
2557,300,154,56,90,18.6667,30.0000
2558,299,156,54,89,18.0602,29.7659
2559,300,156,55,89,18.3333,29.6667
2560,299,154,53,92,17.7258,30.7692
2561,304,158,55,91,18.0921,29.9342
2562,304,158,58,88,19.0789,28.9474
2563,303,154,61,88,20.1320,29.0429
2564,302,152,65,85,21.5232,28.1457
2565,301,150,69,82,22.9236,27.2425
2566,301,146,72,83,23.9203,27.5748
2567,301,149,73,79,24.2525,26.2458
2568,300,147,72,81,24.0000,27.0000
2569,300,147,75,78,25.0000,26.0000
2570,300,146,78,76,26.0000,25.3333
2571,297,145,76,76,25.5892,25.5892
2572,300,148,76,76,25.3333,25.3333
2573,300,148,75,77,25.0000,25.6667
2574,299,145,77,77,25.7525,25.7525
2575,299,145,75,79,25.0836,26.4214
2576,304,144,80,80,26.3158,26.3158
2577,301,139,77,85,25.5814,28.2392
2578,300,134,79,87,26.3333,29.0000
2579,300,133,84,83,28.0000,27.6667
2580,300,134,82,84,27.3333,28.0000
2581,298,133,83,82,27.8523,27.5168
2582,298,129,88,81,29.5302,27.1812
2583,303,129,92,82,30.3630,27.0627
2584,303,126,87,90,28.7129,29.7030
2585,302,114,100,88,33.1126,29.1391
2586,302,106,99,97,32.7815,32.1192
2587,301,102,101,98,33.5548,32.5581
2588,301,94,106,101,35.2159,33.5548
2589,301,92,106,103,35.2159,34.2193
2590,301,88,107,106,35.5482,35.2159
2591,300,80,114,106,38.0000,35.3333
2592,300,79,115,106,38.3333,35.3333
2593,299,76,117,106,39.1304,35.4515
2594,304,76,116,112,38.1579,36.8421
2595,303,74,119,110,39.2739,36.3036
2596,300,71,115,114,38.3333,38.0000
2597,300,72,112,116,37.3333,38.6667
2598,297,69,112,116,37.7104,39.0572
2599,298,70,112,116,37.5839,38.9262
2600,300,65,115,120,38.3333,40.0000
2601,300,59,119,122,39.6667,40.6667
2602,300,56,119,125,39.6667,41.6667
2603,297,56,110,131,37.0370,44.1077
2604,297,57,107,133,36.0269,44.7811
2605,298,56,102,140,34.2282,46.9799
2606,297,54,98,145,32.9966,48.8215
2607,294,53,94,147,31.9728,50.0000
2608,294,54,93,147,31.6327,50.0000
2609,295,51,90,154,30.5085,52.2034
2610,296,54,88,154,29.7297,52.0270
2611,296,57,77,162,26.0135,54.7297
2612,295,59,73,163,24.7458,55.2542
2613,297,60,73,164,24.5791,55.2189
2614,299,62,70,167,23.4114,55.8528
2615,305,67,70,168,22.9508,55.0820
2616,304,61,70,173,23.0263,56.9079
2617,304,60,70,174,23.0263,57.2368
2618,303,62,67,174,22.1122,57.4257
2619,301,61,63,177,20.9302,58.8040
2620,298,64,56,178,18.7919,59.7315
2621,299,69,49,181,16.3880,60.5351
2622,299,70,44,185,14.7157,61.8729
2623,301,72,42,187,13.9535,62.1262
2624,301,71,46,184,15.2824,61.1296
2625,299,73,44,182,14.7157,60.8696
2626,302,78,40,184,13.2450,60.9272
2627,300,81,36,183,12.0000,61.0000
2628,300,79,40,181,13.3333,60.3333
2629,299,83,36,180,12.0401,60.2007
2630,299,83,36,180,12.0401,60.2007
2631,303,88,34,181,11.2211,59.7360
2632,303,88,37,178,12.2112,58.7459
2633,301,89,35,177,11.6279,58.8040
2634,301,90,34,177,11.2957,58.8040
2635,301,91,34,176,11.2957,58.4718
2636,301,99,28,174,9.3023,57.8073
2637,299,96,28,175,9.3645,58.5284
2638,301,107,27,167,8.9701,55.4817
2639,301,106,29,166,9.6346,55.1495
2640,301,105,32,164,10.6312,54.4850
2641,301,105,35,161,11.6279,53.4884
2642,301,110,35,156,11.6279,51.8272
2643,301,109,37,155,12.2924,51.4950
2644,299,111,33,155,11.0368,51.8395
2645,300,112,33,155,11.0000,51.6667
2646,300,116,34,150,11.3333,50.0000
2647,299,115,34,150,11.3712,50.1672
2648,301,121,33,147,10.9635,48.8372
2649,300,123,33,144,11.0000,48.0000
2650,300,122,35,143,11.6667,47.6667
2651,299,122,38,139,12.7090,46.4883
2652,300,127,36,137,12.0000,45.6667
2653,300,129,36,135,12.0000,45.0000
2654,300,130,38,132,12.6667,44.0000
2655,300,130,45,125,15.0000,41.6667
2656,300,130,47,123,15.6667,41.0000
2657,300,136,48,116,16.0000,38.6667
2658,299,138,49,112,16.3880,37.4582
2659,302,144,49,109,16.2252,36.0927
2660,302,142,46,114,15.2318,37.7483
2661,301,145,47,109,15.6146,36.2126
2662,301,141,53,107,17.6080,35.5482
2663,300,146,56,98,18.6667,32.6667
2664,299,146,59,94,19.7324,31.4381
2665,302,142,67,93,22.1854,30.7947
2666,301,143,68,90,22.5914,29.9003
2667,301,140,73,88,24.2525,29.2359
2668,300,139,77,84,25.6667,28.0000
2669,300,140,75,85,25.0000,28.3333
2670,299,137,78,84,26.0870,28.0936
2671,300,140,78,82,26.0000,27.3333
2672,299,137,80,82,26.7559,27.4247
2673,300,140,83,77,27.6667,25.6667
2674,300,138,87,75,29.0000,25.0000
2675,296,134,88,74,29.7297,25.0000
2676,297,127,91,79,30.6397,26.5993
2677,301,130,93,78,30.8970,25.9136
2678,301,129,96,76,31.8937,25.2492
2679,300,127,99,74,33.0000,24.6667
2680,300,122,103,75,34.3333,25.0000
2681,299,119,106,74,35.4515,24.7492
2682,298,121,100,77,33.5570,25.8389
2683,299,123,97,79,32.4415,26.4214
2684,300,121,97,82,32.3333,27.3333
2685,300,115,100,85,33.3333,28.3333
2686,297,109,101,87,34.0067,29.2929
2687,301,107,105,89,34.8837,29.5681
2688,297,104,104,89,35.0168,29.9663
2689,299,99,111,89,37.1237,29.7659
2690,299,93,115,91,38.4615,30.4348
2691,299,89,117,93,39.1304,31.1037
2692,299,87,116,96,38.7960,32.1070
2693,298,78,121,99,40.6040,33.2215
2694,298,78,117,103,39.2617,34.5638
2695,298,68,123,107,41.2752,35.9060
2696,297,64,123,110,41.4141,37.0370
2697,296,62,121,113,40.8784,38.1757
2698,297,65,119,113,40.0673,38.0471
2699,298,64,117,117,39.2617,39.2617
2700,302,71,114,117,37.7483,38.7417
2701,301,72,107,122,35.5482,40.5316
2702,300,66,108,126,36.0000,42.0000
2703,300,65,109,126,36.3333,42.0000
2704,298,64,110,124,36.9128,41.6107
2705,296,60,106,130,35.8108,43.9189
2706,300,64,102,134,34.0000,44.6667
2707,298,63,97,138,32.5503,46.3087
2708,294,60,91,143,30.9524,48.6395
2709,295,62,84,149,28.4746,50.5085
2710,296,65,77,154,26.0135,52.0270
2711,297,66,73,158,24.5791,53.1987
2712,298,72,70,156,23.4899,52.3490
2713,296,72,64,160,21.6216,54.0541
2714,299,74,64,161,21.4047,53.8462
2715,305,78,62,165,20.3279,54.0984
2716,300,75,55,170,18.3333,56.6667
2717,298,75,51,172,17.1141,57.7181
2718,299,76,48,175,16.0535,58.5284
2719,302,78,47,177,15.5629,58.6093
2720,301,76,48,177,15.9468,58.8040
2721,301,79,47,175,15.6146,58.1395
2722,300,79,45,176,15.0000,58.6667
2723,300,79,42,179,14.0000,59.6667
2724,300,78,46,176,15.3333,58.6667
2725,300,77,43,180,14.3333,60.0000
2726,299,77,41,181,13.7124,60.5351
2727,302,82,40,180,13.2450,59.6026
2728,301,87,37,177,12.2924,58.8040
2729,299,87,34,178,11.3712,59.5318
2730,302,90,36,176,11.9205,58.2781
2731,302,88,39,175,12.9139,57.9470
2732,302,90,36,176,11.9205,58.2781
2733,302,92,36,174,11.9205,57.6159
2734,301,95,34,172,11.2957,57.1429
2735,301,97,31,173,10.2990,57.4751
2736,301,99,30,172,9.9668,57.1429
2737,301,100,31,170,10.2990,56.4784
2738,301,103,31,167,10.2990,55.4817
2739,301,105,32,164,10.6312,54.4850
2740,301,111,28,162,9.3023,53.8206
2741,300,111,28,161,9.3333,53.6667
2742,300,113,28,159,9.3333,53.0000
2743,300,116,27,157,9.0000,52.3333
2744,298,120,24,154,8.0537,51.6779
2745,301,127,20,154,6.6445,51.1628
2746,301,130,21,150,6.9767,49.8339
2747,301,132,21,148,6.9767,49.1694
2748,301,135,23,143,7.6412,47.5083
2749,301,139,23,139,7.6412,46.1794
2750,301,139,24,138,7.9734,45.8472
2751,301,141,22,138,7.3090,45.8472
2752,300,140,24,136,8.0000,45.3333
2753,300,144,26,130,8.6667,43.3333
2754,300,147,26,127,8.6667,42.3333
2755,299,147,25,127,8.3612,42.4749
2756,300,146,27,127,9.0000,42.3333
2757,298,152,25,121,8.3893,40.6040
2758,301,155,29,117,9.6346,38.8704
2759,300,159,28,113,9.3333,37.6667
2760,300,163,29,108,9.6667,36.0000
2761,300,169,29,102,9.6667,34.0000
2762,299,175,29,95,9.6990,31.7726
2763,302,178,33,91,10.9272,30.1325
2764,302,179,36,87,11.9205,28.8079
2765,302,184,38,80,12.5828,26.4901
2766,301,184,38,79,12.6246,26.2458
2767,301,181,45,75,14.9502,24.9169
2768,300,182,47,71,15.6667,23.6667
2769,299,182,48,69,16.0535,23.0769
2770,301,183,52,66,17.2757,21.9269
2771,298,186,49,63,16.4430,21.1409
2772,302,187,53,62,17.5497,20.5298
2773,302,180,55,67,18.2119,22.1854
2774,302,178,57,67,18.8742,22.1854
2775,302,177,63,62,20.8609,20.5298
2776,300,174,64,62,21.3333,20.6667
2777,299,175,66,58,22.0736,19.3980
2778,298,174,69,55,23.1544,18.4564
2779,300,174,70,56,23.3333,18.6667
2780,299,173,71,55,23.7458,18.3946
2781,301,167,80,54,26.5781,17.9402
2782,301,160,87,54,28.9037,17.9402
2783,301,155,90,56,29.9003,18.6047
2784,299,154,88,57,29.4314,19.0635
2785,303,153,93,57,30.6931,18.8119
2786,303,150,98,55,32.3432,18.1518
2787,299,146,100,53,33.4448,17.7258
2788,299,141,105,53,35.1171,17.7258
2789,301,137,110,54,36.5449,17.9402
2790,300,133,110,57,36.6667,19.0000
2791,300,128,114,58,38.0000,19.3333
2792,300,126,117,57,39.0000,19.0000
2793,299,119,119,61,39.7993,20.4013
2794,299,116,117,66,39.1304,22.0736
2795,301,114,118,69,39.2027,22.9236
2796,300,108,121,71,40.3333,23.6667
2797,300,104,125,71,41.6667,23.6667
2798,300,100,126,74,42.0000,24.6667
2799,300,96,128,76,42.6667,25.3333
2800,298,93,125,80,41.9463,26.8456
2801,298,89,126,83,42.2819,27.8523
2802,297,89,117,91,39.3939,30.6397
2803,298,91,116,91,38.9262,30.5369
2804,299,90,116,93,38.7960,31.1037
2805,301,89,115,97,38.2060,32.2259
2806,301,81,119,101,39.5349,33.5548
2807,299,77,116,106,38.7960,35.4515
2808,302,75,116,111,38.4106,36.7550
2809,300,70,108,122,36.0000,40.6667
2810,300,70,104,126,34.6667,42.0000
2811,298,65,107,126,35.9060,42.2819
2812,296,59,107,130,36.1486,43.9189
2813,296,59,105,132,35.4730,44.5946
2814,296,60,98,138,33.1081,46.6216
2815,300,58,99,143,33.0000,47.6667
2816,300,52,98,150,32.6667,50.0000
2817,299,51,93,155,31.1037,51.8395
2818,300,53,89,158,29.6667,52.6667
2819,300,49,88,163,29.3333,54.3333
2820,300,47,85,168,28.3333,56.0000
2821,300,47,81,172,27.0000,57.3333
2822,300,44,83,173,27.6667,57.6667
2823,298,42,80,176,26.8456,59.0604
2824,299,44,76,179,25.4181,59.8662
2825,299,47,76,176,25.4181,58.8629
2826,299,51,71,177,23.7458,59.1973
2827,297,50,65,182,21.8855,61.2795
2828,294,50,60,184,20.4082,62.5850
2829,297,52,56,189,18.8552,63.6364
2830,297,54,54,189,18.1818,63.6364
2831,298,55,53,190,17.7852,63.7584
2832,295,57,45,193,15.2542,65.4237
2833,297,58,44,195,14.8148,65.6566
2834,296,59,41,196,13.8514,66.2162
2835,294,61,37,196,12.5850,66.6667
2836,293,66,32,195,10.9215,66.5529
2837,299,73,29,197,9.6990,65.8863
2838,302,76,28,198,9.2715,65.5629
2839,300,78,26,196,8.6667,65.3333
2840,300,81,23,196,7.6667,65.3333
2841,300,83,21,196,7.0000,65.3333
2842,300,87,18,195,6.0000,65.0000
2843,298,88,15,195,5.0336,65.4362
2844,300,93,15,192,5.0000,64.0000
2845,300,97,13,190,4.3333,63.3333
2846,299,103,10,186,3.3445,62.2074
2847,300,109,8,183,2.6667,61.0000
2848,300,112,8,180,2.6667,60.0000
2849,299,115,6,178,2.0067,59.5318
2850,302,120,6,176,1.9868,58.2781
2851,302,124,5,173,1.6556,57.2848
2852,301,127,5,169,1.6611,56.1462
2853,301,130,5,166,1.6611,55.1495
2854,301,137,5,159,1.6611,52.8239
2855,301,140,5,156,1.6611,51.8272
2856,301,142,6,153,1.9934,50.8306
2857,301,147,6,148,1.9934,49.1694
2858,301,152,6,143,1.9934,47.5083
2859,301,158,5,138,1.6611,45.8472
2860,301,162,6,133,1.9934,44.1860
2861,301,173,7,121,2.3256,40.1993
2862,301,178,7,116,2.3256,38.5382
2863,301,178,7,116,2.3256,38.5382
2864,301,181,9,111,2.9900,36.8771
2865,301,182,10,109,3.3223,36.2126
2866,301,185,13,103,4.3189,34.2193
2867,301,190,13,98,4.3189,32.5581
2868,301,196,14,91,4.6512,30.2326
2869,301,199,16,86,5.3156,28.5714
2870,301,202,15,84,4.9834,27.9070
2871,301,206,16,79,5.3156,26.2458
2872,300,211,16,73,5.3333,24.3333
2873,300,214,18,68,6.0000,22.6667
2874,300,212,21,67,7.0000,22.3333
2875,300,210,25,65,8.3333,21.6667
2876,299,208,29,62,9.6990,20.7358
2877,301,209,33,59,10.9635,19.6013
2878,301,208,37,56,12.2924,18.6047
2879,301,210,40,51,13.2890,16.9435
2880,301,213,39,49,12.9568,16.2791
2881,301,214,42,45,13.9535,14.9502
2882,301,211,45,45,14.9502,14.9502
2883,301,211,48,42,15.9468,13.9535
2884,301,209,52,40,17.2757,13.2890
2885,301,205,58,38,19.2691,12.6246
2886,300,201,60,39,20.0000,13.0000
2887,299,198,65,36,21.7391,12.0401
2888,304,202,68,34,22.3684,11.1842
2889,304,200,73,31,24.0132,10.1974
2890,304,196,77,31,25.3289,10.1974
2891,304,183,89,32,29.2763,10.5263
2892,304,181,93,30,30.5921,9.8684
2893,303,175,100,28,33.0033,9.2409
2894,302,168,107,27,35.4305,8.9404
2895,300,161,112,27,37.3333,9.0000
2896,300,150,118,32,39.3333,10.6667
2897,299,147,117,35,39.1304,11.7057
2898,302,147,120,35,39.7351,11.5894
2899,301,137,126,38,41.8605,12.6246
2900,301,128,133,40,44.1860,13.2890
2901,301,121,140,40,46.5116,13.2890
2902,296,116,140,40,47.2973,13.5135
2903,296,114,141,41,47.6351,13.8514
2904,296,106,143,47,48.3108,15.8784
2905,300,103,145,52,48.3333,17.3333
2906,297,97,148,52,49.8316,17.5084
2907,296,93,148,55,50.0000,18.5811
2908,294,83,153,58,52.0408,19.7279
2909,294,77,155,62,52.7211,21.0884
2910,294,74,152,68,51.7007,23.1293
2911,293,74,147,72,50.1706,24.5734
2912,295,70,145,80,49.1525,27.1186
2913,296,66,146,84,49.3243,28.3784
2914,295,62,139,94,47.1186,31.8644
2915,294,59,134,101,45.5782,34.3537
2916,293,57,128,108,43.6860,36.8601
2917,294,54,128,112,43.5374,38.0952
2918,296,53,125,118,42.2297,39.8649
2919,291,49,120,122,41.2371,41.9244
2920,289,48,115,126,39.7924,43.5986
2921,290,49,106,135,36.5517,46.5517
2922,290,52,100,138,34.4828,47.5862
2923,290,49,100,141,34.4828,48.6207
2924,287,50,95,142,33.1010,49.4774
2925,287,50,89,148,31.0105,51.5679
2926,284,51,80,153,28.1690,53.8732
2927,287,56,77,154,26.8293,53.6585
2928,286,55,69,162,24.1259,56.6434
2929,285,54,63,168,22.1053,58.9474
2930,285,53,60,172,21.0526,60.3509
2931,290,57,59,174,20.3448,60.0000
2932,292,59,54,179,18.4932,61.3014
2933,291,61,49,181,16.8385,62.1993
2934,295,60,47,188,15.9322,63.7288
2935,295,59,45,191,15.2542,64.7458
2936,297,62,42,193,14.1414,64.9832
2937,300,63,41,196,13.6667,65.3333
2938,297,63,37,197,12.4579,66.3300
2939,300,65,36,199,12.0000,66.3333
2940,299,66,31,202,10.3679,67.5585
2941,306,73,30,203,9.8039,66.3399
2942,306,75,28,203,9.1503,66.3399
2943,305,75,28,202,9.1803,66.2295
2944,303,75,26,202,8.5809,66.6667
2945,302,74,26,202,8.6093,66.8874
2946,302,75,27,200,8.9404,66.2252
2947,302,76,27,199,8.9404,65.8940
2948,302,80,26,196,8.6093,64.9007
2949,302,85,25,192,8.2781,63.5762
2950,300,86,23,191,7.6667,63.6667
2951,300,89,22,189,7.3333,63.0000
2952,300,89,23,188,7.6667,62.6667
2953,300,89,24,187,8.0000,62.3333
2954,299,90,20,189,6.6890,63.2107
2955,300,93,19,188,6.3333,62.6667
2956,300,97,20,183,6.6667,61.0000
2957,299,101,20,178,6.6890,59.5318
2958,301,103,18,180,5.9801,59.8007
2959,301,107,17,177,5.6478,58.8040
2960,301,110,16,175,5.3156,58.1395
2961,301,113,17,171,5.6478,56.8106
2962,301,117,18,166,5.9801,55.1495
2963,301,121,19,161,6.3123,53.4884
2964,300,127,19,154,6.3333,51.3333
2965,300,131,18,151,6.0000,50.3333
2966,300,141,18,141,6.0000,47.0000
2967,300,146,19,135,6.3333,45.0000
2968,300,152,20,128,6.6667,42.6667
2969,300,154,21,125,7.0000,41.6667
2970,299,160,20,119,6.6890,39.7993
2971,304,168,21,115,6.9079,37.8289
2972,304,172,19,113,6.2500,37.1711
2973,304,179,19,106,6.2500,34.8684
2974,304,182,20,102,6.5789,33.5526
2975,304,183,21,100,6.9079,32.8947
2976,304,184,20,100,6.5789,32.8947
2977,303,189,19,95,6.2706,31.3531
2978,303,194,19,90,6.2706,29.7030
2979,303,192,22,89,7.2607,29.3729
2980,303,197,25,81,8.2508,26.7327
2981,302,199,28,75,9.2715,24.8344
2982,301,201,28,72,9.3023,23.9203
2983,301,202,29,70,9.6346,23.2558
2984,301,207,29,65,9.6346,21.5947
2985,301,209,28,64,9.3023,21.2625
2986,301,213,31,57,10.2990,18.9369
2987,300,213,33,54,11.0000,18.0000
2988,300,213,35,52,11.6667,17.3333
2989,300,212,38,50,12.6667,16.6667
2990,300,208,44,48,14.6667,16.0000
2991,299,206,47,46,15.7191,15.3846
2992,306,212,52,42,16.9935,13.7255
2993,306,210,55,41,17.9739,13.3987
2994,305,206,59,40,19.3443,13.1148
2995,304,202,61,41,20.0658,13.4868
2996,304,197,66,41,21.7105,13.4868
2997,303,188,74,41,24.4224,13.5314
2998,303,182,80,41,26.4026,13.5314
2999,303,175,86,42,28.3828,13.8614
3000,303,171,89,43,29.3729,14.1914
3001,301,168,88,45,29.2359,14.9502
3002,301,163,91,47,30.2326,15.6146
3003,301,158,96,47,31.8937,15.6146
3004,301,155,100,46,33.2226,15.2824
3005,301,149,105,47,34.8837,15.6146
3006,300,140,115,45,38.3333,15.0000
3007,298,132,121,45,40.6040,15.1007
3008,299,129,123,47,41.1371,15.7191
3009,300,128,123,49,41.0000,16.3333
3010,300,125,125,50,41.6667,16.6667
3011,299,119,128,52,42.8094,17.3913
3012,302,120,125,57,41.3907,18.8742
3013,300,109,134,57,44.6667,19.0000
3014,299,107,135,57,45.1505,19.0635
3015,296,104,130,62,43.9189,20.9459
3016,297,98,136,63,45.7912,21.2121
3017,296,96,130,70,43.9189,23.6486
3018,295,91,127,77,43.0508,26.1017
3019,294,87,127,80,43.1973,27.2109
3020,293,82,128,83,43.6860,28.3276
3021,295,83,126,86,42.7119,29.1525
3022,295,81,122,92,41.3559,31.1864
3023,297,79,121,97,40.7407,32.6599
3024,298,79,121,98,40.6040,32.8859
3025,299,76,122,101,40.8027,33.7793
3026,300,76,111,113,37.0000,37.6667
3027,297,73,108,116,36.3636,39.0572
3028,295,73,101,121,34.2373,41.0169
3029,295,67,105,123,35.5932,41.6949
3030,296,64,102,130,34.4595,43.9189
3031,297,63,100,134,33.6700,45.1178
3032,296,62,97,137,32.7703,46.2838
3033,297,58,95,144,31.9865,48.4848
3034,297,60,90,147,30.3030,49.4949
3035,298,59,88,151,29.5302,50.6711
3036,302,61,85,156,28.1457,51.6556
3037,301,59,82,160,27.2425,53.1561
3038,298,57,80,161,26.8456,54.0268
3039,298,53,78,167,26.1745,56.0403
3040,297,55,74,168,24.9158,56.5657
3041,297,57,72,168,24.2424,56.5657
3042,298,59,68,171,22.8188,57.3826
3043,299,59,67,173,22.4080,57.8595
3044,300,61,62,177,20.6667,59.0000
3045,300,58,61,181,20.3333,60.3333
3046,297,58,58,181,19.5286,60.9428
3047,298,58,59,181,19.7987,60.7383
3048,299,61,55,183,18.3946,61.2040
3049,299,62,49,188,16.3880,62.8763
3050,300,62,46,192,15.3333,64.0000
3051,299,61,43,195,14.3813,65.2174
3052,304,68,44,192,14.4737,63.1579
3053,304,70,40,194,13.1579,63.8158
3054,304,72,39,193,12.8289,63.4868
3055,303,71,40,192,13.2013,63.3663
3056,301,67,39,195,12.9568,64.7841
3057,301,68,38,195,12.6246,64.7841
3058,301,68,36,197,11.9601,65.4485
3059,298,69,31,198,10.4027,66.4430
3060,299,72,31,196,10.3679,65.5518
3061,301,76,30,195,9.9668,64.7841
3062,301,80,30,191,9.9668,63.4551
3063,301,80,33,188,10.9635,62.4585
3064,301,83,32,186,10.6312,61.7940
3065,301,83,31,187,10.2990,62.1262
3066,301,82,31,188,10.2990,62.4585
3067,300,86,29,185,9.6667,61.6667
3068,300,88,29,183,9.6667,61.0000
3069,300,95,30,175,10.0000,58.3333
3070,300,102,29,169,9.6667,56.3333
3071,300,106,27,167,9.0000,55.6667
3072,299,106,27,166,9.0301,55.5184
3073,300,111,25,164,8.3333,54.6667
3074,300,115,27,158,9.0000,52.6667
3075,300,120,25,155,8.3333,51.6667
3076,299,122,22,155,7.3579,51.8395
3077,300,123,26,151,8.6667,50.3333
3078,300,134,27,139,9.0000,46.3333
3079,299,136,28,135,9.3645,45.1505
3080,302,145,28,129,9.2715,42.7152
3081,301,145,29,127,9.6346,42.1927
3082,301,150,30,121,9.9668,40.1993
3083,300,150,34,116,11.3333,38.6667
3084,300,153,31,116,10.3333,38.6667
3085,300,154,35,111,11.6667,37.0000
3086,300,155,37,108,12.3333,36.0000
3087,300,155,39,106,13.0000,35.3333
3088,300,158,42,100,14.0000,33.3333
3089,300,159,47,94,15.6667,31.3333
3090,300,158,48,94,16.0000,31.3333
3091,300,162,50,88,16.6667,29.3333
3092,299,164,49,86,16.3880,28.7625
3093,299,163,51,85,17.0569,28.4281
3094,300,158,60,82,20.0000,27.3333
3095,300,158,62,80,20.6667,26.6667
3096,300,156,68,76,22.6667,25.3333
3097,299,152,72,75,24.0803,25.0836
3098,301,149,74,78,24.5847,25.9136
3099,301,146,77,78,25.5814,25.9136
3100,301,144,81,76,26.9103,25.2492
3101,301,140,89,72,29.5681,23.9203
3102,300,139,91,70,30.3333,23.3333
3103,300,140,93,67,31.0000,22.3333
3104,298,138,90,70,30.2013,23.4899
3105,300,140,92,68,30.6667,22.6667
3106,300,136,95,69,31.6667,23.0000
3107,299,131,97,71,32.4415,23.7458
3108,303,134,98,71,32.3432,23.4323
3109,303,127,104,72,34.3234,23.7624
3110,302,123,106,73,35.0993,24.1722
3111,302,122,108,72,35.7616,23.8411
3112,302,116,112,74,37.0861,24.5033
3113,301,113,115,73,38.2060,24.2525
3114,300,110,111,79,37.0000,26.3333
3115,298,105,110,83,36.9128,27.8523
3116,304,110,111,83,36.5132,27.3026
3117,304,104,116,84,38.1579,27.6316
3118,302,100,113,89,37.4172,29.4702
3119,300,95,112,93,37.3333,31.0000
3120,300,90,115,95,38.3333,31.6667
3121,294,87,106,101,36.0544,34.3537
3122,294,81,111,102,37.7551,34.6939
3123,296,79,113,104,38.1757,35.1351
3124,296,77,113,106,38.1757,35.8108
3125,295,77,112,106,37.9661,35.9322
3126,296,78,106,112,35.8108,37.8378
3127,296,80,102,114,34.4595,38.5135
3128,298,84,99,115,33.2215,38.5906
3129,298,83,95,120,31.8792,40.2685
3130,298,81,95,122,31.8792,40.9396
3131,299,79,96,124,32.1070,41.4716
3132,299,72,99,128,33.1104,42.8094
3133,298,70,95,133,31.8792,44.6309
3134,297,71,93,133,31.3131,44.7811
3135,298,67,92,139,30.8725,46.6443
3136,300,69,92,139,30.6667,46.3333
3137,300,65,91,144,30.3333,48.0000
3138,300,62,88,150,29.3333,50.0000
3139,295,62,82,151,27.7966,51.1864
3140,294,63,78,153,26.5306,52.0408
3141,295,65,75,155,25.4237,52.5424
3142,295,65,72,158,24.4068,53.5593
3143,295,62,69,164,23.3898,55.5932
3144,295,63,66,166,22.3729,56.2712
3145,296,62,66,168,22.2973,56.7568
3146,300,66,65,169,21.6667,56.3333
3147,300,65,65,170,21.6667,56.6667
3148,298,60,66,172,22.1477,57.7181
3149,301,65,66,170,21.9269,56.4784
3150,299,66,64,169,21.4047,56.5217
3151,303,67,64,172,21.1221,56.7657
3152,302,67,58,177,19.2053,58.6093
3153,300,68,53,179,17.6667,59.6667
3154,299,70,50,179,16.7224,59.8662
3155,300,71,50,179,16.6667,59.6667
3156,299,74,45,180,15.0502,60.2007
3157,304,82,37,185,12.1711,60.8553
3158,304,85,33,186,10.8553,61.1842
3159,303,88,31,184,10.2310,60.7261
3160,303,91,30,182,9.9010,60.0660
3161,303,91,32,180,10.5611,59.4059
3162,303,93,34,176,11.2211,58.0858
3163,303,92,31,180,10.2310,59.4059
3164,301,93,29,179,9.6346,59.4684
3165,301,90,32,179,10.6312,59.4684
3166,299,95,30,174,10.0334,58.1940
3167,305,104,30,171,9.8361,56.0656
3168,305,107,27,171,8.8525,56.0656
3169,304,107,27,170,8.8816,55.9211
3170,303,114,24,165,7.9208,54.4554
3171,303,120,21,162,6.9307,53.4653
3172,302,122,19,161,6.2914,53.3113
3173,301,128,18,155,5.9801,51.4950
3174,301,126,22,153,7.3090,50.8306
3175,301,130,21,150,6.9767,49.8339
3176,301,134,21,146,6.9767,48.5050
3177,301,134,23,144,7.6412,47.8405
3178,300,139,23,138,7.6667,46.0000
3179,300,141,25,134,8.3333,44.6667
3180,300,143,27,130,9.0000,43.3333
3181,300,145,29,126,9.6667,42.0000
3182,300,142,34,124,11.3333,41.3333
3183,300,139,36,125,12.0000,41.6667
3184,299,140,37,122,12.3746,40.8027
3185,298,147,34,117,11.4094,39.2617
3186,301,150,33,118,10.9635,39.2027
3187,301,155,33,113,10.9635,37.5415
3188,301,154,37,110,12.2924,36.5449
3189,301,160,36,105,11.9601,34.8837
3190,301,160,42,99,13.9535,32.8904
3191,301,161,44,96,14.6179,31.8937
3192,301,157,50,94,16.6113,31.2292
3193,301,153,56,92,18.6047,30.5648
3194,301,155,58,88,19.2691,29.2359
3195,300,157,58,85,19.3333,28.3333
3196,300,160,58,82,19.3333,27.3333
3197,300,156,64,80,21.3333,26.6667
3198,299,151,69,79,23.0769,26.4214
3199,299,150,68,81,22.7425,27.0903
3200,304,153,71,80,23.3553,26.3158
3201,303,147,76,80,25.0825,26.4026
3202,302,141,80,81,26.4901,26.8212
3203,300,140,79,81,26.3333,27.0000
3204,300,139,83,78,27.6667,26.0000
3205,299,136,87,76,29.0970,25.4181
3206,301,132,95,74,31.5615,24.5847
3207,301,131,95,75,31.5615,24.9169
3208,300,133,96,71,32.0000,23.6667
3209,300,135,99,66,33.0000,22.0000
3210,300,132,102,66,34.0000,22.0000
3211,299,124,106,69,35.4515,23.0769
3212,300,120,109,71,36.3333,23.6667
3213,298,118,106,74,35.5705,24.8322
3214,297,114,104,79,35.0168,26.5993
3215,301,122,103,76,34.2193,25.2492
3216,301,120,105,76,34.8837,25.2492
3217,300,116,104,80,34.6667,26.6667
3218,299,111,106,82,35.4515,27.4247
3219,298,111,104,83,34.8993,27.8523
3220,299,110,105,84,35.1171,28.0936
3221,302,109,105,88,34.7682,29.1391
3222,301,106,102,93,33.8870,30.8970
3223,299,107,97,95,32.4415,31.7726
3224,301,99,102,100,33.8870,33.2226
3225,300,89,106,105,35.3333,35.0000
3226,300,85,105,110,35.0000,36.6667
3227,297,80,104,113,35.0168,38.0471
3228,298,78,106,114,35.5705,38.2550
3229,302,79,102,121,33.7748,40.0662
3230,300,73,103,124,34.3333,41.3333
3231,297,71,98,128,32.9966,43.0976
3232,298,70,96,132,32.2148,44.2953
3233,298,71,91,136,30.5369,45.6376
3234,299,68,93,138,31.1037,46.1538
3235,298,72,88,138,29.5302,46.3087
3236,300,71,92,137,30.6667,45.6667
3237,298,69,90,139,30.2013,46.6443
3238,299,67,92,140,30.7692,46.8227
3239,301,67,92,142,30.5648,47.1761
3240,299,65,88,146,29.4314,48.8294
3241,298,69,81,148,27.1812,49.6644
3242,299,69,82,148,27.4247,49.4983
3243,298,66,81,151,27.1812,50.6711
3244,298,64,81,153,27.1812,51.3423
3245,296,63,72,161,24.3243,54.3919
3246,297,62,67,168,22.5589,56.5657
3247,297,66,60,171,20.2020,57.5758
3248,299,69,58,172,19.3980,57.5251
3249,299,71,54,174,18.0602,58.1940
3250,297,72,49,176,16.4983,59.2593
3251,299,76,48,175,16.0535,58.5284
3252,300,77,48,175,16.0000,58.3333
3253,298,77,45,176,15.1007,59.0604
3254,300,81,44,175,14.6667,58.3333
3255,300,81,47,172,15.6667,57.3333
3256,299,81,48,170,16.0535,56.8562
3257,301,79,49,173,16.2791,57.4751
3258,299,76,45,178,15.0502,59.5318
3259,298,76,44,178,14.7651,59.7315
3260,300,78,41,181,13.6667,60.3333
3261,300,80,41,179,13.6667,59.6667
3262,300,84,41,175,13.6667,58.3333
3263,298,87,39,172,13.0872,57.7181
3264,304,96,34,174,11.1842,57.2368
3265,303,98,32,173,10.5611,57.0957
3266,301,102,30,169,9.9668,56.1462
3267,300,102,30,168,10.0000,56.0000
3268,300,104,30,166,10.0000,55.3333
3269,300,103,35,162,11.6667,54.0000
3270,300,103,38,159,12.6667,53.0000
3271,299,104,38,157,12.7090,52.5084
3272,301,110,38,153,12.6246,50.8306
3273,301,115,38,148,12.6246,49.1694
3274,301,119,38,144,12.6246,47.8405
3275,301,123,37,141,12.2924,46.8439
3276,301,128,34,139,11.2957,46.1794
3277,301,126,37,138,12.2924,45.8472
3278,301,128,35,138,11.6279,45.8472
3279,300,131,34,135,11.3333,45.0000
3280,300,130,35,135,11.6667,45.0000
3281,300,134,38,128,12.6667,42.6667
3282,300,136,38,126,12.6667,42.0000
3283,300,137,41,122,13.6667,40.6667
3284,300,140,41,119,13.6667,39.6667
3285,299,142,44,113,14.7157,37.7926
3286,299,141,47,111,15.7191,37.1237
3287,302,143,49,110,16.2252,36.4238
3288,302,140,52,110,17.2185,36.4238
3289,300,138,54,108,18.0000,36.0000
3290,299,139,52,108,17.3913,36.1204
3291,300,141,54,105,18.0000,35.0000
3292,300,142,55,103,18.3333,34.3333
3293,300,143,57,100,19.0000,33.3333
3294,300,140,59,101,19.6667,33.6667
3295,300,139,62,99,20.6667,33.0000
3296,300,136,65,99,21.6667,33.0000
3297,299,139,66,94,22.0736,31.4381
3298,300,144,65,91,21.6667,30.3333
3299,299,146,66,87,22.0736,29.0970
3300,302,145,71,86,23.5099,28.4768
3301,301,139,76,86,25.2492,28.5714
3302,301,129,87,85,28.9037,28.2392
3303,300,126,89,85,29.6667,28.3333
3304,299,124,90,85,30.1003,28.4281
3305,299,120,95,84,31.7726,28.0936
3306,298,119,94,85,31.5436,28.5235
3307,296,118,94,84,31.7568,28.3784
3308,296,114,96,86,32.4324,29.0541
3309,298,115,98,85,32.8859,28.5235
3310,298,118,97,83,32.5503,27.8523
3311,296,116,99,81,33.4459,27.3649
3312,297,111,106,80,35.6902,26.9360
3313,298,108,108,82,36.2416,27.5168
3314,297,104,110,83,37.0370,27.9461
3315,299,108,107,84,35.7860,28.0936
3316,301,108,109,84,36.2126,27.9070
3317,300,101,114,85,38.0000,28.3333
3318,300,96,116,88,38.6667,29.3333
3319,300,87,123,90,41.0000,30.0000
3320,299,79,128,92,42.8094,30.7692
3321,299,77,122,100,40.8027,33.4448
3322,299,75,114,110,38.1271,36.7893
3323,299,74,110,115,36.7893,38.4615
3324,300,73,109,118,36.3333,39.3333
3325,300,70,109,121,36.3333,40.3333
3326,297,69,105,123,35.3535,41.4141
3327,297,70,105,122,35.3535,41.0774
3328,296,72,103,121,34.7973,40.8784
3329,295,75,100,120,33.8983,40.6780
3330,294,77,99,118,33.6735,40.1361
3331,293,73,101,119,34.4710,40.6143
3332,295,75,93,127,31.5254,43.0508
3333,294,72,92,130,31.2925,44.2177
3334,295,68,93,134,31.5254,45.4237
3335,298,70,92,136,30.8725,45.6376
3336,300,71,92,137,30.6667,45.6667
3337,299,70,86,143,28.7625,47.8261
3338,299,66,83,150,27.7592,50.1672
3339,297,66,76,155,25.5892,52.1886
3340,299,66,73,160,24.4147,53.5117
3341,298,63,70,165,23.4899,55.3691
3342,301,68,67,166,22.2591,55.1495
3343,300,66,67,167,22.3333,55.6667
3344,298,67,63,168,21.1409,56.3758
3345,300,69,63,168,21.0000,56.0000
3346,300,70,58,172,19.3333,57.3333
3347,299,65,61,173,20.4013,57.8595
3348,301,68,59,174,19.6013,57.8073
3349,301,68,62,171,20.5980,56.8106
3350,301,67,63,171,20.9302,56.8106
3351,301,64,65,172,21.5947,57.1429
3352,299,62,61,176,20.4013,58.8629
3353,299,63,60,176,20.0669,58.8629
3354,302,67,56,179,18.5430,59.2715
3355,302,65,56,181,18.5430,59.9338
3356,302,61,60,181,19.8675,59.9338
3357,301,59,60,182,19.9336,60.4651
3358,301,61,60,180,19.9336,59.8007
3359,300,61,52,187,17.3333,62.3333
3360,300,63,50,187,16.6667,62.3333
3361,300,64,50,186,16.6667,62.0000
3362,300,64,50,186,16.6667,62.0000
3363,300,61,53,186,17.6667,62.0000
3364,299,59,55,185,18.3946,61.8729
3365,299,60,56,183,18.7291,61.2040
3366,302,62,58,182,19.2053,60.2649
3367,302,60,59,183,19.5364,60.5960
3368,301,64,56,181,18.6047,60.1329
3369,300,66,54,180,18.0000,60.0000
3370,298,67,53,178,17.7852,59.7315
3371,303,74,51,178,16.8317,58.7459
3372,300,75,46,179,15.3333,59.6667
3373,300,80,48,172,16.0000,57.3333
3374,300,88,48,164,16.0000,54.6667
3375,300,93,46,161,15.3333,53.6667
3376,299,94,47,158,15.7191,52.8428
3377,297,94,45,158,15.1515,53.1987
3378,298,101,42,155,14.0940,52.0134
3379,299,100,45,154,15.0502,51.5050
3380,300,101,48,151,16.0000,50.3333
3381,299,101,49,149,16.3880,49.8328
3382,301,103,50,148,16.6113,49.1694
3383,300,103,48,149,16.0000,49.6667
3384,300,111,48,141,16.0000,47.0000
3385,297,112,45,140,15.1515,47.1380
3386,302,120,43,139,14.2384,46.0265
3387,301,120,43,138,14.2857,45.8472
3388,301,120,43,138,14.2857,45.8472
3389,301,123,45,133,14.9502,44.1860
3390,301,126,47,128,15.6146,42.5249
3391,301,129,49,123,16.2791,40.8638
3392,301,129,53,119,17.6080,39.5349
3393,301,132,53,116,17.6080,38.5382
3394,301,134,53,114,17.6080,37.8738
3395,301,133,54,114,17.9402,37.8738
3396,300,133,54,113,18.0000,37.6667
3397,300,128,59,113,19.6667,37.6667
3398,299,130,60,109,20.0669,36.4548
3399,302,130,63,109,20.8609,36.0927
3400,302,131,64,107,21.1921,35.4305
3401,301,128,64,109,21.2625,36.2126
3402,301,126,67,108,22.2591,35.8804
3403,301,126,67,108,22.2591,35.8804
3404,301,128,68,105,22.5914,34.8837
3405,301,125,71,105,23.5880,34.8837
3406,301,124,76,101,25.2492,33.5548
3407,300,122,78,100,26.0000,33.3333
3408,300,116,84,100,28.0000,33.3333
3409,300,111,88,101,29.3333,33.6667
3410,299,104,93,102,31.1037,34.1137
3411,300,108,93,99,31.0000,33.0000
3412,300,106,95,99,31.6667,33.0000
3413,300,103,95,102,31.6667,34.0000
3414,298,101,97,100,32.5503,33.5570
3415,301,100,101,100,33.5548,33.2226
3416,300,95,105,100,35.0000,33.3333
3417,298,93,103,102,34.5638,34.2282
3418,299,93,100,106,33.4448,35.4515
3419,297,93,99,105,33.3333,35.3535
3420,298,91,100,107,33.5570,35.9060
3421,300,90,101,109,33.6667,36.3333
3422,300,84,104,112,34.6667,37.3333
3423,300,83,105,112,35.0000,37.3333
3424,299,82,107,110,35.7860,36.7893
3425,301,83,109,109,36.2126,36.2126
3426,300,77,111,112,37.0000,37.3333
3427,297,74,106,117,35.6902,39.3939
3428,298,74,106,118,35.5705,39.5973
3429,300,76,104,120,34.6667,40.0000
3430,297,76,98,123,32.9966,41.4141
3431,296,76,88,132,29.7297,44.5946
3432,302,79,90,133,29.8013,44.0397
3433,301,74,89,138,29.5681,45.8472
3434,300,73,87,140,29.0000,46.6667
3435,299,73,86,140,28.7625,46.8227
3436,299,72,86,141,28.7625,47.1572
3437,299,70,85,144,28.4281,48.1605
3438,302,74,86,142,28.4768,47.0199
3439,301,74,83,144,27.5748,47.8405
3440,301,74,78,149,25.9136,49.5017
3441,299,70,78,151,26.0870,50.5017
3442,302,72,76,154,25.1656,50.9934
3443,298,74,68,156,22.8188,52.3490
3444,302,78,67,157,22.1854,51.9868
3445,301,79,65,157,21.5947,52.1595
3446,299,80,59,160,19.7324,53.5117
3447,299,80,58,161,19.3980,53.8462
3448,303,85,56,162,18.4818,53.4653
3449,302,86,53,163,17.5497,53.9735
3450,302,83,54,165,17.8808,54.6358
3451,301,84,53,164,17.6080,54.4850
3452,301,82,53,166,17.6080,55.1495
3453,298,82,50,166,16.7785,55.7047
3454,299,87,48,164,16.0535,54.8495
3455,301,92,45,164,14.9502,54.4850
3456,301,93,43,165,14.2857,54.8173
3457,298,94,41,163,13.7584,54.6980
3458,298,96,37,165,12.4161,55.3691
3459,300,102,34,164,11.3333,54.6667
3460,299,100,36,163,12.0401,54.5151
3461,303,104,36,163,11.8812,53.7954
3462,302,104,34,164,11.2583,54.3046
3463,301,107,34,160,11.2957,53.1561
3464,300,107,35,158,11.6667,52.6667
3465,299,108,38,153,12.7090,51.1706
3466,299,107,40,152,13.3779,50.8361
3467,299,108,38,153,12.7090,51.1706
3468,300,110,37,153,12.3333,51.0000
3469,300,110,39,151,13.0000,50.3333
3470,300,112,40,148,13.3333,49.3333
3471,299,114,35,150,11.7057,50.1672
3472,300,119,36,145,12.0000,48.3333
3473,299,123,32,144,10.7023,48.1605
3474,302,130,32,140,10.5960,46.3576
3475,302,131,32,139,10.5960,46.0265
3476,302,130,34,138,11.2583,45.6954
3477,302,128,36,138,11.9205,45.6954
3478,302,129,39,134,12.9139,44.3709
3479,301,134,40,127,13.2890,42.1927
3480,300,134,40,126,13.3333,42.0000
3481,300,138,39,123,13.0000,41.0000
3482,299,140,39,120,13.0435,40.1338
3483,303,152,37,114,12.2112,37.6238
3484,303,148,40,115,13.2013,37.9538
3485,303,151,40,112,13.2013,36.9637
3486,303,153,39,111,12.8713,36.6337
3487,303,155,37,111,12.2112,36.6337
3488,303,155,39,109,12.8713,35.9736
3489,303,159,40,104,13.2013,34.3234
3490,302,161,36,105,11.9205,34.7682
3491,302,161,38,103,12.5828,34.1060
3492,302,165,41,96,13.5762,31.7881
3493,301,165,43,93,14.2857,30.8970
3494,301,168,44,89,14.6179,29.5681
3495,301,170,44,87,14.6179,28.9037
3496,301,168,48,85,15.9468,28.2392
3497,300,169,47,84,15.6667,28.0000
3498,300,172,45,83,15.0000,27.6667
3499,300,169,48,83,16.0000,27.6667
3500,300,165,54,81,18.0000,27.0000
3501,299,163,56,80,18.7291,26.7559
3502,301,166,57,78,18.9369,25.9136
3503,301,163,60,78,19.9336,25.9136
3504,301,163,60,78,19.9336,25.9136
3505,299,162,57,80,19.0635,26.7559
3506,299,158,61,80,20.4013,26.7559
3507,301,161,62,78,20.5980,25.9136
3508,300,156,66,78,22.0000,26.0000
3509,300,155,67,78,22.3333,26.0000
3510,300,154,70,76,23.3333,25.3333
3511,300,148,76,76,25.3333,25.3333
3512,299,143,79,77,26.4214,25.7525
3513,300,142,81,77,27.0000,25.6667
3514,300,143,81,76,27.0000,25.3333
3515,299,141,81,77,27.0903,25.7525
3516,302,142,83,77,27.4834,25.4967
3517,300,135,86,79,28.6667,26.3333
3518,299,131,88,80,29.4314,26.7559
3519,300,132,88,80,29.3333,26.6667
3520,298,127,85,86,28.5235,28.8591
3521,299,127,85,87,28.4281,29.0970
3522,295,121,86,88,29.1525,29.8305
3523,295,124,84,87,28.4746,29.4915
3524,296,119,90,87,30.4054,29.3919
3525,295,111,98,86,33.2203,29.1525
3526,299,114,96,89,32.1070,29.7659
3527,302,114,98,90,32.4503,29.8013
3528,301,105,103,93,34.2193,30.8970
3529,297,98,105,94,35.3535,31.6498
3530,302,100,109,93,36.0927,30.7947
3531,301,95,107,99,35.5482,32.8904
3532,297,86,109,102,36.7003,34.3434
3533,299,84,111,104,37.1237,34.7826
3534,303,86,111,106,36.6337,34.9835
3535,303,86,113,104,37.2937,34.3234
3536,302,81,118,103,39.0728,34.1060
3537,300,78,117,105,39.0000,35.0000
3538,300,73,122,105,40.6667,35.0000
3539,297,76,118,103,39.7306,34.6801
3540,298,74,115,109,38.5906,36.5772
3541,300,76,111,113,37.0000,37.6667
3542,298,75,109,114,36.5772,38.2550
3543,301,76,109,116,36.2126,38.5382
3544,300,72,109,119,36.3333,39.6667
3545,298,66,107,125,35.9060,41.9463
3546,298,67,99,132,33.2215,44.2953
3547,299,63,103,133,34.4482,44.4816
3548,299,63,97,139,32.4415,46.4883
3549,299,67,90,142,30.1003,47.4916
3550,301,70,87,144,28.9037,47.8405
3551,300,67,89,144,29.6667,48.0000
3552,297,65,84,148,28.2828,49.8316
3553,292,66,75,151,25.6849,51.7123
3554,293,71,70,152,23.8908,51.8771
3555,293,73,66,154,22.5256,52.5597
3556,294,77,63,154,21.4286,52.3810
3557,298,83,58,157,19.4631,52.6846
3558,300,83,54,163,18.0000,54.3333
3559,299,83,51,165,17.0569,55.1839
3560,305,90,50,165,16.3934,54.0984
3561,305,89,50,166,16.3934,54.4262
3562,305,88,51,166,16.7213,54.4262
3563,305,87,50,168,16.3934,55.0820
3564,304,86,50,168,16.4474,55.2632
3565,302,87,46,169,15.2318,55.9603
3566,301,87,44,170,14.6179,56.4784
3567,301,87,42,172,13.9535,57.1429
3568,300,85,40,175,13.3333,58.3333
3569,299,83,42,174,14.0468,58.1940
3570,300,84,42,174,14.0000,58.0000
3571,300,84,40,176,13.3333,58.6667
3572,299,89,38,172,12.7090,57.5251
3573,300,92,36,172,12.0000,57.3333
3574,300,93,37,170,12.3333,56.6667
3575,300,93,40,167,13.3333,55.6667
3576,299,93,38,168,12.7090,56.1873
3577,305,99,40,166,13.1148,54.4262
3578,305,102,37,166,12.1311,54.4262
3579,305,104,37,164,12.1311,53.7705
3580,304,105,38,161,12.5000,52.9605
3581,304,106,37,161,12.1711,52.9605
3582,303,104,36,163,11.8812,53.7954
3583,302,108,36,158,11.9205,52.3179
3584,302,109,37,156,12.2517,51.6556
3585,302,112,37,153,12.2517,50.6623
3586,302,114,35,153,11.5894,50.6623
3587,302,113,35,154,11.5894,50.9934
3588,301,112,35,154,11.6279,51.1628
3589,299,115,32,152,10.7023,50.8361
3590,301,117,34,150,11.2957,49.8339
3591,300,117,34,149,11.3333,49.6667
3592,300,123,33,144,11.0000,48.0000
3593,298,124,33,141,11.0738,47.3154
3594,301,130,34,137,11.2957,45.5150
3595,300,131,34,135,11.3333,45.0000
3596,299,133,33,133,11.0368,44.4816
3597,301,139,34,128,11.2957,42.5249
3598,301,145,34,122,11.2957,40.5316
3599,301,147,35,119,11.6279,39.5349
3600,300,151,34,115,11.3333,38.3333
3601,300,155,35,110,11.6667,36.6667
3602,299,158,36,105,12.0401,35.1171
3603,299,158,37,104,12.3746,34.7826
3604,304,164,39,101,12.8289,33.2237
3605,304,166,40,98,13.1579,32.2368
3606,303,167,41,95,13.5314,31.3531
3607,303,170,38,95,12.5413,31.3531
3608,303,171,39,93,12.8713,30.6931
3609,302,174,41,87,13.5762,28.8079
3610,302,176,43,83,14.2384,27.4834
3611,302,175,44,83,14.5695,27.4834
3612,302,174,47,81,15.5629,26.8212
3613,302,173,48,81,15.8940,26.8212
3614,302,167,53,82,17.5497,27.1523
3615,301,166,55,80,18.2724,26.5781
3616,300,165,56,79,18.6667,26.3333
3617,300,166,59,75,19.6667,25.0000
3618,298,168,57,73,19.1275,24.4966
3619,302,166,65,71,21.5232,23.5099
3620,302,167,67,68,22.1854,22.5166
3621,302,166,67,69,22.1854,22.8477
3622,302,159,75,68,24.8344,22.5166
3623,301,158,74,69,24.5847,22.9236
3624,301,157,74,70,24.5847,23.2558
3625,300,154,76,70,25.3333,23.3333
3626,300,150,79,71,26.3333,23.6667
3627,300,145,83,72,27.6667,24.0000
3628,300,141,87,72,29.0000,24.0000
3629,299,134,89,76,29.7659,25.4181
3630,301,134,94,73,31.2292,24.2525
3631,300,127,99,74,33.0000,24.6667
3632,299,123,97,79,32.4415,26.4214
3633,300,121,99,80,33.0000,26.6667
3634,299,113,105,81,35.1171,27.0903
3635,301,106,107,88,35.5482,29.2359
3636,300,104,110,86,36.6667,28.6667
3637,299,102,109,88,36.4548,29.4314
3638,301,102,113,86,37.5415,28.5714
3639,299,96,116,87,38.7960,29.0970
3640,298,94,115,89,38.5906,29.8658
3641,297,92,116,89,39.0572,29.9663
3642,298,87,120,91,40.2685,30.5369
3643,297,83,120,94,40.4040,31.6498
3644,298,79,121,98,40.6040,32.8859
3645,299,76,122,101,40.8027,33.7793
3646,299,72,121,106,40.4682,35.4515
3647,298,72,118,108,39.5973,36.2416
3648,299,74,116,109,38.7960,36.4548
3649,303,74,115,114,37.9538,37.6238
3650,303,72,113,118,37.2937,38.9439
3651,302,71,106,125,35.0993,41.3907
3652,302,71,101,130,33.4437,43.0464
3653,302,69,101,132,33.4437,43.7086
3654,301,67,98,136,32.5581,45.1827
3655,299,68,85,146,28.4281,48.8294
3656,301,72,82,147,27.2425,48.8372
3657,297,69,81,147,27.2727,49.4949
3658,298,66,82,150,27.5168,50.3356
3659,297,68,76,153,25.5892,51.5152
3660,298,70,71,157,23.8255,52.6846
3661,301,74,69,158,22.9236,52.4917
3662,299,76,63,160,21.0702,53.5117
3663,303,79,61,163,20.1320,53.7954
3664,302,78,55,169,18.2119,55.9603
3665,301,77,51,173,16.9435,57.4751
3666,301,77,49,175,16.2791,58.1395
3667,300,77,46,177,15.3333,59.0000
3668,300,76,47,177,15.6667,59.0000
3669,297,73,44,180,14.8148,60.6061
3670,299,73,46,180,15.3846,60.2007
3671,301,75,45,181,14.9502,60.1329
3672,301,74,44,183,14.6179,60.7973
3673,301,75,45,181,14.9502,60.1329
3674,300,73,42,185,14.0000,61.6667
3675,300,75,44,181,14.6667,60.3333
3676,300,77,46,177,15.3333,59.0000
3677,299,77,47,175,15.7191,58.5284
3678,303,79,44,180,14.5215,59.4059
3679,302,77,44,181,14.5695,59.9338
3680,300,77,42,181,14.0000,60.3333
3681,300,79,43,178,14.3333,59.3333
3682,300,78,43,179,14.3333,59.6667
3683,299,79,41,179,13.7124,59.8662
3684,300,85,40,175,13.3333,58.3333
3685,300,87,38,175,12.6667,58.3333
3686,299,89,38,172,12.7090,57.5251
3687,305,103,35,167,11.4754,54.7541
3688,305,102,35,168,11.4754,55.0820
3689,305,102,37,166,12.1311,54.4262
3690,305,104,33,168,10.8197,55.0820
3691,305,104,32,169,10.4918,55.4098
3692,305,107,31,167,10.1639,54.7541
3693,304,107,33,164,10.8553,53.9474
3694,303,107,33,163,10.8911,53.7954
3695,302,105,37,160,12.2517,52.9801
3696,302,107,38,157,12.5828,51.9868
3697,302,105,43,154,14.2384,50.9934
3698,301,107,41,153,13.6213,50.8306
3699,301,106,44,151,14.6179,50.1661
3700,300,107,42,151,14.0000,50.3333
3701,299,110,43,146,14.3813,48.8294
3702,300,116,43,141,14.3333,47.0000
3703,299,121,44,134,14.7157,44.8161
3704,301,126,48,127,15.9468,42.1927
3705,301,123,53,125,17.6080,41.5282
3706,301,126,55,120,18.2724,39.8671
3707,301,135,55,111,18.2724,36.8771
3708,301,136,56,109,18.6047,36.2126
3709,299,135,56,108,18.7291,36.1204
3710,301,133,62,106,20.5980,35.2159
3711,301,134,67,100,22.2591,33.2226
3712,300,137,66,97,22.0000,32.3333
3713,299,134,70,95,23.4114,31.7726
3714,300,139,69,92,23.0000,30.6667
3715,299,144,66,89,22.0736,29.7659
3716,299,147,66,86,22.0736,28.7625
3717,298,149,66,83,22.1477,27.8523
3718,300,156,61,83,20.3333,27.6667
3719,299,159,58,82,19.3980,27.4247
3720,301,160,57,84,18.9369,27.9070
3721,300,161,58,81,19.3333,27.0000
3722,299,160,58,81,19.3980,27.0903
3723,297,157,61,79,20.5387,26.5993
3724,299,158,61,80,20.4013,26.7559
3725,301,156,62,83,20.5980,27.5748
3726,301,154,66,81,21.9269,26.9103
3727,300,147,71,82,23.6667,27.3333
3728,299,143,71,85,23.7458,28.4281
3729,300,139,76,85,25.3333,28.3333
3730,298,142,73,83,24.4966,27.8523
3731,302,145,71,86,23.5099,28.4768
3732,302,142,71,89,23.5099,29.4702
3733,300,141,70,89,23.3333,29.6667
3734,300,141,68,91,22.6667,30.3333
3735,299,141,69,89,23.0769,29.7659
3736,299,137,73,89,24.4147,29.7659
3737,300,137,69,94,23.0000,31.3333
3738,300,134,71,95,23.6667,31.6667
3739,300,129,79,92,26.3333,30.6667
3740,300,123,85,92,28.3333,30.6667
3741,299,114,93,92,31.1037,30.7692
3742,304,118,95,91,31.2500,29.9342
3743,304,118,97,89,31.9079,29.2763
3744,303,110,101,92,33.3333,30.3630
3745,300,107,97,96,32.3333,32.0000
3746,298,105,96,97,32.2148,32.5503
3747,300,101,96,103,32.0000,34.3333
3748,300,99,95,106,31.6667,35.3333
3749,299,94,96,109,32.1070,36.4548
3750,297,95,96,106,32.3232,35.6902
3751,298,96,97,105,32.5503,35.2349
3752,297,98,92,107,30.9764,36.0269
3753,299,94,96,109,32.1070,36.4548
3754,300,93,98,109,32.6667,36.3333
3755,299,89,101,109,33.7793,36.4548
3756,302,88,102,112,33.7748,37.0861
3757,300,82,102,116,34.0000,38.6667
3758,299,77,105,117,35.1171,39.1304
3759,297,77,100,120,33.6700,40.4040
3760,296,77,96,123,32.4324,41.5541
3761,293,75,88,130,30.0341,44.3686
3762,295,78,85,132,28.8136,44.7458
3763,301,80,85,136,28.2392,45.1827
3764,300,80,79,141,26.3333,47.0000
3765,299,76,77,146,25.7525,48.8294
3766,300,74,79,147,26.3333,49.0000
3767,299,73,78,148,26.0870,49.4983
3768,301,78,75,148,24.9169,49.1694
3769,301,76,74,151,24.5847,50.1661
3770,299,78,73,148,24.4147,49.4983
3771,302,79,74,149,24.5033,49.3377
3772,302,79,75,148,24.8344,49.0066
3773,301,77,73,151,24.2525,50.1661
3774,300,76,71,153,23.6667,51.0000
3775,299,74,69,156,23.0769,52.1739
3776,299,78,64,157,21.4047,52.5084
3777,298,82,58,158,19.4631,53.0201
3778,302,88,57,157,18.8742,51.9868
3779,301,88,54,159,17.9402,52.8239
3780,300,88,54,158,18.0000,52.6667
3781,298,85,53,160,17.7852,53.6913
3782,300,89,53,158,17.6667,52.6667
3783,299,91,53,155,17.7258,51.8395
3784,303,93,57,153,18.8119,50.4950
3785,302,91,56,155,18.5430,51.3245
3786,299,94,51,154,17.0569,51.5050
3787,303,91,54,158,17.8218,52.1452
3788,301,92,51,158,16.9435,52.4917
3789,300,99,49,152,16.3333,50.6667
3790,300,98,48,154,16.0000,51.3333
3791,300,96,46,158,15.3333,52.6667
3792,300,95,45,160,15.0000,53.3333
3793,300,95,45,160,15.0000,53.3333
3794,298,97,42,159,14.0940,53.3557
3795,304,105,41,158,13.4868,51.9737
3796,304,106,42,156,13.8158,51.3158
3797,303,108,43,152,14.1914,50.1650
3798,303,111,42,150,13.8614,49.5050
3799,303,113,45,145,14.8515,47.8548
3800,303,118,44,141,14.5215,46.5347
3801,302,120,43,139,14.2384,46.0265
3802,302,115,47,140,15.5629,46.3576
3803,302,113,46,143,15.2318,47.3510
3804,302,116,43,143,14.2384,47.3510
3805,301,117,39,145,12.9568,48.1728
3806,301,112,44,145,14.6179,48.1728
3807,298,110,41,147,13.7584,49.3289
3808,299,113,39,147,13.0435,49.1639
3809,302,118,41,143,13.5762,47.3510
3810,302,116,43,143,14.2384,47.3510
3811,302,119,43,140,14.2384,46.3576
3812,301,119,44,138,14.6179,45.8472
3813,301,125,45,131,14.9502,43.5216
3814,301,126,45,130,14.9502,43.1894
3815,301,126,49,126,16.2791,41.8605
3816,301,129,51,121,16.9435,40.1993
3817,301,131,53,117,17.6080,38.8704
3818,300,130,55,115,18.3333,38.3333
3819,299,128,58,113,19.3980,37.7926
3820,300,130,60,110,20.0000,36.6667
3821,300,133,61,106,20.3333,35.3333
3822,300,126,65,109,21.6667,36.3333
3823,298,126,65,107,21.8121,35.9060
3824,299,127,64,108,21.4047,36.1204
3825,299,122,71,106,23.7458,35.4515
3826,300,122,73,105,24.3333,35.0000
3827,300,120,74,106,24.6667,35.3333
3828,299,122,75,102,25.0836,34.1137
3829,299,121,79,99,26.4214,33.1104
3830,299,120,81,98,27.0903,32.7759
3831,300,118,85,97,28.3333,32.3333
3832,300,115,84,101,28.0000,33.6667
3833,300,111,89,100,29.6667,33.3333
3834,300,109,91,100,30.3333,33.3333
3835,300,108,93,99,31.0000,33.0000
3836,299,105,95,99,31.7726,33.1104
3837,299,105,95,99,31.7726,33.1104
3838,301,103,99,99,32.8904,32.8904
3839,301,101,103,97,34.2193,32.2259
3840,298,97,100,101,33.5570,33.8926
3841,299,96,103,100,34.4482,33.4448
3842,299,93,108,98,36.1204,32.7759
3843,298,94,106,98,35.5705,32.8859
3844,298,94,108,96,36.2416,32.2148
3845,300,95,107,98,35.6667,32.6667
3846,295,95,101,99,34.2373,33.5593
3847,295,91,100,104,33.8983,35.2542
3848,295,84,108,103,36.6102,34.9153
3849,297,80,109,108,36.7003,36.3636
3850,301,77,114,110,37.8738,36.5449
3851,300,71,115,114,38.3333,38.0000
3852,300,72,107,121,35.6667,40.3333
3853,300,71,106,123,35.3333,41.0000
3854,300,71,106,123,35.3333,41.0000
3855,300,70,104,126,34.6667,42.0000
3856,300,71,103,126,34.3333,42.0000
3857,299,72,102,125,34.1137,41.8060
3858,298,73,97,128,32.5503,42.9530
3859,299,73,92,134,30.7692,44.8161
3860,300,76,89,135,29.6667,45.0000
3861,299,75,86,138,28.7625,46.1538
3862,300,79,80,141,26.6667,47.0000
3863,300,77,78,145,26.0000,48.3333
3864,299,77,74,148,24.7492,49.4983
3865,300,74,75,151,25.0000,50.3333
3866,299,74,76,149,25.4181,49.8328
3867,301,73,75,153,24.9169,50.8306
3868,298,74,69,155,23.1544,52.0134
3869,299,76,63,160,21.0702,53.5117
3870,300,78,55,167,18.3333,55.6667
3871,298,80,49,169,16.4430,56.7114
3872,303,83,48,172,15.8416,56.7657
3873,302,82,47,173,15.5629,57.2848
3874,302,86,46,170,15.2318,56.2914
3875,301,87,46,168,15.2824,55.8140
3876,299,87,41,171,13.7124,57.1906
3877,301,89,39,173,12.9568,57.4751
3878,301,90,40,171,13.2890,56.8106
3879,301,92,39,170,12.9568,56.4784
3880,299,92,37,170,12.3746,56.8562
3881,303,99,34,170,11.2211,56.1056
3882,303,98,35,170,11.5512,56.1056
3883,302,98,35,169,11.5894,55.9603
3884,302,103,33,166,10.9272,54.9669
3885,301,101,31,169,10.2990,56.1462
3886,301,102,30,169,9.9668,56.1462
3887,301,103,26,172,8.6379,57.1429
3888,300,105,24,171,8.0000,57.0000
3889,300,106,25,169,8.3333,56.3333
3890,299,107,26,166,8.6957,55.5184
3891,301,109,28,164,9.3023,54.4850
3892,301,113,28,160,9.3023,53.1561
3893,301,112,27,162,8.9701,53.8206
3894,300,113,25,162,8.3333,54.0000
3895,300,114,28,158,9.3333,52.6667
3896,299,113,28,158,9.3645,52.8428
3897,301,117,27,157,8.9701,52.1595
3898,300,119,27,154,9.0000,51.3333
3899,300,122,28,150,9.3333,50.0000
3900,300,120,30,150,10.0000,50.0000
3901,299,121,33,145,11.0368,48.4950
3902,302,127,32,143,10.5960,47.3510
3903,302,129,35,138,11.5894,45.6954
3904,301,134,35,132,11.6279,43.8538
3905,301,134,39,128,12.9568,42.5249
3906,299,136,35,128,11.7057,42.8094
3907,307,150,35,122,11.4007,39.7394
3908,307,145,44,118,14.3322,38.4365
3909,307,142,51,114,16.6124,37.1336
3910,306,143,51,112,16.6667,36.6013
3911,305,145,56,104,18.3607,34.0984
3912,305,147,56,102,18.3607,33.4426
3913,305,145,60,100,19.6721,32.7869
3914,305,144,64,97,20.9836,31.8033
3915,304,148,63,93,20.7237,30.5921
3916,304,150,66,88,21.7105,28.9474
3917,304,147,69,88,22.6974,28.9474
3918,304,141,75,88,24.6711,28.9474
3919,303,136,80,87,26.4026,28.7129
3920,303,136,84,83,27.7228,27.3927
3921,302,138,84,80,27.8146,26.4901
3922,302,140,87,75,28.8079,24.8344
3923,301,138,91,72,30.2326,23.9203
3924,300,133,97,70,32.3333,23.3333
3925,299,129,98,72,32.7759,24.0803
3926,302,123,107,72,35.4305,23.8411
3927,302,118,112,72,37.0861,23.8411
3928,301,120,112,69,37.2093,22.9236
3929,300,117,108,75,36.0000,25.0000
3930,298,118,103,77,34.5638,25.8389
3931,300,122,100,78,33.3333,26.0000
3932,300,117,104,79,34.6667,26.3333
3933,300,109,110,81,36.6667,27.0000
3934,299,105,108,86,36.1204,28.7625
3935,302,102,110,90,36.4238,29.8013
3936,302,102,113,87,37.4172,28.8079
3937,301,101,114,86,37.8738,28.5714
3938,296,98,112,86,37.8378,29.0541
3939,297,102,106,89,35.6902,29.9663
3940,301,105,101,95,33.5548,31.5615
3941,300,103,100,97,33.3333,32.3333
3942,298,97,103,98,34.5638,32.8859
3943,298,94,97,107,32.5503,35.9060
3944,300,92,98,110,32.6667,36.6667
3945,297,89,94,114,31.6498,38.3838
3946,299,90,91,118,30.4348,39.4649
3947,297,90,84,123,28.2828,41.4141
3948,299,91,82,126,27.4247,42.1405
3949,299,86,88,125,29.4314,41.8060
3950,299,81,90,128,30.1003,42.8094
3951,303,85,91,127,30.0330,41.9142
3952,302,84,88,130,29.1391,43.0464
3953,299,81,83,135,27.7592,45.1505
3954,299,82,80,137,26.7559,45.8194
3955,303,86,76,141,25.0825,46.5347
3956,302,85,73,144,24.1722,47.6821
3957,299,83,68,148,22.7425,49.4983
3958,296,80,69,147,23.3108,49.6622
3959,299,83,67,149,22.4080,49.8328
3960,299,82,66,151,22.0736,50.5017
3961,299,80,66,153,22.0736,51.1706
3962,301,83,65,153,21.5947,50.8306
3963,296,82,57,157,19.2568,53.0405
3964,298,83,60,155,20.1342,52.0134
3965,298,80,60,158,20.1342,53.0201
3966,301,80,60,161,19.9336,53.4884
3967,301,78,63,160,20.9302,53.1561
3968,301,77,63,161,20.9302,53.4884
3969,299,79,57,163,19.0635,54.5151
3970,299,79,50,170,16.7224,56.8562
3971,301,82,51,168,16.9435,55.8140
3972,299,78,52,169,17.3913,56.5217
3973,304,85,50,169,16.4474,55.5921
3974,304,86,50,168,16.4474,55.2632
3975,304,85,52,167,17.1053,54.9342
3976,304,83,55,166,18.0921,54.6053
3977,304,85,52,167,17.1053,54.9342
3978,304,82,56,166,18.4211,54.6053
3979,301,82,51,168,16.9435,55.8140
3980,301,82,51,168,16.9435,55.8140
3981,300,90,51,159,17.0000,53.0000
3982,298,93,48,157,16.1074,52.6846
3983,298,96,49,153,16.4430,51.3423
3984,306,104,49,153,16.0131,50.0000
3985,306,107,45,154,14.7059,50.3268
3986,303,108,40,155,13.2013,51.1551
3987,301,113,35,153,11.6279,50.8306
3988,301,110,38,153,12.6246,50.8306
3989,300,110,39,151,13.0000,50.3333
3990,300,109,42,149,14.0000,49.6667
3991,300,116,38,146,12.6667,48.6667
3992,300,122,37,141,12.3333,47.0000
3993,299,122,37,140,12.3746,46.8227
3994,301,119,41,141,13.6213,46.8439
3995,301,127,41,133,13.6213,44.1860
3996,301,130,39,132,12.9568,43.8538
3997,301,132,42,127,13.9535,42.1927
3998,300,134,42,124,14.0000,41.3333
3999,298,136,42,120,14.0940,40.2685
4000,298,140,42,116,14.0940,38.9262
4001,299,137,45,117,15.0502,39.1304
4002,302,137,50,115,16.5563,38.0795
4003,302,132,54,116,17.8808,38.4106
4004,302,134,55,113,18.2119,37.4172
4005,301,134,59,108,19.6013,35.8804
4006,301,133,63,105,20.9302,34.8837
4007,300,136,60,104,20.0000,34.6667
4008,300,139,60,101,20.0000,33.6667
4009,300,138,63,99,21.0000,33.0000
4010,300,136,62,102,20.6667,34.0000
4011,300,136,63,101,21.0000,33.6667
4012,300,133,67,100,22.3333,33.3333
4013,300,133,68,99,22.6667,33.0000
4014,300,133,65,102,21.6667,34.0000
4015,299,133,66,100,22.0736,33.4448
4016,301,132,68,101,22.5914,33.5548
4017,300,132,69,99,23.0000,33.0000
4018,297,130,72,95,24.2424,31.9865
4019,300,131,73,96,24.3333,32.0000
4020,299,126,77,96,25.7525,32.1070
4021,299,126,80,93,26.7559,31.1037
4022,299,132,74,93,24.7492,31.1037
4023,299,129,77,93,25.7525,31.1037
4024,299,126,77,96,25.7525,32.1070
4025,302,131,76,95,25.1656,31.4570
4026,298,124,78,96,26.1745,32.2148
4027,301,123,81,97,26.9103,32.2259
4028,301,122,82,97,27.2425,32.2259
4029,300,126,79,95,26.3333,31.6667
4030,299,123,77,99,25.7525,33.1104
4031,298,117,83,98,27.8523,32.8859
4032,298,114,84,100,28.1879,33.5570
4033,298,110,86,102,28.8591,34.2282
4034,298,109,86,103,28.8591,34.5638
4035,302,103,95,104,31.4570,34.4371
4036,301,100,94,107,31.2292,35.5482
4037,300,99,96,105,32.0000,35.0000
4038,299,99,98,102,32.7759,34.1137
4039,299,100,95,104,31.7726,34.7826
4040,301,98,92,111,30.5648,36.8771
4041,299,93,95,111,31.7726,37.1237
4042,298,90,93,115,31.2081,38.5906
4043,298,91,94,113,31.5436,37.9195
4044,301,91,95,115,31.5615,38.2060
4045,300,88,98,114,32.6667,38.0000
4046,297,82,99,116,33.3333,39.0572
4047,298,76,101,121,33.8926,40.6040
4048,303,79,106,118,34.9835,38.9439
4049,302,74,111,117,36.7550,38.7417
4050,302,71,115,116,38.0795,38.4106
4051,301,70,110,121,36.5449,40.1993
4052,300,63,111,126,37.0000,42.0000
4053,297,62,106,129,35.6902,43.4343
4054,299,62,108,129,36.1204,43.1438
4055,299,64,101,134,33.7793,44.8161
4056,301,64,99,138,32.8904,45.8472
4057,298,61,98,139,32.8859,46.6443
4058,298,59,96,143,32.2148,47.9866
4059,298,61,93,144,31.2081,48.3221
4060,297,59,94,144,31.6498,48.4848
4061,297,62,89,146,29.9663,49.1582
4062,299,67,86,146,28.7625,48.8294
4063,298,69,82,147,27.5168,49.3289
4064,299,67,79,153,26.4214,51.1706
4065,297,68,77,152,25.9259,51.1785
4066,301,76,76,149,25.2492,49.5017
4067,296,75,66,155,22.2973,52.3649
4068,299,76,64,159,21.4047,53.1773
4069,299,75,63,161,21.0702,53.8462
4070,302,79,58,165,19.2053,54.6358
4071,301,76,59,166,19.6013,55.1495
4072,297,73,58,166,19.5286,55.8923
4073,302,78,57,167,18.8742,55.2980
4074,300,85,52,163,17.3333,54.3333
4075,299,84,52,163,17.3913,54.5151
4076,300,87,51,162,17.0000,54.0000
4077,300,88,51,161,17.0000,53.6667
4078,300,88,51,161,17.0000,53.6667
4079,299,87,49,163,16.3880,54.5151
4080,300,87,48,165,16.0000,55.0000
4081,300,89,46,165,15.3333,55.0000
4082,300,90,49,161,16.3333,53.6667
4083,299,89,49,161,16.3880,53.8462
4084,301,92,51,158,16.9435,52.4917
4085,300,92,49,159,16.3333,53.0000
4086,300,94,47,159,15.6667,53.0000
4087,300,95,46,159,15.3333,53.0000
4088,299,100,41,158,13.7124,52.8428
4089,301,102,40,159,13.2890,52.8239
4090,300,103,39,158,13.0000,52.6667
4091,300,106,40,154,13.3333,51.3333
4092,298,109,36,153,12.0805,51.3423
4093,301,112,37,152,12.2924,50.4983
4094,301,115,36,150,11.9601,49.8339
4095,301,116,35,150,11.6279,49.8339
4096,301,118,36,147,11.9601,48.8372
4097,301,117,36,148,11.9601,49.1694
4098,300,119,35,146,11.6667,48.6667
4099,300,121,36,143,12.0000,47.6667
4100,299,117,38,144,12.7090,48.1605
4101,300,117,39,144,13.0000,48.0000
4102,299,115,41,143,13.7124,47.8261
4103,298,121,37,140,12.4161,46.9799
4104,302,130,37,135,12.2517,44.7020
4105,302,131,38,133,12.5828,44.0397
4106,302,131,38,133,12.5828,44.0397
4107,302,136,40,126,13.2450,41.7219
4108,302,139,42,121,13.9073,40.0662
4109,301,137,43,121,14.2857,40.1993
4110,301,138,46,117,15.2824,38.8704
4111,301,140,45,116,14.9502,38.5382
4112,301,137,46,118,15.2824,39.2027
4113,301,138,48,115,15.9468,38.2060
4114,301,138,51,112,16.9435,37.2093
4115,300,138,52,110,17.3333,36.6667
4116,300,141,54,105,18.0000,35.0000
4117,300,134,59,107,19.6667,35.6667
4118,299,132,60,107,20.0669,35.7860
4119,301,137,65,99,21.5947,32.8904
4120,297,138,62,97,20.8754,32.6599
4121,297,136,67,94,22.5589,31.6498
4122,298,138,68,92,22.8188,30.8725
4123,300,134,76,90,25.3333,30.0000
4124,300,132,78,90,26.0000,30.0000
4125,300,132,77,91,25.6667,30.3333
4126,300,125,87,88,29.0000,29.3333
4127,299,120,91,88,30.4348,29.4314
4128,304,124,94,86,30.9211,28.2895
4129,303,121,95,87,31.3531,28.7129
4130,303,120,96,87,31.6832,28.7129
4131,302,117,100,85,33.1126,28.1457
4132,301,116,98,87,32.5581,28.9037
4133,301,116,98,87,32.5581,28.9037
4134,300,112,99,89,33.0000,29.6667
4135,300,107,102,91,34.0000,30.3333
4136,299,101,104,94,34.7826,31.4381
4137,303,103,106,94,34.9835,31.0231
4138,301,98,107,96,35.5482,31.8937
4139,299,91,110,98,36.7893,32.7759
4140,300,94,109,97,36.3333,32.3333
4141,299,92,109,98,36.4548,32.7759
4142,297,90,105,102,35.3535,34.3434
4143,295,90,100,105,33.8983,35.5932
4144,296,93,101,102,34.1216,34.4595
4145,299,91,104,104,34.7826,34.7826
4146,299,94,96,109,32.1070,36.4548
4147,299,93,96,110,32.1070,36.7893
4148,301,92,96,113,31.8937,37.5415
4149,299,88,95,116,31.7726,38.7960
4150,301,86,99,116,32.8904,38.5382
4151,299,86,97,116,32.4415,38.7960
4152,299,87,94,118,31.4381,39.4649
4153,300,85,97,118,32.3333,39.3333
4154,299,81,97,121,32.4415,40.4682
4155,299,80,96,123,32.1070,41.1371
4156,299,79,94,126,31.4381,42.1405
4157,298,78,92,128,30.8725,42.9530
4158,301,82,85,134,28.2392,44.5183
4159,297,78,83,136,27.9461,45.7912
4160,298,76,81,141,27.1812,47.3154
4161,300,75,83,142,27.6667,47.3333
4162,297,74,77,146,25.9259,49.1582
4163,297,75,78,144,26.2626,48.4848
4164,299,77,79,143,26.4214,47.8261
4165,296,76,76,144,25.6757,48.6486
4166,297,76,75,146,25.2525,49.1582
4167,298,72,79,147,26.5101,49.3289
4168,299,75,72,152,24.0803,50.8361
4169,300,74,76,150,25.3333,50.0000
4170,299,71,75,153,25.0836,51.1706
4171,299,68,72,159,24.0803,53.1773
4172,299,66,75,158,25.0836,52.8428
4173,301,68,74,159,24.5847,52.8239
4174,300,68,70,162,23.3333,54.0000
4175,299,67,68,164,22.7425,54.8495
4176,303,71,64,168,21.1221,55.4455
4177,302,72,64,166,21.1921,54.9669
4178,302,71,62,169,20.5298,55.9603
4179,302,71,63,168,20.8609,55.6291
4180,302,70,61,171,20.1987,56.6225
4181,299,69,60,170,20.0669,56.8562
4182,299,69,61,169,20.4013,56.5217
4183,301,70,62,169,20.5980,56.1462
4184,298,74,58,166,19.4631,55.7047
4185,300,77,54,169,18.0000,56.3333
4186,300,78,53,169,17.6667,56.3333
4187,300,78,54,168,18.0000,56.0000
4188,299,77,55,167,18.3946,55.8528
4189,303,82,56,165,18.4818,54.4554
4190,299,84,50,165,16.7224,55.1839
4191,298,85,50,163,16.7785,54.6980
4192,299,92,44,163,14.7157,54.5151
4193,296,95,41,160,13.8514,54.0541
4194,297,102,41,154,13.8047,51.8519
4195,298,106,39,153,13.0872,51.3423
4196,299,109,39,151,13.0435,50.5017
4197,301,114,36,151,11.9601,50.1661
4198,300,121,34,145,11.3333,48.3333
4199,300,122,35,143,11.6667,47.6667
4200,299,125,34,140,11.3712,46.8227
4201,302,131,36,135,11.9205,44.7020
4202,301,132,33,136,10.9635,45.1827
4203,298,133,30,135,10.0671,45.3020
4204,302,136,34,132,11.2583,43.7086
4205,302,134,35,133,11.5894,44.0397
4206,301,134,37,130,12.2924,43.1894
4207,300,138,35,127,11.6667,42.3333
4208,299,139,33,127,11.0368,42.4749
4209,301,144,34,123,11.2957,40.8638
4210,300,149,32,119,10.6667,39.6667
4211,299,149,31,119,10.3679,39.7993
4212,300,153,32,115,10.6667,38.3333
4213,300,153,34,113,11.3333,37.6667
4214,299,154,36,109,12.0401,36.4548
4215,300,154,38,108,12.6667,36.0000
4216,299,154,40,105,13.3779,35.1171
4217,301,154,43,104,14.2857,34.5515
4218,301,154,46,101,15.2824,33.5548
4219,300,150,50,100,16.6667,33.3333
4220,300,153,52,95,17.3333,31.6667
4221,299,149,54,96,18.0602,32.1070
4222,301,153,57,91,18.9369,30.2326
4223,301,154,61,86,20.2658,28.5714
4224,300,154,58,88,19.3333,29.3333
4225,300,153,60,87,20.0000,29.0000
4226,300,156,59,85,19.6667,28.3333
4227,300,153,62,85,20.6667,28.3333
4228,300,155,65,80,21.6667,26.6667
4229,300,154,64,82,21.3333,27.3333
4230,299,150,69,80,23.0769,26.7559
4231,302,151,70,81,23.1788,26.8212
4232,301,152,71,78,23.5880,25.9136
4233,299,148,73,78,24.4147,26.0870
4234,301,147,78,76,25.9136,25.2492
4235,300,142,80,78,26.6667,26.0000
4236,300,138,81,81,27.0000,27.0000
4237,300,137,86,77,28.6667,25.6667
4238,300,134,87,79,29.0000,26.3333
4239,299,133,85,81,28.4281,27.0903
4240,303,134,87,82,28.7129,27.0627
4241,302,128,92,82,30.4636,27.1523
4242,300,127,93,80,31.0000,26.6667
4243,299,120,97,82,32.4415,27.4247
4244,299,119,98,82,32.7759,27.4247
4245,303,121,98,84,32.3432,27.7228
4246,303,118,98,87,32.3432,28.7129
4247,303,113,103,87,33.9934,28.7129
4248,300,109,104,87,34.6667,29.0000
4249,300,102,110,88,36.6667,29.3333
4250,299,97,112,90,37.4582,30.1003
4251,301,98,108,95,35.8804,31.5615
4252,300,89,117,94,39.0000,31.3333
4253,299,83,119,97,39.7993,32.4415
4254,301,79,122,100,40.5316,33.2226
4255,301,77,119,105,39.5349,34.8837
4256,297,72,117,108,39.3939,36.3636
4257,299,70,121,108,40.4682,36.1204
4258,299,70,113,116,37.7926,38.7960
4259,299,69,113,117,37.7926,39.1304
4260,301,71,111,119,36.8771,39.5349
4261,299,70,106,123,35.4515,41.1371
4262,304,70,111,123,36.5132,40.4605
4263,302,68,108,126,35.7616,41.7219
4264,301,68,102,131,33.8870,43.5216
4265,299,62,103,134,34.4482,44.8161
4266,305,61,109,135,35.7377,44.2623
4267,302,59,103,140,34.1060,46.3576
4268,302,55,103,144,34.1060,47.6821
4269,302,53,97,152,32.1192,50.3311
4270,302,50,94,158,31.1258,52.3179
4271,302,49,91,162,30.1325,53.6424
4272,300,51,80,169,26.6667,56.3333
4273,300,46,81,173,27.0000,57.6667
4274,297,46,72,179,24.2424,60.2694
4275,301,47,71,183,23.5880,60.7973
4276,299,50,67,182,22.4080,60.8696
4277,302,51,67,184,22.1854,60.9272
4278,301,52,65,184,21.5947,61.1296
4279,301,52,65,184,21.5947,61.1296
4280,300,51,62,187,20.6667,62.3333
4281,298,52,63,183,21.1409,61.4094
4282,301,56,60,185,19.9336,61.4618
4283,299,56,54,189,18.0602,63.2107
4284,301,59,52,190,17.2757,63.1229
4285,300,57,53,190,17.6667,63.3333
4286,298,56,46,196,15.4362,65.7718
4287,300,61,43,196,14.3333,65.3333
4288,300,64,41,195,13.6667,65.0000
4289,300,64,40,196,13.3333,65.3333
4290,300,66,39,195,13.0000,65.0000
4291,300,67,40,193,13.3333,64.3333
4292,299,69,41,189,13.7124,63.2107
4293,302,72,40,190,13.2450,62.9139
4294,301,72,39,190,12.9568,63.1229
4295,301,73,39,189,12.9568,62.7907
4296,301,74,38,189,12.6246,62.7907
4297,301,75,37,189,12.2924,62.7907
4298,300,77,36,187,12.0000,62.3333
4299,300,75,41,184,13.6667,61.3333
4300,299,75,39,185,13.0435,61.8729
4301,299,75,38,186,12.7090,62.2074
4302,301,80,38,183,12.6246,60.7973
4303,301,85,39,177,12.9568,58.8040
4304,301,85,38,178,12.6246,59.1362
4305,300,87,35,178,11.6667,59.3333
4306,300,92,34,174,11.3333,58.0000
4307,300,99,34,167,11.3333,55.6667
4308,299,101,33,165,11.0368,55.1839
4309,304,106,33,165,10.8553,54.2763
4310,304,112,33,159,10.8553,52.3026
4311,304,114,30,160,9.8684,52.6316
4312,303,116,32,155,10.5611,51.1551
4313,303,121,29,153,9.5710,50.4950
4314,303,121,32,150,10.5611,49.5050
4315,302,125,30,147,9.9338,48.6755
4316,302,131,28,143,9.2715,47.3510
4317,302,132,28,142,9.2715,47.0199
4318,302,129,31,142,10.2649,47.0199
4319,301,133,29,139,9.6346,46.1794
4320,301,136,26,139,8.6379,46.1794
4321,301,144,26,131,8.6379,43.5216
4322,300,147,27,126,9.0000,42.0000
4323,299,151,26,122,8.6957,40.8027
4324,303,164,26,113,8.5809,37.2937
4325,303,166,29,108,9.5710,35.6436
4326,302,169,31,102,10.2649,33.7748
4327,302,174,30,98,9.9338,32.4503
4328,302,173,34,95,11.2583,31.4570
4329,302,173,35,94,11.5894,31.1258
4330,302,172,39,91,12.9139,30.1325
4331,302,174,37,91,12.2517,30.1325
4332,302,176,37,89,12.2517,29.4702
4333,302,172,39,91,12.9139,30.1325
4334,302,172,42,88,13.9073,29.1391
4335,300,172,44,84,14.6667,28.0000
4336,299,170,47,82,15.7191,27.4247
4337,301,171,48,82,15.9468,27.2425
4338,300,172,50,78,16.6667,26.0000
4339,299,171,53,75,17.7258,25.0836
4340,301,173,54,74,17.9402,24.5847
4341,301,171,59,71,19.6013,23.5880
4342,300,164,66,70,22.0000,23.3333
4343,300,162,69,69,23.0000,23.0000
4344,300,158,73,69,24.3333,23.0000
4345,299,154,77,68,25.7525,22.7425
4346,300,149,81,70,27.0000,23.3333
4347,300,147,85,68,28.3333,22.6667
4348,300,141,93,66,31.0000,22.0000
4349,298,138,94,66,31.5436,22.1477
4350,299,134,97,68,32.4415,22.7425
4351,301,132,99,70,32.8904,23.2558
4352,301,123,110,68,36.5449,22.5914
4353,300,121,114,65,38.0000,21.6667
4354,300,115,115,70,38.3333,23.3333
4355,299,110,116,73,38.7960,24.4147
4356,300,108,118,74,39.3333,24.6667
4357,298,101,123,74,41.2752,24.8322
4358,298,97,126,75,42.2819,25.1678
4359,299,95,125,79,41.8060,26.4214
4360,300,95,126,79,42.0000,26.3333
4361,299,86,129,84,43.1438,28.0936
4362,299,80,130,89,43.4783,29.7659
4363,299,76,136,87,45.4849,29.0970
4364,301,77,132,92,43.8538,30.5648
4365,298,73,134,91,44.9664,30.5369
4366,299,72,130,97,43.4783,32.4415
4367,298,63,139,96,46.6443,32.2148
4368,299,63,138,98,46.1538,32.7759
4369,295,61,133,101,45.0847,34.2373
4370,291,58,130,103,44.6735,35.3952
4371,291,53,133,105,45.7045,36.0825
4372,291,55,132,104,45.3608,35.7388
4373,289,53,122,114,42.2145,39.4464
4374,290,49,124,117,42.7586,40.3448
4375,292,47,123,122,42.1233,41.7808
4376,291,48,121,122,41.5808,41.9244
4377,290,49,111,130,38.2759,44.8276
4378,294,52,108,134,36.7347,45.5782
4379,294,50,104,140,35.3741,47.6190
4380,296,52,102,142,34.4595,47.9730
4381,294,48,100,146,34.0136,49.6599
4382,298,52,94,152,31.5436,51.0067
4383,296,54,85,157,28.7162,53.0405
4384,297,54,81,162,27.2727,54.5455
4385,299,61,75,163,25.0836,54.5151
4386,300,60,73,167,24.3333,55.6667
4387,297,60,66,171,22.2222,57.5758
4388,298,62,61,175,20.4698,58.7248
4389,302,67,57,178,18.8742,58.9404
4390,302,68,54,180,17.8808,59.6026
4391,298,67,45,186,15.1007,62.4161
4392,298,69,43,186,14.4295,62.4161
4393,299,71,37,191,12.3746,63.8796
4394,301,76,32,193,10.6312,64.1196
4395,301,74,33,194,10.9635,64.4518
4396,300,71,32,197,10.6667,65.6667
4397,300,71,33,196,11.0000,65.3333
4398,299,75,32,192,10.7023,64.2140
4399,300,75,32,193,10.6667,64.3333
4400,297,75,29,193,9.7643,64.9832
4401,300,81,26,193,8.6667,64.3333
4402,300,84,24,192,8.0000,64.0000
4403,300,83,25,192,8.3333,64.0000
4404,299,83,23,193,7.6923,64.5485
4405,303,88,22,193,7.2607,63.6964
4406,302,92,21,189,6.9536,62.5828
4407,301,94,20,187,6.6445,62.1262
4408,301,96,20,185,6.6445,61.4618
4409,300,98,19,183,6.3333,61.0000
4410,300,100,20,180,6.6667,60.0000
4411,299,102,21,176,7.0234,58.8629
4412,301,106,20,175,6.6445,58.1395
4413,300,110,21,169,7.0000,56.3333
4414,300,115,23,162,7.6667,54.0000
4415,299,115,23,161,7.6923,53.8462
4416,303,125,20,158,6.6007,52.1452
4417,302,126,19,157,6.2914,51.9868
4418,302,130,21,151,6.9536,50.0000
4419,302,131,21,150,6.9536,49.6689
4420,302,133,21,148,6.9536,49.0066
4421,302,136,22,144,7.2848,47.6821
4422,302,137,24,141,7.9470,46.6887
4423,301,138,25,138,8.3056,45.8472
4424,301,138,27,136,8.9701,45.1827
4425,301,147,29,125,9.6346,41.5282
4426,301,151,29,121,9.6346,40.1993
4427,301,154,30,117,9.9668,38.8704
4428,301,151,32,118,10.6312,39.2027
4429,301,156,34,111,11.2957,36.8771
4430,301,157,37,107,12.2924,35.5482
4431,300,159,40,101,13.3333,33.6667
4432,299,159,41,99,13.7124,33.1104
4433,302,163,45,94,14.9007,31.1258
4434,302,164,48,90,15.8940,29.8013
4435,302,167,52,83,17.2185,27.4834
4436,301,171,52,78,17.2757,25.9136
4437,300,169,56,75,18.6667,25.0000
4438,299,168,60,71,20.0669,23.7458
4439,298,171,61,66,20.4698,22.1477
4440,302,173,65,64,21.5232,21.1921
4441,302,171,70,61,23.1788,20.1987
4442,300,170,73,57,24.3333,19.0000
4443,299,168,77,54,25.7525,18.0602
4444,301,167,82,52,27.2425,17.2757
4445,301,165,87,49,28.9037,16.2791
4446,301,162,92,47,30.5648,15.6146
4447,301,159,95,47,31.5615,15.6146
4448,301,156,98,47,32.5581,15.6146
4449,301,150,104,47,34.5515,15.6146
4450,299,141,107,51,35.7860,17.0569
4451,300,138,109,53,36.3333,17.6667
4452,299,124,122,53,40.8027,17.7258
4453,298,122,123,53,41.2752,17.7852
4454,296,120,122,54,41.2162,18.2432
4455,296,118,124,54,41.8919,18.2432
4456,296,110,131,55,44.2568,18.5811
4457,295,107,132,56,44.7458,18.9831
4458,295,106,131,58,44.4068,19.6610
4459,295,100,135,60,45.7627,20.3390
4460,295,92,139,64,47.1186,21.6949
4461,294,95,135,64,45.9184,21.7687
4462,296,91,137,68,46.2838,22.9730
4463,291,84,135,72,46.3918,24.7423
4464,291,78,136,77,46.7354,26.4605
4465,291,67,143,81,49.1409,27.8351
4466,289,60,143,86,49.4810,29.7578
4467,290,57,144,89,49.6552,30.6897
4468,289,53,145,91,50.1730,31.4879
4469,288,52,141,95,48.9583,32.9861
4470,291,51,139,101,47.7663,34.7079
4471,294,49,136,109,46.2585,37.0748
4472,295,47,134,114,45.4237,38.6441
4473,292,45,127,120,43.4932,41.0959
4474,296,49,124,123,41.8919,41.5541
4475,296,46,124,126,41.8919,42.5676
4476,291,48,112,131,38.4880,45.0172
4477,291,45,110,136,37.8007,46.7354
4478,290,45,106,139,36.5517,47.9310
4479,292,46,106,140,36.3014,47.9452
4480,289,47,97,145,33.5640,50.1730
4481,292,49,95,148,32.5342,50.6849
4482,294,47,97,150,32.9932,51.0204
4483,294,47,92,155,31.2925,52.7211
4484,293,47,87,159,29.6928,54.2662
4485,293,49,78,166,26.6212,56.6553
4486,293,52,71,170,24.2321,58.0205
4487,294,55,65,174,22.1088,59.1837
4488,295,58,58,179,19.6610,60.6780
4489,295,60,54,181,18.3051,61.3559
4490,297,61,49,187,16.4983,62.9630
4491,299,62,46,191,15.3846,63.8796
4492,300,63,46,191,15.3333,63.6667
4493,299,62,42,195,14.0468,65.2174
4494,299,58,44,197,14.7157,65.8863
4495,300,64,40,196,13.3333,65.3333
4496,300,64,38,198,12.6667,66.0000
4497,300,65,38,197,12.6667,65.6667
4498,300,65,36,199,12.0000,66.3333
4499,300,66,36,198,12.0000,66.0000
4500,299,69,32,198,10.7023,66.2207
4501,299,68,33,198,11.0368,66.2207
4502,301,74,29,198,9.6346,65.7807
4503,301,76,26,199,8.6379,66.1130
4504,300,74,25,201,8.3333,67.0000
4505,300,76,26,198,8.6667,66.0000
4506,299,78,25,196,8.3612,65.5518
4507,302,82,26,194,8.6093,64.2384
4508,302,83,26,193,8.6093,63.9073
4509,302,84,26,192,8.6093,63.5762
4510,301,85,27,189,8.9701,62.7907
4511,300,88,26,186,8.6667,62.0000
4512,300,92,24,184,8.0000,61.3333
4513,299,93,22,184,7.3579,61.5385
4514,300,97,20,183,6.6667,61.0000
4515,299,100,18,181,6.0201,60.5351
4516,301,107,18,176,5.9801,58.4718
4517,301,111,18,172,5.9801,57.1429
4518,300,115,16,169,5.3333,56.3333
4519,300,119,16,165,5.3333,55.0000
4520,300,123,15,162,5.0000,54.0000
4521,300,127,15,158,5.0000,52.6667
4522,300,132,16,152,5.3333,50.6667
4523,300,140,15,145,5.0000,48.3333
4524,299,146,14,139,4.6823,46.4883
4525,304,157,14,133,4.6053,43.7500
4526,303,160,13,130,4.2904,42.9043
4527,302,163,13,126,4.3046,41.7219
4528,302,169,12,121,3.9735,40.0662
4529,302,173,11,118,3.6424,39.0728
4530,302,176,9,117,2.9801,38.7417
4531,302,178,9,115,2.9801,38.0795
4532,302,183,10,109,3.3113,36.0927
4533,302,184,13,105,4.3046,34.7682
4534,302,184,14,104,4.6358,34.4371
4535,302,189,14,99,4.6358,32.7815
4536,302,192,15,95,4.9669,31.4570
4537,302,198,17,87,5.6291,28.8079
4538,302,200,21,81,6.9536,26.8212
4539,302,202,23,77,7.6159,25.4967
4540,302,202,29,71,9.6026,23.5099
4541,302,198,35,69,11.5894,22.8477
4542,302,202,35,65,11.5894,21.5232
4543,302,204,37,61,12.2517,20.1987
4544,302,201,41,60,13.5762,19.8675
4545,301,205,41,55,13.6213,18.2724
4546,301,203,45,53,14.9502,17.6080
4547,301,200,50,51,16.6113,16.9435
4548,300,198,53,49,17.6667,16.3333
4549,300,193,59,48,19.6667,16.0000
4550,299,195,60,44,20.0669,14.7157
4551,304,197,64,43,21.0526,14.1447
4552,304,191,73,40,24.0132,13.1579
4553,303,186,75,42,24.7525,13.8614
4554,303,184,80,39,26.4026,12.8713
4555,302,178,88,36,29.1391,11.9205
4556,302,174,93,35,30.7947,11.5894
4557,302,169,97,36,32.1192,11.9205
4558,302,162,100,40,33.1126,13.2450
4559,302,154,107,41,35.4305,13.5762
4560,300,149,108,43,36.0000,14.3333
4561,298,142,110,46,36.9128,15.4362
4562,300,132,119,49,39.6667,16.3333
4563,299,126,122,51,40.8027,17.0569
4564,300,123,125,52,41.6667,17.3333
4565,299,116,129,54,43.1438,18.0602
4566,300,115,132,53,44.0000,17.6667
4567,298,110,134,54,44.9664,18.1208
4568,303,108,138,57,45.5446,18.8119
4569,302,102,139,61,46.0265,20.1987
4570,299,101,137,61,45.8194,20.4013
4571,300,95,141,64,47.0000,21.3333
4572,299,89,140,70,46.8227,23.4114
4573,300,86,139,75,46.3333,25.0000
4574,298,83,140,75,46.9799,25.1678
4575,296,79,135,82,45.6081,27.7027
4576,296,79,132,85,44.5946,28.7162
4577,298,78,131,89,43.9597,29.8658
4578,297,76,126,95,42.4242,31.9865
4579,295,74,123,98,41.6949,33.2203
4580,296,70,121,105,40.8784,35.4730
4581,295,68,118,109,40.0000,36.9492
4582,289,65,110,114,38.0623,39.4464
4583,288,63,107,118,37.1528,40.9722
4584,285,62,104,119,36.4912,41.7544
4585,285,64,97,124,34.0351,43.5088
4586,287,64,95,128,33.1010,44.5993
4587,288,63,93,132,32.2917,45.8333
4588,289,65,86,138,29.7578,47.7509
4589,287,63,85,139,29.6167,48.4321
4590,287,60,84,143,29.2683,49.8258
4591,288,65,81,142,28.1250,49.3056
4592,286,64,75,147,26.2238,51.3986
4593,287,65,68,154,23.6934,53.6585
4594,285,65,67,153,23.5088,53.6842
4595,287,66,64,157,22.2997,54.7038
4596,287,67,60,160,20.9059,55.7491
4597,288,68,59,161,20.4861,55.9028
4598,286,66,54,166,18.8811,58.0420
4599,286,66,53,167,18.5315,58.3916
4600,284,67,47,170,16.5493,59.8592
4601,285,66,45,174,15.7895,61.0526
4602,286,68,41,177,14.3357,61.8881
4603,284,67,39,178,13.7324,62.6761
4604,290,73,38,179,13.1034,61.7241
4605,294,79,35,180,11.9048,61.2245
4606,295,80,34,181,11.5254,61.3559
4607,294,80,32,182,10.8844,61.9048
4608,293,82,29,182,9.8976,62.1160
4609,297,85,30,182,10.1010,61.2795
4610,301,93,28,180,9.3023,59.8007
4611,301,94,24,183,7.9734,60.7973
4612,301,96,24,181,7.9734,60.1329
4613,301,99,22,180,7.3090,59.8007
4614,301,101,22,178,7.3090,59.1362
4615,300,100,24,176,8.0000,58.6667
4616,300,102,24,174,8.0000,58.0000
4617,299,104,23,172,7.6923,57.5251
4618,302,108,23,171,7.6159,56.6225
4619,302,111,22,169,7.2848,55.9603
4620,302,114,21,167,6.9536,55.2980
4621,301,117,21,163,6.9767,54.1528
4622,301,119,20,162,6.6445,53.8206
4623,301,121,20,160,6.6445,53.1561
4624,300,128,18,154,6.0000,51.3333
4625,300,133,19,148,6.3333,49.3333
4626,300,132,19,149,6.3333,49.6667
4627,299,136,22,141,7.3579,47.1572
4628,300,142,20,138,6.6667,46.0000
4629,300,146,21,133,7.0000,44.3333
4630,300,150,20,130,6.6667,43.3333
4631,300,152,21,127,7.0000,42.3333
4632,300,158,22,120,7.3333,40.0000
4633,300,164,22,114,7.3333,38.0000
4634,300,171,21,108,7.0000,36.0000
4635,300,174,20,106,6.6667,35.3333
4636,299,173,20,106,6.6890,35.4515
4637,298,177,19,102,6.3758,34.2282
4638,298,182,19,97,6.3758,32.5503
4639,301,190,19,92,6.3123,30.5648
4640,301,195,20,86,6.6445,28.5714
4641,300,194,21,85,7.0000,28.3333
4642,300,194,25,81,8.3333,27.0000
4643,300,194,25,81,8.3333,27.0000
4644,299,197,26,76,8.6957,25.4181
4645,303,205,28,70,9.2409,23.1023
4646,303,204,30,69,9.9010,22.7723
4647,303,201,35,67,11.5512,22.1122
4648,303,201,36,66,11.8812,21.7822
4649,303,197,40,66,13.2013,21.7822
4650,303,197,44,62,14.5215,20.4620
4651,303,195,45,63,14.8515,20.7921
4652,303,195,47,61,15.5116,20.1320
4653,303,195,50,58,16.5017,19.1419
4654,303,195,53,55,17.4917,18.1518
4655,303,185,64,54,21.1221,17.8218
4656,300,183,64,53,21.3333,17.6667
4657,300,182,68,50,22.6667,16.6667
4658,299,178,72,49,24.0803,16.3880
4659,299,172,80,47,26.7559,15.7191
4660,301,170,86,45,28.5714,14.9502
4661,301,164,92,45,30.5648,14.9502
4662,300,157,99,44,33.0000,14.6667
4663,298,151,106,41,35.5705,13.7584
4664,300,145,114,41,38.0000,13.6667
4665,300,140,118,42,39.3333,14.0000
4666,300,134,125,41,41.6667,13.6667
4667,298,126,126,46,42.2819,15.4362
4668,302,127,126,49,41.7219,16.2252
4669,301,122,128,51,42.5249,16.9435
4670,299,116,128,55,42.8094,18.3946
4671,301,109,137,55,45.5150,18.2724
4672,300,106,136,58,45.3333,19.3333
4673,300,99,141,60,47.0000,20.0000
4674,298,97,139,62,46.6443,20.8054
4675,299,96,135,68,45.1505,22.7425
4676,297,95,133,69,44.7811,23.2323
4677,296,91,135,70,45.6081,23.6486
4678,296,88,135,73,45.6081,24.6622
4679,293,83,135,75,46.0751,25.5973
4680,292,84,129,79,44.1781,27.0548
4681,296,88,124,84,41.8919,28.3784
4682,298,88,121,89,40.6040,29.8658
4683,298,83,117,98,39.2617,32.8859
4684,301,82,114,105,37.8738,34.8837
4685,297,77,110,110,37.0370,37.0370
4686,296,76,106,114,35.8108,38.5135
4687,296,76,104,116,35.1351,39.1892
4688,295,75,99,121,33.5593,41.0169
4689,296,75,98,123,33.1081,41.5541
4690,294,72,95,127,32.3129,43.1973
4691,295,73,87,135,29.4915,45.7627
4692,295,73,83,139,28.1356,47.1186
4693,296,74,80,142,27.0270,47.9730
4694,296,74,76,146,25.6757,49.3243
4695,295,69,78,148,26.4407,50.1695
4696,295,71,72,152,24.4068,51.5254
4697,298,74,70,154,23.4899,51.6779
4698,298,75,65,158,21.8121,53.0201
4699,300,78,63,159,21.0000,53.0000
4700,299,79,60,160,20.0669,53.5117
4701,302,79,62,161,20.5298,53.3113
4702,302,77,63,162,20.8609,53.6424
4703,299,77,58,164,19.3980,54.8495
4704,299,77,55,167,18.3946,55.8528
4705,297,76,51,170,17.1717,57.2391
4706,297,78,46,173,15.4882,58.2492
4707,298,79,44,175,14.7651,58.7248
4708,302,82,44,176,14.5695,58.2781
4709,301,81,42,178,13.9535,59.1362
4710,301,82,39,180,12.9568,59.8007
4711,300,80,38,182,12.6667,60.6667
4712,300,79,37,184,12.3333,61.3333
4713,300,80,35,185,11.6667,61.6667
4714,300,81,35,184,11.6667,61.3333
4715,299,79,33,187,11.0368,62.5418
4716,302,82,32,188,10.5960,62.2517
4717,302,86,31,185,10.2649,61.2583
4718,302,84,33,185,10.9272,61.2583
4719,302,87,33,182,10.9272,60.2649
4720,301,88,33,180,10.9635,59.8007
4721,300,87,34,179,11.3333,59.6667
4722,299,89,34,176,11.3712,58.8629
4723,303,93,32,178,10.5611,58.7459
4724,302,96,31,175,10.2649,57.9470
4725,302,98,30,174,9.9338,57.6159
4726,301,99,30,172,9.9668,57.1429
4727,301,101,34,166,11.2957,55.1495
4728,301,103,33,165,10.9635,54.8173
4729,301,103,33,165,10.9635,54.8173
4730,301,107,32,162,10.6312,53.8206
4731,301,106,34,161,11.2957,53.4884
4732,301,111,32,158,10.6312,52.4917
4733,301,110,38,153,12.6246,50.8306
4734,301,117,39,145,12.9568,48.1728
4735,301,123,39,139,12.9568,46.1794
4736,301,129,40,132,13.2890,43.8538
4737,301,133,40,128,13.2890,42.5249
4738,300,134,43,123,14.3333,41.0000
4739,299,133,46,120,15.3846,40.1338
4740,304,136,50,118,16.4474,38.8158
4741,304,134,55,115,18.0921,37.8289
4742,302,136,51,115,16.8874,38.0795
4743,302,143,50,109,16.5563,36.0927
4744,302,145,51,106,16.8874,35.0993
4745,302,144,55,103,18.2119,34.1060
4746,302,146,56,100,18.5430,33.1126
4747,300,143,56,101,18.6667,33.6667
4748,300,140,62,98,20.6667,32.6667
4749,299,140,64,95,21.4047,31.7726
4750,299,137,71,91,23.7458,30.4348
4751,301,139,73,89,24.2525,29.5681
4752,301,135,79,87,26.2458,28.9037
4753,301,133,81,87,26.9103,28.9037
4754,301,131,80,90,26.5781,29.9003
4755,301,130,84,87,27.9070,28.9037
4756,300,129,85,86,28.3333,28.6667
4757,300,126,91,83,30.3333,27.6667
4758,300,123,95,82,31.6667,27.3333
4759,299,122,95,82,31.7726,27.4247
4760,298,121,91,86,30.5369,28.8591
4761,302,122,91,89,30.1325,29.4702
4762,302,122,90,90,29.8013,29.8013
4763,301,120,92,89,30.5648,29.5681
4764,300,117,95,88,31.6667,29.3333
4765,299,112,100,87,33.4448,29.0970
4766,301,111,101,89,33.5548,29.5681
4767,298,111,98,89,32.8859,29.8658
4768,300,108,104,88,34.6667,29.3333
4769,298,104,103,91,34.5638,30.5369
4770,296,91,112,93,37.8378,31.4189
4771,297,91,110,96,37.0370,32.3232
4772,298,93,106,99,35.5705,33.2215
4773,301,97,102,102,33.8870,33.8870
4774,301,93,104,104,34.5515,34.5515
4775,300,90,106,104,35.3333,34.6667
4776,300,87,106,107,35.3333,35.6667
4777,299,82,106,111,35.4515,37.1237
4778,301,82,102,117,33.8870,38.8704
4779,301,77,106,118,35.2159,39.2027
4780,300,73,106,121,35.3333,40.3333
4781,295,69,105,121,35.5932,41.0169
4782,295,67,107,121,36.2712,41.0169
4783,295,67,107,121,36.2712,41.0169
4784,297,70,103,124,34.6801,41.7508
4785,300,68,105,127,35.0000,42.3333
4786,299,66,100,133,33.4448,44.4816
4787,300,62,105,133,35.0000,44.3333
4788,298,57,104,137,34.8993,45.9732
4789,297,53,105,139,35.3535,46.8013
4790,299,53,99,147,33.1104,49.1639
4791,299,53,92,154,30.7692,51.5050
4792,298,58,89,151,29.8658,50.6711
4793,304,62,89,153,29.2763,50.3289
4794,302,63,88,151,29.1391,50.0000
4795,302,63,85,154,28.1457,50.9934
4796,301,61,83,157,27.5748,52.1595
4797,301,60,79,162,26.2458,53.8206
4798,300,57,77,166,25.6667,55.3333
4799,299,59,73,167,24.4147,55.8528
4800,299,57,72,170,24.0803,56.8562
4801,299,57,67,175,22.4080,58.5284
4802,301,56,66,179,21.9269,59.4684
4803,299,55,64,180,21.4047,60.2007
4804,303,60,63,180,20.7921,59.4059
4805,303,60,62,181,20.4620,59.7360
4806,303,64,58,181,19.1419,59.7360
4807,303,65,53,185,17.4917,61.0561
4808,301,68,46,187,15.2824,62.1262
4809,299,67,41,191,13.7124,63.8796
4810,301,70,39,192,12.9568,63.7874
4811,301,71,37,193,12.2924,64.1196
4812,300,74,37,189,12.3333,63.0000
4813,300,78,37,185,12.3333,61.6667
4814,299,81,37,181,12.3746,60.5351
4815,299,79,39,181,13.0435,60.5351
4816,300,77,41,182,13.6667,60.6667
4817,300,77,39,184,13.0000,61.3333
4818,299,77,40,182,13.3779,60.8696
4819,300,82,38,180,12.6667,60.0000
4820,300,82,36,182,12.0000,60.6667
4821,299,85,34,180,11.3712,60.2007
4822,306,93,34,179,11.1111,58.4967
4823,303,95,32,176,10.5611,58.0858
4824,303,96,36,171,11.8812,56.4356
4825,302,100,35,167,11.5894,55.2980
4826,302,103,34,165,11.2583,54.6358
4827,302,104,36,162,11.9205,53.6424
4828,302,107,37,158,12.2517,52.3179
4829,302,107,40,155,13.2450,51.3245
4830,302,113,40,149,13.2450,49.3377
4831,302,113,41,148,13.5762,49.0066
4832,302,114,43,145,14.2384,48.0132
4833,302,112,45,145,14.9007,48.0132
4834,301,111,45,145,14.9502,48.1728
4835,301,109,48,144,15.9468,47.8405
4836,300,111,43,146,14.3333,48.6667
4837,300,114,40,146,13.3333,48.6667
4838,299,120,37,142,12.3746,47.4916
4839,303,124,40,139,13.2013,45.8746
4840,303,123,46,134,15.1815,44.2244
4841,302,120,51,131,16.8874,43.3775
4842,301,126,52,123,17.2757,40.8638
4843,301,132,52,117,17.2757,38.8704
4844,301,130,51,120,16.9435,39.8671
4845,301,130,51,120,16.9435,39.8671
4846,301,127,54,120,17.9402,39.8671
4847,300,130,54,116,18.0000,38.6667
4848,300,133,55,112,18.3333,37.3333
4849,299,135,55,109,18.3946,36.4548
4850,303,139,56,108,18.4818,35.6436
4851,303,139,58,106,19.1419,34.9835
4852,303,139,61,103,20.1320,33.9934
4853,301,142,60,99,19.9336,32.8904
4854,300,141,63,96,21.0000,32.0000
4855,300,137,64,99,21.3333,33.0000
4856,300,136,66,98,22.0000,32.6667
4857,298,137,66,95,22.1477,31.8792
4858,302,141,71,90,23.5099,29.8013
4859,302,144,72,86,23.8411,28.4768
4860,302,144,74,84,24.5033,27.8146
4861,299,144,71,84,23.7458,28.0936
4862,299,143,72,84,24.0803,28.0936
4863,300,141,77,82,25.6667,27.3333
4864,300,135,82,83,27.3333,27.6667
4865,297,132,82,83,27.6094,27.9461
4866,298,132,80,86,26.8456,28.8591
4867,296,129,81,86,27.3649,29.0541
4868,301,132,85,84,28.2392,27.9070
4869,300,127,91,82,30.3333,27.3333
4870,298,121,94,83,31.5436,27.8523
4871,298,121,93,84,31.2081,28.1879
4872,300,123,92,85,30.6667,28.3333
4873,299,118,95,86,31.7726,28.7625
4874,300,120,90,90,30.0000,30.0000
4875,297,117,91,89,30.6397,29.9663
4876,297,115,91,91,30.6397,30.6397
4877,300,116,92,92,30.6667,30.6667
4878,300,113,95,92,31.6667,30.6667
4879,297,108,96,93,32.3232,31.3131
4880,299,108,96,95,32.1070,31.7726
4881,299,104,98,97,32.7759,32.4415
4882,299,103,95,101,31.7726,33.7793
4883,297,101,93,103,31.3131,34.6801
4884,298,103,89,106,29.8658,35.5705
4885,300,99,92,109,30.6667,36.3333
4886,300,94,95,111,31.6667,37.0000
4887,298,90,95,113,31.8792,37.9195
4888,299,98,94,107,31.4381,35.7860
4889,299,91,100,108,33.4448,36.1204
4890,298,91,94,113,31.5436,37.9195
4891,299,93,90,116,30.1003,38.7960
4892,299,90,91,118,30.4348,39.4649
4893,300,92,86,122,28.6667,40.6667
4894,298,90,85,123,28.5235,41.2752
4895,303,95,85,123,28.0528,40.5941
4896,301,95,83,123,27.5748,40.8638
4897,300,93,84,123,28.0000,41.0000
4898,298,93,82,123,27.5168,41.2752
4899,297,90,82,125,27.6094,42.0875
4900,298,87,82,129,27.5168,43.2886
4901,301,88,82,131,27.2425,43.5216
4902,300,89,81,130,27.0000,43.3333
4903,298,90,77,131,25.8389,43.9597
4904,298,87,81,130,27.1812,43.6242
4905,296,87,72,137,24.3243,46.2838
4906,295,90,67,138,22.7119,46.7797
4907,296,92,67,137,22.6351,46.2838
4908,299,88,73,138,24.4147,46.1538
4909,298,88,69,141,23.1544,47.3154
4910,301,91,65,145,21.5947,48.1728
4911,301,90,63,148,20.9302,49.1694
4912,301,91,64,146,21.2625,48.5050
4913,300,95,62,143,20.6667,47.6667
4914,300,95,62,143,20.6667,47.6667
4915,300,94,62,144,20.6667,48.0000
4916,299,90,67,142,22.4080,47.4916
4917,302,96,63,143,20.8609,47.3510
4918,302,96,63,143,20.8609,47.3510
4919,302,91,64,147,21.1921,48.6755
4920,301,90,61,150,20.2658,49.8339
4921,298,88,59,151,19.7987,50.6711
4922,300,91,58,151,19.3333,50.3333
4923,299,92,57,150,19.0635,50.1672
4924,301,98,54,149,17.9402,49.5017
4925,301,99,54,148,17.9402,49.1694
4926,301,102,55,144,18.2724,47.8405
4927,299,100,54,145,18.0602,48.4950
4928,303,101,56,146,18.4818,48.1848
4929,302,103,48,151,15.8940,50.0000
4930,302,101,52,149,17.2185,49.3377
4931,302,100,53,149,17.5497,49.3377
4932,302,100,51,151,16.8874,50.0000
4933,302,102,53,147,17.5497,48.6755
4934,300,106,50,144,16.6667,48.0000
4935,299,108,50,141,16.7224,47.1572
4936,300,113,46,141,15.3333,47.0000
4937,300,115,46,139,15.3333,46.3333
4938,299,112,50,137,16.7224,45.8194
4939,299,114,47,138,15.7191,46.1538
4940,298,112,46,140,15.4362,46.9799
4941,299,113,49,137,16.3880,45.8194
4942,297,121,43,133,14.4781,44.7811
4943,298,123,45,130,15.1007,43.6242
4944,299,121,49,129,16.3880,43.1438
4945,302,124,52,126,17.2185,41.7219
4946,301,121,54,126,17.9402,41.8605
4947,300,118,57,125,19.0000,41.6667
4948,298,121,53,124,17.7852,41.6107
4949,299,119,56,124,18.7291,41.4716
4950,300,121,56,123,18.6667,41.0000
4951,300,119,57,124,19.0000,41.3333
4952,300,118,61,121,20.3333,40.3333
4953,300,120,61,119,20.3333,39.6667
4954,300,119,64,117,21.3333,39.0000
4955,300,121,63,116,21.0000,38.6667
4956,299,120,63,116,21.0702,38.7960
4957,300,126,65,109,21.6667,36.3333
4958,299,118,71,110,23.7458,36.7893
4959,299,116,74,109,24.7492,36.4548
4960,302,117,77,108,25.4967,35.7616
4961,301,114,81,106,26.9103,35.2159
4962,300,113,83,104,27.6667,34.6667
4963,300,113,86,101,28.6667,33.6667
4964,299,106,90,103,30.1003,34.4482
4965,299,105,90,104,30.1003,34.7826
4966,299,104,91,104,30.4348,34.7826
4967,299,106,87,106,29.0970,35.4515
4968,300,101,93,106,31.0000,35.3333
4969,300,100,93,107,31.0000,35.6667
4970,300,97,95,108,31.6667,36.0000
4971,299,100,94,105,31.4381,35.1171
4972,299,99,93,107,31.1037,35.7860
4973,301,101,91,109,30.2326,36.2126
4974,300,99,92,109,30.6667,36.3333
4975,300,98,93,109,31.0000,36.3333
4976,300,100,94,106,31.3333,35.3333
4977,300,94,100,106,33.3333,35.3333
4978,297,93,92,112,30.9764,37.7104
4979,297,94,89,114,29.9663,38.3838
4980,297,97,85,115,28.6195,38.7205
4981,298,99,87,112,29.1946,37.5839
4982,298,92,89,117,29.8658,39.2617
4983,299,91,86,122,28.7625,40.8027
4984,302,95,86,121,28.4768,40.0662
4985,301,93,81,127,26.9103,42.1927
4986,297,92,78,127,26.2626,42.7609
4987,301,90,80,131,26.5781,43.5216
4988,301,93,77,131,25.5814,43.5216
4989,299,90,79,130,26.4214,43.4783
4990,297,89,75,133,25.2525,44.7811
4991,300,93,74,133,24.6667,44.3333
4992,298,91,73,134,24.4966,44.9664
4993,299,91,74,134,24.7492,44.8161
4994,303,94,75,134,24.7525,44.2244
4995,301,90,74,137,24.5847,45.5150
4996,301,90,74,137,24.5847,45.5150
4997,300,88,74,138,24.6667,46.0000
4998,300,87,69,144,23.0000,48.0000
4999,300,86,70,144,23.3333,48.0000
5000,299,85,71,143,23.7458,47.8261
5001,298,85,70,143,23.4899,47.9866
5002,299,86,68,145,22.7425,48.4950
5003,299,89,63,147,21.0702,49.1639
5004,304,94,61,149,20.0658,49.0132
5005,302,92,63,147,20.8609,48.6755
5006,302,90,65,147,21.5232,48.6755
5007,301,91,61,149,20.2658,49.5017
5008,300,90,58,152,19.3333,50.6667
5009,298,87,59,152,19.7987,51.0067
5010,299,87,61,151,20.4013,50.5017
5011,298,87,61,150,20.4698,50.3356
5012,300,88,62,150,20.6667,50.0000
5013,297,86,59,152,19.8653,51.1785
5014,300,88,60,152,20.0000,50.6667
5015,300,82,64,154,21.3333,51.3333
5016,300,84,62,154,20.6667,51.3333
5017,300,85,61,154,20.3333,51.3333
5018,299,86,61,152,20.4013,50.8361
5019,301,90,61,150,20.2658,49.8339
5020,300,87,61,152,20.3333,50.6667
5021,300,89,60,151,20.0000,50.3333
5022,299,91,57,151,19.0635,50.5017
5023,299,93,56,150,18.7291,50.1672
5024,302,99,57,146,18.8742,48.3444
5025,301,102,54,145,17.9402,48.1728
5026,299,103,51,145,17.0569,48.4950
5027,301,106,50,145,16.6113,48.1728
5028,301,103,52,146,17.2757,48.5050
5029,301,103,54,144,17.9402,47.8405
5030,300,105,51,144,17.0000,48.0000
5031,299,105,53,141,17.7258,47.1572
5032,301,107,53,141,17.6080,46.8439
5033,301,108,54,139,17.9402,46.1794
5034,299,111,52,136,17.3913,45.4849
5035,302,118,50,134,16.5563,44.3709
5036,300,118,47,135,15.6667,45.0000
5037,300,124,47,129,15.6667,43.0000
5038,300,125,46,129,15.3333,43.0000
5039,300,126,46,128,15.3333,42.6667
5040,300,128,46,126,15.3333,42.0000
5041,298,125,48,125,16.1074,41.9463
5042,299,127,49,123,16.3880,41.1371
5043,301,131,48,122,15.9468,40.5316
5044,300,131,50,119,16.6667,39.6667
5045,300,128,53,119,17.6667,39.6667
5046,300,127,56,117,18.6667,39.0000
5047,300,125,60,115,20.0000,38.3333
5048,300,118,65,117,21.6667,39.0000
5049,300,117,66,117,22.0000,39.0000
5050,299,123,65,111,21.7391,37.1237
5051,299,122,64,113,21.4047,37.7926
5052,299,118,67,114,22.4080,38.1271
5053,299,117,67,115,22.4080,38.4615
5054,301,118,71,112,23.5880,37.2093
5055,298,119,72,107,24.1611,35.9060
5056,300,118,78,104,26.0000,34.6667
5057,300,114,80,106,26.6667,35.3333
5058,300,106,88,106,29.3333,35.3333
5059,300,108,87,105,29.0000,35.0000
5060,300,108,89,103,29.6667,34.3333
5061,299,106,90,103,30.1003,34.4482
5062,301,101,95,105,31.5615,34.8837
5063,300,103,93,104,31.0000,34.6667
5064,300,97,98,105,32.6667,35.0000
5065,300,97,98,105,32.6667,35.0000
5066,297,91,100,106,33.6700,35.6902
5067,297,87,104,106,35.0168,35.6902
5068,293,85,103,105,35.1536,35.8362
5069,297,91,98,108,32.9966,36.3636
5070,298,90,100,108,33.5570,36.2416
5071,300,90,102,108,34.0000,36.0000
5072,299,87,101,111,33.7793,37.1237
5073,301,86,101,114,33.5548,37.8738
5074,301,86,100,115,33.2226,38.2060
5075,299,84,98,117,32.7759,39.1304
5076,298,83,95,120,31.8792,40.2685
5077,298,87,90,121,30.2013,40.6040
5078,299,91,86,122,28.7625,40.8027
5079,300,91,82,127,27.3333,42.3333
5080,300,88,86,126,28.6667,42.0000
5081,299,84,86,129,28.7625,43.1438
5082,298,88,85,125,28.5235,41.9463
5083,302,87,85,130,28.1457,43.0464
5084,302,89,83,130,27.4834,43.0464
5085,301,84,86,131,28.5714,43.5216
5086,296,85,81,130,27.3649,43.9189
5087,296,86,78,132,26.3514,44.5946
5088,296,88,74,134,25.0000,45.2703
5089,299,90,74,135,24.7492,45.1505
5090,300,91,72,137,24.0000,45.6667
5091,299,92,71,136,23.7458,45.4849
5092,300,94,68,138,22.6667,46.0000
5093,299,87,67,145,22.4080,48.4950
5094,300,90,65,145,21.6667,48.3333
5095,300,87,69,144,23.0000,48.0000
5096,298,85,66,147,22.1477,49.3289
5097,300,86,68,146,22.6667,48.6667
5098,299,85,69,145,23.0769,48.4950
5099,302,87,68,147,22.5166,48.6755
5100,301,84,70,147,23.2558,48.8372
5101,298,82,69,147,23.1544,49.3289
5102,302,86,67,149,22.1854,49.3377
5103,302,85,66,151,21.8543,50.0000
5104,302,85,66,151,21.8543,50.0000
5105,302,87,64,151,21.1921,50.0000
5106,302,86,59,157,19.5364,51.9868
5107,302,85,60,157,19.8675,51.9868
5108,301,82,57,162,18.9369,53.8206
5109,300,80,59,161,19.6667,53.6667
5110,299,77,62,160,20.7358,53.5117
5111,302,81,61,160,20.1987,52.9801
5112,301,76,63,162,20.9302,53.8206
5113,301,75,63,163,20.9302,54.1528
5114,300,76,61,163,20.3333,54.3333
5115,300,76,59,165,19.6667,55.0000
5116,299,76,58,165,19.3980,55.1839
5117,303,82,55,166,18.1518,54.7855
5118,302,81,56,165,18.5430,54.6358
5119,302,83,56,163,18.5430,53.9735
5120,301,83,56,162,18.6047,53.8206
5121,300,87,52,161,17.3333,53.6667
5122,299,88,48,163,16.0535,54.5151
5123,302,93,47,162,15.5629,53.6424
5124,300,95,45,160,15.0000,53.3333
5125,299,98,45,156,15.0502,52.1739
5126,299,99,48,152,16.0535,50.8361
5127,299,100,49,150,16.3880,50.1672
5128,302,103,50,149,16.5563,49.3377
5129,301,104,50,147,16.6113,48.8372
5130,301,102,52,147,17.2757,48.8372
5131,300,109,49,142,16.3333,47.3333
5132,300,107,50,143,16.6667,47.6667
5133,299,108,45,146,15.0502,48.8294
5134,299,110,45,144,15.0502,48.1605
5135,299,117,44,138,14.7157,46.1538
5136,304,123,46,135,15.1316,44.4079
5137,304,124,47,133,15.4605,43.7500
5138,304,125,46,133,15.1316,43.7500
5139,303,127,46,130,15.1815,42.9043
5140,302,129,49,124,16.2252,41.0596
5141,302,127,49,126,16.2252,41.7219
5142,302,128,51,123,16.8874,40.7285
5143,302,125,56,121,18.5430,40.0662
5144,301,128,56,117,18.6047,38.8704
5145,301,132,56,113,18.6047,37.5415
5146,298,134,51,113,17.1141,37.9195
5147,299,132,53,114,17.7258,38.1271
5148,301,130,59,112,19.6013,37.2093
5149,300,123,62,115,20.6667,38.3333
5150,299,120,61,118,20.4013,39.4649
5151,301,122,63,116,20.9302,38.5382
5152,301,123,63,115,20.9302,38.2060
5153,301,122,65,114,21.5947,37.8738
5154,300,121,67,112,22.3333,37.3333
5155,300,118,74,108,24.6667,36.0000
5156,298,116,76,106,25.5034,35.5705
5157,300,117,78,105,26.0000,35.0000
5158,300,121,79,100,26.3333,33.3333
5159,299,117,82,100,27.4247,33.4448
5160,297,118,83,96,27.9461,32.3232
5161,297,113,85,99,28.6195,33.3333
5162,302,112,88,102,29.1391,33.7748
5163,301,112,87,102,28.9037,33.8870
5164,299,112,87,100,29.0970,33.4448
5165,299,108,91,100,30.4348,33.4448
5166,300,109,94,97,31.3333,32.3333
5167,300,107,97,96,32.3333,32.0000
5168,299,106,95,98,31.7726,32.7759
5169,299,109,86,104,28.7625,34.7826
5170,300,106,90,104,30.0000,34.6667
5171,299,103,91,105,30.4348,35.1171
5172,299,104,89,106,29.7659,35.4515
5173,300,101,96,103,32.0000,34.3333
5174,298,101,95,102,31.8792,34.2282
5175,302,99,99,104,32.7815,34.4371
5176,300,98,94,108,31.3333,36.0000
5177,299,97,92,110,30.7692,36.7893
5178,302,98,92,112,30.4636,37.0861
5179,301,91,97,113,32.2259,37.5415
5180,299,92,94,113,31.4381,37.7926
5181,297,89,92,116,30.9764,39.0572
5182,299,91,91,117,30.4348,39.1304
5183,298,93,88,117,29.5302,39.2617
5184,301,95,84,122,27.9070,40.5316
5185,299,99,83,117,27.7592,39.1304
5186,302,100,82,120,27.1523,39.7351
5187,301,95,81,125,26.9103,41.5282
5188,299,93,79,127,26.4214,42.4749
5189,300,89,85,126,28.3333,42.0000
5190,300,84,87,129,29.0000,43.0000
5191,299,83,84,132,28.0936,44.1472
5192,301,80,85,136,28.2392,45.1827
5193,300,78,83,139,27.6667,46.3333
5194,299,74,84,141,28.0936,47.1572
5195,299,74,82,143,27.4247,47.8261
5196,297,74,75,148,25.2525,49.8316
5197,300,79,74,147,24.6667,49.0000
5198,300,78,75,147,25.0000,49.0000
5199,300,76,72,152,24.0000,50.6667
5200,299,76,71,152,23.7458,50.8361
