tick,total,susceptible,infected,immune,pct_infected,pct_immune
0,150,140,10,0,6.6667,0.0000
1,150,139,11,0,7.3333,0.0000
2,150,138,12,0,8.0000,0.0000
3,154,141,13,0,8.4416,0.0000
4,155,141,14,0,9.0323,0.0000
5,156,141,15,0,9.6154,0.0000
6,156,141,15,0,9.6154,0.0000
7,158,140,18,0,11.3924,0.0000
8,160,141,19,0,11.8750,0.0000
9,163,144,19,0,11.6564,0.0000
10,164,145,19,0,11.5854,0.0000
11,164,144,20,0,12.1951,0.0000
12,168,148,20,0,11.9048,0.0000
13,168,145,23,0,13.6905,0.0000
14,168,144,24,0,14.2857,0.0000
15,170,143,27,0,15.8824,0.0000
16,172,139,33,0,19.1860,0.0000
17,172,137,35,0,20.3488,0.0000
18,171,136,35,0,20.4678,0.0000
19,174,137,37,0,21.2644,0.0000
20,174,137,37,0,21.2644,0.0000
21,172,137,29,6,16.8605,3.4884
22,173,136,31,6,17.9191,3.4682
23,174,137,30,7,17.2414,4.0230
24,175,138,29,8,16.5714,4.5714
25,176,140,27,9,15.3409,5.1136
26,180,144,27,9,15.0000,5.0000
27,181,144,26,11,14.3646,6.0773
28,182,144,26,12,14.2857,6.5934
29,182,143,26,13,14.2857,7.1429
30,184,143,28,13,15.2174,7.0652
31,185,142,29,14,15.6757,7.5676
32,187,143,30,14,16.0428,7.4866
33,189,143,30,16,15.8730,8.4656
34,192,147,29,16,15.1042,8.3333
35,195,151,28,16,14.3590,8.2051
36,196,150,25,21,12.7551,10.7143
37,198,152,21,25,10.6061,12.6263
38,199,150,22,27,11.0553,13.5678
39,199,148,23,28,11.5578,14.0704
40,203,152,22,29,10.8374,14.2857
41,202,150,23,29,11.3861,14.3564
42,204,153,20,31,9.8039,15.1961
43,204,152,20,32,9.8039,15.6863
44,205,153,20,32,9.7561,15.6098
45,206,153,21,32,10.1942,15.5340
46,208,154,22,32,10.5769,15.3846
47,209,153,24,32,11.4833,15.3110
48,211,155,24,32,11.3744,15.1659
49,213,155,25,33,11.7371,15.4930
50,215,155,26,34,12.0930,15.8140
51,217,158,25,34,11.5207,15.6682
52,221,162,25,34,11.3122,15.3846
53,221,161,24,36,10.8597,16.2896
54,223,162,24,37,10.7623,16.5919
55,229,167,25,37,10.9170,16.1572
56,234,169,26,39,11.1111,16.6667
57,237,171,28,38,11.8143,16.0338
58,238,168,30,40,12.6050,16.8067
59,240,167,31,42,12.9167,17.5000
60,245,168,34,43,13.8776,17.5510
61,246,163,38,45,15.4472,18.2927
62,246,156,45,45,18.2927,18.2927
63,248,155,48,45,19.3548,18.1452
64,248,149,54,45,21.7742,18.1452
65,248,144,59,45,23.7903,18.1452
66,249,139,65,45,26.1044,18.0723
67,251,139,65,47,25.8964,18.7251
68,254,138,67,49,26.3780,19.2913
69,256,132,72,52,28.1250,20.3125
70,259,128,77,54,29.7297,20.8494
71,262,126,82,54,31.2977,20.6107
72,266,123,87,56,32.7068,21.0526
73,270,129,91,50,33.7037,18.5185
74,273,129,93,51,34.0659,18.6813
75,277,132,94,51,33.9350,18.4116
76,281,131,98,52,34.8754,18.5053
77,281,130,99,52,35.2313,18.5053
78,282,128,101,53,35.8156,18.7943
79,282,128,100,54,35.4610,19.1489
80,283,123,103,57,36.3958,20.1413
81,287,123,104,60,36.2369,20.9059
82,287,119,102,66,35.5401,22.9965
83,292,124,100,68,34.2466,23.2877
84,290,118,99,73,34.1379,25.1724
85,291,117,99,75,34.0206,25.7732
86,289,114,97,78,33.5640,26.9896
87,288,105,100,83,34.7222,28.8194
88,289,107,102,80,35.2941,27.6817
89,287,107,98,82,34.1463,28.5714
90,288,107,96,85,33.3333,29.5139
91,291,108,93,90,31.9588,30.9278
92,290,103,95,92,32.7586,31.7241
93,289,103,89,97,30.7958,33.5640
94,287,98,93,96,32.4042,33.4495
95,288,94,98,96,34.0278,33.3333
96,287,94,92,101,32.0557,35.1916
97,287,91,92,104,32.0557,36.2369
98,287,87,94,106,32.7526,36.9338
99,289,84,95,110,32.8720,38.0623
100,291,82,95,114,32.6460,39.1753
101,291,82,91,118,31.2715,40.5498
102,292,85,88,119,30.1370,40.7534
103,292,85,86,121,29.4521,41.4384
104,292,83,86,123,29.4521,42.1233
105,294,83,84,127,28.5714,43.1973
106,296,77,92,127,31.0811,42.9054
107,297,77,84,136,28.2828,45.7912
108,297,77,81,139,27.2727,46.8013
109,300,78,81,141,27.0000,47.0000
110,298,77,79,142,26.5101,47.6510
111,300,76,82,142,27.3333,47.3333
112,298,76,74,148,24.8322,49.6644
113,299,79,73,147,24.4147,49.1639
114,300,80,69,151,23.0000,50.3333
115,297,76,65,156,21.8855,52.5253
116,298,76,64,158,21.4765,53.0201
117,302,78,65,159,21.5232,52.6490
118,300,75,66,159,22.0000,53.0000
119,299,76,59,164,19.7324,54.8495
120,301,77,56,168,18.6047,55.8140
121,301,78,57,166,18.9369,55.1495
122,301,77,59,165,19.6013,54.8173
123,301,76,57,168,18.9369,55.8140
124,299,76,55,168,18.3946,56.1873
125,300,75,55,170,18.3333,56.6667
126,298,74,52,172,17.4497,57.7181
127,298,75,47,176,15.7718,59.0604
128,304,83,46,175,15.1316,57.5658
129,302,82,43,177,14.2384,58.6093
130,302,81,44,177,14.5695,58.6093
131,301,82,42,177,13.9535,58.8040
132,300,85,39,176,13.0000,58.6667
133,299,86,40,173,13.3779,57.8595
134,303,94,41,168,13.5314,55.4455
135,302,96,39,167,12.9139,55.2980
136,300,100,39,161,13.0000,53.6667
137,300,100,42,158,14.0000,52.6667
138,300,102,38,160,12.6667,53.3333
139,300,106,38,156,12.6667,52.0000
140,299,106,37,156,12.3746,52.1739
141,302,112,38,152,12.5828,50.3311
142,301,114,37,150,12.2924,49.8339
143,300,119,36,145,12.0000,48.3333
144,300,120,37,143,12.3333,47.6667
145,300,125,34,141,11.3333,47.0000
146,300,123,36,141,12.0000,47.0000
147,300,122,37,141,12.3333,47.0000
148,300,126,36,138,12.0000,46.0000
149,300,128,35,137,11.6667,45.6667
150,300,127,38,135,12.6667,45.0000
151,300,129,36,135,12.0000,45.0000
152,300,128,41,131,13.6667,43.6667
153,300,132,41,127,13.6667,42.3333
154,299,130,41,128,13.7124,42.8094
155,304,133,45,126,14.8026,41.4474
156,304,135,42,127,13.8158,41.7763
157,303,138,42,123,13.8614,40.5941
158,301,139,40,122,13.2890,40.5316
159,301,147,40,114,13.2890,37.8738
160,300,149,41,110,13.6667,36.6667
161,300,149,42,109,14.0000,36.3333
162,299,152,39,108,13.0435,36.1204
163,302,154,40,108,13.2450,35.7616
164,302,157,44,101,14.5695,33.4437
165,302,155,45,102,14.9007,33.7748
166,302,158,44,100,14.5695,33.1126
167,302,159,47,96,15.5629,31.7881
168,302,154,51,97,16.8874,32.1192
169,302,152,54,96,17.8808,31.7881
170,302,148,57,97,18.8742,32.1192
171,301,152,55,94,18.2724,31.2292
172,301,155,56,90,18.6047,29.9003
173,301,149,59,93,19.6013,30.8970
174,301,146,63,92,20.9302,30.5648
175,300,145,61,94,20.3333,31.3333
176,300,146,60,94,20.0000,31.3333
177,299,142,65,92,21.7391,30.7692
178,301,146,65,90,21.5947,29.9003
179,301,149,66,86,21.9269,28.5714
180,301,147,68,86,22.5914,28.5714
181,300,149,67,84,22.3333,28.0000
182,300,146,69,85,23.0000,28.3333
183,300,145,72,83,24.0000,27.6667
184,299,141,74,84,24.7492,28.0936
185,301,142,74,85,24.5847,28.2392
186,300,136,79,85,26.3333,28.3333
187,300,132,83,85,27.6667,28.3333
188,298,129,83,86,27.8523,28.8591
189,298,121,86,91,28.8591,30.5369
190,298,122,89,87,29.8658,29.1946
191,303,124,88,91,29.0429,30.0330
192,303,118,92,93,30.3630,30.6931
193,303,115,93,95,30.6931,31.3531
194,300,114,91,95,30.3333,31.6667
195,300,108,95,97,31.6667,32.3333
196,300,106,94,100,31.3333,33.3333
197,300,104,97,99,32.3333,33.0000
198,297,98,98,101,32.9966,34.0067
199,298,99,98,101,32.8859,33.8926
200,299,100,99,100,33.1104,33.4448
201,301,100,102,99,33.8870,32.8904
202,300,93,106,101,35.3333,33.6667
203,299,93,108,98,36.1204,32.7759
204,297,89,106,102,35.6902,34.3434
205,300,87,108,105,36.0000,35.0000
206,297,86,105,106,35.3535,35.6902
207,298,85,101,112,33.8926,37.5839
208,302,86,103,113,34.1060,37.4172
209,301,85,99,117,32.8904,38.8704
210,297,84,90,123,30.3030,41.4141
211,299,85,91,123,30.4348,41.1371
212,299,88,88,123,29.4314,41.1371
213,299,88,83,128,27.7592,42.8094
214,298,88,81,129,27.1812,43.2886
215,302,92,80,130,26.4901,43.0464
216,302,89,79,134,26.1589,44.3709
217,302,89,75,138,24.8344,45.6954
218,302,86,76,140,25.1656,46.3576
219,298,86,72,140,24.1611,46.9799
220,303,89,74,140,24.4224,46.2046
221,302,86,74,142,24.5033,47.0199
222,302,82,74,146,24.5033,48.3444
223,301,82,72,147,23.9203,48.8372
224,301,81,71,149,23.5880,49.5017
225,300,84,69,147,23.0000,49.0000
226,296,79,66,151,22.2973,51.0135
227,297,84,66,147,22.2222,49.4949
228,298,85,66,147,22.1477,49.3289
229,297,86,61,150,20.5387,50.5051
230,299,85,63,151,21.0702,50.5017
231,299,86,62,151,20.7358,50.5017
232,298,86,61,151,20.4698,50.6711
233,301,89,60,152,19.9336,50.4983
234,300,85,63,152,21.0000,50.6667
235,300,84,60,156,20.0000,52.0000
236,300,83,61,156,20.3333,52.0000
237,299,84,60,155,20.0669,51.8395
238,301,86,59,156,19.6013,51.8272
239,298,85,57,156,19.1275,52.3490
240,300,87,57,156,19.0000,52.0000
241,299,90,56,153,18.7291,51.1706
242,300,92,54,154,18.0000,51.3333
243,299,95,52,152,17.3913,50.8361
244,303,100,50,153,16.5017,50.4950
245,302,99,53,150,17.5497,49.6689
246,301,99,52,150,17.2757,49.8339
247,300,102,49,149,16.3333,49.6667
248,300,101,52,147,17.3333,49.0000
249,300,103,49,148,16.3333,49.3333
250,300,104,49,147,16.3333,49.0000
251,300,101,50,149,16.6667,49.6667
252,300,96,53,151,17.6667,50.3333
253,300,95,54,151,18.0000,50.3333
254,297,93,53,151,17.8451,50.8418
255,298,94,53,151,17.7852,50.6711
256,298,98,51,149,17.1141,50.0000
257,302,100,56,146,18.5430,48.3444
258,302,99,60,143,19.8675,47.3510
259,302,104,59,139,19.5364,46.0265
260,301,105,58,138,19.2691,45.8472
261,301,108,59,134,19.6013,44.5183
262,301,111,60,130,19.9336,43.1894
263,301,109,62,130,20.5980,43.1894
264,301,109,62,130,20.5980,43.1894
265,299,113,59,127,19.7324,42.4749
266,299,116,56,127,18.7291,42.4749
267,301,118,58,125,19.2691,41.5282
268,300,120,57,123,19.0000,41.0000
269,300,120,61,119,20.3333,39.6667
270,299,120,64,115,21.4047,38.4615
271,299,118,64,117,21.4047,39.1304
272,299,121,62,116,20.7358,38.7960
273,305,127,58,120,19.0164,39.3443
274,304,132,57,115,18.7500,37.8289
275,301,136,52,113,17.2757,37.5415
276,301,136,56,109,18.6047,36.2126
277,300,137,51,112,17.0000,37.3333
278,298,139,46,113,15.4362,37.9195
279,298,140,46,112,15.4362,37.5839
280,302,143,49,110,16.2252,36.4238
281,301,143,48,110,15.9468,36.5449
282,299,145,45,109,15.0502,36.4548
283,301,145,45,111,14.9502,36.8771
284,300,145,43,112,14.3333,37.3333
285,300,142,47,111,15.6667,37.0000
286,299,139,50,110,16.7224,36.7893
287,302,143,53,106,17.5497,35.0993
288,302,141,56,105,18.5430,34.7682
289,300,134,58,108,19.3333,36.0000
290,300,130,61,109,20.3333,36.3333
291,299,127,61,111,20.4013,37.1237
292,300,128,62,110,20.6667,36.6667
293,300,126,65,109,21.6667,36.3333
294,300,127,65,108,21.6667,36.0000
295,300,125,70,105,23.3333,35.0000
296,299,125,71,103,23.7458,34.4482
297,300,122,74,104,24.6667,34.6667
298,300,121,77,102,25.6667,34.0000
299,300,119,80,101,26.6667,33.6667
300,299,115,84,100,28.0936,33.4448
301,299,115,84,100,28.0936,33.4448
302,303,116,87,100,28.7129,33.0033
303,303,114,92,97,30.3630,32.0132
304,303,112,94,97,31.0231,32.0132
305,302,107,98,97,32.4503,32.1192
306,302,105,97,100,32.1192,33.1126
307,300,104,93,103,31.0000,34.3333
308,299,101,94,104,31.4381,34.7826
309,298,103,91,104,30.5369,34.8993
310,300,104,87,109,29.0000,36.3333
311,297,103,81,113,27.2727,38.0471
312,298,101,86,111,28.8591,37.2483
313,301,100,89,112,29.5681,37.2093
314,300,99,88,113,29.3333,37.6667
315,298,96,88,114,29.5302,38.2550
316,300,97,88,115,29.3333,38.3333
317,298,98,84,116,28.1879,38.9262
318,297,100,80,117,26.9360,39.3939
319,300,102,80,118,26.6667,39.3333
320,298,101,78,119,26.1745,39.9329
321,298,103,75,120,25.1678,40.2685
322,298,100,76,122,25.5034,40.9396
323,300,101,77,122,25.6667,40.6667
324,297,97,75,125,25.2525,42.0875
325,300,105,72,123,24.0000,41.0000
326,300,103,69,128,23.0000,42.6667
327,300,104,70,126,23.3333,42.0000
328,298,103,64,131,21.4765,43.9597
329,301,108,65,128,21.5947,42.5249
330,300,112,65,123,21.6667,41.0000
331,299,109,65,125,21.7391,41.8060
332,300,104,67,129,22.3333,43.0000
333,300,102,67,131,22.3333,43.6667
334,298,102,62,134,20.8054,44.9664
335,300,102,62,136,20.6667,45.3333
336,300,101,62,137,20.6667,45.6667
337,299,100,61,138,20.4013,46.1538
338,300,100,62,138,20.6667,46.0000
339,300,95,66,139,22.0000,46.3333
340,299,94,66,139,22.0736,46.4883
341,305,102,65,138,21.3115,45.2459
342,302,104,62,136,20.5298,45.0331
343,301,102,62,137,20.5980,45.5150
344,301,98,65,138,21.5947,45.8472
345,299,100,58,141,19.3980,47.1572
346,301,100,59,142,19.6013,47.1761
347,300,99,59,142,19.6667,47.3333
348,299,98,62,139,20.7358,46.4883
349,301,101,61,139,20.2658,46.1794
350,299,99,62,138,20.7358,46.1538
351,299,100,61,138,20.4013,46.1538
352,301,100,61,140,20.2658,46.5116
353,301,100,58,143,19.2691,47.5083
354,300,100,58,142,19.3333,47.3333
355,300,95,61,144,20.3333,48.0000
356,299,97,58,144,19.3980,48.1605
357,301,99,56,146,18.6047,48.5050
358,301,102,56,143,18.6047,47.5083
359,299,104,53,142,17.7258,47.4916
360,300,105,54,141,18.0000,47.0000
361,300,103,55,142,18.3333,47.3333
362,300,103,58,139,19.3333,46.3333
363,300,106,59,135,19.6667,45.0000
364,298,105,55,138,18.4564,46.3087
365,299,107,56,136,18.7291,45.4849
366,302,112,57,133,18.8742,44.0397
367,302,112,57,133,18.8742,44.0397
368,300,112,55,133,18.3333,44.3333
369,300,113,57,130,19.0000,43.3333
370,299,114,58,127,19.3980,42.4749
371,300,115,57,128,19.0000,42.6667
372,300,115,57,128,19.0000,42.6667
373,300,116,56,128,18.6667,42.6667
374,297,114,55,128,18.5185,43.0976
375,299,118,54,127,18.0602,42.4749
376,299,117,58,124,19.3980,41.4716
377,302,120,61,121,20.1987,40.0662
378,302,118,65,119,21.5232,39.4040
379,302,116,66,120,21.8543,39.7351
380,301,109,77,115,25.5814,38.2060
381,301,105,79,117,26.2458,38.8704
382,301,101,79,121,26.2458,40.1993
383,301,101,77,123,25.5814,40.8638
384,300,104,74,122,24.6667,40.6667
385,300,103,76,121,25.3333,40.3333
386,300,105,78,117,26.0000,39.0000
387,300,108,76,116,25.3333,38.6667
388,298,106,78,114,26.1745,38.2550
389,298,109,78,111,26.1745,37.2483
390,304,115,78,111,25.6579,36.5132
391,303,111,80,112,26.4026,36.9637
392,303,106,85,112,28.0528,36.9637
393,301,104,87,110,28.9037,36.5449
394,301,103,86,112,28.5714,37.2093
395,301,103,88,110,29.2359,36.5449
396,299,99,88,112,29.4314,37.4582
397,300,103,86,111,28.6667,37.0000
398,298,100,83,115,27.8523,38.5906
399,300,100,83,117,27.6667,39.0000
400,296,98,78,120,26.3514,40.5405
401,294,100,71,123,24.1497,41.8367
402,294,100,67,127,22.7891,43.1973
403,296,100,65,131,21.9595,44.2568
404,299,104,66,129,22.0736,43.1438
405,299,108,66,125,22.0736,41.8060
406,299,107,65,127,21.7391,42.4749
407,299,104,70,125,23.4114,41.8060
408,298,107,67,124,22.4832,41.6107
409,299,107,69,123,23.0769,41.1371
410,300,106,72,122,24.0000,40.6667
411,299,104,72,123,24.0803,41.1371
412,298,104,68,126,22.8188,42.2819
413,300,104,69,127,23.0000,42.3333
414,298,104,67,127,22.4832,42.6174
415,299,108,62,129,20.7358,43.1438
416,304,115,63,126,20.7237,41.4474
417,303,116,57,130,18.8119,42.9043
418,303,112,57,134,18.8119,44.2244
419,301,110,56,135,18.6047,44.8505
420,300,109,58,133,19.3333,44.3333
421,298,106,60,132,20.1342,44.2953
422,302,108,63,131,20.8609,43.3775
423,301,107,66,128,21.9269,42.5249
424,301,109,64,128,21.2625,42.5249
425,301,104,69,128,22.9236,42.5249
426,300,103,69,128,23.0000,42.6667
427,299,104,65,130,21.7391,43.4783
428,301,104,65,132,21.5947,43.8538
429,301,104,64,133,21.2625,44.1860
430,301,101,66,134,21.9269,44.5183
431,299,101,60,138,20.0669,46.1538
432,300,100,59,141,19.6667,47.0000
433,300,102,58,140,19.3333,46.6667
434,300,103,59,138,19.6667,46.0000
435,299,103,60,136,20.0669,45.4849
436,303,108,61,134,20.1320,44.2244
437,302,111,61,130,20.1987,43.0464
438,302,107,63,132,20.8609,43.7086
439,300,107,61,132,20.3333,44.0000
440,300,108,59,133,19.6667,44.3333
441,298,104,59,135,19.7987,45.3020
442,298,103,59,136,19.7987,45.6376
443,297,104,58,135,19.5286,45.4545
444,301,107,59,135,19.6013,44.8505
445,300,108,55,137,18.3333,45.6667
446,299,111,49,139,16.3880,46.4883
447,304,114,52,138,17.1053,45.3947
448,304,114,52,138,17.1053,45.3947
449,303,115,54,134,17.8218,44.2244
450,303,119,54,130,17.8218,42.9043
451,302,118,50,134,16.5563,44.3709
452,302,116,55,131,18.2119,43.3775
453,301,120,54,127,17.9402,42.1927
454,298,117,57,124,19.1275,41.6107
455,297,120,56,121,18.8552,40.7407
456,300,120,56,124,18.6667,41.3333
457,300,119,59,122,19.6667,40.6667
458,299,114,62,123,20.7358,41.1371
459,303,115,65,123,21.4521,40.5941
460,301,113,66,122,21.9269,40.5316
461,299,113,66,120,22.0736,40.1338
462,301,115,66,120,21.9269,39.8671
463,299,113,67,119,22.4080,39.7993
464,301,117,69,115,22.9236,38.2060
465,301,116,70,115,23.2558,38.2060
466,301,112,77,112,25.5814,37.2093
467,301,112,78,111,25.9136,36.8771
468,301,109,79,113,26.2458,37.5415
469,300,112,76,112,25.3333,37.3333
470,300,112,80,108,26.6667,36.0000
471,300,113,79,108,26.3333,36.0000
472,299,112,75,112,25.0836,37.4582
473,303,113,77,113,25.4125,37.2937
474,302,112,75,115,24.8344,38.0795
475,301,108,74,119,24.5847,39.5349
476,301,106,76,119,25.2492,39.5349
477,301,104,79,118,26.2458,39.2027
478,298,101,76,121,25.5034,40.6040
479,299,104,73,122,24.4147,40.8027
480,303,107,75,121,24.7525,39.9340
481,303,106,73,124,24.0924,40.9241
482,303,105,78,120,25.7426,39.6040
483,302,109,74,119,24.5033,39.4040
484,302,106,77,119,25.4967,39.4040
485,302,103,78,121,25.8278,40.0662
486,302,100,79,123,26.1589,40.7285
487,301,98,78,125,25.9136,41.5282
488,301,96,76,129,25.2492,42.8571
489,300,91,78,131,26.0000,43.6667
490,299,91,77,131,25.7525,43.8127
491,300,95,75,130,25.0000,43.3333
492,300,92,80,128,26.6667,42.6667
493,298,92,78,128,26.1745,42.9530
494,301,96,77,128,25.5814,42.5249
495,301,93,79,129,26.2458,42.8571
496,298,92,76,130,25.5034,43.6242
497,297,94,74,129,24.9158,43.4343
498,297,96,76,125,25.5892,42.0875
499,297,97,73,127,24.5791,42.7609
500,297,101,70,126,23.5690,42.4242
501,301,104,69,128,22.9236,42.5249
502,298,102,69,127,23.1544,42.6174
503,297,106,68,123,22.8956,41.4141
504,299,104,69,126,23.0769,42.1405
505,301,107,64,130,21.2625,43.1894
506,299,108,58,133,19.3980,44.4816
507,303,111,58,134,19.1419,44.2244
508,302,111,58,133,19.2053,44.0397
509,301,110,53,138,17.6080,45.8472
510,300,112,53,135,17.6667,45.0000
511,300,108,55,137,18.3333,45.6667
512,299,108,51,140,17.0569,46.8227
513,301,107,52,142,17.2757,47.1761
514,300,107,52,141,17.3333,47.0000
515,299,106,53,140,17.7258,46.8227
516,299,106,52,141,17.3913,47.1572
517,301,109,52,140,17.2757,46.5116
518,300,105,53,142,17.6667,47.3333
519,298,108,46,144,15.4362,48.3221
520,300,110,48,142,16.0000,47.3333
521,300,112,48,140,16.0000,46.6667
522,300,109,48,143,16.0000,47.6667
523,300,111,46,143,15.3333,47.6667
524,300,114,45,141,15.0000,47.0000
525,300,114,43,143,14.3333,47.6667
526,300,115,43,142,14.3333,47.3333
527,300,117,45,138,15.0000,46.0000
528,297,119,40,138,13.4680,46.4646
529,298,120,40,138,13.4228,46.3087
530,299,125,41,133,13.7124,44.4816
531,301,130,42,129,13.9535,42.8571
532,301,129,42,130,13.9535,43.1894
533,300,128,45,127,15.0000,42.3333
534,299,126,45,128,15.0502,42.8094
535,302,133,43,126,14.2384,41.7219
536,301,133,43,125,14.2857,41.5282
537,301,136,43,122,14.2857,40.5316
538,301,135,44,122,14.6179,40.5316
539,300,137,45,118,15.0000,39.3333
540,299,141,44,114,14.7157,38.1271
541,300,139,47,114,15.6667,38.0000
542,300,139,49,112,16.3333,37.3333
543,300,138,48,114,16.0000,38.0000
544,299,134,51,114,17.0569,38.1271
545,299,131,55,113,18.3946,37.7926
546,302,134,56,112,18.5430,37.0861
547,302,133,58,111,19.2053,36.7550
548,302,135,58,109,19.2053,36.0927
549,302,133,61,108,20.1987,35.7616
550,301,134,61,106,20.2658,35.2159
551,301,134,61,106,20.2658,35.2159
552,300,133,60,107,20.0000,35.6667
553,299,131,61,107,20.4013,35.7860
554,301,131,62,108,20.5980,35.8804
555,301,127,65,109,21.5947,36.2126
556,301,127,67,107,22.2591,35.5482
557,300,127,70,103,23.3333,34.3333
558,298,124,72,102,24.1611,34.2282
559,298,120,76,102,25.5034,34.2282
560,300,123,77,100,25.6667,33.3333
561,300,127,76,97,25.3333,32.3333
562,300,124,75,101,25.0000,33.6667
563,300,124,74,102,24.6667,34.0000
564,299,122,78,99,26.0870,33.1104
565,302,122,76,104,25.1656,34.4371
566,302,116,81,105,26.8212,34.7682
567,301,112,82,107,27.2425,35.5482
568,300,110,85,105,28.3333,35.0000
569,300,103,91,106,30.3333,35.3333
570,300,102,91,107,30.3333,35.6667
571,299,102,93,104,31.1037,34.7826
572,300,101,93,106,31.0000,35.3333
573,300,100,93,107,31.0000,35.6667
574,299,94,99,106,33.1104,35.4515
575,298,94,97,107,32.5503,35.9060
576,299,96,94,109,31.4381,36.4548
577,299,98,94,107,31.4381,35.7860
578,298,99,89,110,29.8658,36.9128
579,294,100,83,111,28.2313,37.7551
580,295,100,82,113,27.7966,38.3051
581,296,96,88,112,29.7297,37.8378
582,297,93,88,116,29.6296,39.0572
583,297,94,88,115,29.6296,38.7205
584,299,98,84,117,28.0936,39.1304
585,298,97,81,120,27.1812,40.2685
586,300,96,81,123,27.0000,41.0000
587,297,98,77,122,25.9259,41.0774
588,294,97,73,124,24.8299,42.1769
589,299,102,70,127,23.4114,42.4749
590,298,102,69,127,23.1544,42.6174
591,300,103,69,128,23.0000,42.6667
592,296,104,61,131,20.6081,44.2568
593,299,109,60,130,20.0669,43.4783
594,299,109,58,132,19.3980,44.1472
595,298,113,52,133,17.4497,44.6309
596,301,115,53,133,17.6080,44.1860
597,300,111,56,133,18.6667,44.3333
598,299,109,55,135,18.3946,45.1505
599,302,109,60,133,19.8675,44.0397
600,301,108,61,132,20.2658,43.8538
601,300,107,56,137,18.6667,45.6667
602,299,101,57,141,19.0635,47.1572
603,299,105,54,140,18.0602,46.8227
604,301,109,55,137,18.2724,45.5150
605,300,108,56,136,18.6667,45.3333
606,299,109,52,138,17.3913,46.1538
607,300,110,55,135,18.3333,45.0000
608,299,109,54,136,18.0602,45.4849
609,301,109,54,138,17.9402,45.8472
610,301,110,53,138,17.6080,45.8472
611,300,110,52,138,17.3333,46.0000
612,300,103,59,138,19.6667,46.0000
613,299,102,61,136,20.4013,45.4849
614,299,108,59,132,19.7324,44.1472
615,302,109,64,129,21.1921,42.7152
616,302,110,61,131,20.1987,43.3775
617,301,112,61,128,20.2658,42.5249
618,299,111,59,129,19.7324,43.1438
619,303,118,58,127,19.1419,41.9142
620,302,115,56,131,18.5430,43.3775
621,301,117,55,129,18.2724,42.8571
622,300,118,53,129,17.6667,43.0000
623,298,119,52,127,17.4497,42.6174
624,300,119,55,126,18.3333,42.0000
625,299,118,56,125,18.7291,41.8060
626,299,119,57,123,19.0635,41.1371
627,303,122,57,124,18.8119,40.9241
628,303,126,57,120,18.8119,39.6040
629,303,125,56,122,18.4818,40.2640
630,302,129,52,121,17.2185,40.0662
631,302,126,54,122,17.8808,40.3974
632,301,128,53,120,17.6080,39.8671
633,301,126,50,125,16.6113,41.5282
634,301,125,53,123,17.6080,40.8638
635,301,124,50,127,16.6113,42.1927
636,301,123,55,123,18.2724,40.8638
637,301,125,57,119,18.9369,39.5349
638,300,125,56,119,18.6667,39.6667
639,300,123,59,118,19.6667,39.3333
640,299,124,58,117,19.3980,39.1304
641,300,127,60,113,20.0000,37.6667
642,300,127,62,111,20.6667,37.0000
643,299,128,60,111,20.0669,37.1237
644,299,128,61,110,20.4013,36.7893
645,299,127,62,110,20.7358,36.7893
646,304,135,58,111,19.0789,36.5132
647,302,131,62,109,20.5298,36.0927
648,301,130,62,109,20.5980,36.2126
649,300,127,64,109,21.3333,36.3333
650,300,129,65,106,21.6667,35.3333
651,300,124,69,107,23.0000,35.6667
652,298,122,67,109,22.4832,36.5772
653,303,128,70,105,23.1023,34.6535
654,303,128,70,105,23.1023,34.6535
655,303,128,69,106,22.7723,34.9835
656,302,122,71,109,23.5099,36.0927
657,301,120,68,113,22.5914,37.5415
658,300,122,69,109,23.0000,36.3333
659,300,116,71,113,23.6667,37.6667
660,300,115,69,116,23.0000,38.6667
661,299,116,70,113,23.4114,37.7926
662,299,117,67,115,22.4080,38.4615
663,302,122,66,114,21.8543,37.7483
664,302,118,68,116,22.5166,38.4106
665,300,116,67,117,22.3333,39.0000
666,299,114,69,116,23.0769,38.7960
667,302,113,69,120,22.8477,39.7351
668,301,114,67,120,22.2591,39.8671
669,299,115,66,118,22.0736,39.4649
670,301,114,70,117,23.2558,38.8704
671,300,113,70,117,23.3333,39.0000
672,299,113,69,117,23.0769,39.1304
673,299,112,70,117,23.4114,39.1304
674,301,116,67,118,22.2591,39.2027
675,300,116,63,121,21.0000,40.3333
676,300,114,63,123,21.0000,41.0000
677,299,111,62,126,20.7358,42.1405
678,304,113,64,127,21.0526,41.7763
679,303,114,62,127,20.4620,41.9142
680,303,112,63,128,20.7921,42.2442
681,302,107,67,128,22.1854,42.3841
682,299,106,68,125,22.7425,41.8060
683,300,104,73,123,24.3333,41.0000
684,299,104,74,121,24.7492,40.4682
685,300,110,72,118,24.0000,39.3333
686,297,110,70,117,23.5690,39.3939
687,298,115,68,115,22.8188,38.5906
688,300,114,70,116,23.3333,38.6667
689,300,112,71,117,23.6667,39.0000
690,299,110,73,116,24.4147,38.7960
691,299,110,69,120,23.0769,40.1338
692,299,109,72,118,24.0803,39.4649
693,302,111,72,119,23.8411,39.4040
694,301,109,71,121,23.5880,40.1993
695,301,107,74,120,24.5847,39.8671
696,301,109,73,119,24.2525,39.5349
697,301,104,76,121,25.2492,40.1993
698,301,100,78,123,25.9136,40.8638
699,300,103,74,123,24.6667,41.0000
700,299,100,74,125,24.7492,41.8060
701,300,98,76,126,25.3333,42.0000
702,298,94,74,130,24.8322,43.6242
703,300,95,73,132,24.3333,44.0000
704,299,94,72,133,24.0803,44.4816
705,299,94,70,135,23.4114,45.1505
706,300,93,76,131,25.3333,43.6667
707,300,91,78,131,26.0000,43.6667
708,300,92,80,128,26.6667,42.6667
709,299,94,76,129,25.4181,43.1438
710,300,96,73,131,24.3333,43.6667
711,300,96,73,131,24.3333,43.6667
712,299,94,77,128,25.7525,42.8094
713,299,94,73,132,24.4147,44.1472
714,300,97,76,127,25.3333,42.3333
715,300,94,78,128,26.0000,42.6667
716,298,93,80,125,26.8456,41.9463
717,298,90,83,125,27.8523,41.9463
718,299,90,79,130,26.4214,43.4783
719,301,96,75,130,24.9169,43.1894
720,301,93,79,129,26.2458,42.8571
721,301,89,81,131,26.9103,43.5216
722,301,86,79,136,26.2458,45.1827
723,301,86,78,137,25.9136,45.5150
724,301,89,75,137,24.9169,45.5150
725,300,85,78,137,26.0000,45.6667
726,300,87,77,136,25.6667,45.3333
727,296,88,71,137,23.9865,46.2838
728,296,88,72,136,24.3243,45.9459
729,298,89,75,134,25.1678,44.9664
730,298,88,77,133,25.8389,44.6309
731,300,92,79,129,26.3333,43.0000
732,299,90,76,133,25.4181,44.4816
733,300,91,74,135,24.6667,45.0000
734,300,88,74,138,24.6667,46.0000
735,299,83,76,140,25.4181,46.8227
736,301,86,70,145,23.2558,48.1728
737,300,87,66,147,22.0000,49.0000
738,300,83,69,148,23.0000,49.3333
739,300,83,69,148,23.0000,49.3333
740,300,81,70,149,23.3333,49.6667
741,297,81,65,151,21.8855,50.8418
742,298,84,63,151,21.1409,50.6711
743,299,88,62,149,20.7358,49.8328
744,302,92,61,149,20.1987,49.3377
745,301,90,63,148,20.9302,49.1694
746,299,92,62,145,20.7358,48.4950
747,298,89,62,147,20.8054,49.3289
748,296,87,63,146,21.2838,49.3243
749,298,90,61,147,20.4698,49.3289
750,297,95,57,145,19.1919,48.8215
751,298,97,55,146,18.4564,48.9933
752,300,98,57,145,19.0000,48.3333
753,300,97,56,147,18.6667,49.0000
754,299,101,54,144,18.0602,48.1605
755,301,104,52,145,17.2757,48.1728
756,300,101,55,144,18.3333,48.0000
757,298,102,56,140,18.7919,46.9799
758,297,100,55,142,18.5185,47.8114
759,298,102,55,141,18.4564,47.3154
760,302,103,56,143,18.5430,47.3510
761,300,108,52,140,17.3333,46.6667
762,300,106,55,139,18.3333,46.3333
763,300,108,56,136,18.6667,45.3333
764,300,108,56,136,18.6667,45.3333
765,299,111,53,135,17.7258,45.1505
766,299,112,51,136,17.0569,45.4849
767,302,114,54,134,17.8808,44.3709
768,301,112,53,136,17.6080,45.1827
769,299,110,52,137,17.3913,45.8194
770,300,114,52,134,17.3333,44.6667
771,299,115,53,131,17.7258,43.8127
772,301,116,53,132,17.6080,43.8538
773,299,117,53,129,17.7258,43.1438
774,300,119,58,123,19.3333,41.0000
775,298,121,57,120,19.1275,40.2685
776,301,122,59,120,19.6013,39.8671
777,300,120,59,121,19.6667,40.3333
778,300,120,58,122,19.3333,40.6667
779,300,120,60,120,20.0000,40.0000
780,298,119,60,119,20.1342,39.9329
781,298,117,63,118,21.1409,39.5973
782,298,116,64,118,21.4765,39.5973
783,300,119,60,121,20.0000,40.3333
784,300,116,67,117,22.3333,39.0000
785,300,116,71,113,23.6667,37.6667
786,300,116,73,111,24.3333,37.0000
787,299,112,78,109,26.0870,36.4548
788,300,114,79,107,26.3333,35.6667
789,299,118,77,104,25.7525,34.7826
790,300,119,79,102,26.3333,34.0000
791,299,116,81,102,27.0903,34.1137
792,297,109,88,100,29.6296,33.6700
793,298,108,90,100,30.2013,33.5570
794,301,110,92,99,30.5648,32.8904
795,300,111,89,100,29.6667,33.3333
796,299,105,94,100,31.4381,33.4448
797,301,102,94,105,31.2292,34.8837
798,301,93,102,106,33.8870,35.2159
799,300,90,105,105,35.0000,35.0000
800,299,88,104,107,34.7826,35.7860
801,298,87,105,106,35.2349,35.5705
802,300,91,104,105,34.6667,35.0000
803,298,92,104,102,34.8993,34.2282
804,298,90,101,107,33.8926,35.9060
805,298,90,101,107,33.8926,35.9060
806,299,87,104,108,34.7826,36.1204
807,299,90,104,105,34.7826,35.1171
808,298,88,102,108,34.2282,36.2416
809,297,82,104,111,35.0168,37.3737
810,298,82,104,112,34.8993,37.5839
811,298,80,108,110,36.2416,36.9128
812,297,76,109,112,36.7003,37.7104
813,298,77,104,117,34.8993,39.2617
814,295,79,95,121,32.2034,41.0169
815,296,80,96,120,32.4324,40.5405
816,295,79,96,120,32.5424,40.6780
817,295,80,90,125,30.5085,42.3729
818,296,82,85,129,28.7162,43.5811
819,295,81,80,134,27.1186,45.4237
820,295,82,81,132,27.4576,44.7458
821,296,79,83,134,28.0405,45.2703
822,297,81,82,134,27.6094,45.1178
823,298,83,80,135,26.8456,45.3020
824,299,84,80,135,26.7559,45.1505
825,299,85,76,138,25.4181,46.1538
826,298,83,74,141,24.8322,47.3154
827,299,83,72,144,24.0803,48.1605
828,298,85,71,142,23.8255,47.6510
829,298,85,70,143,23.4899,47.9866
830,302,87,72,143,23.8411,47.3510
831,300,89,67,144,22.3333,48.0000
832,298,90,59,149,19.7987,50.0000
833,301,94,54,153,17.9402,50.8306
834,301,93,54,154,17.9402,51.1628
835,301,96,54,151,17.9402,50.1661
836,299,96,52,151,17.3913,50.5017
837,301,99,49,153,16.2791,50.8306
838,300,98,49,153,16.3333,51.0000
839,300,98,45,157,15.0000,52.3333
840,299,96,48,155,16.0535,51.8395
841,301,99,46,156,15.2824,51.8272
842,300,98,43,159,14.3333,53.0000
843,300,99,42,159,14.0000,53.0000
844,300,100,42,158,14.0000,52.6667
845,299,102,40,157,13.3779,52.5084
846,301,106,38,157,12.6246,52.1595
847,301,108,37,156,12.2924,51.8272
848,301,109,35,157,11.6279,52.1595
849,299,112,35,152,11.7057,50.8361
850,300,116,31,153,10.3333,51.0000
851,299,115,29,155,9.6990,51.8395
852,300,118,30,152,10.0000,50.6667
853,300,120,30,150,10.0000,50.0000
854,300,120,30,150,10.0000,50.0000
855,300,120,30,150,10.0000,50.0000
856,300,123,32,145,10.6667,48.3333
857,300,123,35,142,11.6667,47.3333
858,300,122,36,142,12.0000,47.3333
859,300,123,36,141,12.0000,47.0000
860,300,127,37,136,12.3333,45.3333
861,298,130,30,138,10.0671,46.3087
862,298,133,29,136,9.7315,45.6376
863,302,136,31,135,10.2649,44.7020
864,302,133,37,132,12.2517,43.7086
865,301,141,35,125,11.6279,41.5282
866,301,144,37,120,12.2924,39.8671
867,300,140,39,121,13.0000,40.3333
868,299,139,41,119,13.7124,39.7993
869,300,143,44,113,14.6667,37.6667
870,300,144,47,109,15.6667,36.3333
871,300,150,45,105,15.0000,35.0000
872,299,150,44,105,14.7157,35.1171
873,304,156,45,103,14.8026,33.8816
874,304,155,47,102,15.4605,33.5526
875,304,152,51,101,16.7763,33.2237
876,304,153,51,100,16.7763,32.8947
877,304,154,51,99,16.7763,32.5658
878,303,153,50,100,16.5017,33.0033
879,303,151,54,98,17.8218,32.3432
880,303,149,57,97,18.8119,32.0132
881,303,149,60,94,19.8020,31.0231
882,303,149,63,91,20.7921,30.0330
883,303,146,68,89,22.4422,29.3729
884,303,153,63,87,20.7921,28.7129
885,301,154,64,83,21.2625,27.5748
886,301,152,66,83,21.9269,27.5748
887,300,147,70,83,23.3333,27.6667
888,300,144,70,86,23.3333,28.6667
889,297,146,65,86,21.8855,28.9562
890,298,149,62,87,20.8054,29.1946
891,300,154,62,84,20.6667,28.0000
892,300,154,64,82,21.3333,27.3333
893,299,154,65,80,21.7391,26.7559
894,301,155,67,79,22.2591,26.2458
895,300,156,63,81,21.0000,27.0000
896,300,153,63,84,21.0000,28.0000
897,298,151,64,83,21.4765,27.8523
898,301,151,67,83,22.2591,27.5748
899,300,145,71,84,23.6667,28.0000
900,299,144,69,86,23.0769,28.7625
901,299,143,71,85,23.7458,28.4281
902,300,146,68,86,22.6667,28.6667
903,298,148,64,86,21.4765,28.8591
904,298,145,65,88,21.8121,29.5302
905,298,144,67,87,22.4832,29.1946
906,299,146,64,89,21.4047,29.7659
907,296,142,63,91,21.2838,30.7432
908,297,143,63,91,21.2121,30.6397
909,302,148,62,92,20.5298,30.4636
910,300,147,63,90,21.0000,30.0000
911,299,142,67,90,22.4080,30.1003
912,302,137,74,91,24.5033,30.1325
913,302,138,76,88,25.1656,29.1391
914,300,135,75,90,25.0000,30.0000
915,300,132,77,91,25.6667,30.3333
916,300,129,78,93,26.0000,31.0000
917,299,124,81,94,27.0903,31.4381
918,300,123,77,100,25.6667,33.3333
919,300,124,72,104,24.0000,34.6667
920,300,122,68,110,22.6667,36.6667
921,299,114,75,110,25.0836,36.7893
922,303,116,75,112,24.7525,36.9637
923,303,115,78,110,25.7426,36.3036
924,303,111,80,112,26.4026,36.9637
925,301,107,81,113,26.9103,37.5415
926,300,105,82,113,27.3333,37.6667
927,300,104,82,114,27.3333,38.0000
928,297,102,81,114,27.2727,38.3838
929,297,103,80,114,26.9360,38.3838
930,297,105,81,111,27.2727,37.3737
931,296,107,76,113,25.6757,38.1757
932,296,107,73,116,24.6622,39.1892
933,296,100,76,120,25.6757,40.5405
934,298,102,76,120,25.5034,40.2685
935,299,104,71,124,23.7458,41.4716
936,301,104,75,122,24.9169,40.5316
937,299,100,75,124,25.0836,41.4716
938,300,102,72,126,24.0000,42.0000
939,300,97,77,126,25.6667,42.0000
940,300,99,77,124,25.6667,41.3333
941,298,101,73,124,24.4966,41.6107
942,296,102,67,127,22.6351,42.9054
943,298,104,65,129,21.8121,43.2886
944,298,100,68,130,22.8188,43.6242
945,300,101,67,132,22.3333,44.0000
946,300,100,62,138,20.6667,46.0000
947,300,99,65,136,21.6667,45.3333
948,300,101,62,137,20.6667,45.6667
949,300,99,64,137,21.3333,45.6667
950,299,98,65,136,21.7391,45.4849
951,302,101,68,133,22.5166,44.0397
952,302,103,67,132,22.1854,43.7086
953,301,101,63,137,20.9302,45.5150
954,300,100,63,137,21.0000,45.6667
955,300,99,66,135,22.0000,45.0000
956,299,99,63,137,21.0702,45.8194
957,299,100,58,141,19.3980,47.1572
958,301,106,54,141,17.9402,46.8439
959,300,105,54,141,18.0000,47.0000
960,298,105,50,143,16.7785,47.9866
961,299,105,53,141,17.7258,47.1572
962,299,99,58,142,19.3980,47.4916
963,301,99,59,143,19.6013,47.5083
964,300,96,60,144,20.0000,48.0000
965,300,95,61,144,20.3333,48.0000
966,300,93,62,145,20.6667,48.3333
967,300,91,61,148,20.3333,49.3333
968,300,93,59,148,19.6667,49.3333
969,296,91,59,146,19.9324,49.3243
970,297,97,58,142,19.5286,47.8114
971,300,103,59,138,19.6667,46.0000
972,299,103,62,134,20.7358,44.8161
973,301,104,63,134,20.9302,44.5183
974,300,104,61,135,20.3333,45.0000
975,297,97,64,136,21.5488,45.7912
976,298,97,65,136,21.8121,45.6376
977,301,97,70,134,23.2558,44.5183
978,301,97,71,133,23.5880,44.1860
979,300,96,72,132,24.0000,44.0000
980,299,92,75,132,25.0836,44.1472
981,304,99,75,130,24.6711,42.7632
982,303,97,74,132,24.4224,43.5644
983,300,97,71,132,23.6667,44.0000
984,300,96,74,130,24.6667,43.3333
985,299,96,74,129,24.7492,43.1438
986,301,96,75,130,24.9169,43.1894
987,300,99,72,129,24.0000,43.0000
988,299,94,78,127,26.0870,42.4749
989,301,98,78,125,25.9136,41.5282
990,299,98,78,123,26.0870,41.1371
991,299,96,78,125,26.0870,41.8060
992,300,93,81,126,27.0000,42.0000
993,298,90,83,125,27.8523,41.9463
994,301,91,85,125,28.2392,41.5282
995,300,87,87,126,29.0000,42.0000
996,299,86,85,128,28.4281,42.8094
997,304,92,85,127,27.9605,41.7763
998,301,96,82,123,27.2425,40.8638
999,301,95,84,122,27.9070,40.5316
1000,300,96,79,125,26.3333,41.6667
1001,300,94,82,124,27.3333,41.3333
1002,300,88,89,123,29.6667,41.0000
1003,298,85,88,125,29.5302,41.9463
1004,296,84,86,126,29.0541,42.5676
1005,298,85,90,123,30.2013,41.2752
1006,297,88,86,123,28.9562,41.4141
1007,296,82,91,123,30.7432,41.5541
1008,296,85,89,122,30.0676,41.2162
1009,293,87,85,121,29.0102,41.2969
1010,295,87,90,118,30.5085,40.0000
1011,294,91,86,117,29.2517,39.7959
1012,296,92,88,116,29.7297,39.1892
1013,295,92,81,122,27.4576,41.3559
1014,299,97,78,124,26.0870,41.4716
1015,298,98,71,129,23.8255,43.2886
1016,303,104,67,132,22.1122,43.5644
1017,302,105,66,131,21.8543,43.3775
1018,302,108,65,129,21.5232,42.7152
1019,301,110,63,128,20.9302,42.5249
1020,301,111,63,127,20.9302,42.1927
1021,298,108,60,130,20.1342,43.6242
1022,300,108,62,130,20.6667,43.3333
1023,297,106,58,133,19.5286,44.7811
1024,296,108,53,135,17.9054,45.6081
1025,299,111,52,136,17.3913,45.4849
1026,299,108,57,134,19.0635,44.8161
1027,300,110,52,138,17.3333,46.0000
1028,298,111,48,139,16.1074,46.6443
1029,301,110,52,139,17.2757,46.1794
1030,299,105,53,141,17.7258,47.1572
1031,299,105,52,142,17.3913,47.4916
1032,302,109,51,142,16.8874,47.0199
1033,300,107,50,143,16.6667,47.6667
1034,300,108,52,140,17.3333,46.6667
1035,300,109,52,139,17.3333,46.3333
1036,300,108,54,138,18.0000,46.0000
1037,300,108,56,136,18.6667,45.3333
1038,300,107,59,134,19.6667,44.6667
1039,300,109,59,132,19.6667,44.0000
1040,300,109,59,132,19.6667,44.0000
1041,299,108,57,134,19.0635,44.8161
1042,299,107,57,135,19.0635,45.1505
1043,301,113,54,134,17.9402,44.5183
1044,300,115,54,131,18.0000,43.6667
1045,300,115,52,133,17.3333,44.3333
1046,299,116,53,130,17.7258,43.4783
1047,300,122,49,129,16.3333,43.0000
1048,300,123,51,126,17.0000,42.0000
1049,300,125,46,129,15.3333,43.0000
1050,299,129,40,130,13.3779,43.4783
1051,302,131,40,131,13.2450,43.3775
1052,301,134,43,124,14.2857,41.1960
1053,301,129,47,125,15.6146,41.5282
1054,301,127,46,128,15.2824,42.5249
1055,301,128,48,125,15.9468,41.5282
1056,301,132,45,124,14.9502,41.1960
1057,298,132,43,123,14.4295,41.2752
1058,299,136,42,121,14.0468,40.4682
1059,299,137,40,122,13.3779,40.8027
1060,304,142,43,119,14.1447,39.1447
1061,303,138,48,117,15.8416,38.6139
1062,301,138,47,116,15.6146,38.5382
1063,299,135,49,115,16.3880,38.4615
1064,300,137,50,113,16.6667,37.6667
1065,300,143,49,108,16.3333,36.0000
1066,300,144,48,108,16.0000,36.0000
1067,298,147,46,105,15.4362,35.2349
1068,298,151,45,102,15.1007,34.2282
1069,299,152,46,101,15.3846,33.7793
1070,305,157,49,99,16.0656,32.4590
1071,305,159,47,99,15.4098,32.4590
1072,304,159,47,98,15.4605,32.2368
1073,303,157,47,99,15.5116,32.6733
1074,303,155,47,101,15.5116,33.3333
1075,303,154,50,99,16.5017,32.6733
1076,303,152,55,96,18.1518,31.6832
1077,303,150,59,94,19.4719,31.0231
1078,303,147,62,94,20.4620,31.0231
1079,303,150,63,90,20.7921,29.7030
1080,302,148,65,89,21.5232,29.4702
1081,300,145,63,92,21.0000,30.6667
1082,299,141,67,91,22.4080,30.4348
1083,300,142,69,89,23.0000,29.6667
1084,298,136,72,90,24.1611,30.2013
1085,300,137,75,88,25.0000,29.3333
1086,299,131,80,88,26.7559,29.4314
1087,300,131,83,86,27.6667,28.6667
1088,299,124,88,87,29.4314,29.0970
1089,301,124,90,87,29.9003,28.9037
1090,301,119,94,88,31.2292,29.2359
1091,300,113,100,87,33.3333,29.0000
1092,298,108,103,87,34.5638,29.1946
1093,299,109,104,86,34.7826,28.7625
1094,298,106,105,87,35.2349,29.1946
1095,297,106,102,89,34.3434,29.9663
1096,297,104,101,92,34.0067,30.9764
1097,299,106,99,94,33.1104,31.4381
1098,301,103,103,95,34.2193,31.5615
1099,301,100,106,95,35.2159,31.5615
1100,300,92,110,98,36.6667,32.6667
1101,300,92,112,96,37.3333,32.0000
1102,299,94,108,97,36.1204,32.4415
1103,302,96,108,98,35.7616,32.4503
1104,299,93,104,102,34.7826,34.1137
1105,303,97,101,105,33.3333,34.6535
1106,302,95,100,107,33.1126,35.4305
1107,301,88,102,111,33.8870,36.8771
1108,300,87,99,114,33.0000,38.0000
1109,299,76,106,117,35.4515,39.1304
1110,300,76,106,118,35.3333,39.3333
1111,298,75,101,122,33.8926,40.9396
1112,296,73,97,126,32.7703,42.5676
1113,296,73,95,128,32.0946,43.2432
1114,298,72,96,130,32.2148,43.6242
1115,297,69,95,133,31.9865,44.7811
1116,297,67,94,136,31.6498,45.7912
1117,298,67,93,138,31.2081,46.3087
1118,300,72,88,140,29.3333,46.6667
1119,298,72,85,141,28.5235,47.3154
1120,297,72,84,141,28.2828,47.4747
1121,301,77,76,148,25.2492,49.1694
1122,299,75,72,152,24.0803,50.8361
1123,299,77,69,153,23.0769,51.1706
1124,300,74,73,153,24.3333,51.0000
1125,298,75,73,150,24.4966,50.3356
1126,299,78,72,149,24.0803,49.8328
1127,296,75,69,152,23.3108,51.3514
1128,299,76,70,153,23.4114,51.1706
1129,297,79,61,157,20.5387,52.8620
1130,296,80,58,158,19.5946,53.3784
1131,297,81,57,159,19.1919,53.5354
1132,297,84,54,159,18.1818,53.5354
1133,299,85,58,156,19.3980,52.1739
1134,298,83,57,158,19.1275,53.0201
1135,300,85,54,161,18.0000,53.6667
1136,298,83,55,160,18.4564,53.6913
1137,299,84,54,161,18.0602,53.8462
1138,300,80,56,164,18.6667,54.6667
1139,300,78,55,167,18.3333,55.6667
1140,299,76,57,166,19.0635,55.5184
1141,301,73,61,167,20.2658,55.4817
1142,301,72,61,168,20.2658,55.8140
1143,301,70,63,168,20.9302,55.8140
1144,301,67,63,171,20.9302,56.8106
1145,301,66,65,170,21.5947,56.4784
1146,301,68,62,171,20.5980,56.8106
1147,300,70,59,171,19.6667,57.0000
1148,296,72,55,169,18.5811,57.0946
1149,300,81,56,163,18.6667,54.3333
1150,300,81,58,161,19.3333,53.6667
1151,300,82,57,161,19.0000,53.6667
1152,300,80,60,160,20.0000,53.3333
1153,300,83,57,160,19.0000,53.3333
1154,300,89,53,158,17.6667,52.6667
1155,298,91,52,155,17.4497,52.0134
1156,301,96,53,152,17.6080,50.4983
1157,300,97,53,150,17.6667,50.0000
1158,299,99,52,148,17.3913,49.4983
1159,302,106,50,146,16.5563,48.3444
1160,302,112,46,144,15.2318,47.6821
1161,302,114,45,143,14.9007,47.3510
1162,301,115,42,144,13.9535,47.8405
1163,300,120,41,139,13.6667,46.3333
1164,300,121,39,140,13.0000,46.6667
1165,300,123,39,138,13.0000,46.0000
1166,300,122,39,139,13.0000,46.3333
1167,299,123,40,136,13.3779,45.4849
1168,302,128,39,135,12.9139,44.7020
1169,302,130,40,132,13.2450,43.7086
1170,301,128,45,128,14.9502,42.5249
1171,300,131,42,127,14.0000,42.3333
1172,299,132,40,127,13.3779,42.4749
1173,302,142,37,123,12.2517,40.7285
1174,302,145,38,119,12.5828,39.4040
1175,301,147,39,115,12.9568,38.2060
1176,301,146,41,114,13.6213,37.8738
1177,299,145,39,115,13.0435,38.4615
1178,299,146,38,115,12.7090,38.4615
1179,301,152,39,110,12.9568,36.5449
1180,300,150,42,108,14.0000,36.0000
1181,300,150,46,104,15.3333,34.6667
1182,299,151,46,102,15.3846,34.1137
1183,302,156,45,101,14.9007,33.4437
1184,302,154,47,101,15.5629,33.4437
1185,302,152,48,102,15.8940,33.7748
1186,302,150,50,102,16.5563,33.7748
1187,302,150,52,100,17.2185,33.1126
1188,302,147,53,102,17.5497,33.7748
1189,302,146,54,102,17.8808,33.7748
1190,300,144,52,104,17.3333,34.6667
1191,299,143,55,101,18.3946,33.7793
1192,299,141,57,101,19.0635,33.7793
1193,302,138,65,99,21.5232,32.7815
1194,301,136,68,97,22.5914,32.2259
1195,301,133,72,96,23.9203,31.8937
1196,299,131,74,94,24.7492,31.4381
1197,299,129,77,93,25.7525,31.1037
1198,297,130,77,90,25.9259,30.3030
1199,298,129,82,87,27.5168,29.1946
1200,298,126,84,88,28.1879,29.5302
1201,302,125,85,92,28.1457,30.4636
1202,300,118,90,92,30.0000,30.6667
1203,300,115,95,90,31.6667,30.0000
1204,300,111,98,91,32.6667,30.3333
1205,300,112,99,89,33.0000,29.6667
1206,299,112,98,89,32.7759,29.7659
1207,299,107,98,94,32.7759,31.4381
1208,301,108,99,94,32.8904,31.2292
1209,301,107,98,96,32.5581,31.8937
1210,299,107,97,95,32.4415,31.7726
1211,302,106,100,96,33.1126,31.7881
1212,302,109,96,97,31.7881,32.1192
1213,299,109,90,100,30.1003,33.4448
1214,301,108,94,99,31.2292,32.8904
1215,301,105,94,102,31.2292,33.8870
1216,300,105,95,100,31.6667,33.3333
1217,299,101,94,104,31.4381,34.7826
1218,301,103,95,103,31.5615,34.2193
1219,300,97,97,106,32.3333,35.3333
1220,297,97,93,107,31.3131,36.0269
1221,298,96,89,113,29.8658,37.9195
1222,298,97,83,118,27.8523,39.5973
1223,298,97,81,120,27.1812,40.2685
1224,299,98,80,121,26.7559,40.4682
1225,300,97,81,122,27.0000,40.6667
1226,298,97,76,125,25.5034,41.9463
1227,299,96,77,126,25.7525,42.1405
1228,300,94,76,130,25.3333,43.3333
1229,300,95,74,131,24.6667,43.6667
1230,298,96,71,131,23.8255,43.9597
1231,297,93,69,135,23.2323,45.4545
1232,300,96,68,136,22.6667,45.3333
1233,300,94,70,136,23.3333,45.3333
1234,300,94,66,140,22.0000,46.6667
1235,298,89,66,143,22.1477,47.9866
1236,300,92,63,145,21.0000,48.3333
1237,300,90,64,146,21.3333,48.6667
1238,299,89,64,146,21.4047,48.8294
1239,298,89,59,150,19.7987,50.3356
1240,295,93,56,146,18.9831,49.4915
1241,297,94,56,147,18.8552,49.4949
1242,299,97,59,143,19.7324,47.8261
1243,301,98,58,145,19.2691,48.1728
1244,299,97,55,147,18.3946,49.1639
1245,299,93,56,150,18.7291,50.1672
1246,302,94,56,152,18.5430,50.3311
1247,301,93,56,152,18.6047,50.4983
1248,301,94,54,153,17.9402,50.8306
1249,300,91,53,156,17.6667,52.0000
1250,300,91,53,156,17.6667,52.0000
1251,298,88,53,157,17.7852,52.6846
1252,303,93,55,155,18.1518,51.1551
1253,302,97,52,153,17.2185,50.6623
1254,302,94,55,153,18.2119,50.6623
1255,302,95,52,155,17.2185,51.3245
1256,301,96,50,155,16.6113,51.4950
1257,301,95,47,159,15.6146,52.8239
1258,298,95,46,157,15.4362,52.6846
1259,303,103,47,153,15.5116,50.4950
1260,301,103,46,152,15.2824,50.4983
1261,301,104,49,148,16.2791,49.1694
1262,301,106,45,150,14.9502,49.8339
1263,299,105,46,148,15.3846,49.4983
1264,307,117,44,146,14.3322,47.5570
1265,306,121,44,141,14.3791,46.0784
1266,306,121,42,143,13.7255,46.7320
1267,306,123,42,141,13.7255,46.0784
1268,306,124,44,138,14.3791,45.0980
1269,306,126,45,135,14.7059,44.1176
1270,306,127,43,136,14.0523,44.4444
1271,306,128,45,133,14.7059,43.4641
1272,305,131,41,133,13.4426,43.6066
1273,305,133,44,128,14.4262,41.9672
1274,305,130,52,123,17.0492,40.3279
1275,305,131,53,121,17.3770,39.6721
1276,305,130,56,119,18.3607,39.0164
1277,305,132,55,118,18.0328,38.6885
1278,303,134,53,116,17.4917,38.2838
1279,303,133,54,116,17.8218,38.2838
1280,302,134,54,114,17.8808,37.7483
1281,302,132,57,113,18.8742,37.4172
1282,301,131,59,111,19.6013,36.8771
1283,301,130,64,107,21.2625,35.5482
1284,299,126,65,108,21.7391,36.1204
1285,300,125,68,107,22.6667,35.6667
1286,300,125,68,107,22.6667,35.6667
1287,300,126,70,104,23.3333,34.6667
1288,300,124,74,102,24.6667,34.0000
1289,300,124,75,101,25.0000,33.6667
1290,300,123,77,100,25.6667,33.3333
1291,300,127,75,98,25.0000,32.6667
1292,299,121,80,98,26.7559,32.7759
1293,298,120,80,98,26.8456,32.8859
1294,298,119,75,104,25.1678,34.8993
1295,300,123,74,103,24.6667,34.3333
1296,300,123,76,101,25.3333,33.6667
1297,300,123,75,102,25.0000,34.0000
1298,299,119,80,100,26.7559,33.4448
1299,300,119,79,102,26.3333,34.0000
1300,300,117,83,100,27.6667,33.3333
1301,299,117,81,101,27.0903,33.7793
1302,302,119,79,104,26.1589,34.4371
1303,300,118,77,105,25.6667,35.0000
1304,297,116,74,107,24.9158,36.0269
1305,303,118,76,109,25.0825,35.9736
1306,303,114,78,111,25.7426,36.6337
1307,302,113,76,113,25.1656,37.4172
1308,302,114,74,114,24.5033,37.7483
1309,301,115,74,112,24.5847,37.2093
1310,299,115,73,111,24.4147,37.1237
1311,300,115,72,113,24.0000,37.6667
1312,299,108,76,115,25.4181,38.4615
1313,303,110,73,120,24.0924,39.6040
1314,303,109,76,118,25.0825,38.9439
1315,302,105,75,122,24.8344,40.3974
1316,302,102,80,120,26.4901,39.7351
1317,301,98,79,124,26.2458,41.1960
1318,299,99,81,119,27.0903,39.7993
1319,299,98,80,121,26.7559,40.4682
1320,300,95,79,126,26.3333,42.0000
1321,299,93,82,124,27.4247,41.4716
1322,301,95,83,123,27.5748,40.8638
1323,301,91,85,125,28.2392,41.5282
1324,300,89,87,124,29.0000,41.3333
1325,300,86,87,127,29.0000,42.3333
1326,299,84,85,130,28.4281,43.4783
1327,298,83,85,130,28.5235,43.6242
1328,299,86,83,130,27.7592,43.4783
1329,301,90,81,130,26.9103,43.1894
1330,301,91,78,132,25.9136,43.8538
1331,301,87,81,133,26.9103,44.1860
1332,300,85,78,137,26.0000,45.6667
1333,300,85,77,138,25.6667,46.0000
1334,298,84,73,141,24.4966,47.3154
1335,298,78,77,143,25.8389,47.9866
1336,299,79,74,146,24.7492,48.8294
1337,302,84,68,150,22.5166,49.6689
1338,301,84,69,148,22.9236,49.1694
1339,298,81,68,149,22.8188,50.0000
1340,300,84,65,151,21.6667,50.3333
1341,299,84,63,152,21.0702,50.8361
1342,300,84,63,153,21.0000,51.0000
1343,300,85,61,154,20.3333,51.3333
1344,298,84,58,156,19.4631,52.3490
1345,301,89,53,159,17.6080,52.8239
1346,301,94,52,155,17.2757,51.4950
1347,299,91,52,156,17.3913,52.1739
1348,303,96,50,157,16.5017,51.8152
1349,303,97,52,154,17.1617,50.8251
1350,303,96,52,155,17.1617,51.1551
1351,300,95,50,155,16.6667,51.6667
1352,299,95,48,156,16.0535,52.1739
1353,304,101,50,153,16.4474,50.3289
1354,304,102,53,149,17.4342,49.0132
1355,304,103,51,150,16.7763,49.3421
1356,303,103,48,152,15.8416,50.1650
1357,303,105,48,150,15.8416,49.5050
1358,302,107,46,149,15.2318,49.3377
1359,302,111,45,146,14.9007,48.3444
1360,301,111,45,145,14.9502,48.1728
1361,300,113,44,143,14.6667,47.6667
1362,299,107,49,143,16.3880,47.8261
1363,303,113,48,142,15.8416,46.8647
1364,303,113,47,143,15.5116,47.1947
1365,303,114,52,137,17.1617,45.2145
1366,303,111,55,137,18.1518,45.2145
1367,302,115,53,134,17.5497,44.3709
1368,301,113,54,134,17.9402,44.5183
1369,301,115,53,133,17.6080,44.1860
1370,301,114,54,133,17.9402,44.1860
1371,300,116,53,131,17.6667,43.6667
1372,299,119,53,127,17.7258,42.4749
1373,302,119,52,131,17.2185,43.3775
1374,302,117,54,131,17.8808,43.3775
1375,301,116,54,131,17.9402,43.5216
1376,301,117,55,129,18.2724,42.8571
1377,301,120,53,128,17.6080,42.5249
1378,301,122,54,125,17.9402,41.5282
1379,301,121,57,123,18.9369,40.8638
1380,301,118,59,124,19.6013,41.1960
1381,300,118,58,124,19.3333,41.3333
1382,300,120,55,125,18.3333,41.6667
1383,299,121,53,125,17.7258,41.8060
1384,301,128,52,121,17.2757,40.1993
1385,300,123,56,121,18.6667,40.3333
1386,298,124,54,120,18.1208,40.2685
1387,299,126,54,119,18.0602,39.7993
1388,299,125,57,117,19.0635,39.1304
1389,302,131,56,115,18.5430,38.0795
1390,301,131,57,113,18.9369,37.5415
1391,299,126,61,112,20.4013,37.4582
1392,302,131,63,108,20.8609,35.7616
1393,302,130,64,108,21.1921,35.7616
1394,299,126,65,108,21.7391,36.1204
1395,299,126,68,105,22.7425,35.1171
1396,302,124,71,107,23.5099,35.4305
1397,302,121,78,103,25.8278,34.1060
1398,301,119,80,102,26.5781,33.8870
1399,301,117,81,103,26.9103,34.2193
1400,301,115,82,104,27.2425,34.5515
1401,301,108,87,106,28.9037,35.2159
1402,301,103,91,107,30.2326,35.5482
1403,301,101,95,105,31.5615,34.8837
1404,301,97,100,104,33.2226,34.5515
1405,299,95,98,106,32.7759,35.4515
1406,301,98,93,110,30.8970,36.5449
1407,300,101,92,107,30.6667,35.6667
1408,299,98,94,107,31.4381,35.7860
1409,303,100,95,108,31.3531,35.6436
1410,303,95,98,110,32.3432,36.3036
1411,301,96,93,112,30.8970,37.2093
1412,301,96,94,111,31.2292,36.8771
1413,301,92,98,111,32.5581,36.8771
1414,300,90,92,118,30.6667,39.3333
1415,299,90,90,119,30.1003,39.7993
1416,301,89,90,122,29.9003,40.5316
1417,299,88,85,126,28.4281,42.1405
1418,299,91,81,127,27.0903,42.4749
1419,301,92,79,130,26.2458,43.1894
1420,299,85,81,133,27.0903,44.4816
1421,302,92,79,131,26.1589,43.3775
1422,301,90,72,139,23.9203,46.1794
1423,300,88,72,140,24.0000,46.6667
1424,300,83,75,142,25.0000,47.3333
1425,297,84,71,142,23.9057,47.8114
1426,298,87,70,141,23.4899,47.3154
1427,301,92,71,138,23.5880,45.8472
1428,300,91,68,141,22.6667,47.0000
1429,297,92,65,140,21.8855,47.1380
1430,299,98,59,142,19.7324,47.4916
1431,300,99,57,144,19.0000,48.0000
1432,299,95,60,144,20.0669,48.1605
1433,301,100,59,142,19.6013,47.1761
1434,301,102,56,143,18.6047,47.5083
1435,301,102,56,143,18.6047,47.5083
1436,300,102,54,144,18.0000,48.0000
1437,299,103,52,144,17.3913,48.1605
1438,302,108,53,141,17.5497,46.6887
1439,302,109,53,140,17.5497,46.3576
1440,301,109,49,143,16.2791,47.5083
1441,300,109,46,145,15.3333,48.3333
1442,300,106,49,145,16.3333,48.3333
1443,298,107,45,146,15.1007,48.9933
1444,302,109,42,151,13.9073,50.0000
1445,301,108,41,152,13.6213,50.4983
1446,301,108,43,150,14.2857,49.8339
1447,301,108,44,149,14.6179,49.5017
1448,301,110,45,146,14.9502,48.5050
1449,301,110,45,146,14.9502,48.5050
1450,301,110,44,147,14.6179,48.8372
1451,301,112,43,146,14.2857,48.5050
1452,299,114,43,142,14.3813,47.4916
1453,301,119,41,141,13.6213,46.8439
1454,301,118,43,140,14.2857,46.5116
1455,300,116,42,142,14.0000,47.3333
1456,300,114,43,143,14.3333,47.6667
1457,300,115,44,141,14.6667,47.0000
1458,300,119,40,141,13.3333,47.0000
1459,300,116,43,141,14.3333,47.0000
1460,299,119,41,139,13.7124,46.4883
1461,300,123,41,136,13.6667,45.3333
1462,299,126,37,136,12.3746,45.4849
1463,305,135,37,133,12.1311,43.6066
1464,305,136,37,132,12.1311,43.2787
1465,301,136,33,132,10.9635,43.8538
1466,301,142,34,125,11.2957,41.5282
1467,301,143,34,124,11.2957,41.1960
1468,300,148,32,120,10.6667,40.0000
1469,300,151,32,117,10.6667,39.0000
1470,300,151,35,114,11.6667,38.0000
1471,299,154,34,111,11.3712,37.1237
1472,303,157,38,108,12.5413,35.6436
1473,303,157,38,108,12.5413,35.6436
1474,303,164,36,103,11.8812,33.9934
1475,302,167,34,101,11.2583,33.4437
1476,301,166,36,99,11.9601,32.8904
1477,299,169,35,95,11.7057,31.7726
1478,299,167,37,95,12.3746,31.7726
1479,303,167,41,95,13.5314,31.3531
1480,302,168,39,95,12.9139,31.4570
1481,302,170,38,94,12.5828,31.1258
1482,302,170,40,92,13.2450,30.4636
1483,302,172,41,89,13.5762,29.4702
1484,301,169,44,88,14.6179,29.2359
1485,301,168,46,87,15.2824,28.9037
1486,300,168,50,82,16.6667,27.3333
1487,300,168,50,82,16.6667,27.3333
1488,300,167,52,81,17.3333,27.0000
1489,299,165,55,79,18.3946,26.4214
1490,302,162,59,81,19.5364,26.8212
1491,301,160,59,82,19.6013,27.2425
1492,300,160,61,79,20.3333,26.3333
1493,299,158,64,77,21.4047,25.7525
1494,303,162,63,78,20.7921,25.7426
1495,303,161,66,76,21.7822,25.0825
1496,303,163,65,75,21.4521,24.7525
1497,302,162,69,71,22.8477,23.5099
1498,302,157,73,72,24.1722,23.8411
1499,302,154,70,78,23.1788,25.8278
1500,300,149,74,77,24.6667,25.6667
1501,299,144,79,76,26.4214,25.4181
1502,300,144,82,74,27.3333,24.6667
1503,300,137,91,72,30.3333,24.0000
1504,297,133,90,74,30.3030,24.9158
1505,299,131,95,73,31.7726,24.4147
1506,301,130,96,75,31.8937,24.9169
1507,300,124,101,75,33.6667,25.0000
1508,300,122,102,76,34.0000,25.3333
1509,300,116,105,79,35.0000,26.3333
1510,298,115,103,80,34.5638,26.8456
1511,298,106,108,84,36.2416,28.1879
1512,298,100,111,87,37.2483,29.1946
1513,299,98,111,90,37.1237,30.1003
1514,303,103,111,89,36.6337,29.3729
1515,303,100,113,90,37.2937,29.7030
1516,303,90,122,91,40.2640,30.0330
1517,301,82,126,93,41.8605,30.8970
1518,300,81,124,95,41.3333,31.6667
1519,300,81,121,98,40.3333,32.6667
1520,299,78,122,99,40.8027,33.1104
1521,298,78,119,101,39.9329,33.8926
1522,298,73,121,104,40.6040,34.8993
1523,293,70,117,106,39.9317,36.1775
1524,295,67,118,110,40.0000,37.2881
1525,296,68,115,113,38.8514,38.1757
1526,298,70,112,116,37.5839,38.9262
1527,301,74,110,117,36.5449,38.8704
1528,298,74,105,119,35.2349,39.9329
1529,297,73,102,122,34.3434,41.0774
1530,299,75,99,125,33.1104,41.8060
1531,300,74,95,131,31.6667,43.6667
1532,295,69,91,135,30.8475,45.7627
1533,293,65,90,138,30.7167,47.0990
1534,294,67,88,139,29.9320,47.2789
1535,293,65,88,140,30.0341,47.7816
1536,290,66,80,144,27.5862,49.6552
1537,287,65,71,151,24.7387,52.6132
1538,289,67,68,154,23.5294,53.2872
1539,290,69,66,155,22.7586,53.4483
1540,290,70,63,157,21.7241,54.1379
1541,294,75,62,157,21.0884,53.4014
1542,295,77,60,158,20.3390,53.5593
1543,293,76,56,161,19.1126,54.9488
1544,293,81,50,162,17.0648,55.2901
1545,295,81,50,164,16.9492,55.5932
1546,299,87,50,162,16.7224,54.1806
1547,302,88,47,167,15.5629,55.2980
1548,302,90,48,164,15.8940,54.3046
1549,300,87,47,166,15.6667,55.3333
1550,300,84,50,166,16.6667,55.3333
1551,299,87,50,162,16.7224,54.1806
1552,300,91,46,163,15.3333,54.3333
1553,298,88,41,169,13.7584,56.7114
1554,301,91,40,170,13.2890,56.4784
1555,300,87,42,171,14.0000,57.0000
1556,300,87,43,170,14.3333,56.6667
1557,300,86,44,170,14.6667,56.6667
1558,300,89,43,168,14.3333,56.0000
1559,300,90,44,166,14.6667,55.3333
1560,300,93,42,165,14.0000,55.0000
1561,299,94,43,162,14.3813,54.1806
1562,300,100,43,157,14.3333,52.3333
1563,300,105,38,157,12.6667,52.3333
1564,300,110,38,152,12.6667,50.6667
1565,297,113,32,152,10.7744,51.1785
1566,299,115,35,149,11.7057,49.8328
1567,299,116,35,148,11.7057,49.4983
1568,302,120,36,146,11.9205,48.3444
1569,301,123,32,146,10.6312,48.5050
1570,300,126,30,144,10.0000,48.0000
1571,297,131,25,141,8.4175,47.4747
1572,298,135,24,139,8.0537,46.6443
1573,301,139,23,139,7.6412,46.1794
1574,301,138,25,138,8.3056,45.8472
1575,300,141,24,135,8.0000,45.0000
1576,298,143,22,133,7.3826,44.6309
1577,299,148,23,128,7.6923,42.8094
1578,301,152,26,123,8.6379,40.8638
1579,301,152,27,122,8.9701,40.5316
1580,301,155,27,119,8.9701,39.5349
1581,301,157,27,117,8.9701,38.8704
1582,301,160,26,115,8.6379,38.2060
1583,301,162,30,109,9.9668,36.2126
1584,301,167,32,102,10.6312,33.8870
1585,301,171,32,98,10.6312,32.5581
1586,301,168,36,97,11.9601,32.2259
1587,301,168,35,98,11.6279,32.5581
1588,300,170,35,95,11.6667,31.6667
1589,300,173,39,88,13.0000,29.3333
1590,300,173,42,85,14.0000,28.3333
1591,300,172,46,82,15.3333,27.3333
1592,300,170,52,78,17.3333,26.0000
1593,300,168,55,77,18.3333,25.6667
1594,299,165,57,77,19.0635,25.7525
1595,302,170,57,75,18.8742,24.8344
1596,301,172,56,73,18.6047,24.2525
1597,301,175,56,70,18.6047,23.2558
1598,301,173,54,74,17.9402,24.5847
1599,300,168,61,71,20.3333,23.6667
1600,300,162,67,71,22.3333,23.6667
1601,300,161,69,70,23.0000,23.3333
1602,300,159,72,69,24.0000,23.0000
1603,299,155,76,68,25.4181,22.7425
1604,300,153,77,70,25.6667,23.3333
1605,299,153,81,65,27.0903,21.7391
1606,298,147,87,64,29.1946,21.4765
1607,299,144,90,65,30.1003,21.7391
1608,301,142,94,65,31.2292,21.5947
1609,298,139,93,66,31.2081,22.1477
1610,300,137,95,68,31.6667,22.6667
1611,300,131,99,70,33.0000,23.3333
1612,299,130,96,73,32.1070,24.4147
1613,300,128,97,75,32.3333,25.0000
1614,299,122,97,80,32.4415,26.7559
1615,303,127,99,77,32.6733,25.4125
1616,303,117,107,79,35.3135,26.0726
1617,303,117,108,78,35.6436,25.7426
1618,303,109,114,80,37.6238,26.4026
1619,301,106,112,83,37.2093,27.5748
1620,299,99,110,90,36.7893,30.1003
1621,299,100,109,90,36.4548,30.1003
1622,302,100,110,92,36.4238,30.4636
1623,301,98,109,94,36.2126,31.2292
1624,298,89,114,95,38.2550,31.8792
1625,302,92,112,98,37.0861,32.4503
1626,300,93,107,100,35.6667,33.3333
1627,300,86,107,107,35.6667,35.6667
1628,297,83,107,107,36.0269,36.0269
1629,302,81,108,113,35.7616,37.4172
1630,302,79,108,115,35.7616,38.0795
1631,301,71,113,117,37.5415,38.8704
1632,300,70,109,121,36.3333,40.3333
1633,299,65,110,124,36.7893,41.4716
1634,300,68,107,125,35.6667,41.6667
1635,299,63,107,129,35.7860,43.1438
1636,298,62,99,137,33.2215,45.9732
1637,298,63,95,140,31.8792,46.9799
1638,300,64,94,142,31.3333,47.3333
1639,297,66,86,145,28.9562,48.8215
1640,299,69,83,147,27.7592,49.1639
1641,302,72,80,150,26.4901,49.6689
1642,301,68,80,153,26.5781,50.8306
1643,301,66,78,157,25.9136,52.1595
1644,299,65,69,165,23.0769,55.1839
1645,302,68,66,168,21.8543,55.6291
1646,301,67,68,166,22.5914,55.1495
1647,300,66,67,167,22.3333,55.6667
1648,299,67,60,172,20.0669,57.5251
1649,300,68,54,178,18.0000,59.3333
1650,299,69,54,176,18.0602,58.8629
1651,303,75,46,182,15.1815,60.0660
1652,302,75,43,184,14.2384,60.9272
1653,302,75,42,185,13.9073,61.2583
1654,300,75,38,187,12.6667,62.3333
1655,299,75,35,189,11.7057,63.2107
1656,299,80,33,186,11.0368,62.2074
1657,299,82,30,187,10.0334,62.5418
1658,302,84,30,188,9.9338,62.2517
1659,302,86,29,187,9.6026,61.9205
1660,302,85,30,187,9.9338,61.9205
1661,302,87,29,186,9.6026,61.5894
1662,300,89,26,185,8.6667,61.6667
1663,300,89,26,185,8.6667,61.6667
1664,299,91,27,181,9.0301,60.5351
1665,302,94,30,178,9.9338,58.9404
1666,302,98,29,175,9.6026,57.9470
1667,301,99,26,176,8.6379,58.4718
1668,301,100,25,176,8.3056,58.4718
1669,301,101,23,177,7.6412,58.8040
1670,301,103,23,175,7.6412,58.1395
1671,299,105,22,172,7.3579,57.5251
1672,301,113,23,165,7.6412,54.8173
1673,301,112,26,163,8.6379,54.1528
1674,301,114,26,161,8.6379,53.4884
1675,301,117,27,157,8.9701,52.1595
1676,300,119,26,155,8.6667,51.6667
1677,300,123,28,149,9.3333,49.6667
1678,300,126,28,146,9.3333,48.6667
1679,299,131,30,138,10.0334,46.1538
1680,300,133,31,136,10.3333,45.3333
1681,300,138,31,131,10.3333,43.6667
1682,300,138,34,128,11.3333,42.6667
1683,299,139,34,126,11.3712,42.1405
1684,301,145,33,123,10.9635,40.8638
1685,299,147,32,120,10.7023,40.1338
1686,303,152,32,119,10.5611,39.2739
1687,303,156,30,117,9.9010,38.6139
1688,303,163,30,110,9.9010,36.3036
1689,302,165,30,107,9.9338,35.4305
1690,302,166,32,104,10.5960,34.4371
1691,302,169,34,99,11.2583,32.7815
1692,301,171,33,97,10.9635,32.2259
1693,301,171,35,95,11.6279,31.5615
1694,301,172,34,95,11.2957,31.5615
1695,300,173,35,92,11.6667,30.6667
1696,300,178,38,84,12.6667,28.0000
1697,299,180,37,82,12.3746,27.4247
1698,305,182,41,82,13.4426,26.8852
1699,304,183,42,79,13.8158,25.9868
1700,304,183,46,75,15.1316,24.6711
1701,303,188,47,68,15.5116,22.4422
1702,302,186,50,66,16.5563,21.8543
1703,301,191,49,61,16.2791,20.2658
1704,301,192,50,59,16.6113,19.6013
1705,299,188,53,58,17.7258,19.3980
1706,301,190,54,57,17.9402,18.9369
1707,301,187,59,55,19.6013,18.2724
1708,301,184,61,56,20.2658,18.6047
1709,301,181,65,55,21.5947,18.2724
1710,301,177,71,53,23.5880,17.6080
1711,301,172,74,55,24.5847,18.2724
1712,301,168,77,56,25.5814,18.6047
1713,301,164,81,56,26.9103,18.6047
1714,301,164,79,58,26.2458,19.2691
1715,300,157,86,57,28.6667,19.0000
1716,300,149,90,61,30.0000,20.3333
1717,300,146,93,61,31.0000,20.3333
1718,300,140,99,61,33.0000,20.3333
1719,300,134,102,64,34.0000,21.3333
1720,300,131,105,64,35.0000,21.3333
1721,299,127,107,65,35.7860,21.7391
1722,301,120,113,68,37.5415,22.5914
1723,301,111,120,70,39.8671,23.2558
1724,301,108,120,73,39.8671,24.2525
1725,300,105,118,77,39.3333,25.6667
1726,300,100,121,79,40.3333,26.3333
1727,299,93,124,82,41.4716,27.4247
1728,300,90,124,86,41.3333,28.6667
1729,298,86,125,87,41.9463,29.1946
1730,297,83,124,90,41.7508,30.3030
1731,298,83,118,97,39.5973,32.5503
1732,297,82,119,96,40.0673,32.3232
1733,299,78,119,102,39.7993,34.1137
1734,298,76,119,103,39.9329,34.5638
1735,299,73,121,105,40.4682,35.1171
1736,301,74,113,114,37.5415,37.8738
1737,299,70,112,117,37.4582,39.1304
1738,298,67,113,118,37.9195,39.5973
1739,297,67,107,123,36.0269,41.4141
1740,299,66,104,129,34.7826,43.1438
1741,302,66,101,135,33.4437,44.7020
1742,298,64,93,141,31.2081,47.3154
1743,295,61,88,146,29.8305,49.4915
1744,297,64,83,150,27.9461,50.5051
1745,299,65,81,153,27.0903,51.1706
1746,298,66,78,154,26.1745,51.6779
1747,303,71,77,155,25.4125,51.1551
1748,302,69,73,160,24.1722,52.9801
1749,301,69,68,164,22.5914,54.4850
1750,300,67,68,165,22.6667,55.0000
1751,300,66,66,168,22.0000,56.0000
1752,300,68,63,169,21.0000,56.3333
1753,299,65,63,171,21.0702,57.1906
1754,301,67,58,176,19.2691,58.4718
1755,300,70,52,178,17.3333,59.3333
1756,300,68,52,180,17.3333,60.0000
1757,298,68,50,180,16.7785,60.4027
1758,299,70,46,183,15.3846,61.2040
1759,297,68,43,186,14.4781,62.6263
1760,301,72,40,189,13.2890,62.7907
1761,298,71,37,190,12.4161,63.7584
1762,305,77,37,191,12.1311,62.6230
1763,304,77,38,189,12.5000,62.1711
1764,303,78,35,190,11.5512,62.7063
1765,302,78,35,189,11.5894,62.5828
1766,302,80,36,186,11.9205,61.5894
1767,301,81,32,188,10.6312,62.4585
1768,300,85,31,184,10.3333,61.3333
1769,300,84,30,186,10.0000,62.0000
1770,300,84,32,184,10.6667,61.3333
1771,299,89,30,180,10.0334,60.2007
1772,300,92,29,179,9.6667,59.6667
1773,298,94,27,177,9.0604,59.3960
1774,299,96,29,174,9.6990,58.1940
1775,300,99,29,172,9.6667,57.3333
1776,300,102,28,170,9.3333,56.6667
1777,300,106,27,167,9.0000,55.6667
1778,299,107,27,165,9.0301,55.1839
1779,300,108,30,162,10.0000,54.0000
1780,299,111,28,160,9.3645,53.5117
1781,302,115,28,159,9.2715,52.6490
1782,301,118,27,156,8.9701,51.8272
1783,301,121,30,150,9.9668,49.8339
1784,301,119,30,152,9.9668,50.4983
1785,301,125,30,146,9.9668,48.5050
1786,299,125,29,145,9.6990,48.4950
1787,300,128,29,143,9.6667,47.6667
1788,300,137,30,133,10.0000,44.3333
1789,300,137,33,130,11.0000,43.3333
1790,299,137,34,128,11.3712,42.8094
1791,304,147,34,123,11.1842,40.4605
1792,304,151,37,116,12.1711,38.1579
1793,304,156,37,111,12.1711,36.5132
1794,303,159,38,106,12.5413,34.9835
1795,303,163,38,102,12.5413,33.6634
1796,303,167,39,97,12.8713,32.0132
1797,303,168,42,93,13.8614,30.6931
1798,301,169,43,89,14.2857,29.5681
1799,301,169,42,90,13.9535,29.9003
1800,301,169,45,87,14.9502,28.9037
1801,300,172,45,83,15.0000,27.6667
1802,300,169,50,81,16.6667,27.0000
1803,300,167,53,80,17.6667,26.6667
1804,299,165,55,79,18.3946,26.4214
1805,301,168,56,77,18.6047,25.5814
1806,301,172,56,73,18.6047,24.2525
1807,301,171,61,69,20.2658,22.9236
1808,300,172,62,66,20.6667,22.0000
1809,300,172,59,69,19.6667,23.0000
1810,300,173,60,67,20.0000,22.3333
1811,299,173,62,64,20.7358,21.4047
1812,303,178,61,64,20.1320,21.1221
1813,303,169,71,63,23.4323,20.7921
1814,302,166,74,62,24.5033,20.5298
1815,302,163,76,63,25.1656,20.8609
1816,301,160,80,61,26.5781,20.2658
1817,301,154,84,63,27.9070,20.9302
1818,301,150,86,65,28.5714,21.5947
1819,301,147,89,65,29.5681,21.5947
1820,299,141,91,67,30.4348,22.4080
1821,299,132,101,66,33.7793,22.0736
1822,302,131,99,72,32.7815,23.8411
1823,301,125,103,73,34.2193,24.2525
1824,300,125,97,78,32.3333,26.0000
1825,300,120,102,78,34.0000,26.0000
1826,300,116,104,80,34.6667,26.6667
1827,298,114,104,80,34.8993,26.8456
1828,297,108,108,81,36.3636,27.2727
1829,298,104,112,82,37.5839,27.5168
1830,302,103,117,82,38.7417,27.1523
1831,302,98,120,84,39.7351,27.8146
1832,300,94,121,85,40.3333,28.3333
1833,299,91,116,92,38.7960,30.7692
1834,300,88,114,98,38.0000,32.6667
1835,300,88,110,102,36.6667,34.0000
1836,300,86,111,103,37.0000,34.3333
1837,298,82,107,109,35.9060,36.5772
1838,299,78,110,111,36.7893,37.1237
1839,298,75,108,115,36.2416,38.5906
1840,299,72,109,118,36.4548,39.4649
1841,297,69,103,125,34.6801,42.0875
1842,297,66,102,129,34.3434,43.4343
1843,299,66,103,130,34.4482,43.4783
1844,299,63,102,134,34.1137,44.8161
1845,299,66,99,134,33.1104,44.8161
1846,299,67,96,136,32.1070,45.4849
1847,299,65,96,138,32.1070,46.1538
1848,299,67,92,140,30.7692,46.8227
1849,299,62,91,146,30.4348,48.8294
1850,297,59,87,151,29.2929,50.8418
1851,301,65,84,152,27.9070,50.4983
1852,298,64,80,154,26.8456,51.6779
1853,302,68,77,157,25.4967,51.9868
1854,302,65,76,161,25.1656,53.3113
1855,301,63,77,161,25.5814,53.4884
1856,300,66,74,160,24.6667,53.3333
1857,300,60,76,164,25.3333,54.6667
1858,296,59,73,164,24.6622,55.4054
1859,297,63,68,166,22.8956,55.8923
1860,301,68,62,171,20.5980,56.8106
1861,300,71,58,171,19.3333,57.0000
1862,299,71,55,173,18.3946,57.8595
1863,301,71,54,176,17.9402,58.4718
1864,301,73,51,177,16.9435,58.8040
1865,300,72,50,178,16.6667,59.3333
1866,299,72,47,180,15.7191,60.2007
1867,300,76,45,179,15.0000,59.6667
1868,300,77,44,179,14.6667,59.6667
1869,299,75,45,179,15.0502,59.8662
1870,298,79,38,181,12.7517,60.7383
1871,298,80,39,179,13.0872,60.0671
1872,303,87,39,177,12.8713,58.4158
1873,302,88,37,177,12.2517,58.6093
1874,301,94,34,173,11.2957,57.4751
1875,301,96,31,174,10.2990,57.8073
1876,301,102,30,169,9.9668,56.1462
1877,301,103,30,168,9.9668,55.8140
1878,297,105,23,169,7.7441,56.9024
1879,302,111,23,168,7.6159,55.6291
1880,302,112,22,168,7.2848,55.6291
1881,302,114,23,165,7.6159,54.6358
1882,302,114,23,165,7.6159,54.6358
1883,302,116,18,168,5.9603,55.6291
1884,302,117,19,166,6.2914,54.9669
1885,301,123,19,159,6.3123,52.8239
1886,301,129,18,154,5.9801,51.1628
1887,301,133,18,150,5.9801,49.8339
1888,301,135,19,147,6.3123,48.8372
1889,299,139,19,141,6.3545,47.1572
1890,301,144,18,139,5.9801,46.1794
1891,301,149,16,136,5.3156,45.1827
1892,301,149,18,134,5.9801,44.5183
1893,301,156,18,127,5.9801,42.1927
1894,301,158,21,122,6.9767,40.5316
1895,300,158,23,119,7.6667,39.6667
1896,300,162,23,115,7.6667,38.3333
1897,300,162,24,114,8.0000,38.0000
1898,299,164,24,111,8.0268,37.1237
1899,304,172,24,108,7.8947,35.5263
1900,304,173,26,105,8.5526,34.5395
1901,303,173,30,100,9.9010,33.0033
1902,303,176,32,95,10.5611,31.3531
1903,303,178,33,92,10.8911,30.3630
1904,303,180,35,88,11.5512,29.0429
1905,303,181,36,86,11.8812,28.3828
1906,302,179,41,82,13.5762,27.1523
1907,302,177,43,82,14.2384,27.1523
1908,302,177,44,81,14.5695,26.8212
1909,302,176,47,79,15.5629,26.1589
1910,302,173,50,79,16.5563,26.1589
1911,302,173,53,76,17.5497,25.1656
1912,302,172,57,73,18.8742,24.1722
1913,302,172,60,70,19.8675,23.1788
1914,301,172,62,67,20.5980,22.2591
1915,300,172,62,66,20.6667,22.0000
1916,300,175,63,62,21.0000,20.6667
1917,300,173,66,61,22.0000,20.3333
1918,300,174,66,60,22.0000,20.0000
1919,300,168,73,59,24.3333,19.6667
1920,300,163,78,59,26.0000,19.6667
1921,299,162,77,60,25.7525,20.0669
1922,301,167,76,58,25.2492,19.2691
1923,300,165,77,58,25.6667,19.3333
1924,300,158,83,59,27.6667,19.6667
1925,300,155,84,61,28.0000,20.3333
1926,299,148,88,63,29.4314,21.0702
1927,302,146,92,64,30.4636,21.1921
1928,301,142,93,66,30.8970,21.9269
1929,300,139,94,67,31.3333,22.3333
1930,299,126,107,66,35.7860,22.0736
1931,301,119,113,69,37.5415,22.9236
1932,300,113,116,71,38.6667,23.6667
1933,295,107,116,72,39.3220,24.4068
1934,296,105,117,74,39.5270,25.0000
1935,296,106,120,70,40.5405,23.6486
1936,298,102,124,72,41.6107,24.1611
1937,297,94,128,75,43.0976,25.2525
1938,298,95,127,76,42.6174,25.5034
1939,298,91,128,79,42.9530,26.5101
1940,298,90,124,84,41.6107,28.1879
1941,299,88,125,86,41.8060,28.7625
1942,303,87,129,87,42.5743,28.7129
1943,302,88,128,86,42.3841,28.4768
1944,297,84,126,87,42.4242,29.2929
1945,297,82,125,90,42.0875,30.3030
1946,299,79,123,97,41.1371,32.4415
1947,298,78,117,103,39.2617,34.5638
1948,299,80,109,110,36.4548,36.7893
1949,298,78,109,111,36.5772,37.2483
1950,301,79,104,118,34.5515,39.2027
1951,295,75,94,126,31.8644,42.7119
1952,293,74,89,130,30.3754,44.3686
1953,293,71,86,136,29.3515,46.4164
1954,292,67,85,140,29.1096,47.9452
1955,295,66,85,144,28.8136,48.8136
1956,294,65,80,149,27.2109,50.6803
1957,291,66,75,150,25.7732,51.5464
1958,293,65,73,155,24.9147,52.9010
1959,293,67,73,153,24.9147,52.2184
1960,291,67,69,155,23.7113,53.2646
1961,292,71,68,153,23.2877,52.3973
1962,291,70,66,155,22.6804,53.2646
1963,293,72,62,159,21.1604,54.2662
1964,298,76,61,161,20.4698,54.0268
1965,300,75,63,162,21.0000,54.0000
1966,299,71,63,165,21.0702,55.1839
1967,300,72,62,166,20.6667,55.3333
1968,299,71,61,167,20.4013,55.8528
1969,301,71,63,167,20.9302,55.4817
1970,300,70,62,168,20.6667,56.0000
1971,299,68,59,172,19.7324,57.5251
1972,300,68,60,172,20.0000,57.3333
1973,297,71,56,170,18.8552,57.2391
1974,299,76,52,171,17.3913,57.1906
1975,303,78,51,174,16.8317,57.4257
1976,301,77,50,174,16.6113,57.8073
1977,300,79,49,172,16.3333,57.3333
1978,299,82,48,169,16.0535,56.5217
1979,300,89,47,164,15.6667,54.6667
1980,299,89,47,163,15.7191,54.5151
1981,298,90,47,161,15.7718,54.0268
1982,299,92,46,161,15.3846,53.8462
1983,300,97,44,159,14.6667,53.0000
1984,299,99,43,157,14.3813,52.5084
1985,303,103,40,160,13.2013,52.8053
1986,303,106,35,162,11.5512,53.4653
1987,301,107,31,163,10.2990,54.1528
1988,301,107,33,161,10.9635,53.4884
1989,300,110,30,160,10.0000,53.3333
1990,299,110,31,158,10.3679,52.8428
1991,304,118,29,157,9.5395,51.6447
1992,304,120,30,154,9.8684,50.6579
1993,303,121,31,151,10.2310,49.8350
1994,303,117,35,151,11.5512,49.8350
1995,301,116,35,150,11.6279,49.8339
1996,301,115,37,149,12.2924,49.5017
1997,300,119,34,147,11.3333,49.0000
1998,300,124,34,142,11.3333,47.3333
1999,300,127,37,136,12.3333,45.3333
2000,300,132,37,131,12.3333,43.6667
2001,299,132,36,131,12.0401,43.8127
2002,301,142,34,125,11.2957,41.5282
2003,301,147,37,117,12.2924,38.8704
2004,301,148,40,113,13.2890,37.5415
2005,301,153,40,108,13.2890,35.8804
2006,301,152,43,106,14.2857,35.2159
2007,301,150,50,101,16.6113,33.5548
2008,300,151,52,97,17.3333,32.3333
2009,300,153,52,95,17.3333,31.6667
2010,299,153,54,92,18.0602,30.7692
2011,299,147,59,93,19.7324,31.1037
2012,300,150,58,92,19.3333,30.6667
2013,300,149,57,94,19.0000,31.3333
2014,300,145,62,93,20.6667,31.0000
2015,300,144,62,94,20.6667,31.3333
2016,299,146,61,92,20.4013,30.7692
2017,300,144,65,91,21.6667,30.3333
2018,300,143,68,89,22.6667,29.6667
2019,300,146,68,86,22.6667,28.6667
2020,300,145,69,86,23.0000,28.6667
2021,299,143,69,87,23.0769,29.0970
2022,303,144,74,85,24.4224,28.0528
2023,302,142,79,81,26.1589,26.8212
2024,301,129,90,82,29.9003,27.2425
2025,299,126,90,83,30.1003,27.7592
2026,300,124,96,80,32.0000,26.6667
2027,299,128,89,82,29.7659,27.4247
2028,299,127,87,85,29.0970,28.4281
2029,301,127,90,84,29.9003,27.9070
2030,298,125,89,84,29.8658,28.1879
2031,298,125,85,88,28.5235,29.5302
2032,300,125,86,89,28.6667,29.6667
2033,300,119,92,89,30.6667,29.6667
2034,297,117,91,89,30.6397,29.9663
2035,300,116,91,93,30.3333,31.0000
2036,297,117,87,93,29.2929,31.3131
2037,298,117,89,92,29.8658,30.8725
2038,299,118,90,91,30.1003,30.4348
2039,298,117,90,91,30.2013,30.5369
2040,298,113,93,92,31.2081,30.8725
2041,301,113,97,91,32.2259,30.2326
2042,299,109,99,91,33.1104,30.4348
2043,301,109,97,95,32.2259,31.5615
2044,300,106,94,100,31.3333,33.3333
2045,297,102,88,107,29.6296,36.0269
2046,302,105,85,112,28.1457,37.0861
2047,302,102,85,115,28.1457,38.0795
2048,301,100,87,114,28.9037,37.8738
2049,299,99,83,117,27.7592,39.1304
2050,300,98,87,115,29.0000,38.3333
2051,299,92,89,118,29.7659,39.4649
2052,300,92,91,117,30.3333,39.0000
2053,298,89,89,120,29.8658,40.2685
2054,297,90,84,123,28.2828,41.4141
2055,298,89,85,124,28.5235,41.6107
2056,300,91,82,127,27.3333,42.3333
2057,299,90,80,129,26.7559,43.1438
2058,299,90,78,131,26.0870,43.8127
2059,301,90,79,132,26.2458,43.8538
2060,299,91,76,132,25.4181,44.1472
2061,296,88,74,134,25.0000,45.2703
2062,296,87,70,139,23.6486,46.9595
2063,297,84,71,142,23.9057,47.8114
2064,298,87,66,145,22.1477,48.6577
2065,303,93,64,146,21.1221,48.1848
2066,301,94,61,146,20.2658,48.5050
2067,300,98,58,144,19.3333,48.0000
2068,300,97,60,143,20.0000,47.6667
2069,300,96,58,146,19.3333,48.6667
2070,300,95,57,148,19.0000,49.3333
2071,299,95,53,151,17.7258,50.5017
2072,301,98,50,153,16.6113,50.8306
2073,301,96,50,155,16.6113,51.4950
2074,300,95,49,156,16.3333,52.0000
2075,300,94,47,159,15.6667,53.0000
2076,300,96,45,159,15.0000,53.0000
2077,299,96,45,158,15.0502,52.8428
2078,302,101,44,157,14.5695,51.9868
2079,301,106,41,154,13.6213,51.1628
2080,301,108,43,150,14.2857,49.8339
2081,301,105,42,154,13.9535,51.1628
2082,300,106,39,155,13.0000,51.6667
2083,297,106,39,152,13.1313,51.1785
2084,301,113,36,152,11.9601,50.4983
2085,301,113,35,153,11.6279,50.8306
2086,299,113,35,151,11.7057,50.5017
2087,303,118,39,146,12.8713,48.1848
2088,303,118,38,147,12.5413,48.5149
2089,302,120,36,146,11.9205,48.3444
2090,302,122,36,144,11.9205,47.6821
2091,302,120,39,143,12.9139,47.3510
2092,300,120,38,142,12.6667,47.3333
2093,299,121,36,142,12.0401,47.4916
2094,304,125,36,143,11.8421,47.0395
2095,304,131,36,137,11.8421,45.0658
2096,304,138,35,131,11.5132,43.0921
2097,304,138,41,125,13.4868,41.1184
2098,303,138,45,120,14.8515,39.6040
2099,303,136,49,118,16.1716,38.9439
2100,303,134,49,120,16.1716,39.6040
2101,302,134,51,117,16.8874,38.7417
2102,302,130,54,118,17.8808,39.0728
2103,302,128,58,116,19.2053,38.4106
2104,302,125,58,119,19.2053,39.4040
2105,302,126,61,115,20.1987,38.0795
2106,302,122,69,111,22.8477,36.7550
2107,302,120,68,114,22.5166,37.7483
2108,302,117,72,113,23.8411,37.4172
2109,302,120,71,111,23.5099,36.7550
2110,302,121,72,109,23.8411,36.0927
2111,301,121,71,109,23.5880,36.2126
2112,301,116,74,111,24.5847,36.8771
2113,300,116,75,109,25.0000,36.3333
2114,300,118,79,103,26.3333,34.3333
2115,299,117,83,99,27.7592,33.1104
2116,300,118,87,95,29.0000,31.6667
2117,298,117,84,97,28.1879,32.5503
2118,300,119,84,97,28.0000,32.3333
2119,297,118,83,96,27.9461,32.3232
2120,301,123,79,99,26.2458,32.8904
2121,300,118,85,97,28.3333,32.3333
2122,299,116,86,97,28.7625,32.4415
2123,299,119,86,94,28.7625,31.4381
2124,300,122,83,95,27.6667,31.6667
2125,298,119,87,92,29.1946,30.8725
2126,301,120,84,97,27.9070,32.2259
2127,301,120,81,100,26.9103,33.2226
2128,299,118,80,101,26.7559,33.7793
2129,303,117,84,102,27.7228,33.6634
2130,302,111,88,103,29.1391,34.1060
2131,301,113,87,101,28.9037,33.5548
2132,301,109,91,101,30.2326,33.5548
2133,299,103,95,101,31.7726,33.7793
2134,300,103,94,103,31.3333,34.3333
2135,297,102,89,106,29.9663,35.6902
2136,299,103,92,104,30.7692,34.7826
2137,298,102,89,107,29.8658,35.9060
2138,300,101,89,110,29.6667,36.6667
2139,300,97,89,114,29.6667,38.0000
2140,300,98,88,114,29.3333,38.0000
2141,298,99,84,115,28.1879,38.5906
2142,297,102,75,120,25.2525,40.4040
2143,299,100,78,121,26.0870,40.4682
2144,301,100,78,123,25.9136,40.8638
2145,300,99,75,126,25.0000,42.0000
2146,300,99,72,129,24.0000,43.0000
2147,299,97,73,129,24.4147,43.1438
2148,298,95,73,130,24.4966,43.6242
2149,300,96,71,133,23.6667,44.3333
2150,300,94,67,139,22.3333,46.3333
2151,299,94,64,141,21.4047,47.1572
2152,300,97,60,143,20.0000,47.6667
2153,300,96,58,146,19.3333,48.6667
2154,298,95,53,150,17.7852,50.3356
2155,299,91,58,150,19.3980,50.1672
2156,304,97,57,150,18.7500,49.3421
2157,304,95,55,154,18.0921,50.6579
2158,304,93,54,157,17.7632,51.6447
2159,302,95,51,156,16.8874,51.6556
2160,302,96,50,156,16.5563,51.6556
2161,302,96,51,155,16.8874,51.3245
2162,301,96,52,153,17.2757,50.8306
2163,300,94,50,156,16.6667,52.0000
2164,299,96,49,154,16.3880,51.5050
2165,300,98,47,155,15.6667,51.6667
2166,300,97,48,155,16.0000,51.6667
2167,298,95,47,156,15.7718,52.3490
2168,300,98,46,156,15.3333,52.0000
2169,300,101,45,154,15.0000,51.3333
2170,300,103,41,156,13.6667,52.0000
2171,300,104,41,155,13.6667,51.6667
2172,300,105,44,151,14.6667,50.3333
2173,300,105,44,151,14.6667,50.3333
2174,298,103,46,149,15.4362,50.0000
2175,299,105,43,151,14.3813,50.5017
2176,299,110,41,148,13.7124,49.4983
2177,302,114,40,148,13.2450,49.0066
2178,301,120,39,142,12.9568,47.1761
2179,301,123,40,138,13.2890,45.8472
2180,300,125,39,136,13.0000,45.3333
2181,299,127,38,134,12.7090,44.8161
2182,303,128,41,134,13.5314,44.2244
2183,302,127,38,137,12.5828,45.3642
2184,302,127,39,136,12.9139,45.0331
2185,301,127,41,133,13.6213,44.1860
2186,300,128,43,129,14.3333,43.0000
2187,300,131,44,125,14.6667,41.6667
2188,300,128,46,126,15.3333,42.0000
2189,300,126,49,125,16.3333,41.6667
2190,299,126,50,123,16.7224,41.1371
2191,300,129,52,119,17.3333,39.6667
2192,300,131,51,118,17.0000,39.3333
2193,299,131,51,117,17.0569,39.1304
2194,300,140,48,112,16.0000,37.3333
2195,299,137,49,113,16.3880,37.7926
2196,301,139,52,110,17.2757,36.5449
2197,301,141,52,108,17.2757,35.8804
2198,300,146,51,103,17.0000,34.3333
2199,300,143,54,103,18.0000,34.3333
2200,300,143,54,103,18.0000,34.3333
2201,299,142,58,99,19.3980,33.1104
2202,299,146,60,93,20.0669,31.1037
2203,299,148,58,93,19.3980,31.1037
2204,298,152,56,90,18.7919,30.2013
2205,300,154,60,86,20.0000,28.6667
2206,299,155,60,84,20.0669,28.0936
2207,299,156,58,85,19.3980,28.4281
2208,300,161,57,82,19.0000,27.3333
2209,298,159,59,80,19.7987,26.8456
2210,300,158,60,82,20.0000,27.3333
2211,300,155,65,80,21.6667,26.6667
2212,300,153,67,80,22.3333,26.6667
2213,300,146,73,81,24.3333,27.0000
2214,299,143,73,83,24.4147,27.7592
2215,299,145,74,80,24.7492,26.7559
2216,300,147,70,83,23.3333,27.6667
2217,300,143,74,83,24.6667,27.6667
2218,299,140,77,82,25.7525,27.4247
2219,301,140,77,84,25.5814,27.9070
2220,301,132,84,85,27.9070,28.2392
2221,300,131,86,83,28.6667,27.6667
2222,300,132,83,85,27.6667,28.3333
2223,300,130,83,87,27.6667,29.0000
2224,300,125,88,87,29.3333,29.0000
2225,300,119,92,89,30.6667,29.6667
2226,300,120,88,92,29.3333,30.6667
2227,300,119,91,90,30.3333,30.0000
2228,299,119,92,88,30.7692,29.4314
2229,299,112,97,90,32.4415,30.1003
2230,297,107,96,94,32.3232,31.6498
2231,300,111,93,96,31.0000,32.0000
2232,298,109,90,99,30.2013,33.2215
2233,301,108,88,105,29.2359,34.8837
2234,301,105,87,109,28.9037,36.2126
2235,301,104,90,107,29.9003,35.5482
2236,301,102,90,109,29.9003,36.2126
2237,301,96,91,114,30.2326,37.8738
2238,300,92,90,118,30.0000,39.3333
2239,299,89,92,118,30.7692,39.4649
2240,301,91,87,123,28.9037,40.8638
2241,296,91,83,122,28.0405,41.2162
2242,295,89,83,123,28.1356,41.6949
2243,296,89,83,124,28.0405,41.8919
2244,301,93,82,126,27.2425,41.8605
2245,301,89,83,129,27.5748,42.8571
2246,300,87,82,131,27.3333,43.6667
2247,300,90,79,131,26.3333,43.6667
2248,300,89,77,134,25.6667,44.6667
2249,298,87,76,135,25.5034,45.3020
2250,301,88,67,146,22.2591,48.5050
2251,301,86,69,146,22.9236,48.5050
2252,301,83,71,147,23.5880,48.8372
2253,301,81,69,151,22.9236,50.1661
2254,301,76,72,153,23.9203,50.8306
2255,298,76,70,152,23.4899,51.0067
2256,299,76,68,155,22.7425,51.8395
2257,301,78,66,157,21.9269,52.1595
2258,301,80,63,158,20.9302,52.4917
2259,301,80,63,158,20.9302,52.4917
2260,300,80,60,160,20.0000,53.3333
2261,300,82,58,160,19.3333,53.3333
2262,299,87,56,156,18.7291,52.1739
2263,299,87,53,159,17.7258,53.1773
2264,301,90,53,158,17.6080,52.4917
2265,300,89,50,161,16.6667,53.6667
2266,299,88,48,163,16.0535,54.5151
2267,301,91,46,164,15.2824,54.4850
2268,301,88,53,160,17.6080,53.1561
2269,301,90,50,161,16.6113,53.4884
2270,301,89,48,164,15.9468,54.4850
2271,300,91,47,162,15.6667,54.0000
2272,300,92,43,165,14.3333,55.0000
2273,299,92,42,165,14.0468,55.1839
2274,302,101,37,164,12.2517,54.3046
2275,300,104,32,164,10.6667,54.6667
2276,298,103,30,165,10.0671,55.3691
2277,300,108,30,162,10.0000,54.0000
2278,300,111,30,159,10.0000,53.0000
2279,300,111,30,159,10.0000,53.0000
2280,300,110,29,161,9.6667,53.6667
2281,300,111,30,159,10.0000,53.0000
2282,300,114,31,155,10.3333,51.6667
2283,300,115,33,152,11.0000,50.6667
2284,300,117,33,150,11.0000,50.0000
2285,300,122,33,145,11.0000,48.3333
2286,299,120,38,141,12.7090,47.1572
2287,299,122,36,141,12.0401,47.1572
2288,300,125,33,142,11.0000,47.3333
2289,300,128,31,141,10.3333,47.0000
2290,300,131,31,138,10.3333,46.0000
2291,300,129,33,138,11.0000,46.0000
2292,300,133,35,132,11.6667,44.0000
2293,300,132,37,131,12.3333,43.6667
2294,300,133,38,129,12.6667,43.0000
2295,300,131,41,128,13.6667,42.6667
2296,300,131,45,124,15.0000,41.3333
2297,300,135,45,120,15.0000,40.0000
2298,300,138,42,120,14.0000,40.0000
2299,300,139,44,117,14.6667,39.0000
2300,300,140,45,115,15.0000,38.3333
2301,300,139,48,113,16.0000,37.6667
2302,297,146,49,102,16.4983,34.3434
2303,297,144,51,102,17.1717,34.3434
2304,300,148,52,100,17.3333,33.3333
2305,299,148,55,96,18.3946,32.1070
2306,302,148,57,97,18.8742,32.1192
2307,302,149,53,100,17.5497,33.1126
2308,302,150,56,96,18.5430,31.7881
2309,302,150,57,95,18.8742,31.4570
2310,301,152,57,92,18.9369,30.5648
2311,300,153,57,90,19.0000,30.0000
2312,300,153,57,90,19.0000,30.0000
2313,298,153,56,89,18.7919,29.8658
2314,301,151,60,90,19.9336,29.9003
2315,299,152,59,88,19.7324,29.4314
2316,299,150,59,90,19.7324,30.1003
2317,299,151,62,86,20.7358,28.7625
2318,303,159,61,83,20.1320,27.3927
2319,303,156,66,81,21.7822,26.7327
2320,302,151,68,83,22.5166,27.4834
2321,302,152,68,82,22.5166,27.1523
2322,300,151,66,83,22.0000,27.6667
2323,300,146,68,86,22.6667,28.6667
2324,300,149,68,83,22.6667,27.6667
2325,300,146,69,85,23.0000,28.3333
2326,298,147,67,84,22.4832,28.1879
2327,298,147,67,84,22.4832,28.1879
2328,301,144,73,84,24.2525,27.9070
2329,300,143,71,86,23.6667,28.6667
2330,299,139,74,86,24.7492,28.7625
2331,301,139,77,85,25.5814,28.2392
2332,300,135,80,85,26.6667,28.3333
2333,299,132,81,86,27.0903,28.7625
2334,300,125,88,87,29.3333,29.0000
2335,296,123,85,88,28.7162,29.7297
2336,299,118,92,89,30.7692,29.7659
2337,301,117,92,92,30.5648,30.5648
2338,301,112,95,94,31.5615,31.2292
2339,301,109,98,94,32.5581,31.2292
2340,300,107,98,95,32.6667,31.6667
2341,299,108,98,93,32.7759,31.1037
2342,299,106,99,94,33.1104,31.4381
2343,299,101,102,96,34.1137,32.1070
2344,303,99,102,102,33.6634,33.6634
2345,303,99,102,102,33.6634,33.6634
2346,303,98,99,106,32.6733,34.9835
2347,302,93,98,111,32.4503,36.7550
2348,299,89,97,113,32.4415,37.7926
2349,301,88,97,116,32.2259,38.5382
2350,301,89,97,115,32.2259,38.2060
2351,301,87,95,119,31.5615,39.5349
2352,300,87,90,123,30.0000,41.0000
2353,299,86,87,126,29.0970,42.1405
2354,298,85,85,128,28.5235,42.9530
2355,298,84,83,131,27.8523,43.9597
2356,298,82,82,134,27.5168,44.9664
2357,297,83,74,140,24.9158,47.1380
2358,297,87,71,139,23.9057,46.8013
2359,299,94,66,139,22.0736,46.4883
2360,301,95,65,141,21.5947,46.8439
2361,299,96,62,141,20.7358,47.1572
2362,304,101,61,142,20.0658,46.7105
2363,302,99,56,147,18.5430,48.6755
2364,302,100,50,152,16.5563,50.3311
2365,301,99,49,153,16.2791,50.8306
2366,301,100,48,153,15.9468,50.8306
2367,300,100,47,153,15.6667,51.0000
2368,300,101,43,156,14.3333,52.0000
2369,299,99,44,156,14.7157,52.1739
2370,299,99,41,159,13.7124,53.1773
2371,301,98,43,160,14.2857,53.1561
2372,300,99,42,159,14.0000,53.0000
2373,300,100,40,160,13.3333,53.3333
2374,300,102,41,157,13.6667,52.3333
2375,300,102,43,155,14.3333,51.6667
2376,299,102,40,157,13.3779,52.5084
2377,304,110,39,155,12.8289,50.9868
2378,303,112,40,151,13.2013,49.8350
2379,303,114,39,150,12.8713,49.5050
2380,303,114,37,152,12.2112,50.1650
2381,302,115,38,149,12.5828,49.3377
2382,301,117,37,147,12.2924,48.8372
2383,301,117,35,149,11.6279,49.5017
2384,300,117,34,149,11.3333,49.6667
2385,300,118,35,147,11.6667,49.0000
2386,299,117,34,148,11.3712,49.4983
2387,304,122,35,147,11.5132,48.3553
2388,304,123,35,146,11.5132,48.0263
2389,303,126,32,145,10.5611,47.8548
2390,302,127,33,142,10.9272,47.0199
2391,302,127,31,144,10.2649,47.6821
2392,302,129,33,140,10.9272,46.3576
2393,302,128,35,139,11.5894,46.0265
2394,302,130,32,140,10.5960,46.3576
2395,302,131,32,139,10.5960,46.0265
2396,302,137,31,134,10.2649,44.3709
2397,302,136,31,135,10.2649,44.7020
2398,301,137,31,133,10.2990,44.1860
2399,301,141,32,128,10.6312,42.5249
2400,301,142,32,127,10.6312,42.1927
2401,301,146,30,125,9.9668,41.5282
2402,301,147,31,123,10.2990,40.8638
2403,301,148,34,119,11.2957,39.5349
2404,299,151,34,114,11.3712,38.1271
2405,302,156,35,111,11.5894,36.7550
2406,301,157,34,110,11.2957,36.5449
2407,301,158,37,106,12.2924,35.2159
2408,299,160,35,104,11.7057,34.7826
2409,300,166,36,98,12.0000,32.6667
2410,300,168,35,97,11.6667,32.3333
2411,300,170,37,93,12.3333,31.0000
2412,300,171,35,94,11.6667,31.3333
2413,299,168,38,93,12.7090,31.1037
2414,302,171,39,92,12.9139,30.4636
2415,302,176,38,88,12.5828,29.1391
2416,301,181,39,81,12.9568,26.9103
2417,301,181,40,80,13.2890,26.5781
2418,301,183,38,80,12.6246,26.5781
2419,300,178,42,80,14.0000,26.6667
2420,300,181,45,74,15.0000,24.6667
2421,299,176,50,73,16.7224,24.4147
2422,303,179,55,69,18.1518,22.7723
2423,301,178,54,69,17.9402,22.9236
2424,300,178,52,70,17.3333,23.3333
2425,300,178,53,69,17.6667,23.0000
2426,299,177,53,69,17.7258,23.0769
2427,298,174,56,68,18.7919,22.8188
2428,298,175,57,66,19.1275,22.1477
2429,299,175,58,66,19.3980,22.0736
2430,300,171,61,68,20.3333,22.6667
2431,299,167,66,66,22.0736,22.0736
2432,302,173,64,65,21.1921,21.5232
2433,302,167,68,67,22.5166,22.1854
2434,299,160,71,68,23.7458,22.7425
2435,300,157,77,66,25.6667,22.0000
2436,300,153,83,64,27.6667,21.3333
2437,299,149,83,67,27.7592,22.4080
2438,299,140,94,65,31.4381,21.7391
2439,297,134,98,65,32.9966,21.8855
2440,296,128,102,66,34.4595,22.2973
2441,297,125,106,66,35.6902,22.2222
2442,297,122,104,71,35.0168,23.9057
2443,299,124,104,71,34.7826,23.7458
2444,301,120,110,71,36.5449,23.5880
2445,301,118,111,72,36.8771,23.9203
2446,299,119,110,70,36.7893,23.4114
2447,301,123,106,72,35.2159,23.9203
2448,301,118,112,71,37.2093,23.5880
2449,301,117,111,73,36.8771,24.2525
2450,299,113,114,72,38.1271,24.0803
2451,299,109,113,77,37.7926,25.7525
2452,300,102,119,79,39.6667,26.3333
2453,299,94,127,78,42.4749,26.0870
2454,298,91,122,85,40.9396,28.5235
2455,303,88,127,88,41.9142,29.0429
2456,303,85,122,96,40.2640,31.6832
2457,303,82,122,99,40.2640,32.6733
2458,302,79,116,107,38.4106,35.4305
2459,297,79,106,112,35.6902,37.7104
2460,296,81,99,116,33.4459,39.1892
2461,296,80,97,119,32.7703,40.2027
2462,294,82,89,123,30.2721,41.8367
2463,296,83,87,126,29.3919,42.5676
2464,295,83,85,127,28.8136,43.0508
2465,296,84,84,128,28.3784,43.2432
2466,297,82,85,130,28.6195,43.7710
2467,298,78,90,130,30.2013,43.6242
2468,300,78,89,133,29.6667,44.3333
2469,300,75,87,138,29.0000,46.0000
2470,300,73,88,139,29.3333,46.3333
2471,298,70,88,140,29.5302,46.9799
2472,299,72,77,150,25.7525,50.1672
2473,300,73,72,155,24.0000,51.6667
2474,298,72,66,160,22.1477,53.6913
2475,302,76,62,164,20.5298,54.3046
2476,301,77,57,167,18.9369,55.4817
2477,299,77,55,167,18.3946,55.8528
2478,297,77,53,167,17.8451,56.2290
2479,296,77,51,168,17.2297,56.7568
2480,297,80,51,166,17.1717,55.8923
2481,299,84,48,167,16.0535,55.8528
2482,301,86,49,166,16.2791,55.1495
2483,299,85,47,167,15.7191,55.8528
2484,300,89,44,167,14.6667,55.6667
2485,300,90,43,167,14.3333,55.6667
2486,297,89,40,168,13.4680,56.5657
2487,299,91,33,175,11.0368,58.5284
2488,302,93,31,178,10.2649,58.9404
2489,300,95,30,175,10.0000,58.3333
2490,299,94,27,178,9.0301,59.5318
2491,300,93,25,182,8.3333,60.6667
2492,299,95,23,181,7.6923,60.5351
2493,300,97,22,181,7.3333,60.3333
2494,300,101,23,176,7.6667,58.6667
2495,300,105,21,174,7.0000,58.0000
2496,300,104,22,174,7.3333,58.0000
2497,299,105,22,172,7.3579,57.5251
2498,300,108,19,173,6.3333,57.6667
2499,300,111,19,170,6.3333,56.6667
2500,300,110,21,169,7.0000,56.3333
2501,300,113,22,165,7.3333,55.0000
2502,300,112,24,164,8.0000,54.6667
2503,298,117,21,160,7.0470,53.6913
2504,300,120,23,157,7.6667,52.3333
2505,300,118,26,156,8.6667,52.0000
2506,300,120,30,150,10.0000,50.0000
2507,300,121,31,148,10.3333,49.3333
2508,300,127,33,140,11.0000,46.6667
2509,299,128,34,137,11.3712,45.8194
2510,301,137,36,128,11.9601,42.5249
2511,301,141,34,126,11.2957,41.8605
2512,300,145,35,120,11.6667,40.0000
2513,299,147,35,117,11.7057,39.1304
2514,301,155,33,113,10.9635,37.5415
2515,301,157,35,109,11.6279,36.2126
2516,301,160,36,105,11.9601,34.8837
2517,301,159,38,104,12.6246,34.5515
2518,301,159,40,102,13.2890,33.8870
2519,301,155,44,102,14.6179,33.8870
2520,301,157,44,100,14.6179,33.2226
2521,301,159,48,94,15.9468,31.2292
2522,300,160,48,92,16.0000,30.6667
2523,299,162,48,89,16.0535,29.7659
2524,299,172,48,79,16.0535,26.4214
2525,299,175,49,75,16.3880,25.0836
2526,299,179,46,74,15.3846,24.7492
2527,300,182,46,72,15.3333,24.0000
2528,299,187,43,69,14.3813,23.0769
2529,302,190,44,68,14.5695,22.5166
2530,302,188,44,70,14.5695,23.1788
2531,302,187,45,70,14.9007,23.1788
2532,302,181,51,70,16.8874,23.1788
2533,300,179,53,68,17.6667,22.6667
2534,299,176,56,67,18.7291,22.4080
2535,299,176,56,67,18.7291,22.4080
2536,302,177,60,65,19.8675,21.5232
2537,301,176,61,64,20.2658,21.2625
2538,300,171,65,64,21.6667,21.3333
2539,300,173,65,62,21.6667,20.6667
2540,299,174,63,62,21.0702,20.7358
2541,302,173,65,64,21.5232,21.1921
2542,302,170,70,62,23.1788,20.5298
2543,302,167,75,60,24.8344,19.8675
2544,302,167,77,58,25.4967,19.2053
2545,301,162,83,56,27.5748,18.6047
2546,301,156,85,60,28.2392,19.9336
2547,300,149,91,60,30.3333,20.0000
2548,300,148,91,61,30.3333,20.3333
2549,300,141,97,62,32.3333,20.6667
2550,300,137,102,61,34.0000,20.3333
2551,300,130,106,64,35.3333,21.3333
2552,299,123,107,69,35.7860,23.0769
2553,303,121,108,74,35.6436,24.4224
2554,302,115,111,76,36.7550,25.1656
2555,301,111,113,77,37.5415,25.5814
2556,301,105,116,80,38.5382,26.5781
2557,300,101,117,82,39.0000,27.3333
2558,300,99,118,83,39.3333,27.6667
2559,299,96,114,89,38.1271,29.7659
2560,299,90,115,94,38.4615,31.4381
2561,301,90,115,96,38.2060,31.8937
2562,301,85,115,101,38.2060,33.5548
2563,299,83,113,103,37.7926,34.4482
2564,299,80,113,106,37.7926,35.4515
2565,303,79,114,110,37.6238,36.3036
2566,302,76,113,113,37.4172,37.4172
2567,300,71,109,120,36.3333,40.0000
2568,300,69,106,125,35.3333,41.6667
2569,300,69,104,127,34.6667,42.3333
2570,296,67,100,129,33.7838,43.5811
2571,296,66,96,134,32.4324,45.2703
2572,296,64,92,140,31.0811,47.2973
2573,296,62,87,147,29.3919,49.6622
2574,294,60,85,149,28.9116,50.6803
2575,294,59,81,154,27.5510,52.3810
2576,293,58,79,156,26.9625,53.2423
2577,292,55,76,161,26.0274,55.1370
2578,294,61,76,157,25.8503,53.4014
2579,297,67,71,159,23.9057,53.5354
2580,297,68,67,162,22.5589,54.5455
2581,298,69,67,162,22.4832,54.3624
2582,298,72,63,163,21.1409,54.6980
2583,298,73,61,164,20.4698,55.0336
2584,299,72,60,167,20.0669,55.8528
2585,297,71,54,172,18.1818,57.9125
2586,297,68,55,174,18.5185,58.5859
2587,295,68,51,176,17.2881,59.6610
2588,293,68,47,178,16.0410,60.7509
2589,297,72,46,179,15.4882,60.2694
2590,298,74,45,179,15.1007,60.0671
2591,303,83,45,175,14.8515,57.7558
2592,302,86,40,176,13.2450,58.2781
2593,302,87,38,177,12.5828,58.6093
2594,301,85,39,177,12.9568,58.8040
2595,300,87,37,176,12.3333,58.6667
2596,300,86,36,178,12.0000,59.3333
2597,299,81,40,178,13.3779,59.5318
2598,301,85,39,177,12.9568,58.8040
2599,301,87,38,176,12.6246,58.4718
2600,301,86,38,177,12.6246,58.8040
2601,301,87,37,177,12.2924,58.8040
2602,301,87,36,178,11.9601,59.1362
2603,301,91,33,177,10.9635,58.8040
2604,299,95,31,173,10.3679,57.8595
2605,300,98,30,172,10.0000,57.3333
2606,300,98,31,171,10.3333,57.0000
2607,298,99,29,170,9.7315,57.0470
2608,300,101,32,167,10.6667,55.6667
2609,300,103,31,166,10.3333,55.3333
2610,300,106,31,163,10.3333,54.3333
2611,299,110,31,158,10.3679,52.8428
2612,302,116,33,153,10.9272,50.6623
2613,301,116,35,150,11.6279,49.8339
2614,300,121,34,145,11.3333,48.3333
2615,300,125,33,142,11.0000,47.3333
2616,299,125,34,140,11.3712,46.8227
2617,304,133,31,140,10.1974,46.0526
2618,303,136,30,137,9.9010,45.2145
2619,303,143,29,131,9.5710,43.2343
2620,303,148,28,127,9.2409,41.9142
2621,303,148,30,125,9.9010,41.2541
2622,303,151,29,123,9.5710,40.5941
2623,303,157,29,117,9.5710,38.6139
2624,303,164,30,109,9.9010,35.9736
2625,303,170,30,103,9.9010,33.9934
2626,303,168,31,104,10.2310,34.3234
2627,301,169,33,99,10.9635,32.8904
2628,301,169,34,98,11.2957,32.5581
2629,299,169,37,93,12.3746,31.1037
2630,301,165,43,93,14.2857,30.8970
2631,301,167,45,89,14.9502,29.5681
2632,301,168,46,87,15.2824,28.9037
2633,300,166,46,88,15.3333,29.3333
2634,299,169,46,84,15.3846,28.0936
2635,302,170,50,82,16.5563,27.1523
2636,302,172,50,80,16.5563,26.4901
2637,301,173,52,76,17.2757,25.2492
2638,300,174,51,75,17.0000,25.0000
2639,299,169,58,72,19.3980,24.0803
2640,302,169,63,70,20.8609,23.1788
2641,302,167,66,69,21.8543,22.8477
2642,301,162,71,68,23.5880,22.5914
2643,301,159,75,67,24.9169,22.2591
2644,300,155,82,63,27.3333,21.0000
2645,300,156,83,61,27.6667,20.3333
2646,300,151,86,63,28.6667,21.0000
2647,298,149,85,64,28.5235,21.4765
2648,298,143,90,65,30.2013,21.8121
2649,299,144,89,66,29.7659,22.0736
2650,297,146,85,66,28.6195,22.2222
2651,295,140,86,69,29.1525,23.3898
2652,297,138,90,69,30.3030,23.2323
2653,300,140,90,70,30.0000,23.3333
2654,300,130,98,72,32.6667,24.0000
2655,299,127,100,72,33.4448,24.0803
2656,301,126,103,72,34.2193,23.9203
2657,299,127,102,70,34.1137,23.4114
2658,299,125,104,70,34.7826,23.4114
2659,301,121,110,70,36.5449,23.2558
2660,297,118,103,76,34.6801,25.5892
2661,297,109,109,79,36.7003,26.5993
2662,297,102,112,83,37.7104,27.9461
2663,298,100,114,84,38.2550,28.1879
2664,300,97,110,93,36.6667,31.0000
2665,299,95,109,95,36.4548,31.7726
2666,297,94,106,97,35.6902,32.6599
2667,295,93,106,96,35.9322,32.5424
2668,295,94,102,99,34.5763,33.5593
2669,296,95,100,101,33.7838,34.1216
2670,297,94,104,99,35.0168,33.3333
2671,298,91,104,103,34.8993,34.5638
2672,300,90,104,106,34.6667,35.3333
2673,298,89,102,107,34.2282,35.9060
2674,297,87,95,115,31.9865,38.7205
2675,296,85,92,119,31.0811,40.2027
2676,298,85,88,125,29.5302,41.9463
2677,299,85,87,127,29.0970,42.4749
2678,297,85,88,124,29.6296,41.7508
2679,298,83,88,127,29.5302,42.6174
2680,301,86,86,129,28.5714,42.8571
2681,299,83,80,136,26.7559,45.4849
2682,301,83,76,142,25.2492,47.1761
2683,300,83,70,147,23.3333,49.0000
2684,298,80,72,146,24.1611,48.9933
2685,300,80,72,148,24.0000,49.3333
2686,300,79,71,150,23.6667,50.0000
2687,299,80,67,152,22.4080,50.8361
2688,302,83,66,153,21.8543,50.6623
2689,302,81,67,154,22.1854,50.9934
2690,299,78,65,156,21.7391,52.1739
2691,299,77,62,160,20.7358,53.5117
2692,303,78,61,164,20.1320,54.1254
2693,302,77,59,166,19.5364,54.9669
2694,300,77,56,167,18.6667,55.6667
2695,298,75,55,168,18.4564,56.3758
2696,299,75,55,169,18.3946,56.5217
2697,301,78,53,170,17.6080,56.4784
2698,300,81,51,168,17.0000,56.0000
2699,299,82,48,169,16.0535,56.5217
2700,300,83,46,171,15.3333,57.0000
2701,300,83,43,174,14.3333,58.0000
2702,300,82,44,174,14.6667,58.0000
2703,299,83,45,171,15.0502,57.1906
2704,302,88,40,174,13.2450,57.6159
2705,301,88,38,175,12.6246,58.1395
2706,301,92,37,172,12.2924,57.1429
2707,300,92,39,169,13.0000,56.3333
2708,300,91,41,168,13.6667,56.0000
2709,299,91,42,166,14.0468,55.5184
2710,301,94,40,167,13.2890,55.4817
2711,299,95,37,167,12.3746,55.8528
2712,304,106,32,166,10.5263,54.6053
2713,304,109,33,162,10.8553,53.2895
2714,304,112,31,161,10.1974,52.9605
2715,303,113,32,158,10.5611,52.1452
2716,302,121,32,149,10.5960,49.3377
2717,302,122,31,149,10.2649,49.3377
2718,302,122,33,147,10.9272,48.6755
2719,301,122,32,147,10.6312,48.8372
2720,301,125,32,144,10.6312,47.8405
2721,300,130,31,139,10.3333,46.3333
2722,299,129,26,144,8.6957,48.1605
2723,304,138,25,141,8.2237,46.3816
2724,304,141,25,138,8.2237,45.3947
2725,304,143,24,137,7.8947,45.0658
2726,304,151,24,129,7.8947,42.4342
2727,304,152,25,127,8.2237,41.7763
2728,303,157,24,122,7.9208,40.2640
2729,301,157,24,120,7.9734,39.8671
2730,301,156,25,120,8.3056,39.8671
2731,301,159,24,118,7.9734,39.2027
2732,301,160,26,115,8.6379,38.2060
2733,301,166,28,107,9.3023,35.5482
2734,301,172,26,103,8.6379,34.2193
2735,301,174,28,99,9.3023,32.8904
2736,301,175,28,98,9.3023,32.5581
2737,301,177,30,94,9.9668,31.2292
2738,301,178,30,93,9.9668,30.8970
2739,300,175,34,91,11.3333,30.3333
2740,300,175,35,90,11.6667,30.0000
2741,300,174,36,90,12.0000,30.0000
2742,300,173,39,88,13.0000,29.3333
2743,300,172,44,84,14.6667,28.0000
2744,300,174,45,81,15.0000,27.0000
2745,300,171,50,79,16.6667,26.3333
2746,299,170,52,77,17.3913,25.7525
2747,299,170,52,77,17.3913,25.7525
2748,304,175,51,78,16.7763,25.6579
2749,304,175,50,79,16.4474,25.9868
2750,304,174,50,80,16.4474,26.3158
2751,304,174,54,76,17.7632,25.0000
2752,304,170,62,72,20.3947,23.6842
2753,303,171,65,67,21.4521,22.1122
2754,303,172,65,66,21.4521,21.7822
2755,302,169,66,67,21.8543,22.1854
2756,302,166,73,63,24.1722,20.8609
2757,301,166,75,60,24.9169,19.9336
2758,301,164,76,61,25.2492,20.2658
2759,301,158,77,66,25.5814,21.9269
2760,301,151,80,70,26.5781,23.2558
2761,301,148,82,71,27.2425,23.5880
2762,301,146,84,71,27.9070,23.5880
2763,299,142,82,75,27.4247,25.0836
2764,302,141,88,73,29.1391,24.1722
2765,302,138,87,77,28.8079,25.4967
2766,302,137,87,78,28.8079,25.8278
2767,302,131,90,81,29.8013,26.8212
2768,301,123,96,82,31.8937,27.2425
2769,301,118,102,81,33.8870,26.9103
2770,300,114,104,82,34.6667,27.3333
2771,300,109,109,82,36.3333,27.3333
2772,299,107,104,88,34.7826,29.4314
2773,299,99,107,93,35.7860,31.1037
2774,300,105,106,89,35.3333,29.6667
2775,300,98,115,87,38.3333,29.0000
2776,299,93,114,92,38.1271,30.7692
2777,298,94,108,96,36.2416,32.2148
2778,300,93,110,97,36.6667,32.3333
2779,298,91,109,98,36.5772,32.8859
2780,296,89,108,99,36.4865,33.4459
2781,295,84,107,104,36.2712,35.2542
2782,297,80,111,106,37.3737,35.6902
2783,299,80,113,106,37.7926,35.4515
2784,300,79,110,111,36.6667,37.0000
2785,297,74,107,116,36.0269,39.0572
2786,297,72,109,116,36.7003,39.0572
2787,295,73,104,118,35.2542,40.0000
2788,300,73,106,121,35.3333,40.3333
2789,296,71,99,126,33.4459,42.5676
2790,296,71,96,129,32.4324,43.5811
2791,295,70,94,131,31.8644,44.4068
2792,296,69,95,132,32.0946,44.5946
2793,296,66,95,135,32.0946,45.6081
2794,294,65,87,142,29.5918,48.2993
2795,296,65,87,144,29.3919,48.6486
2796,297,66,80,151,26.9360,50.8418
2797,299,68,77,154,25.7525,51.5050
2798,301,67,77,157,25.5814,52.1595
2799,299,67,74,158,24.7492,52.8428
2800,302,72,71,159,23.5099,52.6490
2801,302,71,71,160,23.5099,52.9801
2802,301,72,66,163,21.9269,54.1528
2803,300,69,61,170,20.3333,56.6667
2804,300,67,62,171,20.6667,57.0000
2805,300,65,58,177,19.3333,59.0000
2806,300,65,55,180,18.3333,60.0000
2807,300,66,53,181,17.6667,60.3333
2808,300,64,53,183,17.6667,61.0000
2809,300,63,49,188,16.3333,62.6667
2810,300,64,49,187,16.3333,62.3333
2811,298,68,44,186,14.7651,62.4161
2812,299,73,42,184,14.0468,61.5385
2813,301,76,40,185,13.2890,61.4618
2814,299,78,36,185,12.0401,61.8729
2815,299,82,37,180,12.3746,60.2007
2816,300,84,36,180,12.0000,60.0000
2817,300,87,37,176,12.3333,58.6667
2818,300,87,39,174,13.0000,58.0000
2819,299,88,39,172,13.0435,57.5251
2820,304,94,38,172,12.5000,56.5789
2821,303,92,39,172,12.8713,56.7657
2822,303,93,36,174,11.8812,57.4257
2823,303,92,37,174,12.2112,57.4257
2824,302,98,34,170,11.2583,56.2914
2825,301,102,33,166,10.9635,55.1495
2826,301,103,32,166,10.6312,55.1495
2827,300,101,31,168,10.3333,56.0000
2828,298,103,32,163,10.7383,54.6980
2829,303,113,32,158,10.5611,52.1452
2830,303,112,33,158,10.8911,52.1452
2831,303,113,35,155,11.5512,51.1551
2832,303,113,36,154,11.8812,50.8251
2833,302,118,36,148,11.9205,49.0066
2834,302,120,36,146,11.9205,48.3444
2835,302,119,38,145,12.5828,48.0132
2836,302,124,34,144,11.2583,47.6821
2837,302,127,34,141,11.2583,46.6887
2838,302,129,33,140,10.9272,46.3576
2839,301,130,33,138,10.9635,45.8472
2840,300,134,30,136,10.0000,45.3333
2841,300,138,29,133,9.6667,44.3333
2842,299,141,29,129,9.6990,43.1438
2843,303,147,29,127,9.5710,41.9142
2844,303,148,30,125,9.9010,41.2541
2845,303,151,29,123,9.5710,40.5941
2846,303,155,33,115,10.8911,37.9538
2847,303,157,33,113,10.8911,37.2937
2848,302,162,32,108,10.5960,35.7616
2849,302,163,33,106,10.9272,35.0993
2850,301,164,33,104,10.9635,34.5515
2851,301,165,33,103,10.9635,34.2193
2852,300,164,34,102,11.3333,34.0000
2853,300,165,35,100,11.6667,33.3333
2854,300,167,38,95,12.6667,31.6667
2855,300,173,36,91,12.0000,30.3333
2856,300,175,36,89,12.0000,29.6667
2857,300,179,38,83,12.6667,27.6667
2858,299,184,36,79,12.0401,26.4214
2859,302,187,38,77,12.5828,25.4967
2860,301,186,40,75,13.2890,24.9169
2861,301,188,43,70,14.2857,23.2558
2862,301,185,46,70,15.2824,23.2558
2863,301,187,46,68,15.2824,22.5914
2864,301,186,48,67,15.9468,22.2591
2865,300,182,51,67,17.0000,22.3333
2866,300,182,52,66,17.3333,22.0000
2867,300,179,52,69,17.3333,23.0000
2868,300,179,53,68,17.6667,22.6667
2869,300,177,53,70,17.6667,23.3333
2870,300,173,57,70,19.0000,23.3333
2871,300,174,55,71,18.3333,23.6667
2872,300,174,54,72,18.0000,24.0000
2873,298,174,49,75,16.4430,25.1678
2874,299,173,52,74,17.3913,24.7492
2875,300,172,53,75,17.6667,25.0000
2876,300,171,57,72,19.0000,24.0000
2877,300,169,61,70,20.3333,23.3333
2878,299,166,63,70,21.0702,23.4114
2879,304,170,64,70,21.0526,23.0263
2880,304,169,64,71,21.0526,23.3553
2881,303,167,62,74,20.4620,24.4224
2882,303,167,61,75,20.1320,24.7525
2883,302,160,65,77,21.5232,25.4967
2884,300,156,66,78,22.0000,26.0000
2885,300,152,66,82,22.0000,27.3333
2886,299,146,69,84,23.0769,28.0936
2887,300,141,74,85,24.6667,28.3333
2888,299,138,75,86,25.0836,28.7625
2889,301,135,81,85,26.9103,28.2392
2890,300,131,83,86,27.6667,28.6667
2891,298,128,84,86,28.1879,28.8591
2892,299,126,89,84,29.7659,28.0936
2893,298,120,96,82,32.2148,27.5168
2894,298,118,97,83,32.5503,27.8523
2895,297,117,96,84,32.3232,28.2828
2896,302,121,94,87,31.1258,28.8079
2897,302,120,93,89,30.7947,29.4702
2898,301,117,93,91,30.8970,30.2326
2899,301,111,97,93,32.2259,30.8970
2900,301,113,95,93,31.5615,30.8970
2901,300,107,99,94,33.0000,31.3333
2902,300,98,108,94,36.0000,31.3333
2903,298,93,109,96,36.5772,32.2148
2904,302,97,107,98,35.4305,32.4503
2905,301,92,109,100,36.2126,33.2226
2906,301,86,108,107,35.8804,35.5482
2907,298,83,107,108,35.9060,36.2416
2908,298,81,105,112,35.2349,37.5839
2909,297,80,101,116,34.0067,39.0572
2910,294,78,98,118,33.3333,40.1361
2911,292,75,99,118,33.9041,40.4110
2912,293,74,99,120,33.7884,40.9556
2913,291,74,93,124,31.9588,42.6117
2914,290,74,87,129,30.0000,44.4828
2915,292,75,88,129,30.1370,44.1781
2916,292,73,89,130,30.4795,44.5205
2917,292,74,89,129,30.4795,44.1781
2918,294,77,87,130,29.5918,44.2177
2919,295,79,85,131,28.8136,44.4068
2920,295,78,83,134,28.1356,45.4237
2921,295,79,82,134,27.7966,45.4237
2922,293,80,72,141,24.5734,48.1229
2923,295,83,72,140,24.4068,47.4576
2924,298,86,68,144,22.8188,48.3221
2925,297,90,63,144,21.2121,48.4848
2926,300,93,59,148,19.6667,49.3333
2927,298,94,54,150,18.1208,50.3356
2928,299,91,54,154,18.0602,51.5050
2929,302,92,54,156,17.8808,51.6556
2930,301,90,54,157,17.9402,52.1595
2931,301,89,55,157,18.2724,52.1595
2932,300,89,50,161,16.6667,53.6667
2933,300,91,49,160,16.3333,53.3333
2934,300,92,51,157,17.0000,52.3333
2935,297,91,48,158,16.1616,53.1987
2936,298,94,46,158,15.4362,53.0201
2937,300,99,45,156,15.0000,52.0000
2938,300,101,45,154,15.0000,51.3333
2939,300,99,46,155,15.3333,51.6667
2940,299,101,45,153,15.0502,51.1706
2941,301,103,45,153,14.9502,50.8306
2942,301,102,44,155,14.6179,51.4950
2943,301,102,44,155,14.6179,51.4950
2944,300,99,44,157,14.6667,52.3333
2945,300,98,45,157,15.0000,52.3333
2946,297,98,42,157,14.1414,52.8620
2947,298,99,43,156,14.4295,52.3490
2948,302,104,45,153,14.9007,50.6623
2949,301,108,41,152,13.6213,50.4983
2950,300,109,39,152,13.0000,50.6667
2951,299,109,38,152,12.7090,50.8361
2952,299,110,36,153,12.0401,51.1706
2953,299,111,38,150,12.7090,50.1672
2954,299,114,35,150,11.7057,50.1672
2955,301,116,37,148,12.2924,49.1694
2956,301,118,37,146,12.2924,48.5050
2957,301,121,38,142,12.6246,47.1761
2958,301,127,38,136,12.6246,45.1827
2959,301,131,35,135,11.6279,44.8505
2960,300,134,34,132,11.3333,44.0000
2961,299,132,37,130,12.3746,43.4783
2962,301,137,37,127,12.2924,42.1927
2963,301,135,37,129,12.2924,42.8571
2964,301,138,35,128,11.6279,42.5249
2965,301,140,33,128,10.9635,42.5249
2966,301,146,33,122,10.9635,40.5316
2967,301,147,31,123,10.2990,40.8638
2968,300,147,32,121,10.6667,40.3333
2969,300,146,32,122,10.6667,40.6667
2970,299,146,33,120,11.0368,40.1338
2971,303,149,38,116,12.5413,38.2838
2972,302,154,35,113,11.5894,37.4172
2973,302,155,35,112,11.5894,37.0861
2974,302,163,34,105,11.2583,34.7682
2975,302,164,31,107,10.2649,35.4305
2976,302,170,28,104,9.2715,34.4371
2977,302,174,28,100,9.2715,33.1126
2978,301,180,26,95,8.6379,31.5615
2979,301,183,27,91,8.9701,30.2326
2980,301,186,28,87,9.3023,28.9037
2981,301,186,26,89,8.6379,29.5681
2982,300,184,27,89,9.0000,29.6667
2983,299,186,25,88,8.3612,29.4314
2984,300,193,25,82,8.3333,27.3333
2985,300,193,26,81,8.6667,27.0000
2986,299,189,29,81,9.6990,27.0903
2987,302,189,35,78,11.5894,25.8278
2988,301,190,34,77,11.2957,25.5814
2989,301,190,35,76,11.6279,25.2492
2990,301,186,37,78,12.2924,25.9136
2991,301,184,38,79,12.6246,26.2458
2992,300,184,38,78,12.6667,26.0000
2993,300,184,39,77,13.0000,25.6667
2994,300,182,44,74,14.6667,24.6667
2995,299,179,48,72,16.0535,24.0803
2996,300,176,54,70,18.0000,23.3333
2997,300,175,55,70,18.3333,23.3333
2998,300,172,59,69,19.6667,23.0000
2999,299,165,66,68,22.0736,22.7425
3000,300,158,73,69,24.3333,23.0000
3001,300,155,80,65,26.6667,21.6667
3002,299,151,82,66,27.4247,22.0736
3003,298,145,88,65,29.5302,21.8121
3004,301,146,94,61,31.2292,20.2658
3005,301,142,96,63,31.8937,20.9302
3006,301,140,97,64,32.2259,21.2625
3007,300,136,96,68,32.0000,22.6667
3008,299,133,98,68,32.7759,22.7425
3009,303,134,99,70,32.6733,23.1023
3010,301,126,104,71,34.5515,23.5880
3011,300,125,105,70,35.0000,23.3333
3012,299,123,104,72,34.7826,24.0803
3013,299,120,108,71,36.1204,23.7458
3014,303,120,111,72,36.6337,23.7624
3015,301,116,111,74,36.8771,24.5847
3016,298,112,112,74,37.5839,24.8322
3017,298,112,112,74,37.5839,24.8322
3018,300,108,117,75,39.0000,25.0000
3019,299,108,114,77,38.1271,25.7525
3020,297,106,110,81,37.0370,27.2727
3021,298,103,111,84,37.2483,28.1879
3022,294,100,106,88,36.0544,29.9320
3023,295,97,104,94,35.2542,31.8644
3024,294,91,106,97,36.0544,32.9932
3025,296,92,104,100,35.1351,33.7838
3026,296,94,101,101,34.1216,34.1216
3027,299,97,103,99,34.4482,33.1104
3028,296,99,96,101,32.4324,34.1216
3029,297,95,97,105,32.6599,35.3535
3030,298,93,98,107,32.8859,35.9060
3031,298,93,93,112,31.2081,37.5839
3032,299,91,92,116,30.7692,38.7960
3033,302,96,90,116,29.8013,38.4106
3034,300,93,90,117,30.0000,39.0000
3035,295,92,84,119,28.4746,40.3390
3036,295,89,81,125,27.4576,42.3729
3037,296,85,81,130,27.3649,43.9189
3038,298,84,81,133,27.1812,44.6309
3039,298,81,81,136,27.1812,45.6376
3040,298,81,78,139,26.1745,46.6443
3041,299,82,76,141,25.4181,47.1572
3042,298,85,71,142,23.8255,47.6510
3043,300,87,71,142,23.6667,47.3333
3044,298,87,69,142,23.1544,47.6510
3045,301,89,62,150,20.5980,49.8339
3046,301,88,61,152,20.2658,50.4983
3047,301,87,61,153,20.2658,50.8306
3048,301,82,62,157,20.5980,52.1595
3049,301,80,62,159,20.5980,52.8239
3050,299,76,61,162,20.4013,54.1806
3051,301,75,62,164,20.5980,54.4850
3052,301,74,63,164,20.9302,54.4850
3053,300,69,65,166,21.6667,55.3333
3054,299,71,59,169,19.7324,56.5217
3055,301,73,60,168,19.9336,55.8140
3056,301,72,59,170,19.6013,56.4784
3057,299,73,54,172,18.0602,57.5251
3058,300,76,52,172,17.3333,57.3333
3059,299,76,53,170,17.7258,56.8562
3060,303,81,51,171,16.8317,56.4356
3061,303,82,50,171,16.5017,56.4356
3062,303,80,51,172,16.8317,56.7657
3063,303,80,51,172,16.8317,56.7657
3064,303,81,51,171,16.8317,56.4356
3065,303,80,51,172,16.8317,56.7657
3066,301,77,52,172,17.2757,57.1429
3067,301,81,53,167,17.6080,55.4817
3068,301,82,51,168,16.9435,55.8140
3069,301,82,52,167,17.2757,55.4817
3070,300,81,50,169,16.6667,56.3333
3071,300,83,48,169,16.0000,56.3333
3072,298,85,47,166,15.7718,55.7047
3073,300,91,46,163,15.3333,54.3333
3074,299,95,42,162,14.0468,54.1806
3075,302,100,46,156,15.2318,51.6556
3076,302,103,45,154,14.9007,50.9934
3077,302,106,46,150,15.2318,49.6689
3078,302,108,46,148,15.2318,49.0066
3079,301,106,46,149,15.2824,49.5017
3080,300,106,47,147,15.6667,49.0000
3081,300,104,51,145,17.0000,48.3333
3082,299,102,55,142,18.3946,47.4916
3083,297,105,54,138,18.1818,46.4646
3084,299,107,57,135,19.0635,45.1505
3085,301,112,56,133,18.6047,44.1860
3086,301,115,53,133,17.6080,44.1860
3087,301,115,55,131,18.2724,43.5216
3088,301,121,54,126,17.9402,41.8605
3089,301,124,53,124,17.6080,41.1960
3090,300,122,55,123,18.3333,41.0000
3091,300,124,56,120,18.6667,40.0000
3092,298,125,55,118,18.4564,39.5973
3093,300,128,56,116,18.6667,38.6667
3094,300,128,59,113,19.6667,37.6667
3095,300,125,62,113,20.6667,37.6667
3096,300,124,63,113,21.0000,37.6667
3097,300,127,67,106,22.3333,35.3333
3098,300,123,73,104,24.3333,34.6667
3099,300,117,76,107,25.3333,35.6667
3100,299,118,76,105,25.4181,35.1171
3101,299,117,75,107,25.0836,35.7860
3102,299,119,71,109,23.7458,36.4548
3103,300,122,69,109,23.0000,36.3333
3104,300,122,65,113,21.6667,37.6667
3105,298,121,65,112,21.8121,37.5839
3106,297,125,66,106,22.2222,35.6902
3107,300,125,67,108,22.3333,36.0000
3108,300,123,70,107,23.3333,35.6667
3109,300,125,71,104,23.6667,34.6667
3110,300,123,71,106,23.6667,35.3333
3111,299,121,73,105,24.4147,35.1171
3112,302,121,77,104,25.4967,34.4371
3113,301,122,74,105,24.5847,34.8837
3114,300,124,72,104,24.0000,34.6667
3115,298,121,74,103,24.8322,34.5638
3116,301,123,72,106,23.9203,35.2159
3117,300,122,71,107,23.6667,35.6667
3118,299,120,66,113,22.0736,37.7926
3119,299,121,60,118,20.0669,39.4649
3120,300,119,63,118,21.0000,39.3333
3121,299,117,67,115,22.4080,38.4615
3122,300,117,69,114,23.0000,38.0000
3123,300,118,70,112,23.3333,37.3333
3124,299,117,70,112,23.4114,37.4582
3125,301,118,70,113,23.2558,37.5415
3126,301,118,73,110,24.2525,36.5449
3127,301,115,74,112,24.5847,37.2093
3128,301,113,76,112,25.2492,37.2093
3129,301,110,75,116,24.9169,38.5382
3130,301,108,75,118,24.9169,39.2027
3131,301,107,72,122,23.9203,40.5316
3132,298,103,74,121,24.8322,40.6040
3133,300,103,74,123,24.6667,41.0000
3134,300,102,75,123,25.0000,41.0000
3135,299,101,73,125,24.4147,41.8060
3136,304,105,71,128,23.3553,42.1053
3137,303,103,71,129,23.4323,42.5743
3138,302,102,74,126,24.5033,41.7219
3139,302,102,71,129,23.5099,42.7152
3140,301,97,74,130,24.5847,43.1894
3141,299,99,70,130,23.4114,43.4783
3142,300,100,66,134,22.0000,44.6667
3143,298,94,70,134,23.4899,44.9664
3144,300,93,71,136,23.6667,45.3333
3145,300,89,74,137,24.6667,45.6667
3146,300,90,70,140,23.3333,46.6667
3147,300,89,71,140,23.6667,46.6667
3148,300,91,68,141,22.6667,47.0000
3149,300,88,69,143,23.0000,47.6667
3150,300,87,65,148,21.6667,49.3333
3151,300,89,66,145,22.0000,48.3333
3152,299,90,59,150,19.7324,50.1672
3153,302,95,58,149,19.2053,49.3377
3154,302,100,55,147,18.2119,48.6755
3155,302,101,56,145,18.5430,48.0132
3156,301,104,54,143,17.9402,47.5083
3157,301,100,57,144,18.9369,47.8405
3158,299,99,53,147,17.7258,49.1639
3159,304,104,53,147,17.4342,48.3553
3160,303,102,51,150,16.8317,49.5050
3161,303,101,51,151,16.8317,49.8350
3162,303,103,52,148,17.1617,48.8449
3163,301,104,48,149,15.9468,49.5017
3164,300,105,43,152,14.3333,50.6667
3165,298,107,38,153,12.7517,51.3423
3166,302,114,36,152,11.9205,50.3311
3167,302,113,37,152,12.2517,50.3311
3168,301,116,36,149,11.9601,49.5017
3169,301,118,35,148,11.6279,49.1694
3170,301,125,31,145,10.2990,48.1728
3171,301,129,31,141,10.2990,46.8439
3172,301,130,32,139,10.6312,46.1794
3173,301,128,33,140,10.9635,46.5116
3174,301,130,31,140,10.2990,46.5116
3175,301,131,32,138,10.6312,45.8472
3176,300,127,36,137,12.0000,45.6667
3177,299,125,38,136,12.7090,45.4849
3178,299,125,36,138,12.0401,46.1538
3179,301,129,36,136,11.9601,45.1827
3180,301,130,35,136,11.6279,45.1827
3181,300,133,33,134,11.0000,44.6667
3182,300,134,34,132,11.3333,44.0000
3183,299,136,36,127,12.0401,42.4749
3184,299,136,37,126,12.3746,42.1405
3185,300,139,38,123,12.6667,41.0000
3186,300,137,40,123,13.3333,41.0000
3187,300,137,42,121,14.0000,40.3333
3188,300,141,40,119,13.3333,39.6667
3189,300,138,45,117,15.0000,39.0000
3190,300,136,46,118,15.3333,39.3333
3191,300,139,47,114,15.6667,38.0000
3192,299,138,48,113,16.0535,37.7926
3193,301,140,50,111,16.6113,36.8771
3194,301,145,51,105,16.9435,34.8837
3195,301,141,55,105,18.2724,34.8837
3196,299,144,51,104,17.0569,34.7826
3197,303,146,52,105,17.1617,34.6535
3198,303,147,50,106,16.5017,34.9835
3199,303,148,52,103,17.1617,33.9934
3200,303,147,56,100,18.4818,33.0033
3201,301,150,54,97,17.9402,32.2259
3202,301,150,59,92,19.6013,30.5648
3203,301,148,60,93,19.9336,30.8970
3204,300,153,57,90,19.0000,30.0000
3205,299,150,60,89,20.0669,29.7659
3206,303,152,63,88,20.7921,29.0429
3207,302,151,61,90,20.1987,29.8013
3208,302,152,62,88,20.5298,29.1391
3209,301,151,62,88,20.5980,29.2359
3210,300,148,64,88,21.3333,29.3333
3211,299,145,68,86,22.7425,28.7625
3212,300,148,69,83,23.0000,27.6667
3213,300,146,67,87,22.3333,29.0000
3214,299,144,68,87,22.7425,29.0970
3215,298,141,70,87,23.4899,29.1946
3216,300,147,71,82,23.6667,27.3333
3217,297,147,71,79,23.9057,26.5993
3218,298,148,70,80,23.4899,26.8456
3219,301,146,74,81,24.5847,26.9103
3220,299,143,75,81,25.0836,27.0903
3221,301,144,76,81,25.2492,26.9103
3222,300,144,76,80,25.3333,26.6667
3223,300,142,76,82,25.3333,27.3333
3224,300,141,75,84,25.0000,28.0000
3225,298,134,79,85,26.5101,28.5235
3226,300,137,75,88,25.0000,29.3333
3227,300,132,79,89,26.3333,29.6667
3228,299,129,81,89,27.0903,29.7659
3229,302,128,84,90,27.8146,29.8013
3230,302,126,86,90,28.4768,29.8013
3231,301,122,83,96,27.5748,31.8937
3232,301,121,84,96,27.9070,31.8937
3233,299,123,79,97,26.4214,32.4415
3234,301,127,76,98,25.2492,32.5581
3235,301,124,77,100,25.5814,33.2226
3236,297,120,77,100,25.9259,33.6700
3237,300,119,81,100,27.0000,33.3333
3238,299,114,82,103,27.4247,34.4482
3239,300,113,82,105,27.3333,35.0000
3240,298,112,79,107,26.5101,35.9060
3241,296,109,80,107,27.0270,36.1486
3242,297,105,84,108,28.2828,36.3636
3243,297,103,83,111,27.9461,37.3737
3244,297,101,84,112,28.2828,37.7104
3245,297,98,85,114,28.6195,38.3838
3246,295,95,81,119,27.4576,40.3390
3247,294,89,81,124,27.5510,42.1769
3248,295,87,85,123,28.8136,41.6949
3249,295,89,84,122,28.4746,41.3559
3250,299,90,87,122,29.0970,40.8027
3251,300,84,91,125,30.3333,41.6667
3252,298,78,93,127,31.2081,42.6174
3253,299,76,93,130,31.1037,43.4783
3254,300,76,95,129,31.6667,43.0000
3255,300,74,97,129,32.3333,43.0000
3256,299,75,95,129,31.7726,43.1438
3257,300,75,93,132,31.0000,44.0000
3258,299,74,91,134,30.4348,44.8161
3259,301,78,89,134,29.5681,44.5183
3260,299,77,85,137,28.4281,45.8194
3261,301,78,84,139,27.9070,46.1794
3262,298,79,79,140,26.5101,46.9799
3263,300,76,83,141,27.6667,47.0000
3264,297,75,80,142,26.9360,47.8114
3265,299,82,78,139,26.0870,46.4883
3266,302,84,77,141,25.4967,46.6887
3267,301,87,72,142,23.9203,47.1761
3268,300,87,66,147,22.0000,49.0000
3269,299,83,67,149,22.4080,49.8328
3270,298,84,64,150,21.4765,50.3356
3271,299,86,55,158,18.3946,52.8428
3272,301,90,50,161,16.6113,53.4884
3273,300,90,47,163,15.6667,54.3333
3274,300,89,50,161,16.6667,53.6667
3275,300,89,49,162,16.3333,54.0000
3276,299,88,49,162,16.3880,54.1806
3277,299,89,47,163,15.7191,54.5151
3278,302,96,47,159,15.5629,52.6490
3279,300,98,43,159,14.3333,53.0000
3280,299,96,44,159,14.7157,53.1773
3281,303,102,43,158,14.1914,52.1452
3282,302,99,45,158,14.9007,52.3179
3283,302,101,46,155,15.2318,51.3245
3284,302,101,46,155,15.2318,51.3245
3285,302,102,45,155,14.9007,51.3245
3286,301,102,45,154,14.9502,51.1628
3287,301,102,46,153,15.2824,50.8306
3288,301,101,48,152,15.9468,50.4983
3289,300,99,50,151,16.6667,50.3333
3290,298,100,47,151,15.7718,50.6711
3291,301,105,47,149,15.6146,49.5017
3292,300,101,54,145,18.0000,48.3333
3293,300,99,56,145,18.6667,48.3333
3294,298,101,52,145,17.4497,48.6577
3295,298,103,51,144,17.1141,48.3221
3296,298,103,51,144,17.1141,48.3221
3297,297,106,48,143,16.1616,48.1481
3298,302,115,48,139,15.8940,46.0265
3299,302,117,51,134,16.8874,44.3709
3300,302,116,52,134,17.2185,44.3709
3301,302,116,53,133,17.5497,44.0397
3302,300,119,51,130,17.0000,43.3333
3303,300,122,49,129,16.3333,43.0000
3304,298,121,46,131,15.4362,43.9597
3305,298,119,49,130,16.4430,43.6242
3306,301,118,53,130,17.6080,43.1894
3307,301,117,53,131,17.6080,43.5216
3308,301,120,51,130,16.9435,43.1894
3309,299,122,51,126,17.0569,42.1405
3310,303,130,48,125,15.8416,41.2541
3311,302,131,48,123,15.8940,40.7285
3312,301,131,48,122,15.9468,40.5316
3313,301,134,43,124,14.2857,41.1960
3314,301,136,44,121,14.6179,40.1993
3315,301,133,46,122,15.2824,40.5316
3316,301,132,48,121,15.9468,40.1993
3317,301,133,49,119,16.2791,39.5349
3318,301,132,52,117,17.2757,38.8704
3319,300,132,55,113,18.3333,37.6667
3320,299,136,52,111,17.3913,37.1237
3321,301,137,54,110,17.9402,36.5449
3322,301,137,55,109,18.2724,36.2126
3323,300,144,57,99,19.0000,33.0000
3324,299,146,57,96,19.0635,32.1070
3325,300,151,55,94,18.3333,31.3333
3326,296,151,49,96,16.5541,32.4324
3327,295,151,51,93,17.2881,31.5254
3328,297,150,54,93,18.1818,31.3131
3329,300,147,62,91,20.6667,30.3333
3330,300,142,66,92,22.0000,30.6667
3331,299,143,66,90,22.0736,30.1003
3332,303,142,71,90,23.4323,29.7030
3333,302,142,68,92,22.5166,30.4636
3334,302,139,72,91,23.8411,30.1325
3335,302,136,75,91,24.8344,30.1325
3336,300,135,74,91,24.6667,30.3333
3337,300,131,80,89,26.6667,29.6667
3338,300,131,80,89,26.6667,29.6667
3339,298,130,79,89,26.5101,29.8658
3340,299,126,80,93,26.7559,31.1037
3341,304,128,78,98,25.6579,32.2368
3342,303,126,80,97,26.4026,32.0132
3343,302,121,83,98,27.4834,32.4503
3344,302,118,83,101,27.4834,33.4437
3345,302,113,88,101,29.1391,33.4437
3346,302,110,92,100,30.4636,33.1126
3347,302,112,91,99,30.1325,32.7815
3348,300,111,86,103,28.6667,34.3333
3349,297,108,85,104,28.6195,35.0168
3350,300,108,83,109,27.6667,36.3333
3351,298,105,82,111,27.5168,37.2483
3352,298,102,85,111,28.5235,37.2483
3353,299,102,85,112,28.4281,37.4582
3354,303,105,87,111,28.7129,36.6337
3355,300,102,84,114,28.0000,38.0000
3356,299,102,85,112,28.4281,37.4582
3357,300,102,82,116,27.3333,38.6667
3358,300,99,83,118,27.6667,39.3333
3359,300,98,85,117,28.3333,39.0000
3360,299,99,82,118,27.4247,39.4649
3361,299,98,82,119,27.4247,39.7993
3362,302,100,84,118,27.8146,39.0728
3363,301,97,80,124,26.5781,41.1960
3364,300,96,79,125,26.3333,41.6667
3365,300,100,76,124,25.3333,41.3333
3366,299,100,72,127,24.0803,42.4749
3367,303,104,71,128,23.4323,42.2442
3368,303,101,73,129,24.0924,42.5743
3369,303,98,73,132,24.0924,43.5644
3370,302,96,72,134,23.8411,44.3709
3371,300,92,70,138,23.3333,46.0000
3372,299,87,76,136,25.4181,45.4849
3373,300,90,72,138,24.0000,46.0000
3374,300,88,70,142,23.3333,47.3333
3375,300,86,72,142,24.0000,47.3333
3376,298,86,66,146,22.1477,48.9933
3377,302,88,67,147,22.1854,48.6755
3378,302,87,66,149,21.8543,49.3377
3379,301,85,66,150,21.9269,49.8339
3380,300,82,69,149,23.0000,49.6667
3381,298,82,67,149,22.4832,50.0000
3382,298,84,65,149,21.8121,50.0000
3383,299,86,64,149,21.4047,49.8328
3384,301,87,61,153,20.2658,50.8306
3385,300,87,63,150,21.0000,50.0000
3386,300,87,63,150,21.0000,50.0000
3387,300,89,63,148,21.0000,49.3333
3388,300,91,61,148,20.3333,49.3333
3389,300,90,59,151,19.6667,50.3333
3390,298,88,57,153,19.1275,51.3423
3391,299,89,58,152,19.3980,50.8361
3392,298,90,55,153,18.4564,51.3423
3393,299,95,53,151,17.7258,50.5017
3394,304,101,52,151,17.1053,49.6711
3395,304,101,50,153,16.4474,50.3289
3396,303,101,52,150,17.1617,49.5050
3397,302,98,54,150,17.8808,49.6689
3398,300,97,52,151,17.3333,50.3333
3399,299,98,48,153,16.0535,51.1706
3400,298,103,46,149,15.4362,50.0000
3401,298,105,47,146,15.7718,48.9933
3402,299,111,47,141,15.7191,47.1572
3403,300,113,47,140,15.6667,46.6667
3404,300,114,45,141,15.0000,47.0000
3405,300,115,44,141,14.6667,47.0000
3406,298,115,42,141,14.0940,47.3154
3407,298,119,43,136,14.4295,45.6376
3408,298,122,42,134,14.0940,44.9664
3409,301,127,45,129,14.9502,42.8571
3410,300,128,43,129,14.3333,43.0000
3411,300,128,43,129,14.3333,43.0000
3412,298,129,40,129,13.4228,43.2886
3413,298,131,38,129,12.7517,43.2886
3414,301,135,39,127,12.9568,42.1927
3415,299,139,38,122,12.7090,40.8027
3416,301,143,39,119,12.9568,39.5349
3417,300,147,37,116,12.3333,38.6667
3418,300,150,34,116,11.3333,38.6667
3419,300,153,33,114,11.0000,38.0000
3420,300,153,33,114,11.0000,38.0000
3421,298,156,30,112,10.0671,37.5839
3422,298,159,29,110,9.7315,36.9128
3423,301,162,32,107,10.6312,35.5482
3424,301,160,34,107,11.2957,35.5482
3425,300,162,34,104,11.3333,34.6667
3426,300,165,37,98,12.3333,32.6667
3427,300,159,42,99,14.0000,33.0000
3428,300,164,41,95,13.6667,31.6667
3429,300,160,45,95,15.0000,31.6667
3430,300,165,44,91,14.6667,30.3333
3431,300,163,47,90,15.6667,30.0000
3432,300,160,50,90,16.6667,30.0000
3433,300,158,49,93,16.3333,31.0000
3434,300,156,53,91,17.6667,30.3333
3435,299,152,56,91,18.7291,30.4348
3436,300,151,60,89,20.0000,29.6667
3437,299,141,70,88,23.4114,29.4314
3438,302,143,71,88,23.5099,29.1391
3439,302,142,73,87,24.1722,28.8079
3440,302,139,78,85,25.8278,28.1457
3441,301,139,80,82,26.5781,27.2425
3442,300,139,82,79,27.3333,26.3333
3443,298,137,81,80,27.1812,26.8456
3444,298,136,84,78,28.1879,26.1745
3445,303,135,91,77,30.0330,25.4125
3446,303,129,99,75,32.6733,24.7525
3447,300,125,100,75,33.3333,25.0000
3448,300,119,103,78,34.3333,26.0000
3449,300,116,103,81,34.3333,27.0000
3450,300,112,106,82,35.3333,27.3333
3451,300,110,109,81,36.3333,27.0000
3452,300,108,109,83,36.3333,27.6667
3453,297,105,108,84,36.3636,28.2828
3454,297,105,107,85,36.0269,28.6195
3455,299,100,112,87,37.4582,29.0970
3456,299,98,112,89,37.4582,29.7659
3457,294,97,104,93,35.3741,31.6327
3458,293,97,101,95,34.4710,32.4232
3459,293,93,103,97,35.1536,33.1058
3460,294,93,102,99,34.6939,33.6735
3461,298,94,99,105,33.2215,35.2349
3462,299,91,104,104,34.7826,34.7826
3463,300,90,106,104,35.3333,34.6667
3464,297,90,104,103,35.0168,34.6801
3465,295,89,100,106,33.8983,35.9322
3466,295,87,96,112,32.5424,37.9661
3467,295,91,88,116,29.8305,39.3220
3468,295,90,85,120,28.8136,40.6780
3469,297,92,83,122,27.9461,41.0774
3470,298,96,82,120,27.5168,40.2685
3471,296,96,79,121,26.6892,40.8784
3472,296,94,79,123,26.6892,41.5541
3473,295,92,78,125,26.4407,42.3729
3474,295,94,76,125,25.7627,42.3729
3475,295,89,79,127,26.7797,43.0508
3476,292,85,77,130,26.3699,44.5205
3477,293,87,72,134,24.5734,45.7338
3478,298,91,72,135,24.1611,45.3020
3479,302,89,75,138,24.8344,45.6954
3480,302,86,79,137,26.1589,45.3642
3481,302,87,77,138,25.4967,45.6954
3482,299,83,77,139,25.7525,46.4883
3483,301,89,69,143,22.9236,47.5083
3484,300,89,69,142,23.0000,47.3333
3485,299,90,67,142,22.4080,47.4916
3486,297,86,68,143,22.8956,48.1481
3487,301,89,68,144,22.5914,47.8405
3488,301,88,71,142,23.5880,47.1761
3489,300,86,68,146,22.6667,48.6667
3490,299,85,67,147,22.4080,49.1639
3491,299,85,63,151,21.0702,50.5017
3492,301,82,65,154,21.5947,51.1628
3493,299,82,61,156,20.4013,52.1739
3494,302,84,61,157,20.1987,51.9868
3495,301,85,59,157,19.6013,52.1595
3496,300,85,53,162,17.6667,54.0000
3497,298,86,52,160,17.4497,53.6913
3498,298,84,53,161,17.7852,54.0268
3499,300,89,52,159,17.3333,53.0000
3500,299,90,47,162,15.7191,54.1806
3501,300,93,45,162,15.0000,54.0000
3502,299,92,44,163,14.7157,54.5151
3503,303,96,46,161,15.1815,53.1353
3504,303,95,50,158,16.5017,52.1452
3505,301,94,49,158,16.2791,52.4917
3506,301,92,50,159,16.6113,52.8239
3507,300,91,52,157,17.3333,52.3333
3508,300,95,52,153,17.3333,51.0000
3509,299,100,50,149,16.7224,49.8328
3510,301,105,48,148,15.9468,49.1694
3511,301,106,49,146,16.2791,48.5050
3512,301,102,51,148,16.9435,49.1694
3513,300,105,53,142,17.6667,47.3333
3514,300,104,54,142,18.0000,47.3333
3515,300,103,55,142,18.3333,47.3333
3516,299,101,58,140,19.3980,46.8227
3517,300,101,62,137,20.6667,45.6667
3518,300,105,63,132,21.0000,44.0000
3519,300,107,64,129,21.3333,43.0000
3520,300,109,65,126,21.6667,42.0000
3521,300,111,65,124,21.6667,41.3333
3522,299,109,64,126,21.4047,42.1405
3523,299,108,67,124,22.4080,41.4716
3524,300,112,64,124,21.3333,41.3333
3525,299,114,62,123,20.7358,41.1371
3526,304,119,59,126,19.4079,41.4474
3527,302,121,56,125,18.5430,41.3907
3528,302,118,61,123,20.1987,40.7285
3529,302,121,61,120,20.1987,39.7351
3530,301,116,65,120,21.5947,39.8671
3531,301,119,66,116,21.9269,38.5382
3532,301,117,67,117,22.2591,38.8704
3533,300,118,64,118,21.3333,39.3333
3534,300,113,67,120,22.3333,40.0000
3535,298,116,66,116,22.1477,38.9262
3536,299,113,68,118,22.7425,39.4649
3537,299,118,64,117,21.4047,39.1304
3538,301,118,63,120,20.9302,39.8671
3539,301,115,64,122,21.2625,40.5316
3540,300,113,62,125,20.6667,41.6667
3541,299,115,63,121,21.0702,40.4682
3542,297,113,63,121,21.2121,40.7407
3543,298,116,62,120,20.8054,40.2685
3544,300,116,66,118,22.0000,39.3333
3545,300,115,69,116,23.0000,38.6667
3546,300,115,69,116,23.0000,38.6667
3547,299,114,71,114,23.7458,38.1271
3548,299,120,71,108,23.7458,36.1204
3549,297,115,73,109,24.5791,36.7003
3550,298,115,72,111,24.1611,37.2483
3551,302,120,70,112,23.1788,37.0861
3552,302,122,71,109,23.5099,36.0927
3553,302,124,69,109,22.8477,36.0927
3554,302,121,72,109,23.8411,36.0927
3555,302,115,75,112,24.8344,37.0861
3556,300,113,72,115,24.0000,38.3333
3557,299,110,74,115,24.7492,38.4615
3558,300,111,75,114,25.0000,38.0000
3559,300,110,75,115,25.0000,38.3333
3560,299,109,74,116,24.7492,38.7960
3561,301,110,74,117,24.5847,38.8704
3562,300,111,74,115,24.6667,38.3333
3563,298,109,72,117,24.1611,39.2617
3564,301,115,69,117,22.9236,38.8704
3565,297,108,68,121,22.8956,40.7407
3566,299,102,77,120,25.7525,40.1338
3567,302,102,81,119,26.8212,39.4040
3568,300,101,78,121,26.0000,40.3333
3569,298,102,75,121,25.1678,40.6040
3570,297,99,75,123,25.2525,41.4141
3571,299,99,77,123,25.7525,41.1371
3572,299,96,80,123,26.7559,41.1371
3573,299,94,81,124,27.0903,41.4716
3574,300,97,81,122,27.0000,40.6667
3575,297,97,74,126,24.9158,42.4242
3576,299,101,73,125,24.4147,41.8060
3577,299,102,71,126,23.7458,42.1405
3578,303,110,68,125,22.4422,41.2541
3579,301,106,71,124,23.5880,41.1960
3580,300,101,75,124,25.0000,41.3333
3581,300,100,77,123,25.6667,41.0000
3582,300,97,78,125,26.0000,41.6667
3583,300,93,82,125,27.3333,41.6667
3584,300,90,85,125,28.3333,41.6667
3585,300,90,84,126,28.0000,42.0000
3586,297,89,82,126,27.6094,42.4242
3587,299,89,77,133,25.7525,44.4816
3588,302,93,75,134,24.8344,44.3709
3589,302,93,78,131,25.8278,43.3775
3590,302,96,77,129,25.4967,42.7152
3591,301,95,75,131,24.9169,43.5216
3592,300,94,73,133,24.3333,44.3333
3593,298,90,70,138,23.4899,46.3087
3594,298,92,69,137,23.1544,45.9732
3595,304,101,67,136,22.0395,44.7368
3596,303,101,68,134,22.4422,44.2244
3597,303,102,65,136,21.4521,44.8845
3598,302,101,66,135,21.8543,44.7020
3599,302,97,70,135,23.1788,44.7020
3600,299,98,62,139,20.7358,46.4883
3601,301,99,60,142,19.9336,47.1761
3602,301,97,62,142,20.5980,47.1761
3603,301,98,59,144,19.6013,47.8405
3604,300,98,57,145,19.0000,48.3333
3605,298,101,53,144,17.7852,48.3221
3606,298,105,49,144,16.4430,48.3221
3607,300,111,45,144,15.0000,48.0000
3608,299,113,45,141,15.0502,47.1572
3609,301,116,44,141,14.6179,46.8439
3610,301,116,45,140,14.9502,46.5116
3611,300,117,42,141,14.0000,47.0000
3612,299,118,39,142,13.0435,47.4916
3613,302,122,38,142,12.5828,47.0199
3614,302,122,35,145,11.5894,48.0132
3615,302,123,35,144,11.5894,47.6821
3616,302,127,34,141,11.2583,46.6887
3617,302,129,36,137,11.9205,45.3642
3618,302,128,36,138,11.9205,45.6954
3619,301,129,33,139,10.9635,46.1794
3620,300,130,33,137,11.0000,45.6667
3621,300,128,35,137,11.6667,45.6667
3622,298,131,30,137,10.0671,45.9732
3623,300,134,27,139,9.0000,46.3333
3624,300,135,26,139,8.6667,46.3333
3625,300,135,27,138,9.0000,46.0000
3626,300,136,28,136,9.3333,45.3333
3627,300,139,28,133,9.3333,44.3333
3628,299,140,29,130,9.6990,43.4783
3629,303,143,32,128,10.5611,42.2442
3630,303,145,32,126,10.5611,41.5842
3631,303,145,30,128,9.9010,42.2442
3632,303,145,32,126,10.5611,41.5842
3633,303,143,32,128,10.5611,42.2442
3634,303,146,32,125,10.5611,41.2541
3635,302,144,33,125,10.9272,41.3907
3636,302,144,35,123,11.5894,40.7285
3637,302,149,35,118,11.5894,39.0728
3638,302,151,35,116,11.5894,38.4106
3639,302,158,35,109,11.5894,36.0927
3640,302,161,34,107,11.2583,35.4305
3641,300,158,33,109,11.0000,36.3333
3642,300,159,34,107,11.3333,35.6667
3643,299,160,37,102,12.3746,34.1137
3644,302,168,37,97,12.2517,32.1192
3645,302,170,40,92,13.2450,30.4636
3646,299,168,40,91,13.3779,30.4348
3647,303,170,42,91,13.8614,30.0330
3648,303,167,44,92,14.5215,30.3630
3649,302,168,40,94,13.2450,31.1258
3650,302,165,42,95,13.9073,31.4570
3651,302,160,47,95,15.5629,31.4570
3652,301,160,50,91,16.6113,30.2326
3653,301,163,49,89,16.2791,29.5681
3654,301,157,57,87,18.9369,28.9037
3655,301,155,62,84,20.5980,27.9070
3656,300,155,64,81,21.3333,27.0000
3657,300,155,67,78,22.3333,26.0000
3658,297,157,66,74,22.2222,24.9158
3659,298,157,69,72,23.1544,24.1611
3660,299,154,74,71,24.7492,23.7458
3661,300,152,79,69,26.3333,23.0000
3662,300,145,85,70,28.3333,23.3333
3663,300,144,86,70,28.6667,23.3333
3664,299,145,86,68,28.7625,22.7425
3665,302,146,89,67,29.4702,22.1854
3666,301,145,90,66,29.9003,21.9269
3667,300,137,94,69,31.3333,23.0000
3668,300,133,96,71,32.0000,23.6667
3669,300,132,96,72,32.0000,24.0000
3670,299,122,105,72,35.1171,24.0803
3671,300,116,112,72,37.3333,24.0000
3672,296,109,113,74,38.1757,25.0000
3673,299,109,115,75,38.4615,25.0836
3674,300,110,117,73,39.0000,24.3333
3675,298,107,113,78,37.9195,26.1745
3676,297,106,111,80,37.3737,26.9360
3677,297,105,111,81,37.3737,27.2727
3678,297,101,113,83,38.0471,27.9461
3679,301,103,115,83,38.2060,27.5748
3680,300,99,114,87,38.0000,29.0000
3681,297,98,108,91,36.3636,30.6397
3682,297,99,104,94,35.0168,31.6498
3683,295,97,102,96,34.5763,32.5424
3684,294,92,105,97,35.7143,32.9932
3685,295,92,108,95,36.6102,32.2034
3686,298,92,104,102,34.8993,34.2282
3687,300,91,103,106,34.3333,35.3333
3688,300,84,103,113,34.3333,37.6667
3689,298,82,101,115,33.8926,38.5906
3690,299,77,104,118,34.7826,39.4649
3691,298,73,100,125,33.5570,41.9463
3692,298,74,94,130,31.5436,43.6242
3693,300,76,92,132,30.6667,44.0000
3694,300,72,91,137,30.3333,45.6667
3695,297,69,89,139,29.9663,46.8013
3696,297,67,86,144,28.9562,48.4848
3697,298,63,89,146,29.8658,48.9933
3698,297,61,89,147,29.9663,49.4949
3699,300,66,87,147,29.0000,49.0000
3700,299,64,86,149,28.7625,49.8328
3701,301,69,86,146,28.5714,48.5050
3702,301,69,85,147,28.2392,48.8372
3703,300,64,86,150,28.6667,50.0000
3704,298,62,82,154,27.5168,51.6779
3705,299,66,77,156,25.7525,52.1739
3706,302,67,78,157,25.8278,51.9868
3707,300,66,78,156,26.0000,52.0000
3708,298,61,80,157,26.8456,52.6846
3709,298,60,77,161,25.8389,54.0268
3710,299,60,73,166,24.4147,55.5184
3711,298,53,74,171,24.8322,57.3826
3712,300,54,70,176,23.3333,58.6667
3713,298,51,70,177,23.4899,59.3960
3714,303,56,67,180,22.1122,59.4059
3715,302,58,65,179,21.5232,59.2715
3716,302,56,65,181,21.5232,59.9338
3717,301,57,61,183,20.2658,60.7973
3718,299,58,57,184,19.0635,61.5385
3719,301,63,58,180,19.2691,59.8007
3720,301,64,56,181,18.6047,60.1329
3721,301,66,55,180,18.2724,59.8007
3722,301,63,55,183,18.2724,60.7973
3723,301,63,53,185,17.6080,61.4618
3724,300,65,51,184,17.0000,61.3333
3725,300,66,51,183,17.0000,61.0000
3726,300,65,51,184,17.0000,61.3333
3727,300,73,50,177,16.6667,59.0000
3728,296,75,46,175,15.5405,59.1216
3729,297,80,43,174,14.4781,58.5859
3730,298,83,41,174,13.7584,58.3893
3731,298,82,41,175,13.7584,58.7248
3732,302,88,36,178,11.9205,58.9404
3733,301,93,33,175,10.9635,58.1395
3734,299,96,31,172,10.3679,57.5251
3735,303,103,33,167,10.8911,55.1155
3736,303,102,34,167,11.2211,55.1155
3737,301,101,33,167,10.9635,55.4817
3738,301,107,32,162,10.6312,53.8206
3739,301,109,34,158,11.2957,52.4917
3740,300,115,31,154,10.3333,51.3333
3741,300,114,35,151,11.6667,50.3333
3742,300,117,35,148,11.6667,49.3333
3743,299,121,35,143,11.7057,47.8261
3744,299,127,36,136,12.0401,45.4849
3745,302,131,37,134,12.2517,44.3709
3746,302,135,37,130,12.2517,43.0464
3747,302,136,35,131,11.5894,43.3775
3748,300,139,35,126,11.6667,42.0000
3749,300,139,37,124,12.3333,41.3333
3750,299,139,37,123,12.3746,41.1371
3751,300,140,39,121,13.0000,40.3333
3752,299,143,37,119,12.3746,39.7993
3753,301,147,36,118,11.9601,39.2027
3754,301,146,37,118,12.2924,39.2027
3755,301,147,38,116,12.6246,38.5382
3756,300,149,40,111,13.3333,37.0000
3757,299,151,40,108,13.3779,36.1204
3758,302,153,42,107,13.9073,35.4305
3759,301,152,43,106,14.2857,35.2159
3760,301,152,43,106,14.2857,35.2159
3761,300,155,42,103,14.0000,34.3333
3762,299,157,42,100,14.0468,33.4448
3763,302,166,40,96,13.2450,31.7881
3764,302,168,39,95,12.9139,31.4570
3765,302,164,42,96,13.9073,31.7881
3766,302,167,41,94,13.5762,31.1258
3767,301,163,46,92,15.2824,30.5648
3768,301,165,46,90,15.2824,29.9003
3769,300,166,46,88,15.3333,29.3333
3770,300,161,54,85,18.0000,28.3333
3771,299,156,57,86,19.0635,28.7625
3772,301,160,58,83,19.2691,27.5748
3773,301,156,63,82,20.9302,27.2425
3774,301,150,72,79,23.9203,26.2458
3775,301,149,73,79,24.2525,26.2458
3776,300,143,78,79,26.0000,26.3333
3777,300,137,85,78,28.3333,26.0000
3778,298,134,85,79,28.5235,26.5101
3779,299,135,86,78,28.7625,26.0870
3780,300,135,87,78,29.0000,26.0000
3781,300,134,89,77,29.6667,25.6667
3782,300,132,91,77,30.3333,25.6667
3783,300,128,95,77,31.6667,25.6667
3784,300,128,101,71,33.6667,23.6667
3785,298,126,99,73,33.2215,24.4966
3786,299,123,103,73,34.4482,24.4147
3787,302,119,108,75,35.7616,24.8344
3788,301,112,112,77,37.2093,25.5814
3789,300,104,120,76,40.0000,25.3333
3790,299,102,118,79,39.4649,26.4214
3791,299,95,119,85,39.7993,28.4281
3792,301,99,118,84,39.2027,27.9070
3793,300,96,117,87,39.0000,29.0000
3794,297,96,112,89,37.7104,29.9663
3795,295,97,108,90,36.6102,30.5085
3796,295,92,106,97,35.9322,32.8814
3797,298,94,105,99,35.2349,33.2215
3798,296,88,103,105,34.7973,35.4730
3799,296,86,106,104,35.8108,35.1351
3800,298,84,108,106,36.2416,35.5705
3801,301,87,105,109,34.8837,36.2126
3802,301,78,114,109,37.8738,36.2126
3803,299,76,108,115,36.1204,38.4615
3804,302,78,105,119,34.7682,39.4040
3805,302,75,103,124,34.1060,41.0596
3806,301,72,105,124,34.8837,41.1960
3807,301,72,97,132,32.2259,43.8538
3808,299,70,91,138,30.4348,46.1538
3809,300,72,85,143,28.3333,47.6667
3810,299,70,81,148,27.0903,49.4983
3811,302,74,74,154,24.5033,50.9934
3812,301,72,74,155,24.5847,51.4950
3813,301,72,74,155,24.5847,51.4950
3814,299,71,72,156,24.0803,52.1739
3815,302,75,70,157,23.1788,51.9868
3816,301,77,69,155,22.9236,51.4950
3817,299,77,66,156,22.0736,52.1739
3818,302,82,64,156,21.1921,51.6556
3819,301,82,57,162,18.9369,53.8206
3820,300,83,52,165,17.3333,55.0000
3821,297,83,49,165,16.4983,55.5556
3822,297,82,47,168,15.8249,56.5657
3823,298,82,44,172,14.7651,57.7181
3824,299,83,44,172,14.7157,57.5251
3825,300,83,43,174,14.3333,58.0000
3826,298,83,39,176,13.0872,59.0604
3827,301,88,41,172,13.6213,57.1429
3828,301,87,41,173,13.6213,57.4751
3829,301,84,43,174,14.2857,57.8073
3830,300,86,41,173,13.6667,57.6667
3831,300,86,41,173,13.6667,57.6667
3832,298,86,39,173,13.0872,58.0537
3833,301,87,42,172,13.9535,57.1429
3834,301,87,41,173,13.6213,57.4751
3835,301,89,39,173,12.9568,57.4751
3836,301,89,39,173,12.9568,57.4751
3837,301,92,39,170,12.9568,56.4784
3838,300,90,40,170,13.3333,56.6667
3839,300,91,40,169,13.3333,56.3333
3840,300,94,40,166,13.3333,55.3333
3841,300,93,40,167,13.3333,55.6667
3842,299,98,38,163,12.7090,54.5151
3843,303,107,34,162,11.2211,53.4653
3844,303,107,35,161,11.5512,53.1353
3845,301,110,31,160,10.2990,53.1561
3846,301,109,36,156,11.9601,51.8272
3847,301,108,40,153,13.2890,50.8306
3848,301,114,37,150,12.2924,49.8339
3849,300,118,35,147,11.6667,49.0000
3850,299,124,32,143,10.7023,47.8261
3851,303,129,33,141,10.8911,46.5347
3852,302,128,35,139,11.5894,46.0265
3853,300,128,36,136,12.0000,45.3333
3854,298,126,34,138,11.4094,46.3087
3855,299,132,33,134,11.0368,44.8161
3856,301,137,34,130,11.2957,43.1894
3857,301,143,33,125,10.9635,41.5282
3858,301,141,33,127,10.9635,42.1927
3859,301,146,37,118,12.2924,39.2027
3860,301,150,39,112,12.9568,37.2093
3861,301,150,44,107,14.6179,35.5482
3862,301,152,48,101,15.9468,33.5548
3863,301,155,50,96,16.6113,31.8937
3864,301,157,50,94,16.6113,31.2292
3865,301,154,53,94,17.6080,31.2292
3866,299,155,51,93,17.0569,31.1037
3867,301,160,48,93,15.9468,30.8970
3868,301,155,53,93,17.6080,30.8970
3869,300,155,55,90,18.3333,30.0000
3870,300,156,57,87,19.0000,29.0000
3871,300,156,62,82,20.6667,27.3333
3872,300,155,65,80,21.6667,26.6667
3873,298,149,70,79,23.4899,26.5101
3874,299,145,75,79,25.0836,26.4214
3875,301,148,78,75,25.9136,24.9169
3876,301,145,79,77,26.2458,25.5814
3877,301,145,81,75,26.9103,24.9169
3878,298,143,83,72,27.8523,24.1611
3879,297,141,84,72,28.2828,24.2424
3880,295,137,86,72,29.1525,24.4068
3881,297,134,89,74,29.9663,24.9158
3882,299,129,95,75,31.7726,25.0836
3883,299,126,96,77,32.1070,25.7525
3884,302,127,98,77,32.4503,25.4967
3885,302,118,104,80,34.4371,26.4901
3886,302,118,104,80,34.4371,26.4901
3887,302,114,110,78,36.4238,25.8278
3888,301,112,110,79,36.5449,26.2458
3889,299,104,113,82,37.7926,27.4247
3890,300,102,116,82,38.6667,27.3333
3891,298,95,120,83,40.2685,27.8523
3892,298,91,119,88,39.9329,29.5302
3893,299,86,122,91,40.8027,30.4348
3894,299,85,116,98,38.7960,32.7759
3895,300,86,117,97,39.0000,32.3333
3896,298,84,116,98,38.9262,32.8859
3897,296,79,120,97,40.5405,32.7703
3898,297,80,118,99,39.7306,33.3333
3899,298,80,118,100,39.5973,33.5570
3900,297,81,119,97,40.0673,32.6599
3901,293,80,111,102,37.8840,34.8123
3902,294,82,105,107,35.7143,36.3946
3903,294,73,108,113,36.7347,38.4354
3904,293,72,105,116,35.8362,39.5904
3905,291,72,102,117,35.0515,40.2062
3906,291,73,98,120,33.6770,41.2371
3907,289,74,95,120,32.8720,41.5225
3908,290,74,93,123,32.0690,42.4138
3909,291,77,88,126,30.2405,43.2990
3910,290,80,81,129,27.9310,44.4828
3911,290,76,80,134,27.5862,46.2069
3912,289,77,74,138,25.6055,47.7509
3913,290,78,68,144,23.4483,49.6552
3914,291,79,67,145,23.0241,49.8282
3915,292,81,61,150,20.8904,51.3699
3916,294,82,61,151,20.7483,51.3605
3917,297,82,62,153,20.8754,51.5152
3918,298,83,59,156,19.7987,52.3490
3919,300,86,60,154,20.0000,51.3333
3920,299,84,60,155,20.0669,51.8395
3921,302,83,60,159,19.8675,52.6490
3922,301,79,62,160,20.5980,53.1561
3923,299,79,54,166,18.0602,55.5184
3924,300,80,52,168,17.3333,56.0000
3925,298,79,51,168,17.1141,56.3758
3926,297,80,51,166,17.1717,55.8923
3927,298,80,51,167,17.1141,56.0403
3928,303,87,52,164,17.1617,54.1254
3929,303,86,50,167,16.5017,55.1155
3930,303,84,52,167,17.1617,55.1155
3931,301,82,49,170,16.2791,56.4784
3932,301,82,49,170,16.2791,56.4784
3933,301,82,52,167,17.2757,55.4817
3934,299,83,50,166,16.7224,55.5184
3935,304,90,51,163,16.7763,53.6184
3936,304,92,48,164,15.7895,53.9474
3937,303,94,46,163,15.1815,53.7954
3938,301,95,43,163,14.2857,54.1528
3939,301,91,46,164,15.2824,54.4850
3940,301,91,45,165,14.9502,54.8173
3941,298,96,39,163,13.0872,54.6980
3942,300,96,39,165,13.0000,55.0000
3943,299,96,38,165,12.7090,55.1839
3944,300,100,39,161,13.0000,53.6667
3945,300,103,38,159,12.6667,53.0000
3946,300,107,40,153,13.3333,51.0000
3947,299,110,38,151,12.7090,50.5017
3948,302,115,38,149,12.5828,49.3377
3949,302,112,41,149,13.5762,49.3377
3950,300,111,41,148,13.6667,49.3333
3951,300,112,40,148,13.3333,49.3333
3952,300,111,40,149,13.3333,49.6667
3953,299,116,37,146,12.3746,48.8294
3954,304,126,39,139,12.8289,45.7237
3955,304,131,38,135,12.5000,44.4079
3956,304,134,37,133,12.1711,43.7500
3957,304,133,38,133,12.5000,43.7500
3958,304,136,40,128,13.1579,42.1053
3959,303,136,36,131,11.8812,43.2343
3960,303,138,38,127,12.5413,41.9142
3961,302,141,37,124,12.2517,41.0596
3962,302,145,40,117,13.2450,38.7417
3963,299,145,40,114,13.3779,38.1271
3964,300,149,41,110,13.6667,36.6667
3965,298,155,40,103,13.4228,34.5638
3966,301,157,42,102,13.9535,33.8870
3967,301,159,41,101,13.6213,33.5548
3968,301,157,45,99,14.9502,32.8904
3969,301,156,49,96,16.2791,31.8937
3970,299,157,47,95,15.7191,31.7726
3971,302,157,50,95,16.5563,31.4570
3972,302,152,56,94,18.5430,31.1258
3973,302,153,58,91,19.2053,30.1325
3974,301,152,57,92,18.9369,30.5648
3975,301,158,56,87,18.6047,28.9037
3976,301,158,60,83,19.9336,27.5748
3977,301,151,68,82,22.5914,27.2425
3978,299,146,71,82,23.7458,27.4247
3979,300,145,73,82,24.3333,27.3333
3980,299,140,76,83,25.4181,27.7592
3981,300,141,77,82,25.6667,27.3333
3982,300,134,82,84,27.3333,28.0000
3983,299,131,83,85,27.7592,28.4281
3984,299,133,83,83,27.7592,27.7592
3985,300,134,83,83,27.6667,27.6667
3986,300,127,91,82,30.3333,27.3333
3987,300,124,90,86,30.0000,28.6667
3988,300,125,90,85,30.0000,28.3333
3989,298,125,88,85,29.5302,28.5235
3990,296,121,89,86,30.0676,29.0541
3991,298,118,92,88,30.8725,29.5302
3992,299,117,93,89,31.1037,29.7659
3993,301,118,90,93,29.9003,30.8970
3994,300,114,95,91,31.6667,30.3333
3995,299,112,98,89,32.7759,29.7659
3996,300,108,102,90,34.0000,30.0000
3997,298,105,101,92,33.8926,30.8725
3998,300,108,97,95,32.3333,31.6667
3999,299,104,97,98,32.4415,32.7759
4000,302,97,103,102,34.1060,33.7748
4001,301,94,103,104,34.2193,34.5515
4002,300,89,105,106,35.0000,35.3333
4003,300,87,101,112,33.6667,37.3333
4004,298,88,99,111,33.2215,37.2483
4005,299,91,98,110,32.7759,36.7893
4006,300,88,98,114,32.6667,38.0000
4007,300,87,95,118,31.6667,39.3333
4008,300,87,94,119,31.3333,39.6667
4009,299,85,96,118,32.1070,39.4649
4010,298,82,94,122,31.5436,40.9396
4011,298,84,92,122,30.8725,40.9396
4012,297,81,89,127,29.9663,42.7609
4013,297,83,86,128,28.9562,43.0976
4014,298,80,85,133,28.5235,44.6309
4015,303,82,86,135,28.3828,44.5545
4016,300,82,79,139,26.3333,46.3333
4017,300,77,83,140,27.6667,46.6667
4018,300,76,78,146,26.0000,48.6667
4019,300,78,77,145,25.6667,48.3333
4020,298,76,69,153,23.1544,51.3423
4021,297,75,63,159,21.2121,53.5354
4022,300,82,59,159,19.6667,53.0000
4023,299,81,57,161,19.0635,53.8462
4024,300,82,57,161,19.0000,53.6667
4025,300,81,57,162,19.0000,54.0000
4026,300,81,57,162,19.0000,54.0000
4027,297,80,55,162,18.5185,54.5455
4028,296,79,54,163,18.2432,55.0676
4029,300,84,52,164,17.3333,54.6667
4030,299,82,51,166,17.0569,55.5184
4031,300,84,48,168,16.0000,56.0000
4032,300,85,47,168,15.6667,56.0000
4033,299,87,45,167,15.0502,55.8528
4034,302,88,44,170,14.5695,56.2914
4035,300,91,39,170,13.0000,56.6667
4036,300,92,37,171,12.3333,57.0000
4037,300,91,36,173,12.0000,57.6667
4038,300,92,34,174,11.3333,58.0000
4039,300,94,32,174,10.6667,58.0000
4040,300,95,33,172,11.0000,57.3333
4041,299,97,30,172,10.0334,57.5251
4042,300,98,33,169,11.0000,56.3333
4043,300,99,35,166,11.6667,55.3333
4044,299,103,32,164,10.7023,54.8495
4045,300,110,31,159,10.3333,53.0000
4046,299,108,31,160,10.3679,53.5117
4047,303,109,34,160,11.2211,52.8053
4048,302,109,33,160,10.9272,52.9801
4049,302,113,32,157,10.5960,51.9868
4050,301,114,34,153,11.2957,50.8306
4051,301,117,34,150,11.2957,49.8339
4052,301,120,34,147,11.2957,48.8372
4053,301,121,36,144,11.9601,47.8405
4054,301,123,34,144,11.2957,47.8405
4055,301,130,32,139,10.6312,46.1794
4056,301,131,32,138,10.6312,45.8472
4057,300,131,33,136,11.0000,45.3333
4058,300,136,32,132,10.6667,44.0000
4059,299,139,33,127,11.0368,42.4749
4060,307,147,35,125,11.4007,40.7166
4061,306,144,37,125,12.0915,40.8497
4062,305,145,38,122,12.4590,40.0000
4063,303,148,37,118,12.2112,38.9439
4064,303,152,37,114,12.2112,37.6238
4065,302,153,37,112,12.2517,37.0861
4066,301,152,40,109,13.2890,36.2126
4067,301,153,42,106,13.9535,35.2159
4068,301,157,40,104,13.2890,34.5515
4069,300,157,39,104,13.0000,34.6667
4070,300,162,39,99,13.0000,33.0000
4071,300,164,38,98,12.6667,32.6667
4072,299,167,40,92,13.3779,30.7692
4073,302,172,44,86,14.5695,28.4768
4074,301,174,43,84,14.2857,27.9070
4075,301,168,52,81,17.2757,26.9103
4076,301,166,55,80,18.2724,26.5781
4077,301,162,60,79,19.9336,26.2458
4078,301,159,64,78,21.2625,25.9136
4079,301,159,66,76,21.9269,25.2492
4080,301,158,63,80,20.9302,26.5781
4081,300,153,68,79,22.6667,26.3333
4082,299,147,73,79,24.4147,26.4214
4083,302,149,76,77,25.1656,25.4967
4084,301,146,79,76,26.2458,25.2492
4085,301,144,82,75,27.2425,24.9169
4086,301,142,87,72,28.9037,23.9203
4087,298,141,84,73,28.1879,24.4966
4088,299,140,87,72,29.0970,24.0803
4089,300,136,95,69,31.6667,23.0000
4090,300,129,103,68,34.3333,22.6667
4091,300,128,107,65,35.6667,21.6667
4092,298,119,111,68,37.2483,22.8188
4093,299,116,116,67,38.7960,22.4080
4094,300,113,117,70,39.0000,23.3333
4095,298,104,121,73,40.6040,24.4966
4096,297,100,120,77,40.4040,25.9259
4097,299,101,122,76,40.8027,25.4181
4098,299,101,117,81,39.1304,27.0903
4099,301,94,126,81,41.8605,26.9103
4100,301,93,125,83,41.5282,27.5748
4101,299,91,126,82,42.1405,27.4247
4102,300,88,125,87,41.6667,29.0000
4103,298,88,118,92,39.5973,30.8725
4104,297,83,120,94,40.4040,31.6498
4105,296,79,121,96,40.8784,32.4324
4106,295,79,121,95,41.0169,32.2034
4107,297,84,117,96,39.3939,32.3232
4108,296,78,118,100,39.8649,33.7838
4109,295,76,115,104,38.9831,35.2542
4110,295,75,112,108,37.9661,36.6102
4111,296,74,109,113,36.8243,38.1757
4112,294,71,109,114,37.0748,38.7755
4113,298,75,97,126,32.5503,42.2819
4114,298,74,98,126,32.8859,42.2819
4115,296,69,92,135,31.0811,45.6081
4116,297,68,89,140,29.9663,47.1380
4117,295,66,85,144,28.8136,48.8136
4118,296,68,85,143,28.7162,48.3108
4119,294,66,81,147,27.5510,50.0000
4120,297,74,74,149,24.9158,50.1684
4121,297,73,73,151,24.5791,50.8418
4122,298,74,71,153,23.8255,51.3423
4123,297,74,70,153,23.5690,51.5152
4124,296,72,70,154,23.6486,52.0270
4125,299,74,65,160,21.7391,53.5117
4126,298,76,63,159,21.1409,53.3557
4127,302,76,64,162,21.1921,53.6424
4128,299,77,59,163,19.7324,54.5151
4129,300,76,56,168,18.6667,56.0000
4130,299,73,56,170,18.7291,56.8562
4131,299,74,53,172,17.7258,57.5251
4132,301,79,53,169,17.6080,56.1462
4133,301,78,50,173,16.6113,57.4751
4134,301,80,49,172,16.2791,57.1429
4135,301,81,45,175,14.9502,58.1395
4136,300,81,39,180,13.0000,60.0000
4137,300,79,40,181,13.3333,60.3333
4138,300,81,39,180,13.0000,60.0000
4139,299,85,36,178,12.0401,59.5318
4140,300,84,39,177,13.0000,59.0000
4141,300,81,41,178,13.6667,59.3333
4142,299,82,38,179,12.7090,59.8662
4143,303,87,34,182,11.2211,60.0660
4144,300,87,34,179,11.3333,59.6667
4145,300,88,31,181,10.3333,60.3333
4146,300,91,31,178,10.3333,59.3333
4147,298,92,30,176,10.0671,59.0604
4148,299,97,30,172,10.0334,57.5251
4149,303,100,30,173,9.9010,57.0957
4150,303,106,30,167,9.9010,55.1155
4151,303,105,27,171,8.9109,56.4356
4152,303,107,28,168,9.2409,55.4455
4153,302,107,25,170,8.2781,56.2914
4154,301,111,26,164,8.6379,54.4850
4155,301,117,26,158,8.6379,52.4917
4156,301,120,26,155,8.6379,51.4950
4157,301,119,28,154,9.3023,51.1628
4158,301,121,27,153,8.9701,50.8306
4159,301,123,29,149,9.6346,49.5017
4160,300,126,26,148,8.6667,49.3333
4161,300,128,26,146,8.6667,48.6667
4162,300,132,26,142,8.6667,47.3333
4163,300,132,32,136,10.6667,45.3333
4164,300,130,33,137,11.0000,45.6667
4165,300,141,33,126,11.0000,42.0000
4166,300,141,34,125,11.3333,41.6667
4167,299,147,35,117,11.7057,39.1304
4168,300,153,34,113,11.3333,37.6667
4169,299,155,35,109,11.7057,36.4548
4170,300,155,37,108,12.3333,36.0000
4171,299,160,35,104,11.7057,34.7826
4172,302,167,36,99,11.9205,32.7815
4173,302,169,36,97,11.9205,32.1192
4174,302,171,35,96,11.5894,31.7881
4175,302,171,38,93,12.5828,30.7947
4176,302,173,38,91,12.5828,30.1325
4177,302,176,39,87,12.9139,28.8079
4178,301,173,42,86,13.9535,28.5714
4179,301,173,44,84,14.6179,27.9070
4180,300,172,45,83,15.0000,27.6667
4181,300,174,48,78,16.0000,26.0000
4182,300,173,50,77,16.6667,25.6667
4183,299,169,52,78,17.3913,26.0870
4184,301,172,50,79,16.6113,26.2458
4185,301,171,52,78,17.2757,25.9136
4186,301,168,56,77,18.6047,25.5814
4187,301,168,58,75,19.2691,24.9169
4188,300,170,59,71,19.6667,23.6667
4189,300,168,62,70,20.6667,23.3333
4190,298,164,65,69,21.8121,23.1544
4191,298,162,68,68,22.8188,22.8188
4192,304,163,72,69,23.6842,22.6974
4193,303,157,78,68,25.7426,22.4422
4194,303,152,84,67,27.7228,22.1122
4195,303,155,84,64,27.7228,21.1221
4196,302,154,82,66,27.1523,21.8543
4197,302,146,90,66,29.8013,21.8543
4198,302,147,85,70,28.1457,23.1788
4199,302,142,91,69,30.1325,22.8477
4200,301,135,95,71,31.5615,23.5880
4201,299,134,95,70,31.7726,23.4114
4202,300,133,95,72,31.6667,24.0000
4203,300,132,96,72,32.0000,24.0000
4204,300,126,98,76,32.6667,25.3333
4205,299,123,101,75,33.7793,25.0836
4206,300,121,98,81,32.6667,27.0000
4207,300,119,97,84,32.3333,28.0000
4208,299,114,100,85,33.4448,28.4281
4209,301,111,102,88,33.8870,29.2359
4210,301,107,102,92,33.8870,30.5648
4211,298,101,103,94,34.5638,31.5436
4212,294,99,103,92,35.0340,31.2925
4213,293,97,102,94,34.8123,32.0819
4214,293,98,98,97,33.4471,33.1058
4215,294,97,96,101,32.6531,34.3537
4216,296,98,98,100,33.1081,33.7838
4217,299,100,98,101,32.7759,33.7793
4218,299,98,94,107,31.4381,35.7860
4219,299,94,98,107,32.7759,35.7860
4220,298,96,92,110,30.8725,36.9128
4221,299,93,92,114,30.7692,38.1271
4222,299,89,91,119,30.4348,39.7993
4223,300,86,94,120,31.3333,40.0000
4224,298,82,92,124,30.8725,41.6107
4225,299,79,91,129,30.4348,43.1438
4226,300,77,94,129,31.3333,43.0000
4227,299,72,93,134,31.1037,44.8161
4228,300,71,92,137,30.6667,45.6667
4229,298,70,90,138,30.2013,46.3087
4230,297,70,83,144,27.9461,48.4848
4231,298,68,83,147,27.8523,49.3289
4232,299,69,82,148,27.4247,49.4983
4233,300,71,76,153,25.3333,51.0000
4234,300,71,78,151,26.0000,50.3333
4235,298,70,77,151,25.8389,50.6711
4236,300,72,78,150,26.0000,50.0000
4237,300,73,76,151,25.3333,50.3333
4238,300,70,79,151,26.3333,50.3333
4239,299,70,76,153,25.4181,51.1706
4240,301,71,74,156,24.5847,51.8272
4241,301,69,74,158,24.5847,52.4917
4242,299,64,73,162,24.4147,54.1806
4243,300,65,70,165,23.3333,55.0000
4244,299,61,69,169,23.0769,56.5217
4245,299,58,71,170,23.7458,56.8562
4246,298,57,67,174,22.4832,58.3893
4247,300,59,65,176,21.6667,58.6667
4248,299,59,61,179,20.4013,59.8662
4249,299,62,60,177,20.0669,59.1973
4250,302,70,59,173,19.5364,57.2848
4251,302,69,58,175,19.2053,57.9470
4252,301,73,53,175,17.6080,58.1395
4253,301,71,54,176,17.9402,58.4718
4254,301,73,52,176,17.2757,58.4718
4255,299,75,50,174,16.7224,58.1940
4256,298,80,47,171,15.7718,57.3826
4257,299,79,48,172,16.0535,57.5251
4258,301,85,50,166,16.6113,55.1495
4259,299,86,48,165,16.0535,55.1839
4260,298,86,46,166,15.4362,55.7047
4261,299,90,45,164,15.0502,54.8495
4262,307,99,43,165,14.0065,53.7459
4263,307,99,43,165,14.0065,53.7459
4264,307,98,42,167,13.6808,54.3974
4265,306,100,41,165,13.3987,53.9216
4266,306,103,37,166,12.0915,54.2484
4267,306,105,37,164,12.0915,53.5948
4268,306,105,35,166,11.4379,54.2484
4269,306,106,35,165,11.4379,53.9216
4270,306,111,36,159,11.7647,51.9608
4271,305,112,35,158,11.4754,51.8033
4272,305,116,36,153,11.8033,50.1639
4273,305,120,34,151,11.1475,49.5082
4274,304,125,32,147,10.5263,48.3553
4275,304,125,33,146,10.8553,48.0263
4276,304,127,33,144,10.8553,47.3684
4277,304,130,33,141,10.8553,46.3816
4278,304,129,33,142,10.8553,46.7105
4279,302,134,30,138,9.9338,45.6954
4280,302,135,32,135,10.5960,44.7020
4281,302,135,34,133,11.2583,44.0397
4282,302,140,33,129,10.9272,42.7152
4283,302,142,33,127,10.9272,42.0530
4284,301,141,34,126,11.2957,41.8605
4285,298,145,32,121,10.7383,40.6040
4286,301,145,35,121,11.6279,40.1993
4287,300,144,37,119,12.3333,39.6667
4288,300,143,39,118,13.0000,39.3333
4289,299,144,41,114,13.7124,38.1271
4290,303,148,41,114,13.5314,37.6238
4291,303,151,42,110,13.8614,36.3036
4292,303,150,46,107,15.1815,35.3135
4293,303,148,50,105,16.5017,34.6535
4294,303,146,56,101,18.4818,33.3333
4295,302,145,61,96,20.1987,31.7881
4296,301,147,62,92,20.5980,30.5648
4297,301,144,62,95,20.5980,31.5615
4298,301,140,70,91,23.2558,30.2326
4299,300,139,72,89,24.0000,29.6667
4300,300,139,76,85,25.3333,28.3333
4301,298,135,77,86,25.8389,28.8591
4302,301,137,78,86,25.9136,28.5714
4303,301,135,79,87,26.2458,28.9037
4304,301,132,84,85,27.9070,28.2392
4305,300,125,91,84,30.3333,28.0000
4306,298,122,94,82,31.5436,27.5168
4307,300,123,95,82,31.6667,27.3333
4308,300,119,98,83,32.6667,27.6667
4309,300,115,101,84,33.6667,28.0000
4310,300,106,109,85,36.3333,28.3333
4311,299,105,110,84,36.7893,28.0936
4312,300,103,112,85,37.3333,28.3333
4313,299,99,114,86,38.1271,28.7625
4314,301,101,115,85,38.2060,28.2392
4315,299,101,111,87,37.1237,29.0970
4316,303,106,108,89,35.6436,29.3729
4317,302,99,115,88,38.0795,29.1391
4318,299,100,111,88,37.1237,29.4314
4319,298,100,109,89,36.5772,29.8658
4320,301,105,106,90,35.2159,29.9003
4321,297,98,107,92,36.0269,30.9764
4322,302,99,111,92,36.7550,30.4636
4323,301,92,116,93,38.5382,30.8970
4324,300,85,116,99,38.6667,33.0000
4325,299,85,109,105,36.4548,35.1171
4326,301,85,107,109,35.5482,36.2126
4327,298,80,108,110,36.2416,36.9128
4328,297,78,107,112,36.0269,37.7104
4329,294,79,100,115,34.0136,39.1156
4330,295,78,100,117,33.8983,39.6610
4331,298,77,101,120,33.8926,40.2685
4332,297,76,96,125,32.3232,42.0875
4333,297,73,98,126,32.9966,42.4242
4334,295,73,93,129,31.5254,43.7288
4335,296,74,92,130,31.0811,43.9189
4336,300,79,90,131,30.0000,43.6667
4337,300,74,91,135,30.3333,45.0000
4338,295,74,85,136,28.8136,46.1017
4339,296,73,83,140,28.0405,47.2973
4340,297,71,85,141,28.6195,47.4747
4341,299,71,83,145,27.7592,48.4950
4342,300,75,77,148,25.6667,49.3333
4343,299,69,78,152,26.0870,50.8361
4344,301,73,72,156,23.9203,51.8272
4345,301,71,69,161,22.9236,53.4884
4346,300,68,70,162,23.3333,54.0000
4347,300,65,70,165,23.3333,55.0000
4348,298,63,66,169,22.1477,56.7114
4349,300,67,65,168,21.6667,56.0000
4350,300,66,64,170,21.3333,56.6667
4351,298,65,58,175,19.4631,58.7248
4352,298,64,57,177,19.1275,59.3960
4353,303,67,60,176,19.8020,58.0858
4354,303,65,58,180,19.1419,59.4059
4355,302,68,55,179,18.2119,59.2715
4356,300,68,54,178,18.0000,59.3333
4357,300,69,52,179,17.3333,59.6667
4358,298,69,49,180,16.4430,60.4027
4359,300,72,50,178,16.6667,59.3333
4360,300,72,46,182,15.3333,60.6667
4361,299,74,45,180,15.0502,60.2007
4362,302,77,44,181,14.5695,59.9338
4363,300,77,44,179,14.6667,59.6667
4364,297,78,41,178,13.8047,59.9327
4365,300,80,44,176,14.6667,58.6667
4366,298,83,44,171,14.7651,57.3826
4367,302,90,42,170,13.9073,56.2914
4368,302,94,41,167,13.5762,55.2980
4369,301,94,39,168,12.9568,55.8140
4370,299,97,38,164,12.7090,54.8495
4371,302,100,39,163,12.9139,53.9735
4372,302,102,40,160,13.2450,52.9801
4373,300,103,37,160,12.3333,53.3333
4374,300,100,38,162,12.6667,54.0000
4375,298,101,36,161,12.0805,54.0268
4376,302,107,39,156,12.9139,51.6556
4377,301,107,46,148,15.2824,49.1694
4378,301,112,46,143,15.2824,47.5083
4379,301,114,45,142,14.9502,47.1761
4380,301,115,46,140,15.2824,46.5116
4381,299,116,48,135,16.0535,45.1505
4382,301,122,49,130,16.2791,43.1894
4383,301,125,48,128,15.9468,42.5249
4384,301,130,47,124,15.6146,41.1960
4385,299,130,46,123,15.3846,41.1371
4386,302,137,43,122,14.2384,40.3974
4387,302,136,46,120,15.2318,39.7351
4388,302,136,47,119,15.5629,39.4040
4389,302,137,51,114,16.8874,37.7483
4390,302,134,54,114,17.8808,37.7483
4391,300,137,53,110,17.6667,36.6667
4392,299,135,53,111,17.7258,37.1237
4393,300,138,55,107,18.3333,35.6667
4394,299,136,58,105,19.3980,35.1171
4395,303,140,61,102,20.1320,33.6634
4396,302,141,62,99,20.5298,32.7815
4397,299,144,56,99,18.7291,33.1104
4398,300,144,57,99,19.0000,33.0000
4399,300,145,59,96,19.6667,32.0000
4400,300,148,59,93,19.6667,31.0000
4401,299,148,59,92,19.7324,30.7692
4402,299,150,58,91,19.3980,30.4348
4403,301,154,62,85,20.5980,28.2392
4404,300,151,66,83,22.0000,27.6667
4405,299,144,72,83,24.0803,27.7592
4406,301,142,80,79,26.5781,26.2458
4407,300,143,78,79,26.0000,26.3333
4408,299,140,79,80,26.4214,26.7559
4409,300,141,78,81,26.0000,27.0000
4410,298,133,83,82,27.8523,27.5168
4411,299,127,89,83,29.7659,27.7592
4412,300,131,89,80,29.6667,26.6667
4413,300,127,94,79,31.3333,26.3333
4414,298,124,93,81,31.2081,27.1812
4415,295,118,94,83,31.8644,28.1356
4416,293,119,93,81,31.7406,27.6451
4417,296,120,92,84,31.0811,28.3784
4418,297,121,91,85,30.6397,28.6195
4419,299,118,97,84,32.4415,28.0936
4420,298,114,100,84,33.5570,28.1879
4421,299,109,107,83,35.7860,27.7592
4422,299,109,107,83,35.7860,27.7592
4423,303,115,106,82,34.9835,27.0627
4424,301,108,109,84,36.2126,27.9070
4425,299,106,105,88,35.1171,29.4314
4426,296,103,102,91,34.4595,30.7432
4427,298,105,99,94,33.2215,31.5436
4428,298,103,99,96,33.2215,32.2148
4429,300,97,106,97,35.3333,32.3333
4430,299,93,103,103,34.4482,34.4482
4431,299,95,96,108,32.1070,36.1204
4432,298,94,95,109,31.8792,36.5772
4433,299,94,93,112,31.1037,37.4582
4434,302,90,95,117,31.4570,38.7417
4435,301,87,93,121,30.8970,40.1993
4436,301,86,94,121,31.2292,40.1993
4437,301,83,94,124,31.2292,41.1960
4438,300,84,96,120,32.0000,40.0000
4439,297,82,92,123,30.9764,41.4141
4440,298,79,89,130,29.8658,43.6242
4441,299,79,87,133,29.0970,44.4816
4442,301,78,87,136,28.9037,45.1827
4443,301,76,88,137,29.2359,45.5150
4444,301,77,87,137,28.9037,45.5150
4445,298,73,83,142,27.8523,47.6510
4446,301,77,79,145,26.2458,48.1728
4447,300,77,78,145,26.0000,48.3333
4448,300,76,81,143,27.0000,47.6667
4449,298,79,77,142,25.8389,47.6510
4450,300,79,72,149,24.0000,49.6667
4451,299,76,72,151,24.0803,50.5017
4452,301,81,69,151,22.9236,50.1661
4453,301,82,65,154,21.5947,51.1628
4454,301,82,63,156,20.9302,51.8272
4455,301,78,61,162,20.2658,53.8206
4456,301,75,61,165,20.2658,54.8173
4457,299,75,57,167,19.0635,55.8528
4458,301,77,56,168,18.6047,55.8140
4459,298,77,54,167,18.1208,56.0403
4460,300,77,56,167,18.6667,55.6667
4461,300,78,53,169,17.6667,56.3333
4462,300,78,49,173,16.3333,57.6667
4463,300,74,50,176,16.6667,58.6667
4464,299,77,49,173,16.3880,57.8595
4465,301,79,48,174,15.9468,57.8073
4466,300,81,48,171,16.0000,57.0000
4467,300,79,49,172,16.3333,57.3333
4468,300,78,47,175,15.6667,58.3333
4469,300,80,48,172,16.0000,57.3333
4470,298,78,47,173,15.7718,58.0537
4471,300,79,48,173,16.0000,57.6667
4472,300,79,48,173,16.0000,57.6667
4473,300,79,49,172,16.3333,57.3333
4474,299,79,48,172,16.0535,57.5251
4475,301,82,44,175,14.6179,58.1395
4476,299,85,41,173,13.7124,57.8595
4477,302,94,40,168,13.2450,55.6291
4478,302,98,41,163,13.5762,53.9735
4479,300,101,39,160,13.0000,53.3333
4480,300,99,43,158,14.3333,52.6667
4481,298,100,39,159,13.0872,53.3557
4482,298,105,38,155,12.7517,52.0134
4483,300,111,36,153,12.0000,51.0000
4484,300,113,33,154,11.0000,51.3333
4485,300,115,35,150,11.6667,50.0000
4486,300,120,33,147,11.0000,49.0000
4487,300,126,30,144,10.0000,48.0000
4488,300,128,28,144,9.3333,48.0000
4489,300,131,27,142,9.0000,47.3333
4490,298,131,24,143,8.0537,47.9866
4491,301,139,21,141,6.9767,46.8439
4492,301,146,20,135,6.6445,44.8505
4493,301,148,19,134,6.3123,44.5183
4494,300,149,21,130,7.0000,43.3333
4495,300,149,23,128,7.6667,42.6667
4496,300,151,24,125,8.0000,41.6667
4497,300,155,25,120,8.3333,40.0000
4498,300,158,24,118,8.0000,39.3333
4499,300,159,24,117,8.0000,39.0000
4500,299,155,24,120,8.0268,40.1338
4501,301,160,24,117,7.9734,38.8704
4502,301,166,25,110,8.3056,36.5449
4503,301,167,26,108,8.6379,35.8804
4504,301,168,24,109,7.9734,36.2126
4505,301,171,26,104,8.6379,34.5515
4506,300,172,27,101,9.0000,33.6667
4507,300,178,27,95,9.0000,31.6667
4508,300,178,31,91,10.3333,30.3333
4509,300,177,35,88,11.6667,29.3333
4510,300,175,38,87,12.6667,29.0000
4511,300,171,43,86,14.3333,28.6667
4512,300,169,47,84,15.6667,28.0000
4513,300,172,47,81,15.6667,27.0000
4514,299,171,54,74,18.0602,24.7492
4515,299,171,56,72,18.7291,24.0803
4516,300,170,59,71,19.6667,23.6667
4517,300,167,62,71,20.6667,23.6667
4518,299,163,66,70,22.0736,23.4114
4519,301,165,69,67,22.9236,22.2591
4520,299,163,71,65,23.7458,21.7391
4521,300,162,73,65,24.3333,21.6667
4522,299,157,78,64,26.0870,21.4047
4523,300,156,81,63,27.0000,21.0000
4524,299,154,84,61,28.0936,20.4013
4525,300,147,89,64,29.6667,21.3333
4526,300,146,90,64,30.0000,21.3333
4527,298,146,92,60,30.8725,20.1342
4528,298,139,99,60,33.2215,20.1342
4529,296,137,97,62,32.7703,20.9459
4530,301,135,102,64,33.8870,21.2625
4531,300,134,98,68,32.6667,22.6667
4532,298,130,98,70,32.8859,23.4899
4533,299,124,106,69,35.4515,23.0769
4534,301,122,108,71,35.8804,23.5880
4535,297,123,101,73,34.0067,24.5791
4536,298,120,107,71,35.9060,23.8255
4537,298,114,110,74,36.9128,24.8322
4538,297,115,107,75,36.0269,25.2525
4539,297,112,108,77,36.3636,25.9259
4540,297,110,108,79,36.3636,26.5993
4541,300,112,107,81,35.6667,27.0000
4542,300,109,105,86,35.0000,28.6667
4543,299,104,107,88,35.7860,29.4314
4544,299,102,108,89,36.1204,29.7659
4545,299,101,108,90,36.1204,30.1003
4546,299,98,104,97,34.7826,32.4415
4547,303,93,112,98,36.9637,32.3432
4548,303,87,110,106,36.3036,34.9835
4549,302,81,111,110,36.7550,36.4238
4550,301,79,111,111,36.8771,36.8771
4551,301,77,109,115,36.2126,38.2060
4552,301,76,110,115,36.5449,38.2060
4553,300,72,108,120,36.0000,40.0000
4554,297,70,102,125,34.3434,42.0875
4555,296,67,101,128,34.1216,43.2432
4556,296,71,96,129,32.4324,43.5811
4557,295,67,94,134,31.8644,45.4237
4558,296,66,90,140,30.4054,47.2973
4559,295,63,89,143,30.1695,48.4746
4560,295,63,86,146,29.1525,49.4915
4561,296,63,83,150,28.0405,50.6757
4562,298,65,79,154,26.5101,51.6779
4563,301,67,78,156,25.9136,51.8272
4564,298,64,72,162,24.1611,54.3624
4565,296,63,72,161,24.3243,54.3919
4566,300,63,74,163,24.6667,54.3333
4567,299,62,71,166,23.7458,55.5184
4568,304,67,63,174,20.7237,57.2368
4569,303,64,64,175,21.1221,57.7558
4570,299,62,58,179,19.3980,59.8662
4571,300,63,55,182,18.3333,60.6667
4572,298,61,56,181,18.7919,60.7383
4573,300,62,54,184,18.0000,61.3333
4574,298,61,50,187,16.7785,62.7517
4575,301,62,50,189,16.6113,62.7907
4576,301,61,51,189,16.9435,62.7907
4577,300,61,51,188,17.0000,62.6667
4578,300,59,51,190,17.0000,63.3333
4579,299,57,47,195,15.7191,65.2174
4580,301,58,49,194,16.2791,64.4518
4581,301,60,50,191,16.6113,63.4551
4582,301,61,49,191,16.2791,63.4551
4583,301,65,49,187,16.2791,62.1262
4584,300,67,46,187,15.3333,62.3333
4585,300,64,47,189,15.6667,63.0000
4586,298,66,46,186,15.4362,62.4161
4587,296,71,43,182,14.5270,61.4865
4588,297,74,41,182,13.8047,61.2795
4589,297,76,41,180,13.8047,60.6061
4590,298,80,37,181,12.4161,60.7383
4591,301,88,37,176,12.2924,58.4718
4592,301,90,36,175,11.9601,58.1395
4593,300,93,35,172,11.6667,57.3333
4594,299,99,34,166,11.3712,55.5184
4595,301,104,31,166,10.2990,55.1495
4596,301,106,29,166,9.6346,55.1495
4597,301,108,27,166,8.9701,55.1495
4598,300,113,26,161,8.6667,53.6667
4599,300,113,25,162,8.3333,54.0000
4600,300,121,25,154,8.3333,51.3333
4601,299,124,24,151,8.0268,50.5017
4602,301,130,23,148,7.6412,49.1694
4603,301,135,22,144,7.3090,47.8405
4604,300,137,22,141,7.3333,47.0000
4605,300,143,18,139,6.0000,46.3333
4606,298,147,18,133,6.0403,44.6309
4607,298,151,17,130,5.7047,43.6242
4608,303,160,17,126,5.6106,41.5842
4609,303,164,18,121,5.9406,39.9340
4610,303,170,17,116,5.6106,38.2838
4611,303,173,17,113,5.6106,37.2937
4612,303,175,18,110,5.9406,36.3036
4613,301,179,15,107,4.9834,35.5482
4614,301,181,18,102,5.9801,33.8870
4615,301,183,18,100,5.9801,33.2226
4616,301,189,16,96,5.3156,31.8937
4617,301,188,17,96,5.6478,31.8937
4618,301,188,18,95,5.9801,31.5615
4619,301,192,18,91,5.9801,30.2326
4620,301,199,18,84,5.9801,27.9070
4621,301,200,18,83,5.9801,27.5748
4622,301,203,19,79,6.3123,26.2458
4623,301,205,19,77,6.3123,25.5814
4624,301,204,20,77,6.6445,25.5814
4625,300,206,21,73,7.0000,24.3333
4626,300,209,22,69,7.3333,23.0000
4627,300,210,23,67,7.6667,22.3333
4628,299,207,25,67,8.3612,22.4080
4629,302,211,26,65,8.6093,21.5232
4630,302,213,26,63,8.6093,20.8609
4631,302,214,30,58,9.9338,19.2053
4632,302,211,33,58,10.9272,19.2053
4633,302,211,33,58,10.9272,19.2053
4634,301,209,36,56,11.9601,18.6047
4635,301,205,39,57,12.9568,18.9369
4636,301,204,43,54,14.2857,17.9402
4637,300,206,42,52,14.0000,17.3333
4638,300,202,45,53,15.0000,17.6667
4639,299,196,52,51,17.3913,17.0569
4640,301,194,57,50,18.9369,16.6113
4641,301,192,59,50,19.6013,16.6113
4642,300,194,60,46,20.0000,15.3333
4643,299,188,65,46,21.7391,15.3846
4644,303,192,67,44,22.1122,14.5215
4645,302,185,73,44,24.1722,14.5695
4646,301,179,78,44,25.9136,14.6179
4647,300,178,80,42,26.6667,14.0000
4648,299,172,87,40,29.0970,13.3779
4649,298,168,91,39,30.5369,13.0872
4650,300,162,100,38,33.3333,12.6667
4651,300,158,103,39,34.3333,13.0000
4652,298,149,110,39,36.9128,13.0872
4653,297,145,113,39,38.0471,13.1313
4654,297,136,122,39,41.0774,13.1313
4655,299,131,126,42,42.1405,14.0468
4656,299,130,121,48,40.4682,16.0535
4657,304,139,120,45,39.4737,14.8026
4658,304,130,126,48,41.4474,15.7895
4659,300,122,125,53,41.6667,17.6667
4660,299,113,131,55,43.8127,18.3946
4661,299,107,133,59,44.4816,19.7324
4662,300,101,141,58,47.0000,19.3333
4663,298,93,144,61,48.3221,20.4698
4664,300,87,150,63,50.0000,21.0000
4665,299,83,148,68,49.4983,22.7425
4666,296,81,142,73,47.9730,24.6622
4667,297,80,140,77,47.1380,25.9259
4668,298,79,137,82,45.9732,27.5168
4669,300,81,130,89,43.3333,29.6667
4670,300,80,125,95,41.6667,31.6667
4671,298,79,117,102,39.2617,34.2282
4672,298,75,116,107,38.9262,35.9060
4673,295,70,114,111,38.6441,37.6271
4674,296,68,107,121,36.1486,40.8784
4675,294,65,104,125,35.3741,42.5170
4676,292,61,103,128,35.2740,43.8356
4677,294,62,104,128,35.3741,43.5374
4678,296,64,100,132,33.7838,44.5946
4679,299,62,100,137,33.4448,45.8194
4680,297,63,91,143,30.6397,48.1481
4681,297,63,84,150,28.2828,50.5051
4682,297,64,76,157,25.5892,52.8620
4683,298,60,74,164,24.8322,55.0336
4684,301,59,69,173,22.9236,57.4751
4685,301,59,63,179,20.9302,59.4684
4686,301,58,62,181,20.5980,60.1329
4687,301,60,59,182,19.6013,60.4651
4688,299,56,61,182,20.4013,60.8696
4689,300,56,60,184,20.0000,61.3333
4690,300,55,59,186,19.6667,62.0000
4691,300,53,60,187,20.0000,62.3333
4692,300,54,57,189,19.0000,63.0000
4693,300,54,53,193,17.6667,64.3333
4694,299,54,47,198,15.7191,66.2207
4695,304,59,43,202,14.1447,66.4474
4696,302,60,39,203,12.9139,67.2185
4697,301,61,37,203,12.2924,67.4419
4698,301,61,35,205,11.6279,68.1063
4699,300,63,33,204,11.0000,68.0000
4700,298,63,28,207,9.3960,69.4631
4701,300,67,28,205,9.3333,68.3333
4702,300,65,30,205,10.0000,68.3333
4703,299,67,27,205,9.0301,68.5619
4704,299,67,26,206,8.6957,68.8963
4705,301,71,22,208,7.3090,69.1030
4706,300,70,23,207,7.6667,69.0000
4707,300,74,22,204,7.3333,68.0000
4708,299,79,21,199,7.0234,66.5552
4709,300,83,18,199,6.0000,66.3333
4710,299,85,16,198,5.3512,66.2207
4711,301,93,13,195,4.3189,64.7841
4712,301,94,14,193,4.6512,64.1196
4713,301,98,13,190,4.3189,63.1229
4714,301,98,14,189,4.6512,62.7907
4715,301,99,16,186,5.3156,61.7940
4716,300,101,15,184,5.0000,61.3333
4717,300,105,17,178,5.6667,59.3333
4718,300,110,17,173,5.6667,57.6667
4719,300,111,20,169,6.6667,56.3333
4720,300,116,21,163,7.0000,54.3333
4721,300,123,22,155,7.3333,51.6667
4722,300,130,20,150,6.6667,50.0000
4723,300,136,20,144,6.6667,48.0000
4724,300,141,19,140,6.3333,46.6667
4725,300,145,20,135,6.6667,45.0000
4726,300,155,19,126,6.3333,42.0000
4727,300,158,20,122,6.6667,40.6667
4728,300,159,21,120,7.0000,40.0000
4729,300,159,21,120,7.0000,40.0000
4730,300,160,25,115,8.3333,38.3333
4731,300,165,25,110,8.3333,36.6667
4732,300,169,27,104,9.0000,34.6667
4733,300,173,29,98,9.6667,32.6667
4734,300,179,31,90,10.3333,30.0000
4735,300,183,33,84,11.0000,28.0000
4736,299,191,32,76,10.7023,25.4181
4737,299,196,34,69,11.3712,23.0769
4738,301,197,37,67,12.2924,22.2591
4739,299,194,41,64,13.7124,21.4047
4740,305,195,45,65,14.7541,21.3115
4741,305,197,44,64,14.4262,20.9836
4742,304,193,50,61,16.4474,20.0658
4743,304,192,51,61,16.7763,20.0658
4744,303,194,51,58,16.8317,19.1419
4745,303,196,53,54,17.4917,17.8218
4746,303,193,60,50,19.8020,16.5017
4747,303,195,61,47,20.1320,15.5116
4748,303,190,66,47,21.7822,15.5116
4749,303,185,71,47,23.4323,15.5116
4750,303,180,77,46,25.4125,15.1815
4751,301,175,80,46,26.5781,15.2824
4752,300,171,86,43,28.6667,14.3333
4753,300,165,89,46,29.6667,15.3333
4754,300,158,96,46,32.0000,15.3333
4755,299,153,100,46,33.4448,15.3846
4756,301,150,104,47,34.5515,15.6146
4757,300,147,107,46,35.6667,15.3333
4758,300,136,117,47,39.0000,15.6667
4759,299,130,118,51,39.4649,17.0569
4760,302,126,120,56,39.7351,18.5430
4761,302,122,125,55,41.3907,18.2119
4762,301,118,128,55,42.5249,18.2724
4763,299,115,127,57,42.4749,19.0635
4764,304,111,135,58,44.4079,19.0789
4765,303,104,139,60,45.8746,19.8020
4766,300,100,138,62,46.0000,20.6667
4767,299,97,138,64,46.1538,21.4047
4768,299,95,137,67,45.8194,22.4080
4769,299,89,137,73,45.8194,24.4147
4770,297,81,139,77,46.8013,25.9259
4771,295,77,137,81,46.4407,27.4576
4772,296,75,135,86,45.6081,29.0541
4773,297,75,131,91,44.1077,30.6397
4774,298,75,130,93,43.6242,31.2081
4775,298,71,126,101,42.2819,33.8926
4776,298,68,128,102,42.9530,34.2282
4777,298,67,125,106,41.9463,35.5705
4778,297,65,119,113,40.0673,38.0471
4779,300,64,114,122,38.0000,40.6667
4780,298,64,108,126,36.2416,42.2819
4781,300,64,104,132,34.6667,44.0000
4782,297,62,100,135,33.6700,45.4545
4783,295,60,97,138,32.8814,46.7797
4784,294,59,93,142,31.6327,48.2993
4785,294,64,85,145,28.9116,49.3197
4786,293,64,80,149,27.3038,50.8532
4787,295,67,77,151,26.1017,51.1864
4788,294,69,74,151,25.1701,51.3605
4789,298,70,72,156,24.1611,52.3490
4790,298,70,67,161,22.4832,54.0268
4791,300,65,67,168,22.3333,56.0000
4792,299,65,64,170,21.4047,56.8562
4793,300,67,62,171,20.6667,57.0000
4794,299,66,59,174,19.7324,58.1940
4795,301,68,56,177,18.6047,58.8040
4796,300,66,49,185,16.3333,61.6667
4797,300,67,47,186,15.6667,62.0000
4798,299,66,43,190,14.3813,63.5452
4799,300,67,42,191,14.0000,63.6667
4800,300,69,38,193,12.6667,64.3333
4801,299,68,39,192,13.0435,64.2140
4802,300,71,37,192,12.3333,64.0000
4803,300,72,35,193,11.6667,64.3333
4804,300,70,35,195,11.6667,65.0000
4805,299,72,34,193,11.3712,64.5485
4806,299,72,34,193,11.3712,64.5485
4807,302,78,32,192,10.5960,63.5762
4808,302,78,34,190,11.2583,62.9139
4809,300,79,32,189,10.6667,63.0000
4810,300,80,32,188,10.6667,62.6667
4811,300,84,28,188,9.3333,62.6667
4812,299,90,23,186,7.6923,62.2074
4813,300,87,26,187,8.6667,62.3333
4814,299,89,24,186,8.0268,62.2074
4815,302,95,24,183,7.9470,60.5960
4816,301,96,22,183,7.3090,60.7973
4817,301,98,23,180,7.6412,59.8007
4818,301,100,22,179,7.3090,59.4684
4819,301,102,20,179,6.6445,59.4684
4820,301,104,20,177,6.6445,58.8040
4821,301,110,20,171,6.6445,56.8106
4822,299,112,19,168,6.3545,56.1873
4823,300,116,20,164,6.6667,54.6667
4824,300,121,19,160,6.3333,53.3333
4825,300,125,19,156,6.3333,52.0000
4826,300,128,18,154,6.0000,51.3333
4827,300,137,19,144,6.3333,48.0000
4828,300,139,18,143,6.0000,47.6667
4829,298,141,18,139,6.0403,46.6443
4830,301,152,18,131,5.9801,43.5216
4831,301,162,17,122,5.6478,40.5316
4832,301,166,18,117,5.9801,38.8704
4833,300,171,18,111,6.0000,37.0000
4834,299,171,18,110,6.0201,36.7893
4835,301,177,17,107,5.6478,35.5482
4836,301,180,18,103,5.9801,34.2193
4837,301,181,21,99,6.9767,32.8904
4838,301,185,20,96,6.6445,31.8937
4839,301,185,23,93,7.6412,30.8970
4840,301,186,23,92,7.6412,30.5648
4841,300,189,24,87,8.0000,29.0000
4842,300,194,23,83,7.6667,27.6667
4843,300,196,26,78,8.6667,26.0000
4844,300,198,27,75,9.0000,25.0000
4845,300,198,29,73,9.6667,24.3333
4846,300,199,29,72,9.6667,24.0000
4847,300,199,33,68,11.0000,22.6667
4848,300,204,35,61,11.6667,20.3333
4849,299,204,35,60,11.7057,20.0669
4850,303,208,39,56,12.8713,18.4818
4851,303,209,40,54,13.2013,17.8218
4852,303,208,44,51,14.5215,16.8317
4853,303,206,45,52,14.8515,17.1617
4854,302,203,47,52,15.5629,17.2185
4855,301,201,50,50,16.6113,16.6113
4856,301,201,53,47,17.6080,15.6146
4857,301,200,53,48,17.6080,15.9468
4858,301,196,56,49,18.6047,16.2791
4859,301,194,58,49,19.2691,16.2791
4860,300,190,61,49,20.3333,16.3333
4861,300,190,62,48,20.6667,16.0000
4862,300,186,64,50,21.3333,16.6667
4863,299,189,63,47,21.0702,15.7191
4864,302,190,67,45,22.1854,14.9007
4865,302,186,70,46,23.1788,15.2318
4866,301,182,71,48,23.5880,15.9468
4867,301,177,75,49,24.9169,16.2791
4868,301,173,78,50,25.9136,16.6113
4869,301,169,78,54,25.9136,17.9402
4870,301,165,81,55,26.9103,18.2724
4871,301,157,87,57,28.9037,18.9369
4872,301,156,86,59,28.5714,19.6013
4873,301,153,86,62,28.5714,20.5980
4874,300,145,91,64,30.3333,21.3333
4875,298,134,98,66,32.8859,22.1477
4876,302,135,100,67,33.1126,22.1854
4877,302,132,102,68,33.7748,22.5166
4878,301,129,102,70,33.8870,23.2558
4879,301,118,111,72,36.8771,23.9203
4880,299,117,108,74,36.1204,24.7492
4881,299,111,113,75,37.7926,25.0836
4882,301,106,118,77,39.2027,25.5814
4883,300,101,120,79,40.0000,26.3333
4884,299,95,123,81,41.1371,27.0903
4885,300,89,126,85,42.0000,28.3333
4886,296,85,127,84,42.9054,28.3784
4887,300,83,130,87,43.3333,29.0000
4888,297,77,129,91,43.4343,30.6397
4889,297,73,129,95,43.4343,31.9865
4890,296,72,129,95,43.5811,32.0946
4891,297,71,125,101,42.0875,34.0067
4892,299,70,123,106,41.1371,35.4515
4893,297,67,123,107,41.4141,36.0269
4894,294,67,116,111,39.4558,37.7551
4895,294,68,113,113,38.4354,38.4354
4896,296,67,106,123,35.8108,41.5541
4897,297,68,103,126,34.6801,42.4242
4898,299,70,101,128,33.7793,42.8094
4899,301,72,96,133,31.8937,44.1860
4900,297,70,90,137,30.3030,46.1279
4901,298,70,88,140,29.5302,46.9799
4902,299,69,84,146,28.0936,48.8294
4903,301,65,87,149,28.9037,49.5017
4904,298,66,79,153,26.5101,51.3423
4905,298,66,75,157,25.1678,52.6846
4906,300,70,67,163,22.3333,54.3333
4907,298,68,65,165,21.8121,55.3691
4908,296,68,58,170,19.5946,57.4324
4909,298,71,56,171,18.7919,57.3826
4910,299,74,53,172,17.7258,57.5251
4911,301,77,50,174,16.6113,57.8073
4912,299,77,46,176,15.3846,58.8629
4913,301,79,43,179,14.2857,59.4684
4914,301,80,43,178,14.2857,59.1362
4915,300,81,41,178,13.6667,59.3333
4916,300,79,42,179,14.0000,59.6667
4917,300,79,41,180,13.6667,60.0000
4918,300,82,40,178,13.3333,59.3333
4919,300,83,38,179,12.6667,59.6667
4920,300,83,40,177,13.3333,59.0000
4921,298,87,34,177,11.4094,59.3960
4922,297,88,33,176,11.1111,59.2593
4923,297,89,33,175,11.1111,58.9226
4924,299,93,31,175,10.3679,58.5284
4925,302,94,36,172,11.9205,56.9536
4926,300,94,35,171,11.6667,57.0000
4927,299,94,35,170,11.7057,56.8562
4928,300,96,36,168,12.0000,56.0000
4929,299,95,37,167,12.3746,55.8528
4930,302,101,36,165,11.9205,54.6358
4931,302,102,36,164,11.9205,54.3046
4932,302,102,39,161,12.9139,53.3113
4933,302,101,41,160,13.5762,52.9801
4934,302,101,43,158,14.2384,52.3179
4935,301,103,43,155,14.2857,51.4950
4936,301,102,43,156,14.2857,51.8272
4937,300,106,39,155,13.0000,51.6667
4938,300,106,40,154,13.3333,51.3333
4939,300,107,42,151,14.0000,50.3333
4940,300,108,45,147,15.0000,49.0000
4941,300,109,46,145,15.3333,48.3333
4942,300,110,46,144,15.3333,48.0000
4943,300,113,44,143,14.6667,47.6667
4944,300,115,45,140,15.0000,46.6667
4945,300,113,46,141,15.3333,47.0000
4946,299,116,43,140,14.3813,46.8227
4947,298,121,41,136,13.7584,45.6376
4948,301,133,41,127,13.6213,42.1927
4949,300,137,38,125,12.6667,41.6667
4950,299,140,37,122,12.3746,40.8027
4951,301,145,38,118,12.6246,39.2027
4952,300,147,38,115,12.6667,38.3333
4953,299,150,37,112,12.3746,37.4582
4954,299,157,35,107,11.7057,35.7860
4955,302,161,35,106,11.5894,35.0993
4956,302,165,35,102,11.5894,33.7748
4957,302,165,38,99,12.5828,32.7815
4958,302,171,38,93,12.5828,30.7947
4959,302,169,40,93,13.2450,30.7947
4960,301,172,39,90,12.9568,29.9003
4961,301,173,38,90,12.6246,29.9003
4962,301,173,40,88,13.2890,29.2359
4963,299,174,41,84,13.7124,28.0936
4964,301,173,44,84,14.6179,27.9070
4965,300,171,44,85,14.6667,28.3333
4966,300,169,47,84,15.6667,28.0000
4967,299,171,44,84,14.7157,28.0936
4968,300,174,44,82,14.6667,27.3333
4969,300,174,47,79,15.6667,26.3333
4970,300,173,48,79,16.0000,26.3333
4971,299,168,55,76,18.3946,25.4181
4972,300,161,62,77,20.6667,25.6667
4973,298,161,62,75,20.8054,25.1678
4974,300,156,70,74,23.3333,24.6667
4975,300,154,75,71,25.0000,23.6667
4976,300,151,79,70,26.3333,23.3333
4977,298,147,79,72,26.5101,24.1611
4978,297,141,84,72,28.2828,24.2424
4979,298,137,88,73,29.5302,24.4966
4980,301,132,96,73,31.8937,24.2525
4981,299,124,102,73,34.1137,24.4147
4982,300,120,109,71,36.3333,23.6667
4983,299,114,110,75,36.7893,25.0836
4984,301,114,112,75,37.2093,24.9169
4985,299,108,112,79,37.4582,26.4214
4986,297,102,115,80,38.7205,26.9360
4987,295,98,117,80,39.6610,27.1186
4988,299,100,122,77,40.8027,25.7525
4989,301,95,129,77,42.8571,25.5814
4990,300,91,130,79,43.3333,26.3333
4991,299,85,135,79,45.1505,26.4214
4992,299,83,128,88,42.8094,29.4314
4993,302,82,131,89,43.3775,29.4702
4994,301,77,129,95,42.8571,31.5615
4995,298,77,128,93,42.9530,31.2081
4996,299,75,127,97,42.4749,32.4415
4997,304,80,124,100,40.7895,32.8947
4998,303,80,124,99,40.9241,32.6733
4999,301,77,117,107,38.8704,35.5482
5000,300,72,118,110,39.3333,36.6667
5001,297,71,109,117,36.7003,39.3939
5002,294,69,105,120,35.7143,40.8163
5003,292,67,100,125,34.2466,42.8082
5004,294,70,98,126,33.3333,42.8571
5005,295,70,94,131,31.8644,44.4068
5006,295,69,94,132,31.8644,44.7458
5007,294,70,89,135,30.2721,45.9184
5008,296,73,86,137,29.0541,46.2838
5009,295,74,81,140,27.4576,47.4576
5010,293,75,77,141,26.2799,48.1229
5011,291,75,70,146,24.0550,50.1718
5012,292,76,66,150,22.6027,51.3699
5013,293,79,65,149,22.1843,50.8532
5014,293,77,63,153,21.5017,52.2184
5015,294,77,60,157,20.4082,53.4014
5016,294,80,57,157,19.3878,53.4014
5017,295,79,61,155,20.6780,52.5424
5018,296,78,61,157,20.6081,53.0405
5019,298,78,61,159,20.4698,53.3557
5020,303,82,59,162,19.4719,53.4653
5021,302,82,53,167,17.5497,55.2980
5022,302,80,53,169,17.5497,55.9603
5023,301,77,54,170,17.9402,56.4784
5024,300,77,51,172,17.0000,57.3333
5025,300,77,50,173,16.6667,57.6667
5026,300,75,51,174,17.0000,58.0000
5027,299,75,46,178,15.3846,59.5318
5028,300,75,49,176,16.3333,58.6667
5029,300,74,51,175,17.0000,58.3333
5030,298,75,49,174,16.4430,58.3893
5031,298,77,47,174,15.7718,58.3893
5032,300,78,47,175,15.6667,58.3333
5033,299,76,48,175,16.0535,58.5284
5034,304,80,45,179,14.8026,58.8816
5035,304,83,45,176,14.8026,57.8947
5036,303,83,44,176,14.5215,58.0858
5037,300,86,41,173,13.6667,57.6667
5038,299,86,37,176,12.3746,58.8629
5039,301,87,35,179,11.6279,59.4684
5040,301,87,34,180,11.2957,59.8007
5041,301,87,35,179,11.6279,59.4684
5042,301,89,33,179,10.9635,59.4684
5043,300,89,33,178,11.0000,59.3333
5044,300,97,31,172,10.3333,57.3333
5045,299,100,28,171,9.3645,57.1906
5046,304,111,26,167,8.5526,54.9342
5047,304,114,26,164,8.5526,53.9474
5048,303,118,26,159,8.5809,52.4752
5049,303,121,27,155,8.9109,51.1551
5050,303,124,23,156,7.5908,51.4851
5051,303,129,26,148,8.5809,48.8449
5052,303,132,26,145,8.5809,47.8548
5053,303,140,25,138,8.2508,45.5446
5054,303,143,22,138,7.2607,45.5446
5055,303,147,23,133,7.5908,43.8944
5056,303,149,22,132,7.2607,43.5644
5057,303,151,26,126,8.5809,41.5842
5058,303,154,24,125,7.9208,41.2541
5059,303,154,28,121,9.2409,39.9340
5060,303,156,28,119,9.2409,39.2739
5061,303,158,30,115,9.9010,37.9538
5062,303,155,33,115,10.8911,37.9538
5063,303,160,35,108,11.5512,35.6436
5064,303,165,34,104,11.2211,34.3234
5065,303,163,38,102,12.5413,33.6634
5066,303,164,42,97,13.8614,32.0132
5067,303,166,44,93,14.5215,30.6931
5068,303,165,47,91,15.5116,30.0330
5069,302,165,46,91,15.2318,30.1325
5070,302,163,49,90,16.2252,29.8013
5071,302,165,50,87,16.5563,28.8079
5072,301,165,52,84,17.2757,27.9070
5073,300,164,56,80,18.6667,26.6667
5074,300,162,60,78,20.0000,26.0000
5075,300,159,64,77,21.3333,25.6667
5076,299,160,63,76,21.0702,25.4181
5077,303,160,68,75,22.4422,24.7525
5078,303,160,67,76,22.1122,25.0825
5079,302,162,67,73,22.1854,24.1722
5080,301,156,70,75,23.2558,24.9169
5081,300,153,70,77,23.3333,25.6667
5082,300,148,75,77,25.0000,25.6667
5083,299,145,75,79,25.0836,26.4214
5084,300,140,82,78,27.3333,26.0000
5085,300,137,84,79,28.0000,26.3333
5086,300,131,89,80,29.6667,26.6667
5087,300,129,91,80,30.3333,26.6667
5088,299,123,94,82,31.4381,27.4247
5089,298,124,93,81,31.2081,27.1812
5090,299,123,97,79,32.4415,26.4214
5091,304,126,100,78,32.8947,25.6579
5092,303,121,104,78,34.3234,25.7426
5093,301,114,107,80,35.5482,26.5781
5094,300,111,106,83,35.3333,27.6667
5095,299,105,108,86,36.1204,28.7625
5096,300,106,108,86,36.0000,28.6667
5097,300,101,112,87,37.3333,29.0000
5098,299,99,111,89,37.1237,29.7659
5099,299,93,117,89,39.1304,29.7659
5100,303,92,119,92,39.2739,30.3630
5101,301,88,118,95,39.2027,31.5615
5102,300,85,119,96,39.6667,32.0000
5103,297,78,121,98,40.7407,32.9966
5104,297,76,119,102,40.0673,34.3434
5105,296,78,113,105,38.1757,35.4730
5106,293,76,111,106,37.8840,36.1775
5107,292,72,110,110,37.6712,37.6712
5108,296,75,105,116,35.4730,39.1892
5109,295,72,106,117,35.9322,39.6610
5110,296,75,105,116,35.4730,39.1892
5111,296,76,96,124,32.4324,41.8919
5112,295,76,92,127,31.1864,43.0508
5113,296,75,92,129,31.0811,43.5811
5114,294,73,89,132,30.2721,44.8980
5115,294,69,87,138,29.5918,46.9388
5116,296,72,84,140,28.3784,47.2973
5117,295,73,77,145,26.1017,49.1525
5118,297,75,74,148,24.9158,49.8316
5119,299,72,76,151,25.4181,50.5017
5120,302,73,73,156,24.1722,51.6556
5121,302,71,71,160,23.5099,52.9801
5122,301,70,67,164,22.2591,54.4850
5123,299,68,61,170,20.4013,56.8562
5124,303,72,60,171,19.8020,56.4356
5125,302,71,60,171,19.8675,56.6225
5126,302,70,59,173,19.5364,57.2848
5127,302,67,57,178,18.8742,58.9404
5128,302,67,55,180,18.2119,59.6026
5129,299,68,52,179,17.3913,59.8662
5130,302,72,51,179,16.8874,59.2715
5131,302,69,53,180,17.5497,59.6026
5132,302,70,53,179,17.5497,59.2715
5133,302,72,52,178,17.2185,58.9404
5134,300,71,48,181,16.0000,60.3333
5135,298,74,46,178,15.4362,59.7315
5136,302,74,46,182,15.2318,60.2649
5137,302,75,47,180,15.5629,59.6026
5138,302,77,50,175,16.5563,57.9470
5139,301,77,46,178,15.2824,59.1362
5140,300,79,43,178,14.3333,59.3333
5141,299,78,43,178,14.3813,59.5318
5142,301,80,42,179,13.9535,59.4684
5143,301,82,39,180,12.9568,59.8007
5144,301,82,37,182,12.2924,60.4651
5145,301,84,38,179,12.6246,59.4684
5146,301,88,37,176,12.2924,58.4718
5147,300,86,39,175,13.0000,58.3333
5148,300,86,41,173,13.6667,57.6667
5149,298,88,39,171,13.0872,57.3826
5150,301,94,40,167,13.2890,55.4817
5151,301,93,40,168,13.2890,55.8140
5152,301,96,37,168,12.2924,55.8140
5153,301,98,37,166,12.2924,55.1495
5154,301,100,38,163,12.6246,54.1528
5155,301,101,39,161,12.9568,53.4884
5156,301,105,35,161,11.6279,53.4884
5157,300,109,34,157,11.3333,52.3333
5158,299,111,35,153,11.7057,51.1706
5159,300,114,36,150,12.0000,50.0000
5160,300,119,38,143,12.6667,47.6667
5161,300,114,44,142,14.6667,47.3333
5162,299,113,43,143,14.3813,47.8261
5163,299,120,45,134,15.0502,44.8161
5164,302,120,52,130,17.2185,43.0464
5165,302,121,51,130,16.8874,43.0464
5166,302,124,53,125,17.5497,41.3907
5167,301,127,54,120,17.9402,39.8671
5168,298,124,55,119,18.4564,39.9329
5169,300,129,56,115,18.6667,38.3333
5170,300,131,57,112,19.0000,37.3333
5171,299,132,57,110,19.0635,36.7893
5172,300,133,61,106,20.3333,35.3333
5173,299,137,61,101,20.4013,33.7793
5174,301,142,61,98,20.2658,32.5581
5175,300,149,59,92,19.6667,30.6667
5176,300,147,63,90,21.0000,30.0000
5177,299,145,64,90,21.4047,30.1003
5178,303,150,64,89,21.1221,29.3729
5179,303,148,68,87,22.4422,28.7129
5180,302,147,70,85,23.1788,28.1457
5181,301,137,78,86,25.9136,28.5714
5182,300,133,78,89,26.0000,29.6667
5183,299,132,79,88,26.4214,29.4314
5184,301,132,79,90,26.2458,29.9003
5185,299,130,77,92,25.7525,30.7692
5186,301,129,84,88,27.9070,29.2359
5187,300,121,90,89,30.0000,29.6667
5188,298,122,87,89,29.1946,29.8658
5189,299,123,84,92,28.0936,30.7692
5190,302,122,86,94,28.4768,31.1258
5191,302,122,90,90,29.8013,29.8013
5192,302,120,93,89,30.7947,29.4702
5193,302,117,92,93,30.4636,30.7947
5194,301,117,92,92,30.5648,30.5648
5195,301,113,98,90,32.5581,29.9003
5196,300,108,104,88,34.6667,29.3333
5197,298,106,103,89,34.5638,29.8658
5198,302,106,108,88,35.7616,29.1391
5199,299,99,113,87,37.7926,29.0970
5200,298,102,107,89,35.9060,29.8658
