tick,total,susceptible,infected,immune,pct_infected,pct_immune
0,150,140,10,0,6.6667,0.0000
1,153,143,10,0,6.5359,0.0000
2,153,143,10,0,6.5359,0.0000
3,154,144,10,0,6.4935,0.0000
4,154,143,11,0,7.1429,0.0000
5,156,144,12,0,7.6923,0.0000
6,160,147,13,0,8.1250,0.0000
7,162,149,13,0,8.0247,0.0000
8,163,150,13,0,7.9755,0.0000
9,164,151,13,0,7.9268,0.0000
10,164,151,13,0,7.9268,0.0000
11,165,152,13,0,7.8788,0.0000
12,167,154,13,0,7.7844,0.0000
13,172,157,15,0,8.7209,0.0000
14,174,158,16,0,9.1954,0.0000
15,175,158,17,0,9.7143,0.0000
16,176,159,17,0,9.6591,0.0000
17,177,160,17,0,9.6045,0.0000
18,178,160,18,0,10.1124,0.0000
19,179,160,19,0,10.6145,0.0000
20,179,160,19,0,10.6145,0.0000
21,178,161,10,7,5.6180,3.9326
22,183,165,11,7,6.0109,3.8251
23,186,168,11,7,5.9140,3.7634
24,188,169,12,7,6.3830,3.7234
25,191,172,12,7,6.2827,3.6649
26,192,173,11,8,5.7292,4.1667
27,194,175,10,9,5.1546,4.6392
28,195,175,11,9,5.6410,4.6154
29,196,173,14,9,7.1429,4.5918
30,199,175,15,9,7.5377,4.5226
31,200,175,16,9,8.0000,4.5000
32,202,176,17,9,8.4158,4.4554
33,204,174,21,9,10.2941,4.4118
34,204,174,19,11,9.3137,5.3922
35,207,173,23,11,11.1111,5.3140
36,208,174,22,12,10.5769,5.7692
37,211,175,24,12,11.3744,5.6872
38,212,174,25,13,11.7925,6.1321
39,217,179,24,14,11.0599,6.4516
40,218,177,27,14,12.3853,6.4220
41,219,174,31,14,14.1553,6.3927
42,222,176,32,14,14.4144,6.3063
43,221,176,31,14,14.0271,6.3348
44,222,176,32,14,14.4144,6.3063
45,224,177,32,15,14.2857,6.6964
46,225,176,33,16,14.6667,7.1111
47,226,175,35,16,15.4867,7.0796
48,228,177,34,17,14.9123,7.4561
49,228,173,37,18,16.2281,7.8947
50,230,168,43,19,18.6957,8.2609
51,231,169,43,19,18.6147,8.2251
52,232,168,44,20,18.9655,8.6207
53,235,169,44,22,18.7234,9.3617
54,237,170,43,24,18.1435,10.1266
55,238,169,44,25,18.4874,10.5042
56,240,165,47,28,19.5833,11.6667
57,242,164,49,29,20.2479,11.9835
58,245,166,48,31,19.5918,12.6531
59,247,166,49,32,19.8381,12.9555
60,249,166,50,33,20.0803,13.2530
61,249,165,50,34,20.0803,13.6546
62,250,164,51,35,20.4000,14.0000
63,250,164,50,36,20.0000,14.4000
64,251,161,53,37,21.1155,14.7410
65,254,161,56,37,22.0472,14.5669
66,259,164,56,39,21.6216,15.0579
67,260,160,59,41,22.6923,15.7692
68,263,156,66,41,25.0951,15.5894
69,263,151,70,42,26.6160,15.9696
70,262,148,65,49,24.8092,18.7023
71,265,149,66,50,24.9057,18.8679
72,265,145,69,51,26.0377,19.2453
73,268,149,73,46,27.2388,17.1642
74,270,150,73,47,27.0370,17.4074
75,269,145,76,48,28.2528,17.8439
76,269,143,76,50,28.2528,18.5874
77,269,140,74,55,27.5093,20.4461
78,268,139,74,55,27.6119,20.5224
79,269,138,75,56,27.8810,20.8178
80,272,137,77,58,28.3088,21.3235
81,274,132,84,58,30.6569,21.1679
82,275,132,81,62,29.4545,22.5455
83,275,132,79,64,28.7273,23.2727
84,274,127,81,66,29.5620,24.0876
85,278,128,82,68,29.4964,24.4604
86,277,128,82,67,29.6029,24.1877
87,277,127,82,68,29.6029,24.5487
88,276,127,79,70,28.6232,25.3623
89,275,124,77,74,28.0000,26.9091
90,274,122,74,78,27.0073,28.4672
91,275,123,73,79,26.5455,28.7273
92,277,123,74,80,26.7148,28.8809
93,277,120,75,82,27.0758,29.6029
94,280,123,72,85,25.7143,30.3571
95,281,123,69,89,24.5552,31.6726
96,284,124,65,95,22.8873,33.4507
97,288,126,67,95,23.2639,32.9861
98,289,124,68,97,23.5294,33.5640
99,292,122,70,100,23.9726,34.2466
100,298,128,68,102,22.8188,34.2282
101,298,129,61,108,20.4698,36.2416
102,304,135,58,111,19.0789,36.5132
103,304,132,60,112,19.7368,36.8421
104,304,129,61,114,20.0658,37.5000
105,303,127,61,115,20.1320,37.9538
106,303,121,66,116,21.7822,38.2838
107,303,118,66,119,21.7822,39.2739
108,303,117,68,118,22.4422,38.9439
109,302,115,67,120,22.1854,39.7351
110,301,115,63,123,20.9302,40.8638
111,298,116,60,122,20.1342,40.9396
112,301,118,61,122,20.2658,40.5316
113,301,115,63,123,20.9302,40.8638
114,300,115,59,126,19.6667,42.0000
115,300,114,60,126,20.0000,42.0000
116,300,112,61,127,20.3333,42.3333
117,298,110,60,128,20.1342,42.9530
118,299,112,58,129,19.3980,43.1438
119,301,114,56,131,18.6047,43.5216
120,300,109,58,133,19.3333,44.3333
121,300,109,58,133,19.3333,44.3333
122,300,114,60,126,20.0000,42.0000
123,300,111,61,128,20.3333,42.6667
124,298,111,60,127,20.1342,42.6174
125,299,111,60,128,20.0669,42.8094
126,298,113,53,132,17.7852,44.2953
127,301,115,51,135,16.9435,44.8505
128,299,114,51,134,17.0569,44.8161
129,300,120,50,130,16.6667,43.3333
130,299,121,47,131,15.7191,43.8127
131,303,125,47,131,15.5116,43.2343
132,302,126,47,129,15.5629,42.7152
133,300,126,43,131,14.3333,43.6667
134,299,130,40,129,13.3779,43.1438
135,301,131,42,128,13.9535,42.5249
136,301,132,42,127,13.9535,42.1927
137,300,132,42,126,14.0000,42.0000
138,300,133,39,128,13.0000,42.6667
139,300,134,37,129,12.3333,43.0000
140,300,137,33,130,11.0000,43.3333
141,299,140,30,129,10.0334,43.1438
142,302,147,30,125,9.9338,41.3907
143,302,148,29,125,9.6026,41.3907
144,302,147,28,127,9.2715,42.0530
145,301,148,27,126,8.9701,41.8605
146,301,148,29,124,9.6346,41.1960
147,299,152,25,122,8.3612,40.8027
148,300,158,24,118,8.0000,39.3333
149,300,159,21,120,7.0000,40.0000
150,300,160,22,118,7.3333,39.3333
151,300,160,23,117,7.6667,39.0000
152,300,162,23,115,7.6667,38.3333
153,300,166,26,108,8.6667,36.0000
154,300,169,27,104,9.0000,34.6667
155,300,169,27,104,9.0000,34.6667
156,298,169,27,102,9.0604,34.2282
157,297,170,27,100,9.0909,33.6700
158,301,177,26,98,8.6379,32.5581
159,301,181,26,94,8.6379,31.2292
160,301,180,29,92,9.6346,30.5648
161,300,181,30,89,10.0000,29.6667
162,300,184,31,85,10.3333,28.3333
163,299,182,32,85,10.7023,28.4281
164,304,187,32,85,10.5263,27.9605
165,304,186,34,84,11.1842,27.6316
166,303,189,34,80,11.2211,26.4026
167,303,190,32,81,10.5611,26.7327
168,303,188,35,80,11.5512,26.4026
169,302,185,38,79,12.5828,26.1589
170,302,184,42,76,13.9073,25.1656
171,300,184,42,74,14.0000,24.6667
172,299,184,42,73,14.0468,24.4147
173,300,182,45,73,15.0000,24.3333
174,300,182,42,76,14.0000,25.3333
175,300,182,45,73,15.0000,24.3333
176,300,179,46,75,15.3333,25.0000
177,300,179,46,75,15.3333,25.0000
178,300,180,49,71,16.3333,23.6667
179,300,181,52,67,17.3333,22.3333
180,300,182,52,66,17.3333,22.0000
181,300,181,51,68,17.0000,22.6667
182,299,178,54,67,18.0602,22.4080
183,302,177,58,67,19.2053,22.1854
184,302,173,59,70,19.5364,23.1788
185,302,172,61,69,20.1987,22.8477
186,302,173,58,71,19.2053,23.5099
187,302,171,61,70,20.1987,23.1788
188,302,170,61,71,20.1987,23.5099
189,302,167,62,73,20.5298,24.1722
190,301,167,61,73,20.2658,24.2525
191,299,167,59,73,19.7324,24.4147
192,299,167,60,72,20.0669,24.0803
193,301,167,63,71,20.9302,23.5880
194,301,166,64,71,21.2625,23.5880
195,300,164,66,70,22.0000,23.3333
196,299,162,69,68,23.0769,22.7425
197,299,161,67,71,22.4080,23.7458
198,302,165,63,74,20.8609,24.5033
199,301,165,62,74,20.5980,24.5847
200,300,165,61,74,20.3333,24.6667
201,299,162,66,71,22.0736,23.7458
202,298,163,64,71,21.4765,23.8255
203,302,166,61,75,20.1987,24.8344
204,302,161,62,79,20.5298,26.1589
205,302,159,60,83,19.8675,27.4834
206,301,158,59,84,19.6013,27.9070
207,301,155,61,85,20.2658,28.2392
208,300,149,66,85,22.0000,28.3333
209,299,147,68,84,22.7425,28.0936
210,301,146,68,87,22.5914,28.9037
211,300,143,68,89,22.6667,29.6667
212,300,143,65,92,21.6667,30.6667
213,300,142,62,96,20.6667,32.0000
214,298,137,62,99,20.8054,33.2215
215,300,136,63,101,21.0000,33.6667
216,297,135,59,103,19.8653,34.6801
217,296,134,59,103,19.9324,34.7973
218,301,139,59,103,19.6013,34.2193
219,300,137,62,101,20.6667,33.6667
220,300,136,62,102,20.6667,34.0000
221,299,131,64,104,21.4047,34.7826
222,302,130,64,108,21.1921,35.7616
223,301,130,64,107,21.2625,35.5482
224,300,127,63,110,21.0000,36.6667
225,300,125,63,112,21.0000,37.3333
226,300,128,61,111,20.3333,37.0000
227,299,127,58,114,19.3980,38.1271
228,299,129,56,114,18.7291,38.1271
229,308,138,54,116,17.5325,37.6623
230,308,135,53,120,17.2078,38.9610
231,306,133,52,121,16.9935,39.5425
232,306,134,51,121,16.6667,39.5425
233,306,133,54,119,17.6471,38.8889
234,305,132,55,118,18.0328,38.6885
235,305,129,53,123,17.3770,40.3279
236,305,130,54,121,17.7049,39.6721
237,304,128,53,123,17.4342,40.4605
238,303,129,54,120,17.8218,39.6040
239,303,128,52,123,17.1617,40.5941
240,303,128,53,122,17.4917,40.2640
241,303,128,51,124,16.8317,40.9241
242,302,130,49,123,16.2252,40.7285
243,302,130,47,125,15.5629,41.3907
244,302,132,46,124,15.2318,41.0596
245,301,133,42,126,13.9535,41.8605
246,300,134,41,125,13.6667,41.6667
247,300,134,42,124,14.0000,41.3333
248,299,132,44,123,14.7157,41.1371
249,301,137,42,122,13.9535,40.5316
250,301,139,43,119,14.2857,39.5349
251,300,140,39,121,13.0000,40.3333
252,300,140,40,120,13.3333,40.0000
253,300,139,40,121,13.3333,40.3333
254,300,137,39,124,13.0000,41.3333
255,297,143,34,120,11.4478,40.4040
256,299,150,33,116,11.0368,38.7960
257,300,152,33,115,11.0000,38.3333
258,298,150,34,114,11.4094,38.2550
259,301,151,36,114,11.9601,37.8738
260,300,149,38,113,12.6667,37.6667
261,300,148,36,116,12.0000,38.6667
262,300,152,35,113,11.6667,37.6667
263,299,150,37,112,12.3746,37.4582
264,298,153,36,109,12.0805,36.5772
265,298,156,36,106,12.0805,35.5705
266,298,158,38,102,12.7517,34.2282
267,301,162,39,100,12.9568,33.2226
268,301,165,36,100,11.9601,33.2226
269,301,164,34,103,11.2957,34.2193
270,301,162,34,105,11.2957,34.8837
271,300,160,35,105,11.6667,35.0000
272,300,162,34,104,11.3333,34.6667
273,300,163,34,103,11.3333,34.3333
274,300,166,35,99,11.6667,33.0000
275,300,166,33,101,11.0000,33.6667
276,299,169,33,97,11.0368,32.4415
277,299,167,37,95,12.3746,31.7726
278,299,168,35,96,11.7057,32.1070
279,306,176,36,94,11.7647,30.7190
280,303,178,30,95,9.9010,31.3531
281,303,181,31,91,10.2310,30.0330
282,303,186,30,87,9.9010,28.7129
283,303,184,31,88,10.2310,29.0429
284,302,183,31,88,10.2649,29.1391
285,302,181,33,88,10.9272,29.1391
286,302,178,35,89,11.5894,29.4702
287,301,183,35,83,11.6279,27.5748
288,301,178,40,83,13.2890,27.5748
289,301,179,41,81,13.6213,26.9103
290,301,177,42,82,13.9535,27.2425
291,299,177,42,80,14.0468,26.7559
292,304,181,44,79,14.4737,25.9868
293,304,183,47,74,15.4605,24.3421
294,304,184,46,74,15.1316,24.3421
295,304,183,50,71,16.4474,23.3553
296,303,185,49,69,16.1716,22.7723
297,302,185,50,67,16.5563,22.1854
298,302,180,52,70,17.2185,23.1788
299,302,178,53,71,17.5497,23.5099
300,301,169,59,73,19.6013,24.2525
301,301,166,64,71,21.2625,23.5880
302,301,165,66,70,21.9269,23.2558
303,301,168,65,68,21.5947,22.5914
304,300,164,68,68,22.6667,22.6667
305,299,160,68,71,22.7425,23.7458
306,300,161,70,69,23.3333,23.0000
307,299,160,72,67,24.0803,22.4080
308,300,160,67,73,22.3333,24.3333
309,299,159,68,72,22.7425,24.0803
310,303,160,70,73,23.1023,24.0924
311,302,158,72,72,23.8411,23.8411
312,302,149,78,75,25.8278,24.8344
313,301,149,78,74,25.9136,24.5847
314,301,145,81,75,26.9103,24.9169
315,300,141,84,75,28.0000,25.0000
316,300,135,87,78,29.0000,26.0000
317,300,135,87,78,29.0000,26.0000
318,299,133,83,83,27.7592,27.7592
319,300,132,84,84,28.0000,28.0000
320,299,132,82,85,27.4247,28.4281
321,300,135,76,89,25.3333,29.6667
322,299,135,74,90,24.7492,30.1003
323,304,136,78,90,25.6579,29.6053
324,303,133,78,92,25.7426,30.3630
325,303,132,78,93,25.7426,30.6931
326,302,129,75,98,24.8344,32.4503
327,300,127,75,98,25.0000,32.6667
328,300,123,78,99,26.0000,33.0000
329,298,123,75,100,25.1678,33.5570
330,300,126,73,101,24.3333,33.6667
331,299,124,72,103,24.0803,34.4482
332,299,127,69,103,23.0769,34.4482
333,298,127,64,107,21.4765,35.9060
334,298,123,66,109,22.1477,36.5772
335,300,127,62,111,20.6667,37.0000
336,299,126,60,113,20.0669,37.7926
337,301,127,58,116,19.2691,38.5382
338,301,127,59,115,19.6013,38.2060
339,300,125,59,116,19.6667,38.6667
340,298,124,59,115,19.7987,38.5906
341,298,127,56,115,18.7919,38.5906
342,296,126,55,115,18.5811,38.8514
343,300,132,52,116,17.3333,38.6667
344,299,132,49,118,16.3880,39.4649
345,302,132,50,120,16.5563,39.7351
346,301,131,50,120,16.6113,39.8671
347,300,130,47,123,15.6667,41.0000
348,299,127,44,128,14.7157,42.8094
349,299,126,46,127,15.3846,42.4749
350,299,128,46,125,15.3846,41.8060
351,300,131,44,125,14.6667,41.6667
352,297,132,40,125,13.4680,42.0875
353,301,136,41,124,13.6213,41.1960
354,300,136,36,128,12.0000,42.6667
355,300,134,36,130,12.0000,43.3333
356,300,133,37,130,12.3333,43.3333
357,300,137,34,129,11.3333,43.0000
358,300,138,34,128,11.3333,42.6667
359,299,137,32,130,10.7023,43.4783
360,303,149,31,123,10.2310,40.5941
361,302,149,32,121,10.5960,40.0662
362,302,150,28,124,9.2715,41.0596
363,302,149,30,123,9.9338,40.7285
364,302,151,31,120,10.2649,39.7351
365,301,152,30,119,9.9668,39.5349
366,299,154,27,118,9.0301,39.4649
367,302,156,28,118,9.2715,39.0728
368,301,157,27,117,8.9701,38.8704
369,300,155,28,117,9.3333,39.0000
370,300,159,26,115,8.6667,38.3333
371,300,160,25,115,8.3333,38.3333
372,300,162,27,111,9.0000,37.0000
373,299,166,29,104,9.6990,34.7826
374,302,168,32,102,10.5960,33.7748
375,300,166,31,103,10.3333,34.3333
376,300,167,32,101,10.6667,33.6667
377,300,166,34,100,11.3333,33.3333
378,300,168,36,96,12.0000,32.0000
379,300,170,37,93,12.3333,31.0000
380,299,169,37,93,12.3746,31.1037
381,299,170,37,92,12.3746,30.7692
382,299,172,39,88,13.0435,29.4314
383,300,176,38,86,12.6667,28.6667
384,300,177,40,83,13.3333,27.6667
385,300,176,44,80,14.6667,26.6667
386,300,175,47,78,15.6667,26.0000
387,300,175,50,75,16.6667,25.0000
388,299,177,49,73,16.3880,24.4147
389,301,179,51,71,16.9435,23.5880
390,299,176,52,71,17.3913,23.7458
391,302,180,53,69,17.5497,22.8477
392,301,176,57,68,18.9369,22.5914
393,299,172,58,69,19.3980,23.0769
394,301,174,59,68,19.6013,22.5914
395,299,175,56,68,18.7291,22.7425
396,300,177,57,66,19.0000,22.0000
397,299,170,61,68,20.4013,22.7425
398,300,171,63,66,21.0000,22.0000
399,299,172,61,66,20.4013,22.0736
400,302,179,62,61,20.5298,20.1987
401,301,175,64,62,21.2625,20.5980
402,301,172,67,62,22.2591,20.5980
403,301,170,68,63,22.5914,20.9302
404,301,167,72,62,23.9203,20.5980
405,300,164,70,66,23.3333,22.0000
406,299,163,72,64,24.0803,21.4047
407,301,164,73,64,24.2525,21.2625
408,300,156,77,67,25.6667,22.3333
409,300,153,81,66,27.0000,22.0000
410,299,150,83,66,27.7592,22.0736
411,299,144,88,67,29.4314,22.4080
412,302,145,88,69,29.1391,22.8477
413,301,139,87,75,28.9037,24.9169
414,300,139,90,71,30.0000,23.6667
415,299,135,90,74,30.1003,24.7492
416,301,133,94,74,31.2292,24.5847
417,301,127,96,78,31.8937,25.9136
418,301,121,96,84,31.8937,27.9070
419,300,117,98,85,32.6667,28.3333
420,299,116,99,84,33.1104,28.0936
421,301,114,102,85,33.8870,28.2392
422,301,116,96,89,31.8937,29.5681
423,301,117,95,89,31.5615,29.5681
424,299,116,91,92,30.4348,30.7692
425,302,118,89,95,29.4702,31.4570
426,301,117,86,98,28.5714,32.5581
427,300,114,84,102,28.0000,34.0000
428,296,113,79,104,26.6892,35.1351
429,298,115,74,109,24.8322,36.5772
430,300,117,73,110,24.3333,36.6667
431,298,116,69,113,23.1544,37.9195
432,298,118,65,115,21.8121,38.5906
433,299,119,61,119,20.4013,39.7993
434,304,122,60,122,19.7368,40.1316
435,303,120,57,126,18.8119,41.5842
436,303,120,54,129,17.8218,42.5743
437,303,120,54,129,17.8218,42.5743
438,300,118,47,135,15.6667,45.0000
439,300,117,44,139,14.6667,46.3333
440,300,117,40,143,13.3333,47.6667
441,297,116,38,143,12.7946,48.1481
442,300,117,38,145,12.6667,48.3333
443,300,114,40,146,13.3333,48.6667
444,300,111,42,147,14.0000,49.0000
445,300,112,41,147,13.6667,49.0000
446,300,111,43,146,14.3333,48.6667
447,300,111,41,148,13.6667,49.3333
448,300,111,40,149,13.3333,49.6667
449,299,113,40,146,13.3779,48.8294
450,298,113,38,147,12.7517,49.3289
451,297,112,40,145,13.4680,48.8215
452,298,110,43,145,14.4295,48.6577
453,302,115,41,146,13.5762,48.3444
454,302,116,41,145,13.5762,48.0132
455,301,115,40,146,13.2890,48.5050
456,301,114,40,147,13.2890,48.8372
457,301,118,40,143,13.2890,47.5083
458,301,116,42,143,13.9535,47.5083
459,300,119,40,141,13.3333,47.0000
460,299,122,39,138,13.0435,46.1538
461,301,123,40,138,13.2890,45.8472
462,301,122,40,139,13.2890,46.1794
463,299,124,37,138,12.3746,46.1538
464,299,125,37,137,12.3746,45.8194
465,300,132,36,132,12.0000,44.0000
466,300,128,38,134,12.6667,44.6667
467,299,131,35,133,11.7057,44.4816
468,301,133,34,134,11.2957,44.5183
469,300,137,33,130,11.0000,43.3333
470,299,140,34,125,11.3712,41.8060
471,302,143,35,124,11.5894,41.0596
472,301,141,33,127,10.9635,42.1927
473,300,139,35,126,11.6667,42.0000
474,300,146,34,120,11.3333,40.0000
475,300,145,35,120,11.6667,40.0000
476,300,146,35,119,11.6667,39.6667
477,300,146,37,117,12.3333,39.0000
478,299,150,35,114,11.7057,38.1271
479,305,160,34,111,11.1475,36.3934
480,305,162,34,109,11.1475,35.7377
481,305,168,33,104,10.8197,34.0984
482,305,167,34,104,11.1475,34.0984
483,305,166,37,102,12.1311,33.4426
484,305,168,36,101,11.8033,33.1148
485,305,170,38,97,12.4590,31.8033
486,305,169,40,96,13.1148,31.4754
487,305,172,40,93,13.1148,30.4918
488,305,172,44,89,14.4262,29.1803
489,305,168,49,88,16.0656,28.8525
490,305,173,50,82,16.3934,26.8852
491,305,175,50,80,16.3934,26.2295
492,304,176,52,76,17.1053,25.0000
493,303,176,49,78,16.1716,25.7426
494,303,175,50,78,16.5017,25.7426
495,303,169,56,78,18.4818,25.7426
496,303,168,55,80,18.1518,26.4026
497,303,163,60,80,19.8020,26.4026
498,302,160,61,81,20.1987,26.8212
499,302,160,64,78,21.1921,25.8278
500,301,158,67,76,22.2591,25.2492
501,301,158,68,75,22.5914,24.9169
502,301,155,72,74,23.9203,24.5847
503,298,153,68,77,22.8188,25.8389
504,298,146,75,77,25.1678,25.8389
505,299,145,78,76,26.0870,25.4181
506,303,148,77,78,25.4125,25.7426
507,303,146,78,79,25.7426,26.0726
508,302,141,82,79,27.1523,26.1589
509,302,136,82,84,27.1523,27.8146
510,301,137,80,84,26.5781,27.9070
511,300,134,83,83,27.6667,27.6667
512,299,131,82,86,27.4247,28.7625
513,299,133,82,84,27.4247,28.0936
514,302,135,82,85,27.1523,28.1457
515,301,134,79,88,26.2458,29.2359
516,301,133,79,89,26.2458,29.5681
517,300,131,80,89,26.6667,29.6667
518,299,129,76,94,25.4181,31.4381
519,298,129,76,93,25.5034,31.2081
520,301,133,73,95,24.2525,31.5615
521,301,127,76,98,25.2492,32.5581
522,301,121,82,98,27.2425,32.5581
523,299,119,79,101,26.4214,33.7793
524,304,127,76,101,25.0000,33.2237
525,303,122,73,108,24.0924,35.6436
526,301,118,76,107,25.2492,35.5482
527,301,115,78,108,25.9136,35.8804
528,301,115,73,113,24.2525,37.5415
529,297,112,70,115,23.5690,38.7205
530,299,112,72,115,24.0803,38.4615
531,300,112,73,115,24.3333,38.3333
532,297,110,70,117,23.5690,39.3939
533,301,111,73,117,24.2525,38.8704
534,300,111,73,116,24.3333,38.6667
535,298,110,71,117,23.8255,39.2617
536,297,106,76,115,25.5892,38.7205
537,299,106,76,117,25.4181,39.1304
538,301,108,75,118,24.9169,39.2027
539,301,110,71,120,23.5880,39.8671
540,301,107,72,122,23.9203,40.5316
541,301,102,74,125,24.5847,41.5282
542,300,100,72,128,24.0000,42.6667
543,298,101,68,129,22.8188,43.2886
544,298,101,67,130,22.4832,43.6242
545,298,100,68,130,22.8188,43.6242
546,299,104,64,131,21.4047,43.8127
547,301,106,60,135,19.9336,44.8505
548,301,106,62,133,20.5980,44.1860
549,300,106,62,132,20.6667,44.0000
550,299,101,64,134,21.4047,44.8161
551,299,101,61,137,20.4013,45.8194
552,301,104,58,139,19.2691,46.1794
553,300,104,55,141,18.3333,47.0000
554,297,103,51,143,17.1717,48.1481
555,297,106,50,141,16.8350,47.4747
556,299,107,50,142,16.7224,47.4916
557,301,107,48,146,15.9468,48.5050
558,300,106,49,145,16.3333,48.3333
559,300,109,48,143,16.0000,47.6667
560,300,109,49,142,16.3333,47.3333
561,299,113,46,140,15.3846,46.8227
562,301,117,42,142,13.9535,47.1761
563,300,115,43,142,14.3333,47.3333
564,299,117,42,140,14.0468,46.8227
565,301,117,43,141,14.2857,46.8439
566,300,119,40,141,13.3333,47.0000
567,300,122,40,138,13.3333,46.0000
568,299,124,38,137,12.7090,45.8194
569,298,125,37,136,12.4161,45.6376
570,300,133,33,134,11.0000,44.6667
571,300,133,32,135,10.6667,45.0000
572,300,135,32,133,10.6667,44.3333
573,300,136,34,130,11.3333,43.3333
574,300,136,35,129,11.6667,43.0000
575,300,137,36,127,12.0000,42.3333
576,298,137,38,123,12.7517,41.2752
577,301,147,37,117,12.2924,38.8704
578,301,146,37,118,12.2924,39.2027
579,301,146,37,118,12.2924,39.2027
580,301,151,38,112,12.6246,37.2093
581,301,149,42,110,13.9535,36.5449
582,301,147,44,110,14.6179,36.5449
583,301,146,46,109,15.2824,36.2126
584,301,147,45,109,14.9502,36.2126
585,300,146,43,111,14.3333,37.0000
586,300,143,47,110,15.6667,36.6667
587,300,144,48,108,16.0000,36.0000
588,299,141,49,109,16.3880,36.4548
589,302,146,49,107,16.2252,35.4305
590,302,146,51,105,16.8874,34.7682
591,302,149,51,102,16.8874,33.7748
592,302,148,53,101,17.5497,33.4437
593,302,146,55,101,18.2119,33.4437
594,302,149,55,98,18.2119,32.4503
595,301,149,57,95,18.9369,31.5615
596,301,147,58,96,19.2691,31.8937
597,300,145,58,97,19.3333,32.3333
598,300,145,61,94,20.3333,31.3333
599,299,148,62,89,20.7358,29.7659
600,301,151,59,91,19.6013,30.2326
601,300,148,59,93,19.6667,31.0000
602,299,148,57,94,19.0635,31.4381
603,305,156,57,92,18.6885,30.1639
604,304,151,61,92,20.0658,30.2632
605,303,149,64,90,21.1221,29.7030
606,303,144,66,93,21.7822,30.6931
607,303,142,68,93,22.4422,30.6931
608,303,139,72,92,23.7624,30.3630
609,303,139,75,89,24.7525,29.3729
610,301,139,73,89,24.2525,29.5681
611,300,139,72,89,24.0000,29.6667
612,300,137,72,91,24.0000,30.3333
613,299,137,73,89,24.4147,29.7659
614,299,140,71,88,23.7458,29.4314
615,301,139,73,89,24.2525,29.5681
616,300,138,71,91,23.6667,30.3333
617,300,136,73,91,24.3333,30.3333
618,298,137,68,93,22.8188,31.2081
619,302,140,70,92,23.1788,30.4636
620,302,136,74,92,24.5033,30.4636
621,301,135,73,93,24.2525,30.8970
622,299,135,73,91,24.4147,30.4348
623,301,133,78,90,25.9136,29.9003
624,299,129,78,92,26.0870,30.7692
625,299,129,73,97,24.4147,32.4415
626,298,126,71,101,23.8255,33.8926
627,301,127,72,102,23.9203,33.8870
628,300,126,67,107,22.3333,35.6667
629,299,123,70,106,23.4114,35.4515
630,303,125,68,110,22.4422,36.3036
631,303,122,71,110,23.4323,36.3036
632,302,123,68,111,22.5166,36.7550
633,301,123,68,110,22.5914,36.5449
634,298,120,68,110,22.8188,36.9128
635,301,124,65,112,21.5947,37.2093
636,300,127,62,111,20.6667,37.0000
637,299,128,61,110,20.4013,36.7893
638,301,129,61,111,20.2658,36.8771
639,301,122,66,113,21.9269,37.5415
640,300,121,64,115,21.3333,38.3333
641,298,119,63,116,21.1409,38.9262
642,301,119,65,117,21.5947,38.8704
643,299,118,59,122,19.7324,40.8027
644,300,117,59,124,19.6667,41.3333
645,299,115,60,124,20.0669,41.4716
646,301,116,61,124,20.2658,41.1960
647,299,114,59,126,19.7324,42.1405
648,302,117,60,125,19.8675,41.3907
649,302,116,63,123,20.8609,40.7285
650,302,112,62,128,20.5298,42.3841
651,301,112,58,131,19.2691,43.5216
652,300,111,60,129,20.0000,43.0000
653,300,111,62,127,20.6667,42.3333
654,298,114,59,125,19.7987,41.9463
655,300,116,60,124,20.0000,41.3333
656,300,115,62,123,20.6667,41.0000
657,300,112,65,123,21.6667,41.0000
658,299,115,63,121,21.0702,40.4682
659,300,118,63,119,21.0000,39.6667
660,300,114,60,126,20.0000,42.0000
661,298,111,64,123,21.4765,41.2752
662,297,111,62,124,20.8754,41.7508
663,300,112,64,124,21.3333,41.3333
664,300,114,62,124,20.6667,41.3333
665,300,113,62,125,20.6667,41.6667
666,298,114,58,126,19.4631,42.2819
667,298,111,60,127,20.1342,42.6174
668,298,113,59,126,19.7987,42.2819
669,299,111,61,127,20.4013,42.4749
670,300,113,60,127,20.0000,42.3333
671,298,113,59,126,19.7987,42.2819
672,299,109,65,125,21.7391,41.8060
673,300,110,63,127,21.0000,42.3333
674,299,111,62,126,20.7358,42.1405
675,299,111,62,126,20.7358,42.1405
676,299,112,62,125,20.7358,41.8060
677,303,119,61,123,20.1320,40.5941
678,302,118,64,120,21.1921,39.7351
679,302,121,62,119,20.5298,39.4040
680,302,124,63,115,20.8609,38.0795
681,298,120,59,119,19.7987,39.9329
682,302,129,58,115,19.2053,38.0795
683,300,129,56,115,18.6667,38.3333
684,300,130,55,115,18.3333,38.3333
685,299,128,55,116,18.3946,38.7960
686,302,132,53,117,17.5497,38.7417
687,302,132,52,118,17.2185,39.0728
688,302,130,55,117,18.2119,38.7417
689,302,131,51,120,16.8874,39.7351
690,301,129,50,122,16.6113,40.5316
691,300,131,48,121,16.0000,40.3333
692,297,130,46,121,15.4882,40.7407
693,301,133,45,123,14.9502,40.8638
694,301,134,46,121,15.2824,40.1993
695,301,137,47,117,15.6146,38.8704
696,301,137,47,117,15.6146,38.8704
697,300,137,48,115,16.0000,38.3333
698,300,137,47,116,15.6667,38.6667
699,300,139,44,117,14.6667,39.0000
700,300,139,45,116,15.0000,38.6667
701,300,137,46,117,15.3333,39.0000
702,298,140,45,113,15.1007,37.9195
703,302,144,47,111,15.5629,36.7550
704,302,142,48,112,15.8940,37.0861
705,302,141,49,112,16.2252,37.0861
706,301,141,49,111,16.2791,36.8771
707,301,141,49,111,16.2791,36.8771
708,301,139,49,113,16.2791,37.5415
709,301,136,49,116,16.2791,38.5382
710,299,135,50,114,16.7224,38.1271
711,300,133,52,115,17.3333,38.3333
712,300,135,56,109,18.6667,36.3333
713,299,133,53,113,17.7258,37.7926
714,303,136,55,112,18.1518,36.9637
715,302,137,53,112,17.5497,37.0861
716,301,138,53,110,17.6080,36.5449
717,301,136,53,112,17.6080,37.2093
718,301,138,53,110,17.6080,36.5449
719,301,135,58,108,19.2691,35.8804
720,300,134,60,106,20.0000,35.3333
721,300,134,60,106,20.0000,35.3333
722,300,139,56,105,18.6667,35.0000
723,299,136,56,107,18.7291,35.7860
724,301,137,55,109,18.2724,36.2126
725,301,139,55,107,18.2724,35.5482
726,301,139,56,106,18.6047,35.2159
727,301,140,53,108,17.6080,35.8804
728,301,139,55,107,18.2724,35.5482
729,299,141,51,107,17.0569,35.7860
730,300,140,52,108,17.3333,36.0000
731,300,141,50,109,16.6667,36.3333
732,299,141,45,113,15.0502,37.7926
733,300,147,43,110,14.3333,36.6667
734,299,146,44,109,14.7157,36.4548
735,300,146,45,109,15.0000,36.3333
736,298,143,47,108,15.7718,36.2416
737,301,146,46,109,15.2824,36.2126
738,301,147,46,108,15.2824,35.8804
739,300,149,43,108,14.3333,36.0000
740,300,146,41,113,13.6667,37.6667
741,299,148,42,109,14.0468,36.4548
742,300,151,44,105,14.6667,35.0000
743,299,151,44,104,14.7157,34.7826
744,300,154,43,103,14.3333,34.3333
745,299,155,43,101,14.3813,33.7793
746,300,150,48,102,16.0000,34.0000
747,300,149,51,100,17.0000,33.3333
748,300,150,52,98,17.3333,32.6667
749,300,147,53,100,17.6667,33.3333
750,299,147,54,98,18.0602,32.7759
751,301,152,54,95,17.9402,31.5615
752,301,152,53,96,17.6080,31.8937
753,301,148,59,94,19.6013,31.2292
754,301,143,64,94,21.2625,31.2292
755,300,138,67,95,22.3333,31.6667
756,299,138,64,97,21.4047,32.4415
757,302,141,62,99,20.5298,32.7815
758,302,131,72,99,23.8411,32.7815
759,302,131,72,99,23.8411,32.7815
760,302,131,73,98,24.1722,32.4503
761,299,131,70,98,23.4114,32.7759
762,302,130,74,98,24.5033,32.4503
763,302,131,72,99,23.8411,32.7815
764,302,128,75,99,24.8344,32.7815
765,301,132,72,97,23.9203,32.2259
766,301,130,71,100,23.5880,33.2226
767,298,129,68,101,22.8188,33.8926
768,301,130,70,101,23.2558,33.5548
769,299,132,67,100,22.4080,33.4448
770,300,131,70,99,23.3333,33.0000
771,299,130,70,99,23.4114,33.1104
772,300,129,71,100,23.6667,33.3333
773,299,126,71,102,23.7458,34.1137
774,301,133,65,103,21.5947,34.2193
775,298,133,62,103,20.8054,34.5638
776,297,133,62,102,20.8754,34.3434
777,298,133,63,102,21.1409,34.2282
778,297,134,57,106,19.1919,35.6902
779,298,136,55,107,18.4564,35.9060
780,299,136,55,108,18.3946,36.1204
781,300,138,54,108,18.0000,36.0000
782,298,138,50,110,16.7785,36.9128
783,302,141,53,108,17.5497,35.7616
784,302,145,52,105,17.2185,34.7682
785,302,146,51,105,16.8874,34.7682
786,302,145,51,106,16.8874,35.0993
787,301,145,50,106,16.6113,35.2159
788,301,145,48,108,15.9468,35.8804
789,300,147,46,107,15.3333,35.6667
790,299,148,43,108,14.3813,36.1204
791,300,151,41,108,13.6667,36.0000
792,300,156,42,102,14.0000,34.0000
793,299,155,40,104,13.3779,34.7826
794,302,154,39,109,12.9139,36.0927
795,301,154,37,110,12.2924,36.5449
796,300,154,35,111,11.6667,37.0000
797,299,154,35,110,11.7057,36.7893
798,299,153,36,110,12.0401,36.7893
799,302,155,34,113,11.2583,37.4172
800,302,153,36,113,11.9205,37.4172
801,300,155,34,111,11.3333,37.0000
802,299,151,36,112,12.0401,37.4582
803,301,151,36,114,11.9601,37.8738
804,300,151,35,114,11.6667,38.0000
805,300,151,36,113,12.0000,37.6667
806,299,149,37,113,12.3746,37.7926
807,303,153,38,112,12.5413,36.9637
808,303,154,40,109,13.2013,35.9736
809,303,156,40,107,13.2013,35.3135
810,303,151,45,107,14.8515,35.3135
811,303,152,44,107,14.5215,35.3135
812,302,151,46,105,15.2318,34.7682
813,300,152,45,103,15.0000,34.3333
814,299,150,45,104,15.0502,34.7826
815,300,153,44,103,14.6667,34.3333
816,299,151,45,103,15.0502,34.4482
817,300,152,45,103,15.0000,34.3333
818,300,156,44,100,14.6667,33.3333
819,299,158,43,98,14.3813,32.7759
820,300,159,42,99,14.0000,33.0000
821,300,160,43,97,14.3333,32.3333
822,299,160,40,99,13.3779,33.1104
823,300,160,41,99,13.6667,33.0000
824,299,159,40,100,13.3779,33.4448
825,299,161,42,96,14.0468,32.1070
826,300,165,41,94,13.6667,31.3333
827,300,166,40,94,13.3333,31.3333
828,300,167,39,94,13.0000,31.3333
829,299,166,40,93,13.3779,31.1037
830,300,169,39,92,13.0000,30.6667
831,300,170,39,91,13.0000,30.3333
832,299,171,38,90,12.7090,30.1003
833,303,178,37,88,12.2112,29.0429
834,303,181,36,86,11.8812,28.3828
835,303,178,38,87,12.5413,28.7129
836,303,179,38,86,12.5413,28.3828
837,303,176,38,89,12.5413,29.3729
838,303,175,40,88,13.2013,29.0429
839,303,177,40,86,13.2013,28.3828
840,302,177,41,84,13.5762,27.8146
841,302,175,44,83,14.5695,27.4834
842,302,174,45,83,14.9007,27.4834
843,301,177,45,79,14.9502,26.2458
844,301,174,45,82,14.9502,27.2425
845,300,177,43,80,14.3333,26.6667
846,299,180,42,77,14.0468,25.7525
847,303,185,42,76,13.8614,25.0825
848,302,187,42,73,13.9073,24.1722
849,302,184,44,74,14.5695,24.5033
850,301,183,44,74,14.6179,24.5847
851,300,181,46,73,15.3333,24.3333
852,300,176,50,74,16.6667,24.6667
853,300,172,54,74,18.0000,24.6667
854,300,171,55,74,18.3333,24.6667
855,299,170,55,74,18.3946,24.7492
856,300,169,58,73,19.3333,24.3333
857,300,168,59,73,19.6667,24.3333
858,299,168,54,77,18.0602,25.7525
859,304,171,57,76,18.7500,25.0000
860,304,169,58,77,19.0789,25.3289
861,303,168,57,78,18.8119,25.7426
862,302,164,59,79,19.5364,26.1589
863,299,164,57,78,19.0635,26.0870
864,300,158,64,78,21.3333,26.0000
865,299,157,63,79,21.0702,26.4214
866,300,155,67,78,22.3333,26.0000
867,300,155,66,79,22.0000,26.3333
868,300,153,67,80,22.3333,26.6667
869,299,152,67,80,22.4080,26.7559
870,300,150,70,80,23.3333,26.6667
871,300,149,70,81,23.3333,27.0000
872,298,148,68,82,22.8188,27.5168
873,302,152,64,86,21.1921,28.4768
874,300,149,66,85,22.0000,28.3333
875,300,145,69,86,23.0000,28.6667
876,300,141,71,88,23.6667,29.3333
877,299,137,70,92,23.4114,30.7692
878,301,139,73,89,24.2525,29.5681
879,300,139,73,88,24.3333,29.3333
880,299,135,76,88,25.4181,29.4314
881,304,136,78,90,25.6579,29.6053
882,304,136,79,89,25.9868,29.2763
883,302,131,83,88,27.4834,29.1391
884,301,127,82,92,27.2425,30.5648
885,300,123,84,93,28.0000,31.0000
886,298,121,86,91,28.8591,30.5369
887,297,121,85,91,28.6195,30.6397
888,298,121,86,91,28.8591,30.5369
889,297,122,85,90,28.6195,30.3030
890,300,122,87,91,29.0000,30.3333
891,299,117,88,94,29.4314,31.4381
892,300,119,85,96,28.3333,32.0000
893,299,117,86,96,28.7625,32.1070
894,302,118,84,100,27.8146,33.1126
895,302,114,84,104,27.8146,34.4371
896,302,114,85,103,28.1457,34.1060
897,300,112,83,105,27.6667,35.0000
898,300,113,80,107,26.6667,35.6667
899,300,110,79,111,26.3333,37.0000
900,299,108,77,114,25.7525,38.1271
901,303,113,75,115,24.7525,37.9538
902,302,111,73,118,24.1722,39.0728
903,302,111,69,122,22.8477,40.3974
904,300,108,68,124,22.6667,41.3333
905,296,105,65,126,21.9595,42.5676
906,295,105,65,125,22.0339,42.3729
907,298,109,65,124,21.8121,41.6107
908,299,109,63,127,21.0702,42.4749
909,304,112,62,130,20.3947,42.7632
910,303,115,60,128,19.8020,42.2442
911,302,112,59,131,19.5364,43.3775
912,299,112,57,130,19.0635,43.4783
913,302,116,58,128,19.2053,42.3841
914,298,118,51,129,17.1141,43.2886
915,302,120,48,134,15.8940,44.3709
916,302,120,45,137,14.9007,45.3642
917,302,121,44,137,14.5695,45.3642
918,300,116,48,136,16.0000,45.3333
919,298,116,47,135,15.7718,45.3020
920,300,121,44,135,14.6667,45.0000
921,299,122,44,133,14.7157,44.4816
922,301,124,43,134,14.2857,44.5183
923,301,123,44,134,14.6179,44.5183
924,301,122,45,134,14.9502,44.5183
925,299,126,40,133,13.3779,44.4816
926,302,130,40,132,13.2450,43.7086
927,300,131,37,132,12.3333,44.0000
928,300,133,38,129,12.6667,43.0000
929,300,133,40,127,13.3333,42.3333
930,298,133,37,128,12.4161,42.9530
931,300,135,36,129,12.0000,43.0000
932,299,133,39,127,13.0435,42.4749
933,303,139,36,128,11.8812,42.2442
934,303,138,40,125,13.2013,41.2541
935,303,139,41,123,13.5314,40.5941
936,303,142,41,120,13.5314,39.6040
937,303,144,41,118,13.5314,38.9439
938,303,142,40,121,13.2013,39.9340
939,303,140,39,124,12.8713,40.9241
940,303,136,43,124,14.1914,40.9241
941,303,136,46,121,15.1815,39.9340
942,303,130,50,123,16.5017,40.5941
943,303,130,51,122,16.8317,40.2640
944,303,132,47,124,15.5116,40.9241
945,303,133,45,125,14.8515,41.2541
946,303,137,46,120,15.1815,39.6040
947,303,140,47,116,15.5116,38.2838
948,303,140,47,116,15.5116,38.2838
949,302,138,48,116,15.8940,38.4106
950,302,142,47,113,15.5629,37.4172
951,302,145,49,108,16.2252,35.7616
952,301,145,50,106,16.6113,35.2159
953,300,146,49,105,16.3333,35.0000
954,300,150,48,102,16.0000,34.0000
955,300,152,48,100,16.0000,33.3333
956,300,154,49,97,16.3333,32.3333
957,300,156,49,95,16.3333,31.6667
958,300,150,54,96,18.0000,32.0000
959,299,151,52,96,17.3913,32.1070
960,300,151,53,96,17.6667,32.0000
961,297,152,51,94,17.1717,31.6498
962,300,158,46,96,15.3333,32.0000
963,300,159,43,98,14.3333,32.6667
964,300,158,43,99,14.3333,33.0000
965,299,154,46,99,15.3846,33.1104
966,304,160,47,97,15.4605,31.9079
967,304,162,49,93,16.1184,30.5921
968,304,162,50,92,16.4474,30.2632
969,303,160,50,93,16.5017,30.6931
970,303,159,49,95,16.1716,31.3531
971,303,160,49,94,16.1716,31.0231
972,302,154,55,93,18.2119,30.7947
973,301,151,55,95,18.2724,31.5615
974,301,153,53,95,17.6080,31.5615
975,300,153,51,96,17.0000,32.0000
976,300,156,49,95,16.3333,31.6667
977,300,159,49,92,16.3333,30.6667
978,300,157,47,96,15.6667,32.0000
979,300,154,50,96,16.6667,32.0000
980,300,155,47,98,15.6667,32.6667
981,299,154,48,97,16.0535,32.4415
982,301,156,48,97,15.9468,32.2259
983,301,158,47,96,15.6146,31.8937
984,300,154,50,96,16.6667,32.0000
985,300,155,48,97,16.0000,32.3333
986,298,152,47,99,15.7718,33.2215
987,298,147,51,100,17.1141,33.5570
988,297,146,50,101,16.8350,34.0067
989,301,148,49,104,16.2791,34.5515
990,300,148,50,102,16.6667,34.0000
991,300,147,55,98,18.3333,32.6667
992,299,147,51,101,17.0569,33.7793
993,301,149,49,103,16.2791,34.2193
994,301,149,50,102,16.6113,33.8870
995,301,151,49,101,16.2791,33.5548
996,301,149,55,97,18.2724,32.2259
997,301,148,57,96,18.9369,31.8937
998,301,146,59,96,19.6013,31.8937
999,299,142,59,98,19.7324,32.7759
1000,302,144,60,98,19.8675,32.4503
1001,302,145,61,96,20.1987,31.7881
1002,300,140,65,95,21.6667,31.6667
1003,300,138,65,97,21.6667,32.3333
1004,299,136,65,98,21.7391,32.7759
1005,304,141,66,97,21.7105,31.9079
1006,304,137,69,98,22.6974,32.2368
1007,304,138,67,99,22.0395,32.5658
1008,302,138,63,101,20.8609,33.4437
1009,302,134,68,100,22.5166,33.1126
1010,301,131,69,101,22.9236,33.5548
1011,300,132,65,103,21.6667,34.3333
1012,298,132,65,101,21.8121,33.8926
1013,300,129,70,101,23.3333,33.6667
1014,300,133,68,99,22.6667,33.0000
1015,300,136,69,95,23.0000,31.6667
1016,300,133,70,97,23.3333,32.3333
1017,299,131,67,101,22.4080,33.7793
1018,304,134,67,103,22.0395,33.8816
1019,304,129,71,104,23.3553,34.2105
1020,302,128,68,106,22.5166,35.0993
1021,301,129,67,105,22.2591,34.8837
1022,301,126,70,105,23.2558,34.8837
1023,298,121,70,107,23.4899,35.9060
1024,298,121,68,109,22.8188,36.5772
1025,302,124,69,109,22.8477,36.0927
1026,302,123,69,110,22.8477,36.4238
1027,302,121,70,111,23.1788,36.7550
1028,301,119,72,110,23.9203,36.5449
1029,300,119,70,111,23.3333,37.0000
1030,299,121,68,110,22.7425,36.7893
1031,301,125,67,109,22.2591,36.2126
1032,301,126,67,108,22.2591,35.8804
1033,301,126,64,111,21.2625,36.8771
1034,300,127,59,114,19.6667,38.0000
1035,300,125,61,114,20.3333,38.0000
1036,299,123,58,118,19.3980,39.4649
1037,302,130,57,115,18.8742,38.0795
1038,302,127,60,115,19.8675,38.0795
1039,301,125,59,117,19.6013,38.8704
1040,299,127,54,118,18.0602,39.4649
1041,302,132,52,118,17.2185,39.0728
1042,301,128,55,118,18.2724,39.2027
1043,301,127,50,124,16.6113,41.1960
1044,300,129,49,122,16.3333,40.6667
1045,300,130,48,122,16.0000,40.6667
1046,299,131,45,123,15.0502,41.1371
1047,300,131,47,122,15.6667,40.6667
1048,299,130,44,125,14.7157,41.8060
1049,302,133,42,127,13.9073,42.0530
1050,302,134,40,128,13.2450,42.3841
1051,301,135,39,127,12.9568,42.1927
1052,301,137,36,128,11.9601,42.5249
1053,300,137,35,128,11.6667,42.6667
1054,300,133,39,128,13.0000,42.6667
1055,299,133,39,127,13.0435,42.4749
1056,300,135,37,128,12.3333,42.6667
1057,300,135,38,127,12.6667,42.3333
1058,298,135,36,127,12.0805,42.6174
1059,297,139,35,123,11.7845,41.4141
1060,301,144,36,121,11.9601,40.1993
1061,301,142,37,122,12.2924,40.5316
1062,298,140,35,123,11.7450,41.2752
1063,301,143,38,120,12.6246,39.8671
1064,300,143,38,119,12.6667,39.6667
1065,300,139,41,120,13.6667,40.0000
1066,300,141,42,117,14.0000,39.0000
1067,300,138,44,118,14.6667,39.3333
1068,300,140,45,115,15.0000,38.3333
1069,298,141,43,114,14.4295,38.2550
1070,299,142,45,112,15.0502,37.4582
1071,302,145,47,110,15.5629,36.4238
1072,302,147,49,106,16.2252,35.0993
1073,301,148,49,104,16.2791,34.5515
1074,301,148,48,105,15.9468,34.8837
1075,300,148,49,103,16.3333,34.3333
1076,299,150,47,102,15.7191,34.1137
1077,302,153,48,101,15.8940,33.4437
1078,302,150,53,99,17.5497,32.7815
1079,302,149,56,97,18.5430,32.1192
1080,301,143,62,96,20.5980,31.8937
1081,301,139,64,98,21.2625,32.5581
1082,301,140,64,97,21.2625,32.2259
1083,301,139,63,99,20.9302,32.8904
1084,300,140,61,99,20.3333,33.0000
1085,298,142,58,98,19.4631,32.8859
1086,302,150,56,96,18.5430,31.7881
1087,302,144,59,99,19.5364,32.7815
1088,301,144,62,95,20.5980,31.5615
1089,301,140,65,96,21.5947,31.8937
1090,300,137,66,97,22.0000,32.3333
1091,300,136,68,96,22.6667,32.0000
1092,300,137,69,94,23.0000,31.3333
1093,299,136,72,91,24.0803,30.4348
1094,303,139,72,92,23.7624,30.3630
1095,301,140,75,86,24.9169,28.5714
1096,300,139,77,84,25.6667,28.0000
1097,300,136,80,84,26.6667,28.0000
1098,298,134,80,84,26.8456,28.1879
1099,299,130,81,88,27.0903,29.4314
1100,299,135,77,87,25.7525,29.0970
1101,302,140,75,87,24.8344,28.8079
1102,300,139,71,90,23.6667,30.0000
1103,299,137,71,91,23.7458,30.4348
1104,301,139,74,88,24.5847,29.2359
1105,300,132,81,87,27.0000,29.0000
1106,300,129,83,88,27.6667,29.3333
1107,300,126,84,90,28.0000,30.0000
1108,296,125,82,89,27.7027,30.0676
1109,294,126,79,89,26.8707,30.2721
1110,292,129,74,89,25.3425,30.4795
1111,293,129,73,91,24.9147,31.0580
1112,294,128,70,96,23.8095,32.6531
1113,296,127,72,97,24.3243,32.7703
1114,297,128,74,95,24.9158,31.9865
1115,298,130,72,96,24.1611,32.2148
1116,298,129,70,99,23.4899,33.2215
1117,299,130,69,100,23.0769,33.4448
1118,301,131,68,102,22.5914,33.8870
1119,301,128,67,106,22.2591,35.2159
1120,299,122,71,106,23.7458,35.4515
1121,300,124,69,107,23.0000,35.6667
1122,300,125,67,108,22.3333,36.0000
1123,299,122,68,109,22.7425,36.4548
1124,298,122,64,112,21.4765,37.5839
1125,298,119,61,118,20.4698,39.5973
1126,299,123,60,116,20.0669,38.7960
1127,300,120,58,122,19.3333,40.6667
1128,300,119,58,123,19.3333,41.0000
1129,299,118,58,123,19.3980,41.1371
1130,300,117,61,122,20.3333,40.6667
1131,299,116,62,121,20.7358,40.4682
1132,302,119,60,123,19.8675,40.7285
1133,301,121,59,121,19.6013,40.1993
1134,299,122,57,120,19.0635,40.1338
1135,301,126,55,120,18.2724,39.8671
1136,300,128,51,121,17.0000,40.3333
1137,299,130,50,119,16.7224,39.7993
1138,300,132,48,120,16.0000,40.0000
1139,299,133,49,117,16.3880,39.1304
1140,302,136,45,121,14.9007,40.0662
1141,299,138,39,122,13.0435,40.8027
1142,299,141,37,121,12.3746,40.4682
1143,301,140,40,121,13.2890,40.1993
1144,299,142,38,119,12.7090,39.7993
1145,302,144,36,122,11.9205,40.3974
1146,302,145,36,121,11.9205,40.0662
1147,302,144,37,121,12.2517,40.0662
1148,301,143,33,125,10.9635,41.5282
1149,299,143,31,125,10.3679,41.8060
1150,301,149,28,124,9.3023,41.1960
1151,300,150,29,121,9.6667,40.3333
1152,300,153,26,121,8.6667,40.3333
1153,300,155,25,120,8.3333,40.0000
1154,300,158,26,116,8.6667,38.6667
1155,299,159,25,115,8.3612,38.4615
1156,300,158,27,115,9.0000,38.3333
1157,300,157,27,116,9.0000,38.6667
1158,300,156,29,115,9.6667,38.3333
1159,298,159,25,114,8.3893,38.2550
1160,301,161,27,113,8.9701,37.5415
1161,301,161,27,113,8.9701,37.5415
1162,301,161,29,111,9.6346,36.8771
1163,301,164,28,109,9.3023,36.2126
1164,301,170,24,107,7.9734,35.5482
1165,301,171,24,106,7.9734,35.2159
1166,301,172,25,104,8.3056,34.5515
1167,300,173,24,103,8.0000,34.3333
1168,300,176,23,101,7.6667,33.6667
1169,300,178,23,99,7.6667,33.0000
1170,300,179,23,98,7.6667,32.6667
1171,300,179,29,92,9.6667,30.6667
1172,300,179,27,94,9.0000,31.3333
1173,300,180,28,92,9.3333,30.6667
1174,300,182,28,90,9.3333,30.0000
1175,300,180,29,91,9.6667,30.3333
1176,299,180,29,90,9.6990,30.1003
1177,300,185,31,84,10.3333,28.0000
1178,300,184,31,85,10.3333,28.3333
1179,300,188,32,80,10.6667,26.6667
1180,300,191,30,79,10.0000,26.3333
1181,300,191,30,79,10.0000,26.3333
1182,300,188,32,80,10.6667,26.6667
1183,300,188,32,80,10.6667,26.6667
1184,300,189,33,78,11.0000,26.0000
1185,300,185,38,77,12.6667,25.6667
1186,300,185,39,76,13.0000,25.3333
1187,299,185,41,73,13.7124,24.4147
1188,300,187,43,70,14.3333,23.3333
1189,300,186,44,70,14.6667,23.3333
1190,300,185,47,68,15.6667,22.6667
1191,300,183,47,70,15.6667,23.3333
1192,300,183,47,70,15.6667,23.3333
1193,300,183,49,68,16.3333,22.6667
1194,299,178,54,67,18.0602,22.4080
1195,299,178,55,66,18.3946,22.0736
1196,303,174,61,68,20.1320,22.4422
1197,303,171,65,67,21.4521,22.1122
1198,301,172,62,67,20.5980,22.2591
1199,300,170,63,67,21.0000,22.3333
1200,300,168,68,64,22.6667,21.3333
1201,300,168,70,62,23.3333,20.6667
1202,299,167,72,60,24.0803,20.0669
1203,300,165,75,60,25.0000,20.0000
1204,299,164,77,58,25.7525,19.3980
1205,305,169,78,58,25.5738,19.0164
1206,304,167,76,61,25.0000,20.0658
1207,304,167,76,61,25.0000,20.0658
1208,301,164,75,62,24.9169,20.5980
1209,300,162,75,63,25.0000,21.0000
1210,299,160,74,65,24.7492,21.7391
1211,300,158,77,65,25.6667,21.6667
1212,298,153,79,66,26.5101,22.1477
1213,296,146,81,69,27.3649,23.3108
1214,298,146,81,71,27.1812,23.8255
1215,300,146,82,72,27.3333,24.0000
1216,300,146,80,74,26.6667,24.6667
1217,299,143,77,79,25.7525,26.4214
1218,299,136,81,82,27.0903,27.4247
1219,301,139,80,82,26.5781,27.2425
1220,299,138,80,81,26.7559,27.0903
1221,299,137,79,83,26.4214,27.7592
1222,298,133,82,83,27.5168,27.8523
1223,301,133,81,87,26.9103,28.9037
1224,300,131,84,85,28.0000,28.3333
1225,299,125,84,90,28.0936,30.1003
1226,300,120,90,90,30.0000,30.0000
1227,296,115,93,88,31.4189,29.7297
1228,300,114,100,86,33.3333,28.6667
1229,298,110,98,90,32.8859,30.2013
1230,300,111,101,88,33.6667,29.3333
1231,299,109,100,90,33.4448,30.1003
1232,299,108,98,93,32.7759,31.1037
1233,300,109,94,97,31.3333,32.3333
1234,300,109,88,103,29.3333,34.3333
1235,300,106,91,103,30.3333,34.3333
1236,299,104,87,108,29.0970,36.1204
1237,299,103,86,110,28.7625,36.7893
1238,302,104,84,114,27.8146,37.7483
1239,301,96,86,119,28.5714,39.5349
1240,300,92,89,119,29.6667,39.6667
1241,299,91,86,122,28.7625,40.8027
1242,300,90,84,126,28.0000,42.0000
1243,299,89,84,126,28.0936,42.1405
1244,299,92,82,125,27.4247,41.8060
1245,299,92,78,129,26.0870,43.1438
1246,297,90,74,133,24.9158,44.7811
1247,296,89,71,136,23.9865,45.9459
1248,295,88,71,136,24.0678,46.1017
1249,293,87,66,140,22.5256,47.7816
1250,295,89,64,142,21.6949,48.1356
1251,294,90,60,144,20.4082,48.9796
1252,293,87,62,144,21.1604,49.1468
1253,295,84,63,148,21.3559,50.1695
1254,297,86,63,148,21.2121,49.8316
1255,299,88,61,150,20.4013,50.1672
1256,300,88,60,152,20.0000,50.6667
1257,300,86,64,150,21.3333,50.0000
1258,300,89,62,149,20.6667,49.6667
1259,297,90,55,152,18.5185,51.1785
1260,299,90,54,155,18.0602,51.8395
1261,304,96,52,156,17.1053,51.3158
1262,302,93,55,154,18.2119,50.9934
1263,301,94,52,155,17.2757,51.4950
1264,300,95,49,156,16.3333,52.0000
1265,299,98,47,154,15.7191,51.5050
1266,297,98,47,152,15.8249,51.1785
1267,298,99,48,151,16.1074,50.6711
1268,298,103,47,148,15.7718,49.6644
1269,300,111,43,146,14.3333,48.6667
1270,299,111,43,145,14.3813,48.4950
1271,301,114,41,146,13.6213,48.5050
1272,300,112,41,147,13.6667,49.0000
1273,298,113,40,145,13.4228,48.6577
1274,298,113,38,147,12.7517,49.3289
1275,299,118,37,144,12.3746,48.1605
1276,300,120,35,145,11.6667,48.3333
1277,299,124,33,142,11.0368,47.4916
1278,300,123,33,144,11.0000,48.0000
1279,300,123,33,144,11.0000,48.0000
1280,300,122,33,145,11.0000,48.3333
1281,299,124,31,144,10.3679,48.1605
1282,299,122,32,145,10.7023,48.4950
1283,302,128,30,144,9.9338,47.6821
1284,301,131,30,140,9.9668,46.5116
1285,301,134,32,135,10.6312,44.8505
1286,300,140,32,128,10.6667,42.6667
1287,300,140,31,129,10.3333,43.0000
1288,298,143,30,125,10.0671,41.9463
1289,300,144,33,123,11.0000,41.0000
1290,300,148,33,119,11.0000,39.6667
1291,300,153,31,116,10.3333,38.6667
1292,300,151,30,119,10.0000,39.6667
1293,300,153,30,117,10.0000,39.0000
1294,300,157,30,113,10.0000,37.6667
1295,299,157,32,110,10.7023,36.7893
1296,303,163,33,107,10.8911,35.3135
1297,302,166,33,103,10.9272,34.1060
1298,302,168,33,101,10.9272,33.4437
1299,302,170,35,97,11.5894,32.1192
1300,302,171,35,96,11.5894,31.7881
1301,302,171,39,92,12.9139,30.4636
1302,301,172,40,89,13.2890,29.5681
1303,301,170,42,89,13.9535,29.5681
1304,301,166,45,90,14.9502,29.9003
1305,301,169,46,86,15.2824,28.5714
1306,301,168,46,87,15.2824,28.9037
1307,301,168,48,85,15.9468,28.2392
1308,301,164,54,83,17.9402,27.5748
1309,301,164,51,86,16.9435,28.5714
1310,300,166,49,85,16.3333,28.3333
1311,300,169,49,82,16.3333,27.3333
1312,300,173,48,79,16.0000,26.3333
1313,300,171,51,78,17.0000,26.0000
1314,300,168,52,80,17.3333,26.6667
1315,300,169,53,78,17.6667,26.0000
1316,299,166,57,76,19.0635,25.4181
1317,299,160,62,77,20.7358,25.7525
1318,301,160,64,77,21.2625,25.5814
1319,301,159,63,79,20.9302,26.2458
1320,301,158,65,78,21.5947,25.9136
1321,300,159,63,78,21.0000,26.0000
1322,300,158,64,78,21.3333,26.0000
1323,299,159,63,77,21.0702,25.7525
1324,301,158,61,82,20.2658,27.2425
1325,301,154,65,82,21.5947,27.2425
1326,300,152,69,79,23.0000,26.3333
1327,299,151,69,79,23.0769,26.4214
1328,302,154,65,83,21.5232,27.4834
1329,300,156,63,81,21.0000,27.0000
1330,299,156,64,79,21.4047,26.4214
1331,299,156,64,79,21.4047,26.4214
1332,301,149,73,79,24.2525,26.2458
1333,301,147,78,76,25.9136,25.2492
1334,301,140,81,80,26.9103,26.5781
1335,301,139,80,82,26.5781,27.2425
1336,300,134,83,83,27.6667,27.6667
1337,298,131,80,87,26.8456,29.1946
1338,300,134,75,91,25.0000,30.3333
1339,298,131,77,90,25.8389,30.2013
1340,298,131,74,93,24.8322,31.2081
1341,298,130,73,95,24.4966,31.8792
1342,300,131,73,96,24.3333,32.0000
1343,300,129,76,95,25.3333,31.6667
1344,300,128,78,94,26.0000,31.3333
1345,298,126,76,96,25.5034,32.2148
1346,297,124,74,99,24.9158,33.3333
1347,298,123,75,100,25.1678,33.5570
1348,301,122,76,103,25.2492,34.2193
1349,300,115,82,103,27.3333,34.3333
1350,300,114,84,102,28.0000,34.0000
1351,300,108,89,103,29.6667,34.3333
1352,299,107,84,108,28.0936,36.1204
1353,300,105,83,112,27.6667,37.3333
1354,300,104,78,118,26.0000,39.3333
1355,298,105,75,118,25.1678,39.5973
1356,299,108,73,118,24.4147,39.4649
1357,302,109,70,123,23.1788,40.7285
1358,300,110,68,122,22.6667,40.6667
1359,300,104,72,124,24.0000,41.3333
1360,300,102,72,126,24.0000,42.0000
1361,299,103,73,123,24.4147,41.1371
1362,300,102,76,122,25.3333,40.6667
1363,299,99,75,125,25.0836,41.8060
1364,301,100,74,127,24.5847,42.1927
1365,300,97,74,129,24.6667,43.0000
1366,300,93,76,131,25.3333,43.6667
1367,300,91,75,134,25.0000,44.6667
1368,300,90,74,136,24.6667,45.3333
1369,298,91,67,140,22.4832,46.9799
1370,300,89,67,144,22.3333,48.0000
1371,300,91,63,146,21.0000,48.6667
1372,300,90,62,148,20.6667,49.3333
1373,299,91,59,149,19.7324,49.8328
1374,300,94,58,148,19.3333,49.3333
1375,300,91,62,147,20.6667,49.0000
1376,299,96,62,141,20.7358,47.1572
1377,304,101,63,140,20.7237,46.0526
1378,302,99,62,141,20.5298,46.6887
1379,302,97,62,143,20.5298,47.3510
1380,299,101,58,140,19.3980,46.8227
1381,300,100,60,140,20.0000,46.6667
1382,297,97,59,141,19.8653,47.4747
1383,297,97,54,146,18.1818,49.1582
1384,297,97,54,146,18.1818,49.1582
1385,298,96,52,150,17.4497,50.3356
1386,297,101,47,149,15.8249,50.1684
1387,297,104,46,147,15.4882,49.4949
1388,299,109,43,147,14.3813,49.1639
1389,304,117,43,144,14.1447,47.3684
1390,304,118,42,144,13.8158,47.3684
1391,304,117,43,144,14.1447,47.3684
1392,304,117,46,141,15.1316,46.3816
1393,304,118,45,141,14.8026,46.3816
1394,303,118,44,141,14.5215,46.5347
1395,303,118,43,142,14.1914,46.8647
1396,302,118,42,142,13.9073,47.0199
1397,301,118,44,139,14.6179,46.1794
1398,300,120,45,135,15.0000,45.0000
1399,298,118,44,136,14.7651,45.6376
1400,300,121,44,135,14.6667,45.0000
1401,299,119,44,136,14.7157,45.4849
1402,302,122,42,138,13.9073,45.6954
1403,302,119,45,138,14.9007,45.6954
1404,302,124,45,133,14.9007,44.0397
1405,301,128,43,130,14.2857,43.1894
1406,301,130,45,126,14.9502,41.8605
1407,301,131,46,124,15.2824,41.1960
1408,301,129,49,123,16.2791,40.8638
1409,301,132,50,119,16.6113,39.5349
1410,301,129,53,119,17.6080,39.5349
1411,301,131,51,119,16.9435,39.5349
1412,301,129,53,119,17.6080,39.5349
1413,300,128,52,120,17.3333,40.0000
1414,300,127,51,122,17.0000,40.6667
1415,300,129,52,119,17.3333,39.6667
1416,299,132,50,117,16.7224,39.1304
1417,301,137,47,117,15.6146,38.8704
1418,301,135,52,114,17.2757,37.8738
1419,300,137,50,113,16.6667,37.6667
1420,300,139,50,111,16.6667,37.0000
1421,300,144,47,109,15.6667,36.3333
1422,300,144,50,106,16.6667,35.3333
1423,300,143,52,105,17.3333,35.0000
1424,300,145,52,103,17.3333,34.3333
1425,300,149,53,98,17.6667,32.6667
1426,298,147,52,99,17.4497,33.2215
1427,298,148,50,100,16.7785,33.5570
1428,299,147,52,100,17.3913,33.4448
1429,298,147,49,102,16.4430,34.2282
1430,298,148,47,103,15.7718,34.5638
1431,300,153,47,100,15.6667,33.3333
1432,300,152,46,102,15.3333,34.0000
1433,300,151,47,102,15.6667,34.0000
1434,300,145,53,102,17.6667,34.0000
1435,300,148,53,99,17.6667,33.0000
1436,300,148,52,100,17.3333,33.3333
1437,300,150,54,96,18.0000,32.0000
1438,299,151,52,96,17.3913,32.1070
1439,302,154,52,96,17.2185,31.7881
1440,301,151,55,95,18.2724,31.5615
1441,301,151,54,96,17.9402,31.8937
1442,301,151,56,94,18.6047,31.2292
1443,301,150,52,99,17.2757,32.8904
1444,300,148,52,100,17.3333,33.3333
1445,300,149,52,99,17.3333,33.0000
1446,300,147,53,100,17.6667,33.3333
1447,300,146,54,100,18.0000,33.3333
1448,300,147,53,100,17.6667,33.3333
1449,300,147,53,100,17.6667,33.3333
1450,300,144,54,102,18.0000,34.0000
1451,300,143,56,101,18.6667,33.6667
1452,300,141,58,101,19.3333,33.6667
1453,299,139,58,102,19.3980,34.1137
1454,298,140,56,102,18.7919,34.2282
1455,299,139,57,103,19.0635,34.4482
1456,303,142,58,103,19.1419,33.9934
1457,303,144,57,102,18.8119,33.6634
1458,303,142,59,102,19.4719,33.6634
1459,303,141,59,103,19.4719,33.9934
1460,302,138,57,107,18.8742,35.4305
1461,302,136,59,107,19.5364,35.4305
1462,301,135,60,106,19.9336,35.2159
1463,299,135,58,106,19.3980,35.4515
1464,300,138,59,103,19.6667,34.3333
1465,299,135,60,104,20.0669,34.7826
1466,300,138,60,102,20.0000,34.0000
1467,298,134,60,104,20.1342,34.8993
1468,301,139,58,104,19.2691,34.5515
1469,300,140,60,100,20.0000,33.3333
1470,300,137,63,100,21.0000,33.3333
1471,300,137,62,101,20.6667,33.6667
1472,299,137,57,105,19.0635,35.1171
1473,299,137,61,101,20.4013,33.7793
1474,299,139,58,102,19.3980,34.1137
1475,301,140,58,103,19.2691,34.2193
1476,300,138,60,102,20.0000,34.0000
1477,300,135,61,104,20.3333,34.6667
1478,300,135,60,105,20.0000,35.0000
1479,298,132,60,106,20.1342,35.5705
1480,299,131,62,106,20.7358,35.4515
1481,299,130,63,106,21.0702,35.4515
1482,299,132,61,106,20.4013,35.4515
1483,300,131,61,108,20.3333,36.0000
1484,299,130,66,103,22.0736,34.4482
1485,298,128,65,105,21.8121,35.2349
1486,301,128,67,106,22.2591,35.2159
1487,299,125,69,105,23.0769,35.1171
1488,302,132,66,104,21.8543,34.4371
1489,300,130,65,105,21.6667,35.0000
1490,299,133,63,103,21.0702,34.4482
1491,302,136,64,102,21.1921,33.7748
1492,302,132,67,103,22.1854,34.1060
1493,301,131,67,103,22.2591,34.2193
1494,300,130,66,104,22.0000,34.6667
1495,299,132,67,100,22.4080,33.4448
1496,300,132,68,100,22.6667,33.3333
1497,299,131,67,101,22.4080,33.7793
1498,306,140,66,100,21.5686,32.6797
1499,306,139,65,102,21.2418,33.3333
1500,306,138,64,104,20.9150,33.9869
1501,303,133,66,104,21.7822,34.3234
1502,302,132,65,105,21.5232,34.7682
1503,302,128,69,105,22.8477,34.7682
1504,302,126,70,106,23.1788,35.0993
1505,301,126,68,107,22.5914,35.5482
1506,299,127,67,105,22.4080,35.1171
1507,303,128,66,109,21.7822,35.9736
1508,303,127,65,111,21.4521,36.6337
1509,303,126,68,109,22.4422,35.9736
1510,301,124,69,108,22.9236,35.8804
1511,300,120,73,107,24.3333,35.6667
1512,300,121,74,105,24.6667,35.0000
1513,299,115,78,106,26.0870,35.4515
1514,298,113,76,109,25.5034,36.5772
1515,297,115,74,108,24.9158,36.3636
1516,298,111,75,112,25.1678,37.5839
1517,299,112,74,113,24.7492,37.7926
1518,300,113,72,115,24.0000,38.3333
1519,300,113,73,114,24.3333,38.0000
1520,299,109,77,113,25.7525,37.7926
1521,300,111,72,117,24.0000,39.0000
1522,296,108,70,118,23.6486,39.8649
1523,298,112,68,118,22.8188,39.5973
1524,298,116,66,116,22.1477,38.9262
1525,301,118,66,117,21.9269,38.8704
1526,299,118,63,118,21.0702,39.4649
1527,300,121,65,114,21.6667,38.0000
1528,298,117,66,115,22.1477,38.5906
1529,301,119,66,116,21.9269,38.5382
1530,300,118,67,115,22.3333,38.3333
1531,298,118,64,116,21.4765,38.9262
1532,300,119,61,120,20.3333,40.0000
1533,297,118,56,123,18.8552,41.4141
1534,301,121,57,123,18.9369,40.8638
1535,301,120,58,123,19.2691,40.8638
1536,300,115,60,125,20.0000,41.6667
1537,299,114,59,126,19.7324,42.1405
1538,303,116,63,124,20.7921,40.9241
1539,302,115,62,125,20.5298,41.3907
1540,301,110,67,124,22.2591,41.1960
1541,300,109,64,127,21.3333,42.3333
1542,300,108,66,126,22.0000,42.0000
1543,297,107,63,127,21.2121,42.7609
1544,298,110,62,126,20.8054,42.2819
1545,298,113,61,124,20.4698,41.6107
1546,299,115,62,122,20.7358,40.8027
1547,300,115,63,122,21.0000,40.6667
1548,298,114,62,122,20.8054,40.9396
1549,298,117,57,124,19.1275,41.6107
1550,299,118,57,124,19.0635,41.4716
1551,300,122,55,123,18.3333,41.0000
1552,300,123,57,120,19.0000,40.0000
1553,300,121,58,121,19.3333,40.3333
1554,300,120,60,120,20.0000,40.0000
1555,300,120,57,123,19.0000,41.0000
1556,300,121,55,124,18.3333,41.3333
1557,298,123,51,124,17.1141,41.6107
1558,300,122,53,125,17.6667,41.6667
1559,299,122,54,123,18.0602,41.1371
1560,300,123,55,122,18.3333,40.6667
1561,299,123,50,126,16.7224,42.1405
1562,299,124,47,128,15.7191,42.8094
1563,305,130,47,128,15.4098,41.9672
1564,305,130,48,127,15.7377,41.6393
1565,305,131,49,125,16.0656,40.9836
1566,305,133,49,123,16.0656,40.3279
1567,305,134,47,124,15.4098,40.6557
1568,303,135,44,124,14.5215,40.9241
1569,303,133,49,121,16.1716,39.9340
1570,301,135,47,119,15.6146,39.5349
1571,301,137,46,118,15.2824,39.2027
1572,301,134,46,121,15.2824,40.1993
1573,301,131,50,120,16.6113,39.8671
1574,301,132,48,121,15.9468,40.1993
1575,301,131,50,120,16.6113,39.8671
1576,301,131,51,119,16.9435,39.5349
1577,301,129,53,119,17.6080,39.5349
1578,301,127,55,119,18.2724,39.5349
1579,300,126,52,122,17.3333,40.6667
1580,300,126,48,126,16.0000,42.0000
1581,300,127,50,123,16.6667,41.0000
1582,299,128,50,121,16.7224,40.4682
1583,301,132,51,118,16.9435,39.2027
1584,301,136,49,116,16.2791,38.5382
1585,301,138,51,112,16.9435,37.2093
1586,301,137,53,111,17.6080,36.8771
1587,300,135,55,110,18.3333,36.6667
1588,299,133,57,109,19.0635,36.4548
1589,301,138,57,106,18.9369,35.2159
1590,301,135,55,111,18.2724,36.8771
1591,300,135,56,109,18.6667,36.3333
1592,300,133,58,109,19.3333,36.3333
1593,298,136,54,108,18.1208,36.2416
1594,298,135,52,111,17.4497,37.2483
1595,300,137,51,112,17.0000,37.3333
1596,299,136,48,115,16.0535,38.4615
1597,299,138,45,116,15.0502,38.7960
1598,304,141,44,119,14.4737,39.1447
1599,303,141,42,120,13.8614,39.6040
1600,303,140,44,119,14.5215,39.2739
1601,303,145,43,115,14.1914,37.9538
1602,303,147,40,116,13.2013,38.2838
1603,303,150,40,113,13.2013,37.2937
1604,302,147,42,113,13.9073,37.4172
1605,302,147,43,112,14.2384,37.0861
1606,302,147,41,114,13.5762,37.7483
1607,301,148,39,114,12.9568,37.8738
1608,301,146,44,111,14.6179,36.8771
1609,299,147,44,108,14.7157,36.1204
1610,301,150,42,109,13.9535,36.2126
1611,301,152,43,106,14.2857,35.2159
1612,299,154,39,106,13.0435,35.4515
1613,301,156,42,103,13.9535,34.2193
1614,300,155,45,100,15.0000,33.3333
1615,299,155,43,101,14.3813,33.7793
1616,299,157,42,100,14.0468,33.4448
1617,300,153,47,100,15.6667,33.3333
1618,300,150,50,100,16.6667,33.3333
1619,298,153,47,98,15.7718,32.8859
1620,300,157,47,96,15.6667,32.0000
1621,300,156,46,98,15.3333,32.6667
1622,300,156,47,97,15.6667,32.3333
1623,300,152,52,96,17.3333,32.0000
1624,300,151,55,94,18.3333,31.3333
1625,299,149,55,95,18.3946,31.7726
1626,300,151,57,92,19.0000,30.6667
1627,300,154,54,92,18.0000,30.6667
1628,298,151,54,93,18.1208,31.2081
1629,300,153,50,97,16.6667,32.3333
1630,300,154,51,95,17.0000,31.6667
1631,300,154,54,92,18.0000,30.6667
1632,300,156,57,87,19.0000,29.0000
1633,300,152,61,87,20.3333,29.0000
1634,297,146,60,91,20.2020,30.6397
1635,299,144,63,92,21.0702,30.7692
1636,299,144,64,91,21.4047,30.4348
1637,299,145,63,91,21.0702,30.4348
1638,301,142,66,93,21.9269,30.8970
1639,299,140,66,93,22.0736,31.1037
1640,303,143,68,92,22.4422,30.3630
1641,303,143,66,94,21.7822,31.0231
1642,303,146,68,89,22.4422,29.3729
1643,303,139,72,92,23.7624,30.3630
1644,302,133,72,97,23.8411,32.1192
1645,302,129,76,97,25.1656,32.1192
1646,300,127,77,96,25.6667,32.0000
1647,300,123,84,93,28.0000,31.0000
1648,299,124,84,91,28.0936,30.4348
1649,298,126,80,92,26.8456,30.8725
1650,300,127,84,89,28.0000,29.6667
1651,298,126,84,88,28.1879,29.5302
1652,296,123,85,88,28.7162,29.7297
1653,298,124,84,90,28.1879,30.2013
1654,298,125,82,91,27.5168,30.5369
1655,299,124,80,95,26.7559,31.7726
1656,298,123,80,95,26.8456,31.8792
1657,296,121,80,95,27.0270,32.0946
1658,301,127,79,95,26.2458,31.5615
1659,301,129,75,97,24.9169,32.2259
1660,301,130,73,98,24.2525,32.5581
1661,300,124,77,99,25.6667,33.0000
1662,300,121,82,97,27.3333,32.3333
1663,297,119,79,99,26.5993,33.3333
1664,296,121,75,100,25.3378,33.7838
1665,300,123,73,104,24.3333,34.6667
1666,299,122,68,109,22.7425,36.4548
1667,299,124,61,114,20.4013,38.1271
1668,299,123,63,113,21.0702,37.7926
1669,301,124,62,115,20.5980,38.2060
1670,301,120,64,117,21.2625,38.8704
1671,301,120,61,120,20.2658,39.8671
1672,300,121,59,120,19.6667,40.0000
1673,299,120,56,123,18.7291,41.1371
1674,301,120,57,124,18.9369,41.1960
1675,301,119,56,126,18.6047,41.8605
1676,299,119,54,126,18.0602,42.1405
1677,303,123,56,124,18.4818,40.9241
1678,301,122,53,126,17.6080,41.8605
1679,301,124,51,126,16.9435,41.8605
1680,301,126,52,123,17.2757,40.8638
1681,301,129,50,122,16.6113,40.5316
1682,299,128,45,126,15.0502,42.1405
1683,303,133,41,129,13.5314,42.5743
1684,303,130,42,131,13.8614,43.2343
1685,303,128,43,132,14.1914,43.5644
1686,302,129,42,131,13.9073,43.3775
1687,302,130,41,131,13.5762,43.3775
1688,302,130,39,133,12.9139,44.0397
1689,302,129,40,133,13.2450,44.0397
1690,301,130,38,133,12.6246,44.1860
1691,301,130,37,134,12.2924,44.5183
1692,301,128,37,136,12.2924,45.1827
1693,301,129,38,134,12.6246,44.5183
1694,301,124,40,137,13.2890,45.5150
1695,301,124,41,136,13.6213,45.1827
1696,300,127,41,132,13.6667,44.0000
1697,300,127,42,131,14.0000,43.6667
1698,299,125,44,130,14.7157,43.4783
1699,302,127,45,130,14.9007,43.0464
1700,300,127,45,128,15.0000,42.6667
1701,300,129,45,126,15.0000,42.0000
1702,298,125,46,127,15.4362,42.6174
1703,301,128,48,125,15.9468,41.5282
1704,301,129,46,126,15.2824,41.8605
1705,301,132,44,125,14.6179,41.5282
1706,300,132,44,124,14.6667,41.3333
1707,299,134,45,120,15.0502,40.1338
1708,300,134,47,119,15.6667,39.6667
1709,300,133,46,121,15.3333,40.3333
1710,300,135,46,119,15.3333,39.6667
1711,299,138,48,113,16.0535,37.7926
1712,304,142,50,112,16.4474,36.8421
1713,303,142,49,112,16.1716,36.9637
1714,303,141,49,113,16.1716,37.2937
1715,300,141,46,113,15.3333,37.6667
1716,299,141,47,111,15.7191,37.1237
1717,300,145,47,108,15.6667,36.0000
1718,300,147,48,105,16.0000,35.0000
1719,298,152,45,101,15.1007,33.8926
1720,301,152,46,103,15.2824,34.2193
1721,301,150,50,101,16.6113,33.5548
1722,299,149,52,98,17.3913,32.7759
1723,299,150,51,98,17.0569,32.7759
1724,301,150,54,97,17.9402,32.2259
1725,301,153,56,92,18.6047,30.5648
1726,301,153,54,94,17.9402,31.2292
1727,301,153,54,94,17.9402,31.2292
1728,300,152,54,94,18.0000,31.3333
1729,299,154,52,93,17.3913,31.1037
1730,299,155,52,92,17.3913,30.7692
1731,302,157,52,93,17.2185,30.7947
1732,301,152,55,94,18.2724,31.2292
1733,300,153,54,93,18.0000,31.0000
1734,300,154,56,90,18.6667,30.0000
1735,300,155,57,88,19.0000,29.3333
1736,298,155,57,86,19.1275,28.8591
1737,299,157,55,87,18.3946,29.0970
1738,302,160,54,88,17.8808,29.1391
1739,301,156,57,88,18.9369,29.2359
1740,300,157,57,86,19.0000,28.6667
1741,299,152,60,87,20.0669,29.0970
1742,302,152,62,88,20.5298,29.1391
1743,301,151,61,89,20.2658,29.5681
1744,300,146,64,90,21.3333,30.0000
1745,299,143,66,90,22.0736,30.1003
1746,305,148,69,88,22.6230,28.8525
1747,303,147,69,87,22.7723,28.7129
1748,303,145,72,86,23.7624,28.3828
1749,301,144,73,84,24.2525,27.9070
1750,301,145,73,83,24.2525,27.5748
1751,301,144,73,84,24.2525,27.9070
1752,301,139,73,89,24.2525,29.5681
1753,300,134,75,91,25.0000,30.3333
1754,299,132,75,92,25.0836,30.7692
1755,297,130,73,94,24.5791,31.6498
1756,300,132,74,94,24.6667,31.3333
1757,299,132,75,92,25.0836,30.7692
1758,304,137,77,90,25.3289,29.6053
1759,303,130,80,93,26.4026,30.6931
1760,302,120,86,96,28.4768,31.7881
1761,301,120,85,96,28.2392,31.8937
1762,301,120,79,102,26.2458,33.8870
1763,300,117,78,105,26.0000,35.0000
1764,298,115,75,108,25.1678,36.2416
1765,301,115,78,108,25.9136,35.8804
1766,300,116,73,111,24.3333,37.0000
1767,300,117,72,111,24.0000,37.0000
1768,300,116,72,112,24.0000,37.3333
1769,300,116,69,115,23.0000,38.3333
1770,299,115,71,113,23.7458,37.7926
1771,302,119,73,110,24.1722,36.4238
1772,301,121,69,111,22.9236,36.8771
1773,301,116,71,114,23.5880,37.8738
1774,300,114,65,121,21.6667,40.3333
1775,300,112,71,117,23.6667,39.0000
1776,299,109,70,120,23.4114,40.1338
1777,302,110,69,123,22.8477,40.7285
1778,301,110,69,122,22.9236,40.5316
1779,299,108,70,121,23.4114,40.4682
1780,299,109,60,130,20.0669,43.4783
1781,302,112,55,135,18.2119,44.7020
1782,302,112,54,136,17.8808,45.0331
1783,301,115,53,133,17.6080,44.1860
1784,301,112,54,135,17.9402,44.8505
1785,300,113,52,135,17.3333,45.0000
1786,300,113,51,136,17.0000,45.3333
1787,300,114,51,135,17.0000,45.0000
1788,300,113,50,137,16.6667,45.6667
1789,300,113,50,137,16.6667,45.6667
1790,300,117,46,137,15.3333,45.6667
1791,300,116,47,137,15.6667,45.6667
1792,299,116,48,135,16.0535,45.1505
1793,300,117,47,136,15.6667,45.3333
1794,299,116,50,133,16.7224,44.4816
1795,299,116,48,135,16.0535,45.1505
1796,305,125,44,136,14.4262,44.5902
1797,304,122,44,138,14.4737,45.3947
1798,303,120,45,138,14.8515,45.5446
1799,303,120,44,139,14.5215,45.8746
1800,302,120,40,142,13.2450,47.0199
1801,302,118,40,144,13.2450,47.6821
1802,302,118,39,145,12.9139,48.0132
1803,302,117,41,144,13.5762,47.6821
1804,301,119,40,142,13.2890,47.1761
1805,300,119,40,141,13.3333,47.0000
1806,298,121,39,138,13.0872,46.3087
1807,299,124,38,137,12.7090,45.8194
1808,301,127,39,135,12.9568,44.8505
1809,301,122,42,137,13.9535,45.5150
1810,301,122,42,137,13.9535,45.5150
1811,300,124,42,134,14.0000,44.6667
1812,300,124,43,133,14.3333,44.3333
1813,300,126,43,131,14.3333,43.6667
1814,299,131,42,126,14.0468,42.1405
1815,301,137,39,125,12.9568,41.5282
1816,300,141,36,123,12.0000,41.0000
1817,300,142,36,122,12.0000,40.6667
1818,300,147,31,122,10.3333,40.6667
1819,300,149,31,120,10.3333,40.0000
1820,299,147,34,118,11.3712,39.4649
1821,300,150,36,114,12.0000,38.0000
1822,299,148,37,114,12.3746,38.1271
1823,302,149,38,115,12.5828,38.0795
1824,301,150,36,115,11.9601,38.2060
1825,301,150,37,114,12.2924,37.8738
1826,301,156,37,108,12.2924,35.8804
1827,301,155,36,110,11.9601,36.5449
1828,301,155,39,107,12.9568,35.5482
1829,301,156,37,108,12.2924,35.8804
1830,301,155,37,109,12.2924,36.2126
1831,301,152,40,109,13.2890,36.2126
1832,300,160,41,99,13.6667,33.0000
1833,299,163,42,94,14.0468,31.4381
1834,299,163,42,94,14.0468,31.4381
1835,298,162,43,93,14.4295,31.2081
1836,304,169,45,90,14.8026,29.6053
1837,304,166,50,88,16.4474,28.9474
1838,304,166,53,85,17.4342,27.9605
1839,304,165,55,84,18.0921,27.6316
1840,304,166,55,83,18.0921,27.3026
1841,304,166,51,87,16.7763,28.6184
1842,304,169,52,83,17.1053,27.3026
1843,302,168,52,82,17.2185,27.1523
1844,302,164,54,84,17.8808,27.8146
1845,301,163,55,83,18.2724,27.5748
1846,301,160,57,84,18.9369,27.9070
1847,300,156,64,80,21.3333,26.6667
1848,300,158,63,79,21.0000,26.3333
1849,299,158,63,78,21.0702,26.0870
1850,303,158,66,79,21.7822,26.0726
1851,303,151,73,79,24.0924,26.0726
1852,303,151,72,80,23.7624,26.4026
1853,302,147,75,80,24.8344,26.4901
1854,302,147,74,81,24.5033,26.8212
1855,301,141,78,82,25.9136,27.2425
1856,300,140,80,80,26.6667,26.6667
1857,297,136,79,82,26.5993,27.6094
1858,298,138,77,83,25.8389,27.8523
1859,301,139,78,84,25.9136,27.9070
1860,301,135,79,87,26.2458,28.9037
1861,301,136,78,87,25.9136,28.9037
1862,300,133,80,87,26.6667,29.0000
1863,299,130,81,88,27.0903,29.4314
1864,303,132,83,88,27.3927,29.0429
1865,301,129,83,89,27.5748,29.5681
1866,300,129,83,88,27.6667,29.3333
1867,297,128,79,90,26.5993,30.3030
1868,299,127,78,94,26.0870,31.4381
1869,300,126,78,96,26.0000,32.0000
1870,300,128,78,94,26.0000,31.3333
1871,298,124,76,98,25.5034,32.8859
1872,299,123,75,101,25.0836,33.7793
1873,300,124,71,105,23.6667,35.0000
1874,300,121,69,110,23.0000,36.6667
1875,299,116,73,110,24.4147,36.7893
1876,299,121,66,112,22.0736,37.4582
1877,299,118,68,113,22.7425,37.7926
1878,302,122,67,113,22.1854,37.4172
1879,301,122,67,112,22.2591,37.2093
1880,301,122,63,116,20.9302,38.5382
1881,301,125,64,112,21.2625,37.2093
1882,301,126,64,111,21.2625,36.8771
1883,298,124,62,112,20.8054,37.5839
1884,298,122,63,113,21.1409,37.9195
1885,300,124,60,116,20.0000,38.6667
1886,299,126,57,116,19.0635,38.7960
1887,301,124,57,120,18.9369,39.8671
1888,301,122,55,124,18.2724,41.1960
1889,300,120,55,125,18.3333,41.6667
1890,298,117,55,126,18.4564,42.2819
1891,302,120,52,130,17.2185,43.0464
1892,302,119,51,132,16.8874,43.7086
1893,302,125,49,128,16.2252,42.3841
1894,301,123,49,129,16.2791,42.8571
1895,301,121,45,135,14.9502,44.8505
1896,300,121,45,134,15.0000,44.6667
1897,299,123,40,136,13.3779,45.4849
1898,301,124,42,135,13.9535,44.8505
1899,301,121,44,136,14.6179,45.1827
1900,299,123,43,133,14.3813,44.4816
1901,301,127,43,131,14.2857,43.5216
1902,301,124,47,130,15.6146,43.1894
1903,299,126,45,128,15.0502,42.8094
1904,301,131,43,127,14.2857,42.1927
1905,300,130,43,127,14.3333,42.3333
1906,299,130,45,124,15.0502,41.4716
1907,297,128,46,123,15.4882,41.4141
1908,299,129,44,126,14.7157,42.1405
1909,302,132,45,125,14.9007,41.3907
1910,301,131,46,124,15.2824,41.1960
1911,301,132,43,126,14.2857,41.8605
1912,300,133,43,124,14.3333,41.3333
1913,298,131,45,122,15.1007,40.9396
1914,301,131,49,121,16.2791,40.1993
1915,301,129,49,123,16.2791,40.8638
1916,300,129,50,121,16.6667,40.3333
1917,300,130,49,121,16.3333,40.3333
1918,299,130,50,119,16.7224,39.7993
1919,300,137,46,117,15.3333,39.0000
1920,300,137,49,114,16.3333,38.0000
1921,300,139,50,111,16.6667,37.0000
1922,299,140,49,110,16.3880,36.7893
1923,302,141,53,108,17.5497,35.7616
1924,302,143,54,105,17.8808,34.7682
1925,301,145,55,101,18.2724,33.5548
1926,300,149,53,98,17.6667,32.6667
1927,300,145,56,99,18.6667,33.0000
1928,300,144,58,98,19.3333,32.6667
1929,298,146,55,97,18.4564,32.5503
1930,299,145,56,98,18.7291,32.7759
1931,301,146,57,98,18.9369,32.5581
1932,301,146,61,94,20.2658,31.2292
1933,301,142,62,97,20.5980,32.2259
1934,299,143,58,98,19.3980,32.7759
1935,301,145,58,98,19.2691,32.5581
1936,300,146,55,99,18.3333,33.0000
1937,300,145,58,97,19.3333,32.3333
1938,300,138,66,96,22.0000,32.0000
1939,300,137,70,93,23.3333,31.0000
1940,299,139,68,92,22.7425,30.7692
1941,306,146,68,92,22.2222,30.0654
1942,306,140,73,93,23.8562,30.3922
1943,305,140,75,90,24.5902,29.5082
1944,305,141,72,92,23.6066,30.1639
1945,305,136,77,92,25.2459,30.1639
1946,304,133,79,92,25.9868,30.2632
1947,303,135,79,89,26.0726,29.3729
1948,301,132,78,91,25.9136,30.2326
1949,300,127,85,88,28.3333,29.3333
1950,300,125,85,90,28.3333,30.0000
1951,300,123,88,89,29.3333,29.6667
1952,299,121,84,94,28.0936,31.4381
1953,300,116,87,97,29.0000,32.3333
1954,299,113,88,98,29.4314,32.7759
1955,300,113,88,99,29.3333,33.0000
1956,299,113,89,97,29.7659,32.4415
1957,298,113,87,98,29.1946,32.8859
1958,302,116,84,102,27.8146,33.7748
1959,299,113,79,107,26.4214,35.7860
1960,298,113,80,105,26.8456,35.2349
1961,302,114,84,104,27.8146,34.4371
1962,302,112,83,107,27.4834,35.4305
1963,300,110,82,108,27.3333,36.0000
1964,299,108,82,109,27.4247,36.4548
1965,301,108,77,116,25.5814,38.5382
1966,300,103,77,120,25.6667,40.0000
1967,300,100,80,120,26.6667,40.0000
1968,299,100,77,122,25.7525,40.8027
1969,297,99,74,124,24.9158,41.7508
1970,297,99,70,128,23.5690,43.0976
1971,298,100,69,129,23.1544,43.2886
1972,300,101,69,130,23.0000,43.3333
1973,300,100,67,133,22.3333,44.3333
1974,300,102,64,134,21.3333,44.6667
1975,298,102,62,134,20.8054,44.9664
1976,302,104,63,135,20.8609,44.7020
1977,302,101,65,136,21.5232,45.0331
1978,302,100,66,136,21.8543,45.0331
1979,301,100,66,135,21.9269,44.8505
1980,301,103,61,137,20.2658,45.5150
1981,301,101,61,139,20.2658,46.1794
1982,300,100,60,140,20.0000,46.6667
1983,297,99,55,143,18.5185,48.1481
1984,299,102,53,144,17.7258,48.1605
1985,299,107,51,141,17.0569,47.1572
1986,298,111,47,140,15.7718,46.9799
1987,301,115,43,143,14.2857,47.5083
1988,300,116,41,143,13.6667,47.6667
1989,299,116,42,141,14.0468,47.1572
1990,301,119,37,145,12.2924,48.1728
1991,301,118,39,144,12.9568,47.8405
1992,301,116,39,146,12.9568,48.5050
1993,301,114,41,146,13.6213,48.5050
1994,301,113,44,144,14.6179,47.8405
1995,301,112,43,146,14.2857,48.5050
1996,300,115,45,140,15.0000,46.6667
1997,298,115,42,141,14.0940,47.3154
1998,301,119,40,142,13.2890,47.1761
1999,300,121,38,141,12.6667,47.0000
2000,299,123,37,139,12.3746,46.4883
2001,301,124,37,140,12.2924,46.5116
2002,300,126,35,139,11.6667,46.3333
2003,299,127,31,141,10.3679,47.1572
2004,303,136,31,136,10.2310,44.8845
2005,303,138,32,133,10.5611,43.8944
2006,303,139,33,131,10.8911,43.2343
2007,303,138,34,131,11.2211,43.2343
2008,303,138,34,131,11.2211,43.2343
2009,303,139,34,130,11.2211,42.9043
2010,303,141,36,126,11.8812,41.5842
2011,303,142,39,122,12.8713,40.2640
2012,302,144,33,125,10.9272,41.3907
2013,302,145,31,126,10.2649,41.7219
2014,301,147,28,126,9.3023,41.8605
2015,299,151,25,123,8.3612,41.1371
2016,304,155,27,122,8.8816,40.1316
2017,302,160,26,116,8.6093,38.4106
2018,302,163,26,113,8.6093,37.4172
2019,302,164,28,110,9.2715,36.4238
2020,302,165,27,110,8.9404,36.4238
2021,302,166,30,106,9.9338,35.0993
2022,301,169,28,104,9.3023,34.5515
2023,301,169,31,101,10.2990,33.5548
2024,301,172,32,97,10.6312,32.2259
2025,301,173,34,94,11.2957,31.2292
2026,301,175,33,93,10.9635,30.8970
2027,300,174,36,90,12.0000,30.0000
2028,300,173,37,90,12.3333,30.0000
2029,300,169,41,90,13.6667,30.0000
2030,299,168,42,89,14.0468,29.7659
2031,300,170,42,88,14.0000,29.3333
2032,299,174,41,84,13.7124,28.0936
2033,305,183,42,80,13.7705,26.2295
2034,304,185,42,77,13.8158,25.3289
2035,304,186,44,74,14.4737,24.3421
2036,304,187,44,73,14.4737,24.0132
2037,303,185,43,75,14.1914,24.7525
2038,303,184,45,74,14.8515,24.4224
2039,302,185,46,71,15.2318,23.5099
2040,302,182,51,69,16.8874,22.8477
2041,300,179,51,70,17.0000,23.3333
2042,299,179,55,65,18.3946,21.7391
2043,303,182,54,67,17.8218,22.1122
2044,302,184,56,62,18.5430,20.5298
2045,302,180,59,63,19.5364,20.8609
2046,301,175,63,63,20.9302,20.9302
2047,298,175,62,61,20.8054,20.4698
2048,300,174,65,61,21.6667,20.3333
2049,300,173,67,60,22.3333,20.0000
2050,298,173,61,64,20.4698,21.4765
2051,300,175,60,65,20.0000,21.6667
2052,300,172,63,65,21.0000,21.6667
2053,300,171,65,64,21.6667,21.3333
2054,298,168,68,62,22.8188,20.8054
2055,300,167,73,60,24.3333,20.0000
2056,299,164,74,61,24.7492,20.4013
2057,302,164,76,62,25.1656,20.5298
2058,301,158,79,64,26.2458,21.2625
2059,300,157,79,64,26.3333,21.3333
2060,297,151,78,68,26.2626,22.8956
2061,297,151,80,66,26.9360,22.2222
2062,298,147,80,71,26.8456,23.8255
2063,300,146,81,73,27.0000,24.3333
2064,299,148,80,71,26.7559,23.7458
2065,302,150,80,72,26.4901,23.8411
2066,301,151,75,75,24.9169,24.9169
2067,301,150,76,75,25.2492,24.9169
2068,300,149,76,75,25.3333,25.0000
2069,299,145,77,77,25.7525,25.7525
2070,302,148,73,81,24.1722,26.8212
2071,302,146,73,83,24.1722,27.4834
2072,301,145,74,82,24.5847,27.2425
2073,299,140,77,82,25.7525,27.4247
2074,301,142,74,85,24.5847,28.2392
2075,300,139,69,92,23.0000,30.6667
2076,300,134,71,95,23.6667,31.6667
2077,297,132,69,96,23.2323,32.3232
2078,300,133,70,97,23.3333,32.3333
2079,300,129,70,101,23.3333,33.6667
2080,300,124,73,103,24.3333,34.3333
2081,299,121,72,106,24.0803,35.4515
2082,301,122,68,111,22.5914,36.8771
2083,298,120,66,112,22.1477,37.5839
2084,299,120,69,110,23.0769,36.7893
2085,299,117,69,113,23.0769,37.7926
2086,301,116,71,114,23.5880,37.8738
2087,301,116,68,117,22.5914,38.8704
2088,300,113,70,117,23.3333,39.0000
2089,299,113,69,117,23.0769,39.1304
2090,301,116,66,119,21.9269,39.5349
2091,300,115,67,118,22.3333,39.3333
2092,300,110,71,119,23.6667,39.6667
2093,298,111,66,121,22.1477,40.6040
2094,302,113,66,123,21.8543,40.7285
2095,300,111,67,122,22.3333,40.6667
2096,300,110,63,127,21.0000,42.3333
2097,300,111,62,127,20.6667,42.3333
2098,299,109,59,131,19.7324,43.8127
2099,302,112,57,133,18.8742,44.0397
2100,302,106,59,137,19.5364,45.3642
2101,301,107,53,141,17.6080,46.8439
2102,300,110,52,138,17.3333,46.0000
2103,299,111,53,135,17.7258,45.1505
2104,299,111,52,136,17.3913,45.4849
2105,299,109,53,137,17.7258,45.8194
2106,298,109,48,141,16.1074,47.3154
2107,300,112,47,141,15.6667,47.0000
2108,298,113,43,142,14.4295,47.6510
2109,298,114,40,144,13.4228,48.3221
2110,301,119,39,143,12.9568,47.5083
2111,301,117,40,144,13.2890,47.8405
2112,298,119,38,141,12.7517,47.3154
2113,300,119,39,142,13.0000,47.3333
2114,299,122,39,138,13.0435,46.1538
2115,302,125,40,137,13.2450,45.3642
2116,301,128,37,136,12.2924,45.1827
2117,301,127,41,133,13.6213,44.1860
2118,300,131,39,130,13.0000,43.3333
2119,300,133,38,129,12.6667,43.0000
2120,299,134,35,130,11.7057,43.4783
2121,300,134,36,130,12.0000,43.3333
2122,300,138,35,127,11.6667,42.3333
2123,300,136,36,128,12.0000,42.6667
2124,300,133,37,130,12.3333,43.3333
2125,299,130,38,131,12.7090,43.8127
2126,300,136,37,127,12.3333,42.3333
2127,300,140,39,121,13.0000,40.3333
2128,300,142,40,118,13.3333,39.3333
2129,300,137,46,117,15.3333,39.0000
2130,300,137,49,114,16.3333,38.0000
2131,300,136,54,110,18.0000,36.6667
2132,300,138,50,112,16.6667,37.3333
2133,299,140,50,109,16.7224,36.4548
2134,300,144,51,105,17.0000,35.0000
2135,300,142,52,106,17.3333,35.3333
2136,300,139,54,107,18.0000,35.6667
2137,299,139,53,107,17.7258,35.7860
2138,300,137,55,108,18.3333,36.0000
2139,300,139,57,104,19.0000,34.6667
2140,300,138,59,103,19.6667,34.3333
2141,299,137,59,103,19.7324,34.4482
2142,304,143,60,101,19.7368,33.2237
2143,302,139,62,101,20.5298,33.4437
2144,301,136,60,105,19.9336,34.8837
2145,299,138,59,102,19.7324,34.1137
2146,300,140,60,100,20.0000,33.3333
2147,300,137,62,101,20.6667,33.6667
2148,298,140,61,97,20.4698,32.5503
2149,300,142,64,94,21.3333,31.3333
2150,298,143,61,94,20.4698,31.5436
2151,300,149,58,93,19.3333,31.0000
2152,300,148,61,91,20.3333,30.3333
2153,299,150,62,87,20.7358,29.0970
2154,300,155,60,85,20.0000,28.3333
2155,300,154,59,87,19.6667,29.0000
2156,297,154,55,88,18.5185,29.6296
2157,302,157,57,88,18.8742,29.1391
2158,301,158,58,85,19.2691,28.2392
2159,300,157,57,86,19.0000,28.6667
2160,299,157,56,86,18.7291,28.7625
2161,302,158,61,83,20.1987,27.4834
2162,301,155,61,85,20.2658,28.2392
2163,300,154,60,86,20.0000,28.6667
2164,300,156,57,87,19.0000,29.0000
2165,299,148,63,88,21.0702,29.4314
2166,302,148,64,90,21.1921,29.8013
2167,301,146,67,88,22.2591,29.2359
2168,301,140,72,89,23.9203,29.5681
2169,301,135,71,95,23.5880,31.5615
2170,301,132,73,96,24.2525,31.8937
2171,301,131,74,96,24.5847,31.8937
2172,300,132,73,95,24.3333,31.6667
2173,298,134,69,95,23.1544,31.8792
2174,302,136,71,95,23.5099,31.4570
2175,302,137,73,92,24.1722,30.4636
2176,301,139,72,90,23.9203,29.9003
2177,301,137,72,92,23.9203,30.5648
2178,299,136,71,92,23.7458,30.7692
2179,298,136,68,94,22.8188,31.5436
2180,299,135,70,94,23.4114,31.4381
2181,298,133,67,98,22.4832,32.8859
2182,301,133,67,101,22.2591,33.5548
2183,301,129,67,105,22.2591,34.8837
2184,300,131,68,101,22.6667,33.6667
2185,299,132,63,104,21.0702,34.7826
2186,301,137,59,105,19.6013,34.8837
2187,297,138,53,106,17.8451,35.6902
2188,297,138,52,107,17.5084,36.0269
2189,301,144,48,109,15.9468,36.2126
2190,298,144,46,108,15.4362,36.2416
2191,299,144,43,112,14.3813,37.4582
2192,304,147,43,114,14.1447,37.5000
2193,304,147,44,113,14.4737,37.1711
2194,304,147,42,115,13.8158,37.8289
2195,301,144,43,114,14.2857,37.8738
2196,301,147,44,110,14.6179,36.5449
2197,299,146,43,110,14.3813,36.7893
2198,301,149,41,111,13.6213,36.8771
2199,301,151,39,111,12.9568,36.8771
2200,300,151,37,112,12.3333,37.3333
2201,300,151,36,113,12.0000,37.6667
2202,299,150,39,110,13.0435,36.7893
2203,299,152,36,111,12.0401,37.1237
2204,302,157,34,111,11.2583,36.7550
2205,301,158,32,111,10.6312,36.8771
2206,301,157,34,110,11.2957,36.5449
2207,301,158,34,109,11.2957,36.2126
2208,301,157,37,107,12.2924,35.5482
2209,301,158,33,110,10.9635,36.5449
2210,301,158,34,109,11.2957,36.2126
2211,300,158,34,108,11.3333,36.0000
2212,300,159,32,109,10.6667,36.3333
2213,300,155,36,109,12.0000,36.3333
2214,299,158,34,107,11.3712,35.7860
2215,300,163,31,106,10.3333,35.3333
2216,300,160,34,106,11.3333,35.3333
2217,300,161,35,104,11.6667,34.6667
2218,300,162,36,102,12.0000,34.0000
2219,300,160,38,102,12.6667,34.0000
2220,300,161,40,99,13.3333,33.0000
2221,299,166,40,93,13.3779,31.1037
2222,302,173,38,91,12.5828,30.1325
2223,302,170,39,93,12.9139,30.7947
2224,302,171,36,95,11.9205,31.4570
2225,301,173,36,92,11.9601,30.5648
2226,301,174,36,91,11.9601,30.2326
2227,300,170,38,92,12.6667,30.6667
2228,299,169,38,92,12.7090,30.7692
2229,300,174,36,90,12.0000,30.0000
2230,300,174,37,89,12.3333,29.6667
2231,300,175,38,87,12.6667,29.0000
2232,300,171,40,89,13.3333,29.6667
2233,298,175,36,87,12.0805,29.1946
2234,298,178,35,85,11.7450,28.5235
2235,299,182,36,81,12.0401,27.0903
2236,308,190,35,83,11.3636,26.9481
2237,308,194,31,83,10.0649,26.9481
2238,308,193,34,81,11.0390,26.2987
2239,308,194,34,80,11.0390,25.9740
2240,308,195,33,80,10.7143,25.9740
2241,307,194,38,75,12.3779,24.4300
2242,306,191,41,74,13.3987,24.1830
2243,305,190,44,71,14.4262,23.2787
2244,305,186,48,71,15.7377,23.2787
2245,305,184,50,71,16.3934,23.2787
2246,304,183,53,68,17.4342,22.3684
2247,304,177,58,69,19.0789,22.6974
2248,304,175,57,72,18.7500,23.6842
2249,303,170,60,73,19.8020,24.0924
2250,303,168,62,73,20.4620,24.0924
2251,303,166,65,72,21.4521,23.7624
2252,301,162,66,73,21.9269,24.2525
2253,301,158,71,72,23.5880,23.9203
2254,301,159,71,71,23.5880,23.5880
2255,301,158,75,68,24.9169,22.5914
2256,300,155,79,66,26.3333,22.0000
2257,300,155,79,66,26.3333,22.0000
2258,299,151,81,67,27.0903,22.4080
2259,300,144,87,69,29.0000,23.0000
2260,299,143,87,69,29.0970,23.0769
2261,301,149,87,65,28.9037,21.5947
2262,298,145,86,67,28.8591,22.4832
2263,300,145,83,72,27.6667,24.0000
2264,300,145,80,75,26.6667,25.0000
2265,296,144,77,75,26.0135,25.3378
2266,297,142,79,76,26.5993,25.5892
2267,300,144,79,77,26.3333,25.6667
2268,300,146,76,78,25.3333,26.0000
2269,298,142,75,81,25.1678,27.1812
2270,298,139,75,84,25.1678,28.1879
2271,299,139,76,84,25.4181,28.0936
2272,301,139,74,88,24.5847,29.2359
2273,300,138,67,95,22.3333,31.6667
2274,300,133,72,95,24.0000,31.6667
2275,300,131,76,93,25.3333,31.0000
2276,299,133,72,94,24.0803,31.4381
2277,301,130,74,97,24.5847,32.2259
2278,301,127,76,98,25.2492,32.5581
2279,299,124,73,102,24.4147,34.1137
2280,298,120,71,107,23.8255,35.9060
2281,299,122,70,107,23.4114,35.7860
2282,302,121,72,109,23.8411,36.0927
2283,301,118,71,112,23.5880,37.2093
2284,300,118,72,110,24.0000,36.6667
2285,297,119,70,108,23.5690,36.3636
2286,299,119,70,110,23.4114,36.7893
2287,301,122,69,110,22.9236,36.5449
2288,300,122,68,110,22.6667,36.6667
2289,300,125,69,106,23.0000,35.3333
2290,299,122,69,108,23.0769,36.1204
2291,299,123,66,110,22.0736,36.7893
2292,300,126,66,108,22.0000,36.0000
2293,299,123,68,108,22.7425,36.1204
2294,301,123,64,114,21.2625,37.8738
2295,300,122,63,115,21.0000,38.3333
2296,300,122,62,116,20.6667,38.6667
2297,300,119,62,119,20.6667,39.6667
2298,300,117,59,124,19.6667,41.3333
2299,300,117,56,127,18.6667,42.3333
2300,300,119,54,127,18.0000,42.3333
2301,299,117,55,127,18.3946,42.4749
2302,302,121,51,130,16.8874,43.0464
2303,302,120,47,135,15.5629,44.7020
2304,301,122,47,132,15.6146,43.8538
2305,301,121,45,135,14.9502,44.8505
2306,301,120,45,136,14.9502,45.1827
2307,300,119,43,138,14.3333,46.0000
2308,300,114,47,139,15.6667,46.3333
2309,299,114,45,140,15.0502,46.8227
2310,301,116,43,142,14.2857,47.1761
2311,301,117,43,141,14.2857,46.8439
2312,300,116,42,142,14.0000,47.3333
2313,300,114,42,144,14.0000,48.0000
2314,300,114,42,144,14.0000,48.0000
2315,300,117,42,141,14.0000,47.0000
2316,300,120,41,139,13.6667,46.3333
2317,300,118,43,139,14.3333,46.3333
2318,299,116,41,142,13.7124,47.4916
2319,302,120,42,140,13.9073,46.3576
2320,302,123,42,137,13.9073,45.3642
2321,301,125,41,135,13.6213,44.8505
2322,301,127,41,133,13.6213,44.1860
2323,301,126,41,134,13.6213,44.5183
2324,300,129,40,131,13.3333,43.6667
2325,300,134,42,124,14.0000,41.3333
2326,300,135,42,123,14.0000,41.0000
2327,300,132,45,123,15.0000,41.0000
2328,299,135,42,122,14.0468,40.8027
2329,303,141,41,121,13.5314,39.9340
2330,303,142,39,122,12.8713,40.2640
2331,303,145,40,118,13.2013,38.9439
2332,301,149,40,112,13.2890,37.2093
2333,301,148,39,114,12.9568,37.8738
2334,301,148,39,114,12.9568,37.8738
2335,301,150,39,112,12.9568,37.2093
2336,299,149,36,114,12.0401,38.1271
2337,299,150,34,115,11.3712,38.4615
2338,298,152,34,112,11.4094,37.5839
2339,303,156,31,116,10.2310,38.2838
2340,303,157,31,115,10.2310,37.9538
2341,303,155,33,115,10.8911,37.9538
2342,303,157,34,112,11.2211,36.9637
2343,301,160,32,109,10.6312,36.2126
2344,301,156,36,109,11.9601,36.2126
2345,300,152,38,110,12.6667,36.6667
2346,299,158,37,104,12.3746,34.7826
2347,300,159,37,104,12.3333,34.6667
2348,300,160,36,104,12.0000,34.6667
2349,300,161,38,101,12.6667,33.6667
2350,300,164,39,97,13.0000,32.3333
2351,299,165,40,94,13.3779,31.4381
2352,300,168,40,92,13.3333,30.6667
2353,299,163,45,91,15.0502,30.4348
2354,303,169,43,91,14.1914,30.0330
2355,303,172,46,85,15.1815,28.0528
2356,303,172,44,87,14.5215,28.7129
2357,303,174,43,86,14.1914,28.3828
2358,303,173,44,86,14.5215,28.3828
2359,303,175,43,85,14.1914,28.0528
2360,303,175,43,85,14.1914,28.0528
2361,302,175,43,84,14.2384,27.8146
2362,302,175,44,83,14.5695,27.4834
2363,301,174,46,81,15.2824,26.9103
2364,300,174,45,81,15.0000,27.0000
2365,299,174,45,80,15.0502,26.7559
2366,300,176,44,80,14.6667,26.6667
2367,299,176,46,77,15.3846,25.7525
2368,302,181,45,76,14.9007,25.1656
2369,302,178,47,77,15.5629,25.4967
2370,301,178,49,74,16.2791,24.5847
2371,301,175,52,74,17.2757,24.5847
2372,299,173,50,76,16.7224,25.4181
2373,301,176,46,79,15.2824,26.2458
2374,301,175,47,79,15.6146,26.2458
2375,300,174,45,81,15.0000,27.0000
2376,300,173,46,81,15.3333,27.0000
2377,300,170,48,82,16.0000,27.3333
2378,300,170,49,81,16.3333,27.0000
2379,299,171,47,81,15.7191,27.0903
2380,303,174,50,79,16.5017,26.0726
2381,301,174,49,78,16.2791,25.9136
2382,301,174,50,77,16.6113,25.5814
2383,300,170,53,77,17.6667,25.6667
2384,299,167,54,78,18.0602,26.0870
2385,299,171,50,78,16.7224,26.0870
2386,303,177,49,77,16.1716,25.4125
2387,301,174,52,75,17.2757,24.9169
2388,301,172,54,75,17.9402,24.9169
2389,301,166,58,77,19.2691,25.5814
2390,301,164,57,80,18.9369,26.5781
2391,301,167,52,82,17.2757,27.2425
2392,300,167,50,83,16.6667,27.6667
2393,300,164,53,83,17.6667,27.6667
2394,300,154,62,84,20.6667,28.0000
2395,300,154,61,85,20.3333,28.3333
2396,298,148,63,87,21.1409,29.1946
2397,298,145,66,87,22.1477,29.1946
2398,302,147,67,88,22.1854,29.1391
2399,302,146,70,86,23.1788,28.4768
2400,301,148,68,85,22.5914,28.2392
2401,301,148,67,86,22.2591,28.5714
2402,300,144,68,88,22.6667,29.3333
2403,299,137,73,89,24.4147,29.7659
2404,298,135,74,89,24.8322,29.8658
2405,300,131,78,91,26.0000,30.3333
2406,300,127,86,87,28.6667,29.0000
2407,299,122,90,87,30.1003,29.0970
2408,300,121,89,90,29.6667,30.0000
2409,297,114,93,90,31.3131,30.3030
2410,298,112,92,94,30.8725,31.5436
2411,300,110,97,93,32.3333,31.0000
2412,300,108,99,93,33.0000,31.0000
2413,299,106,98,95,32.7759,31.7726
2414,298,103,99,96,33.2215,32.2148
2415,300,100,98,102,32.6667,34.0000
2416,297,98,95,104,31.9865,35.0168
2417,298,97,95,106,31.8792,35.5705
2418,298,95,98,105,32.8859,35.2349
2419,296,88,100,108,33.7838,36.4865
2420,295,89,100,106,33.8983,35.9322
2421,296,87,103,106,34.7973,35.8108
2422,296,90,99,107,33.4459,36.1486
2423,298,92,97,109,32.5503,36.5772
2424,304,98,93,113,30.5921,37.1711
2425,304,96,96,112,31.5789,36.8421
2426,301,97,84,120,27.9070,39.8671
2427,301,97,87,117,28.9037,38.8704
2428,300,94,83,123,27.6667,41.0000
2429,298,94,76,128,25.5034,42.9530
2430,301,96,73,132,24.2525,43.8538
2431,298,95,69,134,23.1544,44.9664
2432,297,96,64,137,21.5488,46.1279
2433,297,98,61,138,20.5387,46.4646
2434,298,96,62,140,20.8054,46.9799
2435,300,98,56,146,18.6667,48.6667
2436,300,97,56,147,18.6667,49.0000
2437,300,100,51,149,17.0000,49.6667
2438,299,100,48,151,16.0535,50.5017
2439,299,97,46,156,15.3846,52.1739
2440,302,102,43,157,14.2384,51.9868
2441,301,105,39,157,12.9568,52.1595
2442,300,106,40,154,13.3333,51.3333
2443,300,112,40,148,13.3333,49.3333
2444,300,111,43,146,14.3333,48.6667
2445,297,110,38,149,12.7946,50.1684
2446,297,110,36,151,12.1212,50.8418
2447,298,111,36,151,12.0805,50.6711
2448,297,112,33,152,11.1111,51.1785
2449,304,117,35,152,11.5132,50.0000
2450,304,117,34,153,11.1842,50.3289
2451,304,117,33,154,10.8553,50.6579
2452,303,117,34,152,11.2211,50.1650
2453,303,118,35,150,11.5512,49.5050
2454,303,120,35,148,11.5512,48.8449
2455,303,120,32,151,10.5611,49.8350
2456,303,121,30,152,9.9010,50.1650
2457,303,122,31,150,10.2310,49.5050
2458,303,120,33,150,10.8911,49.5050
2459,302,120,30,152,9.9338,50.3311
2460,300,123,29,148,9.6667,49.3333
2461,300,122,32,146,10.6667,48.6667
2462,300,127,31,142,10.3333,47.3333
2463,300,127,30,143,10.0000,47.6667
2464,300,124,33,143,11.0000,47.6667
2465,300,127,31,142,10.3333,47.3333
2466,298,127,31,140,10.4027,46.9799
2467,301,136,30,135,9.9668,44.8505
2468,300,140,27,133,9.0000,44.3333
2469,300,143,27,130,9.0000,43.3333
2470,298,143,25,130,8.3893,43.6242
2471,299,147,25,127,8.3612,42.4749
2472,302,150,25,127,8.2781,42.0530
2473,301,150,25,126,8.3056,41.8605
2474,301,150,27,124,8.9701,41.1960
2475,300,150,28,122,9.3333,40.6667
2476,300,156,28,116,9.3333,38.6667
2477,299,158,27,114,9.0301,38.1271
2478,303,173,26,104,8.5809,34.3234
2479,303,171,27,105,8.9109,34.6535
2480,302,176,28,98,9.2715,32.4503
2481,302,180,28,94,9.2715,31.1258
2482,302,184,26,92,8.6093,30.4636
2483,302,183,30,89,9.9338,29.4702
2484,302,186,29,87,9.6026,28.8079
2485,302,184,30,88,9.9338,29.1391
2486,301,184,32,85,10.6312,28.2392
2487,301,190,32,79,10.6312,26.2458
2488,301,191,33,77,10.9635,25.5814
2489,301,193,36,72,11.9601,23.9203
2490,300,194,36,70,12.0000,23.3333
2491,300,198,37,65,12.3333,21.6667
2492,300,198,40,62,13.3333,20.6667
2493,300,196,43,61,14.3333,20.3333
2494,299,191,46,62,15.3846,20.7358
2495,301,191,46,64,15.2824,21.2625
2496,300,192,44,64,14.6667,21.3333
2497,300,190,49,61,16.3333,20.3333
2498,300,192,50,58,16.6667,19.3333
2499,300,189,54,57,18.0000,19.0000
2500,300,187,57,56,19.0000,18.6667
2501,298,186,56,56,18.7919,18.7919
2502,302,187,61,54,20.1987,17.8808
2503,302,187,59,56,19.5364,18.5430
2504,301,183,62,56,20.5980,18.6047
2505,301,180,61,60,20.2658,19.9336
2506,300,179,59,62,19.6667,20.6667
2507,300,182,60,58,20.0000,19.3333
2508,300,182,61,57,20.3333,19.0000
2509,300,181,61,58,20.3333,19.3333
2510,300,177,62,61,20.6667,20.3333
2511,300,178,62,60,20.6667,20.0000
2512,299,174,65,60,21.7391,20.0669
2513,299,175,62,62,20.7358,20.7358
2514,300,175,60,65,20.0000,21.6667
2515,299,173,58,68,19.3980,22.7425
2516,301,170,64,67,21.2625,22.2591
2517,300,171,62,67,20.6667,22.3333
2518,300,169,63,68,21.0000,22.6667
2519,300,168,63,69,21.0000,23.0000
2520,299,164,63,72,21.0702,24.0803
2521,299,163,63,73,21.0702,24.4147
2522,300,164,61,75,20.3333,25.0000
2523,299,160,62,77,20.7358,25.7525
2524,301,159,62,80,20.5980,26.5781
2525,301,156,62,83,20.5980,27.5748
2526,301,153,65,83,21.5947,27.5748
2527,301,150,68,83,22.5914,27.5748
2528,300,146,70,84,23.3333,28.0000
2529,299,145,69,85,23.0769,28.4281
2530,298,141,72,85,24.1611,28.5235
2531,298,142,71,85,23.8255,28.5235
2532,298,138,72,88,24.1611,29.5302
2533,299,139,73,87,24.4147,29.0970
2534,302,143,72,87,23.8411,28.8079
2535,301,139,74,88,24.5847,29.2359
2536,298,139,69,90,23.1544,30.2013
2537,300,134,76,90,25.3333,30.0000
2538,300,135,74,91,24.6667,30.3333
2539,300,131,77,92,25.6667,30.6667
2540,298,125,77,96,25.8389,32.2148
2541,298,122,79,97,26.5101,32.5503
2542,296,123,76,97,25.6757,32.7703
2543,297,123,74,100,24.9158,33.6700
2544,302,125,74,103,24.5033,34.1060
2545,301,126,71,104,23.5880,34.5515
2546,300,123,72,105,24.0000,35.0000
2547,299,123,70,106,23.4114,35.4515
2548,301,121,72,108,23.9203,35.8804
2549,301,117,74,110,24.5847,36.5449
2550,300,111,77,112,25.6667,37.3333
2551,300,111,75,114,25.0000,38.0000
2552,300,110,75,115,25.0000,38.3333
2553,298,107,72,119,24.1611,39.9329
2554,300,109,71,120,23.6667,40.0000
2555,300,107,76,117,25.3333,39.0000
2556,299,106,72,121,24.0803,40.4682
2557,300,112,67,121,22.3333,40.3333
2558,299,115,63,121,21.0702,40.4682
2559,301,117,63,121,20.9302,40.1993
2560,299,119,55,125,18.3946,41.8060
2561,299,121,50,128,16.7224,42.8094
2562,301,123,52,126,17.2757,41.8605
2563,300,121,52,127,17.3333,42.3333
2564,300,119,54,127,18.0000,42.3333
2565,298,117,54,127,18.1208,42.6174
2566,300,118,57,125,19.0000,41.6667
2567,299,120,56,123,18.7291,41.1371
2568,303,123,54,126,17.8218,41.5842
2569,302,125,46,131,15.2318,43.3775
2570,301,126,43,132,14.2857,43.8538
2571,300,126,43,131,14.3333,43.6667
2572,299,130,41,128,13.7124,42.8094
2573,299,129,42,128,14.0468,42.8094
2574,302,135,40,127,13.2450,42.0530
2575,302,137,37,128,12.2517,42.3841
2576,302,140,35,127,11.5894,42.0530
2577,302,140,37,125,12.2517,41.3907
2578,302,138,39,125,12.9139,41.3907
2579,302,135,42,125,13.9073,41.3907
2580,302,132,47,123,15.5629,40.7285
2581,302,131,50,121,16.5563,40.0662
2582,302,131,47,124,15.5629,41.0596
2583,302,132,46,124,15.2318,41.0596
2584,300,130,47,123,15.6667,41.0000
2585,300,130,46,124,15.3333,41.3333
2586,297,128,46,123,15.4882,41.4141
2587,300,131,43,126,14.3333,42.0000
2588,299,133,43,123,14.3813,41.1371
2589,301,136,44,121,14.6179,40.1993
2590,301,136,45,120,14.9502,39.8671
2591,300,133,48,119,16.0000,39.6667
2592,300,135,49,116,16.3333,38.6667
2593,298,135,47,116,15.7718,38.9262
2594,302,137,49,116,16.2252,38.4106
2595,301,137,51,113,16.9435,37.5415
2596,301,138,53,110,17.6080,36.5449
2597,300,141,50,109,16.6667,36.3333
2598,299,143,47,109,15.7191,36.4548
2599,301,146,47,108,15.6146,35.8804
2600,299,147,46,106,15.3846,35.4515
2601,299,149,43,107,14.3813,35.7860
2602,300,151,43,106,14.3333,35.3333
2603,300,151,46,103,15.3333,34.3333
2604,300,150,49,101,16.3333,33.6667
2605,300,152,48,100,16.0000,33.3333
2606,300,151,46,103,15.3333,34.3333
2607,300,146,50,104,16.6667,34.6667
2608,300,148,50,102,16.6667,34.0000
2609,299,148,52,99,17.3913,33.1104
2610,300,151,52,97,17.3333,32.3333
2611,298,147,53,98,17.7852,32.8859
2612,300,153,53,94,17.6667,31.3333
2613,300,154,54,92,18.0000,30.6667
2614,299,154,54,91,18.0602,30.4348
2615,301,155,52,94,17.2757,31.2292
2616,300,154,51,95,17.0000,31.6667
2617,300,153,54,93,18.0000,31.0000
2618,300,152,57,91,19.0000,30.3333
2619,299,151,59,89,19.7324,29.7659
2620,299,154,58,87,19.3980,29.0970
2621,298,157,61,80,20.4698,26.8456
2622,298,157,64,77,21.4765,25.8389
2623,299,153,68,78,22.7425,26.0870
2624,299,150,70,79,23.4114,26.4214
2625,298,151,68,79,22.8188,26.5101
2626,300,153,68,79,22.6667,26.3333
2627,298,147,74,77,24.8322,25.8389
2628,296,146,74,76,25.0000,25.6757
2629,297,145,74,78,24.9158,26.2626
2630,298,145,75,78,25.1678,26.1745
2631,297,137,81,79,27.2727,26.5993
2632,301,139,80,82,26.5781,27.2425
2633,299,133,82,84,27.4247,28.0936
2634,298,131,86,81,28.8591,27.1812
2635,302,134,86,82,28.4768,27.1523
2636,301,132,89,80,29.5681,26.5781
2637,299,131,89,79,29.7659,26.4214
2638,299,131,87,81,29.0970,27.0903
2639,300,131,89,80,29.6667,26.6667
2640,300,128,92,80,30.6667,26.6667
2641,299,122,96,81,32.1070,27.0903
2642,302,121,95,86,31.4570,28.4768
2643,300,121,91,88,30.3333,29.3333
2644,299,120,87,92,29.0970,30.7692
2645,302,121,87,94,28.8079,31.1258
2646,302,120,88,94,29.1391,31.1258
2647,298,118,82,98,27.5168,32.8859
2648,298,119,79,100,26.5101,33.5570
2649,299,120,77,102,25.7525,34.1137
2650,300,119,78,103,26.0000,34.3333
2651,297,119,71,107,23.9057,36.0269
2652,302,124,68,110,22.5166,36.4238
2653,299,122,68,109,22.7425,36.4548
2654,299,124,64,111,21.4047,37.1237
2655,299,124,61,114,20.4013,38.1271
2656,301,125,60,116,19.9336,38.5382
2657,301,124,63,114,20.9302,37.8738
2658,300,125,63,112,21.0000,37.3333
2659,298,123,61,114,20.4698,38.2550
2660,301,124,60,117,19.9336,38.8704
2661,301,122,60,119,19.9336,39.5349
2662,300,117,59,124,19.6667,41.3333
2663,300,117,58,125,19.3333,41.6667
2664,300,118,58,124,19.3333,41.3333
2665,300,119,56,125,18.6667,41.6667
2666,300,113,61,126,20.3333,42.0000
2667,300,115,62,123,20.6667,41.0000
2668,300,115,61,124,20.3333,41.3333
2669,299,113,60,126,20.0669,42.1405
2670,301,112,60,129,19.9336,42.8571
2671,301,111,58,132,19.2691,43.8538
2672,301,111,58,132,19.2691,43.8538
2673,300,111,54,135,18.0000,45.0000
2674,299,107,56,136,18.7291,45.4849
2675,300,105,59,136,19.6667,45.3333
2676,300,105,62,133,20.6667,44.3333
2677,297,107,56,134,18.8552,45.1178
2678,298,108,54,136,18.1208,45.6376
2679,300,108,55,137,18.3333,45.6667
2680,297,107,54,136,18.1818,45.7912
2681,297,107,55,135,18.5185,45.4545
2682,300,110,52,138,17.3333,46.0000
2683,299,109,51,139,17.0569,46.4883
2684,302,115,50,137,16.5563,45.3642
2685,301,114,51,136,16.9435,45.1827
2686,300,111,51,138,17.0000,46.0000
2687,299,112,47,140,15.7191,46.8227
2688,301,112,46,143,15.2824,47.5083
2689,301,112,46,143,15.2824,47.5083
2690,300,113,46,141,15.3333,47.0000
2691,300,116,43,141,14.3333,47.0000
2692,300,115,44,141,14.6667,47.0000
2693,300,116,45,139,15.0000,46.3333
2694,299,122,42,135,14.0468,45.1505
2695,308,134,37,137,12.0130,44.4805
2696,307,138,35,134,11.4007,43.6482
2697,307,136,39,132,12.7036,42.9967
2698,306,132,42,132,13.7255,43.1373
2699,306,134,42,130,13.7255,42.4837
2700,303,135,39,129,12.8713,42.5743
2701,303,138,39,126,12.8713,41.5842
2702,301,138,37,126,12.2924,41.8605
2703,301,143,37,121,12.2924,40.1993
2704,299,147,35,117,11.7057,39.1304
2705,302,146,40,116,13.2450,38.4106
2706,302,145,43,114,14.2384,37.7483
2707,301,145,42,114,13.9535,37.8738
2708,301,146,44,111,14.6179,36.8771
2709,300,145,45,110,15.0000,36.6667
2710,300,142,47,111,15.6667,37.0000
2711,300,143,49,108,16.3333,36.0000
2712,300,145,52,103,17.3333,34.3333
2713,300,145,53,102,17.6667,34.0000
2714,299,148,55,96,18.3946,32.1070
2715,300,149,58,93,19.3333,31.0000
2716,300,147,61,92,20.3333,30.6667
2717,299,147,62,90,20.7358,30.1003
2718,300,150,55,95,18.3333,31.6667
2719,300,143,63,94,21.0000,31.3333
2720,300,144,63,93,21.0000,31.0000
2721,300,143,65,92,21.6667,30.6667
2722,298,142,66,90,22.1477,30.2013
2723,297,139,71,87,23.9057,29.2929
2724,300,139,74,87,24.6667,29.0000
2725,299,141,73,85,24.4147,28.4281
2726,300,143,68,89,22.6667,29.6667
2727,300,139,70,91,23.3333,30.3333
2728,300,134,74,92,24.6667,30.6667
2729,300,130,77,93,25.6667,31.0000
2730,300,131,77,92,25.6667,30.6667
2731,299,130,76,93,25.4181,31.1037
2732,300,126,80,94,26.6667,31.3333
2733,300,123,81,96,27.0000,32.0000
2734,299,122,83,94,27.7592,31.4381
2735,302,128,81,93,26.8212,30.7947
2736,301,127,78,96,25.9136,31.8937
2737,300,124,80,96,26.6667,32.0000
2738,299,124,81,94,27.0903,31.4381
2739,299,124,82,93,27.4247,31.1037
2740,305,130,80,95,26.2295,31.1475
2741,304,124,84,96,27.6316,31.5789
2742,303,123,82,98,27.0627,32.3432
2743,303,123,80,100,26.4026,33.0033
2744,301,123,77,101,25.5814,33.5548
2745,299,122,73,104,24.4147,34.7826
2746,301,120,79,102,26.2458,33.8870
2747,298,123,77,98,25.8389,32.8859
2748,300,127,74,99,24.6667,33.0000
2749,300,126,69,105,23.0000,35.0000
2750,299,125,66,108,22.0736,36.1204
2751,300,126,66,108,22.0000,36.0000
2752,298,125,62,111,20.8054,37.2483
2753,299,127,58,114,19.3980,38.1271
2754,301,131,55,115,18.2724,38.2060
2755,301,131,53,117,17.6080,38.8704
2756,301,128,54,119,17.9402,39.5349
2757,301,127,54,120,17.9402,39.8671
2758,301,126,55,120,18.2724,39.8671
2759,301,125,56,120,18.6047,39.8671
2760,301,124,51,126,16.9435,41.8605
2761,301,122,49,130,16.2791,43.1894
2762,300,123,47,130,15.6667,43.3333
2763,300,123,44,133,14.6667,44.3333
2764,299,122,43,134,14.3813,44.8161
2765,299,125,42,132,14.0468,44.1472
2766,299,123,40,136,13.3779,45.4849
2767,300,126,36,138,12.0000,46.0000
2768,300,122,38,140,12.6667,46.6667
2769,299,123,36,140,12.0401,46.8227
2770,300,128,36,136,12.0000,45.3333
2771,300,127,36,137,12.0000,45.6667
2772,299,125,38,136,12.7090,45.4849
2773,298,124,38,136,12.7517,45.6376
2774,300,124,40,136,13.3333,45.3333
2775,300,123,40,137,13.3333,45.6667
2776,298,124,37,137,12.4161,45.9732
2777,299,125,37,137,12.3746,45.8194
2778,301,131,36,134,11.9601,44.5183
2779,300,132,38,130,12.6667,43.3333
2780,299,131,37,131,12.3746,43.8127
2781,301,138,34,129,11.2957,42.8571
2782,300,138,34,128,11.3333,42.6667
2783,300,139,36,125,12.0000,41.6667
2784,300,141,36,123,12.0000,41.0000
2785,300,144,36,120,12.0000,40.0000
2786,300,145,37,118,12.3333,39.3333
2787,300,145,37,118,12.3333,39.3333
2788,300,146,39,115,13.0000,38.3333
2789,299,147,36,116,12.0401,38.7960
2790,303,148,39,116,12.8713,38.2838
2791,301,147,39,115,12.9568,38.2060
2792,299,148,40,111,13.3779,37.1237
2793,302,152,39,111,12.9139,36.7550
2794,302,153,38,111,12.5828,36.7550
2795,302,156,39,107,12.9139,35.4305
2796,302,158,38,106,12.5828,35.0993
2797,302,158,40,104,13.2450,34.4371
2798,300,152,43,105,14.3333,35.0000
2799,299,151,43,105,14.3813,35.1171
2800,301,153,44,104,14.6179,34.5515
2801,301,157,46,98,15.2824,32.5581
2802,301,158,47,96,15.6146,31.8937
2803,301,158,46,97,15.2824,32.2259
2804,301,161,47,93,15.6146,30.8970
2805,301,163,49,89,16.2791,29.5681
2806,301,164,51,86,16.9435,28.5714
2807,301,164,52,85,17.2757,28.2392
2808,301,163,53,85,17.6080,28.2392
2809,301,162,55,84,18.2724,27.9070
2810,300,161,55,84,18.3333,28.0000
2811,300,159,56,85,18.6667,28.3333
2812,300,164,56,80,18.6667,26.6667
2813,299,165,56,78,18.7291,26.0870
2814,301,166,58,77,19.2691,25.5814
2815,301,163,63,75,20.9302,24.9169
2816,301,160,65,76,21.5947,25.2492
2817,301,156,69,76,22.9236,25.2492
2818,299,159,64,76,21.4047,25.4181
2819,302,163,62,77,20.5298,25.4967
2820,300,163,59,78,19.6667,26.0000
2821,300,161,61,78,20.3333,26.0000
2822,300,159,62,79,20.6667,26.3333
2823,300,156,63,81,21.0000,27.0000
2824,300,153,66,81,22.0000,27.0000
2825,300,150,68,82,22.6667,27.3333
2826,300,146,72,82,24.0000,27.3333
2827,300,145,70,85,23.3333,28.3333
2828,298,144,69,85,23.1544,28.5235
2829,300,144,71,85,23.6667,28.3333
2830,300,144,68,88,22.6667,29.3333
2831,300,143,66,91,22.0000,30.3333
2832,298,141,68,89,22.8188,29.8658
2833,298,141,69,88,23.1544,29.5302
2834,299,140,69,90,23.0769,30.1003
2835,298,136,68,94,22.8188,31.5436
2836,296,135,66,95,22.2973,32.0946
2837,296,135,64,97,21.6216,32.7703
2838,297,136,63,98,21.2121,32.9966
2839,298,135,67,96,22.4832,32.2148
2840,299,134,68,97,22.7425,32.4415
2841,303,132,74,97,24.4224,32.0132
2842,303,129,73,101,24.0924,33.3333
2843,303,125,74,104,24.4224,34.3234
2844,301,125,72,104,23.9203,34.5515
2845,299,125,69,105,23.0769,35.1171
2846,299,129,66,104,22.0736,34.7826
2847,301,132,65,104,21.5947,34.5515
2848,300,129,66,105,22.0000,35.0000
2849,299,129,62,108,20.7358,36.1204
2850,304,134,62,108,20.3947,35.5263
2851,303,132,62,109,20.4620,35.9736
2852,302,131,63,108,20.8609,35.7616
2853,302,130,62,110,20.5298,36.4238
2854,301,132,57,112,18.9369,37.2093
2855,300,130,56,114,18.6667,38.0000
2856,300,125,59,116,19.6667,38.6667
2857,300,123,60,117,20.0000,39.0000
2858,299,122,59,118,19.7324,39.4649
2859,301,122,60,119,19.9336,39.5349
2860,299,121,58,120,19.3980,40.1338
2861,304,125,56,123,18.4211,40.4605
2862,303,123,55,125,18.1518,41.2541
2863,302,122,56,124,18.5430,41.0596
2864,299,119,56,124,18.7291,41.4716
2865,301,118,60,123,19.9336,40.8638
2866,301,117,60,124,19.9336,41.1960
2867,301,117,60,124,19.9336,41.1960
2868,301,119,57,125,18.9369,41.5282
2869,301,116,59,126,19.6013,41.8605
2870,300,120,57,123,19.0000,41.0000
2871,300,121,57,122,19.0000,40.6667
2872,300,117,62,121,20.6667,40.3333
2873,300,115,61,124,20.3333,41.3333
2874,300,114,64,122,21.3333,40.6667
2875,300,114,66,120,22.0000,40.0000
2876,299,113,64,122,21.4047,40.8027
2877,301,114,62,125,20.5980,41.5282
2878,301,114,62,125,20.5980,41.5282
2879,300,116,60,124,20.0000,41.3333
2880,299,115,59,125,19.7324,41.8060
2881,301,119,58,124,19.2691,41.1960
2882,301,122,56,123,18.6047,40.8638
2883,300,119,59,122,19.6667,40.6667
2884,297,118,54,125,18.1818,42.0875
2885,299,120,49,130,16.3880,43.4783
2886,301,122,51,128,16.9435,42.5249
2887,300,121,53,126,17.6667,42.0000
2888,300,121,54,125,18.0000,41.6667
2889,299,123,54,122,18.0602,40.8027
2890,301,124,54,123,17.9402,40.8638
2891,300,121,56,123,18.6667,41.0000
2892,300,120,54,126,18.0000,42.0000
2893,300,120,53,127,17.6667,42.3333
2894,298,122,52,124,17.4497,41.6107
2895,295,126,49,120,16.6102,40.6780
2896,297,128,48,121,16.1616,40.7407
2897,301,130,50,121,16.6113,40.1993
2898,301,132,48,121,15.9468,40.1993
2899,300,130,49,121,16.3333,40.3333
2900,299,129,49,121,16.3880,40.4682
2901,303,136,49,118,16.1716,38.9439
2902,303,132,53,118,17.4917,38.9439
2903,303,132,52,119,17.1617,39.2739
2904,303,132,47,124,15.5116,40.9241
2905,303,131,51,121,16.8317,39.9340
2906,302,132,50,120,16.5563,39.7351
2907,302,131,53,118,17.5497,39.0728
2908,301,127,56,118,18.6047,39.2027
2909,301,126,57,118,18.9369,39.2027
2910,300,126,57,117,19.0000,39.0000
2911,299,128,55,116,18.3946,38.7960
2912,300,133,53,114,17.6667,38.0000
2913,300,137,52,111,17.3333,37.0000
2914,299,138,52,109,17.3913,36.4548
2915,300,137,55,108,18.3333,36.0000
2916,300,128,64,108,21.3333,36.0000
2917,299,123,69,107,23.0769,35.7860
2918,301,128,66,107,21.9269,35.5482
2919,301,121,72,108,23.9203,35.8804
2920,300,123,71,106,23.6667,35.3333
2921,299,120,72,107,24.0803,35.7860
2922,300,117,74,109,24.6667,36.3333
2923,300,115,75,110,25.0000,36.6667
2924,299,114,75,110,25.0836,36.7893
2925,299,115,76,108,25.4181,36.1204
2926,301,117,76,108,25.2492,35.8804
2927,301,116,76,109,25.2492,36.2126
2928,301,112,77,112,25.5814,37.2093
2929,300,114,74,112,24.6667,37.3333
2930,300,114,74,112,24.6667,37.3333
2931,300,111,77,112,25.6667,37.3333
2932,300,111,79,110,26.3333,36.6667
2933,300,109,82,109,27.3333,36.3333
2934,300,110,83,107,27.6667,35.6667
2935,300,107,86,107,28.6667,35.6667
2936,299,109,80,110,26.7559,36.7893
2937,298,117,72,109,24.1611,36.5772
2938,299,117,72,110,24.0803,36.7893
2939,297,118,71,108,23.9057,36.3636
2940,298,117,68,113,22.8188,37.9195
2941,301,118,66,117,21.9269,38.8704
2942,299,118,64,117,21.4047,39.1304
2943,298,116,62,120,20.8054,40.2685
2944,300,120,64,116,21.3333,38.6667
2945,300,122,62,116,20.6667,38.6667
2946,299,123,59,117,19.7324,39.1304
2947,302,124,58,120,19.2053,39.7351
2948,301,125,55,121,18.2724,40.1993
2949,298,128,50,120,16.7785,40.2685
2950,299,129,50,120,16.7224,40.1338
2951,299,128,49,122,16.3880,40.8027
2952,299,131,47,121,15.7191,40.4682
2953,301,134,45,122,14.9502,40.5316
2954,300,134,42,124,14.0000,41.3333
2955,298,137,38,123,12.7517,41.2752
2956,303,147,39,117,12.8713,38.6139
2957,303,143,41,119,13.5314,39.2739
2958,303,144,40,119,13.2013,39.2739
2959,302,145,38,119,12.5828,39.4040
2960,301,146,37,118,12.2924,39.2027
2961,301,146,37,118,12.2924,39.2027
2962,299,144,38,117,12.7090,39.1304
2963,300,143,38,119,12.6667,39.6667
2964,299,141,37,121,12.3746,40.4682
2965,302,145,37,120,12.2517,39.7351
2966,302,140,43,119,14.2384,39.4040
2967,302,141,43,118,14.2384,39.0728
2968,300,141,41,118,13.6667,39.3333
2969,300,140,43,117,14.3333,39.0000
2970,300,143,43,114,14.3333,38.0000
2971,299,145,40,114,13.3779,38.1271
2972,299,143,39,117,13.0435,39.1304
2973,302,146,41,115,13.5762,38.0795
2974,302,146,44,112,14.5695,37.0861
2975,302,147,45,110,14.9007,36.4238
2976,301,148,44,109,14.6179,36.2126
2977,301,146,45,110,14.9502,36.5449
2978,300,145,44,111,14.6667,37.0000
2979,300,146,45,109,15.0000,36.3333
2980,300,150,45,105,15.0000,35.0000
2981,300,152,46,102,15.3333,34.0000
2982,299,150,46,103,15.3846,34.4482
2983,303,153,47,103,15.5116,33.9934
2984,303,150,49,104,16.1716,34.3234
2985,302,147,49,106,16.2252,35.0993
2986,301,148,47,106,15.6146,35.2159
2987,300,148,44,108,14.6667,36.0000
2988,300,153,44,103,14.6667,34.3333
2989,300,155,46,99,15.3333,33.0000
2990,299,154,49,96,16.3880,32.1070
2991,300,152,52,96,17.3333,32.0000
2992,300,152,56,92,18.6667,30.6667
2993,300,152,57,91,19.0000,30.3333
2994,300,149,57,94,19.0000,31.3333
2995,300,148,61,91,20.3333,30.3333
2996,300,148,60,92,20.0000,30.6667
2997,299,151,57,91,19.0635,30.4348
2998,300,152,59,89,19.6667,29.6667
2999,299,153,59,87,19.7324,29.0970
3000,300,153,63,84,21.0000,28.0000
3001,299,153,62,84,20.7358,28.0936
3002,299,153,61,85,20.4013,28.4281
3003,302,154,63,85,20.8609,28.1457
3004,302,155,59,88,19.5364,29.1391
3005,302,152,61,89,20.1987,29.4702
3006,301,154,59,88,19.6013,29.2359
3007,301,155,59,87,19.6013,28.9037
3008,301,150,62,89,20.5980,29.5681
3009,301,151,62,88,20.5980,29.2359
3010,300,150,62,88,20.6667,29.3333
3011,299,148,64,87,21.4047,29.0970
3012,301,152,63,86,20.9302,28.5714
3013,300,150,60,90,20.0000,30.0000
3014,299,148,56,95,18.7291,31.7726
3015,301,154,55,92,18.2724,30.5648
3016,301,155,54,92,17.9402,30.5648
3017,301,154,55,92,18.2724,30.5648
3018,301,151,58,92,19.2691,30.5648
3019,300,150,56,94,18.6667,31.3333
3020,300,148,54,98,18.0000,32.6667
3021,298,142,56,100,18.7919,33.5570
3022,299,137,62,100,20.7358,33.4448
3023,303,139,62,102,20.4620,33.6634
3024,301,138,63,100,20.9302,33.2226
3025,299,135,61,103,20.4013,34.4482
3026,300,132,65,103,21.6667,34.3333
3027,300,128,69,103,23.0000,34.3333
3028,299,122,74,103,24.7492,34.4482
3029,301,127,70,104,23.2558,34.5515
3030,300,125,73,102,24.3333,34.0000
3031,299,123,72,104,24.0803,34.7826
3032,300,125,70,105,23.3333,35.0000
3033,300,122,74,104,24.6667,34.6667
3034,299,122,71,106,23.7458,35.4515
3035,300,124,71,105,23.6667,35.0000
3036,300,123,73,104,24.3333,34.6667
3037,299,121,74,104,24.7492,34.7826
3038,301,123,74,104,24.5847,34.5515
3039,301,127,72,102,23.9203,33.8870
3040,300,123,75,102,25.0000,34.0000
3041,297,121,73,103,24.5791,34.6801
3042,298,120,70,108,23.4899,36.2416
3043,300,116,71,113,23.6667,37.6667
3044,298,114,69,115,23.1544,38.5906
3045,301,118,69,114,22.9236,37.8738
3046,299,122,64,113,21.4047,37.7926
3047,299,122,62,115,20.7358,38.4615
3048,296,120,59,117,19.9324,39.5270
3049,301,126,57,118,18.9369,39.2027
3050,301,123,59,119,19.6013,39.5349
3051,301,122,57,122,18.9369,40.5316
3052,301,119,58,124,19.2691,41.1960
3053,300,117,59,124,19.6667,41.3333
3054,298,119,56,123,18.7919,41.2752
3055,301,120,61,120,20.2658,39.8671
3056,301,120,63,118,20.9302,39.2027
3057,297,121,60,116,20.2020,39.0572
3058,300,124,60,116,20.0000,38.6667
3059,300,122,61,117,20.3333,39.0000
3060,300,122,61,117,20.3333,39.0000
3061,299,117,63,119,21.0702,39.7993
3062,302,124,60,118,19.8675,39.0728
3063,302,122,60,120,19.8675,39.7351
3064,299,119,57,123,19.0635,41.1371
3065,300,122,59,119,19.6667,39.6667
3066,300,123,60,117,20.0000,39.0000
3067,300,122,61,117,20.3333,39.0000
3068,300,122,62,116,20.6667,38.6667
3069,300,119,63,118,21.0000,39.3333
3070,300,118,63,119,21.0000,39.6667
3071,299,117,62,120,20.7358,40.1338
3072,305,127,63,115,20.6557,37.7049
3073,304,126,61,117,20.0658,38.4868
3074,304,124,61,119,20.0658,39.1447
3075,303,126,58,119,19.1419,39.2739
3076,303,126,57,120,18.8119,39.6040
3077,302,127,56,119,18.5430,39.4040
3078,300,122,58,120,19.3333,40.0000
3079,300,120,60,120,20.0000,40.0000
3080,300,120,56,124,18.6667,41.3333
3081,300,122,55,123,18.3333,41.0000
3082,299,121,51,127,17.0569,42.4749
3083,299,123,51,125,17.0569,41.8060
3084,299,126,48,125,16.0535,41.8060
3085,304,130,49,125,16.1184,41.1184
3086,302,133,46,123,15.2318,40.7285
3087,301,133,45,123,14.9502,40.8638
3088,300,134,43,123,14.3333,41.0000
3089,298,135,41,122,13.7584,40.9396
3090,298,137,38,123,12.7517,41.2752
3091,299,138,39,122,13.0435,40.8027
3092,301,136,42,123,13.9535,40.8638
3093,300,137,40,123,13.3333,41.0000
3094,300,139,40,121,13.3333,40.3333
3095,300,143,40,117,13.3333,39.0000
3096,300,146,37,117,12.3333,39.0000
3097,300,146,38,116,12.6667,38.6667
3098,300,150,35,115,11.6667,38.3333
3099,300,151,33,116,11.0000,38.6667
3100,299,154,31,114,10.3679,38.1271
3101,302,160,31,111,10.2649,36.7550
3102,301,157,32,112,10.6312,37.2093
3103,299,162,30,107,10.0334,35.7860
3104,301,163,33,105,10.9635,34.8837
3105,301,161,35,105,11.6279,34.8837
3106,300,162,33,105,11.0000,35.0000
3107,299,160,33,106,11.0368,35.4515
3108,303,163,36,104,11.8812,34.3234
3109,303,164,35,104,11.5512,34.3234
3110,303,165,35,103,11.5512,33.9934
3111,302,164,36,102,11.9205,33.7748
3112,300,166,31,103,10.3333,34.3333
3113,300,165,33,102,11.0000,34.0000
3114,299,164,35,100,11.7057,33.4448
3115,301,167,37,97,12.2924,32.2259
3116,301,169,38,94,12.6246,31.2292
3117,301,168,39,94,12.9568,31.2292
3118,300,169,40,91,13.3333,30.3333
3119,300,168,41,91,13.6667,30.3333
3120,300,168,43,89,14.3333,29.6667
3121,300,169,44,87,14.6667,29.0000
3122,300,169,43,88,14.3333,29.3333
3123,299,170,44,85,14.7157,28.4281
3124,301,171,44,86,14.6179,28.5714
3125,300,174,41,85,13.6667,28.3333
3126,300,174,41,85,13.6667,28.3333
3127,300,177,40,83,13.3333,27.6667
3128,300,180,37,83,12.3333,27.6667
3129,300,178,40,82,13.3333,27.3333
3130,300,179,40,81,13.3333,27.0000
3131,299,176,41,82,13.7124,27.4247
3132,300,176,45,79,15.0000,26.3333
3133,299,178,42,79,14.0468,26.4214
3134,300,183,41,76,13.6667,25.3333
3135,299,183,39,77,13.0435,25.7525
3136,302,188,37,77,12.2517,25.4967
3137,302,188,35,79,11.5894,26.1589
3138,302,188,36,78,11.9205,25.8278
3139,300,187,37,76,12.3333,25.3333
3140,299,185,38,76,12.7090,25.4181
3141,300,184,39,77,13.0000,25.6667
3142,300,185,41,74,13.6667,24.6667
3143,300,184,41,75,13.6667,25.0000
3144,299,184,40,75,13.3779,25.0836
3145,305,187,45,73,14.7541,23.9344
3146,304,190,44,70,14.4737,23.0263
3147,303,188,44,71,14.5215,23.4323
3148,303,187,48,68,15.8416,22.4422
3149,302,186,47,69,15.5629,22.8477
3150,302,187,48,67,15.8940,22.1854
3151,301,184,51,66,16.9435,21.9269
3152,300,183,50,67,16.6667,22.3333
3153,300,180,50,70,16.6667,23.3333
3154,299,180,51,68,17.0569,22.7425
3155,303,182,53,68,17.4917,22.4422
3156,303,173,61,69,20.1320,22.7723
3157,303,175,60,68,19.8020,22.4422
3158,303,172,64,67,21.1221,22.1122
3159,302,169,63,70,20.8609,23.1788
3160,302,168,62,72,20.5298,23.8411
3161,302,167,63,72,20.8609,23.8411
3162,302,162,64,76,21.1921,25.1656
3163,302,160,65,77,21.5232,25.4967
3164,301,160,67,74,22.2591,24.5847
3165,300,159,65,76,21.6667,25.3333
3166,299,158,64,77,21.4047,25.7525
3167,299,147,74,78,24.7492,26.0870
3168,305,150,77,78,25.2459,25.5738
3169,302,149,73,80,24.1722,26.4901
3170,302,147,74,81,24.5033,26.8212
3171,301,145,73,83,24.2525,27.5748
3172,297,142,70,85,23.5690,28.6195
3173,301,143,73,85,24.2525,28.2392
3174,301,139,77,85,25.5814,28.2392
3175,300,135,79,86,26.3333,28.6667
3176,300,130,81,89,27.0000,29.6667
3177,297,130,78,89,26.2626,29.9663
3178,298,133,76,89,25.5034,29.8658
3179,296,131,75,90,25.3378,30.4054
3180,299,135,76,88,25.4181,29.4314
3181,299,134,76,89,25.4181,29.7659
3182,297,131,76,90,25.5892,30.3030
3183,299,132,76,91,25.4181,30.4348
3184,298,128,77,93,25.8389,31.2081
3185,301,133,75,93,24.9169,30.8970
3186,301,133,74,94,24.5847,31.2292
3187,300,133,71,96,23.6667,32.0000
3188,297,132,65,100,21.8855,33.6700
3189,299,135,65,99,21.7391,33.1104
3190,304,139,67,98,22.0395,32.2368
3191,302,135,68,99,22.5166,32.7815
3192,301,132,68,101,22.5914,33.5548
3193,301,134,66,101,21.9269,33.5548
3194,299,131,64,104,21.4047,34.7826
3195,301,136,61,104,20.2658,34.5515
3196,299,138,54,107,18.0602,35.7860
3197,302,143,51,108,16.8874,35.7616
3198,301,140,52,109,17.2757,36.2126
3199,301,138,52,111,17.2757,36.8771
3200,301,135,54,112,17.9402,37.2093
3201,301,135,52,114,17.2757,37.8738
3202,300,135,50,115,16.6667,38.3333
3203,298,132,52,114,17.4497,38.2550
3204,298,136,49,113,16.4430,37.9195
3205,301,141,48,112,15.9468,37.2093
3206,301,134,54,113,17.9402,37.5415
3207,300,131,54,115,18.0000,38.3333
3208,300,130,55,115,18.3333,38.3333
3209,299,129,52,118,17.3913,39.4649
3210,300,128,55,117,18.3333,39.0000
3211,300,128,57,115,19.0000,38.3333
3212,299,127,56,116,18.7291,38.7960
3213,300,127,55,118,18.3333,39.3333
3214,300,131,56,113,18.6667,37.6667
3215,298,129,56,113,18.7919,37.9195
3216,301,128,59,114,19.6013,37.8738
3217,300,130,60,110,20.0000,36.6667
3218,300,125,65,110,21.6667,36.6667
3219,298,123,66,109,22.1477,36.5772
3220,295,117,68,110,23.0508,37.2881
3221,298,122,67,109,22.4832,36.5772
3222,305,127,69,109,22.6230,35.7377
3223,304,128,67,109,22.0395,35.8553
3224,304,129,66,109,21.7105,35.8553
3225,304,125,68,111,22.3684,36.5132
3226,303,125,65,113,21.4521,37.2937
3227,302,120,69,113,22.8477,37.4172
3228,301,121,69,111,22.9236,36.8771
3229,301,121,71,109,23.5880,36.2126
3230,300,123,66,111,22.0000,37.0000
3231,299,120,68,111,22.7425,37.1237
3232,302,122,68,112,22.5166,37.0861
3233,302,124,65,113,21.5232,37.4172
3234,302,123,66,113,21.8543,37.4172
3235,302,124,66,112,21.8543,37.0861
3236,301,125,63,113,20.9302,37.5415
3237,300,127,62,111,20.6667,37.0000
3238,299,127,59,113,19.7324,37.7926
3239,299,131,57,111,19.0635,37.1237
3240,301,138,55,108,18.2724,35.8804
3241,299,136,55,108,18.3946,36.1204
3242,304,140,55,109,18.0921,35.8553
3243,304,136,58,110,19.0789,36.1842
3244,302,138,56,108,18.5430,35.7616
3245,302,137,57,108,18.8742,35.7616
3246,302,136,56,110,18.5430,36.4238
3247,302,137,53,112,17.5497,37.0861
3248,300,139,52,109,17.3333,36.3333
3249,299,135,54,110,18.0602,36.7893
3250,300,134,55,111,18.3333,37.0000
3251,300,134,58,108,19.3333,36.0000
3252,298,135,51,112,17.1141,37.5839
3253,300,138,53,109,17.6667,36.3333
3254,299,136,56,107,18.7291,35.7860
3255,303,137,57,109,18.8119,35.9736
3256,303,137,58,108,19.1419,35.6436
3257,302,135,61,106,20.1987,35.0993
3258,301,133,62,106,20.5980,35.2159
3259,300,132,62,106,20.6667,35.3333
3260,299,131,61,107,20.4013,35.7860
3261,301,135,60,106,19.9336,35.2159
3262,301,131,61,109,20.2658,36.2126
3263,301,129,61,111,20.2658,36.8771
3264,300,132,59,109,19.6667,36.3333
3265,299,132,61,106,20.4013,35.4515
3266,301,134,55,112,18.2724,37.2093
3267,300,136,53,111,17.6667,37.0000
3268,299,133,55,111,18.3946,37.1237
3269,301,133,53,115,17.6080,38.2060
3270,298,127,56,115,18.7919,38.5906
3271,298,124,57,117,19.1275,39.2617
3272,298,126,55,117,18.4564,39.2617
3273,302,131,55,116,18.2119,38.4106
3274,300,129,55,116,18.3333,38.6667
3275,297,130,51,116,17.1717,39.0572
3276,300,134,49,117,16.3333,39.0000
3277,300,135,49,116,16.3333,38.6667
3278,299,138,47,114,15.7191,38.1271
3279,301,139,47,115,15.6146,38.2060
3280,301,137,49,115,16.2791,38.2060
3281,300,136,47,117,15.6667,39.0000
3282,299,138,46,115,15.3846,38.4615
3283,299,138,46,115,15.3846,38.4615
3284,303,143,45,115,14.8515,37.9538
3285,303,143,48,112,15.8416,36.9637
3286,303,142,47,114,15.5116,37.6238
3287,303,141,50,112,16.5017,36.9637
3288,303,141,54,108,17.8218,35.6436
3289,303,138,54,111,17.8218,36.6337
3290,302,139,50,113,16.5563,37.4172
3291,301,138,49,114,16.2791,37.8738
3292,301,139,50,112,16.6113,37.2093
3293,301,138,53,110,17.6080,36.5449
3294,300,139,50,111,16.6667,37.0000
3295,300,139,50,111,16.6667,37.0000
3296,300,137,52,111,17.3333,37.0000
3297,300,137,52,111,17.3333,37.0000
3298,300,136,56,108,18.6667,36.0000
3299,299,136,58,105,19.3980,35.1171
3300,303,139,56,108,18.4818,35.6436
3301,303,141,54,108,17.8218,35.6436
3302,303,143,53,107,17.4917,35.3135
3303,303,140,56,107,18.4818,35.3135
3304,302,144,53,105,17.5497,34.7682
3305,301,140,56,105,18.6047,34.8837
3306,301,139,55,107,18.2724,35.5482
3307,300,135,59,106,19.6667,35.3333
3308,300,134,59,107,19.6667,35.6667
3309,298,131,57,110,19.1275,36.9128
3310,299,130,58,111,19.3980,37.1237
3311,297,128,58,111,19.5286,37.3737
3312,299,131,59,109,19.7324,36.4548
3313,298,131,58,109,19.4631,36.5772
3314,298,133,59,106,19.7987,35.5705
3315,302,140,60,102,19.8675,33.7748
3316,301,138,59,104,19.6013,34.5515
3317,299,136,59,104,19.7324,34.7826
3318,302,139,63,100,20.8609,33.1126
3319,301,138,60,103,19.9336,34.2193
3320,301,136,61,104,20.2658,34.5515
3321,300,136,62,102,20.6667,34.0000
3322,300,133,66,101,22.0000,33.6667
3323,299,130,69,100,23.0769,33.4448
3324,299,131,68,100,22.7425,33.4448
3325,301,131,68,102,22.5914,33.8870
3326,299,130,67,102,22.4080,34.1137
3327,302,134,65,103,21.5232,34.1060
3328,300,133,65,102,21.6667,34.0000
3329,299,133,65,101,21.7391,33.7793
3330,303,135,65,103,21.4521,33.9934
3331,302,134,67,101,22.1854,33.4437
3332,299,135,62,102,20.7358,34.1137
3333,306,140,67,99,21.8954,32.3529
3334,305,138,66,101,21.6393,33.1148
3335,305,135,72,98,23.6066,32.1311
3336,305,135,72,98,23.6066,32.1311
3337,304,135,69,100,22.6974,32.8947
3338,303,137,63,103,20.7921,33.9934
3339,303,133,64,106,21.1221,34.9835
3340,302,127,67,108,22.1854,35.7616
3341,301,125,70,106,23.2558,35.2159
3342,299,128,68,103,22.7425,34.4482
3343,299,130,67,102,22.4080,34.1137
3344,298,129,68,101,22.8188,33.8926
3345,298,125,72,101,24.1611,33.8926
3346,297,124,72,101,24.2424,34.0067
3347,300,126,73,101,24.3333,33.6667
3348,300,124,74,102,24.6667,34.0000
3349,298,121,75,102,25.1678,34.2282
3350,299,122,75,102,25.0836,34.1137
3351,300,124,72,104,24.0000,34.6667
3352,300,129,69,102,23.0000,34.0000
3353,300,129,70,101,23.3333,33.6667
3354,296,128,65,103,21.9595,34.7973
3355,300,129,66,105,22.0000,35.0000
3356,299,129,64,106,21.4047,35.4515
3357,298,126,67,105,22.4832,35.2349
3358,299,123,73,103,24.4147,34.4482
3359,300,123,74,103,24.6667,34.3333
3360,299,122,73,104,24.4147,34.7826
3361,299,126,67,106,22.4080,35.4515
3362,299,128,63,108,21.0702,36.1204
3363,303,128,67,108,22.1122,35.6436
3364,302,124,69,109,22.8477,36.0927
3365,298,123,66,109,22.1477,36.5772
3366,301,125,64,112,21.2625,37.2093
3367,300,123,63,114,21.0000,38.0000
3368,300,121,65,114,21.6667,38.0000
3369,300,120,61,119,20.3333,39.6667
3370,300,119,60,121,20.0000,40.3333
3371,300,120,61,119,20.3333,39.6667
3372,300,121,61,118,20.3333,39.3333
3373,300,119,63,118,21.0000,39.3333
3374,300,116,65,119,21.6667,39.6667
3375,299,115,65,119,21.7391,39.7993
3376,303,117,65,121,21.4521,39.9340
3377,303,115,67,121,22.1122,39.9340
3378,302,113,64,125,21.1921,41.3907
3379,302,112,64,126,21.1921,41.7219
3380,302,112,60,130,19.8675,43.0464
3381,302,111,62,129,20.5298,42.7152
3382,302,114,61,127,20.1987,42.0530
3383,301,114,59,128,19.6013,42.5249
3384,301,117,55,129,18.2724,42.8571
3385,299,116,51,132,17.0569,44.1472
3386,302,122,51,129,16.8874,42.7152
3387,301,119,51,131,16.9435,43.5216
3388,301,121,48,132,15.9468,43.8538
3389,301,122,46,133,15.2824,44.1860
3390,300,128,44,128,14.6667,42.6667
3391,300,130,41,129,13.6667,43.0000
3392,300,130,42,128,14.0000,42.6667
3393,299,132,39,128,13.0435,42.8094
3394,302,137,39,126,12.9139,41.7219
3395,302,137,38,127,12.5828,42.0530
3396,301,138,34,129,11.2957,42.8571
3397,300,137,33,130,11.0000,43.3333
3398,299,137,30,132,10.0334,44.1472
3399,300,140,27,133,9.0000,44.3333
3400,300,141,25,134,8.3333,44.6667
3401,299,141,25,133,8.3612,44.4816
3402,300,144,23,133,7.6667,44.3333
3403,300,145,24,131,8.0000,43.6667
3404,300,148,24,128,8.0000,42.6667
3405,300,147,26,127,8.6667,42.3333
3406,299,149,25,125,8.3612,41.8060
3407,298,151,24,123,8.0537,41.2752
3408,299,156,24,119,8.0268,39.7993
3409,303,156,27,120,8.9109,39.6040
3410,303,155,28,120,9.2409,39.6040
3411,303,153,31,119,10.2310,39.2739
3412,303,155,31,117,10.2310,38.6139
3413,302,159,31,112,10.2649,37.0861
3414,301,162,30,109,9.9668,36.2126
3415,301,163,31,107,10.2990,35.5482
3416,301,163,30,108,9.9668,35.8804
3417,301,164,32,105,10.6312,34.8837
3418,301,165,33,103,10.9635,34.2193
3419,301,165,33,103,10.9635,34.2193
3420,301,167,32,102,10.6312,33.8870
3421,301,169,33,99,10.9635,32.8904
3422,301,170,36,95,11.9601,31.5615
3423,300,171,34,95,11.3333,31.6667
3424,300,171,35,94,11.6667,31.3333
3425,300,171,35,94,11.6667,31.3333
3426,299,169,37,93,12.3746,31.1037
3427,300,172,36,92,12.0000,30.6667
3428,300,173,38,89,12.6667,29.6667
3429,299,174,38,87,12.7090,29.0970
3430,301,179,37,85,12.2924,28.2392
3431,301,181,39,81,12.9568,26.9103
3432,299,184,38,77,12.7090,25.7525
3433,301,181,42,78,13.9535,25.9136
3434,301,177,46,78,15.2824,25.9136
3435,301,177,48,76,15.9468,25.2492
3436,301,180,48,73,15.9468,24.2525
3437,299,180,49,70,16.3880,23.4114
3438,301,181,49,71,16.2791,23.5880
3439,301,180,51,70,16.9435,23.2558
3440,301,181,51,69,16.9435,22.9236
3441,301,177,56,68,18.6047,22.5914
3442,301,175,55,71,18.2724,23.5880
3443,300,174,58,68,19.3333,22.6667
3444,300,172,61,67,20.3333,22.3333
3445,299,170,63,66,21.0702,22.0736
3446,303,171,63,69,20.7921,22.7723
3447,303,169,67,67,22.1122,22.1122
3448,303,164,74,65,24.4224,21.4521
3449,303,162,75,66,24.7525,21.7822
3450,302,163,76,63,25.1656,20.8609
3451,301,163,77,61,25.5814,20.2658
3452,301,160,81,60,26.9103,19.9336
3453,301,157,82,62,27.2425,20.5980
3454,299,152,79,68,26.4214,22.7425
3455,301,151,82,68,27.2425,22.5914
3456,300,148,82,70,27.3333,23.3333
3457,299,143,86,70,28.7625,23.4114
3458,300,143,86,71,28.6667,23.6667
3459,299,138,88,73,29.4314,24.4147
3460,298,137,87,74,29.1946,24.8322
3461,298,133,91,74,30.5369,24.8322
3462,302,132,91,79,30.1325,26.1589
3463,302,131,89,82,29.4702,27.1523
3464,301,127,90,84,29.9003,27.9070
3465,299,123,90,86,30.1003,28.7625
3466,302,119,95,88,31.4570,29.1391
3467,301,111,98,92,32.5581,30.5648
3468,298,108,97,93,32.5503,31.2081
3469,299,107,94,98,31.4381,32.7759
3470,298,107,93,98,31.2081,32.8859
3471,299,106,96,97,32.1070,32.4415
3472,299,104,95,100,31.7726,33.4448
3473,298,104,94,100,31.5436,33.5570
3474,301,105,93,103,30.8970,34.2193
3475,299,100,95,104,31.7726,34.7826
3476,300,97,95,108,31.6667,36.0000
3477,299,96,95,108,31.7726,36.1204
3478,298,95,94,109,31.5436,36.5772
3479,298,92,95,111,31.8792,37.2483
3480,298,90,92,116,30.8725,38.9262
3481,299,90,91,118,30.4348,39.4649
3482,299,90,91,118,30.4348,39.4649
3483,302,90,89,123,29.4702,40.7285
3484,301,87,91,123,30.2326,40.8638
3485,299,84,91,124,30.4348,41.4716
3486,296,81,90,125,30.4054,42.2297
3487,293,79,82,132,27.9863,45.0512
3488,292,77,79,136,27.0548,46.5753
3489,292,74,80,138,27.3973,47.2603
3490,292,77,78,137,26.7123,46.9178
3491,290,77,77,136,26.5517,46.8966
3492,290,80,70,140,24.1379,48.2759
3493,290,79,70,141,24.1379,48.6207
3494,291,83,71,137,24.3986,47.0790
3495,289,82,67,140,23.1834,48.4429
3496,288,82,63,143,21.8750,49.6528
3497,289,86,57,146,19.7232,50.5190
3498,292,92,57,143,19.5205,48.9726
3499,293,92,56,145,19.1126,49.4881
3500,295,94,54,147,18.3051,49.8305
3501,297,97,53,147,17.8451,49.4949
3502,298,99,51,148,17.1141,49.6644
3503,297,100,48,149,16.1616,50.1684
3504,296,103,44,149,14.8649,50.3378
3505,297,106,40,151,13.4680,50.8418
3506,299,115,37,147,12.3746,49.1639
3507,300,117,32,151,10.6667,50.3333
3508,298,119,30,149,10.0671,50.0000
3509,303,124,25,154,8.2508,50.8251
3510,303,124,26,153,8.5809,50.4950
3511,302,126,26,150,8.6093,49.6689
3512,302,126,26,150,8.6093,49.6689
3513,301,125,26,150,8.6379,49.8339
3514,301,129,22,150,7.3090,49.8339
3515,300,133,21,146,7.0000,48.6667
3516,300,135,19,146,6.3333,48.6667
3517,300,137,19,144,6.3333,48.0000
3518,300,137,22,141,7.3333,47.0000
3519,300,139,23,138,7.6667,46.0000
3520,299,141,19,139,6.3545,46.4883
3521,303,150,18,135,5.9406,44.5545
3522,303,150,18,135,5.9406,44.5545
3523,303,151,18,134,5.9406,44.2244
3524,303,154,19,130,6.2706,42.9043
3525,303,152,22,129,7.2607,42.5743
3526,303,155,22,126,7.2607,41.5842
3527,303,158,21,124,6.9307,40.9241
3528,303,162,21,120,6.9307,39.6040
3529,303,163,22,118,7.2607,38.9439
3530,302,162,23,117,7.6159,38.7417
3531,302,164,23,115,7.6159,38.0795
3532,302,167,24,111,7.9470,36.7550
3533,302,169,23,110,7.6159,36.4238
3534,302,169,24,109,7.9470,36.0927
3535,302,172,27,103,8.9404,34.1060
3536,302,171,30,101,9.9338,33.4437
3537,302,173,29,100,9.6026,33.1126
3538,301,174,28,99,9.3023,32.8904
3539,301,179,29,93,9.6346,30.8970
3540,301,182,29,90,9.6346,29.9003
3541,301,182,31,88,10.2990,29.2359
3542,300,181,32,87,10.6667,29.0000
3543,300,179,34,87,11.3333,29.0000
3544,300,184,34,82,11.3333,27.3333
3545,299,185,32,82,10.7023,27.4247
3546,299,186,31,82,10.3679,27.4247
3547,302,192,32,78,10.5960,25.8278
3548,302,191,36,75,11.9205,24.8344
3549,302,193,38,71,12.5828,23.5099
3550,302,194,37,71,12.2517,23.5099
3551,302,195,36,71,11.9205,23.5099
3552,302,193,41,68,13.5762,22.5166
3553,300,194,39,67,13.0000,22.3333
3554,300,192,42,66,14.0000,22.0000
3555,300,192,42,66,14.0000,22.0000
3556,298,192,39,67,13.0872,22.4832
3557,297,195,40,62,13.4680,20.8754
3558,297,196,43,58,14.4781,19.5286
3559,300,201,44,55,14.6667,18.3333
3560,300,197,46,57,15.3333,19.0000
3561,300,199,47,54,15.6667,18.0000
3562,300,194,52,54,17.3333,18.0000
3563,299,193,51,55,17.0569,18.3946
3564,299,194,50,55,16.7224,18.3946
3565,301,196,51,54,16.9435,17.9402
3566,301,198,52,51,17.2757,16.9435
3567,301,195,55,51,18.2724,16.9435
3568,299,197,53,49,17.7258,16.3880
3569,301,193,55,53,18.2724,17.6080
3570,301,187,61,53,20.2658,17.6080
3571,301,184,64,53,21.2625,17.6080
3572,299,183,64,52,21.4047,17.3913
3573,299,183,64,52,21.4047,17.3913
3574,302,182,68,52,22.5166,17.2185
3575,301,180,65,56,21.5947,18.6047
3576,301,177,68,56,22.5914,18.6047
3577,301,174,70,57,23.2558,18.9369
3578,300,171,70,59,23.3333,19.6667
3579,300,164,75,61,25.0000,20.3333
3580,298,160,75,63,25.1678,21.1409
3581,298,156,76,66,25.5034,22.1477
3582,299,154,77,68,25.7525,22.7425
3583,300,154,75,71,25.0000,23.6667
3584,298,153,74,71,24.8322,23.8255
3585,299,155,74,70,24.7492,23.4114
3586,301,153,79,69,26.2458,22.9236
3587,300,145,84,71,28.0000,23.6667
3588,298,145,81,72,27.1812,24.1611
3589,300,147,80,73,26.6667,24.3333
3590,299,142,83,74,27.7592,24.7492
3591,300,142,81,77,27.0000,25.6667
3592,300,142,78,80,26.0000,26.6667
3593,298,138,78,82,26.1745,27.5168
3594,297,133,80,84,26.9360,28.2828
3595,300,135,80,85,26.6667,28.3333
3596,300,131,81,88,27.0000,29.3333
3597,300,130,83,87,27.6667,29.0000
3598,297,123,84,90,28.2828,30.3030
3599,297,123,80,94,26.9360,31.6498
3600,299,121,78,100,26.0870,33.4448
3601,300,117,78,105,26.0000,35.0000
3602,299,118,76,105,25.4181,35.1171
3603,299,119,74,106,24.7492,35.4515
3604,299,119,72,108,24.0803,36.1204
3605,301,117,76,108,25.2492,35.8804
3606,301,116,74,111,24.5847,36.8771
3607,301,117,72,112,23.9203,37.2093
3608,301,114,71,116,23.5880,38.5382
3609,301,110,74,117,24.5847,38.8704
3610,299,107,74,118,24.7492,39.4649
3611,296,108,70,118,23.6486,39.8649
3612,300,110,71,119,23.6667,39.6667
3613,300,106,75,119,25.0000,39.6667
3614,299,104,74,121,24.7492,40.4682
3615,301,106,73,122,24.2525,40.5316
3616,300,106,69,125,23.0000,41.6667
3617,300,102,69,129,23.0000,43.0000
3618,299,101,66,132,22.0736,44.1472
3619,300,103,62,135,20.6667,45.0000
3620,300,101,63,136,21.0000,45.3333
3621,296,104,58,134,19.5946,45.2703
3622,297,102,60,135,20.2020,45.4545
3623,298,101,63,134,21.1409,44.9664
3624,298,102,64,132,21.4765,44.2953
3625,300,101,67,132,22.3333,44.0000
3626,300,100,66,134,22.0000,44.6667
3627,298,100,68,130,22.8188,43.6242
3628,301,99,71,131,23.5880,43.5216
3629,298,100,66,132,22.1477,44.2953
3630,298,101,63,134,21.1409,44.9664
3631,299,105,61,133,20.4013,44.4816
3632,301,109,57,135,18.9369,44.8505
3633,300,110,53,137,17.6667,45.6667
3634,299,112,50,137,16.7224,45.8194
3635,301,116,47,138,15.6146,45.8472
3636,300,116,46,138,15.3333,46.0000
3637,300,116,45,139,15.0000,46.3333
3638,300,114,45,141,15.0000,47.0000
3639,299,113,46,140,15.3846,46.8227
3640,301,116,44,141,14.6179,46.8439
3641,300,113,48,139,16.0000,46.3333
3642,300,114,48,138,16.0000,46.0000
3643,297,118,44,135,14.8148,45.4545
3644,296,123,41,132,13.8514,44.5946
3645,298,128,36,134,12.0805,44.9664
3646,302,135,33,134,10.9272,44.3709
3647,302,136,32,134,10.5960,44.3709
3648,301,138,29,134,9.6346,44.5183
3649,301,137,28,136,9.3023,45.1827
3650,300,138,29,133,9.6667,44.3333
3651,300,141,30,129,10.0000,43.0000
3652,300,146,31,123,10.3333,41.0000
3653,300,148,34,118,11.3333,39.3333
3654,299,145,36,118,12.0401,39.4649
3655,304,150,40,114,13.1579,37.5000
3656,304,148,42,114,13.8158,37.5000
3657,304,149,41,114,13.4868,37.5000
3658,303,151,40,112,13.2013,36.9637
3659,303,152,40,111,13.2013,36.6337
3660,303,157,40,106,13.2013,34.9835
3661,303,156,40,107,13.2013,35.3135
3662,302,154,39,109,12.9139,36.0927
3663,302,153,40,109,13.2450,36.0927
3664,302,151,45,106,14.9007,35.0993
3665,302,147,49,106,16.2252,35.0993
3666,302,147,52,103,17.2185,34.1060
3667,302,146,55,101,18.2119,33.4437
3668,302,149,56,97,18.5430,32.1192
3669,301,149,55,97,18.2724,32.2259
3670,301,152,57,92,18.9369,30.5648
3671,300,151,58,91,19.3333,30.3333
3672,300,147,64,89,21.3333,29.6667
3673,299,146,63,90,21.0702,30.1003
3674,303,151,61,91,20.1320,30.0330
3675,303,148,60,95,19.8020,31.3531
3676,302,145,62,95,20.5298,31.4570
3677,299,144,60,95,20.0669,31.7726
3678,302,145,63,94,20.8609,31.1258
3679,302,140,67,95,22.1854,31.4570
3680,302,139,69,94,22.8477,31.1258
3681,301,138,70,93,23.2558,30.8970
3682,300,140,69,91,23.0000,30.3333
3683,300,140,70,90,23.3333,30.0000
3684,296,143,65,88,21.9595,29.7297
3685,295,147,63,85,21.3559,28.8136
3686,295,147,61,87,20.6780,29.4915
3687,299,154,59,86,19.7324,28.7625
3688,302,150,66,86,21.8543,28.4768
3689,302,150,66,86,21.8543,28.4768
3690,301,147,69,85,22.9236,28.2392
3691,301,147,68,86,22.5914,28.5714
3692,301,144,67,90,22.2591,29.9003
3693,300,141,65,94,21.6667,31.3333
3694,300,142,65,93,21.6667,31.0000
3695,300,140,67,93,22.3333,31.0000
3696,299,137,68,94,22.7425,31.4381
3697,301,143,65,93,21.5947,30.8970
3698,301,138,69,94,22.9236,31.2292
3699,300,130,73,97,24.3333,32.3333
3700,299,132,70,97,23.4114,32.4415
3701,300,134,71,95,23.6667,31.6667
3702,300,128,74,98,24.6667,32.6667
3703,299,123,76,100,25.4181,33.4448
3704,303,123,79,101,26.0726,33.3333
3705,303,119,81,103,26.7327,33.9934
3706,302,117,81,104,26.8212,34.4371
3707,302,113,83,106,27.4834,35.0993
3708,300,112,80,108,26.6667,36.0000
3709,299,111,78,110,26.0870,36.7893
3710,304,117,75,112,24.6711,36.8421
3711,303,115,76,112,25.0825,36.9637
3712,303,114,77,112,25.4125,36.9637
3713,302,110,78,114,25.8278,37.7483
3714,301,107,81,113,26.9103,37.5415
3715,301,106,81,114,26.9103,37.8738
3716,300,102,83,115,27.6667,38.3333
3717,299,101,83,115,27.7592,38.4615
3718,300,98,83,119,27.6667,39.6667
3719,299,97,78,124,26.0870,41.4716
3720,298,98,73,127,24.4966,42.6174
3721,300,102,72,126,24.0000,42.0000
3722,300,99,70,131,23.3333,43.6667
3723,299,100,67,132,22.4080,44.1472
3724,299,102,61,136,20.4013,45.4849
3725,301,107,58,136,19.2691,45.1827
3726,300,105,59,136,19.6667,45.3333
3727,299,107,59,133,19.7324,44.4816
3728,300,106,59,135,19.6667,45.0000
3729,298,107,55,136,18.4564,45.6376
3730,299,108,56,135,18.7291,45.1505
3731,300,110,54,136,18.0000,45.3333
3732,299,108,52,139,17.3913,46.4883
3733,299,110,50,139,16.7224,46.4883
3734,298,110,49,139,16.4430,46.6443
3735,300,112,45,143,15.0000,47.6667
3736,300,109,47,144,15.6667,48.0000
3737,299,110,43,146,14.3813,48.8294
3738,304,119,40,145,13.1579,47.6974
3739,304,118,43,143,14.1447,47.0395
3740,304,119,41,144,13.4868,47.3684
3741,302,119,41,142,13.5762,47.0199
3742,302,116,43,143,14.2384,47.3510
3743,302,117,43,142,14.2384,47.0199
3744,301,123,42,136,13.9535,45.1827
3745,301,125,43,133,14.2857,44.1860
3746,300,124,43,133,14.3333,44.3333
3747,300,123,43,134,14.3333,44.6667
3748,297,125,39,133,13.1313,44.7811
3749,300,130,39,131,13.0000,43.6667
3750,300,131,41,128,13.6667,42.6667
3751,299,135,38,126,12.7090,42.1405
3752,301,141,35,125,11.6279,41.5282
3753,301,141,37,123,12.2924,40.8638
3754,301,142,37,122,12.2924,40.5316
3755,301,143,35,123,11.6279,40.8638
3756,300,143,33,124,11.0000,41.3333
3757,299,143,32,124,10.7023,41.4716
3758,302,146,33,123,10.9272,40.7285
3759,301,146,30,125,9.9668,41.5282
3760,301,149,31,121,10.2990,40.1993
3761,301,150,32,119,10.6312,39.5349
3762,301,153,30,118,9.9668,39.2027
3763,301,155,27,119,8.9701,39.5349
3764,300,156,27,117,9.0000,39.0000
3765,300,157,29,114,9.6667,38.0000
3766,300,158,28,114,9.3333,38.0000
3767,300,159,28,113,9.3333,37.6667
3768,300,159,28,113,9.3333,37.6667
3769,300,161,26,113,8.6667,37.6667
3770,300,165,25,110,8.3333,36.6667
3771,300,166,28,106,9.3333,35.3333
3772,300,167,30,103,10.0000,34.3333
3773,300,165,33,102,11.0000,34.0000
3774,300,168,33,99,11.0000,33.0000
3775,300,169,35,96,11.6667,32.0000
3776,300,170,37,93,12.3333,31.0000
3777,299,172,35,92,11.7057,30.7692
3778,300,175,35,90,11.6667,30.0000
3779,300,175,35,90,11.6667,30.0000
3780,298,175,35,88,11.7450,29.5302
3781,301,177,37,87,12.2924,28.9037
3782,301,178,35,88,11.6279,29.2359
3783,301,177,38,86,12.6246,28.5714
3784,301,180,38,83,12.6246,27.5748
3785,301,181,37,83,12.2924,27.5748
3786,301,180,38,83,12.6246,27.5748
3787,301,182,41,78,13.6213,25.9136
3788,301,185,38,78,12.6246,25.9136
3789,301,185,42,74,13.9535,24.5847
3790,301,184,46,71,15.2824,23.5880
3791,299,182,47,70,15.7191,23.4114
3792,303,185,49,69,16.1716,22.7723
3793,300,184,45,71,15.0000,23.6667
3794,299,185,44,70,14.7157,23.4114
3795,301,187,43,71,14.2857,23.5880
3796,300,186,40,74,13.3333,24.6667
3797,300,183,43,74,14.3333,24.6667
3798,300,181,45,74,15.0000,24.6667
3799,300,177,51,72,17.0000,24.0000
3800,298,174,53,71,17.7852,23.8255
3801,301,177,52,72,17.2757,23.9203
3802,300,171,57,72,19.0000,24.0000
3803,300,173,55,72,18.3333,24.0000
3804,299,172,58,69,19.3980,23.0769
3805,300,170,59,71,19.6667,23.6667
3806,300,171,58,71,19.3333,23.6667
3807,299,171,57,71,19.0635,23.7458
3808,301,171,61,69,20.2658,22.9236
3809,301,165,66,70,21.9269,23.2558
3810,301,160,69,72,22.9236,23.9203
3811,300,159,71,70,23.6667,23.3333
3812,297,153,73,71,24.5791,23.9057
3813,296,151,74,71,25.0000,23.9865
3814,298,151,79,68,26.5101,22.8188
3815,301,155,79,67,26.2458,22.2591
3816,301,151,82,68,27.2425,22.5914
3817,301,150,82,69,27.2425,22.9236
3818,299,145,85,69,28.4281,23.0769
3819,301,148,81,72,26.9103,23.9203
3820,301,143,82,76,27.2425,25.2492
3821,300,141,83,76,27.6667,25.3333
3822,300,135,89,76,29.6667,25.3333
3823,298,133,87,78,29.1946,26.1745
3824,298,132,87,79,29.1946,26.5101
3825,299,133,85,81,28.4281,27.0903
3826,304,135,89,80,29.2763,26.3158
3827,304,133,89,82,29.2763,26.9737
3828,304,128,90,86,29.6053,28.2895
3829,303,124,90,89,29.7030,29.3729
3830,301,119,90,92,29.9003,30.5648
3831,301,111,93,97,30.8970,32.2259
3832,300,109,90,101,30.0000,33.6667
3833,299,106,88,105,29.4314,35.1171
3834,300,103,93,104,31.0000,34.6667
3835,299,98,93,108,31.1037,36.1204
3836,301,96,94,111,31.2292,36.8771
3837,300,94,94,112,31.3333,37.3333
3838,299,94,92,113,30.7692,37.7926
3839,299,92,90,117,30.1003,39.1304
3840,299,93,90,116,30.1003,38.7960
3841,302,92,90,120,29.8013,39.7351
3842,301,87,90,124,29.9003,41.1960
3843,299,85,86,128,28.7625,42.8094
3844,301,85,89,127,29.5681,42.1927
3845,300,81,93,126,31.0000,42.0000
3846,297,76,95,126,31.9865,42.4242
3847,297,79,94,124,31.6498,41.7508
3848,298,83,89,126,29.8658,42.2819
3849,298,83,86,129,28.8591,43.2886
3850,299,85,82,132,27.4247,44.1472
3851,299,84,77,138,25.7525,46.1538
3852,301,86,74,141,24.5847,46.8439
3853,300,88,69,143,23.0000,47.6667
3854,300,87,63,150,21.0000,50.0000
3855,298,86,62,150,20.8054,50.3356
3856,300,88,58,154,19.3333,51.3333
3857,299,90,54,155,18.0602,51.8395
3858,299,93,52,154,17.3913,51.5050
3859,302,96,51,155,16.8874,51.3245
3860,302,94,50,158,16.5563,52.3179
3861,302,95,51,156,16.8874,51.6556
3862,300,97,47,156,15.6667,52.0000
3863,300,95,46,159,15.3333,53.0000
3864,300,95,43,162,14.3333,54.0000
3865,300,96,37,167,12.3333,55.6667
3866,298,96,33,169,11.0738,56.7114
3867,299,101,26,172,8.6957,57.5251
3868,306,108,27,171,8.8235,55.8824
3869,306,110,27,169,8.8235,55.2288
3870,306,110,26,170,8.4967,55.5556
3871,306,114,27,165,8.8235,53.9216
3872,305,119,24,162,7.8689,53.1148
3873,304,121,23,160,7.5658,52.6316
3874,304,122,23,159,7.5658,52.3026
3875,303,124,21,158,6.9307,52.1452
3876,302,125,20,157,6.6225,51.9868
3877,301,127,20,154,6.6445,51.1628
3878,301,128,20,153,6.6445,50.8306
3879,301,130,18,153,5.9801,50.8306
3880,301,135,16,150,5.3156,49.8339
3881,301,139,16,146,5.3156,48.5050
3882,299,141,14,144,4.6823,48.1605
3883,302,150,11,141,3.6424,46.6887
3884,302,155,9,138,2.9801,45.6954
3885,302,160,9,133,2.9801,44.0397
3886,302,160,10,132,3.3113,43.7086
3887,302,164,10,128,3.3113,42.3841
3888,302,168,10,124,3.3113,41.0596
3889,302,170,10,122,3.3113,40.3974
3890,302,173,9,120,2.9801,39.7351
3891,302,177,7,118,2.3179,39.0728
3892,302,178,8,116,2.6490,38.4106
3893,302,182,8,112,2.6490,37.0861
3894,302,185,9,108,2.9801,35.7616
3895,302,188,10,104,3.3113,34.4371
3896,302,188,10,104,3.3113,34.4371
3897,302,188,9,105,2.9801,34.7682
3898,302,188,11,103,3.6424,34.1060
3899,302,188,11,103,3.6424,34.1060
3900,302,192,12,98,3.9735,32.4503
3901,301,195,12,94,3.9867,31.2292
3902,300,198,12,90,4.0000,30.0000
3903,300,202,14,84,4.6667,28.0000
3904,300,203,17,80,5.6667,26.6667
3905,300,206,18,76,6.0000,25.3333
3906,300,213,17,70,5.6667,23.3333
3907,300,213,19,68,6.3333,22.6667
3908,300,217,19,64,6.3333,21.3333
3909,300,217,21,62,7.0000,20.6667
3910,300,215,24,61,8.0000,20.3333
3911,300,215,28,57,9.3333,19.0000
3912,300,216,30,54,10.0000,18.0000
3913,300,214,32,54,10.6667,18.0000
3914,300,216,33,51,11.0000,17.0000
3915,299,218,34,47,11.3712,15.7191
3916,303,225,34,44,11.2211,14.5215
3917,303,231,33,39,10.8911,12.8713
3918,303,233,32,38,10.5611,12.5413
3919,303,236,33,34,10.8911,11.2211
3920,303,231,38,34,12.5413,11.2211
3921,303,230,38,35,12.5413,11.5512
3922,302,232,37,33,12.2517,10.9272
3923,302,229,39,34,12.9139,11.2583
3924,302,227,40,35,13.2450,11.5894
3925,302,224,42,36,13.9073,11.9205
3926,302,221,44,37,14.5695,12.2517
3927,302,222,45,35,14.9007,11.5894
3928,301,217,48,36,15.9468,11.9601
3929,300,215,49,36,16.3333,12.0000
3930,300,213,48,39,16.0000,13.0000
3931,299,212,47,40,15.7191,13.3779
3932,301,213,49,39,16.2791,12.9568
3933,300,211,50,39,16.6667,13.0000
3934,300,206,54,40,18.0000,13.3333
3935,300,204,57,39,19.0000,13.0000
3936,299,201,60,38,20.0669,12.7090
3937,299,198,62,39,20.7358,13.0435
3938,302,195,68,39,22.5166,12.9139
3939,302,191,71,40,23.5099,13.2450
3940,300,186,71,43,23.6667,14.3333
3941,300,183,74,43,24.6667,14.3333
3942,300,179,77,44,25.6667,14.6667
3943,299,178,78,43,26.0870,14.3813
3944,301,166,90,45,29.9003,14.9502
3945,299,162,91,46,30.4348,15.3846
3946,300,157,94,49,31.3333,16.3333
3947,299,156,94,49,31.4381,16.3880
3948,301,155,94,52,31.2292,17.2757
3949,299,150,96,53,32.1070,17.7258
3950,301,142,105,54,34.8837,17.9402
3951,301,136,110,55,36.5449,18.2724
3952,301,133,108,60,35.8804,19.9336
3953,300,132,105,63,35.0000,21.0000
3954,300,129,103,68,34.3333,22.6667
3955,299,118,109,72,36.4548,24.0803
3956,297,111,112,74,37.7104,24.9158
3957,299,110,111,78,37.1237,26.0870
3958,299,107,110,82,36.7893,27.4247
3959,300,103,113,84,37.6667,28.0000
3960,300,100,114,86,38.0000,28.6667
3961,298,97,111,90,37.2483,30.2013
3962,300,97,110,93,36.6667,31.0000
3963,300,95,109,96,36.3333,32.0000
3964,299,94,100,105,33.4448,35.1171
3965,299,96,92,111,30.7692,37.1237
3966,300,95,88,117,29.3333,39.0000
3967,300,91,90,119,30.0000,39.6667
3968,299,89,90,120,30.1003,40.1338
3969,299,88,88,123,29.4314,41.1371
3970,299,86,86,127,28.7625,42.4749
3971,300,85,82,133,27.3333,44.3333
3972,299,83,77,139,25.7525,46.4883
3973,299,81,78,140,26.0870,46.8227
3974,305,85,80,140,26.2295,45.9016
3975,304,85,76,143,25.0000,47.0395
3976,302,87,66,149,21.8543,49.3377
3977,299,86,61,152,20.4013,50.8361
3978,304,90,59,155,19.4079,50.9868
3979,303,90,55,158,18.1518,52.1452
3980,302,89,50,163,16.5563,53.9735
3981,302,89,50,163,16.5563,53.9735
3982,299,88,48,163,16.0535,54.5151
3983,302,93,48,161,15.8940,53.3113
3984,302,94,47,161,15.5629,53.3113
3985,302,91,50,161,16.5563,53.3113
3986,302,91,49,162,16.2252,53.6424
3987,302,92,48,162,15.8940,53.6424
3988,299,90,45,164,15.0502,54.8495
3989,301,94,42,165,13.9535,54.8173
3990,301,94,38,169,12.6246,56.1462
3991,299,92,37,170,12.3746,56.8562
3992,302,98,36,168,11.9205,55.6291
3993,302,95,37,170,12.2517,56.2914
3994,302,95,34,173,11.2583,57.2848
3995,302,92,38,172,12.5828,56.9536
3996,301,92,38,171,12.6246,56.8106
3997,301,92,38,171,12.6246,56.8106
3998,301,92,40,169,13.2890,56.1462
3999,301,93,38,170,12.6246,56.4784
4000,301,95,38,168,12.6246,55.8140
4001,301,95,40,166,13.2890,55.1495
4002,300,96,36,168,12.0000,56.0000
4003,300,97,34,169,11.3333,56.3333
4004,300,102,34,164,11.3333,54.6667
4005,300,105,34,161,11.3333,53.6667
4006,297,108,32,157,10.7744,52.8620
4007,298,114,30,154,10.0671,51.6779
4008,299,118,28,153,9.3645,51.1706
4009,303,126,27,150,8.9109,49.5050
4010,303,128,30,145,9.9010,47.8548
4011,302,127,31,144,10.2649,47.6821
4012,302,128,31,143,10.2649,47.3510
4013,300,131,30,139,10.0000,46.3333
4014,300,134,28,138,9.3333,46.0000
4015,300,136,26,138,8.6667,46.0000
4016,298,145,23,130,7.7181,43.6242
4017,301,154,22,125,7.3090,41.5282
4018,301,159,22,120,7.3090,39.8671
4019,299,161,21,117,7.0234,39.1304
4020,303,166,21,116,6.9307,38.2838
4021,303,167,24,112,7.9208,36.9637
4022,303,171,22,110,7.2607,36.3036
4023,303,178,22,103,7.2607,33.9934
4024,303,182,24,97,7.9208,32.0132
4025,303,183,25,95,8.2508,31.3531
4026,302,183,25,94,8.2781,31.1258
4027,301,185,26,90,8.6379,29.9003
4028,301,190,30,81,9.9668,26.9103
4029,301,191,32,78,10.6312,25.9136
4030,301,190,35,76,11.6279,25.2492
4031,301,192,35,74,11.6279,24.5847
4032,301,197,32,72,10.6312,23.9203
4033,301,194,36,71,11.9601,23.5880
4034,301,197,34,70,11.2957,23.2558
4035,301,194,37,70,12.2924,23.2558
4036,301,192,40,69,13.2890,22.9236
4037,301,190,42,69,13.9535,22.9236
4038,300,191,43,66,14.3333,22.0000
4039,300,189,45,66,15.0000,22.0000
4040,299,190,46,63,15.3846,21.0702
4041,301,191,49,61,16.2791,20.2658
4042,300,190,51,59,17.0000,19.6667
4043,300,189,53,58,17.6667,19.3333
4044,300,187,56,57,18.6667,19.0000
4045,300,186,58,56,19.3333,18.6667
4046,299,187,60,52,20.0669,17.3913
4047,299,185,61,53,20.4013,17.7258
4048,299,186,60,53,20.0669,17.7258
4049,301,186,60,55,19.9336,18.2724
4050,300,182,61,57,20.3333,19.0000
4051,299,181,61,57,20.4013,19.0635
4052,302,181,65,56,21.5232,18.5430
4053,300,178,65,57,21.6667,19.0000
4054,300,179,66,55,22.0000,18.3333
4055,300,179,66,55,22.0000,18.3333
4056,299,177,65,57,21.7391,19.0635
4057,300,178,64,58,21.3333,19.3333
4058,298,177,63,58,21.1409,19.4631
4059,300,177,62,61,20.6667,20.3333
4060,299,174,65,60,21.7391,20.0669
4061,300,173,65,62,21.6667,20.6667
4062,298,171,62,65,20.8054,21.8121
4063,299,168,66,65,22.0736,21.7391
4064,302,169,65,68,21.5232,22.5166
4065,301,164,67,70,22.2591,23.2558
4066,298,162,65,71,21.8121,23.8255
4067,302,166,68,68,22.5166,22.5166
4068,302,160,73,69,24.1722,22.8477
4069,302,159,75,68,24.8344,22.5166
4070,300,157,72,71,24.0000,23.6667
4071,299,156,67,76,22.4080,25.4181
4072,299,156,64,79,21.4047,26.4214
4073,303,155,67,81,22.1122,26.7327
4074,302,154,68,80,22.5166,26.4901
4075,301,152,68,81,22.5914,26.9103
4076,301,145,73,83,24.2525,27.5748
4077,301,142,74,85,24.5847,28.2392
4078,299,138,76,85,25.4181,28.4281
4079,297,135,76,86,25.5892,28.9562
4080,298,135,75,88,25.1678,29.5302
4081,299,133,77,89,25.7525,29.7659
4082,302,134,78,90,25.8278,29.8013
4083,300,130,78,92,26.0000,30.6667
4084,299,129,81,89,27.0903,29.7659
4085,298,129,77,92,25.8389,30.8725
4086,297,130,76,91,25.5892,30.6397
4087,301,132,78,91,25.9136,30.2326
4088,301,127,76,98,25.2492,32.5581
4089,301,124,77,100,25.5814,33.2226
4090,301,123,74,104,24.5847,34.5515
4091,301,121,76,104,25.2492,34.5515
4092,301,118,78,105,25.9136,34.8837
4093,300,117,76,107,25.3333,35.6667
4094,299,117,73,109,24.4147,36.4548
4095,300,117,73,110,24.3333,36.6667
4096,299,113,73,113,24.4147,37.7926
4097,303,116,70,117,23.1023,38.6139
4098,301,114,70,117,23.2558,38.8704
4099,301,111,71,119,23.5880,39.5349
4100,301,109,70,122,23.2558,40.5316
4101,300,108,72,120,24.0000,40.0000
4102,298,108,71,119,23.8255,39.9329
4103,298,110,65,123,21.8121,41.2752
4104,299,110,63,126,21.0702,42.1405
4105,301,113,60,128,19.9336,42.5249
4106,301,111,58,132,19.2691,43.8538
4107,300,112,56,132,18.6667,44.0000
4108,299,112,54,133,18.0602,44.4816
4109,300,116,49,135,16.3333,45.0000
4110,300,113,52,135,17.3333,45.0000
4111,299,115,52,132,17.3913,44.1472
4112,300,116,49,135,16.3333,45.0000
4113,299,118,48,133,16.0535,44.4816
4114,303,123,49,131,16.1716,43.2343
4115,302,121,47,134,15.5629,44.3709
4116,301,123,44,134,14.6179,44.5183
4117,300,123,45,132,15.0000,44.0000
4118,300,124,45,131,15.0000,43.6667
4119,299,120,44,135,14.7157,45.1505
4120,301,122,42,137,13.9535,45.5150
4121,300,120,43,137,14.3333,45.6667
4122,299,122,41,136,13.7124,45.4849
4123,302,127,42,133,13.9073,44.0397
4124,302,131,42,129,13.9073,42.7152
4125,302,132,42,128,13.9073,42.3841
4126,302,134,41,127,13.5762,42.0530
4127,302,130,42,130,13.9073,43.0464
4128,302,132,40,130,13.2450,43.0464
4129,302,131,43,128,14.2384,42.3841
4130,301,130,42,129,13.9535,42.8571
4131,299,131,38,130,12.7090,43.4783
4132,300,133,38,129,12.6667,43.0000
4133,300,134,39,127,13.0000,42.3333
4134,299,132,42,125,14.0468,41.8060
4135,301,136,40,125,13.2890,41.5282
4136,301,133,43,125,14.2857,41.5282
4137,299,136,40,123,13.3779,41.1371
4138,299,138,39,122,13.0435,40.8027
4139,304,141,40,123,13.1579,40.4605
4140,302,146,38,118,12.5828,39.0728
4141,302,145,40,117,13.2450,38.7417
4142,302,146,40,116,13.2450,38.4106
4143,302,144,42,116,13.9073,38.4106
4144,302,144,40,118,13.2450,39.0728
4145,302,145,41,116,13.5762,38.4106
4146,302,148,41,113,13.5762,37.4172
4147,302,146,42,114,13.9073,37.7483
4148,300,146,43,111,14.3333,37.0000
4149,300,148,45,107,15.0000,35.6667
4150,299,149,43,107,14.3813,35.7860
4151,301,150,47,104,15.6146,34.5515
4152,300,153,47,100,15.6667,33.3333
4153,300,150,51,99,17.0000,33.0000
4154,298,148,52,98,17.4497,32.8859
4155,298,153,50,95,16.7785,31.8792
4156,298,154,50,94,16.7785,31.5436
4157,301,157,53,91,17.6080,30.2326
4158,301,153,61,87,20.2658,28.9037
4159,300,152,62,86,20.6667,28.6667
4160,299,151,65,83,21.7391,27.7592
4161,303,157,64,82,21.1221,27.0627
4162,299,154,62,83,20.7358,27.7592
4163,299,155,61,83,20.4013,27.7592
4164,299,154,63,82,21.0702,27.4247
4165,299,150,67,82,22.4080,27.4247
4166,300,149,69,82,23.0000,27.3333
4167,299,150,68,81,22.7425,27.0903
4168,303,157,67,79,22.1122,26.0726
4169,303,153,70,80,23.1023,26.4026
4170,301,153,69,79,22.9236,26.2458
4171,300,154,69,77,23.0000,25.6667
4172,300,156,70,74,23.3333,24.6667
4173,300,154,71,75,23.6667,25.0000
4174,298,152,72,74,24.1611,24.8322
4175,301,149,76,76,25.2492,25.2492
4176,301,141,83,77,27.5748,25.5814
4177,300,139,79,82,26.3333,27.3333
4178,300,139,78,83,26.0000,27.6667
4179,296,140,72,84,24.3243,28.3784
4180,298,145,69,84,23.1544,28.1879
4181,304,146,71,87,23.3553,28.6184
4182,303,143,73,87,24.0924,28.7129
4183,303,144,71,88,23.4323,29.0429
4184,302,143,70,89,23.1788,29.4702
4185,301,136,73,92,24.2525,30.5648
4186,299,134,69,96,23.0769,32.1070
4187,304,136,75,93,24.6711,30.5921
4188,303,133,75,95,24.7525,31.3531
4189,302,130,76,96,25.1656,31.7881
4190,301,126,76,99,25.2492,32.8904
4191,300,120,82,98,27.3333,32.6667
4192,298,119,82,97,27.5168,32.5503
4193,301,123,82,96,27.2425,31.8937
4194,300,118,85,97,28.3333,32.3333
4195,296,116,82,98,27.7027,33.1081
4196,294,119,76,99,25.8503,33.6735
4197,293,120,71,102,24.2321,34.8123
4198,292,121,69,102,23.6301,34.9315
4199,295,120,76,99,25.7627,33.5593
4200,296,119,75,102,25.3378,34.4595
4201,298,121,77,100,25.8389,33.5570
4202,298,115,80,103,26.8456,34.5638
4203,302,113,83,106,27.4834,35.0993
4204,302,111,84,107,27.8146,35.4305
4205,302,107,81,114,26.8212,37.7483
4206,301,106,79,116,26.2458,38.5382
4207,301,108,78,115,25.9136,38.2060
4208,298,107,75,116,25.1678,38.9262
4209,299,106,74,119,24.7492,39.7993
4210,303,109,71,123,23.4323,40.5941
4211,303,106,69,128,22.7723,42.2442
4212,302,104,67,131,22.1854,43.3775
4213,301,102,68,131,22.5914,43.5216
4214,301,103,64,134,21.2625,44.5183
4215,299,102,61,136,20.4013,45.4849
4216,301,106,57,138,18.9369,45.8472
4217,301,103,61,137,20.2658,45.5150
4218,301,102,63,136,20.9302,45.1827
4219,300,101,64,135,21.3333,45.0000
4220,300,102,60,138,20.0000,46.0000
4221,299,102,60,137,20.0669,45.8194
4222,302,104,57,141,18.8742,46.6887
4223,300,106,49,145,16.3333,48.3333
4224,299,105,47,147,15.7191,49.1639
4225,296,107,43,146,14.5270,49.3243
4226,298,111,40,147,13.4228,49.3289
4227,299,115,41,143,13.7124,47.8261
4228,301,118,39,144,12.9568,47.8405
4229,299,122,38,139,12.7090,46.4883
4230,301,125,34,142,11.2957,47.1761
4231,300,130,32,138,10.6667,46.0000
4232,300,130,32,138,10.6667,46.0000
4233,299,132,30,137,10.0334,45.8194
4234,301,135,28,138,9.3023,45.8472
4235,301,136,28,137,9.3023,45.5150
4236,301,135,30,136,9.9668,45.1827
4237,300,138,29,133,9.6667,44.3333
4238,297,142,25,130,8.4175,43.7710
4239,297,143,22,132,7.4074,44.4444
4240,299,146,24,129,8.0268,43.1438
4241,298,148,21,129,7.0470,43.2886
4242,299,151,21,127,7.0234,42.4749
4243,300,152,21,127,7.0000,42.3333
4244,300,152,22,126,7.3333,42.0000
4245,300,153,20,127,6.6667,42.3333
4246,300,156,21,123,7.0000,41.0000
4247,299,158,21,120,7.0234,40.1338
4248,305,167,22,116,7.2131,38.0328
4249,305,168,23,114,7.5410,37.3770
4250,305,169,21,115,6.8852,37.7049
4251,305,168,22,115,7.2131,37.7049
4252,304,171,21,112,6.9079,36.8421
4253,304,171,20,113,6.5789,37.1711
4254,304,175,19,110,6.2500,36.1842
4255,302,178,16,108,5.2980,35.7616
4256,301,178,15,108,4.9834,35.8804
4257,300,184,15,101,5.0000,33.6667
4258,300,187,14,99,4.6667,33.0000
4259,300,188,14,98,4.6667,32.6667
4260,300,189,16,95,5.3333,31.6667
4261,300,189,18,93,6.0000,31.0000
4262,300,194,18,88,6.0000,29.3333
4263,300,200,17,83,5.6667,27.6667
4264,299,198,20,81,6.6890,27.0903
4265,302,201,22,79,7.2848,26.1589
4266,302,203,25,74,8.2781,24.5033
4267,302,205,24,73,7.9470,24.1722
4268,302,209,24,69,7.9470,22.8477
4269,302,207,25,70,8.2781,23.1788
4270,302,207,23,72,7.6159,23.8411
4271,302,208,24,70,7.9470,23.1788
4272,302,213,23,66,7.6159,21.8543
4273,302,213,24,65,7.9470,21.5232
4274,302,215,27,60,8.9404,19.8675
4275,302,216,32,54,10.5960,17.8808
4276,302,217,34,51,11.2583,16.8874
4277,302,215,35,52,11.5894,17.2185
4278,302,216,37,49,12.2517,16.2252
4279,302,211,42,49,13.9073,16.2252
4280,301,212,41,48,13.6213,15.9468
4281,299,212,38,49,12.7090,16.3880
4282,302,215,42,45,13.9073,14.9007
4283,302,215,43,44,14.2384,14.5695
4284,302,214,44,44,14.5695,14.5695
4285,302,216,40,46,13.2450,15.2318
4286,302,209,47,46,15.5629,15.2318
4287,300,206,50,44,16.6667,14.6667
4288,300,203,53,44,17.6667,14.6667
4289,299,200,54,45,18.0602,15.0502
4290,302,203,56,43,18.5430,14.2384
4291,302,200,61,41,20.1987,13.5762
4292,302,195,65,42,21.5232,13.9073
4293,302,195,66,41,21.8543,13.5762
4294,302,190,71,41,23.5099,13.5762
4295,302,189,70,43,23.1788,14.2384
4296,299,183,71,45,23.7458,15.0502
4297,298,183,70,45,23.4899,15.1007
4298,300,183,70,47,23.3333,15.6667
4299,298,177,73,48,24.4966,16.1074
4300,302,177,75,50,24.8344,16.5563
4301,302,175,77,50,25.4967,16.5563
4302,299,171,80,48,26.7559,16.0535
4303,300,170,79,51,26.3333,17.0000
4304,300,165,80,55,26.6667,18.3333
4305,300,163,83,54,27.6667,18.0000
4306,300,157,86,57,28.6667,19.0000
4307,296,156,79,61,26.6892,20.6081
4308,300,154,84,62,28.0000,20.6667
4309,299,149,85,65,28.4281,21.7391
4310,301,146,88,67,29.2359,22.2591
4311,300,141,92,67,30.6667,22.3333
4312,298,139,87,72,29.1946,24.1611
4313,297,137,89,71,29.9663,23.9057
4314,298,135,87,76,29.1946,25.5034
4315,300,133,90,77,30.0000,25.6667
4316,296,130,87,79,29.3919,26.6892
4317,297,126,90,81,30.3030,27.2727
4318,301,124,94,83,31.2292,27.5748
4319,301,124,90,87,29.9003,28.9037
4320,299,121,91,87,30.4348,29.0970
4321,298,121,87,90,29.1946,30.2013
4322,298,123,84,91,28.1879,30.5369
4323,297,121,84,92,28.2828,30.9764
4324,298,121,84,93,28.1879,31.2081
4325,299,116,85,98,28.4281,32.7759
4326,300,114,86,100,28.6667,33.3333
4327,299,113,82,104,27.4247,34.7826
4328,299,109,84,106,28.0936,35.4515
4329,298,110,78,110,26.1745,36.9128
4330,299,108,81,110,27.0903,36.7893
4331,301,109,74,118,24.5847,39.2027
4332,301,106,74,121,24.5847,40.1993
4333,301,107,72,122,23.9203,40.5316
4334,299,107,69,123,23.0769,41.1371
4335,301,100,75,126,24.9169,41.8605
4336,301,100,70,131,23.2558,43.5216
4337,301,103,67,131,22.2591,43.5216
4338,300,101,68,131,22.6667,43.6667
4339,300,98,65,137,21.6667,45.6667
4340,299,97,65,137,21.7391,45.8194
4341,300,97,66,137,22.0000,45.6667
4342,300,96,65,139,21.6667,46.3333
4343,299,96,61,142,20.4013,47.4916
4344,301,99,59,143,19.6013,47.5083
4345,300,99,56,145,18.6667,48.3333
4346,299,99,50,150,16.7224,50.1672
4347,298,101,48,149,16.1074,50.0000
4348,301,106,45,150,14.9502,49.8339
4349,300,107,42,151,14.0000,50.3333
4350,298,107,41,150,13.7584,50.3356
4351,299,108,40,151,13.3779,50.5017
4352,301,111,38,152,12.6246,50.4983
4353,301,112,35,154,11.6279,51.1628
4354,301,112,34,155,11.2957,51.4950
4355,299,115,27,157,9.0301,52.5084
4356,299,118,26,155,8.6957,51.8395
4357,300,119,25,156,8.3333,52.0000
4358,300,123,23,154,7.6667,51.3333
4359,297,126,19,152,6.3973,51.1785
4360,297,129,18,150,6.0606,50.5051
4361,300,135,17,148,5.6667,49.3333
4362,300,137,16,147,5.3333,49.0000
4363,300,138,16,146,5.3333,48.6667
4364,300,143,16,141,5.3333,47.0000
4365,300,144,15,141,5.0000,47.0000
4366,300,145,18,137,6.0000,45.6667
4367,299,147,17,135,5.6856,45.1505
4368,299,149,18,132,6.0201,44.1472
4369,305,155,19,131,6.2295,42.9508
4370,305,157,18,130,5.9016,42.6230
4371,305,163,17,125,5.5738,40.9836
4372,303,161,17,125,5.6106,41.2541
4373,303,160,21,122,6.9307,40.2640
4374,303,162,22,119,7.2607,39.2739
4375,303,163,22,118,7.2607,38.9439
4376,303,163,24,116,7.9208,38.2838
4377,302,168,22,112,7.2848,37.0861
4378,302,166,26,110,8.6093,36.4238
4379,301,167,28,106,9.3023,35.2159
4380,301,168,27,106,8.9701,35.2159
4381,301,174,27,100,8.9701,33.2226
4382,300,173,26,101,8.6667,33.6667
4383,300,180,27,93,9.0000,31.0000
4384,300,183,28,89,9.3333,29.6667
4385,300,185,29,86,9.6667,28.6667
4386,300,180,35,85,11.6667,28.3333
4387,300,181,34,85,11.3333,28.3333
4388,300,184,37,79,12.3333,26.3333
4389,300,188,36,76,12.0000,25.3333
4390,300,189,36,75,12.0000,25.0000
4391,300,193,38,69,12.6667,23.0000
4392,300,190,41,69,13.6667,23.0000
4393,300,190,40,70,13.3333,23.3333
4394,299,189,39,71,13.0435,23.7458
4395,302,192,41,69,13.5762,22.8477
4396,301,193,41,67,13.6213,22.2591
4397,301,196,40,65,13.2890,21.5947
4398,301,201,39,61,12.9568,20.2658
4399,301,200,40,61,13.2890,20.2658
4400,299,199,40,60,13.3779,20.0669
4401,300,199,44,57,14.6667,19.0000
4402,300,195,49,56,16.3333,18.6667
4403,300,191,53,56,17.6667,18.6667
4404,300,190,57,53,19.0000,17.6667
4405,300,189,60,51,20.0000,17.0000
4406,298,185,59,54,19.7987,18.1208
4407,298,187,60,51,20.1342,17.1141
4408,300,186,65,49,21.6667,16.3333
4409,300,183,65,52,21.6667,17.3333
4410,300,183,67,50,22.3333,16.6667
4411,300,182,70,48,23.3333,16.0000
4412,299,175,73,51,24.4147,17.0569
4413,302,173,77,52,25.4967,17.2185
4414,302,173,78,51,25.8278,16.8874
4415,301,164,83,54,27.5748,17.9402
4416,300,161,83,56,27.6667,18.6667
4417,300,156,89,55,29.6667,18.3333
4418,300,149,96,55,32.0000,18.3333
4419,300,144,100,56,33.3333,18.6667
4420,299,140,100,59,33.4448,19.7324
4421,300,139,100,61,33.3333,20.3333
4422,300,137,100,63,33.3333,21.0000
4423,297,135,95,67,31.9865,22.5589
4424,298,131,97,70,32.5503,23.4899
4425,300,131,96,73,32.0000,24.3333
4426,299,125,96,78,32.1070,26.0870
4427,299,122,99,78,33.1104,26.0870
4428,301,122,96,83,31.8937,27.5748
4429,300,121,90,89,30.0000,29.6667
4430,299,117,93,89,31.1037,29.7659
4431,302,112,98,92,32.4503,30.4636
4432,300,112,92,96,30.6667,32.0000
4433,300,109,91,100,30.3333,33.3333
4434,299,104,92,103,30.7692,34.4482
4435,301,102,90,109,29.9003,36.2126
4436,300,97,89,114,29.6667,38.0000
4437,298,96,85,117,28.5235,39.2617
4438,297,97,78,122,26.2626,41.0774
4439,297,97,78,122,26.2626,41.0774
4440,303,97,81,125,26.7327,41.2541
4441,302,97,78,127,25.8278,42.0530
4442,302,93,80,129,26.4901,42.7152
4443,301,92,78,131,25.9136,43.5216
4444,301,89,77,135,25.5814,44.8505
4445,301,86,76,139,25.2492,46.1794
4446,301,85,76,140,25.2492,46.5116
4447,299,85,73,141,24.4147,47.1572
4448,301,85,72,144,23.9203,47.8405
4449,301,83,73,145,24.2525,48.1728
4450,301,80,76,145,25.2492,48.1728
4451,299,81,71,147,23.7458,49.1639
4452,299,83,69,147,23.0769,49.1639
4453,299,83,67,149,22.4080,49.8328
4454,298,83,64,151,21.4765,50.6711
4455,300,86,61,153,20.3333,51.0000
4456,298,85,55,158,18.4564,53.0201
4457,300,87,54,159,18.0000,53.0000
4458,300,90,55,155,18.3333,51.6667
4459,299,91,51,157,17.0569,52.5084
4460,298,90,46,162,15.4362,54.3624
4461,304,98,46,160,15.1316,52.6316
4462,304,97,45,162,14.8026,53.2895
4463,303,96,43,164,14.1914,54.1254
4464,302,99,39,164,12.9139,54.3046
4465,300,99,36,165,12.0000,55.0000
4466,299,99,36,164,12.0401,54.8495
4467,301,104,32,165,10.6312,54.8173
4468,301,106,31,164,10.2990,54.4850
4469,301,105,29,167,9.6346,55.4817
4470,301,105,27,169,8.9701,56.1462
4471,299,106,24,169,8.0268,56.5217
4472,299,110,20,169,6.6890,56.5217
4473,302,115,21,166,6.9536,54.9669
4474,302,116,22,164,7.2848,54.3046
4475,302,120,23,159,7.6159,52.6490
4476,302,123,21,158,6.9536,52.3179
4477,302,127,20,155,6.6225,51.3245
4478,302,132,19,151,6.2914,50.0000
4479,302,131,19,152,6.2914,50.3311
4480,301,136,17,148,5.6478,49.1694
4481,301,143,17,141,5.6478,46.8439
4482,300,142,15,143,5.0000,47.6667
4483,299,145,13,141,4.3478,47.1572
4484,302,153,14,135,4.6358,44.7020
4485,302,157,13,132,4.3046,43.7086
4486,302,160,12,130,3.9735,43.0464
4487,301,166,11,124,3.6545,41.1960
4488,301,170,12,119,3.9867,39.5349
4489,301,173,11,117,3.6545,38.8704
4490,301,178,12,111,3.9867,36.8771
4491,301,180,12,109,3.9867,36.2126
4492,301,182,14,105,4.6512,34.8837
4493,301,185,12,104,3.9867,34.5515
4494,301,187,13,101,4.3189,33.5548
4495,300,188,12,100,4.0000,33.3333
4496,300,191,13,96,4.3333,32.0000
4497,300,197,13,90,4.3333,30.0000
4498,300,198,16,86,5.3333,28.6667
4499,300,197,18,85,6.0000,28.3333
4500,300,198,20,82,6.6667,27.3333
4501,300,200,20,80,6.6667,26.6667
4502,300,199,23,78,7.6667,26.0000
4503,300,196,29,75,9.6667,25.0000
4504,300,197,29,74,9.6667,24.6667
4505,300,196,32,72,10.6667,24.0000
4506,300,196,34,70,11.3333,23.3333
4507,300,200,33,67,11.0000,22.3333
4508,300,202,36,62,12.0000,20.6667
4509,300,201,38,61,12.6667,20.3333
4510,300,199,39,62,13.0000,20.6667
4511,300,202,39,59,13.0000,19.6667
4512,300,204,41,55,13.6667,18.3333
4513,300,203,43,54,14.3333,18.0000
4514,300,203,45,52,15.0000,17.3333
4515,298,202,47,49,15.7718,16.4430
4516,303,209,48,46,15.8416,15.1815
4517,303,210,48,45,15.8416,14.8515
4518,303,209,48,46,15.8416,15.1815
4519,303,212,46,45,15.1815,14.8515
4520,301,210,45,46,14.9502,15.2824
4521,301,210,48,43,15.9468,14.2857
4522,301,213,46,42,15.2824,13.9535
4523,301,206,51,44,16.9435,14.6179
4524,301,207,47,47,15.6146,15.6146
4525,301,205,48,48,15.9468,15.9468
4526,301,203,48,50,15.9468,16.6113
4527,301,201,49,51,16.2791,16.9435
4528,301,199,53,49,17.6080,16.2791
4529,300,196,53,51,17.6667,17.0000
4530,299,193,55,51,18.3946,17.0569
4531,299,189,59,51,19.7324,17.0569
4532,301,189,59,53,19.6013,17.6080
4533,301,187,58,56,19.2691,18.6047
4534,301,186,59,56,19.6013,18.6047
4535,300,186,56,58,18.6667,19.3333
4536,298,180,60,58,20.1342,19.4631
4537,301,183,60,58,19.9336,19.2691
4538,300,179,65,56,21.6667,18.6667
4539,299,175,67,57,22.4080,19.0635
4540,304,171,74,59,24.3421,19.4079
4541,304,168,77,59,25.3289,19.4079
4542,302,158,84,60,27.8146,19.8675
4543,301,151,86,64,28.5714,21.2625
4544,301,147,88,66,29.2359,21.9269
4545,298,144,89,65,29.8658,21.8121
4546,301,145,91,65,30.2326,21.5947
4547,301,141,91,69,30.2326,22.9236
4548,300,137,95,68,31.6667,22.6667
4549,299,133,92,74,30.7692,24.7492
4550,300,130,96,74,32.0000,24.6667
4551,298,128,93,77,31.2081,25.8389
4552,301,128,93,80,30.8970,26.5781
4553,300,123,94,83,31.3333,27.6667
4554,299,117,96,86,32.1070,28.7625
4555,301,115,101,85,33.5548,28.2392
4556,298,113,101,84,33.8926,28.1879
4557,298,109,102,87,34.2282,29.1946
4558,300,108,104,88,34.6667,29.3333
4559,299,105,103,91,34.4482,30.4348
4560,299,105,95,99,31.7726,33.1104
4561,299,106,91,102,30.4348,34.1137
4562,299,104,86,109,28.7625,36.4548
4563,301,104,85,112,28.2392,37.2093
4564,299,102,83,114,27.7592,38.1271
4565,300,103,82,115,27.3333,38.3333
4566,299,102,77,120,25.7525,40.1338
4567,301,100,80,121,26.5781,40.1993
4568,299,96,77,126,25.7525,42.1405
4569,304,99,77,128,25.3289,42.1053
4570,304,95,78,131,25.6579,43.0921
4571,303,97,76,130,25.0825,42.9043
4572,303,98,73,132,24.0924,43.5644
4573,303,89,78,136,25.7426,44.8845
4574,303,88,75,140,24.7525,46.2046
4575,302,90,70,142,23.1788,47.0199
4576,302,92,70,140,23.1788,46.3576
4577,302,89,70,143,23.1788,47.3510
4578,302,89,69,144,22.8477,47.6821
4579,300,86,70,144,23.3333,48.0000
4580,300,83,70,147,23.3333,49.0000
4581,298,82,71,145,23.8255,48.6577
4582,297,78,73,146,24.5791,49.1582
4583,296,78,69,149,23.3108,50.3378
4584,297,81,67,149,22.5589,50.1684
4585,296,81,68,147,22.9730,49.6622
4586,298,84,68,146,22.8188,48.9933
4587,302,88,71,143,23.5099,47.3510
4588,300,85,69,146,23.0000,48.6667
4589,300,86,64,150,21.3333,50.0000
4590,299,86,59,154,19.7324,51.5050
4591,301,86,59,156,19.6013,51.8272
4592,301,86,61,154,20.2658,51.1628
4593,299,86,54,159,18.0602,53.1773
4594,301,88,52,161,17.2757,53.4884
4595,300,93,50,157,16.6667,52.3333
4596,300,94,48,158,16.0000,52.6667
4597,299,95,46,158,15.3846,52.8428
4598,298,92,45,161,15.1007,54.0268
4599,301,101,41,159,13.6213,52.8239
4600,300,101,39,160,13.0000,53.3333
4601,298,107,35,156,11.7450,52.3490
4602,300,109,32,159,10.6667,53.0000
4603,299,110,31,158,10.3679,52.8428
4604,301,115,29,157,9.6346,52.1595
4605,300,118,27,155,9.0000,51.6667
4606,300,119,26,155,8.6667,51.6667
4607,299,119,24,156,8.0268,52.1739
4608,299,118,22,159,7.3579,53.1773
4609,301,123,20,158,6.6445,52.4917
4610,301,122,22,157,7.3090,52.1595
4611,300,126,20,154,6.6667,51.3333
4612,300,132,21,147,7.0000,49.0000
4613,300,136,18,146,6.0000,48.6667
4614,298,143,17,138,5.7047,46.3087
4615,300,148,18,134,6.0000,44.6667
4616,300,151,17,132,5.6667,44.0000
4617,300,151,19,130,6.3333,43.3333
4618,300,156,18,126,6.0000,42.0000
4619,300,156,16,128,5.3333,42.6667
4620,300,161,16,123,5.3333,41.0000
4621,300,164,17,119,5.6667,39.6667
4622,300,166,19,115,6.3333,38.3333
4623,299,166,19,114,6.3545,38.1271
4624,300,170,18,112,6.0000,37.3333
4625,300,171,21,108,7.0000,36.0000
4626,300,174,23,103,7.6667,34.3333
4627,299,177,24,98,8.0268,32.7759
4628,301,181,25,95,8.3056,31.5615
4629,301,183,27,91,8.9701,30.2326
4630,300,185,28,87,9.3333,29.0000
4631,300,182,31,87,10.3333,29.0000
4632,300,183,33,84,11.0000,28.0000
4633,300,184,31,85,10.3333,28.3333
4634,300,184,32,84,10.6667,28.0000
4635,300,187,33,80,11.0000,26.6667
4636,299,188,34,77,11.3712,25.7525
4637,304,191,36,77,11.8421,25.3289
4638,304,192,35,77,11.5132,25.3289
4639,304,190,36,78,11.8421,25.6579
4640,304,190,39,75,12.8289,24.6711
4641,304,195,39,70,12.8289,23.0263
4642,302,198,38,66,12.5828,21.8543
4643,302,199,38,65,12.5828,21.5232
4644,302,197,39,66,12.9139,21.8543
4645,301,202,37,62,12.2924,20.5980
4646,301,201,38,62,12.6246,20.5980
4647,301,197,41,63,13.6213,20.9302
4648,300,198,40,62,13.3333,20.6667
4649,300,196,41,63,13.6667,21.0000
4650,300,196,42,62,14.0000,20.6667
4651,300,196,44,60,14.6667,20.0000
4652,298,194,42,62,14.0940,20.8054
4653,302,197,45,60,14.9007,19.8675
4654,302,196,49,57,16.2252,18.8742
4655,301,195,50,56,16.6113,18.6047
4656,301,192,55,54,18.2724,17.9402
4657,300,190,54,56,18.0000,18.6667
4658,299,192,54,53,18.0602,17.7258
4659,300,192,54,54,18.0000,18.0000
4660,300,193,55,52,18.3333,17.3333
4661,300,193,55,52,18.3333,17.3333
4662,300,189,59,52,19.6667,17.3333
4663,299,184,62,53,20.7358,17.7258
4664,301,183,66,52,21.9269,17.2757
4665,301,182,68,51,22.5914,16.9435
4666,301,178,70,53,23.2558,17.6080
4667,301,175,68,58,22.5914,19.2691
4668,301,170,71,60,23.5880,19.9336
4669,299,168,71,60,23.7458,20.0669
4670,297,163,73,61,24.5791,20.5387
4671,298,161,76,61,25.5034,20.4698
4672,299,157,79,63,26.4214,21.0702
4673,301,156,79,66,26.2458,21.9269
4674,300,150,83,67,27.6667,22.3333
4675,299,148,81,70,27.0903,23.4114
4676,300,149,83,68,27.6667,22.6667
4677,299,143,81,75,27.0903,25.0836
4678,300,140,86,74,28.6667,24.6667
4679,299,138,85,76,28.4281,25.4181
4680,301,139,86,76,28.5714,25.2492
4681,301,134,89,78,29.5681,25.9136
4682,301,131,87,83,28.9037,27.5748
4683,300,129,89,82,29.6667,27.3333
4684,298,122,89,87,29.8658,29.1946
4685,299,121,89,89,29.7659,29.7659
4686,300,123,87,90,29.0000,30.0000
4687,300,114,92,94,30.6667,31.3333
4688,299,113,90,96,30.1003,32.1070
4689,298,111,88,99,29.5302,33.2215
4690,299,110,90,99,30.1003,33.1104
4691,299,112,83,104,27.7592,34.7826
4692,301,108,84,109,27.9070,36.2126
4693,299,103,83,113,27.7592,37.7926
4694,300,99,85,116,28.3333,38.6667
4695,300,97,85,118,28.3333,39.3333
4696,300,95,84,121,28.0000,40.3333
4697,297,96,80,121,26.9360,40.7407
4698,298,98,77,123,25.8389,41.2752
4699,297,98,76,123,25.5892,41.4141
4700,297,99,76,122,25.5892,41.0774
4701,297,98,75,124,25.2525,41.7508
4702,299,100,75,124,25.0836,41.4716
4703,298,99,73,126,24.4966,42.2819
4704,300,102,71,127,23.6667,42.3333
4705,297,97,70,130,23.5690,43.7710
4706,296,96,69,131,23.3108,44.2568
4707,299,97,68,134,22.7425,44.8161
4708,298,96,63,139,21.1409,46.6443
4709,300,99,62,139,20.6667,46.3333
4710,300,98,61,141,20.3333,47.0000
4711,299,97,61,141,20.4013,47.1572
4712,298,96,58,144,19.4631,48.3221
4713,298,99,54,145,18.1208,48.6577
4714,297,99,52,146,17.5084,49.1582
4715,300,103,48,149,16.0000,49.6667
4716,300,102,47,151,15.6667,50.3333
4717,298,103,45,150,15.1007,50.3356
4718,299,106,43,150,14.3813,50.1672
4719,305,115,43,147,14.0984,48.1967
4720,304,114,44,146,14.4737,48.0263
4721,304,112,43,149,14.1447,49.0132
4722,304,114,42,148,13.8158,48.6842
4723,303,116,41,146,13.5314,48.1848
4724,303,117,37,149,12.2112,49.1749
4725,303,119,35,149,11.5512,49.1749
4726,303,118,36,149,11.8812,49.1749
4727,302,120,34,148,11.2583,49.0066
4728,302,118,34,150,11.2583,49.6689
4729,301,122,34,145,11.2957,48.1728
4730,300,122,33,145,11.0000,48.3333
4731,300,124,30,146,10.0000,48.6667
4732,299,123,31,145,10.3679,48.4950
4733,300,123,32,145,10.6667,48.3333
4734,300,126,34,140,11.3333,46.6667
4735,298,123,34,141,11.4094,47.3154
4736,297,125,36,136,12.1212,45.7912
4737,298,129,37,132,12.4161,44.2953
4738,302,133,38,131,12.5828,43.3775
4739,301,135,38,128,12.6246,42.5249
4740,300,137,36,127,12.0000,42.3333
4741,299,138,36,125,12.0401,41.8060
4742,300,138,37,125,12.3333,41.6667
4743,300,144,37,119,12.3333,39.6667
4744,300,147,38,115,12.6667,38.3333
4745,300,148,40,112,13.3333,37.3333
4746,300,151,39,110,13.0000,36.6667
4747,300,151,39,110,13.0000,36.6667
4748,300,153,40,107,13.3333,35.6667
4749,300,154,40,106,13.3333,35.3333
4750,299,158,38,103,12.7090,34.4482
4751,301,161,39,101,12.9568,33.5548
4752,301,161,39,101,12.9568,33.5548
4753,300,165,36,99,12.0000,33.0000
4754,300,163,37,100,12.3333,33.3333
4755,299,164,36,99,12.0401,33.1104
4756,301,169,34,98,11.2957,32.5581
4757,300,171,33,96,11.0000,32.0000
4758,300,171,33,96,11.0000,32.0000
4759,298,176,30,92,10.0671,30.8725
4760,301,184,29,88,9.6346,29.2359
4761,301,184,30,87,9.9668,28.9037
4762,301,182,32,87,10.6312,28.9037
4763,301,183,32,86,10.6312,28.5714
4764,301,185,34,82,11.2957,27.2425
4765,301,187,32,82,10.6312,27.2425
4766,301,186,32,83,10.6312,27.5748
4767,300,188,32,80,10.6667,26.6667
4768,299,189,30,80,10.0334,26.7559
4769,302,190,32,80,10.5960,26.4901
4770,302,189,34,79,11.2583,26.1589
4771,302,191,34,77,11.2583,25.4967
4772,302,191,35,76,11.5894,25.1656
4773,301,191,37,73,12.2924,24.2525
4774,301,191,36,74,11.9601,24.5847
4775,301,191,33,77,10.9635,25.5814
4776,301,194,35,72,11.6279,23.9203
4777,301,196,35,70,11.6279,23.2558
4778,300,194,36,70,12.0000,23.3333
4779,300,196,37,67,12.3333,22.3333
4780,300,195,40,65,13.3333,21.6667
4781,300,193,42,65,14.0000,21.6667
4782,300,192,41,67,13.6667,22.3333
4783,300,192,40,68,13.3333,22.6667
4784,299,189,41,69,13.7124,23.0769
4785,301,191,43,67,14.2857,22.2591
4786,300,189,43,68,14.3333,22.6667
4787,300,185,45,70,15.0000,23.3333
4788,299,180,48,71,16.0535,23.7458
4789,300,176,52,72,17.3333,24.0000
4790,300,177,48,75,16.0000,25.0000
4791,300,174,51,75,17.0000,25.0000
4792,300,173,51,76,17.0000,25.3333
4793,300,172,53,75,17.6667,25.0000
4794,300,171,53,76,17.6667,25.3333
4795,300,168,55,77,18.3333,25.6667
4796,300,168,55,77,18.3333,25.6667
4797,299,164,57,78,19.0635,26.0870
4798,304,168,57,79,18.7500,25.9868
4799,304,167,60,77,19.7368,25.3289
4800,304,163,65,76,21.3816,25.0000
4801,304,162,63,79,20.7237,25.9868
4802,303,162,61,80,20.1320,26.4026
4803,303,159,62,82,20.4620,27.0627
4804,303,155,65,83,21.4521,27.3927
4805,302,155,64,83,21.1921,27.4834
4806,302,154,66,82,21.8543,27.1523
4807,301,155,64,82,21.2625,27.2425
4808,299,154,62,83,20.7358,27.7592
4809,295,153,59,83,20.0000,28.1356
4810,297,153,61,83,20.5387,27.9461
4811,302,155,63,84,20.8609,27.8146
4812,302,150,67,85,22.1854,28.1457
4813,301,151,64,86,21.2625,28.5714
4814,300,147,67,86,22.3333,28.6667
4815,300,143,70,87,23.3333,29.0000
4816,299,138,73,88,24.4147,29.4314
4817,301,140,75,86,24.9169,28.5714
4818,299,140,72,87,24.0803,29.0970
4819,300,141,70,89,23.3333,29.6667
4820,300,139,69,92,23.0000,30.6667
4821,300,135,72,93,24.0000,31.0000
4822,300,130,76,94,25.3333,31.3333
4823,298,127,76,95,25.5034,31.8792
4824,299,127,77,95,25.7525,31.7726
4825,305,130,75,100,24.5902,32.7869
4826,305,124,81,100,26.5574,32.7869
4827,303,124,81,98,26.7327,32.3432
4828,302,122,80,100,26.4901,33.1126
4829,301,120,80,101,26.5781,33.5548
4830,301,118,80,103,26.5781,34.2193
4831,301,115,82,104,27.2425,34.5515
4832,295,110,79,106,26.7797,35.9322
4833,297,109,82,106,27.6094,35.6902
4834,299,115,77,107,25.7525,35.7860
4835,303,122,74,107,24.4224,35.3135
4836,303,120,72,111,23.7624,36.6337
4837,303,117,71,115,23.4323,37.9538
4838,303,117,69,117,22.7723,38.6139
4839,303,119,70,114,23.1023,37.6238
4840,303,119,67,117,22.1122,38.6139
4841,300,116,67,117,22.3333,39.0000
4842,299,118,63,118,21.0702,39.4649
4843,302,123,58,121,19.2053,40.0662
4844,302,123,57,122,18.8742,40.3974
4845,297,115,61,121,20.5387,40.7407
4846,299,116,60,123,20.0669,41.1371
4847,297,116,57,124,19.1919,41.7508
4848,297,116,55,126,18.5185,42.4242
4849,300,120,54,126,18.0000,42.0000
4850,300,121,53,126,17.6667,42.0000
4851,299,120,53,126,17.7258,42.1405
4852,300,118,52,130,17.3333,43.3333
4853,298,122,45,131,15.1007,43.9597
4854,301,127,46,128,15.2824,42.5249
4855,301,128,46,127,15.2824,42.1927
4856,300,128,45,127,15.0000,42.3333
4857,298,128,44,126,14.7651,42.2819
4858,302,133,43,126,14.2384,41.7219
4859,302,134,43,125,14.2384,41.3907
4860,302,137,44,121,14.5695,40.0662
4861,301,136,44,121,14.6179,40.1993
4862,301,135,41,125,13.6213,41.5282
4863,301,135,43,123,14.2857,40.8638
4864,301,134,44,123,14.6179,40.8638
4865,301,137,41,123,13.6213,40.8638
4866,298,136,37,125,12.4161,41.9463
4867,301,141,36,124,11.9601,41.1960
4868,300,140,36,124,12.0000,41.3333
4869,300,137,37,126,12.3333,42.0000
4870,298,140,35,123,11.7450,41.2752
4871,300,144,35,121,11.6667,40.3333
4872,300,149,32,119,10.6667,39.6667
4873,300,150,31,119,10.3333,39.6667
4874,300,149,34,117,11.3333,39.0000
4875,300,146,37,117,12.3333,39.0000
4876,300,144,37,119,12.3333,39.6667
4877,300,146,39,115,13.0000,38.3333
4878,300,147,38,115,12.6667,38.3333
4879,300,146,40,114,13.3333,38.0000
4880,300,146,41,113,13.6667,37.6667
4881,300,147,41,112,13.6667,37.3333
4882,299,150,39,110,13.0435,36.7893
4883,302,153,39,110,12.9139,36.4238
4884,301,153,38,110,12.6246,36.5449
4885,300,155,37,108,12.3333,36.0000
4886,300,155,40,105,13.3333,35.0000
4887,300,159,37,104,12.3333,34.6667
4888,299,163,36,100,12.0401,33.4448
4889,301,166,36,99,11.9601,32.8904
4890,300,168,35,97,11.6667,32.3333
4891,300,166,36,98,12.0000,32.6667
4892,299,168,37,94,12.3746,31.4381
4893,304,173,37,94,12.1711,30.9211
4894,304,177,37,90,12.1711,29.6053
4895,302,181,34,87,11.2583,28.8079
4896,302,180,33,89,10.9272,29.4702
4897,302,177,34,91,11.2583,30.1325
4898,302,181,32,89,10.5960,29.4702
4899,301,181,31,89,10.2990,29.5681
4900,301,178,34,89,11.2957,29.5681
4901,301,178,35,88,11.6279,29.2359
4902,301,179,36,86,11.9601,28.5714
4903,300,177,39,84,13.0000,28.0000
4904,299,180,39,80,13.0435,26.7559
4905,302,187,38,77,12.5828,25.4967
4906,301,178,46,77,15.2824,25.5814
4907,300,177,46,77,15.3333,25.6667
4908,299,176,48,75,16.0535,25.0836
4909,299,177,48,74,16.0535,24.7492
4910,303,183,45,75,14.8515,24.7525
4911,303,181,46,76,15.1815,25.0825
4912,303,180,47,76,15.5116,25.0825
4913,302,180,45,77,14.9007,25.4967
4914,302,184,46,72,15.2318,23.8411
4915,302,181,48,73,15.8940,24.1722
4916,302,179,51,72,16.8874,23.8411
4917,301,179,49,73,16.2791,24.2525
4918,301,181,50,70,16.6113,23.2558
4919,301,179,52,70,17.2757,23.2558
4920,300,179,49,72,16.3333,24.0000
4921,299,178,49,72,16.3880,24.0803
4922,300,177,50,73,16.6667,24.3333
4923,298,177,49,72,16.4430,24.1611
4924,298,180,49,69,16.4430,23.1544
4925,300,183,49,68,16.3333,22.6667
4926,299,181,47,71,15.7191,23.7458
4927,303,186,43,74,14.1914,24.4224
4928,303,187,42,74,13.8614,24.4224
4929,303,185,43,75,14.1914,24.7525
4930,303,183,46,74,15.1815,24.4224
4931,301,183,45,73,14.9502,24.2525
4932,299,182,45,72,15.0502,24.0803
4933,302,183,48,71,15.8940,23.5099
4934,301,184,46,71,15.2824,23.5880
4935,301,183,48,70,15.9468,23.2558
4936,300,181,47,72,15.6667,24.0000
4937,299,179,45,75,15.0502,25.0836
4938,302,178,47,77,15.5629,25.4967
4939,301,177,48,76,15.9468,25.2492
4940,300,177,48,75,16.0000,25.0000
4941,300,177,49,74,16.3333,24.6667
4942,299,175,48,76,16.0535,25.4181
4943,298,171,51,76,17.1141,25.5034
4944,301,172,53,76,17.6080,25.2492
4945,300,173,50,77,16.6667,25.6667
4946,300,172,49,79,16.3333,26.3333
4947,300,168,54,78,18.0000,26.0000
4948,300,167,58,75,19.3333,25.0000
4949,299,164,60,75,20.0669,25.0836
4950,302,166,62,74,20.5298,24.5033
4951,301,166,59,76,19.6013,25.2492
4952,301,166,62,73,20.5980,24.2525
4953,298,164,61,73,20.4698,24.4966
4954,299,163,62,74,20.7358,24.7492
4955,301,161,65,75,21.5947,24.9169
4956,300,157,67,76,22.3333,25.3333
4957,299,158,63,78,21.0702,26.0870
4958,299,152,69,78,23.0769,26.0870
4959,302,152,70,80,23.1788,26.4901
4960,302,146,72,84,23.8411,27.8146
4961,300,143,71,86,23.6667,28.6667
4962,300,144,70,86,23.3333,28.6667
4963,300,139,74,87,24.6667,29.0000
4964,299,137,73,89,24.4147,29.7659
4965,300,139,73,88,24.3333,29.3333
4966,300,136,75,89,25.0000,29.6667
4967,298,135,71,92,23.8255,30.8725
4968,301,137,70,94,23.2558,31.2292
4969,300,140,67,93,22.3333,31.0000
4970,299,136,66,97,22.0736,32.4415
4971,299,136,66,97,22.0736,32.4415
4972,302,141,66,95,21.8543,31.4570
4973,301,141,65,95,21.5947,31.5615
4974,301,139,66,96,21.9269,31.8937
4975,300,135,69,96,23.0000,32.0000
4976,299,129,71,99,23.7458,33.1104
4977,302,131,72,99,23.8411,32.7815
4978,302,133,67,102,22.1854,33.7748
4979,301,130,70,101,23.2558,33.5548
4980,299,128,72,99,24.0803,33.1104
4981,302,131,70,101,23.1788,33.4437
4982,301,130,68,103,22.5914,34.2193
4983,299,126,69,104,23.0769,34.7826
4984,297,124,65,108,21.8855,36.3636
4985,300,125,66,109,22.0000,36.3333
4986,300,124,64,112,21.3333,37.3333
4987,300,119,67,114,22.3333,38.0000
4988,300,121,67,112,22.3333,37.3333
4989,300,123,67,110,22.3333,36.6667
4990,300,124,66,110,22.0000,36.6667
4991,298,124,61,113,20.4698,37.9195
4992,301,124,62,115,20.5980,38.2060
4993,300,121,66,113,22.0000,37.6667
4994,299,120,67,112,22.4080,37.4582
4995,298,118,66,114,22.1477,38.2550
4996,299,114,67,118,22.4080,39.4649
4997,300,117,61,122,20.3333,40.6667
4998,300,118,62,120,20.6667,40.0000
4999,299,114,63,122,21.0702,40.8027
5000,302,118,59,125,19.5364,41.3907
5001,302,118,56,128,18.5430,42.3841
5002,301,115,57,129,18.9369,42.8571
5003,300,117,56,127,18.6667,42.3333
5004,297,113,57,127,19.1919,42.7609
5005,300,111,62,127,20.6667,42.3333
5006,299,111,60,128,20.0669,42.8094
5007,302,113,58,131,19.2053,43.3775
5008,301,112,56,133,18.6047,44.1860
5009,301,110,61,130,20.2658,43.1894
5010,301,110,60,131,19.9336,43.5216
5011,301,105,68,128,22.5914,42.5249
5012,300,107,66,127,22.0000,42.3333
5013,300,105,66,129,22.0000,43.0000
5014,298,102,68,128,22.8188,42.9530
5015,298,101,67,130,22.4832,43.6242
5016,301,104,68,129,22.5914,42.8571
5017,300,105,63,132,21.0000,44.0000
5018,300,106,61,133,20.3333,44.3333
5019,300,108,63,129,21.0000,43.0000
5020,299,110,59,130,19.7324,43.4783
5021,299,112,59,128,19.7324,42.8094
5022,302,119,58,125,19.2053,41.3907
5023,302,117,56,129,18.5430,42.7152
5024,302,118,54,130,17.8808,43.0464
5025,301,118,52,131,17.2757,43.5216
5026,300,117,51,132,17.0000,44.0000
5027,299,114,54,131,18.0602,43.8127
5028,302,114,59,129,19.5364,42.7152
5029,301,111,58,132,19.2691,43.8538
5030,300,115,57,128,19.0000,42.6667
5031,298,113,56,129,18.7919,43.2886
5032,301,114,57,130,18.9369,43.1894
5033,301,115,58,128,19.2691,42.5249
5034,297,117,49,131,16.4983,44.1077
5035,299,117,50,132,16.7224,44.1472
5036,302,124,47,131,15.5629,43.3775
5037,302,120,51,131,16.8874,43.3775
5038,302,121,54,127,17.8808,42.0530
5039,302,121,56,125,18.5430,41.3907
5040,302,123,54,125,17.8808,41.3907
5041,302,122,55,125,18.2119,41.3907
5042,301,122,54,125,17.9402,41.5282
5043,301,126,53,122,17.6080,40.5316
5044,301,125,55,121,18.2724,40.1993
5045,301,122,57,122,18.9369,40.5316
5046,300,122,56,122,18.6667,40.6667
5047,300,124,54,122,18.0000,40.6667
5048,299,127,50,122,16.7224,40.8027
5049,299,135,43,121,14.3813,40.4682
5050,302,137,44,121,14.5695,40.0662
5051,302,138,43,121,14.2384,40.0662
5052,299,139,40,120,13.3779,40.1338
5053,303,145,41,117,13.5314,38.6139
5054,303,145,41,117,13.5314,38.6139
5055,302,147,39,116,12.9139,38.4106
5056,300,144,40,116,13.3333,38.6667
5057,299,145,37,117,12.3746,39.1304
5058,301,149,33,119,10.9635,39.5349
5059,301,153,31,117,10.2990,38.8704
5060,300,156,30,114,10.0000,38.0000
5061,300,155,31,114,10.3333,38.0000
5062,299,154,30,115,10.0334,38.4615
5063,299,152,32,115,10.7023,38.4615
5064,303,156,32,115,10.5611,37.9538
5065,302,158,33,111,10.9272,36.7550
5066,302,157,34,111,11.2583,36.7550
5067,301,161,33,107,10.9635,35.5482
5068,301,160,33,108,10.9635,35.8804
5069,301,163,34,104,11.2957,34.5515
5070,301,164,33,104,10.9635,34.5515
5071,301,161,35,105,11.6279,34.8837
5072,300,164,35,101,11.6667,33.6667
5073,299,165,30,104,10.0334,34.7826
5074,303,169,30,104,9.9010,34.3234
5075,302,174,29,99,9.6026,32.7815
5076,301,175,28,98,9.3023,32.5581
5077,301,178,28,95,9.3023,31.5615
5078,301,179,30,92,9.9668,30.5648
5079,301,177,32,92,10.6312,30.5648
5080,301,175,35,91,11.6279,30.2326
5081,300,175,37,88,12.3333,29.3333
5082,299,176,37,86,12.3746,28.7625
5083,306,184,38,84,12.4183,27.4510
5084,304,184,38,82,12.5000,26.9737
5085,302,184,36,82,11.9205,27.1523
5086,302,187,38,77,12.5828,25.4967
5087,300,186,37,77,12.3333,25.6667
5088,300,187,39,74,13.0000,24.6667
5089,299,187,37,75,12.3746,25.0836
5090,302,186,41,75,13.5762,24.8344
5091,302,182,44,76,14.5695,25.1656
5092,300,183,41,76,13.6667,25.3333
5093,300,183,42,75,14.0000,25.0000
5094,300,181,45,74,15.0000,24.6667
5095,300,181,46,73,15.3333,24.3333
5096,300,179,48,73,16.0000,24.3333
5097,300,177,51,72,17.0000,24.0000
5098,298,177,51,70,17.1141,23.4899
5099,300,180,53,67,17.6667,22.3333
5100,299,182,53,64,17.7258,21.4047
5101,303,191,51,61,16.8317,20.1320
5102,302,189,51,62,16.8874,20.5298
5103,302,189,51,62,16.8874,20.5298
5104,302,190,51,61,16.8874,20.1987
5105,301,191,50,60,16.6113,19.9336
5106,300,191,48,61,16.0000,20.3333
5107,300,189,51,60,17.0000,20.0000
5108,299,184,53,62,17.7258,20.7358
5109,305,190,53,62,17.3770,20.3279
5110,304,191,53,60,17.4342,19.7368
5111,301,188,53,60,17.6080,19.9336
5112,301,177,63,61,20.9302,20.2658
5113,300,170,70,60,23.3333,20.0000
5114,300,170,68,62,22.6667,20.6667
5115,298,165,70,63,23.4899,21.1409
5116,301,170,71,60,23.5880,19.9336
5117,299,165,70,64,23.4114,21.4047
5118,300,166,72,62,24.0000,20.6667
5119,299,161,75,63,25.0836,21.0702
5120,301,163,74,64,24.5847,21.2625
5121,300,158,77,65,25.6667,21.6667
5122,298,157,77,64,25.8389,21.4765
5123,301,158,78,65,25.9136,21.5947
5124,300,154,78,68,26.0000,22.6667
5125,300,155,81,64,27.0000,21.3333
5126,300,153,84,63,28.0000,21.0000
5127,299,146,87,66,29.0970,22.0736
5128,300,146,87,67,29.0000,22.3333
5129,298,140,88,70,29.5302,23.4899
5130,299,133,94,72,31.4381,24.0803
5131,298,128,97,73,32.5503,24.4966
5132,299,123,99,77,33.1104,25.7525
5133,297,122,90,85,30.3030,28.6195
5134,297,118,88,91,29.6296,30.6397
5135,300,121,86,93,28.6667,31.0000
5136,300,115,89,96,29.6667,32.0000
5137,300,110,93,97,31.0000,32.3333
5138,300,109,91,100,30.3333,33.3333
5139,300,109,89,102,29.6667,34.0000
5140,299,107,88,104,29.4314,34.7826
5141,300,107,88,105,29.3333,35.0000
5142,299,106,85,108,28.4281,36.1204
5143,300,107,84,109,28.0000,36.3333
5144,300,107,82,111,27.3333,37.0000
5145,300,100,86,114,28.6667,38.0000
5146,300,100,84,116,28.0000,38.6667
5147,298,97,81,120,27.1812,40.2685
5148,301,98,81,122,26.9103,40.5316
5149,300,95,79,126,26.3333,42.0000
5150,294,92,75,127,25.5102,43.1973
5151,295,88,74,133,25.0847,45.0847
5152,296,91,67,138,22.6351,46.6216
5153,297,93,67,137,22.5589,46.1279
5154,300,97,65,138,21.6667,46.0000
5155,299,98,63,138,21.0702,46.1538
5156,298,99,61,138,20.4698,46.3087
5157,302,100,62,140,20.5298,46.3576
5158,302,101,57,144,18.8742,47.6821
5159,302,101,56,145,18.5430,48.0132
5160,301,102,54,145,17.9402,48.1728
5161,300,99,56,145,18.6667,48.3333
5162,299,98,57,144,19.0635,48.1605
5163,298,101,55,142,18.4564,47.6510
5164,299,102,55,142,18.3946,47.4916
5165,300,102,53,145,17.6667,48.3333
5166,300,106,48,146,16.0000,48.6667
5167,298,107,45,146,15.1007,48.9933
5168,300,106,46,148,15.3333,49.3333
5169,300,107,47,146,15.6667,48.6667
5170,300,106,43,151,14.3333,50.3333
5171,298,105,42,151,14.0940,50.6711
5172,299,109,40,150,13.3779,50.1672
5173,302,113,38,151,12.5828,50.0000
5174,302,113,37,152,12.2517,50.3311
5175,302,115,36,151,11.9205,50.0000
5176,302,118,35,149,11.5894,49.3377
5177,300,117,30,153,10.0000,51.0000
5178,299,117,29,153,9.6990,51.1706
5179,299,118,30,151,10.0334,50.5017
5180,300,119,32,149,10.6667,49.6667
5181,300,121,30,149,10.0000,49.6667
5182,300,123,27,150,9.0000,50.0000
5183,300,122,27,151,9.0000,50.3333
5184,300,124,29,147,9.6667,49.0000
5185,299,133,26,140,8.6957,46.8227
5186,303,142,26,135,8.5809,44.5545
5187,303,143,29,131,9.5710,43.2343
5188,303,144,30,129,9.9010,42.5743
5189,301,147,26,128,8.6379,42.5249
5190,301,150,26,125,8.6379,41.5282
5191,299,154,22,123,7.3579,41.1371
5192,302,157,24,121,7.9470,40.0662
5193,302,159,24,119,7.9470,39.4040
5194,302,161,25,116,8.2781,38.4106
5195,301,162,25,114,8.3056,37.8738
5196,301,164,27,110,8.9701,36.5449
5197,301,165,29,107,9.6346,35.5482
5198,301,165,30,106,9.9668,35.2159
5199,301,169,30,102,9.9668,33.8870
5200,300,170,29,101,9.6667,33.6667
