tick,total,susceptible,infected,immune,pct_infected,pct_immune
0,150,140,10,0,6.6667,0.0000
1,151,141,10,0,6.6225,0.0000
2,151,140,11,0,7.2848,0.0000
3,152,141,11,0,7.2368,0.0000
4,152,141,11,0,7.2368,0.0000
5,155,143,12,0,7.7419,0.0000
6,156,143,13,0,8.3333,0.0000
7,157,143,14,0,8.9172,0.0000
8,160,146,14,0,8.7500,0.0000
9,160,146,14,0,8.7500,0.0000
10,162,148,14,0,8.6420,0.0000
11,165,151,14,0,8.4848,0.0000
12,166,149,17,0,10.2410,0.0000
13,167,150,17,0,10.1796,0.0000
14,169,149,20,0,11.8343,0.0000
15,172,152,20,0,11.6279,0.0000
16,174,152,22,0,12.6437,0.0000
17,177,154,23,0,12.9944,0.0000
18,179,155,24,0,13.4078,0.0000
19,180,155,25,0,13.8889,0.0000
20,181,155,26,0,14.3646,0.0000
21,183,158,16,9,8.7432,4.9180
22,185,160,15,10,8.1081,5.4054
23,189,164,15,10,7.9365,5.2910
24,193,167,16,10,8.2902,5.1813
25,194,167,16,11,8.2474,5.6701
26,196,168,17,11,8.6735,5.6122
27,199,171,17,11,8.5427,5.5276
28,202,174,17,11,8.4158,5.4455
29,202,174,17,11,8.4158,5.4455
30,203,174,18,11,8.8670,5.4187
31,206,176,19,11,9.2233,5.3398
32,209,179,18,12,8.6124,5.7416
33,211,181,16,14,7.5829,6.6351
34,214,182,17,15,7.9439,7.0093
35,217,185,16,16,7.3733,7.3733
36,221,185,20,16,9.0498,7.2398
37,224,186,20,18,8.9286,8.0357
38,226,184,24,18,10.6195,7.9646
39,227,179,30,18,13.2159,7.9295
40,229,176,34,19,14.8472,8.2969
41,232,178,34,20,14.6552,8.6207
42,234,176,38,20,16.2393,8.5470
43,238,179,39,20,16.3866,8.4034
44,239,177,42,20,17.5732,8.3682
45,241,175,46,20,19.0871,8.2988
46,241,171,48,22,19.9170,9.1286
47,241,168,50,23,20.7469,9.5436
48,243,165,55,23,22.6337,9.4650
49,246,165,58,23,23.5772,9.3496
50,247,162,62,23,25.1012,9.3117
51,246,159,63,24,25.6098,9.7561
52,247,159,64,24,25.9109,9.7166
53,251,160,67,24,26.6932,9.5618
54,252,158,69,25,27.3810,9.9206
55,251,153,73,25,29.0837,9.9602
56,253,150,77,26,30.4348,10.2767
57,254,146,78,30,30.7087,11.8110
58,254,144,78,32,30.7087,12.5984
59,252,141,77,34,30.5556,13.4921
60,252,138,72,42,28.5714,16.6667
61,256,140,73,43,28.5156,16.7969
62,256,136,75,45,29.2969,17.5781
63,260,135,78,47,30.0000,18.0769
64,262,132,80,50,30.5344,19.0840
65,264,131,81,52,30.6818,19.6970
66,263,129,81,53,30.7985,20.1521
67,263,127,79,57,30.0380,21.6730
68,263,125,78,60,29.6578,22.8137
69,266,124,77,65,28.9474,24.4361
70,266,121,78,67,29.3233,25.1880
71,268,120,77,71,28.7313,26.4925
72,270,120,78,72,28.8889,26.6667
73,269,123,82,64,30.4833,23.7918
74,269,122,82,65,30.4833,24.1636
75,266,119,80,67,30.0752,25.1880
76,266,118,75,73,28.1955,27.4436
77,269,119,75,75,27.8810,27.8810
78,268,115,74,79,27.6119,29.4776
79,270,116,74,80,27.4074,29.6296
80,270,115,70,85,25.9259,31.4815
81,271,115,69,87,25.4613,32.1033
82,274,118,67,89,24.4526,32.4818
83,275,114,67,94,24.3636,34.1818
84,277,116,64,97,23.1047,35.0181
85,278,116,65,97,23.3813,34.8921
86,279,118,62,99,22.2222,35.4839
87,278,117,60,101,21.5827,36.3309
88,282,119,61,102,21.6312,36.1702
89,284,120,60,104,21.1268,36.6197
90,287,121,59,107,20.5575,37.2822
91,287,119,56,112,19.5122,39.0244
92,287,118,56,113,19.5122,39.3728
93,288,119,53,116,18.4028,40.2778
94,287,118,53,116,18.4669,40.4181
95,289,116,54,119,18.6851,41.1765
96,294,120,54,120,18.3673,40.8163
97,296,121,54,121,18.2432,40.8784
98,295,120,54,121,18.3051,41.0169
99,295,121,53,121,17.9661,41.0169
100,296,116,58,122,19.5946,41.2162
101,299,117,58,124,19.3980,41.4716
102,305,122,58,125,19.0164,40.9836
103,304,121,58,125,19.0789,41.1184
104,302,119,56,127,18.5430,42.0530
105,302,117,57,128,18.8742,42.3841
106,302,115,56,131,18.5430,43.3775
107,301,115,54,132,17.9402,43.8538
108,301,111,56,134,18.6047,44.5183
109,300,114,53,133,17.6667,44.3333
110,298,115,51,132,17.1141,44.2953
111,300,117,52,131,17.3333,43.6667
112,299,123,50,126,16.7224,42.1405
113,299,125,48,126,16.0535,42.1405
114,302,125,49,128,16.2252,42.3841
115,302,126,48,128,15.8940,42.3841
116,301,128,46,127,15.2824,42.1927
117,301,129,46,126,15.2824,41.8605
118,299,126,47,126,15.7191,42.1405
119,299,130,43,126,14.3813,42.1405
120,299,134,39,126,13.0435,42.1405
121,299,139,36,124,12.0401,41.4716
122,300,141,35,124,11.6667,41.3333
123,299,142,38,119,12.7090,39.7993
124,302,144,37,121,12.2517,40.0662
125,302,144,36,122,11.9205,40.3974
126,302,146,35,121,11.5894,40.0662
127,302,148,32,122,10.5960,40.3974
128,302,154,30,118,9.9338,39.0728
129,301,155,28,118,9.3023,39.2027
130,301,158,28,115,9.3023,38.2060
131,300,157,28,115,9.3333,38.3333
132,300,159,30,111,10.0000,37.0000
133,300,159,31,110,10.3333,36.6667
134,299,161,28,110,9.3645,36.7893
135,300,167,28,105,9.3333,35.0000
136,299,170,28,101,9.3645,33.7793
137,299,171,27,101,9.0301,33.7793
138,300,176,25,99,8.3333,33.0000
139,300,176,26,98,8.6667,32.6667
140,300,175,27,98,9.0000,32.6667
141,299,175,30,94,10.0334,31.4381
142,304,183,30,91,9.8684,29.9342
143,304,182,34,88,11.1842,28.9474
144,304,182,32,90,10.5263,29.6053
145,304,183,33,88,10.8553,28.9474
146,304,180,36,88,11.8421,28.9474
147,304,179,40,85,13.1579,27.9605
148,304,177,43,84,14.1447,27.6316
149,304,173,47,84,15.4605,27.6316
150,304,173,47,84,15.4605,27.6316
151,304,172,48,84,15.7895,27.6316
152,304,171,48,85,15.7895,27.9605
153,304,172,46,86,15.1316,28.2895
154,304,170,48,86,15.7895,28.2895
155,304,167,52,85,17.1053,27.9605
156,304,164,55,85,18.0921,27.9605
157,304,160,59,85,19.4079,27.9605
158,304,162,60,82,19.7368,26.9737
159,304,160,61,83,20.0658,27.3026
160,304,161,61,82,20.0658,26.9737
161,303,160,63,80,20.7921,26.4026
162,302,160,61,81,20.1987,26.8212
163,302,157,63,82,20.8609,27.1523
164,301,157,62,82,20.5980,27.2425
165,300,155,62,83,20.6667,27.6667
166,300,154,66,80,22.0000,26.6667
167,299,153,64,82,21.4047,27.4247
168,301,155,63,83,20.9302,27.5748
169,298,153,60,85,20.1342,28.5235
170,300,154,61,85,20.3333,28.3333
171,299,157,58,84,19.3980,28.0936
172,301,158,62,81,20.5980,26.9103
173,301,153,67,81,22.2591,26.9103
174,301,154,68,79,22.5914,26.2458
175,301,150,68,83,22.5914,27.5748
176,301,150,63,88,20.9302,29.2359
177,301,150,63,88,20.9302,29.2359
178,298,148,62,88,20.8054,29.5302
179,299,152,59,88,19.7324,29.4314
180,300,151,61,88,20.3333,29.3333
181,300,152,61,87,20.3333,29.0000
182,299,146,65,88,21.7391,29.4314
183,300,149,61,90,20.3333,30.0000
184,300,145,64,91,21.3333,30.3333
185,300,143,62,95,20.6667,31.6667
186,299,144,61,94,20.4013,31.4381
187,297,140,60,97,20.2020,32.6599
188,300,140,62,98,20.6667,32.6667
189,300,138,64,98,21.3333,32.6667
190,300,137,63,100,21.0000,33.3333
191,300,138,63,99,21.0000,33.0000
192,299,136,63,100,21.0702,33.4448
193,298,134,59,105,19.7987,35.2349
194,298,133,59,106,19.7987,35.5705
195,303,136,62,105,20.4620,34.6535
196,302,139,56,107,18.5430,35.4305
197,301,136,59,106,19.6013,35.2159
198,301,132,62,107,20.5980,35.5482
199,300,130,61,109,20.3333,36.3333
200,300,126,63,111,21.0000,37.0000
201,300,123,65,112,21.6667,37.3333
202,300,123,61,116,20.3333,38.6667
203,299,121,61,117,20.4013,39.1304
204,302,126,58,118,19.2053,39.0728
205,302,125,60,117,19.8675,38.7417
206,301,124,59,118,19.6013,39.2027
207,300,122,59,119,19.6667,39.6667
208,300,122,56,122,18.6667,40.6667
209,300,122,55,123,18.3333,41.0000
210,299,120,54,125,18.0602,41.8060
211,300,122,54,124,18.0000,41.3333
212,299,124,52,123,17.3913,41.1371
213,301,122,55,124,18.2724,41.1960
214,300,124,50,126,16.6667,42.0000
215,300,124,50,126,16.6667,42.0000
216,300,124,51,125,17.0000,41.6667
217,299,121,54,124,18.0602,41.4716
218,298,121,51,126,17.1141,42.2819
219,298,124,51,123,17.1141,41.2752
220,296,126,46,124,15.5405,41.8919
221,299,132,44,123,14.7157,41.1371
222,301,135,41,125,13.6213,41.5282
223,301,136,42,123,13.9535,40.8638
224,300,134,42,124,14.0000,41.3333
225,298,135,40,123,13.4228,41.2752
226,299,136,39,124,13.0435,41.4716
227,302,138,42,122,13.9073,40.3974
228,301,142,43,116,14.2857,38.5382
229,300,143,43,114,14.3333,38.0000
230,300,141,43,116,14.3333,38.6667
231,300,142,45,113,15.0000,37.6667
232,299,141,46,112,15.3846,37.4582
233,300,143,44,113,14.6667,37.6667
234,300,146,41,113,13.6667,37.6667
235,299,145,44,110,14.7157,36.7893
236,298,143,44,111,14.7651,37.2483
237,298,145,43,110,14.4295,36.9128
238,300,146,44,110,14.6667,36.6667
239,300,147,43,110,14.3333,36.6667
240,300,145,45,110,15.0000,36.6667
241,299,145,46,108,15.3846,36.1204
242,301,147,48,106,15.9468,35.2159
243,301,145,51,105,16.9435,34.8837
244,300,144,50,106,16.6667,35.3333
245,300,144,54,102,18.0000,34.0000
246,299,142,55,102,18.3946,34.1137
247,301,142,56,103,18.6047,34.2193
248,300,145,54,101,18.0000,33.6667
249,300,141,57,102,19.0000,34.0000
250,299,139,59,101,19.7324,33.7793
251,300,142,57,101,19.0000,33.6667
252,300,142,56,102,18.6667,34.0000
253,299,141,57,101,19.0635,33.7793
254,302,145,61,96,20.1987,31.7881
255,302,141,66,95,21.8543,31.4570
256,301,140,66,95,21.9269,31.5615
257,300,141,65,94,21.6667,31.3333
258,298,137,67,94,22.4832,31.5436
259,305,143,68,94,22.2951,30.8197
260,304,146,67,91,22.0395,29.9342
261,304,143,69,92,22.6974,30.2632
262,303,143,69,91,22.7723,30.0330
263,303,141,71,91,23.4323,30.0330
264,303,139,70,94,23.1023,31.0231
265,303,138,66,99,21.7822,32.6733
266,303,139,67,97,22.1122,32.0132
267,303,140,66,97,21.7822,32.0132
268,303,136,69,98,22.7723,32.3432
269,303,133,69,101,22.7723,33.3333
270,302,132,71,99,23.5099,32.7815
271,300,129,71,100,23.6667,33.3333
272,299,131,72,96,24.0803,32.1070
273,300,131,72,97,24.0000,32.3333
274,300,133,71,96,23.6667,32.0000
275,298,132,65,101,21.8121,33.8926
276,299,131,64,104,21.4047,34.7826
277,301,136,62,103,20.5980,34.2193
278,301,135,62,104,20.5980,34.5515
279,299,135,59,105,19.7324,35.1171
280,300,136,58,106,19.3333,35.3333
281,300,134,57,109,19.0000,36.3333
282,299,132,59,108,19.7324,36.1204
283,298,133,54,111,18.1208,37.2483
284,299,134,53,112,17.7258,37.4582
285,298,134,53,111,17.7852,37.2483
286,300,139,52,109,17.3333,36.3333
287,300,135,54,111,18.0000,37.0000
288,299,136,54,109,18.0602,36.4548
289,302,143,50,109,16.5563,36.0927
290,301,142,46,113,15.2824,37.5415
291,300,144,45,111,15.0000,37.0000
292,298,142,43,113,14.4295,37.9195
293,299,141,44,114,14.7157,38.1271
294,300,141,44,115,14.6667,38.3333
295,300,137,47,116,15.6667,38.6667
296,300,139,46,115,15.3333,38.3333
297,299,139,45,115,15.0502,38.4615
298,305,141,48,116,15.7377,38.0328
299,304,140,48,116,15.7895,38.1579
300,304,141,48,115,15.7895,37.8289
301,304,141,48,115,15.7895,37.8289
302,304,135,52,117,17.1053,38.4868
303,303,135,51,117,16.8317,38.6139
304,303,134,55,114,18.1518,37.6238
305,302,131,54,117,17.8808,38.7417
306,301,132,52,117,17.2757,38.8704
307,300,132,49,119,16.3333,39.6667
308,299,133,50,116,16.7224,38.7960
309,300,131,53,116,17.6667,38.6667
310,299,130,53,116,17.7258,38.7960
311,300,129,57,114,19.0000,38.0000
312,300,128,58,114,19.3333,38.0000
313,300,124,59,117,19.6667,39.0000
314,300,123,61,116,20.3333,38.6667
315,298,120,60,118,20.1342,39.5973
316,301,125,62,114,20.5980,37.8738
317,301,131,62,108,20.5980,35.8804
318,299,131,62,106,20.7358,35.4515
319,299,130,61,108,20.4013,36.1204
320,301,131,64,106,21.2625,35.2159
321,300,133,64,103,21.3333,34.3333
322,299,131,61,107,20.4013,35.7860
323,300,134,59,107,19.6667,35.6667
324,299,132,59,108,19.7324,36.1204
325,300,133,58,109,19.3333,36.3333
326,300,134,59,107,19.6667,35.6667
327,299,138,60,101,20.0669,33.7793
328,300,141,62,97,20.6667,32.3333
329,300,142,58,100,19.3333,33.3333
330,299,139,59,101,19.7324,33.7793
331,299,139,59,101,19.7324,33.7793
332,302,142,60,100,19.8675,33.1126
333,302,139,63,100,20.8609,33.1126
334,301,138,61,102,20.2658,33.8870
335,301,137,61,103,20.2658,34.2193
336,300,136,60,104,20.0000,34.6667
337,299,134,63,102,21.0702,34.1137
338,299,133,65,101,21.7391,33.7793
339,299,133,66,100,22.0736,33.4448
340,302,136,62,104,20.5298,34.4371
341,301,140,59,102,19.6013,33.8870
342,300,143,59,98,19.6667,32.6667
343,299,139,61,99,20.4013,33.1104
344,299,136,66,97,22.0736,32.4415
345,299,134,67,98,22.4080,32.7759
346,301,136,68,97,22.5914,32.2259
347,300,134,68,98,22.6667,32.6667
348,300,136,68,96,22.6667,32.0000
349,299,127,76,96,25.4181,32.1070
350,299,128,75,96,25.0836,32.1070
351,301,132,72,97,23.9203,32.2259
352,301,132,71,98,23.5880,32.5581
353,301,133,68,100,22.5914,33.2226
354,300,131,68,101,22.6667,33.6667
355,296,128,68,100,22.9730,33.7838
356,301,129,70,102,23.2558,33.8870
357,297,131,67,99,22.5589,33.3333
358,298,130,68,100,22.8188,33.5570
359,299,132,67,100,22.4080,33.4448
360,299,130,68,101,22.7425,33.7793
361,303,133,69,101,22.7723,33.3333
362,303,134,70,99,23.1023,32.6733
363,301,131,69,101,22.9236,33.5548
364,300,129,66,105,22.0000,35.0000
365,299,134,59,106,19.7324,35.4515
366,300,131,64,105,21.3333,35.0000
367,299,130,66,103,22.0736,34.4482
368,300,130,64,106,21.3333,35.3333
369,298,129,60,109,20.1342,36.5772
370,296,123,62,111,20.9459,37.5000
371,296,124,63,109,21.2838,36.8243
372,299,127,61,111,20.4013,37.1237
373,300,128,61,111,20.3333,37.0000
374,299,130,62,107,20.7358,35.7860
375,298,133,58,107,19.4631,35.9060
376,300,136,54,110,18.0000,36.6667
377,297,140,51,106,17.1717,35.6902
378,298,138,49,111,16.4430,37.2483
379,301,137,52,112,17.2757,37.2093
380,301,135,51,115,16.9435,38.2060
381,301,135,52,114,17.2757,37.8738
382,301,136,52,113,17.2757,37.5415
383,301,135,53,113,17.6080,37.5415
384,301,136,52,113,17.2757,37.5415
385,301,135,53,113,17.6080,37.5415
386,301,138,52,111,17.2757,36.8771
387,299,142,45,112,15.0502,37.4582
388,305,147,47,111,15.4098,36.3934
389,304,144,48,112,15.7895,36.8421
390,303,140,48,115,15.8416,37.9538
391,302,140,43,119,14.2384,39.4040
392,302,144,44,114,14.5695,37.7483
393,301,142,47,112,15.6146,37.2093
394,300,140,47,113,15.6667,37.6667
395,300,139,49,112,16.3333,37.3333
396,300,138,51,111,17.0000,37.0000
397,299,137,53,109,17.7258,36.4548
398,301,139,53,109,17.6080,36.2126
399,299,139,49,111,16.3880,37.1237
400,300,138,50,112,16.6667,37.3333
401,299,139,49,111,16.3880,37.1237
402,303,143,47,113,15.5116,37.2937
403,302,146,45,111,14.9007,36.7550
404,301,147,45,109,14.9502,36.2126
405,299,147,47,105,15.7191,35.1171
406,303,153,46,104,15.1815,34.3234
407,303,147,52,104,17.1617,34.3234
408,302,145,52,105,17.2185,34.7682
409,301,146,51,104,16.9435,34.5515
410,300,144,51,105,17.0000,35.0000
411,300,144,51,105,17.0000,35.0000
412,300,143,53,104,17.6667,34.6667
413,300,142,52,106,17.3333,35.3333
414,299,139,50,110,16.7224,36.7893
415,301,141,50,110,16.6113,36.5449
416,300,142,53,105,17.6667,35.0000
417,299,144,55,100,18.3946,33.4448
418,301,145,55,101,18.2724,33.5548
419,301,142,58,101,19.2691,33.5548
420,299,144,54,101,18.0602,33.7793
421,303,146,59,98,19.4719,32.3432
422,303,143,62,98,20.4620,32.3432
423,302,143,63,96,20.8609,31.7881
424,300,142,65,93,21.6667,31.0000
425,300,139,68,93,22.6667,31.0000
426,300,136,69,95,23.0000,31.6667
427,298,137,65,96,21.8121,32.2148
428,298,141,60,97,20.1342,32.5503
429,301,141,63,97,20.9302,32.2259
430,300,142,64,94,21.3333,31.3333
431,299,142,63,94,21.0702,31.4381
432,300,146,59,95,19.6667,31.6667
433,300,147,61,92,20.3333,30.6667
434,298,143,63,92,21.1409,30.8725
435,300,144,66,90,22.0000,30.0000
436,298,144,62,92,20.8054,30.8725
437,300,148,60,92,20.0000,30.6667
438,298,147,60,91,20.1342,30.5369
439,299,153,60,86,20.0669,28.7625
440,298,154,58,86,19.4631,28.8591
441,300,154,57,89,19.0000,29.6667
442,298,155,56,87,18.7919,29.1946
443,302,162,53,87,17.5497,28.8079
444,302,161,50,91,16.5563,30.1325
445,301,160,49,92,16.2791,30.5648
446,300,156,49,95,16.3333,31.6667
447,300,153,51,96,17.0000,32.0000
448,300,152,51,97,17.0000,32.3333
449,300,146,55,99,18.3333,33.0000
450,299,143,55,101,18.3946,33.7793
451,303,148,56,99,18.4818,32.6733
452,303,144,60,99,19.8020,32.6733
453,303,140,63,100,20.7921,33.0033
454,302,139,66,97,21.8543,32.1192
455,301,137,62,102,20.5980,33.8870
456,300,131,66,103,22.0000,34.3333
457,300,126,71,103,23.6667,34.3333
458,299,119,76,104,25.4181,34.7826
459,301,120,76,105,25.2492,34.8837
460,301,117,80,104,26.5781,34.5515
461,301,115,81,105,26.9103,34.8837
462,301,113,82,106,27.2425,35.2159
463,301,110,86,105,28.5714,34.8837
464,300,108,86,106,28.6667,35.3333
465,299,106,89,104,29.7659,34.7826
466,296,108,88,100,29.7297,33.7838
467,297,108,89,100,29.9663,33.6700
468,300,109,88,103,29.3333,34.3333
469,298,108,85,105,28.5235,35.2349
470,299,108,87,104,29.0970,34.7826
471,301,109,85,107,28.2392,35.5482
472,298,111,79,108,26.5101,36.2416
473,301,115,77,109,25.5814,36.2126
474,301,112,77,112,25.5814,37.2093
475,300,108,77,115,25.6667,38.3333
476,298,107,72,119,24.1611,39.9329
477,302,110,71,121,23.5099,40.0662
478,301,110,66,125,21.9269,41.5282
479,299,110,66,123,22.0736,41.1371
480,300,114,65,121,21.6667,40.3333
481,297,113,61,123,20.5387,41.4141
482,298,116,57,125,19.1275,41.9463
483,298,119,50,129,16.7785,43.2886
484,299,125,48,126,16.0535,42.1405
485,301,126,44,131,14.6179,43.5216
486,300,126,44,130,14.6667,43.3333
487,299,126,41,132,13.7124,44.1472
488,300,129,40,131,13.3333,43.6667
489,299,127,42,130,14.0468,43.4783
490,302,130,42,130,13.9073,43.0464
491,302,129,41,132,13.5762,43.7086
492,301,130,38,133,12.6246,44.1860
493,301,134,38,129,12.6246,42.8571
494,299,134,35,130,11.7057,43.4783
495,301,137,37,127,12.2924,42.1927
496,301,137,39,125,12.9568,41.5282
497,299,136,38,125,12.7090,41.8060
498,300,142,35,123,11.6667,41.0000
499,300,141,38,121,12.6667,40.3333
500,298,141,36,121,12.0805,40.6040
501,301,145,35,121,11.6279,40.1993
502,301,148,34,119,11.2957,39.5349
503,301,150,33,118,10.9635,39.2027
504,301,148,36,117,11.9601,38.8704
505,301,148,36,117,11.9601,38.8704
506,301,148,35,118,11.6279,39.2027
507,301,153,36,112,11.9601,37.2093
508,301,151,38,112,12.6246,37.2093
509,300,151,35,114,11.6667,38.0000
510,300,152,33,115,11.0000,38.3333
511,300,152,34,114,11.3333,38.0000
512,300,154,33,113,11.0000,37.6667
513,300,153,35,112,11.6667,37.3333
514,300,155,35,110,11.6667,36.6667
515,300,152,37,111,12.3333,37.0000
516,299,150,35,114,11.7057,38.1271
517,302,152,35,115,11.5894,38.0795
518,302,150,36,116,11.9205,38.4106
519,302,149,39,114,12.9139,37.7483
520,302,152,36,114,11.9205,37.7483
521,302,155,36,111,11.9205,36.7550
522,302,154,36,112,11.9205,37.0861
523,302,155,39,108,12.9139,35.7616
524,302,153,45,104,14.9007,34.4371
525,302,153,43,106,14.2384,35.0993
526,302,157,44,101,14.5695,33.4437
527,301,158,45,98,14.9502,32.5581
528,300,162,42,96,14.0000,32.0000
529,300,162,43,95,14.3333,31.6667
530,300,168,43,89,14.3333,29.6667
531,300,164,46,90,15.3333,30.0000
532,300,164,48,88,16.0000,29.3333
533,300,163,49,88,16.3333,29.3333
534,300,166,49,85,16.3333,28.3333
535,300,171,47,82,15.6667,27.3333
536,300,169,45,86,15.0000,28.6667
537,300,169,45,86,15.0000,28.6667
538,299,169,45,85,15.0502,28.4281
539,298,165,50,83,16.7785,27.8523
540,298,165,49,84,16.4430,28.1879
541,300,167,51,82,17.0000,27.3333
542,299,167,51,81,17.0569,27.0903
543,302,172,50,80,16.5563,26.4901
544,301,172,46,83,15.2824,27.5748
545,301,168,48,85,15.9468,28.2392
546,301,169,48,84,15.9468,27.9070
547,301,169,47,85,15.6146,28.2392
548,301,165,53,83,17.6080,27.5748
549,301,164,53,84,17.6080,27.9070
550,300,163,55,82,18.3333,27.3333
551,300,158,58,84,19.3333,28.0000
552,298,155,56,87,18.7919,29.1946
553,298,156,56,86,18.7919,28.8591
554,297,157,54,86,18.1818,28.9562
555,299,159,55,85,18.3946,28.4281
556,301,158,56,87,18.6047,28.9037
557,300,157,56,87,18.6667,29.0000
558,299,158,52,89,17.3913,29.7659
559,302,159,50,93,16.5563,30.7947
560,302,160,47,95,15.5629,31.4570
561,302,161,46,95,15.2318,31.4570
562,301,162,47,92,15.6146,30.5648
563,301,157,53,91,17.6080,30.2326
564,301,154,56,91,18.6047,30.2326
565,299,152,55,92,18.3946,30.7692
566,300,153,54,93,18.0000,31.0000
567,300,153,56,91,18.6667,30.3333
568,300,154,56,90,18.6667,30.0000
569,298,153,54,91,18.1208,30.5369
570,302,156,53,93,17.5497,30.7947
571,301,153,53,95,17.6080,31.5615
572,299,154,51,94,17.0569,31.4381
573,300,152,51,97,17.0000,32.3333
574,300,150,54,96,18.0000,32.0000
575,300,147,57,96,19.0000,32.0000
576,298,142,59,97,19.7987,32.5503
577,301,148,57,96,18.9369,31.8937
578,301,138,66,97,21.9269,32.2259
579,301,134,69,98,22.9236,32.5581
580,300,134,69,97,23.0000,32.3333
581,300,133,71,96,23.6667,32.0000
582,300,131,73,96,24.3333,32.0000
583,297,127,73,97,24.5791,32.6599
584,298,123,75,100,25.1678,33.5570
585,300,121,78,101,26.0000,33.6667
586,300,120,78,102,26.0000,34.0000
587,300,122,76,102,25.3333,34.0000
588,298,126,73,99,24.4966,33.2215
589,301,133,72,96,23.9203,31.8937
590,301,130,72,99,23.9203,32.8904
591,300,129,72,99,24.0000,33.0000
592,300,131,70,99,23.3333,33.0000
593,297,129,67,101,22.5589,34.0067
594,298,127,66,105,22.1477,35.2349
595,298,124,68,106,22.8188,35.5705
596,299,130,67,102,22.4080,34.1137
597,302,128,71,103,23.5099,34.1060
598,301,127,65,109,21.5947,36.2126
599,300,128,61,111,20.3333,37.0000
600,300,126,62,112,20.6667,37.3333
601,297,126,60,111,20.2020,37.3737
602,301,131,57,113,18.9369,37.5415
603,300,132,55,113,18.3333,37.6667
604,300,133,53,114,17.6667,38.0000
605,299,131,48,120,16.0535,40.1338
606,300,134,44,122,14.6667,40.6667
607,300,134,42,124,14.0000,41.3333
608,300,134,44,122,14.6667,40.6667
609,299,134,44,121,14.7157,40.4682
610,303,140,43,120,14.1914,39.6040
611,303,141,45,117,14.8515,38.6139
612,303,143,44,116,14.5215,38.2838
613,303,143,46,114,15.1815,37.6238
614,303,140,47,116,15.5116,38.2838
615,300,139,44,117,14.6667,39.0000
616,299,139,42,118,14.0468,39.4649
617,300,144,39,117,13.0000,39.0000
618,299,144,35,120,11.7057,40.1338
619,301,146,35,120,11.6279,39.8671
620,301,147,35,119,11.6279,39.5349
621,300,147,36,117,12.0000,39.0000
622,299,148,37,114,12.3746,38.1271
623,301,150,39,112,12.9568,37.2093
624,301,152,38,111,12.6246,36.8771
625,300,153,37,110,12.3333,36.6667
626,300,152,36,112,12.0000,37.3333
627,300,151,37,112,12.3333,37.3333
628,299,151,36,112,12.0401,37.4582
629,304,158,36,110,11.8421,36.1842
630,304,156,38,110,12.5000,36.1842
631,302,157,35,110,11.5894,36.4238
632,302,158,33,111,10.9272,36.7550
633,301,157,33,111,10.9635,36.8771
634,300,155,32,113,10.6667,37.6667
635,300,155,34,111,11.3333,37.0000
636,300,159,32,109,10.6667,36.3333
637,300,160,34,106,11.3333,35.3333
638,300,161,33,106,11.0000,35.3333
639,299,162,32,105,10.7023,35.1171
640,301,163,33,105,10.9635,34.8837
641,301,164,31,106,10.2990,35.2159
642,300,165,30,105,10.0000,35.0000
643,299,165,29,105,9.6990,35.1171
644,304,172,29,103,9.5395,33.8816
645,304,173,28,103,9.2105,33.8816
646,304,175,30,99,9.8684,32.5658
647,304,172,34,98,11.1842,32.2368
648,302,173,33,96,10.9272,31.7881
649,302,169,40,93,13.2450,30.7947
650,302,171,42,89,13.9073,29.4702
651,302,172,45,85,14.9007,28.1457
652,302,170,48,84,15.8940,27.8146
653,301,169,49,83,16.2791,27.5748
654,300,166,54,80,18.0000,26.6667
655,300,162,55,83,18.3333,27.6667
656,300,164,57,79,19.0000,26.3333
657,299,167,60,72,20.0669,24.0803
658,302,173,60,69,19.8675,22.8477
659,302,174,61,67,20.1987,22.1854
660,302,169,64,69,21.1921,22.8477
661,302,165,66,71,21.8543,23.5099
662,301,163,70,68,23.2558,22.5914
663,301,160,72,69,23.9203,22.9236
664,300,159,75,66,25.0000,22.0000
665,300,156,77,67,25.6667,22.3333
666,299,157,77,65,25.7525,21.7391
667,302,156,81,65,26.8212,21.5232
668,301,152,82,67,27.2425,22.2591
669,301,145,86,70,28.5714,23.2558
670,299,147,83,69,27.7592,23.0769
671,304,148,84,72,27.6316,23.6842
672,303,146,84,73,27.7228,24.0924
673,302,145,83,74,27.4834,24.5033
674,299,137,85,77,28.4281,25.7525
675,302,135,85,82,28.1457,27.1523
676,302,135,84,83,27.8146,27.4834
677,300,129,86,85,28.6667,28.3333
678,300,127,89,84,29.6667,28.0000
679,300,125,89,86,29.6667,28.6667
680,300,123,88,89,29.3333,29.6667
681,300,120,89,91,29.6667,30.3333
682,300,114,93,93,31.0000,31.0000
683,300,112,91,97,30.3333,32.3333
684,299,109,93,97,31.1037,32.4415
685,300,109,91,100,30.3333,33.3333
686,300,110,92,98,30.6667,32.6667
687,300,107,91,102,30.3333,34.0000
688,298,107,85,106,28.5235,35.5705
689,298,105,83,110,27.8523,36.9128
690,295,105,81,109,27.4576,36.9492
691,298,104,83,111,27.8523,37.2483
692,298,99,86,113,28.8591,37.9195
693,299,101,86,112,28.7625,37.4582
694,299,98,87,114,29.0970,38.1271
695,297,101,79,117,26.5993,39.3939
696,299,100,83,116,27.7592,38.7960
697,301,104,78,119,25.9136,39.5349
698,299,102,72,125,24.0803,41.8060
699,301,101,75,125,24.9169,41.5282
700,300,98,76,126,25.3333,42.0000
701,298,95,75,128,25.1678,42.9530
702,298,94,74,130,24.8322,43.6242
703,300,93,74,133,24.6667,44.3333
704,299,91,70,138,23.4114,46.1538
705,302,95,68,139,22.5166,46.0265
706,300,93,67,140,22.3333,46.6667
707,300,97,63,140,21.0000,46.6667
708,300,97,64,139,21.3333,46.3333
709,299,96,62,141,20.7358,47.1572
710,302,97,60,145,19.8675,48.0132
711,301,96,55,150,18.2724,49.8339
712,301,95,53,153,17.6080,50.8306
713,299,97,48,154,16.0535,51.5050
714,300,96,46,158,15.3333,52.6667
715,298,96,44,158,14.7651,53.0201
716,299,96,43,160,14.3813,53.5117
717,300,99,40,161,13.3333,53.6667
718,300,96,42,162,14.0000,54.0000
719,300,94,43,163,14.3333,54.3333
720,299,97,40,162,13.3779,54.1806
721,300,100,40,160,13.3333,53.3333
722,300,103,39,158,13.0000,52.6667
723,299,106,34,159,11.3712,53.1773
724,298,109,32,157,10.7383,52.6846
725,299,108,36,155,12.0401,51.8395
726,304,116,34,154,11.1842,50.6579
727,304,119,35,150,11.5132,49.3421
728,302,122,33,147,10.9272,48.6755
729,302,123,36,143,11.9205,47.3510
730,301,123,35,143,11.6279,47.5083
731,300,124,34,142,11.3333,47.3333
732,300,126,34,140,11.3333,46.6667
733,300,127,35,138,11.6667,46.0000
734,300,127,36,137,12.0000,45.6667
735,300,132,34,134,11.3333,44.6667
736,300,134,33,133,11.0000,44.3333
737,300,137,34,129,11.3333,43.0000
738,300,135,34,131,11.3333,43.6667
739,299,139,31,129,10.3679,43.1438
740,301,147,31,123,10.2990,40.8638
741,301,149,30,122,9.9668,40.5316
742,301,145,34,122,11.2957,40.5316
743,301,148,33,120,10.9635,39.8671
744,301,152,32,117,10.6312,38.8704
745,300,152,31,117,10.3333,39.0000
746,299,154,31,114,10.3679,38.1271
747,300,158,32,110,10.6667,36.6667
748,300,155,33,112,11.0000,37.3333
749,300,159,31,110,10.3333,36.6667
750,300,163,33,104,11.0000,34.6667
751,300,159,37,104,12.3333,34.6667
752,299,158,36,105,12.0401,35.1171
753,302,162,36,104,11.9205,34.4371
754,300,166,35,99,11.6667,33.0000
755,300,169,35,96,11.6667,32.0000
756,300,171,38,91,12.6667,30.3333
757,300,171,39,90,13.0000,30.0000
758,300,167,42,91,14.0000,30.3333
759,299,170,42,87,14.0468,29.0970
760,300,164,48,88,16.0000,29.3333
761,300,164,48,88,16.0000,29.3333
762,299,166,46,87,15.3846,29.0970
763,302,170,49,83,16.2252,27.4834
764,302,172,52,78,17.2185,25.8278
765,302,171,56,75,18.5430,24.8344
766,300,171,56,73,18.6667,24.3333
767,300,170,59,71,19.6667,23.6667
768,297,170,58,69,19.5286,23.2323
769,298,170,60,68,20.1342,22.8188
770,302,172,63,67,20.8609,22.1854
771,301,169,64,68,21.2625,22.5914
772,301,169,63,69,20.9302,22.9236
773,301,164,68,69,22.5914,22.9236
774,301,162,70,69,23.2558,22.9236
775,300,165,71,64,23.6667,21.3333
776,299,161,75,63,25.0836,21.0702
777,301,158,77,66,25.5814,21.9269
778,300,154,82,64,27.3333,21.3333
779,299,152,80,67,26.7559,22.4080
780,297,148,80,69,26.9360,23.2323
781,294,146,76,72,25.8503,24.4898
782,292,143,78,71,26.7123,24.3151
783,292,137,83,72,28.4247,24.6575
784,295,139,82,74,27.7966,25.0847
785,294,139,80,75,27.2109,25.5102
786,293,138,81,74,27.6451,25.2560
787,295,141,79,75,26.7797,25.4237
788,299,142,79,78,26.4214,26.0870
789,300,140,81,79,27.0000,26.3333
790,300,142,80,78,26.6667,26.0000
791,298,141,78,79,26.1745,26.5101
792,298,136,83,79,27.8523,26.5101
793,299,140,77,82,25.7525,27.4247
794,300,139,74,87,24.6667,29.0000
795,299,137,75,87,25.0836,29.0970
796,298,139,70,89,23.4899,29.8658
797,299,136,74,89,24.7492,29.7659
798,300,135,72,93,24.0000,31.0000
799,300,133,72,95,24.0000,31.6667
800,298,131,74,93,24.8322,31.2081
801,296,131,72,93,24.3243,31.4189
802,297,129,72,96,24.2424,32.3232
803,296,128,69,99,23.3108,33.4459
804,297,132,65,100,21.8855,33.6700
805,296,131,65,100,21.9595,33.7838
806,298,131,65,102,21.8121,34.2282
807,302,133,67,102,22.1854,33.7748
808,300,131,64,105,21.3333,35.0000
809,300,128,62,110,20.6667,36.6667
810,300,128,62,110,20.6667,36.6667
811,300,127,62,111,20.6667,37.0000
812,299,126,59,114,19.7324,38.1271
813,301,130,57,114,18.9369,37.8738
814,301,130,56,115,18.6047,38.2060
815,300,128,57,115,19.0000,38.3333
816,300,124,59,117,19.6667,39.0000
817,298,123,55,120,18.4564,40.2685
818,300,128,49,123,16.3333,41.0000
819,300,123,54,123,18.0000,41.0000
820,299,121,53,125,17.7258,41.8060
821,300,120,50,130,16.6667,43.3333
822,300,120,47,133,15.6667,44.3333
823,299,121,47,131,15.7191,43.8127
824,303,129,47,127,15.5116,41.9142
825,303,128,47,128,15.5116,42.2442
826,303,128,46,129,15.1815,42.5743
827,301,124,47,130,15.6146,43.1894
828,300,123,45,132,15.0000,44.0000
829,300,123,46,131,15.3333,43.6667
830,300,119,48,133,16.0000,44.3333
831,300,122,48,130,16.0000,43.3333
832,299,121,48,130,16.0535,43.4783
833,301,125,48,128,15.9468,42.5249
834,301,123,49,129,16.2791,42.8571
835,300,124,45,131,15.0000,43.6667
836,299,127,42,130,14.0468,43.4783
837,302,129,44,129,14.5695,42.7152
838,302,126,47,129,15.5629,42.7152
839,299,126,46,127,15.3846,42.4749
840,301,129,45,127,14.9502,42.1927
841,300,128,45,127,15.0000,42.3333
842,300,127,47,126,15.6667,42.0000
843,299,127,49,123,16.3880,41.1371
844,299,126,49,124,16.3880,41.4716
845,304,131,55,118,18.0921,38.8158
846,302,136,51,115,16.8874,38.0795
847,302,136,52,114,17.2185,37.7483
848,301,138,48,115,15.9468,38.2060
849,300,140,45,115,15.0000,38.3333
850,299,144,44,111,14.7157,37.1237
851,297,145,43,109,14.4781,36.7003
852,297,142,45,110,15.1515,37.0370
853,299,144,46,109,15.3846,36.4548
854,302,144,52,106,17.2185,35.0993
855,302,145,53,104,17.5497,34.4371
856,302,147,54,101,17.8808,33.4437
857,301,146,54,101,17.9402,33.5548
858,301,146,52,103,17.2757,34.2193
859,301,145,52,104,17.2757,34.5515
860,301,146,49,106,16.2791,35.2159
861,299,149,48,102,16.0535,34.1137
862,302,151,49,102,16.2252,33.7748
863,301,149,50,102,16.6113,33.8870
864,300,148,52,100,17.3333,33.3333
865,298,148,51,99,17.1141,33.2215
866,298,146,54,98,18.1208,32.8859
867,301,150,53,98,17.6080,32.5581
868,301,149,54,98,17.9402,32.5581
869,301,149,57,95,18.9369,31.5615
870,301,153,58,90,19.2691,29.9003
871,301,153,57,91,18.9369,30.2326
872,300,154,55,91,18.3333,30.3333
873,298,155,55,88,18.4564,29.5302
874,298,157,53,88,17.7852,29.5302
875,300,159,49,92,16.3333,30.6667
876,300,156,50,94,16.6667,31.3333
877,300,156,52,92,17.3333,30.6667
878,300,159,50,91,16.6667,30.3333
879,299,157,51,91,17.0569,30.4348
880,299,156,52,91,17.3913,30.4348
881,305,162,54,89,17.7049,29.1803
882,304,159,56,89,18.4211,29.2763
883,304,156,58,90,19.0789,29.6053
884,302,156,54,92,17.8808,30.4636
885,302,156,52,94,17.2185,31.1258
886,301,154,54,93,17.9402,30.8970
887,299,156,50,93,16.7224,31.1037
888,302,156,55,91,18.2119,30.1325
889,302,157,50,95,16.5563,31.4570
890,302,156,51,95,16.8874,31.4570
891,302,154,54,94,17.8808,31.1258
892,302,155,56,91,18.5430,30.1325
893,302,154,55,93,18.2119,30.7947
894,300,150,56,94,18.6667,31.3333
895,299,145,60,94,20.0669,31.4381
896,301,142,63,96,20.9302,31.8937
897,300,138,65,97,21.6667,32.3333
898,299,140,64,95,21.4047,31.7726
899,300,137,67,96,22.3333,32.0000
900,299,139,65,95,21.7391,31.7726
901,300,141,64,95,21.3333,31.6667
902,300,139,63,98,21.0000,32.6667
903,299,136,59,104,19.7324,34.7826
904,300,136,61,103,20.3333,34.3333
905,299,137,60,102,20.0669,34.1137
906,300,136,60,104,20.0000,34.6667
907,300,135,60,105,20.0000,35.0000
908,300,132,58,110,19.3333,36.6667
909,299,130,60,109,20.0669,36.4548
910,304,136,62,106,20.3947,34.8684
911,303,136,61,106,20.1320,34.9835
912,303,138,63,102,20.7921,33.6634
913,302,139,60,103,19.8675,34.1060
914,300,138,56,106,18.6667,35.3333
915,300,135,60,105,20.0000,35.0000
916,296,137,52,107,17.5676,36.1486
917,297,137,52,108,17.5084,36.3636
918,298,141,49,108,16.4430,36.2416
919,303,142,52,109,17.1617,35.9736
920,303,142,52,109,17.1617,35.9736
921,301,138,53,110,17.6080,36.5449
922,299,134,54,111,18.0602,37.1237
923,303,137,55,111,18.1518,36.6337
924,303,135,56,112,18.4818,36.9637
925,302,135,56,111,18.5430,36.7550
926,302,136,57,109,18.8742,36.0927
927,301,138,58,105,19.2691,34.8837
928,300,138,57,105,19.0000,35.0000
929,300,136,56,108,18.6667,36.0000
930,299,134,58,107,19.3980,35.7860
931,298,130,60,108,20.1342,36.2416
932,299,132,61,106,20.4013,35.4515
933,304,135,62,107,20.3947,35.1974
934,303,135,62,106,20.4620,34.9835
935,302,134,61,107,20.1987,35.4305
936,301,135,62,104,20.5980,34.5515
937,301,135,64,102,21.2625,33.8870
938,300,133,64,103,21.3333,34.3333
939,299,136,61,102,20.4013,34.1137
940,302,138,60,104,19.8675,34.4371
941,301,141,60,100,19.9336,33.2226
942,300,138,61,101,20.3333,33.6667
943,300,137,58,105,19.3333,35.0000
944,300,136,56,108,18.6667,36.0000
945,298,136,56,106,18.7919,35.5705
946,299,136,57,106,19.0635,35.4515
947,300,139,54,107,18.0000,35.6667
948,298,138,54,106,18.1208,35.5705
949,300,140,55,105,18.3333,35.0000
950,298,139,52,107,17.4497,35.9060
951,297,137,51,109,17.1717,36.7003
952,299,133,57,109,19.0635,36.4548
953,301,135,56,110,18.6047,36.5449
954,300,137,54,109,18.0000,36.3333
955,300,140,56,104,18.6667,34.6667
956,298,137,57,104,19.1275,34.8993
957,298,138,54,106,18.1208,35.5705
958,300,141,53,106,17.6667,35.3333
959,300,142,54,104,18.0000,34.6667
960,299,145,54,100,18.0602,33.4448
961,301,144,55,102,18.2724,33.8870
962,301,142,57,102,18.9369,33.8870
963,299,143,53,103,17.7258,34.4482
964,300,145,53,102,17.6667,34.0000
965,299,146,51,102,17.0569,34.1137
966,300,151,52,97,17.3333,32.3333
967,300,150,51,99,17.0000,33.0000
968,299,153,50,96,16.7224,32.1070
969,300,154,50,96,16.6667,32.0000
970,300,151,55,94,18.3333,31.3333
971,299,151,53,95,17.7258,31.7726
972,301,156,50,95,16.6113,31.5615
973,299,154,47,98,15.7191,32.7759
974,300,154,46,100,15.3333,33.3333
975,300,153,47,100,15.6667,33.3333
976,300,154,44,102,14.6667,34.0000
977,300,155,44,101,14.6667,33.6667
978,300,154,45,101,15.0000,33.6667
979,300,154,44,102,14.6667,34.0000
980,300,153,45,102,15.0000,34.0000
981,299,152,47,100,15.7191,33.4448
982,300,152,48,100,16.0000,33.3333
983,299,150,48,101,16.0535,33.7793
984,301,151,48,102,15.9468,33.8870
985,301,150,49,102,16.2791,33.8870
986,301,147,52,102,17.2757,33.8870
987,300,147,54,99,18.0000,33.0000
988,300,145,55,100,18.3333,33.3333
989,300,143,57,100,19.0000,33.3333
990,300,143,54,103,18.0000,34.3333
991,300,145,49,106,16.3333,35.3333
992,300,146,49,105,16.3333,35.0000
993,300,144,48,108,16.0000,36.0000
994,300,143,50,107,16.6667,35.6667
995,300,144,51,105,17.0000,35.0000
996,299,144,52,103,17.3913,34.4482
997,300,144,54,102,18.0000,34.0000
998,299,141,57,101,19.0635,33.7793
999,303,146,56,101,18.4818,33.3333
1000,303,145,57,101,18.8119,33.3333
1001,301,141,55,105,18.2724,34.8837
1002,300,144,53,103,17.6667,34.3333
1003,300,143,54,103,18.0000,34.3333
1004,299,144,54,101,18.0602,33.7793
1005,303,147,57,99,18.8119,32.6733
1006,302,150,53,99,17.5497,32.7815
1007,301,150,51,100,16.9435,33.2226
1008,299,150,47,102,15.7191,34.1137
1009,303,155,47,101,15.5116,33.3333
1010,303,154,47,102,15.5116,33.6634
1011,303,151,51,101,16.8317,33.3333
1012,302,150,52,100,17.2185,33.1126
1013,300,149,52,99,17.3333,33.0000
1014,300,147,51,102,17.0000,34.0000
1015,300,146,52,102,17.3333,34.0000
1016,299,141,53,105,17.7258,35.1171
1017,301,144,53,104,17.6080,34.5515
1018,300,142,52,106,17.3333,35.3333
1019,299,144,50,105,16.7224,35.1171
1020,300,144,49,107,16.3333,35.6667
1021,300,143,51,106,17.0000,35.3333
1022,299,143,48,108,16.0535,36.1204
1023,303,145,51,107,16.8317,35.3135
1024,302,146,48,108,15.8940,35.7616
1025,302,147,51,104,16.8874,34.4371
1026,301,148,49,104,16.2791,34.5515
1027,301,147,50,104,16.6113,34.5515
1028,301,150,52,99,17.2757,32.8904
1029,301,147,56,98,18.6047,32.5581
1030,301,146,56,99,18.6047,32.8904
1031,301,146,55,100,18.2724,33.2226
1032,299,144,55,100,18.3946,33.4448
1033,300,145,56,99,18.6667,33.0000
1034,299,144,53,102,17.7258,34.1137
1035,299,147,51,101,17.0569,33.7793
1036,298,142,54,102,18.1208,34.2282
1037,302,145,53,104,17.5497,34.4371
1038,302,141,57,104,18.8742,34.4371
1039,302,139,57,106,18.8742,35.0993
1040,301,137,59,105,19.6013,34.8837
1041,301,135,60,106,19.9336,35.2159
1042,300,138,59,103,19.6667,34.3333
1043,300,142,59,99,19.6667,33.0000
1044,298,141,58,99,19.4631,33.2215
1045,303,148,59,96,19.4719,31.6832
1046,303,147,58,98,19.1419,32.3432
1047,303,148,57,98,18.8119,32.3432
1048,302,146,58,98,19.2053,32.4503
1049,302,143,59,100,19.5364,33.1126
1050,301,142,58,101,19.2691,33.5548
1051,300,138,60,102,20.0000,34.0000
1052,300,139,60,101,20.0000,33.6667
1053,300,137,63,100,21.0000,33.3333
1054,299,136,61,102,20.4013,34.1137
1055,303,136,67,100,22.1122,33.0033
1056,302,135,63,104,20.8609,34.4371
1057,301,134,62,105,20.5980,34.8837
1058,301,137,59,105,19.6013,34.8837
1059,300,135,59,106,19.6667,35.3333
1060,300,132,63,105,21.0000,35.0000
1061,299,131,62,106,20.7358,35.4515
1062,299,131,62,106,20.7358,35.4515
1063,302,130,63,109,20.8609,36.0927
1064,302,129,63,110,20.8609,36.4238
1065,301,128,61,112,20.2658,37.2093
1066,300,129,63,108,21.0000,36.0000
1067,300,128,65,107,21.6667,35.6667
1068,299,128,65,106,21.7391,35.4515
1069,298,129,61,108,20.4698,36.2416
1070,300,132,61,107,20.3333,35.6667
1071,300,133,61,106,20.3333,35.3333
1072,299,135,56,108,18.7291,36.1204
1073,306,140,54,112,17.6471,36.6013
1074,306,140,54,112,17.6471,36.6013
1075,304,139,52,113,17.1053,37.1711
1076,304,140,51,113,16.7763,37.1711
1077,303,139,50,114,16.5017,37.6238
1078,303,140,51,112,16.8317,36.9637
1079,302,137,54,111,17.8808,36.7550
1080,302,134,54,114,17.8808,37.7483
1081,301,133,49,119,16.2791,39.5349
1082,300,134,48,118,16.0000,39.3333
1083,300,134,46,120,15.3333,40.0000
1084,300,133,47,120,15.6667,40.0000
1085,299,128,51,120,17.0569,40.1338
1086,302,135,51,116,16.8874,38.4106
1087,301,135,50,116,16.6113,38.5382
1088,301,133,50,118,16.6113,39.2027
1089,301,133,51,117,16.9435,38.8704
1090,301,130,53,118,17.6080,39.2027
1091,301,130,55,116,18.2724,38.5382
1092,301,130,55,116,18.2724,38.5382
1093,300,129,57,114,19.0000,38.0000
1094,298,128,53,117,17.7852,39.2617
1095,299,126,56,117,18.7291,39.1304
1096,303,131,54,118,17.8218,38.9439
1097,303,130,56,117,18.4818,38.6139
1098,302,130,58,114,19.2053,37.7483
1099,302,130,57,115,18.8742,38.0795
1100,302,130,54,118,17.8808,39.0728
1101,301,129,56,116,18.6047,38.5382
1102,300,126,58,116,19.3333,38.6667
1103,300,127,58,115,19.3333,38.3333
1104,299,125,58,116,19.3980,38.7960
1105,299,128,53,118,17.7258,39.4649
1106,301,133,53,115,17.6080,38.2060
1107,301,133,53,115,17.6080,38.2060
1108,298,134,53,111,17.7852,37.2483
1109,301,136,54,111,17.9402,36.8771
1110,301,137,52,112,17.2757,37.2093
1111,300,135,55,110,18.3333,36.6667
1112,298,133,55,110,18.4564,36.9128
1113,299,138,53,108,17.7258,36.1204
1114,302,140,55,107,18.2119,35.4305
1115,301,142,53,106,17.6080,35.2159
1116,301,142,49,110,16.2791,36.5449
1117,300,144,48,108,16.0000,36.0000
1118,300,144,47,109,15.6667,36.3333
1119,300,144,47,109,15.6667,36.3333
1120,300,145,45,110,15.0000,36.6667
1121,300,144,46,110,15.3333,36.6667
1122,298,143,44,111,14.7651,37.2483
1123,298,142,44,112,14.7651,37.5839
1124,299,146,46,107,15.3846,35.7860
1125,302,153,43,106,14.2384,35.0993
1126,302,154,45,103,14.9007,34.1060
1127,302,153,47,102,15.5629,33.7748
1128,302,150,49,103,16.2252,34.1060
1129,301,150,47,104,15.6146,34.5515
1130,301,147,49,105,16.2791,34.8837
1131,301,146,47,108,15.6146,35.8804
1132,299,148,44,107,14.7157,35.7860
1133,302,154,44,104,14.5695,34.4371
1134,302,154,44,104,14.5695,34.4371
1135,302,159,41,102,13.5762,33.7748
1136,301,158,43,100,14.2857,33.2226
1137,301,156,46,99,15.2824,32.8904
1138,301,155,46,100,15.2824,33.2226
1139,301,150,51,100,16.9435,33.2226
1140,301,152,53,96,17.6080,31.8937
1141,301,153,51,97,16.9435,32.2259
1142,301,154,50,97,16.6113,32.2259
1143,301,154,46,101,15.2824,33.5548
1144,301,149,49,103,16.2791,34.2193
1145,299,146,50,103,16.7224,34.4482
1146,301,152,49,100,16.2791,33.2226
1147,300,151,48,101,16.0000,33.6667
1148,300,151,48,101,16.0000,33.6667
1149,298,151,43,104,14.4295,34.8993
1150,302,154,43,105,14.2384,34.7682
1151,301,152,46,103,15.2824,34.2193
1152,301,157,44,100,14.6179,33.2226
1153,300,154,46,100,15.3333,33.3333
1154,300,152,49,99,16.3333,33.0000
1155,299,152,49,98,16.3880,32.7759
1156,303,155,49,99,16.1716,32.6733
1157,303,156,53,94,17.4917,31.0231
1158,303,153,53,97,17.4917,32.0132
1159,303,151,52,100,17.1617,33.0033
1160,302,147,53,102,17.5497,33.7748
1161,302,146,54,102,17.8808,33.7748
1162,302,145,58,99,19.2053,32.7815
1163,302,144,59,99,19.5364,32.7815
1164,302,143,59,100,19.5364,33.1126
1165,302,141,55,106,18.2119,35.0993
1166,302,139,59,104,19.5364,34.4371
1167,300,134,64,102,21.3333,34.0000
1168,300,138,63,99,21.0000,33.0000
1169,299,138,61,100,20.4013,33.4448
1170,302,138,64,100,21.1921,33.1126
1171,301,137,63,101,20.9302,33.5548
1172,301,140,61,100,20.2658,33.2226
1173,300,141,61,98,20.3333,32.6667
1174,297,135,64,98,21.5488,32.9966
1175,299,137,65,97,21.7391,32.4415
1176,300,136,65,99,21.6667,33.0000
1177,299,139,62,98,20.7358,32.7759
1178,301,134,66,101,21.9269,33.5548
1179,300,134,66,100,22.0000,33.3333
1180,299,135,65,99,21.7391,33.1104
1181,301,138,63,100,20.9302,33.2226
1182,299,136,63,100,21.0702,33.4448
1183,301,138,63,100,20.9302,33.2226
1184,300,137,64,99,21.3333,33.0000
1185,300,135,66,99,22.0000,33.0000
1186,298,133,64,101,21.4765,33.8926
1187,302,138,61,103,20.1987,34.1060
1188,302,135,61,106,20.1987,35.0993
1189,302,134,62,106,20.5298,35.0993
1190,302,131,63,108,20.8609,35.7616
1191,302,127,67,108,22.1854,35.7616
1192,301,124,67,110,22.2591,36.5449
1193,300,124,69,107,23.0000,35.6667
1194,298,125,65,108,21.8121,36.2416
1195,297,130,61,106,20.5387,35.6902
1196,299,132,62,105,20.7358,35.1171
1197,300,131,64,105,21.3333,35.0000
1198,300,125,68,107,22.6667,35.6667
1199,298,125,66,107,22.1477,35.9060
1200,301,130,65,106,21.5947,35.2159
1201,300,125,71,104,23.6667,34.6667
1202,299,122,73,104,24.4147,34.7826
1203,299,125,68,106,22.7425,35.4515
1204,301,124,71,106,23.5880,35.2159
1205,299,119,72,108,24.0803,36.1204
1206,303,121,70,112,23.1023,36.9637
1207,303,118,72,113,23.7624,37.2937
1208,303,119,73,111,24.0924,36.6337
1209,301,116,73,112,24.2525,37.2093
1210,301,114,76,111,25.2492,36.8771
1211,298,117,71,110,23.8255,36.9128
1212,298,119,68,111,22.8188,37.2483
1213,298,115,72,111,24.1611,37.2483
1214,298,115,71,112,23.8255,37.5839
1215,298,114,73,111,24.4966,37.2483
1216,300,114,75,111,25.0000,37.0000
1217,299,119,73,107,24.4147,35.7860
1218,300,117,74,109,24.6667,36.3333
1219,298,112,71,115,23.8255,38.5906
1220,300,115,70,115,23.3333,38.3333
1221,300,116,68,116,22.6667,38.6667
1222,299,115,63,121,21.0702,40.4682
1223,303,119,63,121,20.7921,39.9340
1224,301,118,62,121,20.5980,40.1993
1225,301,118,58,125,19.2691,41.5282
1226,301,119,56,126,18.6047,41.8605
1227,300,117,55,128,18.3333,42.6667
1228,299,116,55,128,18.3946,42.8094
1229,301,119,56,126,18.6047,41.8605
1230,298,119,54,125,18.1208,41.9463
1231,300,119,55,126,18.3333,42.0000
1232,299,122,52,125,17.3913,41.8060
1233,303,126,52,125,17.1617,41.2541
1234,303,126,50,127,16.5017,41.9142
1235,303,126,53,124,17.4917,40.9241
1236,302,124,51,127,16.8874,42.0530
1237,301,122,51,128,16.9435,42.5249
1238,300,123,52,125,17.3333,41.6667
1239,300,125,51,124,17.0000,41.3333
1240,300,127,49,124,16.3333,41.3333
1241,299,123,52,124,17.3913,41.4716
1242,301,128,50,123,16.6113,40.8638
1243,300,126,52,122,17.3333,40.6667
1244,298,124,53,121,17.7852,40.6040
1245,301,123,55,123,18.2724,40.8638
1246,301,122,59,120,19.6013,39.8671
1247,299,119,61,119,20.4013,39.7993
1248,298,116,65,117,21.8121,39.2617
1249,300,115,67,118,22.3333,39.3333
1250,299,116,62,121,20.7358,40.4682
1251,302,121,62,119,20.5298,39.4040
1252,301,117,67,117,22.2591,38.8704
1253,301,116,69,116,22.9236,38.5382
1254,301,116,67,118,22.2591,39.2027
1255,300,112,70,118,23.3333,39.3333
1256,300,111,71,118,23.6667,39.3333
1257,300,113,67,120,22.3333,40.0000
1258,300,115,68,117,22.6667,39.0000
1259,300,117,63,120,21.0000,40.0000
1260,300,114,65,121,21.6667,40.3333
1261,300,113,66,121,22.0000,40.3333
1262,299,114,64,121,21.4047,40.4682
1263,298,110,70,118,23.4899,39.5973
1264,299,111,69,119,23.0769,39.7993
1265,298,109,70,119,23.4899,39.9329
1266,299,110,70,119,23.4114,39.7993
1267,299,111,66,122,22.0736,40.8027
1268,305,117,64,124,20.9836,40.6557
1269,304,117,62,125,20.3947,41.1184
1270,303,115,63,125,20.7921,41.2541
1271,302,117,63,122,20.8609,40.3974
1272,302,115,64,123,21.1921,40.7285
1273,301,116,62,123,20.5980,40.8638
1274,301,121,61,119,20.2658,39.5349
1275,299,120,61,118,20.4013,39.4649
1276,302,124,58,120,19.2053,39.7351
1277,301,128,57,116,18.9369,38.5382
1278,301,130,56,115,18.6047,38.2060
1279,301,130,58,113,19.2691,37.5415
1280,301,129,59,113,19.6013,37.5415
1281,300,125,61,114,20.3333,38.0000
1282,299,124,62,113,20.7358,37.7926
1283,300,124,63,113,21.0000,37.6667
1284,298,123,58,117,19.4631,39.2617
1285,300,129,54,117,18.0000,39.0000
1286,300,129,55,116,18.3333,38.6667
1287,300,125,55,120,18.3333,40.0000
1288,299,128,55,116,18.3946,38.7960
1289,300,133,52,115,17.3333,38.3333
1290,300,132,52,116,17.3333,38.6667
1291,299,132,51,116,17.0569,38.7960
1292,298,133,50,115,16.7785,38.5906
1293,302,136,49,117,16.2252,38.7417
1294,302,132,54,116,17.8808,38.4106
1295,301,132,51,118,16.9435,39.2027
1296,301,131,52,118,17.2757,39.2027
1297,301,131,53,117,17.6080,38.8704
1298,301,129,54,118,17.9402,39.2027
1299,301,128,55,118,18.2724,39.2027
1300,300,128,49,123,16.3333,41.0000
1301,299,127,49,123,16.3880,41.1371
1302,300,133,46,121,15.3333,40.3333
1303,300,131,45,124,15.0000,41.3333
1304,298,128,45,125,15.1007,41.9463
1305,299,129,44,126,14.7157,42.1405
1306,304,135,45,124,14.8026,40.7895
1307,303,137,40,126,13.2013,41.5842
1308,302,138,40,124,13.2450,41.0596
1309,302,141,40,121,13.2450,40.0662
1310,301,138,44,119,14.6179,39.5349
1311,299,142,42,115,14.0468,38.4615
1312,297,142,41,114,13.8047,38.3838
1313,302,147,39,116,12.9139,38.4106
1314,301,148,39,114,12.9568,37.8738
1315,300,147,35,118,11.6667,39.3333
1316,300,150,35,115,11.6667,38.3333
1317,299,147,37,115,12.3746,38.4615
1318,303,152,36,115,11.8812,37.9538
1319,303,151,39,113,12.8713,37.2937
1320,303,151,42,110,13.8614,36.3036
1321,302,152,43,107,14.2384,35.4305
1322,302,151,45,106,14.9007,35.0993
1323,301,153,45,103,14.9502,34.2193
1324,300,154,43,103,14.3333,34.3333
1325,300,157,42,101,14.0000,33.6667
1326,300,157,43,100,14.3333,33.3333
1327,300,156,45,99,15.0000,33.0000
1328,300,156,48,96,16.0000,32.0000
1329,299,153,50,96,16.7224,32.1070
1330,302,157,48,97,15.8940,32.1192
1331,301,157,47,97,15.6146,32.2259
1332,301,159,45,97,14.9502,32.2259
1333,301,161,45,95,14.9502,31.5615
1334,300,159,46,95,15.3333,31.6667
1335,300,158,47,95,15.6667,31.6667
1336,300,162,49,89,16.3333,29.6667
1337,297,160,48,89,16.1616,29.9663
1338,303,167,48,88,15.8416,29.0429
1339,303,167,50,86,16.5017,28.3828
1340,300,162,51,87,17.0000,29.0000
1341,299,162,49,88,16.3880,29.4314
1342,301,163,50,88,16.6113,29.2359
1343,301,164,51,86,16.9435,28.5714
1344,301,163,51,87,16.9435,28.9037
1345,301,164,52,85,17.2757,28.2392
1346,300,162,54,84,18.0000,28.0000
1347,300,159,58,83,19.3333,27.6667
1348,299,156,58,85,19.3980,28.4281
1349,302,158,58,86,19.2053,28.4768
1350,301,151,62,88,20.5980,29.2359
1351,301,149,64,88,21.2625,29.2359
1352,301,152,65,84,21.5947,27.9070
1353,301,148,70,83,23.2558,27.5748
1354,301,148,74,79,24.5847,26.2458
1355,301,149,73,79,24.2525,26.2458
1356,299,147,74,78,24.7492,26.0870
1357,298,146,71,81,23.8255,27.1812
1358,300,140,80,80,26.6667,26.6667
1359,300,141,79,80,26.3333,26.6667
1360,300,135,83,82,27.6667,27.3333
1361,299,132,82,85,27.4247,28.4281
1362,301,131,84,86,27.9070,28.5714
1363,301,128,85,88,28.2392,29.2359
1364,300,117,94,89,31.3333,29.6667
1365,298,120,92,86,30.8725,28.8591
1366,299,117,94,88,31.4381,29.4314
1367,297,116,95,86,31.9865,28.9562
1368,297,116,96,85,32.3232,28.6195
1369,299,118,94,87,31.4381,29.0970
1370,297,118,91,88,30.6397,29.6296
1371,301,118,93,90,30.8970,29.9003
1372,301,117,93,91,30.8970,30.2326
1373,299,115,91,93,30.4348,31.1037
1374,298,114,90,94,30.2013,31.5436
1375,300,111,93,96,31.0000,32.0000
1376,300,110,94,96,31.3333,32.0000
1377,300,107,94,99,31.3333,33.0000
1378,298,102,92,104,30.8725,34.8993
1379,303,104,93,106,30.6931,34.9835
1380,303,103,89,111,29.3729,36.6337
1381,302,101,85,116,28.1457,38.4106
1382,301,101,84,116,27.9070,38.5382
1383,299,101,83,115,27.7592,38.4615
1384,299,103,75,121,25.0836,40.4682
1385,297,102,71,124,23.9057,41.7508
1386,297,99,73,125,24.5791,42.0875
1387,296,100,71,125,23.9865,42.2297
1388,294,100,63,131,21.4286,44.5578
1389,295,102,64,129,21.6949,43.7288
1390,296,102,63,131,21.2838,44.2568
1391,302,105,66,131,21.8543,43.3775
1392,302,102,65,135,21.5232,44.7020
1393,301,101,65,135,21.5947,44.8505
1394,301,102,65,134,21.5947,44.5183
1395,301,101,63,137,20.9302,45.5150
1396,301,102,60,139,19.9336,46.1794
1397,299,102,55,142,18.3946,47.4916
1398,299,103,51,145,17.0569,48.4950
1399,299,105,50,144,16.7224,48.1605
1400,300,109,48,143,16.0000,47.6667
1401,299,110,45,144,15.0502,48.1605
1402,298,111,45,142,15.1007,47.6510
1403,300,113,43,144,14.3333,48.0000
1404,300,114,41,145,13.6667,48.3333
1405,300,112,42,146,14.0000,48.6667
1406,300,110,43,147,14.3333,49.0000
1407,297,114,37,146,12.4579,49.1582
1408,298,114,38,146,12.7517,48.9933
1409,300,119,38,143,12.6667,47.6667
1410,298,118,35,145,11.7450,48.6577
1411,297,123,32,142,10.7744,47.8114
1412,300,127,28,145,9.3333,48.3333
1413,300,130,27,143,9.0000,47.6667
1414,298,131,23,144,7.7181,48.3221
1415,299,135,22,142,7.3579,47.4916
1416,299,138,18,143,6.0201,47.8261
1417,300,139,18,143,6.0000,47.6667
1418,300,140,19,141,6.3333,47.0000
1419,300,140,20,140,6.6667,46.6667
1420,300,141,18,141,6.0000,47.0000
1421,299,145,16,138,5.3512,46.1538
1422,302,150,16,136,5.2980,45.0331
1423,302,153,14,135,4.6358,44.7020
1424,302,154,15,133,4.9669,44.0397
1425,302,155,15,132,4.9669,43.7086
1426,302,156,15,131,4.9669,43.3775
1427,302,158,14,130,4.6358,43.0464
1428,302,161,14,127,4.6358,42.0530
1429,302,164,14,124,4.6358,41.0596
1430,302,170,12,120,3.9735,39.7351
1431,302,172,12,118,3.9735,39.0728
1432,302,176,14,112,4.6358,37.0861
1433,302,181,13,108,4.3046,35.7616
1434,302,183,14,105,4.6358,34.7682
1435,302,183,14,105,4.6358,34.7682
1436,302,190,15,97,4.9669,32.1192
1437,302,192,16,94,5.2980,31.1258
1438,302,193,17,92,5.6291,30.4636
1439,301,194,15,92,4.9834,30.5648
1440,301,200,15,86,4.9834,28.5714
1441,301,200,16,85,5.3156,28.2392
1442,301,204,16,81,5.3156,26.9103
1443,301,205,16,80,5.3156,26.5781
1444,301,209,16,76,5.3156,25.2492
1445,301,212,16,73,5.3156,24.2525
1446,301,211,16,74,5.3156,24.5847
1447,301,216,15,70,4.9834,23.2558
1448,301,221,15,65,4.9834,21.5947
1449,301,222,16,63,5.3156,20.9302
1450,301,225,16,60,5.3156,19.9336
1451,301,225,16,60,5.3156,19.9336
1452,300,225,17,58,5.6667,19.3333
1453,299,227,16,56,5.3512,18.7291
1454,302,229,17,56,5.6291,18.5430
1455,302,230,19,53,6.2914,17.5497
1456,302,230,21,51,6.9536,16.8874
1457,301,231,19,51,6.3123,16.9435
1458,301,226,24,51,7.9734,16.9435
1459,301,226,27,48,8.9701,15.9468
1460,301,226,26,49,8.6379,16.2791
1461,301,225,27,49,8.9701,16.2791
1462,301,226,28,47,9.3023,15.6146
1463,301,224,31,46,10.2990,15.2824
1464,301,226,33,42,10.9635,13.9535
1465,301,226,35,40,11.6279,13.2890
1466,300,222,40,38,13.3333,12.6667
1467,300,222,40,38,13.3333,12.6667
1468,300,220,45,35,15.0000,11.6667
1469,298,216,47,35,15.7718,11.7450
1470,302,218,49,35,16.2252,11.5894
1471,302,217,51,34,16.8874,11.2583
1472,301,218,50,33,16.6113,10.9635
1473,301,211,56,34,18.6047,11.2957
1474,301,206,60,35,19.9336,11.6279
1475,301,204,62,35,20.5980,11.6279
1476,301,202,64,35,21.2625,11.6279
1477,301,199,67,35,22.2591,11.6279
1478,301,195,67,39,22.2591,12.9568
1479,300,187,74,39,24.6667,13.0000
1480,299,182,77,40,25.7525,13.3779
1481,301,177,85,39,28.2392,12.9568
1482,300,173,89,38,29.6667,12.6667
1483,300,170,90,40,30.0000,13.3333
1484,299,163,92,44,30.7692,14.7157
1485,301,163,95,43,31.5615,14.2857
1486,299,157,97,45,32.4415,15.0502
1487,301,155,99,47,32.8904,15.6146
1488,300,153,98,49,32.6667,16.3333
1489,299,145,101,53,33.7793,17.7258
1490,300,142,101,57,33.6667,19.0000
1491,300,139,106,55,35.3333,18.3333
1492,300,133,109,58,36.3333,19.3333
1493,299,127,111,61,37.1237,20.4013
1494,299,125,107,67,35.7860,22.4080
1495,298,123,107,68,35.9060,22.8188
1496,302,124,110,68,36.4238,22.5166
1497,302,123,109,70,36.0927,23.1788
1498,298,123,102,73,34.2282,24.4966
1499,298,124,96,78,32.2148,26.1745
1500,301,124,95,82,31.5615,27.2425
1501,299,123,90,86,30.1003,28.7625
1502,300,124,86,90,28.6667,30.0000
1503,299,121,85,93,28.4281,31.1037
1504,300,117,83,100,27.6667,33.3333
1505,299,115,81,103,27.0903,34.4482
1506,300,113,81,106,27.0000,35.3333
1507,298,106,83,109,27.8523,36.5772
1508,297,104,83,110,27.9461,37.0370
1509,299,105,81,113,27.0903,37.7926
1510,299,103,79,117,26.4214,39.1304
1511,301,105,74,122,24.5847,40.5316
1512,300,103,73,124,24.3333,41.3333
1513,297,103,69,125,23.2323,42.0875
1514,295,104,62,129,21.0169,43.7288
1515,298,107,59,132,19.7987,44.2953
1516,300,109,58,133,19.3333,44.3333
1517,299,108,56,135,18.7291,45.1505
1518,300,107,58,135,19.3333,45.0000
1519,298,106,56,136,18.7919,45.6376
1520,300,105,59,136,19.6667,45.3333
1521,300,103,58,139,19.3333,46.3333
1522,299,100,58,141,19.3980,47.1572
1523,299,101,54,144,18.0602,48.1605
1524,302,104,52,146,17.2185,48.3444
1525,301,105,51,145,16.9435,48.1728
1526,298,106,45,147,15.1007,49.3289
1527,300,108,44,148,14.6667,49.3333
1528,300,107,39,154,13.0000,51.3333
1529,300,109,36,155,12.0000,51.6667
1530,299,111,35,153,11.7057,51.1706
1531,299,113,33,153,11.0368,51.1706
1532,300,115,31,154,10.3333,51.3333
1533,300,114,30,156,10.0000,52.0000
1534,300,113,31,156,10.3333,52.0000
1535,300,115,31,154,10.3333,51.3333
1536,300,119,29,152,9.6667,50.6667
1537,299,119,28,152,9.3645,50.8361
1538,300,121,28,151,9.3333,50.3333
1539,299,119,31,149,10.3679,49.8328
1540,302,126,26,150,8.6093,49.6689
1541,302,130,24,148,7.9470,49.0066
1542,301,134,23,144,7.6412,47.8405
1543,301,132,23,146,7.6412,48.5050
1544,301,133,25,143,8.3056,47.5083
1545,299,136,22,141,7.3579,47.1572
1546,301,141,25,135,8.3056,44.8505
1547,300,143,22,135,7.3333,45.0000
1548,300,143,22,135,7.3333,45.0000
1549,300,143,23,134,7.6667,44.6667
1550,300,146,24,130,8.0000,43.3333
1551,299,150,24,125,8.0268,41.8060
1552,302,156,25,121,8.2781,40.0662
1553,302,159,26,117,8.6093,38.7417
1554,302,162,26,114,8.6093,37.7483
1555,302,166,25,111,8.2781,36.7550
1556,301,173,24,104,7.9734,34.5515
1557,301,177,24,100,7.9734,33.2226
1558,301,181,22,98,7.3090,32.5581
1559,301,182,23,96,7.6412,31.8937
1560,301,183,20,98,6.6445,32.5581
1561,301,185,22,94,7.3090,31.2292
1562,301,186,26,89,8.6379,29.5681
1563,301,190,26,85,8.6379,28.2392
1564,301,191,27,83,8.9701,27.5748
1565,301,193,25,83,8.3056,27.5748
1566,300,197,23,80,7.6667,26.6667
1567,300,199,24,77,8.0000,25.6667
1568,300,201,24,75,8.0000,25.0000
1569,300,200,25,75,8.3333,25.0000
1570,300,199,25,76,8.3333,25.3333
1571,300,200,23,77,7.6667,25.6667
1572,300,199,23,78,7.6667,26.0000
1573,299,201,22,76,7.3579,25.4181
1574,301,201,25,75,8.3056,24.9169
1575,300,201,27,72,9.0000,24.0000
1576,300,200,31,69,10.3333,23.0000
1577,300,198,34,68,11.3333,22.6667
1578,300,202,34,64,11.3333,21.3333
1579,300,202,36,62,12.0000,20.6667
1580,300,205,38,57,12.6667,19.0000
1581,299,206,39,54,13.0435,18.0602
1582,300,209,39,52,13.0000,17.3333
1583,300,209,36,55,12.0000,18.3333
1584,300,211,34,55,11.3333,18.3333
1585,300,212,34,54,11.3333,18.0000
1586,300,210,37,53,12.3333,17.6667
1587,300,208,39,53,13.0000,17.6667
1588,299,208,40,51,13.3779,17.0569
1589,305,207,47,51,15.4098,16.7213
1590,305,202,51,52,16.7213,17.0492
1591,304,199,52,53,17.1053,17.4342
1592,304,201,53,50,17.4342,16.4474
1593,304,197,57,50,18.7500,16.4474
1594,304,194,60,50,19.7368,16.4474
1595,304,194,56,54,18.4211,17.7632
1596,304,189,58,57,19.0789,18.7500
1597,304,188,56,60,18.4211,19.7368
1598,304,185,58,61,19.0789,20.0658
1599,304,183,60,61,19.7368,20.0658
1600,304,179,62,63,20.3947,20.7237
1601,304,176,64,64,21.0526,21.0526
1602,304,173,66,65,21.7105,21.3816
1603,304,170,70,64,23.0263,21.0526
1604,304,162,77,65,25.3289,21.3816
1605,304,157,83,64,27.3026,21.0526
1606,304,155,84,65,27.6316,21.3816
1607,302,152,83,67,27.4834,22.1854
1608,302,147,87,68,28.8079,22.5166
1609,302,144,86,72,28.4768,23.8411
1610,301,140,87,74,28.9037,24.5847
1611,299,135,85,79,28.4281,26.4214
1612,301,136,88,77,29.2359,25.5814
1613,301,129,92,80,30.5648,26.5781
1614,298,124,91,83,30.5369,27.8523
1615,301,126,92,83,30.5648,27.5748
1616,301,122,94,85,31.2292,28.2392
1617,300,120,92,88,30.6667,29.3333
1618,300,115,97,88,32.3333,29.3333
1619,298,115,93,90,31.2081,30.2013
1620,301,116,90,95,29.9003,31.5615
1621,300,116,90,94,30.0000,31.3333
1622,298,115,88,95,29.5302,31.8792
1623,299,115,87,97,29.0970,32.4415
1624,300,112,84,104,28.0000,34.6667
1625,297,111,81,105,27.2727,35.3535
1626,298,112,80,106,26.8456,35.5705
1627,301,114,78,109,25.9136,36.2126
1628,300,114,74,112,24.6667,37.3333
1629,298,111,73,114,24.4966,38.2550
1630,303,116,69,118,22.7723,38.9439
1631,302,115,64,123,21.1921,40.7285
1632,300,112,62,126,20.6667,42.0000
1633,300,108,62,130,20.6667,43.3333
1634,299,109,58,132,19.3980,44.1472
1635,302,114,55,133,18.2119,44.0397
1636,301,114,54,133,17.9402,44.1860
1637,298,112,51,135,17.1141,45.3020
1638,298,110,50,138,16.7785,46.3087
1639,298,110,48,140,16.1074,46.9799
1640,303,115,47,141,15.5116,46.5347
1641,302,113,47,142,15.5629,47.0199
1642,301,113,48,140,15.9468,46.5116
1643,300,111,49,140,16.3333,46.6667
1644,297,109,44,144,14.8148,48.4848
1645,303,115,43,145,14.1914,47.8548
1646,303,112,44,147,14.5215,48.5149
1647,302,118,41,143,13.5762,47.3510
1648,302,119,43,140,14.2384,46.3576
1649,302,122,43,137,14.2384,45.3642
1650,302,120,44,138,14.5695,45.6954
1651,301,121,42,138,13.9535,45.8472
1652,301,123,40,138,13.2890,45.8472
1653,300,122,40,138,13.3333,46.0000
1654,299,122,40,137,13.3779,45.8194
1655,299,121,41,137,13.7124,45.8194
1656,304,124,42,138,13.8158,45.3947
1657,303,122,40,141,13.2013,46.5347
1658,301,122,39,140,12.9568,46.5116
1659,300,124,39,137,13.0000,45.6667
1660,299,125,37,137,12.3746,45.8194
1661,300,128,38,134,12.6667,44.6667
1662,300,132,36,132,12.0000,44.0000
1663,299,137,33,129,11.0368,43.1438
1664,300,137,33,130,11.0000,43.3333
1665,300,140,31,129,10.3333,43.0000
1666,299,143,30,126,10.0334,42.1405
1667,302,145,29,128,9.6026,42.3841
1668,302,145,32,125,10.5960,41.3907
1669,302,150,30,122,9.9338,40.3974
1670,302,150,30,122,9.9338,40.3974
1671,302,152,27,123,8.9404,40.7285
1672,302,157,27,118,8.9404,39.0728
1673,302,157,26,119,8.6093,39.4040
1674,302,157,25,120,8.2781,39.7351
1675,302,161,25,116,8.2781,38.4106
1676,302,168,23,111,7.6159,36.7550
1677,301,169,23,109,7.6412,36.2126
1678,301,171,21,109,6.9767,36.2126
1679,300,173,20,107,6.6667,35.6667
1680,300,175,20,105,6.6667,35.0000
1681,300,177,19,104,6.3333,34.6667
1682,300,179,20,101,6.6667,33.6667
1683,300,184,20,96,6.6667,32.0000
1684,299,186,20,93,6.6890,31.1037
1685,303,189,25,89,8.2508,29.3729
1686,303,187,30,86,9.9010,28.3828
1687,303,189,33,81,10.8911,26.7327
1688,303,188,32,83,10.5611,27.3927
1689,303,191,31,81,10.2310,26.7327
1690,303,190,34,79,11.2211,26.0726
1691,303,190,37,76,12.2112,25.0825
1692,302,187,40,75,13.2450,24.8344
1693,302,188,40,74,13.2450,24.5033
1694,302,182,46,74,15.2318,24.5033
1695,300,181,45,74,15.0000,24.6667
1696,300,184,45,71,15.0000,23.6667
1697,299,183,48,68,16.0535,22.7425
1698,301,183,52,66,17.2757,21.9269
1699,301,181,56,64,18.6047,21.2625
1700,300,177,58,65,19.3333,21.6667
1701,300,177,59,64,19.6667,21.3333
1702,300,177,61,62,20.3333,20.6667
1703,300,177,60,63,20.0000,21.0000
1704,300,176,64,60,21.3333,20.0000
1705,298,174,65,59,21.8121,19.7987
1706,296,174,61,61,20.6081,20.6081
1707,297,171,62,64,20.8754,21.5488
1708,301,172,64,65,21.2625,21.5947
1709,300,172,66,62,22.0000,20.6667
1710,300,167,68,65,22.6667,21.6667
1711,300,164,70,66,23.3333,22.0000
1712,300,161,71,68,23.6667,22.6667
1713,299,155,75,69,25.0836,23.0769
1714,300,154,77,69,25.6667,23.0000
1715,297,155,74,68,24.9158,22.8956
1716,299,154,78,67,26.0870,22.4080
1717,301,158,77,66,25.5814,21.9269
1718,300,151,79,70,26.3333,23.3333
1719,296,151,77,68,26.0135,22.9730
1720,294,143,82,69,27.8912,23.4694
1721,296,138,89,69,30.0676,23.3108
1722,298,139,90,69,30.2013,23.1544
1723,298,139,93,66,31.2081,22.1477
1724,298,136,92,70,30.8725,23.4899
1725,300,137,91,72,30.3333,24.0000
1726,299,136,91,72,30.4348,24.0803
1727,299,132,94,73,31.4381,24.4147
1728,297,133,91,73,30.6397,24.5791
1729,299,131,93,75,31.1037,25.0836
1730,302,130,95,77,31.4570,25.4967
1731,299,127,92,80,30.7692,26.7559
1732,299,126,92,81,30.7692,27.0903
1733,298,122,91,85,30.5369,28.5235
1734,299,122,89,88,29.7659,29.4314
1735,301,121,90,90,29.9003,29.9003
1736,300,116,92,92,30.6667,30.6667
1737,299,111,93,95,31.1037,31.7726
1738,300,114,89,97,29.6667,32.3333
1739,299,112,87,100,29.0970,33.4448
1740,304,120,82,102,26.9737,33.5526
1741,304,118,80,106,26.3158,34.8684
1742,300,117,73,110,24.3333,36.6667
1743,300,110,79,111,26.3333,37.0000
1744,298,109,75,114,25.1678,38.2550
1745,298,110,72,116,24.1611,38.9262
1746,302,112,70,120,23.1788,39.7351
1747,300,110,70,120,23.3333,40.0000
1748,297,109,66,122,22.2222,41.0774
1749,296,108,64,124,21.6216,41.8919
1750,296,109,58,129,19.5946,43.5811
1751,297,110,56,131,18.8552,44.1077
1752,297,111,53,133,17.8451,44.7811
1753,301,112,52,137,17.2757,45.5150
1754,300,111,48,141,16.0000,47.0000
1755,300,110,51,139,17.0000,46.3333
1756,300,108,48,144,16.0000,48.0000
1757,299,108,42,149,14.0468,49.8328
1758,302,113,41,148,13.5762,49.0066
1759,301,113,41,147,13.6213,48.8372
1760,301,112,43,146,14.2857,48.5050
1761,301,111,44,146,14.6179,48.5050
1762,301,113,42,146,13.9535,48.5050
1763,301,110,42,149,13.9535,49.5017
1764,301,112,38,151,12.6246,50.1661
1765,301,113,39,149,12.9568,49.5017
1766,301,113,39,149,12.9568,49.5017
1767,300,113,37,150,12.3333,50.0000
1768,300,110,39,151,13.0000,50.3333
1769,299,108,40,151,13.3779,50.5017
1770,301,113,41,147,13.6213,48.8372
1771,301,114,41,146,13.6213,48.5050
1772,300,111,44,145,14.6667,48.3333
1773,300,112,45,143,15.0000,47.6667
1774,298,112,43,143,14.4295,47.9866
1775,302,117,41,144,13.5762,47.6821
1776,301,118,40,143,13.2890,47.5083
1777,301,121,39,141,12.9568,46.8439
1778,300,123,39,138,13.0000,46.0000
1779,300,125,39,136,13.0000,45.3333
1780,297,128,34,135,11.4478,45.4545
1781,298,131,32,135,10.7383,45.3020
1782,299,131,37,131,12.3746,43.8127
1783,302,137,35,130,11.5894,43.0464
1784,302,136,35,131,11.5894,43.3775
1785,302,140,35,127,11.5894,42.0530
1786,302,143,34,125,11.2583,41.3907
1787,302,145,34,123,11.2583,40.7285
1788,302,147,31,124,10.2649,41.0596
1789,302,148,30,124,9.9338,41.0596
1790,302,147,31,124,10.2649,41.0596
1791,302,147,33,122,10.9272,40.3974
1792,302,152,32,118,10.5960,39.0728
1793,301,153,34,114,11.2957,37.8738
1794,301,157,34,110,11.2957,36.5449
1795,301,157,34,110,11.2957,36.5449
1796,301,158,35,108,11.6279,35.8804
1797,300,159,35,106,11.6667,35.3333
1798,299,162,34,103,11.3712,34.4482
1799,303,166,35,102,11.5512,33.6634
1800,303,167,37,99,12.2112,32.6733
1801,303,166,39,98,12.8713,32.3432
1802,301,170,36,95,11.9601,31.5615
1803,300,170,36,94,12.0000,31.3333
1804,300,170,36,94,12.0000,31.3333
1805,300,171,38,91,12.6667,30.3333
1806,299,174,38,87,12.7090,29.0970
1807,301,173,41,87,13.6213,28.9037
1808,301,174,44,83,14.6179,27.5748
1809,301,177,44,80,14.6179,26.5781
1810,301,175,48,78,15.9468,25.9136
1811,301,175,47,79,15.6146,26.2458
1812,300,172,50,78,16.6667,26.0000
1813,298,170,48,80,16.1074,26.8456
1814,302,173,51,78,16.8874,25.8278
1815,302,174,53,75,17.5497,24.8344
1816,302,178,53,71,17.5497,23.5099
1817,301,178,52,71,17.2757,23.5880
1818,301,178,52,71,17.2757,23.5880
1819,301,176,56,69,18.6047,22.9236
1820,300,172,59,69,19.6667,23.0000
1821,300,169,62,69,20.6667,23.0000
1822,300,165,63,72,21.0000,24.0000
1823,299,165,62,72,20.7358,24.0803
1824,301,160,66,75,21.9269,24.9169
1825,300,155,68,77,22.6667,25.6667
1826,298,155,67,76,22.4832,25.5034
1827,301,155,71,75,23.5880,24.9169
1828,300,151,73,76,24.3333,25.3333
1829,298,151,71,76,23.8255,25.5034
1830,298,146,73,79,24.4966,26.5101
1831,302,143,78,81,25.8278,26.8212
1832,302,142,80,80,26.4901,26.4901
1833,300,140,78,82,26.0000,27.3333
1834,300,136,80,84,26.6667,28.0000
1835,300,133,82,85,27.3333,28.3333
1836,298,132,83,83,27.8523,27.8523
1837,301,131,88,82,29.2359,27.2425
1838,301,130,90,81,29.9003,26.9103
1839,300,127,91,82,30.3333,27.3333
1840,298,126,89,83,29.8658,27.8523
1841,299,126,91,82,30.4348,27.4247
1842,296,126,87,83,29.3919,28.0405
1843,299,125,89,85,29.7659,28.4281
1844,299,124,92,83,30.7692,27.7592
1845,298,120,88,90,29.5302,30.2013
1846,300,119,90,91,30.0000,30.3333
1847,300,114,96,90,32.0000,30.0000
1848,298,111,92,95,30.8725,31.8792
1849,298,108,93,97,31.2081,32.5503
1850,299,110,88,101,29.4314,33.7793
1851,299,106,90,103,30.1003,34.4482
1852,298,104,88,106,29.5302,35.5705
1853,298,101,90,107,30.2013,35.9060
1854,301,103,90,108,29.9003,35.8804
1855,297,100,85,112,28.6195,37.7104
1856,296,98,88,110,29.7297,37.1622
1857,293,98,82,113,27.9863,38.5666
1858,294,96,83,115,28.2313,39.1156
1859,294,98,78,118,26.5306,40.1361
1860,294,94,81,119,27.5510,40.4762
1861,292,97,76,119,26.0274,40.7534
1862,292,95,76,121,26.0274,41.4384
1863,297,101,74,122,24.9158,41.0774
1864,297,100,74,123,24.9158,41.4141
1865,301,104,74,123,24.5847,40.8638
1866,300,102,70,128,23.3333,42.6667
1867,299,102,65,132,21.7391,44.1472
1868,304,105,66,133,21.7105,43.7500
1869,303,105,58,140,19.1419,46.2046
1870,303,105,58,140,19.1419,46.2046
1871,303,100,61,142,20.1320,46.8647
1872,303,101,56,146,18.4818,48.1848
1873,301,99,55,147,18.2724,48.8372
1874,301,99,56,146,18.6047,48.5050
1875,300,98,53,149,17.6667,49.6667
1876,299,98,51,150,17.0569,50.1672
1877,302,103,47,152,15.5629,50.3311
1878,302,103,47,152,15.5629,50.3311
1879,301,103,45,153,14.9502,50.8306
1880,300,106,43,151,14.3333,50.3333
1881,300,108,40,152,13.3333,50.6667
1882,299,111,38,150,12.7090,50.1672
1883,299,113,38,148,12.7090,49.4983
1884,300,111,40,149,13.3333,49.6667
1885,298,115,36,147,12.0805,49.3289
1886,300,119,35,146,11.6667,48.6667
1887,300,123,33,144,11.0000,48.0000
1888,300,124,32,144,10.6667,48.0000
1889,299,123,30,146,10.0334,48.8294
1890,302,127,30,145,9.9338,48.0132
1891,301,127,29,145,9.6346,48.1728
1892,299,132,24,143,8.0268,47.8261
1893,300,133,24,143,8.0000,47.6667
1894,298,133,24,141,8.0537,47.3154
1895,297,136,21,140,7.0707,47.1380
1896,301,139,21,141,6.9767,46.8439
1897,301,145,21,135,6.9767,44.8505
1898,300,145,22,133,7.3333,44.3333
1899,300,145,22,133,7.3333,44.3333
1900,300,150,22,128,7.3333,42.6667
1901,300,152,22,126,7.3333,42.0000
1902,300,154,25,121,8.3333,40.3333
1903,300,156,25,119,8.3333,39.6667
1904,300,159,22,119,7.3333,39.6667
1905,300,161,19,120,6.3333,40.0000
1906,300,163,19,118,6.3333,39.3333
1907,300,166,21,113,7.0000,37.6667
1908,300,163,25,112,8.3333,37.3333
1909,300,167,24,109,8.0000,36.3333
1910,300,165,28,107,9.3333,35.6667
1911,299,168,28,103,9.3645,34.4482
1912,304,173,29,102,9.5395,33.5526
1913,303,176,27,100,8.9109,33.0033
1914,302,174,30,98,9.9338,32.4503
1915,302,177,29,96,9.6026,31.7881
1916,302,174,33,95,10.9272,31.4570
1917,302,175,32,95,10.5960,31.4570
1918,302,182,32,88,10.5960,29.1391
1919,301,184,33,84,10.9635,27.9070
1920,301,185,34,82,11.2957,27.2425
1921,301,190,34,77,11.2957,25.5814
1922,301,191,34,76,11.2957,25.2492
1923,301,193,33,75,10.9635,24.9169
1924,301,196,36,69,11.9601,22.9236
1925,301,196,38,67,12.6246,22.2591
1926,301,195,40,66,13.2890,21.9269
1927,301,197,40,64,13.2890,21.2625
1928,301,197,41,63,13.6213,20.9302
1929,301,197,43,61,14.2857,20.2658
1930,300,194,45,61,15.0000,20.3333
1931,300,192,46,62,15.3333,20.6667
1932,298,190,48,60,16.1074,20.1342
1933,302,192,52,58,17.2185,19.2053
1934,302,189,54,59,17.8808,19.5364
1935,302,186,55,61,18.2119,20.1987
1936,301,183,56,62,18.6047,20.5980
1937,301,183,55,63,18.2724,20.9302
1938,301,182,58,61,19.2691,20.2658
1939,301,180,59,62,19.6013,20.5980
1940,301,180,59,62,19.6013,20.5980
1941,301,182,57,62,18.9369,20.5980
1942,301,180,59,62,19.6013,20.5980
1943,300,178,61,61,20.3333,20.3333
1944,300,179,61,60,20.3333,20.0000
1945,300,174,67,59,22.3333,19.6667
1946,299,169,69,61,23.0769,20.4013
1947,301,170,69,62,22.9236,20.5980
1948,301,169,70,62,23.2558,20.5980
1949,300,169,66,65,22.0000,21.6667
1950,299,163,69,67,23.0769,22.4080
1951,302,163,68,71,22.5166,23.5099
1952,300,159,69,72,23.0000,24.0000
1953,299,155,71,73,23.7458,24.4147
1954,298,152,67,79,22.4832,26.5101
1955,303,155,68,80,22.4422,26.4026
1956,302,154,67,81,22.1854,26.8212
1957,302,152,70,80,23.1788,26.4901
1958,300,145,76,79,25.3333,26.3333
1959,299,141,75,83,25.0836,27.7592
1960,300,143,73,84,24.3333,28.0000
1961,300,139,77,84,25.6667,28.0000
1962,299,137,77,85,25.7525,28.4281
1963,299,133,78,88,26.0870,29.4314
1964,300,134,79,87,26.3333,29.0000
1965,299,132,76,91,25.4181,30.4348
1966,301,131,71,99,23.5880,32.8904
1967,301,131,72,98,23.9203,32.5581
1968,300,126,75,99,25.0000,33.0000
1969,299,125,75,99,25.0836,33.1104
1970,300,121,77,102,25.6667,34.0000
1971,300,119,77,104,25.6667,34.6667
1972,297,114,78,105,26.2626,35.3535
1973,300,118,74,108,24.6667,36.0000
1974,300,116,73,111,24.3333,37.0000
1975,299,114,76,109,25.4181,36.4548
1976,298,115,72,111,24.1611,37.2483
1977,299,112,73,114,24.4147,38.1271
1978,297,114,65,118,21.8855,39.7306
1979,298,114,63,121,21.1409,40.6040
1980,300,114,67,119,22.3333,39.6667
1981,299,113,66,120,22.0736,40.1338
1982,302,113,67,122,22.1854,40.3974
1983,301,115,65,121,21.5947,40.1993
1984,300,114,62,124,20.6667,41.3333
1985,300,115,60,125,20.0000,41.6667
1986,300,115,61,124,20.3333,41.3333
1987,299,116,57,126,19.0635,42.1405
1988,300,114,59,127,19.6667,42.3333
1989,300,117,57,126,19.0000,42.0000
1990,299,117,50,132,16.7224,44.1472
1991,299,120,47,132,15.7191,44.1472
1992,300,117,50,133,16.6667,44.3333
1993,300,117,47,136,15.6667,45.3333
1994,300,115,48,137,16.0000,45.6667
1995,298,115,44,139,14.7651,46.6443
1996,299,118,43,138,14.3813,46.1538
1997,303,122,42,139,13.8614,45.8746
1998,300,124,40,136,13.3333,45.3333
1999,300,122,43,135,14.3333,45.0000
2000,300,122,41,137,13.6667,45.6667
2001,298,126,35,137,11.7450,45.9732
2002,300,130,33,137,11.0000,45.6667
2003,299,129,35,135,11.7057,45.1505
2004,300,130,37,133,12.3333,44.3333
2005,300,127,42,131,14.0000,43.6667
2006,300,129,44,127,14.6667,42.3333
2007,300,128,45,127,15.0000,42.3333
2008,299,128,45,126,15.0502,42.1405
2009,302,131,45,126,14.9007,41.7219
2010,302,127,49,126,16.2252,41.7219
2011,301,128,51,122,16.9435,40.5316
2012,301,127,49,125,16.2791,41.5282
2013,301,127,48,126,15.9468,41.8605
2014,299,126,47,126,15.7191,42.1405
2015,300,126,50,124,16.6667,41.3333
2016,300,122,54,124,18.0000,41.3333
2017,299,126,53,120,17.7258,40.1338
2018,300,134,54,112,18.0000,37.3333
2019,298,132,54,112,18.1208,37.5839
2020,299,133,56,110,18.7291,36.7893
2021,302,134,58,110,19.2053,36.4238
2022,302,136,59,107,19.5364,35.4305
2023,302,134,63,105,20.8609,34.7682
2024,300,129,63,108,21.0000,36.0000
2025,300,130,63,107,21.0000,35.6667
2026,300,132,61,107,20.3333,35.6667
2027,299,130,60,109,20.0669,36.4548
2028,301,134,57,110,18.9369,36.5449
2029,301,136,56,109,18.6047,36.2126
2030,299,139,55,105,18.3946,35.1171
2031,298,141,54,103,18.1208,34.5638
2032,298,141,54,103,18.1208,34.5638
2033,301,145,55,101,18.2724,33.5548
2034,301,145,55,101,18.2724,33.5548
2035,300,144,55,101,18.3333,33.6667
2036,300,140,59,101,19.6667,33.6667
2037,299,138,60,101,20.0669,33.7793
2038,300,135,65,100,21.6667,33.3333
2039,300,137,64,99,21.3333,33.0000
2040,298,139,63,96,21.1409,32.2148
2041,299,137,64,98,21.4047,32.7759
2042,300,142,63,95,21.0000,31.6667
2043,300,142,64,94,21.3333,31.3333
2044,298,139,65,94,21.8121,31.5436
2045,299,143,62,94,20.7358,31.4381
2046,300,141,64,95,21.3333,31.6667
2047,299,141,65,93,21.7391,31.1037
2048,303,142,66,95,21.7822,31.3531
2049,303,140,69,94,22.7723,31.0231
2050,303,134,75,94,24.7525,31.0231
2051,301,133,74,94,24.5847,31.2292
2052,301,132,74,95,24.5847,31.5615
2053,300,131,78,91,26.0000,30.3333
2054,300,129,80,91,26.6667,30.3333
2055,300,130,78,92,26.0000,30.6667
2056,298,125,79,94,26.5101,31.5436
2057,302,124,80,98,26.4901,32.4503
2058,300,125,77,98,25.6667,32.6667
2059,298,124,75,99,25.1678,33.2215
2060,299,125,74,100,24.7492,33.4448
2061,306,131,73,102,23.8562,33.3333
2062,306,130,73,103,23.8562,33.6601
2063,306,127,73,106,23.8562,34.6405
2064,305,126,74,105,24.2623,34.4262
2065,303,126,72,105,23.7624,34.6535
2066,302,124,69,109,22.8477,36.0927
2067,300,124,66,110,22.0000,36.6667
2068,299,121,66,112,22.0736,37.4582
2069,299,118,67,114,22.4080,38.1271
2070,302,121,65,116,21.5232,38.4106
2071,301,122,59,120,19.6013,39.8671
2072,301,122,57,122,18.9369,40.5316
2073,301,121,56,124,18.6047,41.1960
2074,300,117,54,129,18.0000,43.0000
2075,300,115,54,131,18.0000,43.6667
2076,299,118,53,128,17.7258,42.8094
2077,301,123,50,128,16.6113,42.5249
2078,300,124,49,127,16.3333,42.3333
2079,300,125,49,126,16.3333,42.0000
2080,299,126,47,126,15.7191,42.1405
2081,301,131,44,126,14.6179,41.8605
2082,300,129,45,126,15.0000,42.0000
2083,300,131,44,125,14.6667,41.6667
2084,298,130,40,128,13.4228,42.9530
2085,302,133,40,129,13.2450,42.7152
2086,300,132,41,127,13.6667,42.3333
2087,299,132,40,127,13.3779,42.4749
2088,299,135,39,125,13.0435,41.8060
2089,301,136,41,124,13.6213,41.1960
2090,300,134,38,128,12.6667,42.6667
2091,300,135,39,126,13.0000,42.0000
2092,300,136,39,125,13.0000,41.6667
2093,299,137,41,121,13.7124,40.4682
2094,298,138,37,123,12.4161,41.2752
2095,299,142,35,122,11.7057,40.8027
2096,301,144,37,120,12.2924,39.8671
2097,301,148,36,117,11.9601,38.8704
2098,299,150,34,115,11.3712,38.4615
2099,301,153,32,116,10.6312,38.5382
2100,300,155,31,114,10.3333,38.0000
2101,300,155,32,113,10.6667,37.6667
2102,300,152,33,115,11.0000,38.3333
2103,300,150,35,115,11.6667,38.3333
2104,300,153,36,111,12.0000,37.0000
2105,299,154,32,113,10.7023,37.7926
2106,303,159,32,112,10.5611,36.9637
2107,302,159,33,110,10.9272,36.4238
2108,301,160,31,110,10.2990,36.5449
2109,301,162,32,107,10.6312,35.5482
2110,301,162,31,108,10.2990,35.8804
2111,301,161,32,108,10.6312,35.8804
2112,301,161,35,105,11.6279,34.8837
2113,301,164,34,103,11.2957,34.2193
2114,301,163,35,103,11.6279,34.2193
2115,299,163,36,100,12.0401,33.4448
2116,301,167,35,99,11.6279,32.8904
2117,300,168,34,98,11.3333,32.6667
2118,300,170,37,93,12.3333,31.0000
2119,300,170,38,92,12.6667,30.6667
2120,300,171,39,90,13.0000,30.0000
2121,300,173,38,89,12.6667,29.6667
2122,300,172,40,88,13.3333,29.3333
2123,298,175,37,86,12.4161,28.8591
2124,299,174,41,84,13.7124,28.0936
2125,298,176,42,80,14.0940,26.8456
2126,299,178,46,75,15.3846,25.0836
2127,301,181,47,73,15.6146,24.2525
2128,300,180,47,73,15.6667,24.3333
2129,300,181,49,70,16.3333,23.3333
2130,299,182,49,68,16.3880,22.7425
2131,302,182,52,68,17.2185,22.5166
2132,300,183,48,69,16.0000,23.0000
2133,300,182,49,69,16.3333,23.0000
2134,300,183,49,68,16.3333,22.6667
2135,300,180,48,72,16.0000,24.0000
2136,300,183,49,68,16.3333,22.6667
2137,299,182,50,67,16.7224,22.4080
2138,303,184,49,70,16.1716,23.1023
2139,303,182,53,68,17.4917,22.4422
2140,302,179,54,69,17.8808,22.8477
2141,302,177,57,68,18.8742,22.5166
2142,300,175,60,65,20.0000,21.6667
2143,300,169,66,65,22.0000,21.6667
2144,299,166,66,67,22.0736,22.4080
2145,299,166,63,70,21.0702,23.4114
2146,300,166,66,68,22.0000,22.6667
2147,300,164,66,70,22.0000,23.3333
2148,299,158,68,73,22.7425,24.4147
2149,300,158,70,72,23.3333,24.0000
2150,299,152,74,73,24.7492,24.4147
2151,299,151,73,75,24.4147,25.0836
2152,300,151,73,76,24.3333,25.3333
2153,299,146,75,78,25.0836,26.0870
2154,301,144,81,76,26.9103,25.2492
2155,300,145,78,77,26.0000,25.6667
2156,300,144,78,78,26.0000,26.0000
2157,300,146,77,77,25.6667,25.6667
2158,300,144,78,78,26.0000,26.0000
2159,299,136,84,79,28.0936,26.4214
2160,300,137,82,81,27.3333,27.0000
2161,300,136,82,82,27.3333,27.3333
2162,299,134,81,84,27.0903,28.0936
2163,301,139,78,84,25.9136,27.9070
2164,300,139,72,89,24.0000,29.6667
2165,299,133,77,89,25.7525,29.7659
2166,301,134,74,93,24.5847,30.8970
2167,301,132,74,95,24.5847,31.5615
2168,300,131,71,98,23.6667,32.6667
2169,300,131,70,99,23.3333,33.0000
2170,300,128,68,104,22.6667,34.6667
2171,299,125,66,108,22.0736,36.1204
2172,302,126,65,111,21.5232,36.7550
2173,301,124,67,110,22.2591,36.5449
2174,300,122,64,114,21.3333,38.0000
2175,300,122,63,115,21.0000,38.3333
2176,300,118,67,115,22.3333,38.3333
2177,300,114,69,117,23.0000,39.0000
2178,300,112,68,120,22.6667,40.0000
2179,299,104,72,123,24.0803,41.1371
2180,301,104,71,126,23.5880,41.8605
2181,299,104,68,127,22.7425,42.4749
2182,297,100,69,128,23.2323,43.0976
2183,298,98,71,129,23.8255,43.2886
2184,298,102,70,126,23.4899,42.2819
2185,300,104,67,129,22.3333,43.0000
2186,299,99,68,132,22.7425,44.1472
2187,303,106,68,129,22.4422,42.5743
2188,303,104,68,131,22.4422,43.2343
2189,303,102,69,132,22.7723,43.5644
2190,302,102,70,130,23.1788,43.0464
2191,301,96,72,133,23.9203,44.1860
2192,300,98,67,135,22.3333,45.0000
2193,300,97,65,138,21.6667,46.0000
2194,300,97,64,139,21.3333,46.3333
2195,298,95,64,139,21.4765,46.6443
2196,299,98,63,138,21.0702,46.1538
2197,298,103,57,138,19.1275,46.3087
2198,301,110,53,138,17.6080,45.8472
2199,301,111,50,140,16.6113,46.5116
2200,298,111,48,139,16.1074,46.6443
2201,302,115,48,139,15.8940,46.0265
2202,302,114,47,141,15.5629,46.6887
2203,301,114,45,142,14.9502,47.1761
2204,301,115,45,141,14.9502,46.8439
2205,301,115,46,140,15.2824,46.5116
2206,299,113,43,143,14.3813,47.8261
2207,300,115,40,145,13.3333,48.3333
2208,300,115,41,144,13.6667,48.0000
2209,299,115,40,144,13.3779,48.1605
2210,302,119,37,146,12.2517,48.3444
2211,302,120,34,148,11.2583,49.0066
2212,302,122,33,147,10.9272,48.6755
2213,302,122,34,146,11.2583,48.3444
2214,302,125,36,141,11.9205,46.6887
2215,301,124,36,141,11.9601,46.8439
2216,300,130,35,135,11.6667,45.0000
2217,300,131,35,134,11.6667,44.6667
2218,300,134,37,129,12.3333,43.0000
2219,300,133,38,129,12.6667,43.0000
2220,298,136,37,125,12.4161,41.9463
2221,300,137,39,124,13.0000,41.3333
2222,300,141,37,122,12.3333,40.6667
2223,300,144,35,121,11.6667,40.3333
2224,300,147,35,118,11.6667,39.3333
2225,300,147,34,119,11.3333,39.6667
2226,300,150,34,116,11.3333,38.6667
2227,300,151,35,114,11.6667,38.0000
2228,300,149,36,115,12.0000,38.3333
2229,299,149,35,115,11.7057,38.4615
2230,303,156,35,112,11.5512,36.9637
2231,302,157,36,109,11.9205,36.0927
2232,302,159,37,106,12.2517,35.0993
2233,302,160,36,106,11.9205,35.0993
2234,300,161,35,104,11.6667,34.6667
2235,299,161,35,103,11.7057,34.4482
2236,304,165,35,104,11.5132,34.2105
2237,304,164,40,100,13.1579,32.8947
2238,303,162,44,97,14.5215,32.0132
2239,303,163,42,98,13.8614,32.3432
2240,301,165,39,97,12.9568,32.2259
2241,300,166,38,96,12.6667,32.0000
2242,300,165,39,96,13.0000,32.0000
2243,300,166,40,94,13.3333,31.3333
2244,300,168,40,92,13.3333,30.6667
2245,300,169,41,90,13.6667,30.0000
2246,300,169,41,90,13.6667,30.0000
2247,300,167,44,89,14.6667,29.6667
2248,300,166,43,91,14.3333,30.3333
2249,300,167,42,91,14.0000,30.3333
2250,299,165,46,88,15.3846,29.4314
2251,299,170,45,84,15.0502,28.0936
2252,300,172,45,83,15.0000,27.6667
2253,299,171,45,83,15.0502,27.7592
2254,301,175,45,81,14.9502,26.9103
2255,301,177,46,78,15.2824,25.9136
2256,301,176,47,78,15.6146,25.9136
2257,300,174,46,80,15.3333,26.6667
2258,297,176,42,79,14.1414,26.5993
2259,300,182,41,77,13.6667,25.6667
2260,300,180,42,78,14.0000,26.0000
2261,300,179,44,77,14.6667,25.6667
2262,300,182,45,73,15.0000,24.3333
2263,300,182,45,73,15.0000,24.3333
2264,300,183,46,71,15.3333,23.6667
2265,300,180,47,73,15.6667,24.3333
2266,300,176,51,73,17.0000,24.3333
2267,299,176,49,74,16.3880,24.7492
2268,302,178,47,77,15.5629,25.4967
2269,302,175,51,76,16.8874,25.1656
2270,300,170,53,77,17.6667,25.6667
2271,297,168,52,77,17.5084,25.9259
2272,299,168,54,77,18.0602,25.7525
2273,302,169,56,77,18.5430,25.4967
2274,302,167,58,77,19.2053,25.4967
2275,302,168,60,74,19.8675,24.5033
2276,302,162,63,77,20.8609,25.4967
2277,301,159,66,76,21.9269,25.2492
2278,301,159,65,77,21.5947,25.5814
2279,300,161,64,75,21.3333,25.0000
2280,300,160,65,75,21.6667,25.0000
2281,299,160,65,74,21.7391,24.7492
2282,298,159,62,77,20.8054,25.8389
2283,301,160,64,77,21.2625,25.5814
2284,298,156,65,77,21.8121,25.8389
2285,299,159,62,78,20.7358,26.0870
2286,300,157,62,81,20.6667,27.0000
2287,300,152,66,82,22.0000,27.3333
2288,299,149,68,82,22.7425,27.4247
2289,299,145,72,82,24.0803,27.4247
2290,301,143,73,85,24.2525,28.2392
2291,299,143,71,85,23.7458,28.4281
2292,302,144,72,86,23.8411,28.4768
2293,301,142,72,87,23.9203,28.9037
2294,299,139,72,88,24.0803,29.4314
2295,301,139,72,90,23.9203,29.9003
2296,300,140,70,90,23.3333,30.0000
2297,299,138,66,95,22.0736,31.7726
2298,303,142,65,96,21.4521,31.6832
2299,303,140,66,97,21.7822,32.0132
2300,303,140,69,94,22.7723,31.0231
2301,303,134,76,93,25.0825,30.6931
2302,302,129,79,94,26.1589,31.1258
2303,302,127,80,95,26.4901,31.4570
2304,302,122,84,96,27.8146,31.7881
2305,301,121,80,100,26.5781,33.2226
2306,301,120,81,100,26.9103,33.2226
2307,300,122,77,101,25.6667,33.6667
2308,299,120,74,105,24.7492,35.1171
2309,300,117,74,109,24.6667,36.3333
2310,300,118,74,108,24.6667,36.0000
2311,300,118,69,113,23.0000,37.6667
2312,299,114,71,114,23.7458,38.1271
2313,298,110,71,117,23.8255,39.2617
2314,300,110,72,118,24.0000,39.3333
2315,299,113,66,120,22.0736,40.1338
2316,303,117,67,119,22.1122,39.2739
2317,302,118,68,116,22.5166,38.4106
2318,301,115,68,118,22.5914,39.2027
2319,301,115,70,116,23.2558,38.5382
2320,301,115,70,116,23.2558,38.5382
2321,301,113,65,123,21.5947,40.8638
2322,299,111,61,127,20.4013,42.4749
2323,298,110,60,128,20.1342,42.9530
2324,304,113,60,131,19.7368,43.0921
2325,302,114,57,131,18.8742,43.3775
2326,301,115,57,129,18.9369,42.8571
2327,301,110,62,129,20.5980,42.8571
2328,301,109,64,128,21.2625,42.5249
2329,301,108,62,131,20.5980,43.5216
2330,300,109,59,132,19.6667,44.0000
2331,300,107,59,134,19.6667,44.6667
2332,299,104,60,135,20.0669,45.1505
2333,299,105,57,137,19.0635,45.8194
2334,301,109,55,137,18.2724,45.5150
2335,301,108,55,138,18.2724,45.8472
2336,301,106,57,138,18.9369,45.8472
2337,300,107,57,136,19.0000,45.3333
2338,299,104,61,134,20.4013,44.8161
2339,301,108,59,134,19.6013,44.5183
2340,301,109,58,134,19.2691,44.5183
2341,300,109,55,136,18.3333,45.3333
2342,300,109,54,137,18.0000,45.6667
2343,300,111,53,136,17.6667,45.3333
2344,300,111,51,138,17.0000,46.0000
2345,299,112,50,137,16.7224,45.8194
2346,300,111,53,136,17.6667,45.3333
2347,300,114,51,135,17.0000,45.0000
2348,297,112,51,134,17.1717,45.1178
2349,299,118,50,131,16.7224,43.8127
2350,302,123,49,130,16.2252,43.0464
2351,299,122,47,130,15.7191,43.4783
2352,302,126,45,131,14.9007,43.3775
2353,300,127,43,130,14.3333,43.3333
2354,300,127,40,133,13.3333,44.3333
2355,299,127,41,131,13.7124,43.8127
2356,300,129,40,131,13.3333,43.6667
2357,300,133,38,129,12.6667,43.0000
2358,300,133,33,134,11.0000,44.6667
2359,299,132,35,132,11.7057,44.1472
2360,302,139,36,127,11.9205,42.0530
2361,302,144,37,121,12.2517,40.0662
2362,302,143,38,121,12.5828,40.0662
2363,301,148,36,117,11.9601,38.8704
2364,300,149,35,116,11.6667,38.6667
2365,300,148,39,113,13.0000,37.6667
2366,300,145,40,115,13.3333,38.3333
2367,298,145,44,109,14.7651,36.5772
2368,300,145,46,109,15.3333,36.3333
2369,298,140,46,112,15.4362,37.5839
2370,307,148,47,112,15.3094,36.4821
2371,307,147,47,113,15.3094,36.8078
2372,307,149,47,111,15.3094,36.1564
2373,307,153,50,104,16.2866,33.8762
2374,307,155,52,100,16.9381,32.5733
2375,307,154,54,99,17.5896,32.2476
2376,306,157,54,95,17.6471,31.0458
2377,306,154,57,95,18.6275,31.0458
2378,306,153,58,95,18.9542,31.0458
2379,305,152,56,97,18.3607,31.8033
2380,305,152,56,97,18.3607,31.8033
2381,305,155,55,95,18.0328,31.1475
2382,305,158,55,92,18.0328,30.1639
2383,304,158,54,92,17.7632,30.2632
2384,304,157,57,90,18.7500,29.6053
2385,303,154,59,90,19.4719,29.7030
2386,301,152,60,89,19.9336,29.5681
2387,301,153,55,93,18.2724,30.8970
2388,301,149,57,95,18.9369,31.5615
2389,301,144,59,98,19.6013,32.5581
2390,300,142,58,100,19.3333,33.3333
2391,298,141,58,99,19.4631,33.2215
2392,299,142,60,97,20.0669,32.4415
2393,298,142,59,97,19.7987,32.5503
2394,302,146,61,95,20.1987,31.4570
2395,301,147,58,96,19.2691,31.8937
2396,300,147,61,92,20.3333,30.6667
2397,300,145,62,93,20.6667,31.0000
2398,300,142,62,96,20.6667,32.0000
2399,299,139,65,95,21.7391,31.7726
2400,300,139,67,94,22.3333,31.3333
2401,298,140,66,92,22.1477,30.8725
2402,303,141,71,91,23.4323,30.0330
2403,303,137,75,91,24.7525,30.0330
2404,302,135,75,92,24.8344,30.4636
2405,301,132,75,94,24.9169,31.2292
2406,299,136,69,94,23.0769,31.4381
2407,300,136,68,96,22.6667,32.0000
2408,300,134,71,95,23.6667,31.6667
2409,297,136,66,95,22.2222,31.9865
2410,300,145,61,94,20.3333,31.3333
2411,300,144,62,94,20.6667,31.3333
2412,300,141,62,97,20.6667,32.3333
2413,298,140,61,97,20.4698,32.5503
2414,300,143,57,100,19.0000,33.3333
2415,298,144,57,97,19.1275,32.5503
2416,301,145,58,98,19.2691,32.5581
2417,301,144,58,99,19.2691,32.8904
2418,300,138,63,99,21.0000,33.0000
2419,297,133,62,102,20.8754,34.3434
2420,299,133,61,105,20.4013,35.1171
2421,301,137,60,104,19.9336,34.5515
2422,301,137,56,108,18.6047,35.8804
2423,298,137,53,108,17.7852,36.2416
2424,298,134,54,110,18.1208,36.9128
2425,300,134,54,112,18.0000,37.3333
2426,299,132,54,113,18.0602,37.7926
2427,304,138,53,113,17.4342,37.1711
2428,303,137,51,115,16.8317,37.9538
2429,302,134,53,115,17.5497,38.0795
2430,302,134,52,116,17.2185,38.4106
2431,302,133,55,114,18.2119,37.7483
2432,302,133,54,115,17.8808,38.0795
2433,302,134,54,114,17.8808,37.7483
2434,300,132,55,113,18.3333,37.6667
2435,299,129,58,112,19.3980,37.4582
2436,302,129,60,113,19.8675,37.4172
2437,302,130,59,113,19.5364,37.4172
2438,301,129,59,113,19.6013,37.5415
2439,299,134,50,115,16.7224,38.4615
2440,300,136,50,114,16.6667,38.0000
2441,300,137,52,111,17.3333,37.0000
2442,300,138,54,108,18.0000,36.0000
2443,299,134,56,109,18.7291,36.4548
2444,299,132,55,112,18.3946,37.4582
2445,301,135,54,112,17.9402,37.2093
2446,300,134,52,114,17.3333,38.0000
2447,300,134,54,112,18.0000,37.3333
2448,300,130,57,113,19.0000,37.6667
2449,299,128,60,111,20.0669,37.1237
2450,300,126,65,109,21.6667,36.3333
2451,299,121,67,111,22.4080,37.1237
2452,301,119,69,113,22.9236,37.5415
2453,301,119,70,112,23.2558,37.2093
2454,301,117,71,113,23.5880,37.5415
2455,300,116,70,114,23.3333,38.0000
2456,298,115,66,117,22.1477,39.2617
2457,298,115,67,116,22.4832,38.9262
2458,301,117,69,115,22.9236,38.2060
2459,300,117,70,113,23.3333,37.6667
2460,300,115,69,116,23.0000,38.6667
2461,299,113,73,113,24.4147,37.7926
2462,301,121,70,110,23.2558,36.5449
2463,300,119,71,110,23.6667,36.6667
2464,299,120,68,111,22.7425,37.1237
2465,298,119,68,111,22.8188,37.2483
2466,299,121,70,108,23.4114,36.1204
2467,304,122,73,109,24.0132,35.8553
2468,304,121,73,110,24.0132,36.1842
2469,304,118,71,115,23.3553,37.8289
2470,300,118,67,115,22.3333,38.3333
2471,300,119,66,115,22.0000,38.3333
2472,297,120,60,117,20.2020,39.3939
2473,298,121,60,117,20.1342,39.2617
2474,299,129,57,113,19.0635,37.7926
2475,301,130,60,111,19.9336,36.8771
2476,301,130,61,110,20.2658,36.5449
2477,300,129,62,109,20.6667,36.3333
2478,297,130,55,112,18.5185,37.7104
2479,298,126,62,110,20.8054,36.9128
2480,298,126,63,109,21.1409,36.5772
2481,299,128,60,111,20.0669,37.1237
2482,302,133,58,111,19.2053,36.7550
2483,302,131,59,112,19.5364,37.0861
2484,300,130,61,109,20.3333,36.3333
2485,299,127,63,109,21.0702,36.4548
2486,296,121,66,109,22.2973,36.8243
2487,296,121,65,110,21.9595,37.1622
2488,296,117,68,111,22.9730,37.5000
2489,297,119,67,111,22.5589,37.3737
2490,299,119,67,113,22.4080,37.7926
2491,300,126,69,105,23.0000,35.0000
2492,299,126,67,106,22.4080,35.4515
2493,302,129,68,105,22.5166,34.7682
2494,302,127,68,107,22.5166,35.4305
2495,302,124,70,108,23.1788,35.7616
2496,301,124,70,107,23.2558,35.5482
2497,300,127,68,105,22.6667,35.0000
2498,298,126,70,102,23.4899,34.2282
2499,300,125,70,105,23.3333,35.0000
2500,298,122,67,109,22.4832,36.5772
2501,302,121,70,111,23.1788,36.7550
2502,302,121,71,110,23.5099,36.4238
2503,302,121,72,109,23.8411,36.0927
2504,302,120,72,110,23.8411,36.4238
2505,301,118,70,113,23.2558,37.5415
2506,300,115,70,115,23.3333,38.3333
2507,295,115,66,114,22.3729,38.6441
2508,297,120,64,113,21.5488,38.0471
2509,297,124,60,113,20.2020,38.0471
2510,296,126,57,113,19.2568,38.1757
2511,298,123,59,116,19.7987,38.9262
2512,300,124,62,114,20.6667,38.0000
2513,300,121,64,115,21.3333,38.3333
2514,300,122,64,114,21.3333,38.0000
2515,299,123,60,116,20.0669,38.7960
2516,299,126,57,116,19.0635,38.7960
2517,301,126,59,116,19.6013,38.5382
2518,301,124,58,119,19.2691,39.5349
2519,299,124,55,120,18.3946,40.1338
2520,298,126,53,119,17.7852,39.9329
2521,299,132,51,116,17.0569,38.7960
2522,306,143,49,114,16.0131,37.2549
2523,304,145,47,112,15.4605,36.8421
2524,304,147,48,109,15.7895,35.8553
2525,303,146,48,109,15.8416,35.9736
2526,303,148,46,109,15.1815,35.9736
2527,303,145,45,113,14.8515,37.2937
2528,302,147,41,114,13.5762,37.7483
2529,302,144,44,114,14.5695,37.7483
2530,302,147,46,109,15.2318,36.0927
2531,301,144,44,113,14.6179,37.5415
2532,299,144,42,113,14.0468,37.7926
2533,299,149,38,112,12.7090,37.4582
2534,302,153,38,111,12.5828,36.7550
2535,302,154,38,110,12.5828,36.4238
2536,302,153,39,110,12.9139,36.4238
2537,300,153,36,111,12.0000,37.0000
2538,299,152,34,113,11.3712,37.7926
2539,302,154,36,112,11.9205,37.0861
2540,301,152,37,112,12.2924,37.2093
2541,301,150,41,110,13.6213,36.5449
2542,301,154,39,108,12.9568,35.8804
2543,301,154,38,109,12.6246,36.2126
2544,301,155,38,108,12.6246,35.8804
2545,300,153,38,109,12.6667,36.3333
2546,299,154,37,108,12.3746,36.1204
2547,302,157,39,106,12.9139,35.0993
2548,301,157,39,105,12.9568,34.8837
2549,300,156,38,106,12.6667,35.3333
2550,299,155,38,106,12.7090,35.4515
2551,299,157,38,104,12.7090,34.7826
2552,301,163,37,101,12.2924,33.5548
2553,301,162,40,99,13.2890,32.8904
2554,299,162,39,98,13.0435,32.7759
2555,300,164,38,98,12.6667,32.6667
2556,300,166,39,95,13.0000,31.6667
2557,300,168,38,94,12.6667,31.3333
2558,300,172,37,91,12.3333,30.3333
2559,300,172,35,93,11.6667,31.0000
2560,300,175,35,90,11.6667,30.0000
2561,298,175,31,92,10.4027,30.8725
2562,302,182,29,91,9.6026,30.1325
2563,302,183,31,88,10.2649,29.1391
2564,302,183,32,87,10.5960,28.8079
2565,301,181,33,87,10.9635,28.9037
2566,301,181,33,87,10.9635,28.9037
2567,300,180,34,86,11.3333,28.6667
2568,300,184,33,83,11.0000,27.6667
2569,300,183,33,84,11.0000,28.0000
2570,299,186,30,83,10.0334,27.7592
2571,301,188,31,82,10.2990,27.2425
2572,300,187,32,81,10.6667,27.0000
2573,299,186,36,77,12.0401,25.7525
2574,300,185,36,79,12.0000,26.3333
2575,300,184,38,78,12.6667,26.0000
2576,299,183,40,76,13.3779,25.4181
2577,301,186,39,76,12.9568,25.2492
2578,301,186,41,74,13.6213,24.5847
2579,301,187,44,70,14.6179,23.2558
2580,300,186,47,67,15.6667,22.3333
2581,299,185,48,66,16.0535,22.0736
2582,302,186,49,67,16.2252,22.1854
2583,302,186,52,64,17.2185,21.1921
2584,302,181,57,64,18.8742,21.1921
2585,302,179,57,66,18.8742,21.8543
2586,301,178,58,65,19.2691,21.5947
2587,301,174,61,66,20.2658,21.9269
2588,301,170,62,69,20.5980,22.9236
2589,300,168,65,67,21.6667,22.3333
2590,300,166,68,66,22.6667,22.0000
2591,300,160,72,68,24.0000,22.6667
2592,299,160,72,67,24.0803,22.4080
2593,300,161,68,71,22.6667,23.6667
2594,297,159,69,69,23.2323,23.2323
2595,298,158,70,70,23.4899,23.4899
2596,301,160,72,69,23.9203,22.9236
2597,299,160,70,69,23.4114,23.0769
2598,299,159,71,69,23.7458,23.0769
2599,301,159,74,68,24.5847,22.5914
2600,300,156,73,71,24.3333,23.6667
2601,300,154,74,72,24.6667,24.0000
2602,300,148,79,73,26.3333,24.3333
2603,299,144,80,75,26.7559,25.0836
2604,301,146,80,75,26.5781,24.9169
2605,300,142,78,80,26.0000,26.6667
2606,298,139,77,82,25.8389,27.5168
2607,301,143,76,82,25.2492,27.2425
2608,300,140,76,84,25.3333,28.0000
2609,300,141,72,87,24.0000,29.0000
2610,300,139,70,91,23.3333,30.3333
2611,298,138,66,94,22.1477,31.5436
2612,302,137,70,95,23.1788,31.4570
2613,302,137,72,93,23.8411,30.7947
2614,301,135,75,91,24.9169,30.2326
2615,300,131,75,94,25.0000,31.3333
2616,298,129,75,94,25.1678,31.5436
2617,299,129,75,95,25.0836,31.7726
2618,303,132,76,95,25.0825,31.3531
2619,303,132,74,97,24.4224,32.0132
2620,302,130,72,100,23.8411,33.1126
2621,302,129,72,101,23.8411,33.4437
2622,300,128,70,102,23.3333,34.0000
2623,297,125,68,104,22.8956,35.0168
2624,303,127,67,109,22.1122,35.9736
2625,303,120,74,109,24.4224,35.9736
2626,303,118,74,111,24.4224,36.6337
2627,302,114,75,113,24.8344,37.4172
2628,302,113,75,114,24.8344,37.7483
2629,302,112,75,115,24.8344,38.0795
2630,301,111,74,116,24.5847,38.5382
2631,301,108,74,119,24.5847,39.5349
2632,300,105,71,124,23.6667,41.3333
2633,299,102,72,125,24.0803,41.8060
2634,297,101,69,127,23.2323,42.7609
2635,302,107,67,128,22.1854,42.3841
2636,302,105,68,129,22.5166,42.7152
2637,302,107,65,130,21.5232,43.0464
2638,302,103,67,132,22.1854,43.7086
2639,301,99,71,131,23.5880,43.5216
2640,300,101,69,130,23.0000,43.3333
2641,300,99,68,133,22.6667,44.3333
2642,300,97,69,134,23.0000,44.6667
2643,300,96,68,136,22.6667,45.3333
2644,299,92,67,140,22.4080,46.8227
2645,301,100,63,138,20.9302,45.8472
2646,299,100,58,141,19.3980,47.1572
2647,301,103,56,142,18.6047,47.1761
2648,301,102,54,145,17.9402,48.1728
2649,300,100,55,145,18.3333,48.3333
2650,300,99,56,145,18.6667,48.3333
2651,300,97,56,147,18.6667,49.0000
2652,300,98,57,145,19.0000,48.3333
2653,299,94,59,146,19.7324,48.8294
2654,303,97,58,148,19.1419,48.8449
2655,302,101,56,145,18.5430,48.0132
2656,302,102,56,144,18.5430,47.6821
2657,302,103,56,143,18.5430,47.3510
2658,301,102,55,144,18.2724,47.8405
2659,300,101,53,146,17.6667,48.6667
2660,299,100,54,145,18.0602,48.4950
2661,299,105,54,140,18.0602,46.8227
2662,301,111,53,137,17.6080,45.5150
2663,300,116,51,133,17.0000,44.3333
2664,298,114,48,136,16.1074,45.6376
2665,299,114,50,135,16.7224,45.1505
2666,300,111,54,135,18.0000,45.0000
2667,300,111,56,133,18.6667,44.3333
2668,300,111,53,136,17.6667,45.3333
2669,300,109,57,134,19.0000,44.6667
2670,298,108,54,136,18.1208,45.6376
2671,302,114,55,133,18.2119,44.0397
2672,302,118,55,129,18.2119,42.7152
2673,301,120,50,131,16.6113,43.5216
2674,299,121,47,131,15.7191,43.8127
2675,301,124,48,129,15.9468,42.8571
2676,301,129,48,124,15.9468,41.1960
2677,300,127,48,125,16.0000,41.6667
2678,300,130,46,124,15.3333,41.3333
2679,297,129,45,123,15.1515,41.4141
2680,298,130,44,124,14.7651,41.6107
2681,299,128,49,122,16.3880,40.8027
2682,303,128,53,122,17.4917,40.2640
2683,303,129,53,121,17.4917,39.9340
2684,303,134,51,118,16.8317,38.9439
2685,302,133,49,120,16.2252,39.7351
2686,302,135,48,119,15.8940,39.4040
2687,301,135,46,120,15.2824,39.8671
2688,300,135,46,119,15.3333,39.6667
2689,300,136,46,118,15.3333,39.3333
2690,300,136,44,120,14.6667,40.0000
2691,298,136,42,120,14.0940,40.2685
2692,300,136,46,118,15.3333,39.3333
2693,299,135,49,115,16.3880,38.4615
2694,298,134,50,114,16.7785,38.2550
2695,300,140,51,109,17.0000,36.3333
2696,299,142,52,105,17.3913,35.1171
2697,302,146,53,103,17.5497,34.1060
2698,302,148,53,101,17.5497,33.4437
2699,302,149,52,101,17.2185,33.4437
2700,301,150,51,100,16.9435,33.2226
2701,301,148,51,102,16.9435,33.8870
2702,299,149,45,105,15.0502,35.1171
2703,299,149,45,105,15.0502,35.1171
2704,303,154,45,104,14.8515,34.3234
2705,303,156,46,101,15.1815,33.3333
2706,303,158,47,98,15.5116,32.3432
2707,303,155,49,99,16.1716,32.6733
2708,302,152,51,99,16.8874,32.7815
2709,302,155,50,97,16.5563,32.1192
2710,300,155,51,94,17.0000,31.3333
2711,299,155,53,91,17.7258,30.4348
2712,299,153,54,92,18.0602,30.7692
2713,302,154,52,96,17.2185,31.7881
2714,302,152,52,98,17.2185,32.4503
2715,301,151,51,99,16.9435,32.8904
2716,301,152,54,95,17.9402,31.5615
2717,300,151,53,96,17.6667,32.0000
2718,300,148,55,97,18.3333,32.3333
2719,299,145,57,97,19.0635,32.4415
2720,303,148,60,95,19.8020,31.3531
2721,303,147,58,98,19.1419,32.3432
2722,303,150,56,97,18.4818,32.0132
2723,302,149,56,97,18.5430,32.1192
2724,302,145,59,98,19.5364,32.4503
2725,302,144,63,95,20.8609,31.4570
2726,301,144,65,92,21.5947,30.5648
2727,301,142,66,93,21.9269,30.8970
2728,298,141,62,95,20.8054,31.8792
2729,300,142,63,95,21.0000,31.6667
2730,300,144,64,92,21.3333,30.6667
2731,299,143,63,93,21.0702,31.1037
2732,299,146,59,94,19.7324,31.4381
2733,300,144,61,95,20.3333,31.6667
2734,299,142,60,97,20.0669,32.4415
2735,300,141,62,97,20.6667,32.3333
2736,299,142,59,98,19.7324,32.7759
2737,302,143,64,95,21.1921,31.4570
2738,301,138,67,96,22.2591,31.8937
2739,300,140,63,97,21.0000,32.3333
2740,300,139,64,97,21.3333,32.3333
2741,298,139,63,96,21.1409,32.2148
2742,298,139,67,92,22.4832,30.8725
2743,299,139,69,91,23.0769,30.4348
2744,301,138,70,93,23.2558,30.8970
2745,301,133,67,101,22.2591,33.5548
2746,301,131,67,103,22.2591,34.2193
2747,300,129,66,105,22.0000,35.0000
2748,299,127,67,105,22.4080,35.1171
2749,299,125,68,106,22.7425,35.4515
2750,300,124,70,106,23.3333,35.3333
2751,300,125,70,105,23.3333,35.0000
2752,299,125,70,104,23.4114,34.7826
2753,301,126,73,102,24.2525,33.8870
2754,299,128,69,102,23.0769,34.1137
2755,301,127,72,102,23.9203,33.8870
2756,300,125,69,106,23.0000,35.3333
2757,297,124,67,106,22.5589,35.6902
2758,298,127,63,108,21.1409,36.2416
2759,297,127,62,108,20.8754,36.3636
2760,298,126,64,108,21.4765,36.2416
2761,298,129,60,109,20.1342,36.5772
2762,304,134,60,110,19.7368,36.1842
2763,303,129,62,112,20.4620,36.9637
2764,303,127,63,113,20.7921,37.2937
2765,302,128,61,113,20.1987,37.4172
2766,301,132,58,111,19.2691,36.8771
2767,300,129,62,109,20.6667,36.3333
2768,299,123,65,111,21.7391,37.1237
2769,301,125,64,112,21.2625,37.2093
2770,301,124,63,114,20.9302,37.8738
2771,301,125,61,115,20.2658,38.2060
2772,301,124,60,117,19.9336,38.8704
2773,301,123,59,119,19.6013,39.5349
2774,300,124,59,117,19.6667,39.0000
2775,299,123,56,120,18.7291,40.1338
2776,300,122,59,119,19.6667,39.6667
2777,299,123,58,118,19.3980,39.4649
2778,298,122,58,118,19.4631,39.5973
2779,300,126,57,117,19.0000,39.0000
2780,299,123,59,117,19.7324,39.1304
2781,298,123,58,117,19.4631,39.2617
2782,299,121,61,117,20.4013,39.1304
2783,300,121,61,118,20.3333,39.3333
2784,299,120,60,119,20.0669,39.7993
2785,301,123,60,118,19.9336,39.2027
2786,301,125,58,118,19.2691,39.2027
2787,300,126,55,119,18.3333,39.6667
2788,299,128,52,119,17.3913,39.7993
2789,304,132,48,124,15.7895,40.7895
2790,304,133,47,124,15.4605,40.7895
2791,304,134,49,121,16.1184,39.8026
2792,304,134,49,121,16.1184,39.8026
2793,304,133,51,120,16.7763,39.4737
2794,302,130,50,122,16.5563,40.3974
2795,302,126,53,123,17.5497,40.7285
2796,301,127,49,125,16.2791,41.5282
2797,299,131,49,119,16.3880,39.7993
2798,301,134,50,117,16.6113,38.8704
2799,300,136,49,115,16.3333,38.3333
2800,299,135,48,116,16.0535,38.7960
2801,300,136,48,116,16.0000,38.6667
2802,300,130,53,117,17.6667,39.0000
2803,297,128,51,118,17.1717,39.7306
2804,299,130,51,118,17.0569,39.4649
2805,301,132,49,120,16.2791,39.8671
2806,301,133,52,116,17.2757,38.5382
2807,301,132,54,115,17.9402,38.2060
2808,301,136,53,112,17.6080,37.2093
2809,301,135,55,111,18.2724,36.8771
2810,300,135,57,108,19.0000,36.0000
2811,298,135,55,108,18.4564,36.2416
2812,300,134,56,110,18.6667,36.6667
2813,298,135,56,107,18.7919,35.9060
2814,297,136,54,107,18.1818,36.0269
2815,299,137,56,106,18.7291,35.4515
2816,303,141,56,106,18.4818,34.9835
2817,303,142,57,104,18.8119,34.3234
2818,302,141,57,104,18.8742,34.4371
2819,302,139,59,104,19.5364,34.4371
2820,302,141,58,103,19.2053,34.1060
2821,302,143,58,101,19.2053,33.4437
2822,300,145,53,102,17.6667,34.0000
2823,299,146,50,103,16.7224,34.4482
2824,300,150,48,102,16.0000,34.0000
2825,300,151,49,100,16.3333,33.3333
2826,299,145,53,101,17.7258,33.7793
2827,302,152,51,99,16.8874,32.7815
2828,302,146,55,101,18.2119,33.4437
2829,301,144,57,100,18.9369,33.2226
2830,300,140,60,100,20.0000,33.3333
2831,299,138,60,101,20.0669,33.7793
2832,299,138,60,101,20.0669,33.7793
2833,300,135,63,102,21.0000,34.0000
2834,299,133,63,103,21.0702,34.4482
2835,303,140,62,101,20.4620,33.3333
2836,301,140,60,101,19.9336,33.5548
2837,301,140,59,102,19.6013,33.8870
2838,301,141,58,102,19.2691,33.8870
2839,300,143,56,101,18.6667,33.6667
2840,299,144,56,99,18.7291,33.1104
2841,300,145,60,95,20.0000,31.6667
2842,300,145,63,92,21.0000,30.6667
2843,300,146,62,92,20.6667,30.6667
2844,299,144,64,91,21.4047,30.4348
2845,302,147,62,93,20.5298,30.7947
2846,300,145,62,93,20.6667,31.0000
2847,300,145,59,96,19.6667,32.0000
2848,300,142,61,97,20.3333,32.3333
2849,300,140,63,97,21.0000,32.3333
2850,299,139,60,100,20.0669,33.4448
2851,304,142,58,104,19.0789,34.2105
2852,303,143,58,102,19.1419,33.6634
2853,302,143,56,103,18.5430,34.1060
2854,301,143,52,106,17.2757,35.2159
2855,301,145,51,105,16.9435,34.8837
2856,301,145,51,105,16.9435,34.8837
2857,300,148,48,104,16.0000,34.6667
2858,299,146,47,106,15.7191,35.4515
2859,300,145,50,105,16.6667,35.0000
2860,300,143,52,105,17.3333,35.0000
2861,298,142,48,108,16.1074,36.2416
2862,297,140,46,111,15.4882,37.3737
2863,298,140,49,109,16.4430,36.5772
2864,300,143,50,107,16.6667,35.6667
2865,299,140,48,111,16.0535,37.1237
2866,304,145,47,112,15.4605,36.8421
2867,304,146,45,113,14.8026,37.1711
2868,304,147,44,113,14.4737,37.1711
2869,304,147,39,118,12.8289,38.8158
2870,303,147,38,118,12.5413,38.9439
2871,301,146,38,117,12.6246,38.8704
2872,301,147,38,116,12.6246,38.5382
2873,301,147,38,116,12.6246,38.5382
2874,301,149,40,112,13.2890,37.2093
2875,299,150,40,109,13.3779,36.4548
2876,304,156,42,106,13.8158,34.8684
2877,304,158,42,104,13.8158,34.2105
2878,304,156,44,104,14.4737,34.2105
2879,304,158,41,105,13.4868,34.5395
2880,303,159,41,103,13.5314,33.9934
2881,301,157,38,106,12.6246,35.2159
2882,301,154,40,107,13.2890,35.5482
2883,301,154,40,107,13.2890,35.5482
2884,301,157,39,105,12.9568,34.8837
2885,300,157,36,107,12.0000,35.6667
2886,300,159,34,107,11.3333,35.6667
2887,300,159,35,106,11.6667,35.3333
2888,300,161,34,105,11.3333,35.0000
2889,300,160,37,103,12.3333,34.3333
2890,299,161,35,103,11.7057,34.4482
2891,301,163,36,102,11.9601,33.8870
2892,301,163,36,102,11.9601,33.8870
2893,301,159,39,103,12.9568,34.2193
2894,301,156,40,105,13.2890,34.8837
2895,300,155,40,105,13.3333,35.0000
2896,300,153,41,106,13.6667,35.3333
2897,300,148,47,105,15.6667,35.0000
2898,300,149,45,106,15.0000,35.3333
2899,300,150,47,103,15.6667,34.3333
2900,300,152,50,98,16.6667,32.6667
2901,300,153,49,98,16.3333,32.6667
2902,298,155,47,96,15.7718,32.2148
2903,297,154,51,92,17.1717,30.9764
2904,299,156,51,92,17.0569,30.7692
2905,301,158,53,90,17.6080,29.9003
2906,301,160,55,86,18.2724,28.5714
2907,301,158,58,85,19.2691,28.2392
2908,301,158,59,84,19.6013,27.9070
2909,301,159,57,85,18.9369,28.2392
2910,300,158,57,85,19.0000,28.3333
2911,299,154,59,86,19.7324,28.7625
2912,302,158,58,86,19.2053,28.4768
2913,301,158,59,84,19.6013,27.9070
2914,299,158,58,83,19.3980,27.7592
2915,300,153,61,86,20.3333,28.6667
2916,300,153,60,87,20.0000,29.0000
2917,298,152,58,88,19.4631,29.5302
2918,299,153,58,88,19.3980,29.4314
2919,301,153,61,87,20.2658,28.9037
2920,300,153,61,86,20.3333,28.6667
2921,300,159,60,81,20.0000,27.0000
2922,300,157,63,80,21.0000,26.6667
2923,299,152,64,83,21.4047,27.7592
2924,299,150,65,84,21.7391,28.0936
2925,301,150,65,86,21.5947,28.5714
2926,301,149,66,86,21.9269,28.5714
2927,300,142,69,89,23.0000,29.6667
2928,300,136,74,90,24.6667,30.0000
2929,298,133,75,90,25.1678,30.2013
2930,301,135,75,91,24.9169,30.2326
2931,301,137,73,91,24.2525,30.2326
2932,299,135,72,92,24.0803,30.7692
2933,301,137,74,90,24.5847,29.9003
2934,299,136,73,90,24.4147,30.1003
2935,299,136,71,92,23.7458,30.7692
2936,298,135,72,91,24.1611,30.5369
2937,300,138,71,91,23.6667,30.3333
2938,298,134,73,91,24.4966,30.5369
2939,300,134,71,95,23.6667,31.6667
2940,299,132,73,94,24.4147,31.4381
2941,303,136,71,96,23.4323,31.6832
2942,302,138,68,96,22.5166,31.7881
2943,301,135,69,97,22.9236,32.2259
2944,301,132,69,100,22.9236,33.2226
2945,298,129,68,101,22.8188,33.8926
2946,301,135,65,101,21.5947,33.5548
2947,300,131,67,102,22.3333,34.0000
2948,300,127,66,107,22.0000,35.6667
2949,298,126,63,109,21.1409,36.5772
2950,300,130,61,109,20.3333,36.3333
2951,299,128,62,109,20.7358,36.4548
2952,300,125,66,109,22.0000,36.3333
2953,300,119,72,109,24.0000,36.3333
2954,297,119,68,110,22.8956,37.0370
2955,299,119,69,111,23.0769,37.1237
2956,299,115,72,112,24.0803,37.4582
2957,301,116,73,112,24.2525,37.2093
2958,300,112,75,113,25.0000,37.6667
2959,299,108,73,118,24.4147,39.4649
2960,300,106,74,120,24.6667,40.0000
2961,299,106,74,119,24.7492,39.7993
2962,300,106,77,117,25.6667,39.0000
2963,300,104,77,119,25.6667,39.6667
2964,297,104,75,118,25.2525,39.7306
2965,301,106,73,122,24.2525,40.5316
2966,300,103,77,120,25.6667,40.0000
2967,300,105,76,119,25.3333,39.6667
2968,298,103,72,123,24.1611,41.2752
2969,298,106,72,120,24.1611,40.2685
2970,299,109,71,119,23.7458,39.7993
2971,303,109,74,120,24.4224,39.6040
2972,301,105,77,119,25.5814,39.5349
2973,299,106,72,121,24.0803,40.4682
2974,300,106,69,125,23.0000,41.6667
2975,299,107,70,122,23.4114,40.8027
2976,300,113,64,123,21.3333,41.0000
2977,299,114,63,122,21.0702,40.8027
2978,303,118,60,125,19.8020,41.2541
2979,301,120,57,124,18.9369,41.1960
2980,299,119,55,125,18.3946,41.8060
2981,302,118,56,128,18.5430,42.3841
2982,300,118,54,128,18.0000,42.6667
2983,298,117,56,125,18.7919,41.9463
2984,302,121,54,127,17.8808,42.0530
2985,301,120,52,129,17.2757,42.8571
2986,300,120,51,129,17.0000,43.0000
2987,300,122,49,129,16.3333,43.0000
2988,300,117,52,131,17.3333,43.6667
2989,300,120,50,130,16.6667,43.3333
2990,299,121,49,129,16.3880,43.1438
2991,301,122,52,127,17.2757,42.1927
2992,299,121,48,130,16.0535,43.4783
2993,299,124,45,130,15.0502,43.4783
2994,300,127,46,127,15.3333,42.3333
2995,298,129,43,126,14.4295,42.2819
2996,299,133,42,124,14.0468,41.4716
2997,300,134,45,121,15.0000,40.3333
2998,300,135,44,121,14.6667,40.3333
2999,300,135,44,121,14.6667,40.3333
3000,300,139,45,116,15.0000,38.6667
3001,300,142,42,116,14.0000,38.6667
3002,299,144,41,114,13.7124,38.1271
3003,300,145,39,116,13.0000,38.6667
3004,300,143,40,117,13.3333,39.0000
3005,299,143,40,116,13.3779,38.7960
3006,302,148,40,114,13.2450,37.7483
3007,302,148,39,115,12.9139,38.0795
3008,302,146,40,116,13.2450,38.4106
3009,302,147,35,120,11.5894,39.7351
3010,301,146,36,119,11.9601,39.5349
3011,301,151,33,117,10.9635,38.8704
3012,301,153,30,118,9.9668,39.2027
3013,301,155,29,117,9.6346,38.8704
3014,301,153,29,119,9.6346,39.5349
3015,301,156,29,116,9.6346,38.5382
3016,300,155,30,115,10.0000,38.3333
3017,300,159,29,112,9.6667,37.3333
3018,300,158,29,113,9.6667,37.6667
3019,300,157,29,114,9.6667,38.0000
3020,300,162,28,110,9.3333,36.6667
3021,299,161,29,109,9.6990,36.4548
3022,303,165,30,108,9.9010,35.6436
3023,302,167,28,107,9.2715,35.4305
3024,302,167,28,107,9.2715,35.4305
3025,302,170,27,105,8.9404,34.7682
3026,302,173,28,101,9.2715,33.4437
3027,301,171,28,102,9.3023,33.8870
3028,299,173,27,99,9.0301,33.1104
3029,301,175,28,98,9.3023,32.5581
3030,301,176,30,95,9.9668,31.5615
3031,299,174,32,93,10.7023,31.1037
3032,301,177,33,91,10.9635,30.2326
3033,301,181,32,88,10.6312,29.2359
3034,301,183,32,86,10.6312,28.5714
3035,301,181,32,88,10.6312,29.2359
3036,301,179,37,85,12.2924,28.2392
3037,301,181,36,84,11.9601,27.9070
3038,301,181,37,83,12.2924,27.5748
3039,299,185,33,81,11.0368,27.0903
3040,301,182,40,79,13.2890,26.2458
3041,300,184,37,79,12.3333,26.3333
3042,300,182,40,78,13.3333,26.0000
3043,299,182,41,76,13.7124,25.4181
3044,302,188,42,72,13.9073,23.8411
3045,301,186,45,70,14.9502,23.2558
3046,300,184,45,71,15.0000,23.6667
3047,299,185,42,72,14.0468,24.0803
3048,302,187,45,70,14.9007,23.1788
3049,300,184,45,71,15.0000,23.6667
3050,300,183,47,70,15.6667,23.3333
3051,298,184,45,69,15.1007,23.1544
3052,300,184,47,69,15.6667,23.0000
3053,300,186,48,66,16.0000,22.0000
3054,300,184,51,65,17.0000,21.6667
3055,300,186,51,63,17.0000,21.0000
3056,299,184,51,64,17.0569,21.4047
3057,297,182,51,64,17.1717,21.5488
3058,300,180,56,64,18.6667,21.3333
3059,300,178,58,64,19.3333,21.3333
3060,300,177,59,64,19.6667,21.3333
3061,299,181,55,63,18.3946,21.0702
3062,298,179,55,64,18.4564,21.4765
3063,299,183,53,63,17.7258,21.0702
3064,300,186,54,60,18.0000,20.0000
3065,300,183,53,64,17.6667,21.3333
3066,300,180,58,62,19.3333,20.6667
3067,300,176,60,64,20.0000,21.3333
3068,300,170,65,65,21.6667,21.6667
3069,300,170,64,66,21.3333,22.0000
3070,299,167,66,66,22.0736,22.0736
3071,300,167,68,65,22.6667,21.6667
3072,300,167,67,66,22.3333,22.0000
3073,299,164,68,67,22.7425,22.4080
3074,301,164,68,69,22.5914,22.9236
3075,301,158,74,69,24.5847,22.9236
3076,300,154,77,69,25.6667,23.0000
3077,299,152,78,69,26.0870,23.0769
3078,302,152,76,74,25.1656,24.5033
3079,301,149,78,74,25.9136,24.5847
3080,300,146,77,77,25.6667,25.6667
3081,299,145,76,78,25.4181,26.0870
3082,300,144,79,77,26.3333,25.6667
3083,300,137,84,79,28.0000,26.3333
3084,300,136,84,80,28.0000,26.6667
3085,298,132,85,81,28.5235,27.1812
3086,298,129,85,84,28.5235,28.1879
3087,299,127,87,85,29.0970,28.4281
3088,300,125,83,92,27.6667,30.6667
3089,300,124,83,93,27.6667,31.0000
3090,299,120,86,93,28.7625,31.1037
3091,301,121,86,94,28.5714,31.2292
3092,299,114,89,96,29.7659,32.1070
3093,302,118,88,96,29.1391,31.7881
3094,300,114,90,96,30.0000,32.0000
3095,299,107,92,100,30.7692,33.4448
3096,299,105,88,106,29.4314,35.4515
3097,300,101,90,109,30.0000,36.3333
3098,299,101,87,111,29.0970,37.1237
3099,299,100,84,115,28.0936,38.4615
3100,301,97,88,116,29.2359,38.5382
3101,301,97,86,118,28.5714,39.2027
3102,300,93,88,119,29.3333,39.6667
3103,298,92,83,123,27.8523,41.2752
3104,297,94,79,124,26.5993,41.7508
3105,299,97,76,126,25.4181,42.1405
3106,298,97,73,128,24.4966,42.9530
3107,298,96,72,130,24.1611,43.6242
3108,299,98,71,130,23.7458,43.4783
3109,305,100,73,132,23.9344,43.2787
3110,304,99,72,133,23.6842,43.7500
3111,303,95,72,136,23.7624,44.8845
3112,301,94,70,137,23.2558,45.5150
3113,300,95,69,136,23.0000,45.3333
3114,298,94,67,137,22.4832,45.9732
3115,299,97,64,138,21.4047,46.1538
3116,300,97,63,140,21.0000,46.6667
3117,300,98,61,141,20.3333,47.0000
3118,299,94,61,144,20.4013,48.1605
3119,300,93,63,144,21.0000,48.0000
3120,300,90,63,147,21.0000,49.0000
3121,299,91,62,146,20.7358,48.8294
3122,302,93,63,146,20.8609,48.3444
3123,298,93,58,147,19.4631,49.3289
3124,300,97,59,144,19.6667,48.0000
3125,300,96,62,142,20.6667,47.3333
3126,300,96,62,142,20.6667,47.3333
3127,300,97,62,141,20.6667,47.0000
3128,299,94,62,143,20.7358,47.8261
3129,298,97,59,142,19.7987,47.6510
3130,300,105,56,139,18.6667,46.3333
3131,299,103,55,141,18.3946,47.1572
3132,303,109,53,141,17.4917,46.5347
3133,300,109,51,140,17.0000,46.6667
3134,299,106,51,142,17.0569,47.4916
3135,301,108,51,142,16.9435,47.1761
3136,300,108,51,141,17.0000,47.0000
3137,299,108,48,143,16.0535,47.8261
3138,300,111,46,143,15.3333,47.6667
3139,300,112,43,145,14.3333,48.3333
3140,300,117,42,141,14.0000,47.0000
3141,300,117,41,142,13.6667,47.3333
3142,300,115,42,143,14.0000,47.6667
3143,299,118,40,141,13.3779,47.1572
3144,302,120,41,141,13.5762,46.6887
3145,301,122,41,138,13.6213,45.8472
3146,300,119,41,140,13.6667,46.6667
3147,300,122,41,137,13.6667,45.6667
3148,299,127,39,133,13.0435,44.4816
3149,300,129,39,132,13.0000,44.0000
3150,300,130,40,130,13.3333,43.3333
3151,300,135,40,125,13.3333,41.6667
3152,299,136,37,126,12.3746,42.1405
3153,302,140,38,124,12.5828,41.0596
3154,302,138,38,126,12.5828,41.7219
3155,301,142,37,122,12.2924,40.5316
3156,300,142,38,120,12.6667,40.0000
3157,299,145,37,117,12.3746,39.1304
3158,298,146,37,115,12.4161,38.5906
3159,303,154,36,113,11.8812,37.2937
3160,302,155,35,112,11.5894,37.0861
3161,301,158,32,111,10.6312,36.8771
3162,301,156,33,112,10.9635,37.2093
3163,300,159,33,108,11.0000,36.0000
3164,300,157,38,105,12.6667,35.0000
3165,299,159,36,104,12.0401,34.7826
3166,300,157,40,103,13.3333,34.3333
3167,300,157,41,102,13.6667,34.0000
3168,300,158,41,101,13.6667,33.6667
3169,298,158,44,96,14.7651,32.2148
3170,302,163,44,95,14.5695,31.4570
3171,302,164,45,93,14.9007,30.7947
3172,301,167,45,89,14.9502,29.5681
3173,301,167,46,88,15.2824,29.2359
3174,300,164,48,88,16.0000,29.3333
3175,300,161,51,88,17.0000,29.3333
3176,300,160,49,91,16.3333,30.3333
3177,299,159,49,91,16.3880,30.4348
3178,303,161,53,89,17.4917,29.3729
3179,303,161,53,89,17.4917,29.3729
3180,303,160,56,87,18.4818,28.7129
3181,303,160,57,86,18.8119,28.3828
3182,302,159,58,85,19.2053,28.1457
3183,301,157,61,83,20.2658,27.5748
3184,300,155,64,81,21.3333,27.0000
3185,300,153,63,84,21.0000,28.0000
3186,299,150,65,84,21.7391,28.0936
3187,300,151,61,88,20.3333,29.3333
3188,300,150,62,88,20.6667,29.3333
3189,299,151,61,87,20.4013,29.0970
3190,300,148,65,87,21.6667,29.0000
3191,300,150,66,84,22.0000,28.0000
3192,300,148,71,81,23.6667,27.0000
3193,300,148,74,78,24.6667,26.0000
3194,298,147,72,79,24.1611,26.5101
3195,298,143,73,82,24.4966,27.5168
3196,299,143,73,83,24.4147,27.7592
3197,302,145,73,84,24.1722,27.8146
3198,302,142,77,83,25.4967,27.4834
3199,301,140,77,84,25.5814,27.9070
3200,301,139,79,83,26.2458,27.5748
3201,299,138,78,83,26.0870,27.7592
3202,302,143,75,84,24.8344,27.8146
3203,300,140,76,84,25.3333,28.0000
3204,298,138,74,86,24.8322,28.8591
3205,300,136,75,89,25.0000,29.6667
3206,298,138,72,88,24.1611,29.5302
3207,297,135,74,88,24.9158,29.6296
3208,298,135,75,88,25.1678,29.5302
3209,305,140,76,89,24.9180,29.1803
3210,302,137,70,95,23.1788,31.4570
3211,301,136,67,98,22.2591,32.5581
3212,300,133,68,99,22.6667,33.0000
3213,299,135,64,100,21.4047,33.4448
3214,298,138,60,100,20.1342,33.5570
3215,300,139,58,103,19.3333,34.3333
3216,300,138,55,107,18.3333,35.6667
3217,299,137,56,106,18.7291,35.4515
3218,303,142,55,106,18.1518,34.9835
3219,301,140,52,109,17.2757,36.2126
3220,301,140,52,109,17.2757,36.2126
3221,300,135,54,111,18.0000,37.0000
3222,299,134,56,109,18.7291,36.4548
3223,302,132,60,110,19.8675,36.4238
3224,300,124,62,114,20.6667,38.0000
3225,298,125,58,115,19.4631,38.5906
3226,298,127,55,116,18.4564,38.9262
3227,300,128,56,116,18.6667,38.6667
3228,300,127,58,115,19.3333,38.3333
3229,300,125,57,118,19.0000,39.3333
3230,298,122,57,119,19.1275,39.9329
3231,298,123,55,120,18.4564,40.2685
3232,302,126,56,120,18.5430,39.7351
3233,302,126,53,123,17.5497,40.7285
3234,302,125,56,121,18.5430,40.0662
3235,302,124,56,122,18.5430,40.3974
3236,302,124,55,123,18.2119,40.7285
3237,301,125,56,120,18.6047,39.8671
3238,300,122,59,119,19.6667,39.6667
3239,300,125,59,116,19.6667,38.6667
3240,300,123,59,118,19.6667,39.3333
3241,298,121,59,118,19.7987,39.5973
3242,301,126,57,118,18.9369,39.2027
3243,299,126,56,117,18.7291,39.1304
3244,297,123,53,121,17.8451,40.7407
3245,298,122,52,124,17.4497,41.6107
3246,302,124,57,121,18.8742,40.0662
3247,302,123,61,118,20.1987,39.0728
3248,302,125,58,119,19.2053,39.4040
3249,301,123,57,121,18.9369,40.1993
3250,299,124,54,121,18.0602,40.4682
3251,301,126,54,121,17.9402,40.1993
3252,300,127,53,120,17.6667,40.0000
3253,300,127,54,119,18.0000,39.6667
3254,300,123,60,117,20.0000,39.0000
3255,300,124,56,120,18.6667,40.0000
3256,299,124,58,117,19.3980,39.1304
3257,301,128,60,113,19.9336,37.5415
3258,299,128,58,113,19.3980,37.7926
3259,300,131,56,113,18.6667,37.6667
3260,299,129,57,113,19.0635,37.7926
3261,302,133,52,117,17.2185,38.7417
3262,302,135,53,114,17.5497,37.7483
3263,301,135,56,110,18.6047,36.5449
3264,301,136,55,110,18.2724,36.5449
3265,301,138,52,111,17.2757,36.8771
3266,299,134,54,111,18.0602,37.1237
3267,298,138,49,111,16.4430,37.2483
3268,300,143,49,108,16.3333,36.0000
3269,300,143,47,110,15.6667,36.6667
3270,300,144,47,109,15.6667,36.3333
3271,300,145,51,104,17.0000,34.6667
3272,299,147,48,104,16.0535,34.7826
3273,303,153,49,101,16.1716,33.3333
3274,302,152,45,105,14.9007,34.7682
3275,299,150,45,104,15.0502,34.7826
3276,300,152,47,101,15.6667,33.6667
3277,300,152,47,101,15.6667,33.6667
3278,300,149,49,102,16.3333,34.0000
3279,300,149,50,101,16.6667,33.6667
3280,300,148,49,103,16.3333,34.3333
3281,300,149,50,101,16.6667,33.6667
3282,300,145,54,101,18.0000,33.6667
3283,298,147,48,103,16.1074,34.5638
3284,300,147,49,104,16.3333,34.6667
3285,300,148,50,102,16.6667,34.0000
3286,299,148,46,105,15.3846,35.1171
3287,300,151,45,104,15.0000,34.6667
3288,300,151,46,103,15.3333,34.3333
3289,300,147,50,103,16.6667,34.3333
3290,300,147,50,103,16.6667,34.3333
3291,298,148,48,102,16.1074,34.2282
3292,300,147,52,101,17.3333,33.6667
3293,300,148,54,98,18.0000,32.6667
3294,300,149,54,97,18.0000,32.3333
3295,300,145,58,97,19.3333,32.3333
3296,300,145,57,98,19.0000,32.6667
3297,300,146,59,95,19.6667,31.6667
3298,299,144,56,99,18.7291,33.1104
3299,299,145,53,101,17.7258,33.7793
3300,305,150,57,98,18.6885,32.1311
3301,304,151,55,98,18.0921,32.2368
3302,303,151,52,100,17.1617,33.0033
3303,302,149,54,99,17.8808,32.7815
3304,302,149,54,99,17.8808,32.7815
3305,301,149,52,100,17.2757,33.2226
3306,301,146,54,101,17.9402,33.5548
3307,301,147,57,97,18.9369,32.2259
3308,299,141,59,99,19.7324,33.1104
3309,303,144,60,99,19.8020,32.6733
3310,300,141,61,98,20.3333,32.6667
3311,300,139,63,98,21.0000,32.6667
3312,297,138,60,99,20.2020,33.3333
3313,296,136,65,95,21.9595,32.0946
3314,296,139,65,92,21.9595,31.0811
3315,299,136,69,94,23.0769,31.4381
3316,298,136,65,97,21.8121,32.5503
3317,301,139,66,96,21.9269,31.8937
3318,301,136,71,94,23.5880,31.2292
3319,300,136,73,91,24.3333,30.3333
3320,299,130,77,92,25.7525,30.7692
3321,301,131,77,93,25.5814,30.8970
3322,301,132,76,93,25.2492,30.8970
3323,301,126,81,94,26.9103,31.2292
3324,301,124,81,96,26.9103,31.8937
3325,301,123,82,96,27.2425,31.8937
3326,301,124,82,95,27.2425,31.5615
3327,301,119,85,97,28.2392,32.2259
3328,299,116,84,99,28.0936,33.1104
3329,301,118,81,102,26.9103,33.8870
3330,301,118,82,101,27.2425,33.5548
3331,300,115,81,104,27.0000,34.6667
3332,299,115,82,102,27.4247,34.1137
3333,299,114,80,105,26.7559,35.1171
3334,298,115,77,106,25.8389,35.5705
3335,296,118,72,106,24.3243,35.8108
3336,298,119,71,108,23.8255,36.2416
3337,296,116,72,108,24.3243,36.4865
3338,300,123,68,109,22.6667,36.3333
3339,298,122,63,113,21.1409,37.9195
3340,299,122,63,114,21.0702,38.1271
3341,298,125,57,116,19.1275,38.9262
3342,300,124,59,117,19.6667,39.0000
3343,299,123,58,118,19.3980,39.4649
3344,302,123,59,120,19.5364,39.7351
3345,302,122,56,124,18.5430,41.0596
3346,301,120,59,122,19.6013,40.5316
3347,300,116,60,124,20.0000,41.3333
3348,299,121,54,124,18.0602,41.4716
3349,303,125,54,124,17.8218,40.9241
3350,301,125,54,122,17.9402,40.5316
3351,300,125,54,121,18.0000,40.3333
3352,299,125,50,124,16.7224,41.4716
3353,299,124,53,122,17.7258,40.8027
3354,300,126,53,121,17.6667,40.3333
3355,300,125,55,120,18.3333,40.0000
3356,300,126,53,121,17.6667,40.3333
3357,297,126,51,120,17.1717,40.4040
3358,297,126,49,122,16.4983,41.0774
3359,300,129,47,124,15.6667,41.3333
3360,299,129,47,123,15.7191,41.1371
3361,302,130,49,123,16.2252,40.7285
3362,301,130,48,123,15.9468,40.8638
3363,301,128,48,125,15.9468,41.5282
3364,298,127,45,126,15.1007,42.2819
3365,300,128,47,125,15.6667,41.6667
3366,299,128,43,128,14.3813,42.8094
3367,298,131,38,129,12.7517,43.2886
3368,303,138,40,125,13.2013,41.2541
3369,302,141,39,122,12.9139,40.3974
3370,302,141,38,123,12.5828,40.7285
3371,302,137,39,126,12.9139,41.7219
3372,302,138,39,125,12.9139,41.3907
3373,300,139,36,125,12.0000,41.6667
3374,300,139,36,125,12.0000,41.6667
3375,300,139,33,128,11.0000,42.6667
3376,300,141,35,124,11.6667,41.3333
3377,300,138,38,124,12.6667,41.3333
3378,300,137,40,123,13.3333,41.0000
3379,300,139,39,122,13.0000,40.6667
3380,299,141,39,119,13.0435,39.7993
3381,304,152,36,116,11.8421,38.1579
3382,304,153,36,115,11.8421,37.8289
3383,302,156,35,111,11.5894,36.7550
3384,302,156,33,113,10.9272,37.4172
3385,302,159,32,111,10.5960,36.7550
3386,302,161,31,110,10.2649,36.4238
3387,302,165,31,106,10.2649,35.0993
3388,301,169,30,102,9.9668,33.8870
3389,301,169,29,103,9.6346,34.2193
3390,301,170,31,100,10.2990,33.2226
3391,299,173,30,96,10.0334,32.1070
3392,303,179,27,97,8.9109,32.0132
3393,302,180,27,95,8.9404,31.4570
3394,302,182,25,95,8.2781,31.4570
3395,302,182,28,92,9.2715,30.4636
3396,302,183,29,90,9.6026,29.8013
3397,301,185,28,88,9.3023,29.2359
3398,300,183,26,91,8.6667,30.3333
3399,300,184,26,90,8.6667,30.0000
3400,300,189,25,86,8.3333,28.6667
3401,300,188,27,85,9.0000,28.3333
3402,299,188,28,83,9.3645,27.7592
3403,300,190,29,81,9.6667,27.0000
3404,300,192,31,77,10.3333,25.6667
3405,299,190,32,77,10.7023,25.7525
3406,307,198,33,76,10.7492,24.7557
3407,307,195,36,76,11.7264,24.7557
3408,307,196,37,74,12.0521,24.1042
3409,306,194,39,73,12.7451,23.8562
3410,306,193,42,71,13.7255,23.2026
3411,306,191,43,72,14.0523,23.5294
3412,306,186,49,71,16.0131,23.2026
3413,306,185,49,72,16.0131,23.5294
3414,306,182,53,71,17.3203,23.2026
3415,305,181,54,70,17.7049,22.9508
3416,304,178,59,67,19.4079,22.0395
3417,304,173,63,68,20.7237,22.3684
3418,304,173,64,67,21.0526,22.0395
3419,304,172,66,66,21.7105,21.7105
3420,304,169,68,67,22.3684,22.0395
3421,304,165,70,69,23.0263,22.6974
3422,304,164,73,67,24.0132,22.0395
3423,301,159,78,64,25.9136,21.2625
3424,301,156,80,65,26.5781,21.5947
3425,301,153,84,64,27.9070,21.2625
3426,301,153,84,64,27.9070,21.2625
3427,300,154,84,62,28.0000,20.6667
3428,300,150,86,64,28.6667,21.3333
3429,299,149,85,65,28.4281,21.7391
3430,298,145,89,64,29.8658,21.4765
3431,300,145,89,66,29.6667,22.0000
3432,298,141,89,68,29.8658,22.8188
3433,296,142,83,71,28.0405,23.9865
3434,299,145,81,73,27.0903,24.4147
3435,303,148,78,77,25.7426,25.4125
3436,301,149,77,75,25.5814,24.9169
3437,300,147,78,75,26.0000,25.0000
3438,297,142,77,78,25.9259,26.2626
3439,297,140,78,79,26.2626,26.5993
3440,297,137,78,82,26.2626,27.6094
3441,298,137,79,82,26.5101,27.5168
3442,299,139,76,84,25.4181,28.0936
3443,302,142,77,83,25.4967,27.4834
3444,301,143,70,88,23.2558,29.2359
3445,298,140,66,92,22.1477,30.8725
3446,301,144,64,93,21.2625,30.8970
3447,301,144,62,95,20.5980,31.5615
3448,299,141,61,97,20.4013,32.4415
3449,302,142,64,96,21.1921,31.7881
3450,300,142,64,94,21.3333,31.3333
3451,297,142,61,94,20.5387,31.6498
3452,298,144,57,97,19.1275,32.5503
3453,300,143,59,98,19.6667,32.6667
3454,300,138,62,100,20.6667,33.3333
3455,300,134,65,101,21.6667,33.6667
3456,297,129,65,103,21.8855,34.6801
3457,301,134,64,103,21.2625,34.2193
3458,298,132,61,105,20.4698,35.2349
3459,298,128,61,109,20.4698,36.5772
3460,302,132,60,110,19.8675,36.4238
3461,301,131,56,114,18.6047,37.8738
3462,299,130,55,114,18.3946,38.1271
3463,302,134,55,113,18.2119,37.4172
3464,302,132,56,114,18.5430,37.7483
3465,301,132,53,116,17.6080,38.5382
3466,301,131,54,116,17.9402,38.5382
3467,301,131,55,115,18.2724,38.2060
3468,301,129,55,117,18.2724,38.8704
3469,300,129,51,120,17.0000,40.0000
3470,300,131,49,120,16.3333,40.0000
3471,298,131,47,120,15.7718,40.2685
3472,301,134,49,118,16.2791,39.2027
3473,301,133,49,119,16.2791,39.5349
3474,300,129,49,122,16.3333,40.6667
3475,297,125,50,122,16.8350,41.0774
3476,299,130,45,124,15.0502,41.4716
3477,299,129,47,123,15.7191,41.1371
3478,302,132,46,124,15.2318,41.0596
3479,300,129,46,125,15.3333,41.6667
3480,299,129,46,124,15.3846,41.4716
3481,299,131,45,123,15.0502,41.1371
3482,299,130,46,123,15.3846,41.1371
3483,304,136,46,122,15.1316,40.1316
3484,304,135,45,124,14.8026,40.7895
3485,304,139,44,121,14.4737,39.8026
3486,304,141,45,118,14.8026,38.8158
3487,303,143,45,115,14.8515,37.9538
3488,303,144,44,115,14.5215,37.9538
3489,303,143,45,115,14.8515,37.9538
3490,303,147,45,111,14.8515,36.6337
3491,303,147,46,110,15.1815,36.3036
3492,302,149,45,108,14.9007,35.7616
3493,299,149,44,106,14.7157,35.4515
3494,300,154,41,105,13.6667,35.0000
3495,298,153,36,109,12.0805,36.5772
3496,302,164,37,101,12.2517,33.4437
3497,301,169,35,97,11.6279,32.2259
3498,301,170,35,96,11.6279,31.8937
3499,300,170,33,97,11.0000,32.3333
3500,299,172,30,97,10.0334,32.4415
3501,302,174,32,96,10.5960,31.7881
3502,301,170,35,96,11.6279,31.8937
3503,301,171,34,96,11.2957,31.8937
3504,301,173,34,94,11.2957,31.2292
3505,300,173,33,94,11.0000,31.3333
3506,299,174,32,93,10.7023,31.1037
3507,300,175,32,93,10.6667,31.0000
3508,300,175,31,94,10.3333,31.3333
3509,299,175,31,93,10.3679,31.1037
3510,302,180,30,92,9.9338,30.4636
3511,302,178,35,89,11.5894,29.4702
3512,301,177,36,88,11.9601,29.2359
3513,301,181,36,84,11.9601,27.9070
3514,301,179,37,85,12.2924,28.2392
3515,301,181,35,85,11.6279,28.2392
3516,301,179,38,84,12.6246,27.9070
3517,301,178,41,82,13.6213,27.2425
3518,301,175,45,81,14.9502,26.9103
3519,300,173,45,82,15.0000,27.3333
3520,300,174,44,82,14.6667,27.3333
3521,300,175,46,79,15.3333,26.3333
3522,297,175,44,78,14.8148,26.2626
3523,302,181,42,79,13.9073,26.1589
3524,302,177,45,80,14.9007,26.4901
3525,301,177,46,78,15.2824,25.9136
3526,300,178,47,75,15.6667,25.0000
3527,300,176,49,75,16.3333,25.0000
3528,300,178,50,72,16.6667,24.0000
3529,300,177,52,71,17.3333,23.6667
3530,300,175,54,71,18.0000,23.6667
3531,300,174,53,73,17.6667,24.3333
3532,300,170,56,74,18.6667,24.6667
3533,300,164,61,75,20.3333,25.0000
3534,299,161,63,75,21.0702,25.0836
3535,300,159,67,74,22.3333,24.6667
3536,300,159,69,72,23.0000,24.0000
3537,299,156,70,73,23.4114,24.4147
3538,301,151,74,76,24.5847,25.2492
3539,301,146,78,77,25.9136,25.5814
3540,300,145,78,77,26.0000,25.6667
3541,299,140,83,76,27.7592,25.4181
3542,303,142,84,77,27.7228,25.4125
3543,301,139,84,78,27.9070,25.9136
3544,301,136,87,78,28.9037,25.9136
3545,301,133,85,83,28.2392,27.5748
3546,301,133,86,82,28.5714,27.2425
3547,301,132,87,82,28.9037,27.2425
3548,301,126,90,85,29.9003,28.2392
3549,301,126,89,86,29.5681,28.5714
3550,301,125,88,88,29.2359,29.2359
3551,301,122,91,88,30.2326,29.2359
3552,301,122,91,88,30.2326,29.2359
3553,297,120,85,92,28.6195,30.9764
3554,299,116,90,93,30.1003,31.1037
3555,299,117,86,96,28.7625,32.1070
3556,300,120,82,98,27.3333,32.6667
3557,299,115,87,97,29.0970,32.4415
3558,300,115,84,101,28.0000,33.6667
3559,297,115,76,106,25.5892,35.6902
3560,295,116,74,105,25.0847,35.5932
3561,294,118,68,108,23.1293,36.7347
3562,296,118,69,109,23.3108,36.8243
3563,298,118,70,110,23.4899,36.9128
3564,301,120,69,112,22.9236,37.2093
3565,300,117,67,116,22.3333,38.6667
3566,298,118,65,115,21.8121,38.5906
3567,301,121,66,114,21.9269,37.8738
3568,300,119,63,118,21.0000,39.3333
3569,299,119,59,121,19.7324,40.4682
3570,300,119,60,121,20.0000,40.3333
3571,300,121,54,125,18.0000,41.6667
3572,299,121,52,126,17.3913,42.1405
3573,300,122,52,126,17.3333,42.0000
3574,300,123,48,129,16.0000,43.0000
3575,299,125,44,130,14.7157,43.4783
3576,302,126,46,130,15.2318,43.0464
3577,301,125,42,134,13.9535,44.5183
3578,301,125,40,136,13.2890,45.1827
3579,301,125,36,140,11.9601,46.5116
3580,301,124,38,139,12.6246,46.1794
3581,300,124,35,141,11.6667,47.0000
3582,300,123,37,140,12.3333,46.6667
3583,298,128,32,138,10.7383,46.3087
3584,299,130,31,138,10.3679,46.1538
3585,302,132,30,140,9.9338,46.3576
3586,301,133,29,139,9.6346,46.1794
3587,301,134,28,139,9.3023,46.1794
3588,300,134,27,139,9.0000,46.3333
3589,299,135,27,137,9.0301,45.8194
3590,300,137,28,135,9.3333,45.0000
3591,300,139,29,132,9.6667,44.0000
3592,300,141,29,130,9.6667,43.3333
3593,300,139,28,133,9.3333,44.3333
3594,300,139,28,133,9.3333,44.3333
3595,300,136,32,132,10.6667,44.0000
3596,298,136,29,133,9.7315,44.6309
3597,301,143,30,128,9.9668,42.5249
3598,301,143,29,129,9.6346,42.8571
3599,301,147,29,125,9.6346,41.5282
3600,300,149,28,123,9.3333,41.0000
3601,300,148,30,122,10.0000,40.6667
3602,299,150,29,120,9.6990,40.1338
3603,301,156,28,117,9.3023,38.8704
3604,301,159,27,115,8.9701,38.2060
3605,300,158,29,113,9.6667,37.6667
3606,300,160,29,111,9.6667,37.0000
3607,300,163,31,106,10.3333,35.3333
3608,300,163,35,102,11.6667,34.0000
3609,299,163,32,104,10.7023,34.7826
3610,300,168,31,101,10.3333,33.6667
3611,299,172,31,96,10.3679,32.1070
3612,303,178,31,94,10.2310,31.0231
3613,303,178,33,92,10.8911,30.3630
3614,303,181,30,92,9.9010,30.3630
3615,303,181,30,92,9.9010,30.3630
3616,302,179,32,91,10.5960,30.1325
3617,301,182,31,88,10.2990,29.2359
3618,301,182,32,87,10.6312,28.9037
3619,301,180,34,87,11.2957,28.9037
3620,301,183,36,82,11.9601,27.2425
3621,300,185,35,80,11.6667,26.6667
3622,299,183,34,82,11.3712,27.4247
3623,301,188,37,76,12.2924,25.2492
3624,301,191,37,73,12.2924,24.2525
3625,300,188,39,73,13.0000,24.3333
3626,300,190,38,72,12.6667,24.0000
3627,300,188,43,69,14.3333,23.0000
3628,300,182,49,69,16.3333,23.0000
3629,300,182,50,68,16.6667,22.6667
3630,300,179,54,67,18.0000,22.3333
3631,300,183,54,63,18.0000,21.0000
3632,300,180,56,64,18.6667,21.3333
3633,300,182,54,64,18.0000,21.3333
3634,300,181,56,63,18.6667,21.0000
3635,300,181,59,60,19.6667,20.0000
3636,298,175,64,59,21.4765,19.7987
3637,300,177,65,58,21.6667,19.3333
3638,300,171,70,59,23.3333,19.6667
3639,299,172,69,58,23.0769,19.3980
3640,300,169,72,59,24.0000,19.6667
3641,300,167,73,60,24.3333,20.0000
3642,299,165,75,59,25.0836,19.7324
3643,300,159,79,62,26.3333,20.6667
3644,299,151,86,62,28.7625,20.7358
3645,302,152,89,61,29.4702,20.1987
3646,301,148,92,61,30.5648,20.2658
3647,301,140,97,64,32.2259,21.2625
3648,301,136,98,67,32.5581,22.2591
3649,298,129,95,74,31.8792,24.8322
3650,300,129,95,76,31.6667,25.3333
3651,299,123,99,77,33.1104,25.7525
3652,301,121,102,78,33.8870,25.9136
3653,301,112,110,79,36.5449,26.2458
3654,299,111,111,77,37.1237,25.7525
3655,300,104,118,78,39.3333,26.0000
3656,298,103,116,79,38.9262,26.5101
3657,297,101,111,85,37.3737,28.6195
3658,294,96,110,88,37.4150,29.9320
3659,295,96,109,90,36.9492,30.5085
3660,297,93,112,92,37.7104,30.9764
3661,297,93,109,95,36.7003,31.9865
3662,298,89,115,94,38.5906,31.5436
3663,297,85,116,96,39.0572,32.3232
3664,296,86,106,104,35.8108,35.1351
3665,298,87,105,106,35.2349,35.5705
3666,299,93,96,110,32.1070,36.7893
3667,301,92,97,112,32.2259,37.2093
3668,299,92,91,116,30.4348,38.7960
3669,305,96,89,120,29.1803,39.3443
3670,301,95,84,122,27.9070,40.5316
3671,299,94,82,123,27.4247,41.1371
3672,298,90,80,128,26.8456,42.9530
3673,299,91,76,132,25.4181,44.1472
3674,296,91,71,134,23.9865,45.2703
3675,299,93,67,139,22.4080,46.4883
3676,299,93,65,141,21.7391,47.1572
3677,299,95,61,143,20.4013,47.8261
3678,299,97,61,141,20.4013,47.1572
3679,301,100,59,142,19.6013,47.1761
3680,301,97,61,143,20.2658,47.5083
3681,298,101,55,142,18.4564,47.6510
3682,302,105,52,145,17.2185,48.0132
3683,299,99,53,147,17.7258,49.1639
3684,299,102,48,149,16.0535,49.8328
3685,302,107,48,147,15.8940,48.6755
3686,302,106,48,148,15.8940,49.0066
3687,302,101,51,150,16.8874,49.6689
3688,302,101,48,153,15.8940,50.6623
3689,301,103,47,151,15.6146,50.1661
3690,300,102,46,152,15.3333,50.6667
3691,300,101,47,152,15.6667,50.6667
3692,300,102,46,152,15.3333,50.6667
3693,299,104,40,155,13.3779,51.8395
3694,301,105,38,158,12.6246,52.4917
3695,301,108,37,156,12.2924,51.8272
3696,300,107,34,159,11.3333,53.0000
3697,300,110,33,157,11.0000,52.3333
3698,299,108,34,157,11.3712,52.5084
3699,299,110,34,155,11.3712,51.8395
3700,301,116,34,151,11.2957,50.1661
3701,301,123,30,148,9.9668,49.1694
3702,301,127,30,144,9.9668,47.8405
3703,300,128,26,146,8.6667,48.6667
3704,300,129,23,148,7.6667,49.3333
3705,300,129,25,146,8.3333,48.6667
3706,298,127,24,147,8.0537,49.3289
3707,303,132,22,149,7.2607,49.1749
3708,303,134,19,150,6.2706,49.5050
3709,303,139,22,142,7.2607,46.8647
3710,302,142,21,139,6.9536,46.0265
3711,302,143,20,139,6.6225,46.0265
3712,301,145,18,138,5.9801,45.8472
3713,301,150,18,133,5.9801,44.1860
3714,301,151,17,133,5.6478,44.1860
3715,301,153,18,130,5.9801,43.1894
3716,301,161,17,123,5.6478,40.8638
3717,301,164,17,120,5.6478,39.8671
3718,299,170,15,114,5.0167,38.1271
3719,299,175,14,110,4.6823,36.7893
3720,300,182,12,106,4.0000,35.3333
3721,300,184,15,101,5.0000,33.6667
3722,300,185,16,99,5.3333,33.0000
3723,300,184,19,97,6.3333,32.3333
3724,300,187,21,92,7.0000,30.6667
3725,299,192,19,88,6.3545,29.4314
3726,298,195,18,85,6.0403,28.5235
3727,301,201,19,81,6.3123,26.9103
3728,301,199,23,79,7.6412,26.2458
3729,301,202,22,77,7.3090,25.5814
3730,301,201,22,78,7.3090,25.9136
3731,301,200,24,77,7.9734,25.5814
3732,301,200,26,75,8.6379,24.9169
3733,301,201,28,72,9.3023,23.9203
3734,301,203,30,68,9.9668,22.5914
3735,301,204,31,66,10.2990,21.9269
3736,301,204,34,63,11.2957,20.9302
3737,301,205,34,62,11.2957,20.5980
3738,301,201,38,62,12.6246,20.5980
3739,301,202,39,60,12.9568,19.9336
3740,301,205,40,56,13.2890,18.6047
3741,301,198,47,56,15.6146,18.6047
3742,301,195,49,57,16.2791,18.9369
3743,301,191,51,59,16.9435,19.6013
3744,301,191,52,58,17.2757,19.2691
3745,301,194,52,55,17.2757,18.2724
3746,300,193,54,53,18.0000,17.6667
3747,300,189,58,53,19.3333,17.6667
3748,298,185,60,53,20.1342,17.7852
3749,300,183,65,52,21.6667,17.3333
3750,300,181,67,52,22.3333,17.3333
3751,299,180,67,52,22.4080,17.3913
3752,301,177,71,53,23.5880,17.6080
3753,301,179,70,52,23.2558,17.2757
3754,301,174,74,53,24.5847,17.6080
3755,300,173,75,52,25.0000,17.3333
3756,299,168,82,49,27.4247,16.3880
3757,299,164,85,50,28.4281,16.7224
3758,302,163,89,50,29.4702,16.5563
3759,300,162,89,49,29.6667,16.3333
3760,300,159,94,47,31.3333,15.6667
3761,299,155,90,54,30.1003,18.0602
3762,299,154,90,55,30.1003,18.3946
3763,300,155,88,57,29.3333,19.0000
3764,299,150,91,58,30.4348,19.3980
3765,298,151,88,59,29.5302,19.7987
3766,301,149,91,61,30.2326,20.2658
3767,300,145,91,64,30.3333,21.3333
3768,299,139,93,67,31.1037,22.4080
3769,300,136,89,75,29.6667,25.0000
3770,300,131,92,77,30.6667,25.6667
3771,300,127,93,80,31.0000,26.6667
3772,299,126,91,82,30.4348,27.4247
3773,307,130,91,86,29.6417,28.0130
3774,307,128,90,89,29.3160,28.9902
3775,305,123,88,94,28.8525,30.8197
3776,304,120,87,97,28.6184,31.9079
3777,301,119,80,102,26.5781,33.8870
3778,300,119,77,104,25.6667,34.6667
3779,298,115,79,104,26.5101,34.8993
3780,297,114,75,108,25.2525,36.3636
3781,298,110,78,110,26.1745,36.9128
3782,298,111,76,111,25.5034,37.2483
3783,301,110,79,112,26.2458,37.2093
3784,301,108,76,117,25.2492,38.8704
3785,299,104,77,118,25.7525,39.4649
3786,302,104,78,120,25.8278,39.7351
3787,301,103,74,124,24.5847,41.1960
3788,301,101,72,128,23.9203,42.5249
3789,300,97,69,134,23.0000,44.6667
3790,298,95,68,135,22.8188,45.3020
3791,299,97,64,138,21.4047,46.1538
3792,300,96,64,140,21.3333,46.6667
3793,300,94,63,143,21.0000,47.6667
3794,298,96,59,143,19.7987,47.9866
3795,305,104,57,144,18.6885,47.2131
3796,304,102,58,144,19.0789,47.3684
3797,302,103,56,143,18.5430,47.3510
3798,301,99,59,143,19.6013,47.5083
3799,301,98,57,146,18.9369,48.5050
3800,301,99,57,145,18.9369,48.1728
3801,298,96,55,147,18.4564,49.3289
3802,300,98,54,148,18.0000,49.3333
3803,299,98,51,150,17.0569,50.1672
3804,300,101,47,152,15.6667,50.6667
3805,299,101,47,151,15.7191,50.5017
3806,299,102,46,151,15.3846,50.5017
3807,304,109,42,153,13.8158,50.3289
3808,303,110,40,153,13.2013,50.4950
3809,303,111,38,154,12.5413,50.8251
3810,302,110,36,156,11.9205,51.6556
3811,301,111,35,155,11.6279,51.4950
3812,301,112,32,157,10.6312,52.1595
3813,300,118,31,151,10.3333,50.3333
3814,300,118,30,152,10.0000,50.6667
3815,300,122,30,148,10.0000,49.3333
3816,299,123,29,147,9.6990,49.1639
3817,299,126,25,148,8.3612,49.4983
3818,302,129,25,148,8.2781,49.0066
3819,300,131,23,146,7.6667,48.6667
3820,299,135,20,144,6.6890,48.1605
3821,301,144,18,139,5.9801,46.1794
3822,301,146,18,137,5.9801,45.5150
3823,301,144,22,135,7.3090,44.8505
3824,301,145,23,133,7.6412,44.1860
3825,300,148,21,131,7.0000,43.6667
3826,300,149,22,129,7.3333,43.0000
3827,300,154,22,124,7.3333,41.3333
3828,300,154,25,121,8.3333,40.3333
3829,300,159,27,114,9.0000,38.0000
3830,300,162,26,112,8.6667,37.3333
3831,298,163,24,111,8.0537,37.2483
3832,299,167,25,107,8.3612,35.7860
3833,303,172,27,104,8.9109,34.3234
3834,301,175,25,101,8.3056,33.5548
3835,301,173,29,99,9.6346,32.8904
3836,301,177,30,94,9.9668,31.2292
3837,301,176,31,94,10.2990,31.2292
3838,300,177,30,93,10.0000,31.0000
3839,299,180,30,89,10.0334,29.7659
3840,304,188,31,85,10.1974,27.9605
3841,304,190,35,79,11.5132,25.9868
3842,304,190,36,78,11.8421,25.6579
3843,303,191,34,78,11.2211,25.7426
3844,303,192,31,80,10.2310,26.4026
3845,303,190,36,77,11.8812,25.4125
3846,303,192,36,75,11.8812,24.7525
3847,303,193,36,74,11.8812,24.4224
3848,303,194,36,73,11.8812,24.0924
3849,302,190,39,73,12.9139,24.1722
3850,301,190,38,73,12.6246,24.2525
3851,301,188,44,69,14.6179,22.9236
3852,301,188,45,68,14.9502,22.5914
3853,301,188,46,67,15.2824,22.2591
3854,301,189,46,66,15.2824,21.9269
3855,300,192,45,63,15.0000,21.0000
3856,298,194,44,60,14.7651,20.1342
3857,302,197,47,58,15.5629,19.2053
3858,301,197,46,58,15.2824,19.2691
3859,301,197,48,56,15.9468,18.6047
3860,301,197,47,57,15.6146,18.9369
3861,300,196,48,56,16.0000,18.6667
3862,299,196,48,55,16.0535,18.3946
3863,301,198,48,55,15.9468,18.2724
3864,301,199,47,55,15.6146,18.2724
3865,299,199,44,56,14.7157,18.7291
3866,301,198,47,56,15.6146,18.6047
3867,301,194,51,56,16.9435,18.6047
3868,301,192,51,58,16.9435,19.2691
3869,301,192,52,57,17.2757,18.9369
3870,299,191,52,56,17.3913,18.7291
3871,299,186,56,57,18.7291,19.0635
3872,300,190,52,58,17.3333,19.3333
3873,299,190,54,55,18.0602,18.3946
3874,300,185,59,56,19.6667,18.6667
3875,300,183,61,56,20.3333,18.6667
3876,300,180,65,55,21.6667,18.3333
3877,300,175,68,57,22.6667,19.0000
3878,300,172,69,59,23.0000,19.6667
3879,300,168,72,60,24.0000,20.0000
3880,300,162,74,64,24.6667,21.3333
3881,300,161,74,65,24.6667,21.6667
3882,300,157,77,66,25.6667,22.0000
3883,299,153,78,68,26.0870,22.7425
3884,302,151,81,70,26.8212,23.1788
3885,302,146,85,71,28.1457,23.5099
3886,302,140,86,76,28.4768,25.1656
3887,300,136,87,77,29.0000,25.6667
3888,300,132,88,80,29.3333,26.6667
3889,300,129,90,81,30.0000,27.0000
3890,300,126,91,83,30.3333,27.6667
3891,297,124,87,86,29.2929,28.9562
3892,299,124,85,90,28.4281,30.1003
3893,299,122,86,91,28.7625,30.4348
3894,300,121,85,94,28.3333,31.3333
3895,300,122,83,95,27.6667,31.6667
3896,300,123,85,92,28.3333,30.6667
3897,296,119,82,95,27.7027,32.0946
3898,299,119,80,100,26.7559,33.4448
3899,297,120,79,98,26.5993,32.9966
3900,301,125,74,102,24.5847,33.8870
3901,300,121,76,103,25.3333,34.3333
3902,299,120,74,105,24.7492,35.1171
3903,297,120,70,107,23.5690,36.0269
3904,298,121,69,108,23.1544,36.2416
3905,297,120,66,111,22.2222,37.3737
3906,297,120,62,115,20.8754,38.7205
3907,300,119,63,118,21.0000,39.3333
3908,300,120,59,121,19.6667,40.3333
3909,299,120,55,124,18.3946,41.4716
3910,299,120,52,127,17.3913,42.4749
3911,300,124,50,126,16.6667,42.0000
3912,299,125,48,126,16.0535,42.1405
3913,302,130,46,126,15.2318,41.7219
3914,301,130,47,124,15.6146,41.1960
3915,300,130,42,128,14.0000,42.6667
3916,299,131,41,127,13.7124,42.4749
3917,303,137,37,129,12.2112,42.5743
3918,302,138,34,130,11.2583,43.0464
3919,301,136,34,131,11.2957,43.5216
3920,301,138,34,129,11.2957,42.8571
3921,300,137,33,130,11.0000,43.3333
3922,298,135,33,130,11.0738,43.6242
3923,300,139,33,128,11.0000,42.6667
3924,300,142,32,126,10.6667,42.0000
3925,299,140,30,129,10.0334,43.1438
3926,300,141,32,127,10.6667,42.3333
3927,299,141,27,131,9.0301,43.8127
3928,299,140,27,132,9.0301,44.1472
3929,302,145,29,128,9.6026,42.3841
3930,302,146,30,126,9.9338,41.7219
3931,302,144,32,126,10.5960,41.7219
3932,302,148,31,123,10.2649,40.7285
3933,302,148,30,124,9.9338,41.0596
3934,302,149,29,124,9.6026,41.0596
3935,302,149,30,123,9.9338,40.7285
3936,301,149,30,122,9.9668,40.5316
3937,301,148,31,122,10.2990,40.5316
3938,301,152,32,117,10.6312,38.8704
3939,301,152,31,118,10.2990,39.2027
3940,301,151,33,117,10.9635,38.8704
3941,301,151,35,115,11.6279,38.2060
3942,301,151,36,114,11.9601,37.8738
3943,301,154,33,114,10.9635,37.8738
3944,301,155,36,110,11.9601,36.5449
3945,301,153,38,110,12.6246,36.5449
3946,300,156,36,108,12.0000,36.0000
3947,299,158,37,104,12.3746,34.7826
3948,304,162,39,103,12.8289,33.8816
3949,303,164,37,102,12.2112,33.6634
3950,302,166,40,96,13.2450,31.7881
3951,301,162,41,98,13.6213,32.5581
3952,300,165,42,93,14.0000,31.0000
3953,300,167,42,91,14.0000,30.3333
3954,300,170,41,89,13.6667,29.6667
3955,300,170,41,89,13.6667,29.6667
3956,300,171,41,88,13.6667,29.3333
3957,299,174,39,86,13.0435,28.7625
3958,302,181,39,82,12.9139,27.1523
3959,302,183,39,80,12.9139,26.4901
3960,301,186,36,79,11.9601,26.2458
3961,300,189,35,76,11.6667,25.3333
3962,299,188,36,75,12.0401,25.0836
3963,301,190,36,75,11.9601,24.9169
3964,300,189,36,75,12.0000,25.0000
3965,300,190,33,77,11.0000,25.6667
3966,300,190,31,79,10.3333,26.3333
3967,300,192,34,74,11.3333,24.6667
3968,298,193,32,73,10.7383,24.4966
3969,300,196,34,70,11.3333,23.3333
3970,300,196,37,67,12.3333,22.3333
3971,299,194,34,71,11.3712,23.7458
3972,299,196,32,71,10.7023,23.7458
3973,301,198,34,69,11.2957,22.9236
3974,301,197,37,67,12.2924,22.2591
3975,301,196,37,68,12.2924,22.5914
3976,301,195,37,69,12.2924,22.9236
3977,301,196,38,67,12.6246,22.2591
3978,301,189,45,67,14.9502,22.2591
3979,301,189,49,63,16.2791,20.9302
3980,300,189,48,63,16.0000,21.0000
3981,300,186,51,63,17.0000,21.0000
3982,300,184,51,65,17.0000,21.6667
3983,299,182,51,66,17.0569,22.0736
3984,301,181,55,65,18.2724,21.5947
3985,301,183,52,66,17.2757,21.9269
3986,301,177,60,64,19.9336,21.2625
3987,301,177,61,63,20.2658,20.9302
3988,300,177,58,65,19.3333,21.6667
3989,300,171,63,66,21.0000,22.0000
3990,298,170,61,67,20.4698,22.4832
3991,302,168,65,69,21.5232,22.8477
3992,302,167,67,68,22.1854,22.5166
3993,302,164,68,70,22.5166,23.1788
3994,301,162,70,69,23.2558,22.9236
3995,299,161,71,67,23.7458,22.4080
3996,301,163,70,68,23.2558,22.5914
3997,301,158,74,69,24.5847,22.9236
3998,300,155,75,70,25.0000,23.3333
3999,298,153,71,74,23.8255,24.8322
4000,301,147,77,77,25.5814,25.5814
4001,300,146,78,76,26.0000,25.3333
4002,299,142,77,80,25.7525,26.7559
4003,300,141,79,80,26.3333,26.6667
4004,299,135,80,84,26.7559,28.0936
4005,301,132,85,84,28.2392,27.9070
4006,301,129,86,86,28.5714,28.5714
4007,301,125,87,89,28.9037,29.5681
4008,301,119,93,89,30.8970,29.5681
4009,301,114,95,92,31.5615,30.5648
4010,300,113,94,93,31.3333,31.0000
4011,300,110,95,95,31.6667,31.6667
4012,298,111,91,96,30.5369,32.2148
4013,297,108,90,99,30.3030,33.3333
4014,300,112,90,98,30.0000,32.6667
4015,298,112,89,97,29.8658,32.5503
4016,299,114,87,98,29.0970,32.7759
4017,301,114,91,96,30.2326,31.8937
4018,300,111,90,99,30.0000,33.0000
4019,299,108,89,102,29.7659,34.1137
4020,303,114,82,107,27.0627,35.3135
4021,303,114,78,111,25.7426,36.6337
4022,301,112,77,112,25.5814,37.2093
4023,301,114,78,109,25.9136,36.2126
4024,300,113,74,113,24.6667,37.6667
4025,298,111,69,118,23.1544,39.5973
4026,299,110,67,122,22.4080,40.8027
4027,301,111,65,125,21.5947,41.5282
4028,296,109,61,126,20.6081,42.5676
4029,296,107,60,129,20.2703,43.5811
4030,299,107,58,134,19.3980,44.8161
4031,300,108,56,136,18.6667,45.3333
4032,299,104,59,136,19.7324,45.4849
4033,300,104,56,140,18.6667,46.6667
4034,299,106,55,138,18.3946,46.1538
4035,302,111,53,138,17.5497,45.6954
4036,302,110,51,141,16.8874,46.6887
4037,301,112,49,140,16.2791,46.5116
4038,301,110,46,145,15.2824,48.1728
4039,300,107,43,150,14.3333,50.0000
4040,300,108,45,147,15.0000,49.0000
4041,300,109,44,147,14.6667,49.0000
4042,300,109,43,148,14.3333,49.3333
4043,299,111,44,144,14.7157,48.1605
4044,301,114,42,145,13.9535,48.1728
4045,301,116,41,144,13.6213,47.8405
4046,300,115,42,143,14.0000,47.6667
4047,299,115,41,143,13.7124,47.8261
4048,300,116,39,145,13.0000,48.3333
4049,296,115,38,143,12.8378,48.3108
4050,297,120,34,143,11.4478,48.1481
4051,302,127,36,139,11.9205,46.0265
4052,300,127,36,137,12.0000,45.6667
4053,299,128,31,140,10.3679,46.8227
4054,303,136,31,136,10.2310,44.8845
4055,303,138,30,135,9.9010,44.5545
4056,303,139,32,132,10.5611,43.5644
4057,303,135,35,133,11.5512,43.8944
4058,303,136,37,130,12.2112,42.9043
4059,303,140,36,127,11.8812,41.9142
4060,303,138,36,129,11.8812,42.5743
4061,301,141,35,125,11.6279,41.5282
4062,301,140,37,124,12.2924,41.1960
4063,301,137,41,123,13.6213,40.8638
4064,300,140,41,119,13.6667,39.6667
4065,300,143,40,117,13.3333,39.0000
4066,300,144,40,116,13.3333,38.6667
4067,300,143,39,118,13.0000,39.3333
4068,300,146,36,118,12.0000,39.3333
4069,298,145,34,119,11.4094,39.9329
4070,298,148,36,114,12.0805,38.2550
4071,305,153,41,111,13.4426,36.3934
4072,305,157,39,109,12.7869,35.7377
4073,305,159,41,105,13.4426,34.4262
4074,305,159,42,104,13.7705,34.0984
4075,305,157,46,102,15.0820,33.4426
4076,304,161,45,98,14.8026,32.2368
4077,303,165,42,96,13.8614,31.6832
4078,302,167,42,93,13.9073,30.7947
4079,301,169,42,90,13.9535,29.9003
4080,301,169,42,90,13.9535,29.9003
4081,300,170,44,86,14.6667,28.6667
4082,299,175,41,83,13.7124,27.7592
4083,301,180,36,85,11.9601,28.2392
4084,300,177,38,85,12.6667,28.3333
4085,300,180,38,82,12.6667,27.3333
4086,300,178,40,82,13.3333,27.3333
4087,300,173,47,80,15.6667,26.6667
4088,300,173,49,78,16.3333,26.0000
4089,300,173,50,77,16.6667,25.6667
4090,300,177,50,73,16.6667,24.3333
4091,299,178,49,72,16.3880,24.0803
4092,298,177,48,73,16.1074,24.4966
4093,301,178,47,76,15.6146,25.2492
4094,301,176,51,74,16.9435,24.5847
4095,299,172,51,76,17.0569,25.4181
4096,301,170,56,75,18.6047,24.9169
4097,300,167,59,74,19.6667,24.6667
4098,300,163,62,75,20.6667,25.0000
4099,299,162,62,75,20.7358,25.0836
4100,300,159,68,73,22.6667,24.3333
4101,300,154,70,76,23.3333,25.3333
4102,300,154,71,75,23.6667,25.0000
4103,300,150,75,75,25.0000,25.0000
4104,300,147,78,75,26.0000,25.0000
4105,300,145,81,74,27.0000,24.6667
4106,300,140,85,75,28.3333,25.0000
4107,300,134,86,80,28.6667,26.6667
4108,298,132,83,83,27.8523,27.8523
4109,300,133,84,83,28.0000,27.6667
4110,299,132,83,84,27.7592,28.0936
4111,304,137,83,84,27.3026,27.6316
4112,304,132,89,83,29.2763,27.3026
4113,304,127,92,85,30.2632,27.9605
4114,303,121,96,86,31.6832,28.3828
4115,302,121,91,90,30.1325,29.8013
4116,302,116,90,96,29.8013,31.7881
4117,301,112,92,97,30.5648,32.2259
4118,300,108,92,100,30.6667,33.3333
4119,300,106,93,101,31.0000,33.6667
4120,299,105,92,102,30.7692,34.1137
4121,297,106,89,102,29.9663,34.3434
4122,296,102,88,106,29.7297,35.8108
4123,298,103,86,109,28.8591,36.5772
4124,298,101,91,106,30.5369,35.5705
4125,300,104,88,108,29.3333,36.0000
4126,298,101,84,113,28.1879,37.9195
4127,302,104,81,117,26.8212,38.7417
4128,301,102,79,120,26.2458,39.8671
4129,301,101,78,122,25.9136,40.5316
4130,301,98,81,122,26.9103,40.5316
4131,300,95,84,121,28.0000,40.3333
4132,298,95,78,125,26.1745,41.9463
4133,300,96,78,126,26.0000,42.0000
4134,296,91,77,128,26.0135,43.2432
4135,301,100,74,127,24.5847,42.1927
4136,301,95,78,128,25.9136,42.5249
4137,300,94,71,135,23.6667,45.0000
4138,300,91,71,138,23.6667,46.0000
4139,300,90,68,142,22.6667,47.3333
4140,299,90,64,145,21.4047,48.4950
4141,300,92,63,145,21.0000,48.3333
4142,300,90,61,149,20.3333,49.6667
4143,300,92,62,146,20.6667,48.6667
4144,298,90,58,150,19.4631,50.3356
4145,301,95,58,148,19.2691,49.1694
4146,300,92,60,148,20.0000,49.3333
4147,300,91,61,148,20.3333,49.3333
4148,298,87,62,149,20.8054,50.0000
4149,299,87,61,151,20.4013,50.5017
4150,301,89,58,154,19.2691,51.1628
4151,300,89,55,156,18.3333,52.0000
4152,300,89,55,156,18.3333,52.0000
4153,298,91,52,155,17.4497,52.0134
4154,299,93,51,155,17.0569,51.8395
4155,302,97,47,158,15.5629,52.3179
4156,301,97,45,159,14.9502,52.8239
4157,299,100,41,158,13.7124,52.8428
4158,299,100,39,160,13.0435,53.5117
4159,300,105,40,155,13.3333,51.6667
4160,299,105,43,151,14.3813,50.5017
4161,299,105,44,150,14.7157,50.1672
4162,299,105,45,149,15.0502,49.8328
4163,303,111,42,150,13.8614,49.5050
4164,303,112,40,151,13.2013,49.8350
4165,302,113,40,149,13.2450,49.3377
4166,300,114,35,151,11.6667,50.3333
4167,300,117,36,147,12.0000,49.0000
4168,298,123,31,144,10.4027,48.3221
4169,301,128,30,143,9.9668,47.5083
4170,299,132,28,139,9.3645,46.4883
4171,301,137,26,138,8.6379,45.8472
4172,301,140,27,134,8.9701,44.5183
4173,301,141,26,134,8.6379,44.5183
4174,301,143,27,131,8.9701,43.5216
4175,299,145,26,128,8.6957,42.8094
4176,304,149,27,128,8.8816,42.1053
4177,304,152,27,125,8.8816,41.1184
4178,304,152,31,121,10.1974,39.8026
4179,304,155,29,120,9.5395,39.4737
4180,304,157,28,119,9.2105,39.1447
4181,303,161,26,116,8.5809,38.2838
4182,303,162,25,116,8.2508,38.2838
4183,303,160,26,117,8.5809,38.6139
4184,303,164,28,111,9.2409,36.6337
4185,303,163,30,110,9.9010,36.3036
4186,302,166,28,108,9.2715,35.7616
4187,301,168,27,106,8.9701,35.2159
4188,301,168,29,104,9.6346,34.5515
4189,301,172,33,96,10.9635,31.8937
4190,301,173,36,92,11.9601,30.5648
4191,301,174,39,88,12.9568,29.2359
4192,301,174,42,85,13.9535,28.2392
4193,301,172,43,86,14.2857,28.5714
4194,301,174,44,83,14.6179,27.5748
4195,301,174,44,83,14.6179,27.5748
4196,301,176,46,79,15.2824,26.2458
4197,301,177,47,77,15.6146,25.5814
4198,301,175,48,78,15.9468,25.9136
4199,298,174,46,78,15.4362,26.1745
4200,300,175,48,77,16.0000,25.6667
4201,300,177,47,76,15.6667,25.3333
4202,299,179,48,72,16.0535,24.0803
4203,300,183,49,68,16.3333,22.6667
4204,298,179,51,68,17.1141,22.8188
4205,297,177,52,68,17.5084,22.8956
4206,298,181,50,67,16.7785,22.4832
4207,304,187,52,65,17.1053,21.3816
4208,303,186,53,64,17.4917,21.1221
4209,303,187,51,65,16.8317,21.4521
4210,301,188,49,64,16.2791,21.2625
4211,300,187,49,64,16.3333,21.3333
4212,298,186,47,65,15.7718,21.8121
4213,296,185,43,68,14.5270,22.9730
4214,297,184,43,70,14.4781,23.5690
4215,299,187,44,68,14.7157,22.7425
4216,300,186,48,66,16.0000,22.0000
4217,299,180,53,66,17.7258,22.0736
4218,301,180,57,64,18.9369,21.2625
4219,300,179,55,66,18.3333,22.0000
4220,300,179,58,63,19.3333,21.0000
4221,300,174,61,65,20.3333,21.6667
4222,299,171,63,65,21.0702,21.7391
4223,302,171,67,64,22.1854,21.1921
4224,300,163,71,66,23.6667,22.0000
4225,299,160,71,68,23.7458,22.7425
4226,299,159,72,68,24.0803,22.7425
4227,301,158,73,70,24.2525,23.2558
4228,300,154,75,71,25.0000,23.6667
4229,299,150,77,72,25.7525,24.0803
4230,301,146,82,73,27.2425,24.2525
4231,300,146,84,70,28.0000,23.3333
4232,300,143,88,69,29.3333,23.0000
4233,300,138,93,69,31.0000,23.0000
4234,300,135,96,69,32.0000,23.0000
4235,300,131,98,71,32.6667,23.6667
4236,299,125,104,70,34.7826,23.4114
4237,297,123,96,78,32.3232,26.2626
4238,297,118,99,80,33.3333,26.9360
4239,298,114,101,83,33.8926,27.8523
4240,298,113,102,83,34.2282,27.8523
4241,297,113,97,87,32.6599,29.2929
4242,297,110,98,89,32.9966,29.9663
4243,297,108,98,91,32.9966,30.6397
4244,299,108,94,97,31.4381,32.4415
4245,300,108,92,100,30.6667,33.3333
4246,300,107,93,100,31.0000,33.3333
4247,300,103,94,103,31.3333,34.3333
4248,299,102,92,105,30.7692,35.1171
4249,300,98,96,106,32.0000,35.3333
4250,297,96,90,111,30.3030,37.3737
4251,298,95,91,112,30.5369,37.5839
4252,300,94,91,115,30.3333,38.3333
4253,299,91,90,118,30.1003,39.4649
4254,303,94,86,123,28.3828,40.5941
4255,303,91,85,127,28.0528,41.9142
4256,301,89,83,129,27.5748,42.8571
4257,299,90,79,130,26.4214,43.4783
4258,300,92,77,131,25.6667,43.6667
4259,298,88,74,136,24.8322,45.6376
4260,300,91,69,140,23.0000,46.6667
4261,300,89,72,139,24.0000,46.3333
4262,300,89,70,141,23.3333,47.0000
4263,300,89,70,141,23.3333,47.0000
4264,299,89,64,146,21.4047,48.8294
4265,302,93,66,143,21.8543,47.3510
4266,300,91,64,145,21.3333,48.3333
4267,300,91,62,147,20.6667,49.0000
4268,299,89,60,150,20.0669,50.1672
4269,302,92,59,151,19.5364,50.0000
4270,300,94,53,153,17.6667,51.0000
4271,299,97,49,153,16.3880,51.1706
4272,300,97,47,156,15.6667,52.0000
4273,298,98,45,155,15.1007,52.0134
4274,300,100,44,156,14.6667,52.0000
4275,300,100,40,160,13.3333,53.3333
4276,300,101,38,161,12.6667,53.6667
4277,300,104,37,159,12.3333,53.0000
4278,300,102,39,159,13.0000,53.0000
4279,299,102,37,160,12.3746,53.5117
4280,303,108,35,160,11.5512,52.8053
4281,301,107,32,162,10.6312,53.8206
4282,301,108,31,162,10.2990,53.8206
4283,301,108,29,164,9.6346,54.4850
4284,301,110,28,163,9.3023,54.1528
4285,301,112,28,161,9.3023,53.4884
4286,301,111,28,162,9.3023,53.8206
4287,300,114,24,162,8.0000,54.0000
4288,299,111,25,163,8.3612,54.5151
4289,298,113,28,157,9.3960,52.6846
4290,302,120,29,153,9.6026,50.6623
4291,302,124,30,148,9.9338,49.0066
4292,302,124,28,150,9.2715,49.6689
4293,302,126,28,148,9.2715,49.0066
4294,301,127,28,146,9.3023,48.5050
4295,300,129,26,145,8.6667,48.3333
4296,300,131,31,138,10.3333,46.0000
4297,300,136,30,134,10.0000,44.6667
4298,299,136,30,133,10.0334,44.4816
4299,301,142,28,131,9.3023,43.5216
4300,301,144,29,128,9.6346,42.5249
4301,301,145,28,128,9.3023,42.5249
4302,301,149,30,122,9.9668,40.5316
4303,301,151,30,120,9.9668,39.8671
4304,301,154,31,116,10.2990,38.5382
4305,301,156,33,112,10.9635,37.2093
4306,300,156,36,108,12.0000,36.0000
4307,300,158,38,104,12.6667,34.6667
4308,300,160,38,102,12.6667,34.0000
4309,300,163,33,104,11.0000,34.6667
4310,299,165,29,105,9.6990,35.1171
4311,301,170,32,99,10.6312,32.8904
4312,301,170,36,95,11.9601,31.5615
4313,301,172,35,94,11.6279,31.2292
4314,301,175,35,91,11.6279,30.2326
4315,301,174,36,91,11.9601,30.2326
4316,301,180,33,88,10.9635,29.2359
4317,301,179,32,90,10.6312,29.9003
4318,301,183,30,88,9.9668,29.2359
4319,300,185,30,85,10.0000,28.3333
4320,300,186,31,83,10.3333,27.6667
4321,300,187,31,82,10.3333,27.3333
4322,300,189,33,78,11.0000,26.0000
4323,299,191,33,75,11.0368,25.0836
4324,300,190,37,73,12.3333,24.3333
4325,299,188,40,71,13.3779,23.7458
4326,301,189,41,71,13.6213,23.5880
4327,301,192,38,71,12.6246,23.5880
4328,301,192,39,70,12.9568,23.2558
4329,301,190,42,69,13.9535,22.9236
4330,301,190,43,68,14.2857,22.5914
4331,301,192,43,66,14.2857,21.9269
4332,300,193,41,66,13.6667,22.0000
4333,298,192,41,65,13.7584,21.8121
4334,301,194,44,63,14.6179,20.9302
4335,300,194,43,63,14.3333,21.0000
4336,300,194,44,62,14.6667,20.6667
4337,299,190,47,62,15.7191,20.7358
4338,301,191,50,60,16.6113,19.9336
4339,301,191,53,57,17.6080,18.9369
4340,301,187,55,59,18.2724,19.6013
4341,301,181,61,59,20.2658,19.6013
4342,299,176,64,59,21.4047,19.7324
4343,302,175,68,59,22.5166,19.5364
4344,301,173,68,60,22.5914,19.9336
4345,300,166,74,60,24.6667,20.0000
4346,299,165,71,63,23.7458,21.0702
4347,301,165,72,64,23.9203,21.2625
4348,300,159,76,65,25.3333,21.6667
4349,299,160,72,67,24.0803,22.4080
4350,300,157,75,68,25.0000,22.6667
4351,300,155,79,66,26.3333,22.0000
4352,299,150,82,67,27.4247,22.4080
4353,303,149,88,66,29.0429,21.7822
4354,303,143,89,71,29.3729,23.4323
4355,303,138,92,73,30.3630,24.0924
4356,303,127,103,73,33.9934,24.0924
4357,303,116,111,76,36.6337,25.0825
4358,303,115,111,77,36.6337,25.4125
4359,301,108,114,79,37.8738,26.2458
4360,299,106,112,81,37.4582,27.0903
4361,299,108,111,80,37.1237,26.7559
4362,302,111,108,83,35.7616,27.4834
4363,300,105,109,86,36.3333,28.6667
4364,300,101,109,90,36.3333,30.0000
4365,298,98,109,91,36.5772,30.5369
4366,300,96,109,95,36.3333,31.6667
4367,300,88,116,96,38.6667,32.0000
4368,295,88,111,96,37.6271,32.5424
4369,295,86,114,95,38.6441,32.2034
4370,297,87,114,96,38.3838,32.3232
4371,297,87,107,103,36.0269,34.6801
4372,297,88,107,102,36.0269,34.3434
4373,297,89,103,105,34.6801,35.3535
4374,296,85,103,108,34.7973,36.4865
4375,296,83,101,112,34.1216,37.8378
4376,296,83,92,121,31.0811,40.8784
4377,296,82,84,130,28.3784,43.9189
4378,297,81,80,136,26.9360,45.7912
4379,298,85,80,133,26.8456,44.6309
4380,301,86,79,136,26.2458,45.1827
4381,298,85,74,139,24.8322,46.6443
4382,299,85,75,139,25.0836,46.4883
4383,303,86,75,142,24.7525,46.8647
4384,301,85,72,144,23.9203,47.8405
4385,301,85,69,147,22.9236,48.8372
4386,299,82,66,151,22.0736,50.5017
4387,301,87,60,154,19.9336,51.1628
4388,300,86,56,158,18.6667,52.6667
4389,297,83,53,161,17.8451,54.2088
4390,301,86,53,162,17.6080,53.8206
4391,301,84,52,165,17.2757,54.8173
4392,301,86,51,164,16.9435,54.4850
4393,301,85,51,165,16.9435,54.8173
4394,301,81,54,166,17.9402,55.1495
4395,301,80,50,171,16.6113,56.8106
4396,300,82,48,170,16.0000,56.6667
4397,299,82,47,170,15.7191,56.8562
4398,301,82,50,169,16.6113,56.1462
4399,301,83,48,170,15.9468,56.4784
4400,299,78,49,172,16.3880,57.5251
4401,300,82,48,170,16.0000,56.6667
4402,300,84,47,169,15.6667,56.3333
4403,297,82,44,171,14.8148,57.5758
4404,299,86,39,174,13.0435,58.1940
4405,301,88,40,173,13.2890,57.4751
4406,300,92,37,171,12.3333,57.0000
4407,299,95,36,168,12.0401,56.1873
4408,299,96,35,168,11.7057,56.1873
4409,299,99,35,165,11.7057,55.1839
4410,303,104,32,167,10.5611,55.1155
4411,303,105,31,167,10.2310,55.1155
4412,303,108,31,164,10.2310,54.1254
4413,302,111,29,162,9.6026,53.6424
4414,302,117,27,158,8.9404,52.3179
4415,301,120,23,158,7.6412,52.4917
4416,301,125,23,153,7.6412,50.8306
4417,300,125,22,153,7.3333,51.0000
4418,300,130,21,149,7.0000,49.6667
4419,298,131,18,149,6.0403,50.0000
4420,299,133,16,150,5.3512,50.1672
4421,301,137,13,151,4.3189,50.1661
4422,301,140,13,148,4.3189,49.1694
4423,301,147,11,143,3.6545,47.5083
4424,301,148,11,142,3.6545,47.1761
4425,301,152,11,138,3.6545,45.8472
4426,301,155,9,137,2.9900,45.5150
4427,301,160,9,132,2.9900,43.8538
4428,301,170,9,122,2.9900,40.5316
4429,301,178,10,113,3.3223,37.5415
4430,300,184,10,106,3.3333,35.3333
4431,300,185,11,104,3.6667,34.6667
4432,300,189,11,100,3.6667,33.3333
4433,300,193,10,97,3.3333,32.3333
4434,300,190,13,97,4.3333,32.3333
4435,300,193,14,93,4.6667,31.0000
4436,300,194,17,89,5.6667,29.6667
4437,300,197,18,85,6.0000,28.3333
4438,300,199,19,82,6.3333,27.3333
4439,300,203,20,77,6.6667,25.6667
4440,300,207,17,76,5.6667,25.3333
4441,300,207,19,74,6.3333,24.6667
4442,300,207,20,73,6.6667,24.3333
4443,300,209,21,70,7.0000,23.3333
4444,300,208,24,68,8.0000,22.6667
4445,300,207,28,65,9.3333,21.6667
4446,300,207,29,64,9.6667,21.3333
4447,300,210,31,59,10.3333,19.6667
4448,300,210,33,57,11.0000,19.0000
4449,299,209,35,55,11.7057,18.3946
4450,301,209,39,53,12.9568,17.6080
4451,301,211,40,50,13.2890,16.6113
4452,301,210,43,48,14.2857,15.9468
4453,301,207,46,48,15.2824,15.9468
4454,301,204,49,48,16.2791,15.9468
4455,301,197,55,49,18.2724,16.2791
4456,301,199,55,47,18.2724,15.6146
4457,301,196,56,49,18.6047,16.2791
4458,299,196,56,47,18.7291,15.7191
4459,304,193,63,48,20.7237,15.7895
4460,304,187,69,48,22.6974,15.7895
4461,302,185,68,49,22.5166,16.2252
4462,302,182,74,46,24.5033,15.2318
4463,302,179,78,45,25.8278,14.9007
4464,302,176,80,46,26.4901,15.2318
4465,301,174,80,47,26.5781,15.6146
4466,301,171,83,47,27.5748,15.6146
4467,300,170,85,45,28.3333,15.0000
4468,299,165,89,45,29.7659,15.0502
4469,300,164,93,43,31.0000,14.3333
4470,297,159,94,44,31.6498,14.8148
4471,300,161,93,46,31.0000,15.3333
4472,299,156,100,43,33.4448,14.3813
4473,298,153,102,43,34.2282,14.4295
4474,298,149,102,47,34.2282,15.7718
4475,300,149,100,51,33.3333,17.0000
4476,300,145,101,54,33.6667,18.0000
4477,298,140,103,55,34.5638,18.4564
4478,297,141,101,55,34.0067,18.5185
4479,299,140,100,59,33.4448,19.7324
4480,299,135,100,64,33.4448,21.4047
4481,299,125,108,66,36.1204,22.0736
4482,299,120,109,70,36.4548,23.4114
4483,296,114,109,73,36.8243,24.6622
4484,295,113,107,75,36.2712,25.4237
4485,296,113,107,76,36.1486,25.6757
4486,298,112,104,82,34.8993,27.5168
4487,300,109,104,87,34.6667,29.0000
4488,298,106,103,89,34.5638,29.8658
4489,300,103,104,93,34.6667,31.0000
4490,298,102,101,95,33.8926,31.8792
4491,301,102,97,102,32.2259,33.8870
4492,299,98,100,101,33.4448,33.7793
4493,300,97,98,105,32.6667,35.0000
4494,298,96,91,111,30.5369,37.2483
4495,298,94,90,114,30.2013,38.2550
4496,298,92,90,116,30.2013,38.9262
4497,301,93,87,121,28.9037,40.1993
4498,300,90,87,123,29.0000,41.0000
4499,298,85,88,125,29.5302,41.9463
4500,301,84,89,128,29.5681,42.5249
4501,298,79,79,140,26.5101,46.9799
4502,298,79,75,144,25.1678,48.3221
4503,297,76,71,150,23.9057,50.5051
4504,299,77,70,152,23.4114,50.8361
4505,302,79,70,153,23.1788,50.6623
4506,301,76,73,152,24.2525,50.4983
4507,300,77,69,154,23.0000,51.3333
4508,298,78,66,154,22.1477,51.6779
4509,302,84,63,155,20.8609,51.3245
4510,302,81,64,157,21.1921,51.9868
4511,302,80,63,159,20.8609,52.6490
4512,300,78,59,163,19.6667,54.3333
4513,299,78,56,165,18.7291,55.1839
4514,303,81,54,168,17.8218,55.4455
4515,303,81,54,168,17.8218,55.4455
4516,302,82,49,171,16.2252,56.6225
4517,302,85,48,169,15.8940,55.9603
4518,301,86,44,171,14.6179,56.8106
4519,301,85,44,172,14.6179,57.1429
4520,301,84,40,177,13.2890,58.8040
4521,301,83,38,180,12.6246,59.8007
4522,301,85,33,183,10.9635,60.7973
4523,301,86,34,181,11.2957,60.1329
4524,300,87,32,181,10.6667,60.3333
4525,300,88,30,182,10.0000,60.6667
4526,299,90,30,179,10.0334,59.8662
4527,299,98,27,174,9.0301,58.1940
4528,300,101,27,172,9.0000,57.3333
4529,300,101,28,171,9.3333,57.0000
4530,300,103,24,173,8.0000,57.6667
4531,299,107,22,170,7.3579,56.8562
4532,299,112,21,166,7.0234,55.5184
4533,300,116,19,165,6.3333,55.0000
4534,300,119,19,162,6.3333,54.0000
4535,300,121,18,161,6.0000,53.6667
4536,300,123,18,159,6.0000,53.0000
4537,300,124,19,157,6.3333,52.3333
4538,300,130,19,151,6.3333,50.3333
4539,300,135,17,148,5.6667,49.3333
4540,299,136,17,146,5.6856,48.8294
4541,303,144,17,142,5.6106,46.8647
4542,303,147,16,140,5.2805,46.2046
4543,300,153,14,133,4.6667,44.3333
4544,300,155,14,131,4.6667,43.6667
4545,300,158,16,126,5.3333,42.0000
4546,299,163,15,121,5.0167,40.4682
4547,302,167,16,119,5.2980,39.4040
4548,302,169,14,119,4.6358,39.4040
4549,302,174,14,114,4.6358,37.7483
4550,302,176,13,113,4.3046,37.4172
4551,302,177,14,111,4.6358,36.7550
4552,302,180,13,109,4.3046,36.0927
4553,302,191,14,97,4.6358,32.1192
4554,302,193,16,93,5.2980,30.7947
4555,301,199,15,87,4.9834,28.9037
4556,300,200,15,85,5.0000,28.3333
4557,300,199,18,83,6.0000,27.6667
4558,300,198,18,84,6.0000,28.0000
4559,300,201,20,79,6.6667,26.3333
4560,300,201,21,78,7.0000,26.0000
4561,300,203,22,75,7.3333,25.0000
4562,300,203,24,73,8.0000,24.3333
4563,300,205,24,71,8.0000,23.6667
4564,300,208,25,67,8.3333,22.3333
4565,300,210,25,65,8.3333,21.6667
4566,299,213,25,61,8.3612,20.4013
4567,299,213,25,61,8.3612,20.4013
4568,301,219,25,57,8.3056,18.9369
4569,301,220,25,56,8.3056,18.6047
4570,301,224,25,52,8.3056,17.2757
4571,301,224,26,51,8.6379,16.9435
4572,301,228,27,46,8.9701,15.2824
4573,300,229,28,43,9.3333,14.3333
4574,300,229,33,38,11.0000,12.6667
4575,299,225,37,37,12.3746,12.3746
4576,301,226,37,38,12.2924,12.6246
4577,301,225,40,36,13.2890,11.9601
4578,300,223,41,36,13.6667,12.0000
4579,300,219,45,36,15.0000,12.0000
4580,298,217,45,36,15.1007,12.0805
4581,300,213,49,38,16.3333,12.6667
4582,299,212,52,35,17.3913,11.7057
4583,300,210,54,36,18.0000,12.0000
4584,300,208,57,35,19.0000,11.6667
4585,300,204,61,35,20.3333,11.6667
4586,299,202,63,34,21.0702,11.3712
4587,301,204,64,33,21.2625,10.9635
4588,301,199,67,35,22.2591,11.6279
4589,301,190,76,35,25.2492,11.6279
4590,301,184,82,35,27.2425,11.6279
4591,301,182,85,34,28.2392,11.2957
4592,301,177,89,35,29.5681,11.6279
4593,299,171,93,35,31.1037,11.7057
4594,301,172,92,37,30.5648,12.2924
4595,300,163,97,40,32.3333,13.3333
4596,300,157,100,43,33.3333,14.3333
4597,299,155,98,46,32.7759,15.3846
4598,299,152,97,50,32.4415,16.7224
4599,300,152,99,49,33.0000,16.3333
4600,298,151,96,51,32.2148,17.1141
4601,299,150,96,53,32.1070,17.7258
4602,302,149,97,56,32.1192,18.5430
4603,301,146,94,61,31.2292,20.2658
4604,300,141,98,61,32.6667,20.3333
4605,300,139,95,66,31.6667,22.0000
4606,300,138,94,68,31.3333,22.6667
4607,299,134,95,70,31.7726,23.4114
4608,302,137,92,73,30.4636,24.1722
4609,302,134,90,78,29.8013,25.8278
4610,299,132,83,84,27.7592,28.0936
4611,301,131,81,89,26.9103,29.5681
4612,301,128,81,92,26.9103,30.5648
4613,298,125,77,96,25.8389,32.2148
4614,298,121,78,99,26.1745,33.2215
4615,300,122,75,103,25.0000,34.3333
4616,299,120,73,106,24.4147,35.4515
4617,299,121,69,109,23.0769,36.4548
4618,300,120,70,110,23.3333,36.6667
4619,298,119,68,111,22.8188,37.2483
4620,297,119,64,114,21.5488,38.3838
4621,298,119,63,116,21.1409,38.9262
4622,299,118,58,123,19.3980,41.1371
4623,303,122,56,125,18.4818,41.2541
4624,302,119,58,125,19.2053,41.3907
4625,301,117,55,129,18.2724,42.8571
4626,300,116,53,131,17.6667,43.6667
4627,299,115,51,133,17.0569,44.4816
4628,299,115,51,133,17.0569,44.4816
4629,299,115,50,134,16.7224,44.8161
4630,299,116,49,134,16.3880,44.8161
4631,305,123,45,137,14.7541,44.9180
4632,304,123,43,138,14.1447,45.3947
4633,304,118,48,138,15.7895,45.3947
4634,302,118,43,141,14.2384,46.6887
4635,302,120,39,143,12.9139,47.3510
4636,302,120,36,146,11.9205,48.3444
4637,301,121,32,148,10.6312,49.1694
4638,300,119,33,148,11.0000,49.3333
4639,300,118,32,150,10.6667,50.0000
4640,300,121,31,148,10.3333,49.3333
4641,298,118,32,148,10.7383,49.6644
4642,301,118,33,150,10.9635,49.8339
4643,301,118,34,149,11.2957,49.5017
4644,301,116,34,151,11.2957,50.1661
4645,299,117,31,151,10.3679,50.5017
4646,301,122,30,149,9.9668,49.5017
4647,300,124,29,147,9.6667,49.0000
4648,300,127,26,147,8.6667,49.0000
4649,300,129,27,144,9.0000,48.0000
4650,300,133,27,140,9.0000,46.6667
4651,299,131,28,140,9.3645,46.8227
4652,304,137,30,137,9.8684,45.0658
4653,303,137,27,139,8.9109,45.8746
4654,301,140,26,135,8.6379,44.8505
4655,301,143,27,131,8.9701,43.5216
4656,301,143,28,130,9.3023,43.1894
4657,301,147,29,125,9.6346,41.5282
4658,299,146,30,123,10.0334,41.1371
4659,298,146,31,121,10.4027,40.6040
4660,302,153,32,117,10.5960,38.7417
4661,301,157,30,114,9.9668,37.8738
4662,300,163,30,107,10.0000,35.6667
4663,299,168,27,104,9.0301,34.7826
4664,300,171,29,100,9.6667,33.3333
4665,299,175,27,97,9.0301,32.4415
4666,305,180,32,93,10.4918,30.4918
4667,304,182,34,88,11.1842,28.9474
4668,304,181,38,85,12.5000,27.9605
4669,304,183,40,81,13.1579,26.6447
4670,303,181,42,80,13.8614,26.4026
4671,301,181,41,79,13.6213,26.2458
4672,301,180,45,76,14.9502,25.2492
4673,299,181,43,75,14.3813,25.0836
4674,302,189,43,70,14.2384,23.1788
4675,302,191,42,69,13.9073,22.8477
4676,302,186,45,71,14.9007,23.5099
4677,302,185,50,67,16.5563,22.1854
4678,301,183,51,67,16.9435,22.2591
4679,300,179,55,66,18.3333,22.0000
4680,299,177,58,64,19.3980,21.4047
4681,301,177,60,64,19.9336,21.2625
4682,301,168,70,63,23.2558,20.9302
4683,300,170,71,59,23.6667,19.6667
4684,298,169,71,58,23.8255,19.4631
4685,300,168,76,56,25.3333,18.6667
4686,300,169,75,56,25.0000,18.6667
4687,300,167,80,53,26.6667,17.6667
4688,300,165,79,56,26.3333,18.6667
4689,300,164,81,55,27.0000,18.3333
4690,298,158,84,56,28.1879,18.7919
4691,299,158,87,54,29.0970,18.0602
4692,303,153,93,57,30.6931,18.8119
4693,303,149,94,60,31.0231,19.8020
4694,303,147,98,58,32.3432,19.1419
4695,303,146,96,61,31.6832,20.1320
4696,303,145,95,63,31.3531,20.7921
4697,302,144,93,65,30.7947,21.5232
4698,300,139,95,66,31.6667,22.0000
4699,299,137,93,69,31.1037,23.0769
4700,299,137,94,68,31.4381,22.7425
4701,300,136,91,73,30.3333,24.3333
4702,297,134,85,78,28.6195,26.2626
4703,296,133,84,79,28.3784,26.6892
4704,296,133,84,79,28.3784,26.6892
4705,297,137,82,78,27.6094,26.2626
4706,294,135,79,80,26.8707,27.2109
4707,294,131,81,82,27.5510,27.8912
4708,295,129,79,87,26.7797,29.4915
4709,296,123,85,88,28.7162,29.7297
4710,296,120,84,92,28.3784,31.0811
4711,297,117,85,95,28.6195,31.9865
4712,297,118,79,100,26.5993,33.6700
4713,295,118,72,105,24.4068,35.5932
4714,296,119,69,108,23.3108,36.4865
4715,298,118,72,108,24.1611,36.2416
4716,301,117,74,110,24.5847,36.5449
4717,301,115,75,111,24.9169,36.8771
4718,301,112,73,116,24.2525,38.5382
4719,301,108,71,122,23.5880,40.5316
4720,300,104,73,123,24.3333,41.0000
4721,300,104,69,127,23.0000,42.3333
4722,298,103,66,129,22.1477,43.2886
4723,301,103,68,130,22.5914,43.1894
4724,301,100,70,131,23.2558,43.5216
4725,301,97,73,131,24.2525,43.5216
4726,301,97,73,131,24.2525,43.5216
4727,299,96,72,131,24.0803,43.8127
4728,301,99,68,134,22.5914,44.5183
4729,300,96,63,141,21.0000,47.0000
4730,297,98,57,142,19.1919,47.8114
4731,296,97,56,143,18.9189,48.3108
4732,297,96,55,146,18.5185,49.1582
4733,298,97,57,144,19.1275,48.3221
4734,299,94,60,145,20.0669,48.4950
4735,300,90,62,148,20.6667,49.3333
4736,299,87,59,153,19.7324,51.1706
4737,302,88,60,154,19.8675,50.9934
4738,302,91,58,153,19.2053,50.6623
4739,302,90,58,154,19.2053,50.9934
4740,299,95,53,151,17.7258,50.5017
4741,300,96,53,151,17.6667,50.3333
4742,299,95,54,150,18.0602,50.1672
4743,304,97,57,150,18.7500,49.3421
4744,304,99,54,151,17.7632,49.6711
4745,303,101,51,151,16.8317,49.8350
4746,303,100,49,154,16.1716,50.8251
4747,300,102,47,151,15.6667,50.3333
4748,300,106,47,147,15.6667,49.0000
4749,300,106,49,145,16.3333,48.3333
4750,300,106,48,146,16.0000,48.6667
4751,300,110,46,144,15.3333,48.0000
4752,300,109,47,144,15.6667,48.0000
4753,298,111,46,141,15.4362,47.3154
4754,299,116,45,138,15.0502,46.1538
4755,299,118,40,141,13.3779,47.1572
4756,305,123,40,142,13.1148,46.5574
4757,303,125,38,140,12.5413,46.2046
4758,303,125,37,141,12.2112,46.5347
4759,302,127,36,139,11.9205,46.0265
4760,301,131,36,134,11.9601,44.5183
4761,301,132,35,134,11.6279,44.5183
4762,300,135,35,130,11.6667,43.3333
4763,299,134,36,129,12.0401,43.1438
4764,301,142,33,126,10.9635,41.8605
4765,301,147,32,122,10.6312,40.5316
4766,301,148,33,120,10.9635,39.8671
4767,300,149,33,118,11.0000,39.3333
4768,300,150,34,116,11.3333,38.6667
4769,299,149,34,116,11.3712,38.7960
4770,300,154,32,114,10.6667,38.0000
4771,300,158,34,108,11.3333,36.0000
4772,299,157,34,108,11.3712,36.1204
4773,301,162,32,107,10.6312,35.5482
4774,300,162,30,108,10.0000,36.0000
4775,300,162,32,106,10.6667,35.3333
4776,300,162,32,106,10.6667,35.3333
4777,300,162,31,107,10.3333,35.6667
4778,300,163,31,106,10.3333,35.3333
4779,300,165,29,106,9.6667,35.3333
4780,300,166,32,102,10.6667,34.0000
4781,300,171,33,96,11.0000,32.0000
4782,300,173,34,93,11.3333,31.0000
4783,300,171,38,91,12.6667,30.3333
4784,299,173,35,91,11.7057,30.4348
4785,301,171,38,92,12.6246,30.5648
4786,301,167,40,94,13.2890,31.2292
4787,301,166,43,92,14.2857,30.5648
4788,301,168,47,86,15.6146,28.5714
4789,300,167,47,86,15.6667,28.6667
4790,299,168,46,85,15.3846,28.4281
4791,299,167,49,83,16.3880,27.7592
4792,301,171,48,82,15.9468,27.2425
4793,301,172,48,81,15.9468,26.9103
4794,301,169,50,82,16.6113,27.2425
4795,300,165,52,83,17.3333,27.6667
4796,300,166,56,78,18.6667,26.0000
4797,300,167,57,76,19.0000,25.3333
4798,300,166,59,75,19.6667,25.0000
4799,300,164,61,75,20.3333,25.0000
4800,300,164,61,75,20.3333,25.0000
4801,299,162,61,76,20.4013,25.4181
4802,300,164,61,75,20.3333,25.0000
4803,299,163,61,75,20.4013,25.0836
4804,300,165,59,76,19.6667,25.3333
4805,298,164,60,74,20.1342,24.8322
4806,297,165,57,75,19.1919,25.2525
4807,298,170,54,74,18.1208,24.8322
4808,302,172,53,77,17.5497,25.4967
4809,302,171,54,77,17.8808,25.4967
4810,302,172,52,78,17.2185,25.8278
4811,302,171,52,79,17.2185,26.1589
4812,301,170,50,81,16.6113,26.9103
4813,300,167,52,81,17.3333,27.0000
4814,300,164,55,81,18.3333,27.0000
4815,300,161,56,83,18.6667,27.6667
4816,297,163,50,84,16.8350,28.2828
4817,298,162,52,84,17.4497,28.1879
4818,300,163,51,86,17.0000,28.6667
4819,300,155,55,90,18.3333,30.0000
4820,299,153,56,90,18.7291,30.1003
4821,301,155,58,88,19.2691,29.2359
4822,300,156,57,87,19.0000,29.0000
4823,299,153,56,90,18.7291,30.1003
4824,300,153,56,91,18.6667,30.3333
4825,299,152,58,89,19.3980,29.7659
4826,302,152,62,88,20.5298,29.1391
4827,302,150,63,89,20.8609,29.4702
4828,300,146,66,88,22.0000,29.3333
4829,299,147,64,88,21.4047,29.4314
4830,301,150,62,89,20.5980,29.5681
4831,301,150,63,88,20.9302,29.2359
4832,300,147,65,88,21.6667,29.3333
4833,298,145,64,89,21.4765,29.8658
4834,297,141,66,90,22.2222,30.3030
4835,294,140,63,91,21.4286,30.9524
4836,294,143,61,90,20.7483,30.6122
4837,297,142,63,92,21.2121,30.9764
4838,300,145,64,91,21.3333,30.3333
4839,298,145,58,95,19.4631,31.8792
4840,300,143,59,98,19.6667,32.6667
4841,300,140,62,98,20.6667,32.6667
4842,300,140,60,100,20.0000,33.3333
4843,300,139,59,102,19.6667,34.0000
4844,300,136,61,103,20.3333,34.3333
4845,299,136,61,102,20.4013,34.1137
4846,300,142,54,104,18.0000,34.6667
4847,298,140,55,103,18.4564,34.5638
4848,300,140,54,106,18.0000,35.3333
4849,298,140,50,108,16.7785,36.2416
4850,300,142,52,106,17.3333,35.3333
4851,300,139,55,106,18.3333,35.3333
4852,300,136,55,109,18.3333,36.3333
4853,300,135,55,110,18.3333,36.6667
4854,299,134,52,113,17.3913,37.7926
4855,304,137,56,111,18.4211,36.5132
4856,304,137,57,110,18.7500,36.1842
4857,304,136,55,113,18.0921,37.1711
4858,304,137,56,111,18.4211,36.5132
4859,303,136,56,111,18.4818,36.6337
4860,303,139,54,110,17.8218,36.3036
4861,303,136,56,111,18.4818,36.6337
4862,302,135,56,111,18.5430,36.7550
4863,302,132,61,109,20.1987,36.0927
4864,302,127,64,111,21.1921,36.7550
4865,301,123,66,112,21.9269,37.2093
4866,301,122,67,112,22.2591,37.2093
4867,301,125,64,112,21.2625,37.2093
4868,301,126,65,110,21.5947,36.5449
4869,301,122,70,109,23.2558,36.2126
4870,301,124,70,107,23.2558,35.5482
4871,301,120,76,105,25.2492,34.8837
4872,300,117,73,110,24.3333,36.6667
4873,299,116,70,113,23.4114,37.7926
4874,301,117,72,112,23.9203,37.2093
4875,299,114,75,110,25.0836,36.7893
4876,298,113,73,112,24.4966,37.5839
4877,300,112,77,111,25.6667,37.0000
4878,299,110,79,110,26.4214,36.7893
4879,298,108,79,111,26.5101,37.2483
4880,302,109,81,112,26.8212,37.0861
4881,302,109,79,114,26.1589,37.7483
4882,300,110,76,114,25.3333,38.0000
4883,299,106,75,118,25.0836,39.4649
4884,301,108,72,121,23.9203,40.1993
4885,299,108,68,123,22.7425,41.1371
4886,302,110,68,124,22.5166,41.0596
4887,302,109,71,122,23.5099,40.3974
4888,302,108,73,121,24.1722,40.0662
4889,301,108,71,122,23.5880,40.5316
4890,300,108,68,124,22.6667,41.3333
4891,297,110,65,122,21.8855,41.0774
4892,300,114,65,121,21.6667,40.3333
4893,300,109,68,123,22.6667,41.0000
4894,299,110,68,121,22.7425,40.4682
4895,301,112,68,121,22.5914,40.1993
4896,299,113,63,123,21.0702,41.1371
4897,298,111,62,125,20.8054,41.9463
4898,297,113,60,124,20.2020,41.7508
4899,297,113,56,128,18.8552,43.0976
4900,301,117,57,127,18.9369,42.1927
4901,301,118,55,128,18.2724,42.5249
4902,300,118,53,129,17.6667,43.0000
4903,299,114,54,131,18.0602,43.8127
4904,302,118,55,129,18.2119,42.7152
4905,301,118,54,129,17.9402,42.8571
4906,301,121,54,126,17.9402,41.8605
4907,300,120,51,129,17.0000,43.0000
4908,300,120,51,129,17.0000,43.0000
4909,299,120,50,129,16.7224,43.1438
4910,297,121,49,127,16.4983,42.7609
4911,300,127,47,126,15.6667,42.0000
4912,300,130,45,125,15.0000,41.6667
4913,298,129,43,126,14.4295,42.2819
4914,306,137,44,125,14.3791,40.8497
4915,305,136,41,128,13.4426,41.9672
4916,305,137,43,125,14.0984,40.9836
4917,304,138,42,124,13.8158,40.7895
4918,304,135,43,126,14.1447,41.4474
4919,304,137,42,125,13.8158,41.1184
4920,304,137,42,125,13.8158,41.1184
4921,303,137,41,125,13.5314,41.2541
4922,303,136,42,125,13.8614,41.2541
4923,303,136,41,126,13.5314,41.5842
4924,303,139,40,124,13.2013,40.9241
4925,302,139,40,123,13.2450,40.7285
4926,301,138,39,124,12.9568,41.1960
4927,301,139,38,124,12.6246,41.1960
4928,300,141,38,121,12.6667,40.3333
4929,300,140,38,122,12.6667,40.6667
4930,299,139,37,123,12.3746,41.1371
4931,304,143,40,121,13.1579,39.8026
4932,304,140,44,120,14.4737,39.4737
4933,304,142,45,117,14.8026,38.4868
4934,303,144,42,117,13.8614,38.6139
4935,300,147,39,114,13.0000,38.0000
4936,299,148,41,110,13.7124,36.7893
4937,301,150,42,109,13.9535,36.2126
4938,301,152,42,107,13.9535,35.5482
4939,301,148,42,111,13.9535,36.8771
4940,301,149,41,111,13.6213,36.8771
4941,301,151,41,109,13.6213,36.2126
4942,300,153,42,105,14.0000,35.0000
4943,300,155,41,104,13.6667,34.6667
4944,298,157,38,103,12.7517,34.5638
4945,301,160,38,103,12.6246,34.2193
4946,300,162,37,101,12.3333,33.6667
4947,300,161,38,101,12.6667,33.6667
4948,299,166,36,97,12.0401,32.4415
4949,303,172,36,95,11.8812,31.3531
4950,302,171,37,94,12.2517,31.1258
4951,301,171,39,91,12.9568,30.2326
4952,300,170,39,91,13.0000,30.3333
4953,299,172,38,89,12.7090,29.7659
4954,301,174,38,89,12.6246,29.5681
4955,301,173,39,89,12.9568,29.5681
4956,301,172,41,88,13.6213,29.2359
4957,300,172,38,90,12.6667,30.0000
4958,300,170,42,88,14.0000,29.3333
4959,299,171,43,85,14.3813,28.4281
4960,303,177,40,86,13.2013,28.3828
4961,303,177,42,84,13.8614,27.7228
4962,303,176,42,85,13.8614,28.0528
4963,302,176,42,84,13.9073,27.8146
4964,302,176,44,82,14.5695,27.1523
4965,302,172,51,79,16.8874,26.1589
4966,302,173,50,79,16.5563,26.1589
4967,301,174,49,78,16.2791,25.9136
4968,301,172,52,77,17.2757,25.5814
4969,301,172,53,76,17.6080,25.2492
4970,301,170,57,74,18.9369,24.5847
4971,300,168,58,74,19.3333,24.6667
4972,298,162,59,77,19.7987,25.8389
4973,300,160,64,76,21.3333,25.3333
4974,299,159,63,77,21.0702,25.7525
4975,300,157,69,74,23.0000,24.6667
4976,300,157,68,75,22.6667,25.0000
4977,299,152,71,76,23.7458,25.4181
4978,299,148,75,76,25.0836,25.4181
4979,301,145,78,78,25.9136,25.9136
4980,301,144,78,79,25.9136,26.2458
4981,301,141,79,81,26.2458,26.9103
4982,301,133,89,79,29.5681,26.2458
4983,301,129,91,81,30.2326,26.9103
4984,301,127,92,82,30.5648,27.2425
4985,301,122,90,89,29.9003,29.5681
4986,301,117,94,90,31.2292,29.9003
4987,301,114,98,89,32.5581,29.5681
4988,299,108,99,92,33.1104,30.7692
4989,300,109,101,90,33.6667,30.0000
4990,299,104,104,91,34.7826,30.4348
4991,299,101,107,91,35.7860,30.4348
4992,299,98,106,95,35.4515,31.7726
4993,299,96,106,97,35.4515,32.4415
4994,301,97,103,101,34.2193,33.5548
4995,301,93,106,102,35.2159,33.8870
4996,299,89,105,105,35.1171,35.1171
4997,299,89,106,104,35.4515,34.7826
4998,300,90,99,111,33.0000,37.0000
4999,298,90,95,113,31.8792,37.9195
5000,299,92,93,114,31.1037,38.1271
5001,299,89,93,117,31.1037,39.1304
5002,299,88,90,121,30.1003,40.4682
5003,297,87,89,121,29.9663,40.7407
5004,300,91,86,123,28.6667,41.0000
5005,300,93,82,125,27.3333,41.6667
5006,296,93,76,127,25.6757,42.9054
5007,297,90,79,128,26.5993,43.0976
5008,298,88,78,132,26.1745,44.2953
5009,298,93,73,132,24.4966,44.2953
5010,300,92,71,137,23.6667,45.6667
5011,298,91,65,142,21.8121,47.6510
5012,302,95,64,143,21.1921,47.3510
5013,301,95,59,147,19.6013,48.8372
5014,299,95,57,147,19.0635,49.1639
5015,300,94,58,148,19.3333,49.3333
5016,300,95,50,155,16.6667,51.6667
5017,300,93,46,161,15.3333,53.6667
5018,300,92,50,158,16.6667,52.6667
5019,300,93,49,158,16.3333,52.6667
5020,300,92,49,159,16.3333,53.0000
5021,300,91,47,162,15.6667,54.0000
5022,299,88,45,166,15.0502,55.5184
5023,300,92,42,166,14.0000,55.3333
5024,299,94,41,164,13.7124,54.8495
5025,302,96,42,164,13.9073,54.3046
5026,302,98,42,162,13.9073,53.6424
5027,301,97,38,166,12.6246,55.1495
5028,301,99,36,166,11.9601,55.1495
5029,301,102,32,167,10.6312,55.4817
5030,301,103,31,167,10.2990,55.4817
5031,300,104,31,165,10.3333,55.0000
5032,299,105,31,163,10.3679,54.5151
5033,302,110,28,164,9.2715,54.3046
5034,302,110,28,164,9.2715,54.3046
5035,302,111,27,164,8.9404,54.3046
5036,302,112,25,165,8.2781,54.6358
5037,301,120,23,158,7.6412,52.4917
5038,300,122,21,157,7.0000,52.3333
5039,299,122,21,156,7.0234,52.1739
5040,303,129,20,154,6.6007,50.8251
5041,302,130,18,154,5.9603,50.9934
5042,302,131,17,154,5.6291,50.9934
5043,302,133,17,152,5.6291,50.3311
5044,302,138,15,149,4.9669,49.3377
5045,302,142,15,145,4.9669,48.0132
5046,301,145,14,142,4.6512,47.1761
5047,301,148,13,140,4.3189,46.5116
5048,301,152,12,137,3.9867,45.5150
5049,301,153,12,136,3.9867,45.1827
5050,300,160,11,129,3.6667,43.0000
5051,300,163,10,127,3.3333,42.3333
5052,300,164,11,125,3.6667,41.6667
5053,300,166,11,123,3.6667,41.0000
5054,300,171,10,119,3.3333,39.6667
5055,300,173,10,117,3.3333,39.0000
5056,300,176,10,114,3.3333,38.0000
5057,300,180,10,110,3.3333,36.6667
5058,300,182,10,108,3.3333,36.0000
5059,299,185,9,105,3.0100,35.1171
5060,303,193,10,100,3.3003,33.0033
5061,303,198,10,95,3.3003,31.3531
5062,303,203,10,90,3.3003,29.7030
5063,302,208,9,85,2.9801,28.1457
5064,302,212,8,82,2.6490,27.1523
5065,302,215,10,77,3.3113,25.4967
5066,302,215,11,76,3.6424,25.1656
5067,302,217,10,75,3.3113,24.8344
5068,302,225,10,67,3.3113,22.1854
5069,302,231,9,62,2.9801,20.5298
5070,302,231,9,62,2.9801,20.5298
5071,302,233,9,60,2.9801,19.8675
5072,301,234,8,59,2.6578,19.6013
5073,301,237,6,58,1.9934,19.2691
5074,301,241,6,54,1.9934,17.9402
5075,301,242,8,51,2.6578,16.9435
5076,301,243,9,49,2.9900,16.2791
5077,300,243,9,48,3.0000,16.0000
5078,300,242,10,48,3.3333,16.0000
5079,300,246,9,45,3.0000,15.0000
5080,300,250,9,41,3.0000,13.6667
5081,300,254,8,38,2.6667,12.6667
5082,300,256,8,36,2.6667,12.0000
5083,300,257,8,35,2.6667,11.6667
5084,300,256,9,35,3.0000,11.6667
5085,300,260,9,31,3.0000,10.3333
5086,299,260,6,33,2.0067,11.0368
5087,304,267,6,31,1.9737,10.1974
5088,304,269,6,29,1.9737,9.5395
5089,304,270,6,28,1.9737,9.2105
5090,304,269,9,26,2.9605,8.5526
5091,304,269,9,26,2.9605,8.5526
5092,304,267,12,25,3.9474,8.2237
5093,304,266,14,24,4.6053,7.8947
5094,304,265,16,23,5.2632,7.5658
5095,304,266,16,22,5.2632,7.2368
5096,302,268,14,20,4.6358,6.6225
5097,302,267,15,20,4.9669,6.6225
5098,302,264,17,21,5.6291,6.9536
5099,302,265,17,20,5.6291,6.6225
5100,302,265,18,19,5.9603,6.2914
5101,302,265,19,18,6.2914,5.9603
5102,302,263,21,18,6.9536,5.9603
5103,302,263,23,16,7.6159,5.2980
5104,302,257,28,17,9.2715,5.6291
5105,302,253,33,16,10.9272,5.2980
5106,302,251,36,15,11.9205,4.9669
5107,302,250,37,15,12.2517,4.9669
5108,302,246,42,14,13.9073,4.6358
5109,302,242,46,14,15.2318,4.6358
5110,302,242,47,13,15.5629,4.3046
5111,302,237,49,16,16.2252,5.2980
5112,302,235,50,17,16.5563,5.6291
5113,300,228,54,18,18.0000,6.0000
5114,299,227,54,18,18.0602,6.0201
5115,302,223,59,20,19.5364,6.6225
5116,302,221,61,20,20.1987,6.6225
5117,302,218,63,21,20.8609,6.9536
5118,302,213,65,24,21.5232,7.9470
5119,302,211,67,24,22.1854,7.9470
5120,302,204,74,24,24.5033,7.9470
5121,302,202,75,25,24.8344,8.2781
5122,302,198,79,25,26.1589,8.2781
5123,302,190,85,27,28.1457,8.9404
5124,301,186,84,31,27.9070,10.2990
5125,300,185,79,36,26.3333,12.0000
5126,300,180,83,37,27.6667,12.3333
5127,299,175,85,39,28.4281,13.0435
5128,300,171,88,41,29.3333,13.6667
5129,298,164,90,44,30.2013,14.7651
5130,298,159,92,47,30.8725,15.7718
5131,298,160,92,46,30.8725,15.4362
5132,298,152,97,49,32.5503,16.4430
5133,304,155,99,50,32.5658,16.4474
5134,299,145,101,53,33.7793,17.7258
5135,302,142,105,55,34.7682,18.2119
5136,300,133,107,60,35.6667,20.0000
5137,299,124,112,63,37.4582,21.0702
5138,297,119,116,62,39.0572,20.8754
5139,298,112,122,64,40.9396,21.4765
5140,297,107,120,70,40.4040,23.5690
5141,297,100,124,73,41.7508,24.5791
5142,294,98,121,75,41.1565,25.5102
5143,293,92,123,78,41.9795,26.6212
5144,291,86,122,83,41.9244,28.5223
5145,295,85,123,87,41.6949,29.4915
5146,294,82,122,90,41.4966,30.6122
5147,294,80,121,93,41.1565,31.6327
5148,291,76,119,96,40.8935,32.9897
5149,292,75,117,100,40.0685,34.2466
5150,296,81,115,100,38.8514,33.7838
5151,297,78,117,102,39.3939,34.3434
5152,297,77,110,110,37.0370,37.0370
5153,296,72,110,114,37.1622,38.5135
5154,295,72,106,117,35.9322,39.6610
5155,293,68,105,120,35.8362,40.9556
5156,294,68,96,130,32.6531,44.2177
5157,297,68,92,137,30.9764,46.1279
5158,298,66,89,143,29.8658,47.9866
5159,297,65,82,150,27.6094,50.5051
5160,295,65,79,151,26.7797,51.1864
5161,297,65,73,159,24.5791,53.5354
5162,296,64,68,164,22.9730,55.4054
5163,300,72,62,166,20.6667,55.3333
5164,298,72,59,167,19.7987,56.0403
5165,298,72,56,170,18.7919,57.0470
5166,300,74,52,174,17.3333,58.0000
5167,299,76,48,175,16.0535,58.5284
5168,301,76,47,178,15.6146,59.1362
5169,301,75,47,179,15.6146,59.4684
5170,301,78,43,180,14.2857,59.8007
5171,301,79,39,183,12.9568,60.7973
5172,300,78,36,186,12.0000,62.0000
5173,299,79,33,187,11.0368,62.5418
5174,300,79,33,188,11.0000,62.6667
5175,299,81,28,190,9.3645,63.5452
5176,299,85,26,188,8.6957,62.8763
5177,300,92,24,184,8.0000,61.3333
5178,298,91,21,186,7.0470,62.4161
5179,302,98,18,186,5.9603,61.5894
5180,302,100,18,184,5.9603,60.9272
5181,302,102,18,182,5.9603,60.2649
5182,302,105,17,180,5.6291,59.6026
5183,302,105,16,181,5.2980,59.9338
5184,302,108,15,179,4.9669,59.2715
5185,301,109,14,178,4.6512,59.1362
5186,301,112,14,175,4.6512,58.1395
5187,301,114,14,173,4.6512,57.4751
5188,301,119,13,169,4.3189,56.1462
5189,300,122,9,169,3.0000,56.3333
5190,300,122,9,169,3.0000,56.3333
5191,300,124,9,167,3.0000,55.6667
5192,300,129,9,162,3.0000,54.0000
5193,300,132,9,159,3.0000,53.0000
5194,298,134,6,158,2.0134,53.0201
5195,304,141,8,155,2.6316,50.9868
5196,304,144,10,150,3.2895,49.3421
5197,304,148,9,147,2.9605,48.3553
5198,302,151,7,144,2.3179,47.6821
5199,302,155,7,140,2.3179,46.3576
5200,302,158,7,137,2.3179,45.3642
