tick,total,susceptible,infected,immune,pct_infected,pct_immune
0,150,140,10,0,6.6667,0.0000
1,151,137,14,0,9.2715,0.0000
2,155,140,15,0,9.6774,0.0000
3,156,141,15,0,9.6154,0.0000
4,156,140,16,0,10.2564,0.0000
5,157,140,17,0,10.8280,0.0000
6,160,142,18,0,11.2500,0.0000
7,161,142,19,0,11.8012,0.0000
8,164,143,21,0,12.8049,0.0000
9,168,147,21,0,12.5000,0.0000
10,170,147,23,0,13.5294,0.0000
11,171,146,25,0,14.6199,0.0000
12,172,147,25,0,14.5349,0.0000
13,174,148,26,0,14.9425,0.0000
14,176,147,29,0,16.4773,0.0000
15,176,145,31,0,17.6136,0.0000
16,178,146,32,0,17.9775,0.0000
17,178,145,33,0,18.5393,0.0000
18,179,145,34,0,18.9944,0.0000
19,183,146,37,0,20.2186,0.0000
20,186,147,39,0,20.9677,0.0000
21,185,147,30,8,16.2162,4.3243
22,187,150,28,9,14.9733,4.8128
23,188,151,28,9,14.8936,4.7872
24,190,151,30,9,15.7895,4.7368
25,190,151,30,9,15.7895,4.7368
26,195,153,31,11,15.8974,5.6410
27,198,153,34,11,17.1717,5.5556
28,199,151,36,12,18.0905,6.0302
29,202,153,35,14,17.3267,6.9307
30,204,154,36,14,17.6471,6.8627
31,205,153,35,17,17.0732,8.2927
32,208,152,38,18,18.2692,8.6538
33,215,157,40,18,18.6047,8.3721
34,214,154,40,20,18.6916,9.3458
35,217,156,40,21,18.4332,9.6774
36,219,153,44,22,20.0913,10.0457
37,221,152,46,23,20.8145,10.4072
38,222,148,50,24,22.5225,10.8108
39,224,146,52,26,23.2143,11.6071
40,225,147,51,27,22.6667,12.0000
41,227,147,51,29,22.4670,12.7753
42,228,141,55,32,24.1228,14.0351
43,229,138,58,33,25.3275,14.4105
44,231,137,61,33,26.4069,14.2857
45,232,133,64,35,27.5862,15.0862
46,233,132,62,39,26.6094,16.7382
47,235,130,65,40,27.6596,17.0213
48,236,132,62,42,26.2712,17.7966
49,237,128,65,44,27.4262,18.5654
50,238,120,74,44,31.0924,18.4874
51,238,119,73,46,30.6723,19.3277
52,237,119,70,48,29.5359,20.2532
53,240,119,70,51,29.1667,21.2500
54,242,119,70,53,28.9256,21.9008
55,244,120,70,54,28.6885,22.1311
56,246,119,70,57,28.4553,23.1707
57,247,118,69,60,27.9352,24.2915
58,246,113,68,65,27.6423,26.4228
59,248,112,67,69,27.0161,27.8226
60,248,108,69,71,27.8226,28.6290
61,249,105,73,71,29.3173,28.5141
62,251,106,71,74,28.2869,29.4821
63,254,108,65,81,25.5906,31.8898
64,254,109,62,83,24.4094,32.6772
65,254,106,63,85,24.8031,33.4646
66,257,106,63,88,24.5136,34.2412
67,257,106,58,93,22.5681,36.1868
68,259,107,59,93,22.7799,35.9073
69,260,105,60,95,23.0769,36.5385
70,260,99,59,102,22.6923,39.2308
71,261,96,60,105,22.9885,40.2299
72,262,92,64,106,24.4275,40.4580
73,264,99,63,102,23.8636,38.6364
74,265,99,63,103,23.7736,38.8679
75,266,98,65,103,24.4361,38.7218
76,269,96,66,107,24.5353,39.7770
77,270,94,69,107,25.5556,39.6296
78,273,96,69,108,25.2747,39.5604
79,272,94,67,111,24.6324,40.8088
80,273,93,65,115,23.8095,42.1245
81,275,94,65,116,23.6364,42.1818
82,278,95,64,119,23.0216,42.8058
83,281,98,67,116,23.8434,41.2811
84,284,99,70,115,24.6479,40.4930
85,285,94,74,117,25.9649,41.0526
86,287,95,75,117,26.1324,40.7666
87,289,95,74,120,25.6055,41.5225
88,288,93,76,119,26.3889,41.3194
89,292,97,74,121,25.3425,41.4384
90,297,102,73,122,24.5791,41.0774
91,298,101,71,126,23.8255,42.2819
92,298,101,68,129,22.8188,43.2886
93,300,102,67,131,22.3333,43.6667
94,298,104,64,130,21.4765,43.6242
95,304,105,70,129,23.0263,42.4342
96,303,99,73,131,24.0924,43.2343
97,301,100,67,134,22.2591,44.5183
98,301,100,69,132,22.9236,43.8538
99,301,99,66,136,21.9269,45.1827
100,301,99,65,137,21.5947,45.5150
101,300,100,62,138,20.6667,46.0000
102,300,97,62,141,20.6667,47.0000
103,299,95,62,142,20.7358,47.4916
104,304,101,62,141,20.3947,46.3816
105,303,102,60,141,19.8020,46.5347
106,300,102,57,141,19.0000,47.0000
107,298,101,55,142,18.4564,47.6510
108,298,102,55,141,18.4564,47.3154
109,300,108,52,140,17.3333,46.6667
110,299,107,56,136,18.7291,45.4849
111,301,110,56,135,18.6047,44.8505
112,300,111,53,136,17.6667,45.3333
113,298,108,54,136,18.1208,45.6376
114,298,107,55,136,18.4564,45.6376
115,300,114,55,131,18.3333,43.6667
116,298,113,52,133,17.4497,44.6309
117,301,117,49,135,16.2791,44.8505
118,301,117,48,136,15.9468,45.1827
119,301,122,47,132,15.6146,43.8538
120,301,118,49,134,16.2791,44.5183
121,301,119,49,133,16.2791,44.1860
122,301,125,47,129,15.6146,42.8571
123,301,119,53,129,17.6080,42.8571
124,300,118,52,130,17.3333,43.3333
125,299,120,52,127,17.3913,42.4749
126,302,123,53,126,17.5497,41.7219
127,302,122,53,127,17.5497,42.0530
128,302,124,51,127,16.8874,42.0530
129,302,121,53,128,17.5497,42.3841
130,301,122,53,126,17.6080,41.8605
131,301,124,48,129,15.9468,42.8571
132,301,127,48,126,15.9468,41.8605
133,301,129,49,123,16.2791,40.8638
134,301,130,47,124,15.6146,41.1960
135,301,129,44,128,14.6179,42.5249
136,300,129,41,130,13.6667,43.3333
137,300,128,43,129,14.3333,43.0000
138,299,129,40,130,13.3779,43.4783
139,301,136,40,125,13.2890,41.5282
140,300,135,39,126,13.0000,42.0000
141,297,137,36,124,12.1212,41.7508
142,301,140,39,122,12.9568,40.5316
143,299,144,34,121,11.3712,40.4682
144,302,149,33,120,10.9272,39.7351
145,300,151,32,117,10.6667,39.0000
146,300,152,32,116,10.6667,38.6667
147,299,150,32,117,10.7023,39.1304
148,300,152,32,116,10.6667,38.6667
149,299,154,32,113,10.7023,37.7926
150,298,155,30,113,10.0671,37.9195
151,300,159,30,111,10.0000,37.0000
152,300,159,31,110,10.3333,36.6667
153,300,159,34,107,11.3333,35.6667
154,299,158,36,105,12.0401,35.1171
155,302,161,36,105,11.9205,34.7682
156,302,159,39,104,12.9139,34.4371
157,302,159,40,103,13.2450,34.1060
158,302,156,44,102,14.5695,33.7748
159,302,156,45,101,14.9007,33.4437
160,302,158,45,99,14.9007,32.7815
161,302,155,49,98,16.2252,32.4503
162,300,152,49,99,16.3333,33.0000
163,300,148,54,98,18.0000,32.6667
164,300,146,58,96,19.3333,32.0000
165,300,139,62,99,20.6667,33.0000
166,299,139,63,97,21.0702,32.4415
167,301,138,66,97,21.9269,32.2259
168,301,138,69,94,22.9236,31.2292
169,301,135,75,91,24.9169,30.2326
170,299,136,75,88,25.0836,29.4314
171,301,138,74,89,24.5847,29.5681
172,301,137,77,87,25.5814,28.9037
173,298,135,75,88,25.1678,29.5302
174,297,129,82,86,27.6094,28.9562
175,298,133,81,84,27.1812,28.1879
176,299,132,81,86,27.0903,28.7625
177,301,132,83,86,27.5748,28.5714
178,301,128,85,88,28.2392,29.2359
179,299,124,86,89,28.7625,29.7659
180,301,127,87,87,28.9037,28.9037
181,301,122,91,88,30.2326,29.2359
182,301,121,89,91,29.5681,30.2326
183,300,123,89,88,29.6667,29.3333
184,299,118,86,95,28.7625,31.7726
185,299,116,85,98,28.4281,32.7759
186,298,115,86,97,28.8591,32.5503
187,296,114,86,96,29.0541,32.4324
188,297,115,85,97,28.6195,32.6599
189,296,118,81,97,27.3649,32.7703
190,298,120,78,100,26.1745,33.5570
191,302,123,77,102,25.4967,33.7748
192,302,120,78,104,25.8278,34.4371
193,301,113,82,106,27.2425,35.2159
194,300,109,79,112,26.3333,37.3333
195,298,107,83,108,27.8523,36.2416
196,299,108,83,108,27.7592,36.1204
197,302,112,80,110,26.4901,36.4238
198,302,110,80,112,26.4901,37.0861
199,302,108,77,117,25.4967,38.7417
200,300,105,78,117,26.0000,39.0000
201,298,105,76,117,25.5034,39.2617
202,301,105,76,120,25.2492,39.8671
203,299,100,79,120,26.4214,40.1338
204,303,103,75,125,24.7525,41.2541
205,301,99,76,126,25.2492,41.8605
206,301,95,77,129,25.5814,42.8571
207,299,93,77,129,25.7525,43.1438
208,298,90,78,130,26.1745,43.6242
209,301,95,76,130,25.2492,43.1894
210,301,90,81,130,26.9103,43.1894
211,300,87,81,132,27.0000,44.0000
212,300,86,81,133,27.0000,44.3333
213,297,85,75,137,25.2525,46.1279
214,303,88,77,138,25.4125,45.5446
215,302,88,70,144,23.1788,47.6821
216,300,87,68,145,22.6667,48.3333
217,300,87,70,143,23.3333,47.6667
218,300,85,71,144,23.6667,48.0000
219,299,83,70,146,23.4114,48.8294
220,303,87,69,147,22.7723,48.5149
221,302,85,70,147,23.1788,48.6755
222,302,84,69,149,22.8477,49.3377
223,301,84,66,151,21.9269,50.1661
224,300,82,63,155,21.0000,51.6667
225,298,83,59,156,19.7987,52.3490
226,301,84,61,156,20.2658,51.8272
227,299,81,58,160,19.3980,53.5117
228,301,88,52,161,17.2757,53.4884
229,301,86,54,161,17.9402,53.4884
230,300,84,56,160,18.6667,53.3333
231,299,84,52,163,17.3913,54.5151
232,297,85,51,161,17.1717,54.2088
233,299,87,52,160,17.3913,53.5117
234,298,91,50,157,16.7785,52.6846
235,296,89,51,156,17.2297,52.7027
236,298,97,53,148,17.7852,49.6644
237,300,103,51,146,17.0000,48.6667
238,299,102,52,145,17.3913,48.4950
239,305,110,49,146,16.0656,47.8689
240,303,110,49,144,16.1716,47.5248
241,303,110,46,147,15.1815,48.5149
242,303,113,49,141,16.1716,46.5347
243,301,109,51,141,16.9435,46.8439
244,301,111,51,139,16.9435,46.1794
245,300,112,51,137,17.0000,45.6667
246,300,114,54,132,18.0000,44.0000
247,296,108,55,133,18.5811,44.9324
248,295,111,54,130,18.3051,44.0678
249,296,114,53,129,17.9054,43.5811
250,297,112,58,127,19.5286,42.7609
251,298,114,60,124,20.1342,41.6107
252,300,116,61,123,20.3333,41.0000
253,300,114,63,123,21.0000,41.0000
254,300,117,62,121,20.6667,40.3333
255,298,119,57,122,19.1275,40.9396
256,300,123,61,116,20.3333,38.6667
257,299,120,62,117,20.7358,39.1304
258,302,123,66,113,21.8543,37.4172
259,301,119,69,113,22.9236,37.5415
260,301,115,71,115,23.5880,38.2060
261,300,113,73,114,24.3333,38.0000
262,299,113,73,113,24.4147,37.7926
263,301,117,69,115,22.9236,38.2060
264,300,115,69,116,23.0000,38.6667
265,300,114,75,111,25.0000,37.0000
266,299,111,79,109,26.4214,36.4548
267,302,117,77,108,25.4967,35.7616
268,301,116,77,108,25.5814,35.8804
269,301,115,77,109,25.5814,36.2126
270,301,112,77,112,25.5814,37.2093
271,300,113,75,112,25.0000,37.3333
272,298,112,75,111,25.1678,37.2483
273,300,113,75,112,25.0000,37.3333
274,300,111,77,112,25.6667,37.3333
275,300,110,81,109,27.0000,36.3333
276,299,112,80,107,26.7559,35.7860
277,299,110,81,108,27.0903,36.1204
278,300,106,82,112,27.3333,37.3333
279,300,106,84,110,28.0000,36.6667
280,298,106,80,112,26.8456,37.5839
281,301,109,79,113,26.2458,37.5415
282,300,108,79,113,26.3333,37.6667
283,300,111,79,110,26.3333,36.6667
284,300,107,82,111,27.3333,37.0000
285,298,103,79,116,26.5101,38.9262
286,298,101,80,117,26.8456,39.2617
287,301,106,74,121,24.5847,40.1993
288,300,104,74,122,24.6667,40.6667
289,299,104,71,124,23.7458,41.4716
290,303,105,75,123,24.7525,40.5941
291,302,105,75,122,24.8344,40.3974
292,300,102,73,125,24.3333,41.6667
293,299,101,77,121,25.7525,40.4682
294,301,98,80,123,26.5781,40.8638
295,301,97,76,128,25.2492,42.5249
296,301,94,78,129,25.9136,42.8571
297,301,92,77,132,25.5814,43.8538
298,297,92,71,134,23.9057,45.1178
299,299,96,67,136,22.4080,45.4849
300,300,97,61,142,20.3333,47.3333
301,299,93,64,142,21.4047,47.4916
302,300,94,65,141,21.6667,47.0000
303,300,93,65,142,21.6667,47.3333
304,299,91,64,144,21.4047,48.1605
305,301,95,61,145,20.2658,48.1728
306,300,96,58,146,19.3333,48.6667
307,299,96,58,145,19.3980,48.4950
308,303,98,60,145,19.8020,47.8548
309,303,97,61,145,20.1320,47.8548
310,303,94,60,149,19.8020,49.1749
311,302,95,58,149,19.2053,49.3377
312,301,94,57,150,18.9369,49.8339
313,300,93,56,151,18.6667,50.3333
314,298,90,53,155,17.7852,52.0134
315,301,96,52,153,17.2757,50.8306
316,299,97,49,153,16.3880,51.1706
317,300,94,51,155,17.0000,51.6667
318,300,92,52,156,17.3333,52.0000
319,299,97,53,149,17.7258,49.8328
320,302,101,54,147,17.8808,48.6755
321,301,96,56,149,18.6047,49.5017
322,301,99,56,146,18.6047,48.5050
323,301,99,59,143,19.6013,47.5083
324,300,96,58,146,19.3333,48.6667
325,300,95,59,146,19.6667,48.6667
326,300,94,62,144,20.6667,48.0000
327,300,94,61,145,20.3333,48.3333
328,299,94,59,146,19.7324,48.8294
329,301,99,59,143,19.6013,47.5083
330,300,100,60,140,20.0000,46.6667
331,298,101,60,137,20.1342,45.9732
332,297,107,56,134,18.8552,45.1178
333,301,112,56,133,18.6047,44.1860
334,300,114,54,132,18.0000,44.0000
335,300,109,58,133,19.3333,44.3333
336,299,108,59,132,19.7324,44.1472
337,302,114,60,128,19.8675,42.3841
338,301,114,55,132,18.2724,43.8538
339,301,117,56,128,18.6047,42.5249
340,301,116,58,127,19.2691,42.1927
341,301,112,62,127,20.5980,42.1927
342,301,109,59,133,19.6013,44.1860
343,299,109,59,131,19.7324,43.8127
344,301,112,60,129,19.9336,42.8571
345,299,109,60,130,20.0669,43.4783
346,298,107,61,130,20.4698,43.6242
347,302,115,62,125,20.5298,41.3907
348,301,114,63,124,20.9302,41.1960
349,301,117,62,122,20.5980,40.5316
350,299,116,63,120,21.0702,40.1338
351,299,118,62,119,20.7358,39.7993
352,301,125,62,114,20.5980,37.8738
353,300,124,62,114,20.6667,38.0000
354,300,120,67,113,22.3333,37.6667
355,300,119,67,114,22.3333,38.0000
356,299,116,69,114,23.0769,38.1271
357,300,117,70,113,23.3333,37.6667
358,300,118,69,113,23.0000,37.6667
359,300,114,73,113,24.3333,37.6667
360,300,112,74,114,24.6667,38.0000
361,299,109,73,117,24.4147,39.1304
362,299,114,69,116,23.0769,38.7960
363,301,112,71,118,23.5880,39.2027
364,300,116,69,115,23.0000,38.3333
365,298,117,66,115,22.1477,38.5906
366,300,121,64,115,21.3333,38.3333
367,298,124,60,114,20.1342,38.2550
368,300,125,61,114,20.3333,38.0000
369,300,126,60,114,20.0000,38.0000
370,300,126,60,114,20.0000,38.0000
371,300,121,61,118,20.3333,39.3333
372,300,112,69,119,23.0000,39.6667
373,299,111,71,117,23.7458,39.1304
374,300,113,70,117,23.3333,39.0000
375,299,109,70,120,23.4114,40.1338
376,299,111,67,121,22.4080,40.4682
377,302,115,66,121,21.8543,40.0662
378,302,110,67,125,22.1854,41.3907
379,299,104,69,126,23.0769,42.1405
380,301,107,71,123,23.5880,40.8638
381,301,106,69,126,22.9236,41.8605
382,301,106,68,127,22.5914,42.1927
383,300,105,66,129,22.0000,43.0000
384,299,108,63,128,21.0702,42.8094
385,300,108,64,128,21.3333,42.6667
386,298,102,69,127,23.1544,42.6174
387,300,105,70,125,23.3333,41.6667
388,299,104,69,126,23.0769,42.1405
389,304,108,71,125,23.3553,41.1184
390,304,113,70,121,23.0263,39.8026
391,303,107,74,122,24.4224,40.2640
392,301,105,68,128,22.5914,42.5249
393,300,106,65,129,21.6667,43.0000
394,300,112,63,125,21.0000,41.6667
395,299,113,61,125,20.4013,41.8060
396,300,113,59,128,19.6667,42.6667
397,299,111,61,127,20.4013,42.4749
398,301,112,62,127,20.5980,42.1927
399,298,114,52,132,17.4497,44.2953
400,303,118,50,135,16.5017,44.5545
401,303,119,49,135,16.1716,44.5545
402,303,120,47,136,15.5116,44.8845
403,303,122,47,134,15.5116,44.2244
404,303,120,49,134,16.1716,44.2244
405,301,119,49,133,16.2791,44.1860
406,301,114,50,137,16.6113,45.5150
407,300,116,48,136,16.0000,45.3333
408,299,119,46,134,15.3846,44.8161
409,303,120,49,134,16.1716,44.2244
410,302,120,50,132,16.5563,43.7086
411,302,122,43,137,14.2384,45.3642
412,301,119,45,137,14.9502,45.5150
413,300,123,44,133,14.6667,44.3333
414,299,122,45,132,15.0502,44.1472
415,302,131,44,127,14.5695,42.0530
416,301,131,41,129,13.6213,42.8571
417,301,130,42,129,13.9535,42.8571
418,300,134,39,127,13.0000,42.3333
419,299,134,39,126,13.0435,42.1405
420,299,135,40,124,13.3779,41.4716
421,301,138,39,124,12.9568,41.1960
422,301,137,42,122,13.9535,40.5316
423,300,138,44,118,14.6667,39.3333
424,300,137,45,118,15.0000,39.3333
425,298,135,47,116,15.7718,38.9262
426,299,135,47,117,15.7191,39.1304
427,303,142,44,117,14.5215,38.6139
428,303,143,47,113,15.5116,37.2937
429,302,143,46,113,15.2318,37.4172
430,302,146,45,111,14.9007,36.7550
431,301,145,47,109,15.6146,36.2126
432,300,141,47,112,15.6667,37.3333
433,300,139,52,109,17.3333,36.3333
434,300,139,53,108,17.6667,36.0000
435,300,140,52,108,17.3333,36.0000
436,299,138,56,105,18.7291,35.1171
437,302,138,58,106,19.2053,35.0993
438,302,134,61,107,20.1987,35.4305
439,302,128,66,108,21.8543,35.7616
440,302,123,71,108,23.5099,35.7616
441,302,118,75,109,24.8344,36.0927
442,302,112,81,109,26.8212,36.0927
443,301,113,81,107,26.9103,35.5482
444,300,117,82,101,27.3333,33.6667
445,299,116,82,101,27.4247,33.7793
446,302,118,83,101,27.4834,33.4437
447,302,113,88,101,29.1391,33.4437
448,302,114,89,99,29.4702,32.7815
449,301,110,91,100,30.2326,33.2226
450,301,110,89,102,29.5681,33.8870
451,300,111,94,95,31.3333,31.6667
452,299,111,92,96,30.7692,32.1070
453,299,112,89,98,29.7659,32.7759
454,298,107,94,97,31.5436,32.5503
455,300,105,99,96,33.0000,32.0000
456,300,99,102,99,34.0000,33.0000
457,300,96,100,104,33.3333,34.6667
458,300,95,100,105,33.3333,35.0000
459,299,89,105,105,35.1171,35.1171
460,299,87,104,108,34.7826,36.1204
461,298,82,106,110,35.5705,36.9128
462,296,79,101,116,34.1216,39.1892
463,296,85,99,112,33.4459,37.8378
464,297,84,102,111,34.3434,37.3737
465,299,80,106,113,35.4515,37.7926
466,297,79,105,113,35.3535,38.0471
467,297,76,104,117,35.0168,39.3939
468,297,77,102,118,34.3434,39.7306
469,295,76,99,120,33.5593,40.6780
470,295,75,101,119,34.2373,40.3390
471,296,76,98,122,33.1081,41.2162
472,295,73,97,125,32.8814,42.3729
473,295,74,97,124,32.8814,42.0339
474,298,75,94,129,31.5436,43.2886
475,297,73,91,133,30.6397,44.7811
476,299,71,91,137,30.4348,45.8194
477,302,72,87,143,28.8079,47.3510
478,302,73,84,145,27.8146,48.0132
479,301,75,80,146,26.5781,48.5050
480,299,72,79,148,26.4214,49.4983
481,295,73,72,150,24.4068,50.8475
482,297,74,72,151,24.2424,50.8418
483,299,76,71,152,23.7458,50.8361
484,301,81,68,152,22.5914,50.4983
485,300,81,63,156,21.0000,52.0000
486,298,81,57,160,19.1275,53.6913
487,302,87,55,160,18.2119,52.9801
488,299,85,53,161,17.7258,53.8462
489,298,84,54,160,18.1208,53.6913
490,299,85,50,164,16.7224,54.8495
491,302,86,54,162,17.8808,53.6424
492,300,86,52,162,17.3333,54.0000
493,297,87,49,161,16.4983,54.2088
494,299,91,48,160,16.0535,53.5117
495,299,91,45,163,15.0502,54.5151
496,301,95,40,166,13.2890,55.1495
497,300,96,39,165,13.0000,55.0000
498,300,99,37,164,12.3333,54.6667
499,299,99,37,163,12.3746,54.5151
500,303,103,35,165,11.5512,54.4554
501,303,102,35,166,11.5512,54.7855
502,303,102,39,162,12.8713,53.4653
503,303,101,35,167,11.5512,55.1155
504,303,104,36,163,11.8812,53.7954
505,303,105,39,159,12.8713,52.4752
506,303,103,40,160,13.2013,52.8053
507,303,100,42,161,13.8614,53.1353
508,303,101,44,158,14.5215,52.1452
509,303,102,43,158,14.1914,52.1452
510,302,105,42,155,13.9073,51.3245
511,302,106,41,155,13.5762,51.3245
512,302,106,44,152,14.5695,50.3311
513,302,103,50,149,16.5563,49.3377
514,302,110,48,144,15.8940,47.6821
515,302,108,53,141,17.5497,46.6887
516,302,105,56,141,18.5430,46.6887
517,301,107,54,140,17.9402,46.5116
518,301,108,55,138,18.2724,45.8472
519,301,109,57,135,18.9369,44.8505
520,301,112,54,135,17.9402,44.8505
521,301,110,58,133,19.2691,44.1860
522,301,109,57,135,18.9369,44.8505
523,300,111,58,131,19.3333,43.6667
524,300,111,58,131,19.3333,43.6667
525,300,112,57,131,19.0000,43.6667
526,300,115,56,129,18.6667,43.0000
527,300,113,60,127,20.0000,42.3333
528,299,116,56,127,18.7291,42.4749
529,300,121,58,121,19.3333,40.3333
530,300,125,56,119,18.6667,39.6667
531,300,122,62,116,20.6667,38.6667
532,299,118,66,115,22.0736,38.4615
533,302,120,66,116,21.8543,38.4106
534,301,115,72,114,23.9203,37.8738
535,301,113,74,114,24.5847,37.8738
536,301,109,77,115,25.5814,38.2060
537,300,108,79,113,26.3333,37.6667
538,300,109,84,107,28.0000,35.6667
539,299,106,88,105,29.4314,35.1171
540,303,109,88,106,29.0429,34.9835
541,302,106,86,110,28.4768,36.4238
542,301,109,86,106,28.5714,35.2159
543,301,102,92,107,30.5648,35.5482
544,299,98,94,107,31.4381,35.7860
545,301,97,97,107,32.2259,35.5482
546,300,92,102,106,34.0000,35.3333
547,299,91,102,106,34.1137,35.4515
548,300,94,101,105,33.6667,35.0000
549,299,95,101,103,33.7793,34.4482
550,300,94,105,101,35.0000,33.6667
551,299,93,101,105,33.7793,35.1171
552,298,94,100,104,33.5570,34.8993
553,295,94,94,107,31.8644,36.2712
554,295,93,91,111,30.8475,37.6271
555,295,94,89,112,30.1695,37.9661
556,294,91,89,114,30.2721,38.7755
557,291,86,85,120,29.2096,41.2371
558,296,92,84,120,28.3784,40.5405
559,297,92,82,123,27.6094,41.4141
560,299,94,79,126,26.4214,42.1405
561,300,93,81,126,27.0000,42.0000
562,298,91,83,124,27.8523,41.6107
563,301,92,84,125,27.9070,41.5282
564,300,92,79,129,26.3333,43.0000
565,298,89,79,130,26.5101,43.6242
566,297,89,72,136,24.2424,45.7912
567,301,94,67,140,22.2591,46.5116
568,301,91,68,142,22.5914,47.1761
569,300,93,67,140,22.3333,46.6667
570,297,91,65,141,21.8855,47.4747
571,298,91,64,143,21.4765,47.9866
572,298,95,61,142,20.4698,47.6510
573,301,100,58,143,19.2691,47.5083
574,301,100,60,141,19.9336,46.8439
575,301,92,65,144,21.5947,47.8405
576,298,90,62,146,20.8054,48.9933
577,298,89,63,146,21.1409,48.9933
578,297,90,59,148,19.8653,49.8316
579,298,91,60,147,20.1342,49.3289
580,300,98,57,145,19.0000,48.3333
581,299,96,56,147,18.7291,49.1639
582,297,100,49,148,16.4983,49.8316
583,298,101,47,150,15.7718,50.3356
584,299,103,45,151,15.0502,50.5017
585,303,111,45,147,14.8515,48.5149
586,300,111,43,146,14.3333,48.6667
587,300,112,43,145,14.3333,48.3333
588,299,114,43,142,14.3813,47.4916
589,300,118,41,141,13.6667,47.0000
590,300,116,42,142,14.0000,47.3333
591,300,114,42,144,14.0000,48.0000
592,300,113,43,144,14.3333,48.0000
593,300,117,42,141,14.0000,47.0000
594,300,117,41,142,13.6667,47.3333
595,299,115,40,144,13.3779,48.1605
596,300,115,37,148,12.3333,49.3333
597,299,115,34,150,11.3712,50.1672
598,302,115,36,151,11.9205,50.0000
599,301,116,37,148,12.2924,49.1694
600,300,117,37,146,12.3333,48.6667
601,299,114,39,146,13.0435,48.8294
602,301,116,39,146,12.9568,48.5050
603,300,119,39,142,13.0000,47.3333
604,299,119,42,138,14.0468,46.1538
605,301,125,42,134,13.9535,44.5183
606,300,126,44,130,14.6667,43.3333
607,300,128,47,125,15.6667,41.6667
608,300,130,46,124,15.3333,41.3333
609,300,135,46,119,15.3333,39.6667
610,299,135,47,117,15.7191,39.1304
611,300,139,46,115,15.3333,38.3333
612,299,137,49,113,16.3880,37.7926
613,302,141,51,110,16.8874,36.4238
614,302,136,56,110,18.5430,36.4238
615,302,139,56,107,18.5430,35.4305
616,302,141,55,106,18.2119,35.0993
617,302,140,55,107,18.2119,35.4305
618,302,147,53,102,17.5497,33.7748
619,302,150,53,99,17.5497,32.7815
620,301,150,53,98,17.6080,32.5581
621,301,147,53,101,17.6080,33.5548
622,301,146,52,103,17.2757,34.2193
623,300,148,51,101,17.0000,33.6667
624,300,146,55,99,18.3333,33.0000
625,297,143,56,98,18.8552,32.9966
626,302,144,60,98,19.8675,32.4503
627,299,143,60,96,20.0669,32.1070
628,299,143,64,92,21.4047,30.7692
629,301,139,69,93,22.9236,30.8970
630,301,143,69,89,22.9236,29.5681
631,299,142,69,88,23.0769,29.4314
632,301,142,70,89,23.2558,29.5681
633,300,140,69,91,23.0000,30.3333
634,300,138,70,92,23.3333,30.6667
635,300,141,70,89,23.3333,29.6667
636,299,141,69,89,23.0769,29.7659
637,300,137,75,88,25.0000,29.3333
638,300,129,80,91,26.6667,30.3333
639,300,125,84,91,28.0000,30.3333
640,299,119,89,91,29.7659,30.4348
641,299,119,89,91,29.7659,30.4348
642,301,120,90,91,29.9003,30.2326
643,300,119,91,90,30.3333,30.0000
644,300,116,92,92,30.6667,30.6667
645,298,112,93,93,31.2081,31.2081
646,297,107,97,93,32.6599,31.3131
647,298,108,96,94,32.2148,31.5436
648,297,110,93,94,31.3131,31.6498
649,299,115,90,94,30.1003,31.4381
650,301,115,91,95,30.2326,31.5615
651,301,111,95,95,31.5615,31.5615
652,299,108,93,98,31.1037,32.7759
653,301,108,94,99,31.2292,32.8904
654,299,104,94,101,31.4381,33.7793
655,302,105,94,103,31.1258,34.1060
656,302,101,97,104,32.1192,34.4371
657,300,97,93,110,31.0000,36.6667
658,300,93,90,117,30.0000,39.0000
659,300,90,92,118,30.6667,39.3333
660,300,88,89,123,29.6667,41.0000
661,299,87,85,127,28.4281,42.4749
662,300,86,86,128,28.6667,42.6667
663,300,85,86,129,28.6667,43.0000
664,300,84,85,131,28.3333,43.6667
665,300,82,82,136,27.3333,45.3333
666,298,80,78,140,26.1745,46.9799
667,299,80,75,144,25.0836,48.1605
668,300,83,72,145,24.0000,48.3333
669,299,82,73,144,24.4147,48.1605
670,303,88,72,143,23.7624,47.1947
671,303,85,72,146,23.7624,48.1848
672,302,82,72,148,23.8411,49.0066
673,302,81,72,149,23.8411,49.3377
674,301,84,68,149,22.5914,49.5017
675,301,82,67,152,22.2591,50.4983
676,300,79,68,153,22.6667,51.0000
677,299,81,64,154,21.4047,51.5050
678,296,80,59,157,19.9324,53.0405
679,298,84,56,158,18.7919,53.0201
680,297,84,55,158,18.5185,53.1987
681,301,88,54,159,17.9402,52.8239
682,299,88,52,159,17.3913,53.1773
683,297,87,49,161,16.4983,54.2088
684,300,92,49,159,16.3333,53.0000
685,299,93,50,156,16.7224,52.1739
686,301,100,48,153,15.9468,50.8306
687,301,99,48,154,15.9468,51.1628
688,301,102,45,154,14.9502,51.1628
689,300,100,44,156,14.6667,52.0000
690,298,103,41,154,13.7584,51.6779
691,301,104,43,154,14.2857,51.1628
692,297,105,36,156,12.1212,52.5253
693,298,108,35,155,11.7450,52.0134
694,299,110,33,156,11.0368,52.1739
695,304,112,36,156,11.8421,51.3158
696,303,113,36,154,11.8812,50.8251
697,303,115,34,154,11.2211,50.8251
698,302,113,36,153,11.9205,50.6623
699,302,113,40,149,13.2450,49.3377
700,302,117,40,145,13.2450,48.0132
701,301,121,37,143,12.2924,47.5083
702,301,122,37,142,12.2924,47.1761
703,301,122,37,142,12.2924,47.1761
704,300,125,36,139,12.0000,46.3333
705,299,127,34,138,11.3712,46.1538
706,304,132,32,140,10.5263,46.0526
707,302,133,32,137,10.5960,45.3642
708,302,132,34,136,11.2583,45.0331
709,302,139,33,130,10.9272,43.0464
710,302,144,34,124,11.2583,41.0596
711,300,143,35,122,11.6667,40.6667
712,300,146,37,117,12.3333,39.0000
713,300,147,41,112,13.6667,37.3333
714,300,145,43,112,14.3333,37.3333
715,299,143,45,111,15.0502,37.1237
716,299,147,45,107,15.0502,35.7860
717,301,153,43,105,14.2857,34.8837
718,300,156,41,103,13.6667,34.3333
719,299,159,40,100,13.3779,33.4448
720,300,162,42,96,14.0000,32.0000
721,300,161,44,95,14.6667,31.6667
722,300,159,48,93,16.0000,31.0000
723,300,159,50,91,16.6667,30.3333
724,300,163,50,87,16.6667,29.0000
725,300,164,52,84,17.3333,28.0000
726,300,158,60,82,20.0000,27.3333
727,300,160,61,79,20.3333,26.3333
728,300,153,67,80,22.3333,26.6667
729,300,143,79,78,26.3333,26.0000
730,300,139,87,74,29.0000,24.6667
731,299,133,91,75,30.4348,25.0836
732,300,129,93,78,31.0000,26.0000
733,299,127,96,76,32.1070,25.4181
734,300,123,97,80,32.3333,26.6667
735,300,121,100,79,33.3333,26.3333
736,298,121,96,81,32.2148,27.1812
737,300,119,100,81,33.3333,27.0000
738,300,118,102,80,34.0000,26.6667
739,300,117,104,79,34.6667,26.3333
740,299,115,105,79,35.1171,26.4214
741,303,118,107,78,35.3135,25.7426
742,301,114,109,78,36.2126,25.9136
743,299,109,112,78,37.4582,26.0870
744,305,112,115,78,37.7049,25.5738
745,305,108,117,80,38.3607,26.2295
746,304,107,115,82,37.8289,26.9737
747,302,102,115,85,38.0795,28.1457
748,302,101,111,90,36.7550,29.8013
749,297,101,105,91,35.3535,30.6397
750,299,103,99,97,33.1104,32.4415
751,297,98,96,103,32.3232,34.6801
752,297,96,94,107,31.6498,36.0269
753,297,95,90,112,30.3030,37.7104
754,298,95,90,113,30.2013,37.9195
755,301,95,90,116,29.9003,38.5382
756,301,92,92,117,30.5648,38.8704
757,301,90,90,121,29.9003,40.1993
758,300,90,89,121,29.6667,40.3333
759,299,88,88,123,29.4314,41.1371
760,301,89,86,126,28.5714,41.8605
761,299,88,80,131,26.7559,43.8127
762,299,81,87,131,29.0970,43.8127
763,299,78,82,139,27.4247,46.4883
764,298,81,79,138,26.5101,46.3087
765,299,78,79,142,26.4214,47.4916
766,304,81,79,144,25.9868,47.3684
767,301,81,74,146,24.5847,48.5050
768,301,80,71,150,23.5880,49.8339
769,300,83,71,146,23.6667,48.6667
770,299,85,68,146,22.7425,48.8294
771,302,84,68,150,22.5166,49.6689
772,298,85,64,149,21.4765,50.0000
773,301,85,65,151,21.5947,50.1661
774,300,84,62,154,20.6667,51.3333
775,300,83,61,156,20.3333,52.0000
776,298,80,60,158,20.1342,53.0201
777,299,80,57,162,19.0635,54.1806
778,300,80,56,164,18.6667,54.6667
779,298,79,55,164,18.4564,55.0336
780,299,79,58,162,19.3980,54.1806
781,300,79,60,161,20.0000,53.6667
782,297,76,54,167,18.1818,56.2290
783,300,81,52,167,17.3333,55.6667
784,299,83,50,166,16.7224,55.5184
785,299,85,48,166,16.0535,55.5184
786,301,89,46,166,15.2824,55.1495
787,301,90,45,166,14.9502,55.1495
788,299,92,45,162,15.0502,54.1806
789,302,95,46,161,15.2318,53.3113
790,301,95,46,160,15.2824,53.1561
791,301,96,45,160,14.9502,53.1561
792,298,98,40,160,13.4228,53.6913
793,299,100,40,159,13.3779,53.1773
794,303,105,35,163,11.5512,53.7954
795,303,104,36,163,11.8812,53.7954
796,303,106,33,164,10.8911,54.1254
797,302,109,30,163,9.9338,53.9735
798,301,112,28,161,9.3023,53.4884
799,301,115,28,158,9.3023,52.4917
800,301,122,27,152,8.9701,50.4983
801,299,125,22,152,7.3579,50.8361
802,302,136,19,147,6.2914,48.6755
803,302,141,19,142,6.2914,47.0199
804,302,145,19,138,6.2914,45.6954
805,302,150,20,132,6.6225,43.7086
806,302,149,23,130,7.6159,43.0464
807,301,153,20,128,6.6445,42.5249
808,301,155,20,126,6.6445,41.8605
809,301,159,19,123,6.3123,40.8638
810,300,159,21,120,7.0000,40.0000
811,299,161,20,118,6.6890,39.4649
812,303,166,22,115,7.2607,37.9538
813,303,171,22,110,7.2607,36.3036
814,303,169,25,109,8.2508,35.9736
815,302,177,22,103,7.2848,34.1060
816,302,175,25,102,8.2781,33.7748
817,302,178,25,99,8.2781,32.7815
818,302,178,27,97,8.9404,32.1192
819,302,179,30,93,9.9338,30.7947
820,302,181,31,90,10.2649,29.8013
821,302,178,34,90,11.2583,29.8013
822,302,177,36,89,11.9205,29.4702
823,302,181,38,83,12.5828,27.4834
824,301,176,41,84,13.6213,27.9070
825,301,178,41,82,13.6213,27.2425
826,300,178,42,80,14.0000,26.6667
827,300,179,43,78,14.3333,26.0000
828,300,181,43,76,14.3333,25.3333
829,300,184,44,72,14.6667,24.0000
830,300,183,45,72,15.0000,24.0000
831,300,185,44,71,14.6667,23.6667
832,300,181,47,72,15.6667,24.0000
833,300,177,50,73,16.6667,24.3333
834,299,178,53,68,17.7258,22.7425
835,301,178,57,66,18.9369,21.9269
836,301,179,58,64,19.2691,21.2625
837,301,179,57,65,18.9369,21.5947
838,300,178,59,63,19.6667,21.0000
839,300,176,59,65,19.6667,21.6667
840,300,170,63,67,21.0000,22.3333
841,298,160,70,68,23.4899,22.8188
842,298,155,74,69,24.8322,23.1544
843,299,152,77,70,25.7525,23.4114
844,303,155,78,70,25.7426,23.1023
845,301,151,79,71,26.2458,23.5880
846,301,153,82,66,27.2425,21.9269
847,301,143,89,69,29.5681,22.9236
848,301,142,92,67,30.5648,22.2591
849,301,138,98,65,32.5581,21.5947
850,300,133,101,66,33.6667,22.0000
851,300,134,99,67,33.0000,22.3333
852,300,131,102,67,34.0000,22.3333
853,297,129,103,65,34.6801,21.8855
854,297,124,105,68,35.3535,22.8956
855,297,119,107,71,36.0269,23.9057
856,300,117,110,73,36.6667,24.3333
857,299,111,115,73,38.4615,24.4147
858,300,107,116,77,38.6667,25.6667
859,299,105,117,77,39.1304,25.7525
860,300,101,117,82,39.0000,27.3333
861,300,100,116,84,38.6667,28.0000
862,298,98,108,92,36.2416,30.8725
863,299,100,104,95,34.7826,31.7726
864,300,96,102,102,34.0000,34.0000
865,299,92,104,103,34.7826,34.4482
866,299,91,101,107,33.7793,35.7860
867,298,95,95,108,31.8792,36.2416
868,299,96,90,113,30.1003,37.7926
869,302,98,88,116,29.1391,38.4106
870,301,96,85,120,28.2392,39.8671
871,299,93,85,121,28.4281,40.4682
872,299,88,88,123,29.4314,41.1371
873,300,84,88,128,29.3333,42.6667
874,299,82,85,132,28.4281,44.1472
875,299,82,81,136,27.0903,45.4849
876,300,81,79,140,26.3333,46.6667
877,298,78,76,144,25.5034,48.3221
878,297,77,75,145,25.2525,48.8215
879,300,79,73,148,24.3333,49.3333
880,299,77,72,150,24.0803,50.1672
881,301,79,66,156,21.9269,51.8272
882,301,79,67,155,22.2591,51.4950
883,301,76,70,155,23.2558,51.4950
884,299,76,69,154,23.0769,51.5050
885,298,76,68,154,22.8188,51.6779
886,296,76,65,155,21.9595,52.3649
887,298,79,64,155,21.4765,52.0134
888,300,79,65,156,21.6667,52.0000
889,299,79,65,155,21.7391,51.8395
890,300,79,64,157,21.3333,52.3333
891,298,80,63,155,21.1409,52.0134
892,298,80,61,157,20.4698,52.6846
893,300,84,55,161,18.3333,53.6667
894,299,85,51,163,17.0569,54.5151
895,301,89,48,164,15.9468,54.4850
896,300,91,45,164,15.0000,54.6667
897,298,91,41,166,13.7584,55.7047
898,299,94,38,167,12.7090,55.8528
899,305,103,36,166,11.8033,54.4262
900,303,103,35,165,11.5512,54.4554
901,302,103,33,166,10.9272,54.9669
902,301,104,33,164,10.9635,54.4850
903,300,106,31,163,10.3333,54.3333
904,299,107,27,165,9.0301,55.1839
905,302,112,26,164,8.6093,54.3046
906,300,116,23,161,7.6667,53.6667
907,300,120,23,157,7.6667,52.3333
908,300,122,23,155,7.6667,51.6667
909,300,120,24,156,8.0000,52.0000
910,299,123,20,156,6.6890,52.1739
911,305,130,19,156,6.2295,51.1475
912,304,135,16,153,5.2632,50.3289
913,304,136,19,149,6.2500,49.0132
914,304,140,24,140,7.8947,46.0526
915,304,143,24,137,7.8947,45.0658
916,304,147,26,131,8.5526,43.0921
917,304,147,27,130,8.8816,42.7632
918,304,151,27,126,8.8816,41.4474
919,303,153,27,123,8.9109,40.5941
920,302,153,30,119,9.9338,39.4040
921,302,156,30,116,9.9338,38.4106
922,301,159,31,111,10.2990,36.8771
923,300,157,33,110,11.0000,36.6667
924,300,158,35,107,11.6667,35.6667
925,300,162,36,102,12.0000,34.0000
926,299,165,37,97,12.3746,32.4415
927,299,169,37,93,12.3746,31.1037
928,301,175,38,88,12.6246,29.2359
929,301,177,39,85,12.9568,28.2392
930,301,176,39,86,12.9568,28.5714
931,301,173,47,81,15.6146,26.9103
932,301,174,47,80,15.6146,26.5781
933,301,175,51,75,16.9435,24.9169
934,300,172,54,74,18.0000,24.6667
935,299,170,53,76,17.7258,25.4181
936,300,168,56,76,18.6667,25.3333
937,300,165,56,79,18.6667,26.3333
938,300,163,60,77,20.0000,25.6667
939,300,161,63,76,21.0000,25.3333
940,300,157,65,78,21.6667,26.0000
941,300,153,68,79,22.6667,26.3333
942,300,153,70,77,23.3333,25.6667
943,300,153,67,80,22.3333,26.6667
944,300,153,70,77,23.3333,25.6667
945,299,155,71,73,23.7458,24.4147
946,301,152,79,70,26.2458,23.2558
947,300,145,87,68,29.0000,22.6667
948,299,143,90,66,30.1003,22.0736
949,302,146,91,65,30.1325,21.5232
950,301,145,91,65,30.2326,21.5947
951,301,142,93,66,30.8970,21.9269
952,300,134,96,70,32.0000,23.3333
953,300,131,98,71,32.6667,23.6667
954,299,128,97,74,32.4415,24.7492
955,302,131,92,79,30.4636,26.1589
956,301,131,92,78,30.5648,25.9136
957,301,127,94,80,31.2292,26.5781
958,300,124,95,81,31.6667,27.0000
959,297,121,93,83,31.3131,27.9461
960,298,116,97,85,32.5503,28.5235
961,296,117,93,86,31.4189,29.0541
962,297,118,92,87,30.9764,29.2929
963,300,122,93,85,31.0000,28.3333
964,299,118,97,84,32.4415,28.0936
965,302,118,97,87,32.1192,28.8079
966,302,113,95,94,31.4570,31.1258
967,299,112,87,100,29.0970,33.4448
968,300,114,81,105,27.0000,35.0000
969,298,112,80,106,26.8456,35.5705
970,300,115,78,107,26.0000,35.6667
971,299,110,77,112,25.7525,37.4582
972,298,108,76,114,25.5034,38.2550
973,300,112,69,119,23.0000,39.6667
974,299,110,66,123,22.0736,41.1371
975,301,111,67,123,22.2591,40.8638
976,300,108,68,124,22.6667,41.3333
977,300,105,65,130,21.6667,43.3333
978,299,100,67,132,22.4080,44.1472
979,299,93,71,135,23.7458,45.1505
980,297,92,66,139,22.2222,46.8013
981,300,96,64,140,21.3333,46.6667
982,298,95,65,138,21.8121,46.3087
983,301,95,63,143,20.9302,47.5083
984,300,93,59,148,19.6667,49.3333
985,300,89,63,148,21.0000,49.3333
986,299,86,61,152,20.4013,50.8361
987,305,92,64,149,20.9836,48.8525
988,304,89,65,150,21.3816,49.3421
989,304,91,67,146,22.0395,48.0263
990,304,87,68,149,22.3684,49.0132
991,303,82,71,150,23.4323,49.5050
992,303,81,71,151,23.4323,49.8350
993,302,80,72,150,23.8411,49.6689
994,302,78,73,151,24.1722,50.0000
995,302,80,73,149,24.1722,49.3377
996,302,79,74,149,24.5033,49.3377
997,300,76,74,150,24.6667,50.0000
998,300,71,74,155,24.6667,51.6667
999,299,68,74,157,24.7492,52.5084
1000,301,70,72,159,23.9203,52.8239
1001,300,72,70,158,23.3333,52.6667
1002,300,71,71,158,23.6667,52.6667
1003,297,74,69,154,23.2323,51.8519
1004,298,82,65,151,21.8121,50.6711
1005,302,87,62,153,20.5298,50.6623
1006,299,89,59,151,19.7324,50.5017
1007,300,93,59,148,19.6667,49.3333
1008,299,92,60,147,20.0669,49.1639
1009,302,97,57,148,18.8742,49.0066
1010,301,95,57,149,18.9369,49.5017
1011,299,95,55,149,18.3946,49.8328
1012,299,96,54,149,18.0602,49.8328
1013,300,99,51,150,17.0000,50.0000
1014,297,103,47,147,15.8249,49.4949
1015,300,104,46,150,15.3333,50.0000
1016,299,105,45,149,15.0502,49.8328
1017,303,111,43,149,14.1914,49.1749
1018,302,118,39,145,12.9139,48.0132
1019,300,123,35,142,11.6667,47.3333
1020,298,127,34,137,11.4094,45.9732
1021,300,128,35,137,11.6667,45.6667
1022,300,124,40,136,13.3333,45.3333
1023,299,126,40,133,13.3779,44.4816
1024,299,130,39,130,13.0435,43.4783
1025,305,137,42,126,13.7705,41.3115
1026,304,137,45,122,14.8026,40.1316
1027,304,135,45,124,14.8026,40.7895
1028,302,136,41,125,13.5762,41.3907
1029,302,139,43,120,14.2384,39.7351
1030,302,141,38,123,12.5828,40.7285
1031,302,143,37,122,12.2517,40.3974
1032,301,146,37,118,12.2924,39.2027
1033,301,147,37,117,12.2924,38.8704
1034,300,145,39,116,13.0000,38.6667
1035,300,149,38,113,12.6667,37.6667
1036,299,152,40,107,13.3779,35.7860
1037,299,147,47,105,15.7191,35.1171
1038,300,151,49,100,16.3333,33.3333
1039,300,148,52,100,17.3333,33.3333
1040,300,148,52,100,17.3333,33.3333
1041,299,143,55,101,18.3946,33.7793
1042,299,146,50,103,16.7224,34.4482
1043,300,146,49,105,16.3333,35.0000
1044,299,149,50,100,16.7224,33.4448
1045,299,146,53,100,17.7258,33.4448
1046,304,153,50,101,16.4474,33.2237
1047,302,152,50,100,16.5563,33.1126
1048,301,151,50,100,16.6113,33.2226
1049,301,148,53,100,17.6080,33.2226
1050,301,150,55,96,18.2724,31.8937
1051,301,150,57,94,18.9369,31.2292
1052,301,147,63,91,20.9302,30.2326
1053,300,146,62,92,20.6667,30.6667
1054,299,146,61,92,20.4013,30.7692
1055,299,139,68,92,22.7425,30.7692
1056,300,137,71,92,23.6667,30.6667
1057,300,137,68,95,22.6667,31.6667
1058,299,133,70,96,23.4114,32.1070
1059,301,133,75,93,24.9169,30.8970
1060,300,130,76,94,25.3333,31.3333
1061,300,126,81,93,27.0000,31.0000
1062,300,127,79,94,26.3333,31.3333
1063,300,124,83,93,27.6667,31.0000
1064,300,125,82,93,27.3333,31.0000
1065,300,124,84,92,28.0000,30.6667
1066,300,124,84,92,28.0000,30.6667
1067,300,122,88,90,29.3333,30.0000
1068,299,118,87,94,29.0970,31.4381
1069,298,112,93,93,31.2081,31.2081
1070,299,112,93,94,31.1037,31.4381
1071,303,115,96,92,31.6832,30.3630
1072,303,106,101,96,33.3333,31.6832
1073,300,101,102,97,34.0000,32.3333
1074,299,91,111,97,37.1237,32.4415
1075,302,94,108,100,35.7616,33.1126
1076,302,89,106,107,35.0993,35.4305
1077,302,86,108,108,35.7616,35.7616
1078,302,80,109,113,36.0927,37.4172
1079,302,76,112,114,37.0861,37.7483
1080,301,71,112,118,37.2093,39.2027
1081,299,68,110,121,36.7893,40.4682
1082,300,71,109,120,36.3333,40.0000
1083,298,69,108,121,36.2416,40.6040
1084,298,69,105,124,35.2349,41.6107
1085,300,67,107,126,35.6667,42.0000
1086,298,63,107,128,35.9060,42.9530
1087,298,62,110,126,36.9128,42.2819
1088,298,57,110,131,36.9128,43.9597
1089,297,55,108,134,36.3636,45.1178
1090,295,54,100,141,33.8983,47.7966
1091,294,51,101,142,34.3537,48.2993
1092,295,55,93,147,31.5254,49.8305
1093,294,53,88,153,29.9320,52.0408
1094,294,60,81,153,27.5510,52.0408
1095,296,63,75,158,25.3378,53.3784
1096,297,65,70,162,23.5690,54.5455
1097,297,64,72,161,24.2424,54.2088
1098,297,69,63,165,21.2121,55.5556
1099,298,71,61,166,20.4698,55.7047
1100,303,76,53,174,17.4917,57.4257
1101,301,75,51,175,16.9435,58.1395
1102,300,73,51,176,17.0000,58.6667
1103,299,73,47,179,15.7191,59.8662
1104,303,75,47,181,15.5116,59.7360
1105,302,76,44,182,14.5695,60.2649
1106,301,76,42,183,13.9535,60.7973
1107,301,72,40,189,13.2890,62.7907
1108,301,73,38,190,12.6246,63.1229
1109,300,80,34,186,11.3333,62.0000
1110,300,83,31,186,10.3333,62.0000
1111,300,82,30,188,10.0000,62.6667
1112,300,84,28,188,9.3333,62.6667
1113,299,86,26,187,8.6957,62.5418
1114,304,95,26,183,8.5526,60.1974
1115,304,95,27,182,8.8816,59.8684
1116,304,95,28,181,9.2105,59.5395
1117,303,98,27,178,8.9109,58.7459
1118,302,100,25,177,8.2781,58.6093
1119,302,99,27,176,8.9404,58.2781
1120,301,100,29,172,9.6346,57.1429
1121,301,102,27,172,8.9701,57.1429
1122,300,105,26,169,8.6667,56.3333
1123,299,102,28,169,9.3645,56.5217
1124,301,109,27,165,8.9701,54.8173
1125,301,111,26,164,8.6379,54.4850
1126,301,110,26,165,8.6379,54.8173
1127,300,115,24,161,8.0000,53.6667
1128,300,122,20,158,6.6667,52.6667
1129,300,124,21,155,7.0000,51.6667
1130,300,127,23,150,7.6667,50.0000
1131,300,128,25,147,8.3333,49.0000
1132,300,130,28,142,9.3333,47.3333
1133,300,132,30,138,10.0000,46.0000
1134,300,135,30,135,10.0000,45.0000
1135,300,138,29,133,9.6667,44.3333
1136,298,138,30,130,10.0671,43.6242
1137,298,138,32,128,10.7383,42.9530
1138,300,142,32,126,10.6667,42.0000
1139,300,140,34,126,11.3333,42.0000
1140,299,145,31,123,10.3679,41.1371
1141,304,152,30,122,9.8684,40.1316
1142,304,157,31,116,10.1974,38.1579
1143,304,155,33,116,10.8553,38.1579
1144,304,154,38,112,12.5000,36.8421
1145,303,161,36,106,11.8812,34.9835
1146,303,164,37,102,12.2112,33.6634
1147,303,172,37,94,12.2112,31.0231
1148,303,173,40,90,13.2013,29.7030
1149,303,165,48,90,15.8416,29.7030
1150,302,169,50,83,16.5563,27.4834
1151,301,169,51,81,16.9435,26.9103
1152,301,174,50,77,16.6113,25.5814
1153,301,176,49,76,16.2791,25.2492
1154,300,176,50,74,16.6667,24.6667
1155,300,173,56,71,18.6667,23.6667
1156,300,171,59,70,19.6667,23.3333
1157,298,172,57,69,19.1275,23.1544
1158,300,171,61,68,20.3333,22.6667
1159,299,170,66,63,22.0736,21.0702
1160,302,171,71,60,23.5099,19.8675
1161,302,169,76,57,25.1656,18.8742
1162,302,170,77,55,25.4967,18.2119
1163,301,165,80,56,26.5781,18.6047
1164,299,163,78,58,26.0870,19.3980
1165,302,163,80,59,26.4901,19.5364
1166,302,156,86,60,28.4768,19.8675
1167,302,152,90,60,29.8013,19.8675
1168,302,144,98,60,32.4503,19.8675
1169,302,135,103,64,34.1060,21.1921
1170,301,128,103,70,34.2193,23.2558
1171,301,124,105,72,34.8837,23.9203
1172,300,122,104,74,34.6667,24.6667
1173,299,118,108,73,36.1204,24.4147
1174,300,113,113,74,37.6667,24.6667
1175,299,110,114,75,38.1271,25.0836
1176,300,110,109,81,36.3333,27.0000
1177,300,103,116,81,38.6667,27.0000
1178,299,102,114,83,38.1271,27.7592
1179,302,101,112,89,37.0861,29.4702
1180,301,102,108,91,35.8804,30.2326
1181,300,99,107,94,35.6667,31.3333
1182,300,93,111,96,37.0000,32.0000
1183,298,91,109,98,36.5772,32.8859
1184,296,90,104,102,35.1351,34.4595
1185,297,86,104,107,35.0168,36.0269
1186,296,83,103,110,34.7973,37.1622
1187,295,83,100,112,33.8983,37.9661
1188,294,78,98,118,33.3333,40.1361
1189,293,76,92,125,31.3993,42.6621
1190,291,70,93,128,31.9588,43.9863
1191,292,72,86,134,29.4521,45.8904
1192,292,67,92,133,31.5068,45.5479
1193,292,71,89,132,30.4795,45.2055
1194,295,73,85,137,28.8136,46.4407
1195,295,74,81,140,27.4576,47.4576
1196,294,75,81,138,27.5510,46.9388
1197,295,72,85,138,28.8136,46.7797
1198,296,76,77,143,26.0135,48.3108
1199,297,76,74,147,24.9158,49.4949
1200,301,75,77,149,25.5814,49.5017
1201,300,73,74,153,24.6667,51.0000
1202,299,72,73,154,24.4147,51.5050
1203,301,72,71,158,23.5880,52.4917
1204,301,75,70,156,23.2558,51.8272
1205,301,74,68,159,22.5914,52.8239
1206,300,72,66,162,22.0000,54.0000
1207,298,71,64,163,21.4765,54.6980
1208,301,74,61,166,20.2658,55.1495
1209,301,72,60,169,19.9336,56.1462
1210,299,73,56,170,18.7291,56.8562
1211,302,77,52,173,17.2185,57.2848
1212,301,75,52,174,17.2757,57.8073
1213,299,71,49,179,16.3880,59.8662
1214,298,72,47,179,15.7718,60.0671
1215,300,78,46,176,15.3333,58.6667
1216,300,82,45,173,15.0000,57.6667
1217,300,84,41,175,13.6667,58.3333
1218,299,86,36,177,12.0401,59.1973
1219,301,84,39,178,12.9568,59.1362
1220,301,85,37,179,12.2924,59.4684
1221,301,89,34,178,11.2957,59.1362
1222,300,95,33,172,11.0000,57.3333
1223,300,97,31,172,10.3333,57.3333
1224,300,98,30,172,10.0000,57.3333
1225,300,97,30,173,10.0000,57.6667
1226,300,99,27,174,9.0000,58.0000
1227,299,100,26,173,8.6957,57.8595
1228,299,105,27,167,9.0301,55.8528
1229,301,107,27,167,8.9701,55.4817
1230,300,110,26,164,8.6667,54.6667
1231,300,114,28,158,9.3333,52.6667
1232,299,116,30,153,10.0334,51.1706
1233,302,123,28,151,9.2715,50.0000
1234,302,124,25,153,8.2781,50.6623
1235,302,126,25,151,8.2781,50.0000
1236,302,129,27,146,8.9404,48.3444
1237,302,130,30,142,9.9338,47.0199
1238,302,132,32,138,10.5960,45.6954
1239,301,133,33,135,10.9635,44.8505
1240,301,139,29,133,9.6346,44.1860
1241,301,146,31,124,10.2990,41.1960
1242,301,148,31,122,10.2990,40.5316
1243,301,154,31,116,10.2990,38.5382
1244,301,154,32,115,10.6312,38.2060
1245,300,151,34,115,11.3333,38.3333
1246,299,152,38,109,12.7090,36.4548
1247,300,154,41,105,13.6667,35.0000
1248,300,154,41,105,13.6667,35.0000
1249,299,154,38,107,12.7090,35.7860
1250,302,160,40,102,13.2450,33.7748
1251,302,161,42,99,13.9073,32.7815
1252,301,157,45,99,14.9502,32.8904
1253,300,158,45,97,15.0000,32.3333
1254,300,156,49,95,16.3333,31.6667
1255,300,157,51,92,17.0000,30.6667
1256,300,156,53,91,17.6667,30.3333
1257,299,156,57,86,19.0635,28.7625
1258,299,154,58,87,19.3980,29.0970
1259,298,154,58,86,19.4631,28.8591
1260,300,156,62,82,20.6667,27.3333
1261,299,158,64,77,21.4047,25.7525
1262,303,160,67,76,22.1122,25.0825
1263,303,164,67,72,22.1122,23.7624
1264,303,159,73,71,24.0924,23.4323
1265,302,161,74,67,24.5033,22.1854
1266,301,158,75,68,24.9169,22.5914
1267,301,152,75,74,24.9169,24.5847
1268,301,149,77,75,25.5814,24.9169
1269,301,152,78,71,25.9136,23.5880
1270,299,153,78,68,26.0870,22.7425
1271,300,153,77,70,25.6667,23.3333
1272,298,152,78,68,26.1745,22.8188
1273,295,156,72,67,24.4068,22.7119
1274,295,154,74,67,25.0847,22.7119
1275,299,157,73,69,24.4147,23.0769
1276,302,155,77,70,25.4967,23.1788
1277,300,154,75,71,25.0000,23.6667
1278,299,152,76,71,25.4181,23.7458
1279,301,150,77,74,25.5814,24.5847
1280,299,144,79,76,26.4214,25.4181
1281,302,144,81,77,26.8212,25.4967
1282,301,139,82,80,27.2425,26.5781
1283,300,133,87,80,29.0000,26.6667
1284,300,128,89,83,29.6667,27.6667
1285,298,127,87,84,29.1946,28.1879
1286,301,129,89,83,29.5681,27.5748
1287,300,125,89,86,29.6667,28.6667
1288,299,121,87,91,29.0970,30.4348
1289,305,121,91,93,29.8361,30.4918
1290,305,117,93,95,30.4918,31.1475
1291,304,112,96,96,31.5789,31.5789
1292,302,112,94,96,31.1258,31.7881
1293,302,104,101,97,33.4437,32.1192
1294,302,102,103,97,34.1060,32.1192
1295,300,96,104,100,34.6667,33.3333
1296,299,91,104,104,34.7826,34.7826
1297,297,87,104,106,35.0168,35.6902
1298,297,84,105,108,35.3535,36.3636
1299,297,78,107,112,36.0269,37.7104
1300,295,77,102,116,34.5763,39.3220
1301,294,76,100,118,34.0136,40.1361
1302,295,75,99,121,33.5593,41.0169
1303,293,73,95,125,32.4232,42.6621
1304,297,77,91,129,30.6397,43.4343
1305,295,75,91,129,30.8475,43.7288
1306,296,75,91,130,30.7432,43.9189
1307,295,74,85,136,28.8136,46.1017
1308,296,73,88,135,29.7297,45.6081
1309,294,68,83,143,28.2313,48.6395
1310,295,72,83,140,28.1356,47.4576
1311,297,74,79,144,26.5993,48.4848
1312,297,74,76,147,25.5892,49.4949
1313,301,77,70,154,23.2558,51.1628
1314,300,77,68,155,22.6667,51.6667
1315,297,75,63,159,21.2121,53.5354
1316,300,77,62,161,20.6667,53.6667
1317,300,71,64,165,21.3333,55.0000
1318,298,73,60,165,20.1342,55.3691
1319,297,76,59,162,19.8653,54.5455
1320,297,80,54,163,18.1818,54.8822
1321,297,82,51,164,17.1717,55.2189
1322,300,86,48,166,16.0000,55.3333
1323,299,87,45,167,15.0502,55.8528
1324,304,92,44,168,14.4737,55.2632
1325,304,90,47,167,15.4605,54.9342
1326,303,90,43,170,14.1914,56.1056
1327,303,93,43,167,14.1914,55.1155
1328,302,95,40,167,13.2450,55.2980
1329,299,96,38,165,12.7090,55.1839
1330,299,99,37,163,12.3746,54.5151
1331,299,99,40,160,13.3779,53.5117
1332,302,104,41,157,13.5762,51.9868
1333,301,104,42,155,13.9535,51.4950
1334,301,104,43,154,14.2857,51.1628
1335,300,103,42,155,14.0000,51.6667
1336,299,107,39,153,13.0435,51.1706
1337,302,109,39,154,12.9139,50.9934
1338,300,111,36,153,12.0000,51.0000
1339,300,113,36,151,12.0000,50.3333
1340,299,117,34,148,11.3712,49.4983
1341,301,120,35,146,11.6279,48.5050
1342,301,121,36,144,11.9601,47.8405
1343,301,121,36,144,11.9601,47.8405
1344,301,124,36,141,11.9601,46.8439
1345,300,123,35,142,11.6667,47.3333
1346,299,124,33,142,11.0368,47.4916
1347,308,136,32,140,10.3896,45.4545
1348,308,139,33,136,10.7143,44.1558
1349,308,142,32,134,10.3896,43.5065
1350,307,143,31,133,10.0977,43.3225
1351,307,146,26,135,8.4691,43.9739
1352,307,148,29,130,9.4463,42.3453
1353,307,150,29,128,9.4463,41.6938
1354,306,154,26,126,8.4967,41.1765
1355,306,155,28,123,9.1503,40.1961
1356,306,159,29,118,9.4771,38.5621
1357,305,157,31,117,10.1639,38.3607
1358,304,157,31,116,10.1974,38.1579
1359,303,160,34,109,11.2211,35.9736
1360,302,159,34,109,11.2583,36.0927
1361,302,162,38,102,12.5828,33.7748
1362,302,162,38,102,12.5828,33.7748
1363,302,164,39,99,12.9139,32.7815
1364,302,167,39,96,12.9139,31.7881
1365,300,170,40,90,13.3333,30.0000
1366,300,170,43,87,14.3333,29.0000
1367,300,172,44,84,14.6667,28.0000
1368,300,171,47,82,15.6667,27.3333
1369,300,174,48,78,16.0000,26.0000
1370,300,172,52,76,17.3333,25.3333
1371,300,171,55,74,18.3333,24.6667
1372,299,166,61,72,20.4013,24.0803
1373,298,159,67,72,22.4832,24.1611
1374,297,155,72,70,24.2424,23.5690
1375,298,158,72,68,24.1611,22.8188
1376,303,162,74,67,24.4224,22.1122
1377,303,159,75,69,24.7525,22.7723
1378,303,160,75,68,24.7525,22.4422
1379,303,157,77,69,25.4125,22.7723
1380,301,149,85,67,28.2392,22.2591
1381,300,146,87,67,29.0000,22.3333
1382,297,145,83,69,27.9461,23.2323
1383,299,142,89,68,29.7659,22.7425
1384,301,139,92,70,30.5648,23.2558
1385,301,134,95,72,31.5615,23.9203
1386,300,131,98,71,32.6667,23.6667
1387,299,126,102,71,34.1137,23.7458
1388,302,126,104,72,34.4371,23.8411
1389,302,120,111,71,36.7550,23.5099
1390,302,116,115,71,38.0795,23.5099
1391,301,112,114,75,37.8738,24.9169
1392,300,109,115,76,38.3333,25.3333
1393,296,108,107,81,36.1486,27.3649
1394,298,107,105,86,35.2349,28.8591
1395,297,108,98,91,32.9966,30.6397
1396,297,108,96,93,32.3232,31.3131
1397,297,110,93,94,31.3131,31.6498
1398,296,106,96,94,32.4324,31.7568
1399,298,106,98,94,32.8859,31.5436
1400,303,106,96,101,31.6832,33.3333
1401,301,102,94,105,31.2292,34.8837
1402,300,99,95,106,31.6667,35.3333
1403,299,100,94,105,31.4381,35.1171
1404,300,100,91,109,30.3333,36.3333
1405,299,100,88,111,29.4314,37.1237
1406,299,101,87,111,29.0970,37.1237
1407,299,103,82,114,27.4247,38.1271
1408,299,103,79,117,26.4214,39.1304
1409,299,98,79,122,26.4214,40.8027
1410,303,98,76,129,25.0825,42.5743
1411,302,94,76,132,25.1656,43.7086
1412,301,93,72,136,23.9203,45.1827
1413,300,91,71,138,23.6667,46.0000
1414,299,92,69,138,23.0769,46.1538
1415,299,90,70,139,23.4114,46.4883
1416,302,92,71,139,23.5099,46.0265
1417,302,90,73,139,24.1722,46.0265
1418,302,89,73,140,24.1722,46.3576
1419,298,86,69,143,23.1544,47.9866
1420,298,86,65,147,21.8121,49.3289
1421,300,86,66,148,22.0000,49.3333
1422,298,83,64,151,21.4765,50.6711
1423,305,91,60,154,19.6721,50.4918
1424,304,88,61,155,20.0658,50.9868
1425,300,86,60,154,20.0000,51.3333
1426,299,86,58,155,19.3980,51.8395
1427,299,85,59,155,19.7324,51.8395
1428,301,83,62,156,20.5980,51.8272
1429,300,81,62,157,20.6667,52.3333
1430,298,81,60,157,20.1342,52.6846
1431,299,83,56,160,18.7291,53.5117
1432,301,86,53,162,17.6080,53.8206
1433,301,86,54,161,17.9402,53.4884
1434,300,88,52,160,17.3333,53.3333
1435,299,87,51,161,17.0569,53.8462
1436,302,92,48,162,15.8940,53.6424
1437,302,93,46,163,15.2318,53.9735
1438,302,92,48,162,15.8940,53.6424
1439,302,93,46,163,15.2318,53.9735
1440,302,93,46,163,15.2318,53.9735
1441,302,93,46,163,15.2318,53.9735
1442,300,94,43,163,14.3333,54.3333
1443,299,98,43,158,14.3813,52.8428
1444,302,103,40,159,13.2450,52.6490
1445,302,108,38,156,12.5828,51.6556
1446,302,111,37,154,12.2517,50.9934
1447,302,115,38,149,12.5828,49.3377
1448,300,117,36,147,12.0000,49.0000
1449,299,117,33,149,11.0368,49.8328
1450,300,119,28,153,9.3333,51.0000
1451,299,119,27,153,9.0301,51.1706
1452,302,126,30,146,9.9338,48.3444
1453,302,129,31,142,10.2649,47.0199
1454,302,125,37,140,12.2517,46.3576
1455,302,130,36,136,11.9205,45.0331
1456,301,133,36,132,11.9601,43.8538
1457,301,135,38,128,12.6246,42.5249
1458,299,137,36,126,12.0401,42.1405
1459,302,145,35,122,11.5894,40.3974
1460,302,148,34,120,11.2583,39.7351
1461,302,153,32,117,10.5960,38.7417
1462,301,155,35,111,11.6279,36.8771
1463,301,153,40,108,13.2890,35.8804
1464,300,155,41,104,13.6667,34.6667
1465,300,155,44,101,14.6667,33.6667
1466,298,153,45,100,15.1007,33.5570
1467,299,153,47,99,15.7191,33.1104
1468,301,148,53,100,17.6080,33.2226
1469,301,144,56,101,18.6047,33.5548
1470,299,142,57,100,19.0635,33.4448
1471,300,145,59,96,19.6667,32.0000
1472,300,146,57,97,19.0000,32.3333
1473,300,147,57,96,19.0000,32.0000
1474,297,144,57,96,19.1919,32.3232
1475,301,151,57,93,18.9369,30.8970
1476,300,148,61,91,20.3333,30.3333
1477,299,148,59,92,19.7324,30.7692
1478,301,150,61,90,20.2658,29.9003
1479,301,148,65,88,21.5947,29.2359
1480,301,141,74,86,24.5847,28.5714
1481,301,141,76,84,25.2492,27.9070
1482,301,142,75,84,24.9169,27.9070
1483,300,142,76,82,25.3333,27.3333
1484,299,141,76,82,25.4181,27.4247
1485,300,137,77,86,25.6667,28.6667
1486,300,135,79,86,26.3333,28.6667
1487,299,131,82,86,27.4247,28.7625
1488,300,134,81,85,27.0000,28.3333
1489,300,133,79,88,26.3333,29.3333
1490,300,130,77,93,25.6667,31.0000
1491,300,130,78,92,26.0000,30.6667
1492,300,129,81,90,27.0000,30.0000
1493,300,128,81,91,27.0000,30.3333
1494,299,129,79,91,26.4214,30.4348
1495,303,130,80,93,26.4026,30.6931
1496,303,130,82,91,27.0627,30.0330
1497,303,123,89,91,29.3729,30.0330
1498,303,120,93,90,30.6931,29.7030
1499,303,114,96,93,31.6832,30.6931
1500,303,110,97,96,32.0132,31.6832
1501,301,109,97,95,32.2259,31.5615
1502,300,110,96,94,32.0000,31.3333
1503,300,107,96,97,32.0000,32.3333
1504,299,103,95,101,31.7726,33.7793
1505,299,101,96,102,32.1070,34.1137
1506,295,95,97,103,32.8814,34.9153
1507,299,97,95,107,31.7726,35.7860
1508,300,93,96,111,32.0000,37.0000
1509,300,91,92,117,30.6667,39.0000
1510,299,86,92,121,30.7692,40.4682
1511,299,87,92,120,30.7692,40.1338
1512,300,88,90,122,30.0000,40.6667
1513,300,88,90,122,30.0000,40.6667
1514,300,84,93,123,31.0000,41.0000
1515,299,80,93,126,31.1037,42.1405
1516,299,78,94,127,31.4381,42.4749
1517,299,76,90,133,30.1003,44.4816
1518,299,73,86,140,28.7625,46.8227
1519,300,74,82,144,27.3333,48.0000
1520,298,71,81,146,27.1812,48.9933
1521,300,75,79,146,26.3333,48.6667
1522,298,73,74,151,24.8322,50.6711
1523,300,72,73,155,24.3333,51.6667
1524,299,76,72,151,24.0803,50.5017
1525,300,77,68,155,22.6667,51.6667
1526,299,77,69,153,23.0769,51.1706
1527,299,78,65,156,21.7391,52.1739
1528,297,74,64,159,21.5488,53.5354
1529,300,79,61,160,20.3333,53.3333
1530,299,77,60,162,20.0669,54.1806
1531,299,77,59,163,19.7324,54.5151
1532,299,75,59,165,19.7324,55.1839
1533,301,78,59,164,19.6013,54.4850
1534,299,80,55,164,18.3946,54.8495
1535,301,83,53,165,17.6080,54.8173
1536,300,81,56,163,18.6667,54.3333
1537,299,84,52,163,17.3913,54.5151
1538,300,88,49,163,16.3333,54.3333
1539,300,87,47,166,15.6667,55.3333
1540,300,87,45,168,15.0000,56.0000
1541,299,92,45,162,15.0502,54.1806
1542,299,95,45,159,15.0502,53.1773
1543,302,99,43,160,14.2384,52.9801
1544,302,100,39,163,12.9139,53.9735
1545,302,101,40,161,13.2450,53.3113
1546,302,99,43,160,14.2384,52.9801
1547,301,99,41,161,13.6213,53.4884
1548,301,98,42,161,13.9535,53.4884
1549,300,98,42,160,14.0000,53.3333
1550,300,98,42,160,14.0000,53.3333
1551,299,97,45,157,15.0502,52.5084
1552,303,103,46,154,15.1815,50.8251
1553,303,103,48,152,15.8416,50.1650
1554,302,104,49,149,16.2252,49.3377
1555,302,108,46,148,15.2318,49.0066
1556,301,110,46,145,15.2824,48.1728
1557,300,110,44,146,14.6667,48.6667
1558,300,107,47,146,15.6667,48.6667
1559,300,111,46,143,15.3333,47.6667
1560,300,113,48,139,16.0000,46.3333
1561,300,119,47,134,15.6667,44.6667
1562,298,117,49,132,16.4430,44.2953
1563,305,119,54,132,17.7049,43.2787
1564,304,117,59,128,19.4079,42.1053
1565,304,118,59,127,19.4079,41.7763
1566,304,119,58,127,19.0789,41.7763
1567,303,119,59,125,19.4719,41.2541
1568,303,116,60,127,19.8020,41.9142
1569,303,117,62,124,20.4620,40.9241
1570,303,121,63,119,20.7921,39.2739
1571,302,120,67,115,22.1854,38.0795
1572,302,120,66,116,21.8543,38.4106
1573,301,119,66,116,21.9269,38.5382
1574,298,121,65,112,21.8121,37.5839
1575,300,122,69,109,23.0000,36.3333
1576,300,117,75,108,25.0000,36.0000
1577,300,119,76,105,25.3333,35.0000
1578,298,116,75,107,25.1678,35.9060
1579,302,119,79,104,26.1589,34.4371
1580,302,118,80,104,26.4901,34.4371
1581,302,117,84,101,27.8146,33.4437
1582,301,116,84,101,27.9070,33.5548
1583,300,114,80,106,26.6667,35.3333
1584,298,113,79,106,26.5101,35.5705
1585,301,114,78,109,25.9136,36.2126
1586,301,116,77,108,25.5814,35.8804
1587,301,113,82,106,27.2425,35.2159
1588,300,111,82,107,27.3333,35.6667
1589,299,113,79,107,26.4214,35.7860
1590,305,117,80,108,26.2295,35.4098
1591,303,118,76,109,25.0825,35.9736
1592,302,119,74,109,24.5033,36.0927
1593,301,118,74,109,24.5847,36.2126
1594,301,118,72,111,23.9203,36.8771
1595,300,117,73,110,24.3333,36.6667
1596,299,116,71,112,23.7458,37.4582
1597,299,117,68,114,22.7425,38.1271
1598,303,119,70,114,23.1023,37.6238
1599,303,120,69,114,22.7723,37.6238
1600,302,117,69,116,22.8477,38.4106
1601,300,112,71,117,23.6667,39.0000
1602,299,113,69,117,23.0769,39.1304
1603,299,115,68,116,22.7425,38.7960
1604,299,114,66,119,22.0736,39.7993
1605,302,118,64,120,21.1921,39.7351
1606,302,119,63,120,20.8609,39.7351
1607,301,118,62,121,20.5980,40.1993
1608,301,115,60,126,19.9336,41.8605
1609,301,116,61,124,20.2658,41.1960
1610,300,112,62,126,20.6667,42.0000
1611,300,110,64,126,21.3333,42.0000
1612,299,109,60,130,20.0669,43.4783
1613,303,113,61,129,20.1320,42.5743
1614,302,114,60,128,19.8675,42.3841
1615,301,113,56,132,18.6047,43.8538
1616,299,107,59,133,19.7324,44.4816
1617,303,111,57,135,18.8119,44.5545
1618,302,106,63,133,20.8609,44.0397
1619,301,105,61,135,20.2658,44.8505
1620,300,106,59,135,19.6667,45.0000
1621,296,105,58,133,19.5946,44.9324
1622,295,108,54,133,18.3051,45.0847
1623,298,109,58,131,19.4631,43.9597
1624,298,111,56,131,18.7919,43.9597
1625,302,115,57,130,18.8742,43.0464
1626,302,114,58,130,19.2053,43.0464
1627,302,113,58,131,19.2053,43.3775
1628,298,113,53,132,17.7852,44.2953
1629,302,116,55,131,18.2119,43.3775
1630,301,114,57,130,18.9369,43.1894
1631,298,109,58,131,19.4631,43.9597
1632,298,111,56,131,18.7919,43.9597
1633,301,113,57,131,18.9369,43.5216
1634,300,112,58,130,19.3333,43.3333
1635,300,115,61,124,20.3333,41.3333
1636,298,114,60,124,20.1342,41.6107
1637,301,118,60,123,19.9336,40.8638
1638,301,117,59,125,19.6013,41.5282
1639,298,117,57,124,19.1275,41.6107
1640,297,116,58,123,19.5286,41.4141
1641,297,120,57,120,19.1919,40.4040
1642,302,123,60,119,19.8675,39.4040
1643,302,127,59,116,19.5364,38.4106
1644,302,127,61,114,20.1987,37.7483
1645,301,126,59,116,19.6013,38.5382
1646,301,124,64,113,21.2625,37.5415
1647,300,124,65,111,21.6667,37.0000
1648,300,128,65,107,21.6667,35.6667
1649,300,130,64,106,21.3333,35.3333
1650,300,129,63,108,21.0000,36.0000
1651,297,130,57,110,19.1919,37.0370
1652,301,136,56,109,18.6047,36.2126
1653,301,130,64,107,21.2625,35.5482
1654,300,130,64,106,21.3333,35.3333
1655,300,124,66,110,22.0000,36.6667
1656,299,126,66,107,22.0736,35.7860
1657,301,126,69,106,22.9236,35.2159
1658,299,123,68,108,22.7425,36.1204
1659,300,124,69,107,23.0000,35.6667
1660,299,125,72,102,24.0803,34.1137
1661,298,124,69,105,23.1544,35.2349
1662,300,127,70,103,23.3333,34.3333
1663,300,128,68,104,22.6667,34.6667
1664,299,131,65,103,21.7391,34.4482
1665,300,130,67,103,22.3333,34.3333
1666,299,125,69,105,23.0769,35.1171
1667,302,128,70,104,23.1788,34.4371
1668,302,124,74,104,24.5033,34.4371
1669,301,128,72,101,23.9203,33.5548
1670,301,123,77,101,25.5814,33.5548
1671,300,120,80,100,26.6667,33.3333
1672,299,120,81,98,27.0903,32.7759
1673,298,115,84,99,28.1879,33.2215
1674,298,116,80,102,26.8456,34.2282
1675,299,112,81,106,27.0903,35.4515
1676,297,113,81,103,27.2727,34.6801
1677,297,111,82,104,27.6094,35.0168
1678,302,116,81,105,26.8212,34.7682
1679,300,114,79,107,26.3333,35.6667
1680,299,109,81,109,27.0903,36.4548
1681,301,107,82,112,27.2425,37.2093
1682,301,104,86,111,28.5714,36.8771
1683,298,101,87,110,29.1946,36.9128
1684,300,104,89,107,29.6667,35.6667
1685,298,101,89,108,29.8658,36.2416
1686,298,98,88,112,29.5302,37.5839
1687,298,94,90,114,30.2013,38.2550
1688,298,95,87,116,29.1946,38.9262
1689,299,96,88,115,29.4314,38.4615
1690,301,102,84,115,27.9070,38.2060
1691,300,98,88,114,29.3333,38.0000
1692,297,97,82,118,27.6094,39.7306
1693,300,100,76,124,25.3333,41.3333
1694,299,99,76,124,25.4181,41.4716
1695,301,99,77,125,25.5814,41.5282
1696,301,99,76,126,25.2492,41.8605
1697,300,96,79,125,26.3333,41.6667
1698,300,94,77,129,25.6667,43.0000
1699,300,92,75,133,25.0000,44.3333
1700,297,89,75,133,25.2525,44.7811
1701,298,90,72,136,24.1611,45.6376
1702,302,96,69,137,22.8477,45.3642
1703,300,97,67,136,22.3333,45.3333
1704,300,98,66,136,22.0000,45.3333
1705,299,95,68,136,22.7425,45.4849
1706,301,97,67,137,22.2591,45.5150
1707,299,98,62,139,20.7358,46.4883
1708,299,96,64,139,21.4047,46.4883
1709,302,102,60,140,19.8675,46.3576
1710,302,102,61,139,20.1987,46.0265
1711,302,104,59,139,19.5364,46.0265
1712,299,104,55,140,18.3946,46.8227
1713,303,110,57,136,18.8119,44.8845
1714,302,108,59,135,19.5364,44.7020
1715,301,109,53,139,17.6080,46.1794
1716,301,107,57,137,18.9369,45.5150
1717,299,106,55,138,18.3946,46.1538
1718,299,108,52,139,17.3913,46.4883
1719,300,112,51,137,17.0000,45.6667
1720,297,113,46,138,15.4882,46.4646
1721,299,112,48,139,16.0535,46.4883
1722,299,107,52,140,17.3913,46.8227
1723,298,108,50,140,16.7785,46.9799
1724,301,112,49,140,16.2791,46.5116
1725,300,111,48,141,16.0000,47.0000
1726,300,114,47,139,15.6667,46.3333
1727,300,114,48,138,16.0000,46.0000
1728,299,115,45,139,15.0502,46.4883
1729,300,111,51,138,17.0000,46.0000
1730,300,112,52,136,17.3333,45.3333
1731,299,111,53,135,17.7258,45.1505
1732,300,112,56,132,18.6667,44.0000
1733,300,114,58,128,19.3333,42.6667
1734,299,112,59,128,19.7324,42.8094
1735,298,111,57,130,19.1275,43.6242
1736,302,115,54,133,17.8808,44.0397
1737,301,111,55,135,18.2724,44.8505
1738,300,112,57,131,19.0000,43.6667
1739,300,113,56,131,18.6667,43.6667
1740,300,113,60,127,20.0000,42.3333
1741,300,111,63,126,21.0000,42.0000
1742,297,114,57,126,19.1919,42.4242
1743,301,116,56,129,18.6047,42.8571
1744,301,119,57,125,18.9369,41.5282
1745,301,125,55,121,18.2724,40.1993
1746,300,120,60,120,20.0000,40.0000
1747,300,119,60,121,20.0000,40.3333
1748,300,119,62,119,20.6667,39.6667
1749,299,120,60,119,20.0669,39.7993
1750,299,120,62,117,20.7358,39.1304
1751,303,125,63,115,20.7921,37.9538
1752,302,121,64,117,21.1921,38.7417
1753,301,123,64,114,21.2625,37.8738
1754,300,123,64,113,21.3333,37.6667
1755,299,123,66,110,22.0736,36.7893
1756,301,124,69,108,22.9236,35.8804
1757,300,125,66,109,22.0000,36.3333
1758,297,123,64,110,21.5488,37.0370
1759,299,127,67,105,22.4080,35.1171
1760,300,127,67,106,22.3333,35.3333
1761,299,128,65,106,21.7391,35.4515
1762,300,127,67,106,22.3333,35.3333
1763,300,128,67,105,22.3333,35.0000
1764,300,128,66,106,22.0000,35.3333
1765,300,124,69,107,23.0000,35.6667
1766,299,123,66,110,22.0736,36.7893
1767,302,133,63,106,20.8609,35.0993
1768,301,133,59,109,19.6013,36.2126
1769,300,131,61,108,20.3333,36.0000
1770,298,130,61,107,20.4698,35.9060
1771,301,131,62,108,20.5980,35.8804
1772,301,130,61,110,20.2658,36.5449
1773,300,129,58,113,19.3333,37.6667
1774,300,125,60,115,20.0000,38.3333
1775,298,123,59,116,19.7987,38.9262
1776,299,126,57,116,19.0635,38.7960
1777,302,127,61,114,20.1987,37.7483
1778,302,128,62,112,20.5298,37.0861
1779,299,128,59,112,19.7324,37.4582
1780,301,130,60,111,19.9336,36.8771
1781,301,125,64,112,21.2625,37.2093
1782,301,124,62,115,20.5980,38.2060
1783,301,125,61,115,20.2658,38.2060
1784,301,123,60,118,19.9336,39.2027
1785,300,121,58,121,19.3333,40.3333
1786,299,120,58,121,19.3980,40.4682
1787,302,121,63,118,20.8609,39.0728
1788,302,119,67,116,22.1854,38.4106
1789,302,121,66,115,21.8543,38.0795
1790,299,121,62,116,20.7358,38.7960
1791,299,120,62,117,20.7358,39.1304
1792,300,120,61,119,20.3333,39.6667
1793,299,120,57,122,19.0635,40.8027
1794,301,121,62,118,20.5980,39.2027
1795,300,120,61,119,20.3333,39.6667
1796,298,116,62,120,20.8054,40.2685
1797,300,119,61,120,20.3333,40.0000
1798,300,118,58,124,19.3333,41.3333
1799,299,120,58,121,19.3980,40.4682
1800,301,122,56,123,18.6047,40.8638
1801,301,119,57,125,18.9369,41.5282
1802,301,117,59,125,19.6013,41.5282
1803,301,116,61,124,20.2658,41.1960
1804,301,118,62,121,20.5980,40.1993
1805,301,119,60,122,19.9336,40.5316
1806,299,121,58,120,19.3980,40.1338
1807,299,119,60,120,20.0669,40.1338
1808,302,119,57,126,18.8742,41.7219
1809,302,115,62,125,20.5298,41.3907
1810,302,112,67,123,22.1854,40.7285
1811,302,109,68,125,22.5166,41.3907
1812,301,108,67,126,22.2591,41.8605
1813,301,102,75,124,24.9169,41.1960
1814,301,103,73,125,24.2525,41.5282
1815,301,102,70,129,23.2558,42.8571
1816,299,104,69,126,23.0769,42.1405
1817,302,104,68,130,22.5166,43.0464
1818,302,101,72,129,23.8411,42.7152
1819,302,102,73,127,24.1722,42.0530
1820,302,100,77,125,25.4967,41.3907
1821,301,98,78,125,25.9136,41.5282
1822,301,98,75,128,24.9169,42.5249
1823,300,98,71,131,23.6667,43.6667
1824,300,99,74,127,24.6667,42.3333
1825,300,101,75,124,25.0000,41.3333
1826,299,96,81,122,27.0903,40.8027
1827,301,99,82,120,27.2425,39.8671
1828,301,97,82,122,27.2425,40.5316
1829,298,96,79,123,26.5101,41.2752
1830,296,91,80,125,27.0270,42.2297
1831,298,96,77,125,25.8389,41.9463
1832,298,98,71,129,23.8255,43.2886
1833,297,97,68,132,22.8956,44.4444
1834,299,103,66,130,22.0736,43.4783
1835,301,108,63,130,20.9302,43.1894
1836,301,109,64,128,21.2625,42.5249
1837,300,107,66,127,22.0000,42.3333
1838,298,104,67,127,22.4832,42.6174
1839,297,105,61,131,20.5387,44.1077
1840,296,104,59,133,19.9324,44.9324
1841,295,106,58,131,19.6610,44.4068
1842,295,109,56,130,18.9831,44.0678
1843,297,114,54,129,18.1818,43.4343
1844,299,118,52,129,17.3913,43.1438
1845,301,119,55,127,18.2724,42.1927
1846,297,115,53,129,17.8451,43.4343
1847,300,120,48,132,16.0000,44.0000
1848,299,121,47,131,15.7191,43.8127
1849,300,122,47,131,15.6667,43.6667
1850,297,127,43,127,14.4781,42.7609
1851,302,130,44,128,14.5695,42.3841
1852,302,131,45,126,14.9007,41.7219
1853,302,134,42,126,13.9073,41.7219
1854,302,135,44,123,14.5695,40.7285
1855,302,133,47,122,15.5629,40.3974
1856,302,128,52,122,17.2185,40.3974
1857,302,129,50,123,16.5563,40.7285
1858,301,128,48,125,15.9468,41.5282
1859,299,127,48,124,16.0535,41.4716
1860,299,131,51,117,17.0569,39.1304
1861,298,132,47,119,15.7718,39.9329
1862,301,136,47,118,15.6146,39.2027
1863,301,137,49,115,16.2791,38.2060
1864,299,136,51,112,17.0569,37.4582
1865,301,137,49,115,16.2791,38.2060
1866,301,133,53,115,17.6080,38.2060
1867,300,138,50,112,16.6667,37.3333
1868,299,133,53,113,17.7258,37.7926
1869,299,137,53,109,17.7258,36.4548
1870,301,141,53,107,17.6080,35.5482
1871,301,141,52,108,17.2757,35.8804
1872,300,138,53,109,17.6667,36.3333
1873,300,137,55,108,18.3333,36.0000
1874,298,141,55,102,18.4564,34.2282
1875,300,140,61,99,20.3333,33.0000
1876,299,136,58,105,19.3980,35.1171
1877,301,138,59,104,19.6013,34.5515
1878,301,137,60,104,19.9336,34.5515
1879,301,132,65,104,21.5947,34.5515
1880,301,134,64,103,21.2625,34.2193
1881,301,130,68,103,22.5914,34.2193
1882,301,128,72,101,23.9203,33.5548
1883,301,126,76,99,25.2492,32.8904
1884,301,128,78,95,25.9136,31.5615
1885,300,129,77,94,25.6667,31.3333
1886,298,124,79,95,26.5101,31.8792
1887,298,125,78,95,26.1745,31.8792
1888,299,122,81,96,27.0903,32.1070
1889,302,124,79,99,26.1589,32.7815
1890,302,119,84,99,27.8146,32.7815
1891,302,118,88,96,29.1391,31.7881
1892,302,116,91,95,30.1325,31.4570
1893,302,112,90,100,29.8013,33.1126
1894,302,110,91,101,30.1325,33.4437
1895,302,106,92,104,30.4636,34.4371
1896,300,105,88,107,29.3333,35.6667
1897,299,107,85,107,28.4281,35.7860
1898,301,108,85,108,28.2392,35.8804
1899,300,108,89,103,29.6667,34.3333
1900,299,100,93,106,31.1037,35.4515
1901,300,105,91,104,30.3333,34.6667
1902,298,105,86,107,28.8591,35.9060
1903,298,100,86,112,28.8591,37.5839
1904,297,97,88,112,29.6296,37.7104
1905,295,101,85,109,28.8136,36.9492
1906,297,98,85,114,28.6195,38.3838
1907,297,97,83,117,27.9461,39.3939
1908,297,95,81,121,27.2727,40.7407
1909,298,97,83,118,27.8523,39.5973
1910,296,95,82,119,27.7027,40.2027
1911,297,93,83,121,27.9461,40.7407
1912,297,92,78,127,26.2626,42.7609
1913,301,97,75,129,24.9169,42.8571
1914,300,96,73,131,24.3333,43.6667
1915,298,96,69,133,23.1544,44.6309
1916,299,96,67,136,22.4080,45.4849
1917,299,98,69,132,23.0769,44.1472
1918,301,101,70,130,23.2558,43.1894
1919,298,103,65,130,21.8121,43.6242
1920,298,102,61,135,20.4698,45.3020
1921,301,103,59,139,19.6013,46.1794
1922,301,102,60,139,19.9336,46.1794
1923,301,103,58,140,19.2691,46.5116
1924,300,103,54,143,18.0000,47.6667
1925,300,101,53,146,17.6667,48.6667
1926,299,99,50,150,16.7224,50.1672
1927,302,99,51,152,16.8874,50.3311
1928,302,104,49,149,16.2252,49.3377
1929,301,104,48,149,15.9468,49.5017
1930,300,101,47,152,15.6667,50.6667
1931,297,99,45,153,15.1515,51.5152
1932,297,100,44,153,14.8148,51.5152
1933,299,102,44,153,14.7157,51.1706
1934,303,108,42,153,13.8614,50.4950
1935,303,107,44,152,14.5215,50.1650
1936,303,105,47,151,15.5116,49.8350
1937,302,107,45,150,14.9007,49.6689
1938,302,108,44,150,14.5695,49.6689
1939,302,109,43,150,14.2384,49.6689
1940,302,108,44,150,14.5695,49.6689
1941,301,112,43,146,14.2857,48.5050
1942,301,111,42,148,13.9535,49.1694
1943,301,109,44,148,14.6179,49.1694
1944,301,107,47,147,15.6146,48.8372
1945,299,111,44,144,14.7157,48.1605
1946,307,116,48,143,15.6352,46.5798
1947,305,119,47,139,15.4098,45.5738
1948,304,122,45,137,14.8026,45.0658
1949,304,124,44,136,14.4737,44.7368
1950,304,126,45,133,14.8026,43.7500
1951,303,127,40,136,13.2013,44.8845
1952,303,130,40,133,13.2013,43.8944
1953,303,130,39,134,12.8713,44.2244
1954,303,131,40,132,13.2013,43.5644
1955,302,137,39,126,12.9139,41.7219
1956,302,135,40,127,13.2450,42.0530
1957,302,133,42,127,13.9073,42.0530
1958,302,136,42,124,13.9073,41.0596
1959,302,135,44,123,14.5695,40.7285
1960,301,132,49,120,16.2791,39.8671
1961,301,132,49,120,16.2791,39.8671
1962,300,133,50,117,16.6667,39.0000
1963,299,133,50,116,16.7224,38.7960
1964,301,139,49,113,16.2791,37.5415
1965,301,141,49,111,16.2791,36.8771
1966,301,140,50,111,16.6113,36.8771
1967,298,140,47,111,15.7718,37.2483
1968,299,138,53,108,17.7258,36.1204
1969,298,139,51,108,17.1141,36.2416
1970,304,145,52,107,17.1053,35.1974
1971,304,145,53,106,17.4342,34.8684
1972,304,143,60,101,19.7368,33.2237
1973,304,146,61,97,20.0658,31.9079
1974,304,146,60,98,19.7368,32.2368
1975,303,142,64,97,21.1221,32.0132
1976,302,144,66,92,21.8543,30.4636
1977,302,145,64,93,21.1921,30.7947
1978,302,147,65,90,21.5232,29.8013
1979,302,148,65,89,21.5232,29.4702
1980,301,149,61,91,20.2658,30.2326
1981,300,144,63,93,21.0000,31.0000
1982,300,141,68,91,22.6667,30.3333
1983,299,139,69,91,23.0769,30.4348
1984,303,141,73,89,24.0924,29.3729
1985,302,138,76,88,25.1656,29.1391
1986,300,135,74,91,24.6667,30.3333
1987,300,129,79,92,26.3333,30.6667
1988,300,126,78,96,26.0000,32.0000
1989,299,128,75,96,25.0836,32.1070
1990,301,130,76,95,25.2492,31.5615
1991,299,128,79,92,26.4214,30.7692
1992,299,126,78,95,26.0870,31.7726
1993,300,118,84,98,28.0000,32.6667
1994,300,118,86,96,28.6667,32.0000
1995,299,112,89,98,29.7659,32.7759
1996,300,114,85,101,28.3333,33.6667
1997,297,113,85,99,28.6195,33.3333
1998,296,112,85,99,28.7162,33.4459
1999,301,111,90,100,29.9003,33.2226
2000,300,110,91,99,30.3333,33.0000
2001,300,108,92,100,30.6667,33.3333
2002,299,103,87,109,29.0970,36.4548
2003,298,104,87,107,29.1946,35.9060
2004,297,96,93,108,31.3131,36.3636
2005,301,101,90,110,29.9003,36.5449
2006,299,98,92,109,30.7692,36.4548
2007,299,96,89,114,29.7659,38.1271
2008,298,96,87,115,29.1946,38.5906
2009,297,96,85,116,28.6195,39.0572
2010,301,96,91,114,30.2326,37.8738
2011,300,92,92,116,30.6667,38.6667
2012,296,92,89,115,30.0676,38.8514
2013,296,90,89,117,30.0676,39.5270
2014,296,85,86,125,29.0541,42.2297
2015,298,86,84,128,28.1879,42.9530
2016,297,85,86,126,28.9562,42.4242
2017,299,90,85,124,28.4281,41.4716
2018,299,88,89,122,29.7659,40.8027
2019,296,88,85,123,28.7162,41.5541
2020,296,86,83,127,28.0405,42.9054
2021,297,84,86,127,28.9562,42.7609
2022,298,84,82,132,27.5168,44.2953
2023,298,83,81,134,27.1812,44.9664
2024,298,85,76,137,25.5034,45.9732
2025,299,89,72,138,24.0803,46.1538
2026,300,88,70,142,23.3333,47.3333
2027,298,86,72,140,24.1611,46.9799
2028,299,90,69,140,23.0769,46.8227
2029,301,96,67,138,22.2591,45.8472
2030,301,96,65,140,21.5947,46.5116
2031,300,96,63,141,21.0000,47.0000
2032,300,99,61,140,20.3333,46.6667
2033,299,98,62,139,20.7358,46.4883
2034,302,102,57,143,18.8742,47.3510
2035,301,101,55,145,18.2724,48.1728
2036,300,98,57,145,19.0000,48.3333
2037,300,95,56,149,18.6667,49.6667
2038,300,99,52,149,17.3333,49.6667
2039,300,100,49,151,16.3333,50.3333
2040,299,104,45,150,15.0502,50.1672
2041,302,109,43,150,14.2384,49.6689
2042,302,107,44,151,14.5695,50.0000
2043,301,104,43,154,14.2857,51.1628
2044,301,108,41,152,13.6213,50.4983
2045,300,110,42,148,14.0000,49.3333
2046,299,108,43,148,14.3813,49.4983
2047,298,107,44,147,14.7651,49.3289
2048,302,113,44,145,14.5695,48.0132
2049,301,110,46,145,15.2824,48.1728
2050,301,110,47,144,15.6146,47.8405
2051,301,109,49,143,16.2791,47.5083
2052,299,107,49,143,16.3880,47.8261
2053,302,106,52,144,17.2185,47.6821
2054,300,113,50,137,16.6667,45.6667
2055,298,115,49,134,16.4430,44.9664
2056,303,121,47,135,15.5116,44.5545
2057,302,125,42,135,13.9073,44.7020
2058,301,126,41,134,13.6213,44.5183
2059,301,130,43,128,14.2857,42.5249
2060,301,130,46,125,15.2824,41.5282
2061,301,126,51,124,16.9435,41.1960
2062,300,119,56,125,18.6667,41.6667
2063,300,118,57,125,19.0000,41.6667
2064,300,113,63,124,21.0000,41.3333
2065,299,115,62,122,20.7358,40.8027
2066,299,123,61,115,20.4013,38.4615
2067,296,120,63,113,21.2838,38.1757
2068,301,124,62,115,20.5980,38.2060
2069,300,121,64,115,21.3333,38.3333
2070,300,119,65,116,21.6667,38.6667
2071,299,121,63,115,21.0702,38.4615
2072,299,124,63,112,21.0702,37.4582
2073,301,123,62,116,20.5980,38.5382
2074,300,124,63,113,21.0000,37.6667
2075,300,125,63,112,21.0000,37.3333
2076,300,125,66,109,22.0000,36.3333
2077,300,116,77,107,25.6667,35.6667
2078,300,120,78,102,26.0000,34.0000
2079,299,119,78,102,26.0870,34.1137
2080,302,115,83,104,27.4834,34.4371
2081,301,113,84,104,27.9070,34.5515
2082,298,110,82,106,27.5168,35.5705
2083,299,109,82,108,27.4247,36.1204
2084,301,114,81,106,26.9103,35.2159
2085,298,115,77,106,25.8389,35.5705
2086,300,114,85,101,28.3333,33.6667
2087,297,113,84,100,28.2828,33.6700
2088,296,112,83,101,28.0405,34.1216
2089,296,115,83,98,28.0405,33.1081
2090,299,118,84,97,28.0936,32.4415
2091,302,120,87,95,28.8079,31.4570
2092,300,114,93,93,31.0000,31.0000
2093,300,115,92,93,30.6667,31.0000
2094,298,113,90,95,30.2013,31.8792
2095,298,111,93,94,31.2081,31.5436
2096,300,109,99,92,33.0000,30.6667
2097,298,105,94,99,31.5436,33.2215
2098,298,106,88,104,29.5302,34.8993
2099,300,108,90,102,30.0000,34.0000
2100,299,108,87,104,29.0970,34.7826
2101,299,104,87,108,29.0970,36.1204
2102,300,103,86,111,28.6667,37.0000
2103,300,100,82,118,27.3333,39.3333
2104,299,98,84,117,28.0936,39.1304
2105,299,100,83,116,27.7592,38.7960
2106,299,101,82,116,27.4247,38.7960
2107,299,101,79,119,26.4214,39.7993
2108,299,103,76,120,25.4181,40.1338
2109,300,103,78,119,26.0000,39.6667
2110,300,100,77,123,25.6667,41.0000
2111,300,96,78,126,26.0000,42.0000
2112,297,91,77,129,25.9259,43.4343
2113,296,89,74,133,25.0000,44.9324
2114,300,91,75,134,25.0000,44.6667
2115,300,93,70,137,23.3333,45.6667
2116,298,88,70,140,23.4899,46.9799
2117,295,82,71,142,24.0678,48.1356
2118,296,85,70,141,23.6486,47.6351
2119,298,86,72,140,24.1611,46.9799
2120,300,90,72,138,24.0000,46.0000
2121,300,85,75,140,25.0000,46.6667
2122,298,82,72,144,24.1611,48.3221
2123,300,84,71,145,23.6667,48.3333
2124,299,81,70,148,23.4114,49.4983
2125,301,84,72,145,23.9203,48.1728
2126,300,83,73,144,24.3333,48.0000
2127,300,86,69,145,23.0000,48.3333
2128,300,83,72,145,24.0000,48.3333
2129,298,79,71,148,23.8255,49.6644
2130,301,80,70,151,23.2558,50.1661
2131,301,77,69,155,22.9236,51.4950
2132,299,75,69,155,23.0769,51.8395
2133,301,78,66,157,21.9269,52.1595
2134,301,79,67,155,22.2591,51.4950
2135,300,83,65,152,21.6667,50.6667
2136,300,83,65,152,21.6667,50.6667
2137,300,84,57,159,19.0000,53.0000
2138,300,83,57,160,19.0000,53.3333
2139,299,86,55,158,18.3946,52.8428
2140,300,89,55,156,18.3333,52.0000
2141,299,87,54,158,18.0602,52.8428
2142,301,89,55,157,18.2724,52.1595
2143,301,88,52,161,17.2757,53.4884
2144,301,88,52,161,17.2757,53.4884
2145,300,89,47,164,15.6667,54.6667
2146,300,93,45,162,15.0000,54.0000
2147,300,93,45,162,15.0000,54.0000
2148,300,91,47,162,15.6667,54.0000
2149,300,93,47,160,15.6667,53.3333
2150,299,97,47,155,15.7191,51.8395
2151,298,95,45,158,15.1007,53.0201
2152,298,97,45,156,15.1007,52.3490
2153,298,101,41,156,13.7584,52.3490
2154,303,109,39,155,12.8713,51.1551
2155,303,114,38,151,12.5413,49.8350
2156,303,114,38,151,12.5413,49.8350
2157,303,115,38,150,12.5413,49.5050
2158,301,114,39,148,12.9568,49.1694
2159,300,116,39,145,13.0000,48.3333
2160,300,117,42,141,14.0000,47.0000
2161,298,119,40,139,13.4228,46.6443
2162,301,126,36,139,11.9601,46.1794
2163,301,128,37,136,12.2924,45.1827
2164,300,128,37,135,12.3333,45.0000
2165,299,130,39,130,13.0435,43.4783
2166,301,134,39,128,12.9568,42.5249
2167,301,139,40,122,13.2890,40.5316
2168,301,139,40,122,13.2890,40.5316
2169,300,142,36,122,12.0000,40.6667
2170,299,141,35,123,11.7057,41.1371
2171,303,147,33,123,10.8911,40.5941
2172,302,147,31,124,10.2649,41.0596
2173,302,148,32,122,10.5960,40.3974
2174,302,152,33,117,10.9272,38.7417
2175,302,153,34,115,11.2583,38.0795
2176,302,154,35,113,11.5894,37.4172
2177,302,152,37,113,12.2517,37.4172
2178,301,150,37,114,12.2924,37.8738
2179,300,150,40,110,13.3333,36.6667
2180,299,149,41,109,13.7124,36.4548
2181,302,154,38,110,12.5828,36.4238
2182,302,155,40,107,13.2450,35.4305
2183,302,155,43,104,14.2384,34.4371
2184,301,158,41,102,13.6213,33.8870
2185,299,160,39,100,13.0435,33.4448
2186,302,164,40,98,13.2450,32.4503
2187,302,164,41,97,13.5762,32.1192
2188,301,165,40,96,13.2890,31.8937
2189,301,172,41,88,13.6213,29.2359
2190,301,170,45,86,14.9502,28.5714
2191,301,163,51,87,16.9435,28.9037
2192,300,155,58,87,19.3333,29.0000
2193,300,158,58,84,19.3333,28.0000
2194,300,157,59,84,19.6667,28.0000
2195,300,157,63,80,21.0000,26.6667
2196,299,152,67,80,22.4080,26.7559
2197,303,158,69,76,22.7723,25.0825
2198,301,156,69,76,22.9236,25.2492
2199,300,154,69,77,23.0000,25.6667
2200,299,149,72,78,24.0803,26.0870
2201,301,152,76,73,25.2492,24.2525
2202,301,149,80,72,26.5781,23.9203
2203,300,147,81,72,27.0000,24.0000
2204,300,145,83,72,27.6667,24.0000
2205,300,143,89,68,29.6667,22.6667
2206,300,142,89,69,29.6667,23.0000
2207,299,142,88,69,29.4314,23.0769
2208,301,138,95,68,31.5615,22.5914
2209,300,134,97,69,32.3333,23.0000
2210,300,127,102,71,34.0000,23.6667
2211,298,121,103,74,34.5638,24.8322
2212,296,116,103,77,34.7973,26.0135
2213,295,115,100,80,33.8983,27.1186
2214,296,115,103,78,34.7973,26.3514
2215,300,116,106,78,35.3333,26.0000
2216,300,107,111,82,37.0000,27.3333
2217,300,102,112,86,37.3333,28.6667
2218,295,97,110,88,37.2881,29.8305
2219,299,99,112,88,37.4582,29.4314
2220,297,94,117,86,39.3939,28.9562
2221,295,92,114,89,38.6441,30.1695
2222,297,90,115,92,38.7205,30.9764
2223,297,87,116,94,39.0572,31.6498
2224,299,87,117,95,39.1304,31.7726
2225,299,86,116,97,38.7960,32.4415
2226,299,80,116,103,38.7960,34.4482
2227,302,82,114,106,37.7483,35.0993
2228,302,79,114,109,37.7483,36.0927
2229,300,77,112,111,37.3333,37.0000
2230,299,76,107,116,35.7860,38.7960
2231,302,77,106,119,35.0993,39.4040
2232,301,74,102,125,33.8870,41.5282
2233,299,76,99,124,33.1104,41.4716
2234,299,74,95,130,31.7726,43.4783
2235,300,72,96,132,32.0000,44.0000
2236,298,70,92,136,30.8725,45.6376
2237,298,72,84,142,28.1879,47.6510
2238,300,74,82,144,27.3333,48.0000
2239,298,75,79,144,26.5101,48.3221
2240,297,72,76,149,25.5892,50.1684
2241,300,77,70,153,23.3333,51.0000
2242,298,73,67,158,22.4832,53.0201
2243,301,77,64,160,21.2625,53.1561
2244,298,75,61,162,20.4698,54.3624
2245,299,75,60,164,20.0669,54.8495
2246,300,76,59,165,19.6667,55.0000
2247,299,75,56,168,18.7291,56.1873
2248,300,75,56,169,18.6667,56.3333
2249,299,74,53,172,17.7258,57.5251
2250,303,79,52,172,17.1617,56.7657
2251,302,80,52,170,17.2185,56.2914
2252,300,81,50,169,16.6667,56.3333
2253,300,80,47,173,15.6667,57.6667
2254,299,79,46,174,15.3846,58.1940
2255,300,83,43,174,14.3333,58.0000
2256,299,81,43,175,14.3813,58.5284
2257,303,82,43,178,14.1914,58.7459
2258,302,82,44,176,14.5695,58.2781
2259,302,83,46,173,15.2318,57.2848
2260,301,81,45,175,14.9502,58.1395
2261,299,81,43,175,14.3813,58.5284
2262,300,82,45,173,15.0000,57.6667
2263,298,82,44,172,14.7651,57.7181
2264,301,87,45,169,14.9502,56.1462
2265,300,89,44,167,14.6667,55.6667
2266,300,91,41,168,13.6667,56.0000
2267,298,89,40,169,13.4228,56.7114
2268,299,95,40,164,13.3779,54.8495
2269,299,100,38,161,12.7090,53.8462
2270,302,102,39,161,12.9139,53.3113
2271,301,103,36,162,11.9601,53.8206
2272,300,100,39,161,13.0000,53.6667
2273,300,105,40,155,13.3333,51.6667
2274,299,110,38,151,12.7090,50.5017
2275,300,110,42,148,14.0000,49.3333
2276,300,111,41,148,13.6667,49.3333
2277,299,111,43,145,14.3813,48.4950
2278,300,120,38,142,12.6667,47.3333
2279,300,122,37,141,12.3333,47.0000
2280,300,125,37,138,12.3333,46.0000
2281,299,126,37,136,12.3746,45.4849
2282,303,136,37,130,12.2112,42.9043
2283,303,137,36,130,11.8812,42.9043
2284,303,140,38,125,12.5413,41.2541
2285,303,140,40,123,13.2013,40.5941
2286,303,144,40,119,13.2013,39.2739
2287,303,146,40,117,13.2013,38.6139
2288,303,143,47,113,15.5116,37.2937
2289,303,149,48,106,15.8416,34.9835
2290,303,149,49,105,16.1716,34.6535
2291,302,148,50,104,16.5563,34.4371
2292,301,150,52,99,17.2757,32.8904
2293,300,152,52,96,17.3333,32.0000
2294,300,151,58,91,19.3333,30.3333
2295,299,152,58,89,19.3980,29.7659
2296,304,154,60,90,19.7368,29.6053
2297,304,153,63,88,20.7237,28.9474
2298,304,152,65,87,21.3816,28.6184
2299,303,152,68,83,22.4422,27.3927
2300,303,147,73,83,24.0924,27.3927
2301,303,146,77,80,25.4125,26.4026
2302,301,137,84,80,27.9070,26.5781
2303,301,132,90,79,29.9003,26.2458
2304,299,124,95,80,31.7726,26.7559
2305,300,123,97,80,32.3333,26.6667
2306,300,120,101,79,33.6667,26.3333
2307,300,121,101,78,33.6667,26.0000
2308,298,116,105,77,35.2349,25.8389
2309,297,114,105,78,35.3535,26.2626
2310,296,110,109,77,36.8243,26.0135
2311,296,109,109,78,36.8243,26.3514
2312,296,103,113,80,38.1757,27.0270
2313,297,100,117,80,39.3939,26.9360
2314,296,93,122,81,41.2162,27.3649
2315,297,91,123,83,41.4141,27.9461
2316,298,86,125,87,41.9463,29.1946
2317,298,88,120,90,40.2685,30.2013
2318,299,88,121,90,40.4682,30.1003
2319,299,90,118,91,39.4649,30.4348
2320,298,89,117,92,39.2617,30.8725
2321,298,81,119,98,39.9329,32.8859
2322,297,82,113,102,38.0471,34.3434
2323,294,78,111,105,37.7551,35.7143
2324,294,72,111,111,37.7551,37.7551
2325,293,69,110,114,37.5427,38.9078
2326,294,71,106,117,36.0544,39.7959
2327,298,72,107,119,35.9060,39.9329
2328,301,76,105,120,34.8837,39.8671
2329,300,72,102,126,34.0000,42.0000
2330,298,71,98,129,32.8859,43.2886
2331,297,73,96,128,32.3232,43.0976
2332,297,75,95,127,31.9865,42.7609
2333,296,70,90,136,30.4054,45.9459
2334,296,73,85,138,28.7162,46.6216
2335,296,78,77,141,26.0135,47.6351
2336,297,77,76,144,25.5892,48.4848
2337,298,76,75,147,25.1678,49.3289
2338,301,76,78,147,25.9136,48.8372
2339,301,73,80,148,26.5781,49.1694
2340,300,71,79,150,26.3333,50.0000
2341,300,70,76,154,25.3333,51.3333
2342,300,71,71,158,23.6667,52.6667
2343,300,65,73,162,24.3333,54.0000
2344,299,65,67,167,22.4080,55.8528
2345,298,68,61,169,20.4698,56.7114
2346,298,67,61,170,20.4698,57.0470
2347,299,70,59,170,19.7324,56.8562
2348,300,71,61,168,20.3333,56.0000
2349,299,69,60,170,20.0669,56.8562
2350,300,69,60,171,20.0000,57.0000
2351,299,68,57,174,19.0635,58.1940
2352,300,70,56,174,18.6667,58.0000
2353,299,69,56,174,18.7291,58.1940
2354,297,68,55,174,18.5185,58.5859
2355,298,67,57,174,19.1275,58.3893
2356,300,72,55,173,18.3333,57.6667
2357,300,75,52,173,17.3333,57.6667
2358,298,73,48,177,16.1074,59.3960
2359,298,76,45,177,15.1007,59.3960
2360,301,80,43,178,14.2857,59.1362
2361,301,80,46,175,15.2824,58.1395
2362,301,80,45,176,14.9502,58.4718
2363,299,80,43,176,14.3813,58.8629
2364,306,90,40,176,13.0719,57.5163
2365,306,90,41,175,13.3987,57.1895
2366,306,89,40,177,13.0719,57.8431
2367,306,92,40,174,13.0719,56.8627
2368,306,96,38,172,12.4183,56.2092
2369,306,97,37,172,12.0915,56.2092
2370,306,99,37,170,12.0915,55.5556
2371,306,99,37,170,12.0915,55.5556
2372,306,99,37,170,12.0915,55.5556
2373,306,103,39,164,12.7451,53.5948
2374,306,108,37,161,12.0915,52.6144
2375,306,109,39,158,12.7451,51.6340
2376,306,112,39,155,12.7451,50.6536
2377,306,108,45,153,14.7059,50.0000
2378,306,111,45,150,14.7059,49.0196
2379,305,113,42,150,13.7705,49.1803
2380,305,115,43,147,14.0984,48.1967
2381,303,120,41,142,13.5314,46.8647
2382,302,125,40,137,13.2450,45.3642
2383,302,126,41,135,13.5762,44.7020
2384,301,126,40,135,13.2890,44.8505
2385,300,134,41,125,13.6667,41.6667
2386,300,136,39,125,13.0000,41.6667
2387,300,140,39,121,13.0000,40.3333
2388,300,140,43,117,14.3333,39.0000
2389,300,141,43,116,14.3333,38.6667
2390,300,143,42,115,14.0000,38.3333
2391,299,142,42,115,14.0468,38.4615
2392,300,144,43,113,14.3333,37.6667
2393,298,149,41,108,13.7584,36.2416
2394,299,152,43,104,14.3813,34.7826
2395,301,157,44,100,14.6179,33.2226
2396,301,160,40,101,13.2890,33.5548
2397,301,160,42,99,13.9535,32.8904
2398,299,161,36,102,12.0401,34.1137
2399,299,161,38,100,12.7090,33.4448
2400,301,163,39,99,12.9568,32.8904
2401,301,164,38,99,12.6246,32.8904
2402,301,164,41,96,13.6213,31.8937
2403,301,167,39,95,12.9568,31.5615
2404,301,166,41,94,13.6213,31.2292
2405,301,168,40,93,13.2890,30.8970
2406,301,167,41,93,13.6213,30.8970
2407,301,167,41,93,13.6213,30.8970
2408,300,167,36,97,12.0000,32.3333
2409,299,165,40,94,13.3779,31.4381
2410,300,167,42,91,14.0000,30.3333
2411,299,165,44,90,14.7157,30.1003
2412,302,165,49,88,16.2252,29.1391
2413,302,165,49,88,16.2252,29.1391
2414,302,162,51,89,16.8874,29.4702
2415,302,163,50,89,16.5563,29.4702
2416,302,161,54,87,17.8808,28.8079
2417,299,161,49,89,16.3880,29.7659
2418,301,159,56,86,18.6047,28.5714
2419,300,155,59,86,19.6667,28.6667
2420,300,154,62,84,20.6667,28.0000
2421,300,153,66,81,22.0000,27.0000
2422,299,147,70,82,23.4114,27.4247
2423,301,146,75,80,24.9169,26.5781
2424,301,140,81,80,26.9103,26.5781
2425,301,136,85,80,28.2392,26.5781
2426,301,136,88,77,29.2359,25.5814
2427,300,132,91,77,30.3333,25.6667
2428,300,126,100,74,33.3333,24.6667
2429,299,122,102,75,34.1137,25.0836
2430,300,119,103,78,34.3333,26.0000
2431,299,113,108,78,36.1204,26.0870
2432,299,110,106,83,35.4515,27.7592
2433,299,108,108,83,36.1204,27.7592
2434,299,104,111,84,37.1237,28.0936
2435,302,99,117,86,38.7417,28.4768
2436,302,96,118,88,39.0728,29.1391
2437,301,92,119,90,39.5349,29.9003
2438,298,91,119,88,39.9329,29.5302
2439,298,90,116,92,38.9262,30.8725
2440,302,88,119,95,39.4040,31.4570
2441,301,89,118,94,39.2027,31.2292
2442,297,88,110,99,37.0370,33.3333
2443,297,89,105,103,35.3535,34.6801
2444,295,86,105,104,35.5932,35.2542
2445,294,81,103,110,35.0340,37.4150
2446,294,81,103,110,35.0340,37.4150
2447,294,81,101,112,34.3537,38.0952
2448,294,87,95,112,32.3129,38.0952
2449,295,89,93,113,31.5254,38.3051
2450,296,90,92,114,31.0811,38.5135
2451,296,91,85,120,28.7162,40.5405
2452,297,92,82,123,27.6094,41.4141
2453,295,89,84,122,28.4746,41.3559
2454,296,89,82,125,27.7027,42.2297
2455,297,93,75,129,25.2525,43.4343
2456,296,94,70,132,23.6486,44.5946
2457,299,95,70,134,23.4114,44.8161
2458,301,98,68,135,22.5914,44.8505
2459,301,98,65,138,21.5947,45.8472
2460,301,100,63,138,20.9302,45.8472
2461,301,99,59,143,19.6013,47.5083
2462,300,96,61,143,20.3333,47.6667
2463,300,93,63,144,21.0000,48.0000
2464,298,93,61,144,20.4698,48.3221
2465,301,99,55,147,18.2724,48.8372
2466,301,98,54,149,17.9402,49.5017
2467,299,98,52,149,17.3913,49.8328
2468,304,104,52,148,17.1053,48.6842
2469,304,103,53,148,17.4342,48.6842
2470,303,100,51,152,16.8317,50.1650
2471,303,99,51,153,16.8317,50.4950
2472,303,98,51,154,16.8317,50.8251
2473,301,97,48,156,15.9468,51.8272
2474,298,98,44,156,14.7651,52.3490
2475,301,101,43,157,14.2857,52.1595
2476,300,98,47,155,15.6667,51.6667
2477,300,95,48,157,16.0000,52.3333
2478,299,94,46,159,15.3846,53.1773
2479,300,96,46,158,15.3333,52.6667
2480,300,94,48,158,16.0000,52.6667
2481,300,96,45,159,15.0000,53.0000
2482,298,98,41,159,13.7584,53.3557
2483,300,101,41,158,13.6667,52.6667
2484,299,104,40,155,13.3779,51.8395
2485,304,108,42,154,13.8158,50.6579
2486,304,108,43,153,14.1447,50.3289
2487,303,106,44,153,14.5215,50.4950
2488,303,108,43,152,14.1914,50.1650
2489,303,108,42,153,13.8614,50.4950
2490,303,106,42,155,13.8614,51.1551
2491,303,112,39,152,12.8713,50.1650
2492,303,114,38,151,12.5413,49.8350
2493,303,114,39,150,12.8713,49.5050
2494,302,118,38,146,12.5828,48.3444
2495,302,122,40,140,13.2450,46.3576
2496,302,123,38,141,12.5828,46.6887
2497,301,128,34,139,11.2957,46.1794
2498,300,126,36,138,12.0000,46.0000
2499,300,126,39,135,13.0000,45.0000
2500,300,129,42,129,14.0000,43.0000
2501,299,132,40,127,13.3779,42.4749
2502,301,135,43,123,14.2857,40.8638
2503,300,141,42,117,14.0000,39.0000
2504,300,142,44,114,14.6667,38.0000
2505,299,142,42,115,14.0468,38.4615
2506,301,145,43,113,14.2857,37.5415
2507,298,149,41,108,13.7584,36.2416
2508,302,156,42,104,13.9073,34.4371
2509,302,157,43,102,14.2384,33.7748
2510,300,154,45,101,15.0000,33.6667
2511,300,151,50,99,16.6667,33.0000
2512,300,156,49,95,16.3333,31.6667
2513,300,159,50,91,16.6667,30.3333
2514,300,159,49,92,16.3333,30.6667
2515,300,154,56,90,18.6667,30.0000
2516,299,149,60,90,20.0669,30.1003
2517,303,152,63,88,20.7921,29.0429
2518,303,154,62,87,20.4620,28.7129
2519,302,154,63,85,20.8609,28.1457
2520,301,147,67,87,22.2591,28.9037
2521,300,147,67,86,22.3333,28.6667
2522,300,145,71,84,23.6667,28.0000
2523,298,143,72,83,24.1611,27.8523
2524,298,143,73,82,24.4966,27.5168
2525,300,147,74,79,24.6667,26.3333
2526,299,144,77,78,25.7525,26.0870
2527,300,143,79,78,26.3333,26.0000
2528,300,139,80,81,26.6667,27.0000
2529,299,135,85,79,28.4281,26.4214
2530,301,137,84,80,27.9070,26.5781
2531,300,133,81,86,27.0000,28.6667
2532,300,129,83,88,27.6667,29.3333
2533,299,125,87,87,29.0970,29.0970
2534,300,124,93,83,31.0000,27.6667
2535,299,118,97,84,32.4415,28.0936
2536,300,112,102,86,34.0000,28.6667
2537,300,108,100,92,33.3333,30.6667
2538,299,105,100,94,33.4448,31.4381
2539,300,107,99,94,33.0000,31.3333
2540,299,106,97,96,32.4415,32.1070
2541,302,109,97,96,32.1192,31.7881
2542,300,109,94,97,31.3333,32.3333
2543,300,105,97,98,32.3333,32.6667
2544,299,102,100,97,33.4448,32.4415
2545,301,104,101,96,33.5548,31.8937
2546,299,106,95,98,31.7726,32.7759
2547,301,107,94,100,31.2292,33.2226
2548,300,105,95,100,31.6667,33.3333
2549,298,106,92,100,30.8725,33.5570
2550,303,110,90,103,29.7030,33.9934
2551,301,106,90,105,29.9003,34.8837
2552,299,107,83,109,27.7592,36.4548
2553,299,106,83,110,27.7592,36.7893
2554,302,110,80,112,26.4901,37.0861
2555,300,107,72,121,24.0000,40.3333
2556,300,101,72,127,24.0000,42.3333
2557,300,100,67,133,22.3333,44.3333
2558,300,101,63,136,21.0000,45.3333
2559,299,98,64,137,21.4047,45.8194
2560,299,97,63,139,21.0702,46.4883
2561,302,100,62,140,20.5298,46.3576
2562,299,99,60,140,20.0669,46.8227
2563,298,100,53,145,17.7852,48.6577
2564,297,102,50,145,16.8350,48.8215
2565,299,103,50,146,16.7224,48.8294
2566,303,107,50,146,16.5017,48.1848
2567,303,102,54,147,17.8218,48.5149
2568,302,102,53,147,17.5497,48.6755
2569,299,100,52,147,17.3913,49.1639
2570,303,105,52,146,17.1617,48.1848
2571,303,103,49,151,16.1716,49.8350
2572,303,98,56,149,18.4818,49.1749
2573,303,95,60,148,19.8020,48.8449
2574,303,96,57,150,18.8119,49.5050
2575,303,94,60,149,19.8020,49.1749
2576,302,89,60,153,19.8675,50.6623
2577,299,89,54,156,18.0602,52.1739
2578,301,93,53,155,17.6080,51.4950
2579,301,93,53,155,17.6080,51.4950
2580,301,90,56,155,18.6047,51.4950
2581,300,89,55,156,18.3333,52.0000
2582,299,91,54,154,18.0602,51.5050
2583,300,94,57,149,19.0000,49.6667
2584,300,94,59,147,19.6667,49.0000
2585,300,94,59,147,19.6667,49.0000
2586,300,92,59,149,19.6667,49.6667
2587,297,93,55,149,18.5185,50.1684
2588,296,96,55,145,18.5811,48.9865
2589,299,104,56,139,18.7291,46.4883
2590,301,109,54,138,17.9402,45.8472
2591,300,109,52,139,17.3333,46.3333
2592,298,111,49,138,16.4430,46.3087
2593,300,116,44,140,14.6667,46.6667
2594,300,119,43,138,14.3333,46.0000
2595,300,120,43,137,14.3333,45.6667
2596,300,120,39,141,13.0000,47.0000
2597,300,117,41,142,13.6667,47.3333
2598,300,120,41,139,13.6667,46.3333
2599,300,120,42,138,14.0000,46.0000
2600,299,118,44,137,14.7157,45.8194
2601,300,122,41,137,13.6667,45.6667
2602,300,126,40,134,13.3333,44.6667
2603,300,124,40,136,13.3333,45.3333
2604,299,126,40,133,13.3779,44.4816
2605,299,125,42,132,14.0468,44.1472
2606,302,124,47,131,15.5629,43.3775
2607,302,130,49,123,16.2252,40.7285
2608,302,135,47,120,15.5629,39.7351
2609,302,141,48,113,15.8940,37.4172
2610,302,138,55,109,18.2119,36.0927
2611,302,136,57,109,18.8742,36.0927
2612,302,135,57,110,18.8742,36.4238
2613,302,131,63,108,20.8609,35.7616
2614,302,127,68,107,22.5166,35.4305
2615,301,127,73,101,24.2525,33.5548
2616,301,125,72,104,23.9203,34.5515
2617,300,126,72,102,24.0000,34.0000
2618,299,123,75,101,25.0836,33.7793
2619,303,122,80,101,26.4026,33.3333
2620,301,115,85,101,28.2392,33.5548
2621,300,107,92,101,30.6667,33.6667
2622,300,104,96,100,32.0000,33.3333
2623,300,106,98,96,32.6667,32.0000
2624,300,103,97,100,32.3333,33.3333
2625,300,100,98,102,32.6667,34.0000
2626,299,95,102,102,34.1137,34.1137
2627,300,89,106,105,35.3333,35.0000
2628,298,89,106,103,35.5705,34.5638
2629,298,90,108,100,36.2416,33.5570
2630,298,89,108,101,36.2416,33.8926
2631,300,86,106,108,35.3333,36.0000
2632,300,88,103,109,34.3333,36.3333
2633,299,85,104,110,34.7826,36.7893
2634,300,82,104,114,34.6667,38.0000
2635,296,78,105,113,35.4730,38.1757
2636,296,76,104,116,35.1351,39.1892
2637,297,78,102,117,34.3434,39.3939
2638,297,76,103,118,34.6801,39.7306
2639,299,79,101,119,33.7793,39.7993
2640,297,75,100,122,33.6700,41.0774
2641,299,75,95,129,31.7726,43.1438
2642,299,74,88,137,29.4314,45.8194
2643,300,77,87,136,29.0000,45.3333
2644,299,78,85,136,28.4281,45.4849
2645,300,78,86,136,28.6667,45.3333
2646,297,77,82,138,27.6094,46.4646
2647,299,78,81,140,27.0903,46.8227
2648,302,83,77,142,25.4967,47.0199
2649,300,82,77,141,25.6667,47.0000
2650,300,80,75,145,25.0000,48.3333
2651,300,78,76,146,25.3333,48.6667
2652,300,78,72,150,24.0000,50.0000
2653,300,81,69,150,23.0000,50.0000
2654,297,76,70,151,23.5690,50.8418
2655,298,80,67,151,22.4832,50.6711
2656,299,83,66,150,22.0736,50.1672
2657,301,85,64,152,21.2625,50.4983
2658,300,87,62,151,20.6667,50.3333
2659,300,87,59,154,19.6667,51.3333
2660,298,86,60,152,20.1342,51.0067
2661,301,90,57,154,18.9369,51.1628
2662,299,86,58,155,19.3980,51.8395
2663,300,85,59,156,19.6667,52.0000
2664,300,87,57,156,19.0000,52.0000
2665,299,85,56,158,18.7291,52.8428
2666,302,88,53,161,17.5497,53.3113
2667,301,85,52,164,17.2757,54.4850
2668,299,89,46,164,15.3846,54.8495
2669,303,93,46,164,15.1815,54.1254
2670,302,91,47,164,15.5629,54.3046
2671,300,89,46,165,15.3333,55.0000
2672,300,90,43,167,14.3333,55.6667
2673,300,92,42,166,14.0000,55.3333
2674,299,91,40,168,13.3779,56.1873
2675,300,94,36,170,12.0000,56.6667
2676,299,99,32,168,10.7023,56.1873
2677,299,103,31,165,10.3679,55.1839
2678,302,109,32,161,10.5960,53.3113
2679,302,109,35,158,11.5894,52.3179
2680,302,111,31,160,10.2649,52.9801
2681,301,112,29,160,9.6346,53.1561
2682,300,109,30,161,10.0000,53.6667
2683,299,116,27,156,9.0301,52.1739
2684,299,121,26,152,8.6957,50.8361
2685,300,122,28,150,9.3333,50.0000
2686,300,125,27,148,9.0000,49.3333
2687,300,126,26,148,8.6667,49.3333
2688,300,128,25,147,8.3333,49.0000
2689,300,130,26,144,8.6667,48.0000
2690,299,133,23,143,7.6923,47.8261
2691,300,137,23,140,7.6667,46.6667
2692,298,140,21,137,7.0470,45.9732
2693,302,149,23,130,7.6159,43.0464
2694,302,158,22,122,7.2848,40.3974
2695,302,158,24,120,7.9470,39.7351
2696,302,156,29,117,9.6026,38.7417
2697,302,156,34,112,11.2583,37.0861
2698,302,157,37,108,12.2517,35.7616
2699,302,160,38,104,12.5828,34.4371
2700,301,167,35,99,11.6279,32.8904
2701,301,160,42,99,13.9535,32.8904
2702,301,163,43,95,14.2857,31.5615
2703,300,165,39,96,13.0000,32.0000
2704,299,171,39,89,13.0435,29.7659
2705,299,175,39,85,13.0435,28.4281
2706,299,174,40,85,13.3779,28.4281
2707,300,177,41,82,13.6667,27.3333
2708,300,177,41,82,13.6667,27.3333
2709,300,176,45,79,15.0000,26.3333
2710,300,176,45,79,15.0000,26.3333
2711,300,176,48,76,16.0000,25.3333
2712,300,176,49,75,16.3333,25.0000
2713,299,175,52,72,17.3913,24.0803
2714,301,177,52,72,17.2757,23.9203
2715,301,177,54,70,17.9402,23.2558
2716,299,179,52,68,17.3913,22.7425
2717,298,182,46,70,15.4362,23.4899
2718,299,184,46,69,15.3846,23.0769
2719,300,186,48,66,16.0000,22.0000
2720,300,189,47,64,15.6667,21.3333
2721,299,186,45,68,15.0502,22.7425
2722,299,182,49,68,16.3880,22.7425
2723,302,180,54,68,17.8808,22.5166
2724,302,177,60,65,19.8675,21.5232
2725,302,175,60,67,19.8675,22.1854
2726,301,168,69,64,22.9236,21.2625
2727,300,166,69,65,23.0000,21.6667
2728,300,164,73,63,24.3333,21.0000
2729,300,157,80,63,26.6667,21.0000
2730,299,153,80,66,26.7559,22.0736
2731,300,149,82,69,27.3333,23.0000
2732,299,147,86,66,28.7625,22.0736
2733,299,145,86,68,28.7625,22.7425
2734,299,141,91,67,30.4348,22.4080
2735,298,140,94,64,31.5436,21.4765
2736,299,131,103,65,34.4482,21.7391
2737,299,127,108,64,36.1204,21.4047
2738,300,124,113,63,37.6667,21.0000
2739,298,120,115,63,38.5906,21.1409
2740,299,116,120,63,40.1338,21.0702
2741,300,112,124,64,41.3333,21.3333
2742,298,108,125,65,41.9463,21.8121
2743,300,102,126,72,42.0000,24.0000
2744,296,95,126,75,42.5676,25.3378
2745,295,84,135,76,45.7627,25.7627
2746,298,86,131,81,43.9597,27.1812
2747,297,81,130,86,43.7710,28.9562
2748,297,79,129,89,43.4343,29.9663
2749,295,73,130,92,44.0678,31.1864
2750,295,66,133,96,45.0847,32.5424
2751,296,69,130,97,43.9189,32.7703
2752,294,67,127,100,43.1973,34.0136
2753,296,66,125,105,42.2297,35.4730
2754,295,67,119,109,40.3390,36.9492
2755,296,66,120,110,40.5405,37.1622
2756,297,64,121,112,40.7407,37.7104
2757,297,58,116,123,39.0572,41.4141
2758,298,54,118,126,39.5973,42.2819
2759,298,50,116,132,38.9262,44.2953
2760,298,50,113,135,37.9195,45.3020
2761,297,49,108,140,36.3636,47.1380
2762,295,47,104,144,35.2542,48.8136
2763,298,51,99,148,33.2215,49.6644
2764,301,53,91,157,30.2326,52.1595
2765,299,54,84,161,28.0936,53.8462
2766,299,56,77,166,25.7525,55.5184
2767,302,58,77,167,25.4967,55.2980
2768,300,56,75,169,25.0000,56.3333
2769,299,59,71,169,23.7458,56.5217
2770,302,64,63,175,20.8609,57.9470
2771,302,63,59,180,19.5364,59.6026
2772,302,62,60,180,19.8675,59.6026
2773,302,64,59,179,19.5364,59.2715
2774,300,64,58,178,19.3333,59.3333
2775,299,64,56,179,18.7291,59.8662
2776,297,64,51,182,17.1717,61.2795
2777,298,68,46,184,15.4362,61.7450
2778,294,66,41,187,13.9456,63.6054
2779,294,70,37,187,12.5850,63.6054
2780,298,74,36,188,12.0805,63.0872
2781,301,76,36,189,11.9601,62.7907
2782,300,77,33,190,11.0000,63.3333
2783,300,80,33,187,11.0000,62.3333
2784,300,81,29,190,9.6667,63.3333
2785,300,83,30,187,10.0000,62.3333
2786,299,84,29,186,9.6990,62.2074
2787,303,87,28,188,9.2409,62.0462
2788,303,88,25,190,8.2508,62.7063
2789,302,88,23,191,7.6159,63.2450
2790,302,89,24,189,7.9470,62.5828
2791,302,89,24,189,7.9470,62.5828
2792,302,88,25,189,8.2781,62.5828
2793,301,89,22,190,7.3090,63.1229
2794,300,91,21,188,7.0000,62.6667
2795,300,98,19,183,6.3333,61.0000
2796,299,98,22,179,7.3579,59.8662
2797,298,99,21,178,7.0470,59.7315
2798,301,108,22,171,7.3090,56.8106
2799,300,111,20,169,6.6667,56.3333
2800,300,113,20,167,6.6667,55.6667
2801,299,116,19,164,6.3545,54.8495
2802,301,122,18,161,5.9801,53.4884
2803,301,121,20,160,6.6445,53.1561
2804,301,126,20,155,6.6445,51.4950
2805,301,130,20,151,6.6445,50.1661
2806,301,132,23,146,7.6412,48.5050
2807,301,135,24,142,7.9734,47.1761
2808,301,136,24,141,7.9734,46.8439
2809,301,145,26,130,8.6379,43.1894
2810,301,149,27,125,8.9701,41.5282
2811,301,154,27,120,8.9701,39.8671
2812,301,155,29,117,9.6346,38.8704
2813,299,159,28,112,9.3645,37.4582
2814,302,165,29,108,9.6026,35.7616
2815,302,168,31,103,10.2649,34.1060
2816,302,175,31,96,10.2649,31.7881
2817,301,177,32,92,10.6312,30.5648
2818,301,182,33,86,10.9635,28.5714
2819,300,182,34,84,11.3333,28.0000
2820,299,182,34,83,11.3712,27.7592
2821,300,183,38,79,12.6667,26.3333
2822,300,188,42,70,14.0000,23.3333
2823,298,191,40,67,13.4228,22.4832
2824,300,194,41,65,13.6667,21.6667
2825,300,196,43,61,14.3333,20.3333
2826,298,193,43,62,14.4295,20.8054
2827,300,198,43,59,14.3333,19.6667
2828,299,199,44,56,14.7157,18.7291
2829,300,203,44,53,14.6667,17.6667
2830,300,204,44,52,14.6667,17.3333
2831,299,203,48,48,16.0535,16.0535
2832,301,204,48,49,15.9468,16.2791
2833,301,205,47,49,15.6146,16.2791
2834,300,205,50,45,16.6667,15.0000
2835,297,203,48,46,16.1616,15.4882
2836,296,204,50,42,16.8919,14.1892
2837,300,205,50,45,16.6667,15.0000
2838,300,202,51,47,17.0000,15.6667
2839,300,199,56,45,18.6667,15.0000
2840,300,200,55,45,18.3333,15.0000
2841,299,195,56,48,18.7291,16.0535
2842,299,192,55,52,18.3946,17.3913
2843,301,191,58,52,19.2691,17.2757
2844,300,190,60,50,20.0000,16.6667
2845,299,189,61,49,20.4013,16.3880
2846,299,184,66,49,22.0736,16.3880
2847,306,187,71,48,23.2026,15.6863
2848,306,185,70,51,22.8758,16.6667
2849,306,177,76,53,24.8366,17.3203
2850,306,170,83,53,27.1242,17.3203
2851,306,169,82,55,26.7974,17.9739
2852,306,165,84,57,27.4510,18.6275
2853,306,160,87,59,28.4314,19.2810
2854,306,154,92,60,30.0654,19.6078
2855,305,150,94,61,30.8197,20.0000
2856,301,145,95,61,31.5615,20.2658
2857,301,140,99,62,32.8904,20.5980
2858,301,135,101,65,33.5548,21.5947
2859,301,130,101,70,33.5548,23.2558
2860,300,122,108,70,36.0000,23.3333
2861,299,116,111,72,37.1237,24.0803
2862,299,112,111,76,37.1237,25.4181
2863,301,112,112,77,37.2093,25.5814
2864,300,111,111,78,37.0000,26.0000
2865,299,107,112,80,37.4582,26.7559
2866,299,104,112,83,37.4582,27.7592
2867,300,103,108,89,36.0000,29.6667
2868,297,104,104,89,35.0168,29.9663
2869,300,105,103,92,34.3333,30.6667
2870,300,93,109,98,36.3333,32.6667
2871,299,90,107,102,35.7860,34.1137
2872,299,92,104,103,34.7826,34.4482
2873,297,84,106,107,35.6902,36.0269
2874,294,80,103,111,35.0340,37.7551
2875,297,83,102,112,34.3434,37.7104
2876,295,78,104,113,35.2542,38.3051
2877,295,76,100,119,33.8983,40.3390
2878,293,76,96,121,32.7645,41.2969
2879,293,76,92,125,31.3993,42.6621
2880,295,80,86,129,29.1525,43.7288
2881,295,78,84,133,28.4746,45.0847
2882,299,84,77,138,25.7525,46.1538
2883,302,85,76,141,25.1656,46.6887
2884,302,87,74,141,24.5033,46.6887
2885,302,87,73,142,24.1722,47.0199
2886,299,84,71,144,23.7458,48.1605
2887,300,87,66,147,22.0000,49.0000
2888,300,84,68,148,22.6667,49.3333
2889,300,86,66,148,22.0000,49.3333
2890,298,87,58,153,19.4631,51.3423
2891,299,90,52,157,17.3913,52.5084
2892,302,95,49,158,16.2252,52.3179
2893,301,96,49,156,16.2791,51.8272
2894,301,99,41,161,13.6213,53.4884
2895,300,98,39,163,13.0000,54.3333
2896,300,96,39,165,13.0000,55.0000
2897,299,96,34,169,11.3712,56.5217
2898,301,99,33,169,10.9635,56.1462
2899,301,100,31,170,10.2990,56.4784
2900,301,99,34,168,11.2957,55.8140
2901,300,99,35,166,11.6667,55.3333
2902,298,95,35,168,11.7450,56.3758
2903,302,102,36,164,11.9205,54.3046
2904,301,102,36,163,11.9601,54.1528
2905,300,102,37,161,12.3333,53.6667
2906,300,99,42,159,14.0000,53.0000
2907,300,99,41,160,13.6667,53.3333
2908,300,94,45,161,15.0000,53.6667
2909,299,96,43,160,14.3813,53.5117
2910,304,102,44,158,14.4737,51.9737
2911,304,107,43,154,14.1447,50.6579
2912,304,106,45,153,14.8026,50.3289
2913,304,107,44,153,14.4737,50.3289
2914,303,110,42,151,13.8614,49.8350
2915,303,112,42,149,13.8614,49.1749
2916,301,110,44,147,14.6179,48.8372
2917,301,110,45,146,14.9502,48.5050
2918,301,110,48,143,15.9468,47.5083
2919,301,109,54,138,17.9402,45.8472
2920,300,109,53,138,17.6667,46.0000
2921,300,109,55,136,18.3333,45.3333
2922,298,110,57,131,19.1275,43.9597
2923,301,113,58,130,19.2691,43.1894
2924,299,111,59,129,19.7324,43.1438
2925,300,112,62,126,20.6667,42.0000
2926,299,111,63,125,21.0702,41.8060
2927,302,114,62,126,20.5298,41.7219
2928,302,112,64,126,21.1921,41.7219
2929,301,117,61,123,20.2658,40.8638
2930,301,117,63,121,20.9302,40.1993
2931,301,116,67,118,22.2591,39.2027
2932,301,115,71,115,23.5880,38.2060
2933,301,117,72,112,23.9203,37.2093
2934,301,118,77,106,25.5814,35.2159
2935,301,117,81,103,26.9103,34.2193
2936,300,117,83,100,27.6667,33.3333
2937,299,113,85,101,28.4281,33.7793
2938,301,113,85,103,28.2392,34.2193
2939,300,116,83,101,27.6667,33.6667
2940,299,114,80,105,26.7559,35.1171
2941,300,116,80,104,26.6667,34.6667
2942,299,121,80,98,26.7559,32.7759
2943,299,121,82,96,27.4247,32.1070
2944,302,125,81,96,26.8212,31.7881
2945,300,122,83,95,27.6667,31.6667
2946,296,129,78,89,26.3514,30.0676
2947,297,126,82,89,27.6094,29.9663
2948,298,128,82,88,27.5168,29.5302
2949,296,129,83,84,28.0405,28.3784
2950,298,132,82,84,27.5168,28.1879
2951,297,131,83,83,27.9461,27.9461
2952,299,132,83,84,27.7592,28.0936
2953,300,133,80,87,26.6667,29.0000
2954,299,131,81,87,27.0903,29.0970
2955,299,134,78,87,26.0870,29.0970
2956,301,129,84,88,27.9070,29.2359
2957,300,127,80,93,26.6667,31.0000
2958,299,120,81,98,27.0903,32.7759
2959,301,120,84,97,27.9070,32.2259
2960,301,113,89,99,29.5681,32.8904
2961,301,110,91,100,30.2326,33.2226
2962,299,107,90,102,30.1003,34.1137
2963,302,108,86,108,28.4768,35.7616
2964,302,106,87,109,28.8079,36.0927
2965,298,103,85,110,28.5235,36.9128
2966,299,102,86,111,28.7625,37.1237
2967,300,99,89,112,29.6667,37.3333
2968,298,95,87,116,29.1946,38.9262
2969,299,90,91,118,30.4348,39.4649
2970,300,89,94,117,31.3333,39.0000
2971,300,84,98,118,32.6667,39.3333
2972,300,83,95,122,31.6667,40.6667
2973,300,81,96,123,32.0000,41.0000
2974,298,80,95,123,31.8792,41.2752
2975,300,83,96,121,32.0000,40.3333
2976,297,82,93,122,31.3131,41.0774
2977,296,83,88,125,29.7297,42.2297
2978,297,87,84,126,28.2828,42.4242
2979,299,91,82,126,27.4247,42.1405
2980,302,91,82,129,27.1523,42.7152
2981,299,92,75,132,25.0836,44.1472
2982,299,88,77,134,25.7525,44.8161
2983,301,88,77,136,25.5814,45.1827
2984,301,88,76,137,25.2492,45.5150
2985,301,87,76,138,25.2492,45.8472
2986,300,87,72,141,24.0000,47.0000
2987,299,84,73,142,24.4147,47.4916
2988,298,80,71,147,23.8255,49.3289
2989,299,79,68,152,22.7425,50.8361
2990,301,86,64,151,21.2625,50.1661
2991,300,87,61,152,20.3333,50.6667
2992,298,90,58,150,19.4631,50.3356
2993,299,93,56,150,18.7291,50.1672
2994,304,98,56,150,18.4211,49.3421
2995,302,98,54,150,17.8808,49.6689
2996,301,100,53,148,17.6080,49.1694
2997,301,95,59,147,19.6013,48.8372
2998,301,94,62,145,20.5980,48.1728
2999,301,97,61,143,20.2658,47.5083
3000,300,92,61,147,20.3333,49.0000
3001,299,91,60,148,20.0669,49.4983
3002,300,93,57,150,19.0000,50.0000
3003,299,92,56,151,18.7291,50.5017
3004,299,95,54,150,18.0602,50.1672
3005,300,99,53,148,17.6667,49.3333
3006,299,97,55,147,18.3946,49.1639
3007,299,97,55,147,18.3946,49.1639
3008,298,100,50,148,16.7785,49.6644
3009,298,101,48,149,16.1074,50.0000
3010,303,110,47,146,15.5116,48.1848
3011,302,112,44,146,14.5695,48.3444
3012,300,115,42,143,14.0000,47.6667
3013,300,117,40,143,13.3333,47.6667
3014,300,120,39,141,13.0000,47.0000
3015,299,125,39,135,13.0435,45.1505
3016,304,129,39,136,12.8289,44.7368
3017,304,130,38,136,12.5000,44.7368
3018,303,131,36,136,11.8812,44.8845
3019,301,131,34,136,11.2957,45.1827
3020,299,133,32,134,10.7023,44.8161
3021,297,133,33,131,11.1111,44.1077
3022,298,133,31,134,10.4027,44.9664
3023,301,137,32,132,10.6312,43.8538
3024,301,141,33,127,10.9635,42.1927
3025,301,141,35,125,11.6279,41.5282
3026,301,140,35,126,11.6279,41.8605
3027,299,136,37,126,12.3746,42.1405
3028,300,138,38,124,12.6667,41.3333
3029,300,139,38,123,12.6667,41.0000
3030,299,140,38,121,12.7090,40.4682
3031,302,142,43,117,14.2384,38.7417
3032,302,145,44,113,14.5695,37.4172
3033,302,147,48,107,15.8940,35.4305
3034,302,144,54,104,17.8808,34.4371
3035,302,140,60,102,19.8675,33.7748
3036,301,136,64,101,21.2625,33.5548
3037,301,138,64,99,21.2625,32.8904
3038,300,139,65,96,21.6667,32.0000
3039,299,138,65,96,21.7391,32.1070
3040,306,138,74,94,24.1830,30.7190
3041,306,141,76,89,24.8366,29.0850
3042,306,138,80,88,26.1438,28.7582
3043,306,134,87,85,28.4314,27.7778
3044,306,133,89,84,29.0850,27.4510
3045,306,129,91,86,29.7386,28.1046
3046,306,127,92,87,30.0654,28.4314
3047,305,127,91,87,29.8361,28.5246
3048,304,125,92,87,30.2632,28.6184
3049,304,120,95,89,31.2500,29.2763
3050,304,121,91,92,29.9342,30.2632
3051,303,118,92,93,30.3630,30.6931
3052,303,119,91,93,30.0330,30.6931
3053,302,117,92,93,30.4636,30.7947
3054,302,114,94,94,31.1258,31.1258
3055,300,112,92,96,30.6667,32.0000
3056,300,111,87,102,29.0000,34.0000
3057,299,103,93,103,31.1037,34.4482
3058,300,100,95,105,31.6667,35.0000
3059,299,94,99,106,33.1104,35.4515
3060,302,100,94,108,31.1258,35.7616
3061,300,101,92,107,30.6667,35.6667
3062,298,102,87,109,29.1946,36.5772
3063,297,102,83,112,27.9461,37.7104
3064,299,104,82,113,27.4247,37.7926
3065,297,103,79,115,26.5993,38.7205
3066,298,106,75,117,25.1678,39.2617
3067,299,105,76,118,25.4181,39.4649
3068,302,106,77,119,25.4967,39.4040
3069,298,104,75,119,25.1678,39.9329
3070,299,106,76,117,25.4181,39.1304
3071,300,109,74,117,24.6667,39.0000
3072,298,107,76,115,25.5034,38.5906
3073,299,106,74,119,24.7492,39.7993
3074,297,107,71,119,23.9057,40.0673
3075,297,109,67,121,22.5589,40.7407
3076,298,108,67,123,22.4832,41.2752
3077,299,108,63,128,21.0702,42.8094
3078,298,112,55,131,18.4564,43.9597
3079,299,114,53,132,17.7258,44.1472
3080,301,117,48,136,15.9468,45.1827
3081,301,119,47,135,15.6146,44.8505
3082,299,115,49,135,16.3880,45.1505
3083,304,120,46,138,15.1316,45.3947
3084,304,118,48,138,15.7895,45.3947
3085,303,115,47,141,15.5116,46.5347
3086,301,114,45,142,14.9502,47.1761
3087,301,114,45,142,14.9502,47.1761
3088,301,112,45,144,14.9502,47.8405
3089,300,111,41,148,13.6667,49.3333
3090,299,109,41,149,13.7124,49.8328
3091,299,107,44,148,14.7157,49.4983
3092,303,111,45,147,14.8515,48.5149
3093,302,111,46,145,15.2318,48.0132
3094,302,109,48,145,15.8940,48.0132
3095,301,108,45,148,14.9502,49.1694
3096,300,109,45,146,15.0000,48.6667
3097,299,110,46,143,15.3846,47.8261
3098,301,112,46,143,15.2824,47.5083
3099,301,112,46,143,15.2824,47.5083
3100,301,111,49,141,16.2791,46.8439
3101,301,109,52,140,17.2757,46.5116
3102,301,109,53,139,17.6080,46.1794
3103,301,109,52,140,17.2757,46.5116
3104,300,113,52,135,17.3333,45.0000
3105,299,114,51,134,17.0569,44.8161
3106,299,116,51,132,17.0569,44.1472
3107,303,123,51,129,16.8317,42.5743
3108,302,128,52,122,17.2185,40.3974
3109,302,128,51,123,16.8874,40.7285
3110,301,126,53,122,17.6080,40.5316
3111,300,128,51,121,17.0000,40.3333
3112,298,131,49,118,16.4430,39.5973
3113,301,138,47,116,15.6146,38.5382
3114,301,141,44,116,14.6179,38.5382
3115,300,140,48,112,16.0000,37.3333
3116,300,139,49,112,16.3333,37.3333
3117,300,142,49,109,16.3333,36.3333
3118,298,139,50,109,16.7785,36.5772
3119,299,140,52,107,17.3913,35.7860
3120,303,142,53,108,17.4917,35.6436
3121,303,143,51,109,16.8317,35.9736
3122,303,137,56,110,18.4818,36.3036
3123,302,133,59,110,19.5364,36.4238
3124,302,127,63,112,20.8609,37.0861
3125,302,128,65,109,21.5232,36.0927
3126,302,125,69,108,22.8477,35.7616
3127,302,124,69,109,22.8477,36.0927
3128,301,125,69,107,22.9236,35.5482
3129,301,131,68,102,22.5914,33.8870
3130,299,132,70,97,23.4114,32.4415
3131,299,132,69,98,23.0769,32.7759
3132,302,135,72,95,23.8411,31.4570
3133,302,129,79,94,26.1589,31.1258
3134,302,128,80,94,26.4901,31.1258
3135,301,129,78,94,25.9136,31.2292
3136,300,127,76,97,25.3333,32.3333
3137,300,123,82,95,27.3333,31.6667
3138,300,118,86,96,28.6667,32.0000
3139,299,113,87,99,29.0970,33.1104
3140,298,115,85,98,28.5235,32.8859
3141,299,117,87,95,29.0970,31.7726
3142,300,121,81,98,27.0000,32.6667
3143,300,116,82,102,27.3333,34.0000
3144,299,106,88,105,29.4314,35.1171
3145,303,104,92,107,30.3630,35.3135
3146,302,103,91,108,30.1325,35.7616
3147,301,102,88,111,29.2359,36.8771
3148,301,94,95,112,31.5615,37.2093
3149,301,88,100,113,33.2226,37.5415
3150,301,84,105,112,34.8837,37.2093
3151,301,84,102,115,33.8870,38.2060
3152,300,81,103,116,34.3333,38.6667
3153,298,78,100,120,33.5570,40.2685
3154,298,77,101,120,33.8926,40.2685
3155,300,80,100,120,33.3333,40.0000
3156,300,78,101,121,33.6667,40.3333
3157,300,74,103,123,34.3333,41.0000
3158,298,74,96,128,32.2148,42.9530
3159,297,75,90,132,30.3030,44.4444
3160,299,75,90,134,30.1003,44.8161
3161,301,78,88,135,29.2359,44.8505
3162,299,69,96,134,32.1070,44.8161
3163,299,70,92,137,30.7692,45.8194
3164,298,70,86,142,28.8591,47.6510
3165,297,73,81,143,27.2727,48.1481
3166,294,73,80,141,27.2109,47.9592
3167,293,73,78,142,26.6212,48.4642
3168,295,72,79,144,26.7797,48.8136
3169,299,77,74,148,24.7492,49.4983
3170,301,82,67,152,22.2591,50.4983
3171,298,81,62,155,20.8054,52.0134
3172,298,81,64,153,21.4765,51.3423
3173,298,82,66,150,22.1477,50.3356
3174,296,83,62,151,20.9459,51.0135
3175,297,89,58,150,19.5286,50.5051
3176,297,90,58,149,19.5286,50.1684
3177,299,92,55,152,18.3946,50.8361
3178,302,96,55,151,18.2119,50.0000
3179,302,97,54,151,17.8808,50.0000
3180,302,95,56,151,18.5430,50.0000
3181,301,93,57,151,18.9369,50.1661
3182,297,90,51,156,17.1717,52.5253
3183,299,94,48,157,16.0535,52.5084
3184,304,98,51,155,16.7763,50.9868
3185,304,97,49,158,16.1184,51.9737
3186,303,97,48,158,15.8416,52.1452
3187,303,99,46,158,15.1815,52.1452
3188,303,100,42,161,13.8614,53.1353
3189,302,98,43,161,14.2384,53.3113
3190,302,100,43,159,14.2384,52.6490
3191,302,102,43,157,14.2384,51.9868
3192,302,102,44,156,14.5695,51.6556
3193,302,100,42,160,13.9073,52.9801
3194,302,105,40,157,13.2450,51.9868
3195,302,107,41,154,13.5762,50.9934
3196,302,110,42,150,13.9073,49.6689
3197,301,108,45,148,14.9502,49.1694
3198,301,110,43,148,14.2857,49.1694
3199,301,115,43,143,14.2857,47.5083
3200,301,114,42,145,13.9535,48.1728
3201,301,115,41,145,13.6213,48.1728
3202,301,115,40,146,13.2890,48.5050
3203,301,118,38,145,12.6246,48.1728
3204,301,115,42,144,13.9535,47.8405
3205,300,120,39,141,13.0000,47.0000
3206,298,120,39,139,13.0872,46.6443
3207,303,127,39,137,12.8713,45.2145
3208,302,126,39,137,12.9139,45.3642
3209,301,128,38,135,12.6246,44.8505
3210,300,135,36,129,12.0000,43.0000
3211,300,139,37,124,12.3333,41.3333
3212,299,137,38,124,12.7090,41.4716
3213,302,142,35,125,11.5894,41.3907
3214,302,141,37,124,12.2517,41.0596
3215,302,143,38,121,12.5828,40.0662
3216,301,149,39,113,12.9568,37.5415
3217,301,153,34,114,11.2957,37.8738
3218,301,151,36,114,11.9601,37.8738
3219,301,148,39,114,12.9568,37.8738
3220,301,150,38,113,12.6246,37.5415
3221,300,149,43,108,14.3333,36.0000
3222,299,154,44,101,14.7157,33.7793
3223,299,155,45,99,15.0502,33.1104
3224,302,160,43,99,14.2384,32.7815
3225,302,157,45,100,14.9007,33.1126
3226,302,158,47,97,15.5629,32.1192
3227,302,153,49,100,16.2252,33.1126
3228,302,152,51,99,16.8874,32.7815
3229,302,151,53,98,17.5497,32.4503
3230,302,150,55,97,18.2119,32.1192
3231,301,147,60,94,19.9336,31.2292
3232,300,145,60,95,20.0000,31.6667
3233,300,141,62,97,20.6667,32.3333
3234,300,143,64,93,21.3333,31.0000
3235,299,138,71,90,23.7458,30.1003
3236,302,132,80,90,26.4901,29.8013
3237,302,133,81,88,26.8212,29.1391
3238,302,135,80,87,26.4901,28.8079
3239,300,129,83,88,27.6667,29.3333
3240,299,129,86,84,28.7625,28.0936
3241,301,124,91,86,30.2326,28.5714
3242,299,118,93,88,31.1037,29.4314
3243,303,120,96,87,31.6832,28.7129
3244,302,118,97,87,32.1192,28.8079
3245,302,118,101,83,33.4437,27.4834
3246,302,115,103,84,34.1060,27.8146
3247,302,107,108,87,35.7616,28.8079
3248,300,101,111,88,37.0000,29.3333
3249,299,95,113,91,37.7926,30.4348
3250,303,100,113,90,37.2937,29.7030
3251,301,98,114,89,37.8738,29.5681
3252,301,95,113,93,37.5415,30.8970
3253,300,94,113,93,37.6667,31.0000
3254,297,92,113,92,38.0471,30.9764
3255,297,91,113,93,38.0471,31.3131
3256,294,86,108,100,36.7347,34.0136
3257,296,87,105,104,35.4730,35.1351
3258,296,85,108,103,36.4865,34.7973
3259,296,77,113,106,38.1757,35.8108
3260,297,77,111,109,37.3737,36.7003
3261,298,78,105,115,35.2349,38.5906
3262,300,79,102,119,34.0000,39.6667
3263,299,77,98,124,32.7759,41.4716
3264,301,78,101,122,33.5548,40.5316
3265,300,80,96,124,32.0000,41.3333
3266,298,78,94,126,31.5436,42.2819
3267,301,81,89,131,29.5681,43.5216
3268,298,74,88,136,29.5302,45.6376
3269,299,76,85,138,28.4281,46.1538
3270,298,76,83,139,27.8523,46.6443
3271,301,78,83,140,27.5748,46.5116
3272,301,79,79,143,26.2458,47.5083
3273,299,76,76,147,25.4181,49.1639
3274,301,74,77,150,25.5814,49.8339
3275,301,75,74,152,24.5847,50.4983
3276,300,73,71,156,23.6667,52.0000
3277,298,74,67,157,22.4832,52.6846
3278,300,74,66,160,22.0000,53.3333
3279,300,75,65,160,21.6667,53.3333
3280,296,73,56,167,18.9189,56.4189
3281,298,78,55,165,18.4564,55.3691
3282,298,79,51,168,17.1141,56.3758
3283,297,77,50,170,16.8350,57.2391
3284,300,80,52,168,17.3333,56.0000
3285,300,79,51,170,17.0000,56.6667
3286,299,72,56,171,18.7291,57.1906
3287,299,71,56,172,18.7291,57.5251
3288,301,72,54,175,17.9402,58.1395
3289,298,71,50,177,16.7785,59.3960
3290,301,71,54,176,17.9402,58.4718
3291,299,75,51,173,17.0569,57.8595
3292,301,79,50,172,16.6113,57.1429
3293,300,80,49,171,16.3333,57.0000
3294,298,79,49,170,16.4430,57.0470
3295,299,81,47,171,15.7191,57.1906
3296,303,85,47,171,15.5116,56.4356
3297,302,85,45,172,14.9007,56.9536
3298,302,86,47,169,15.5629,55.9603
3299,300,90,42,168,14.0000,56.0000
3300,300,90,42,168,14.0000,56.0000
3301,300,94,42,164,14.0000,54.6667
3302,300,95,42,163,14.0000,54.3333
3303,300,94,43,163,14.3333,54.3333
3304,299,101,39,159,13.0435,53.1773
3305,301,103,40,158,13.2890,52.4917
3306,299,102,32,165,10.7023,55.1839
3307,301,108,30,163,9.9668,54.1528
3308,301,114,31,156,10.2990,51.8272
3309,300,118,30,152,10.0000,50.6667
3310,299,117,28,154,9.3645,51.5050
3311,299,118,28,153,9.3645,51.1706
3312,303,124,30,149,9.9010,49.1749
3313,303,130,31,142,10.2310,46.8647
3314,302,134,28,140,9.2715,46.3576
3315,302,136,30,136,9.9338,45.0331
3316,302,134,31,137,10.2649,45.3642
3317,301,140,30,131,9.9668,43.5216
3318,301,140,30,131,9.9668,43.5216
3319,301,144,32,125,10.6312,41.5282
3320,301,147,34,120,11.2957,39.8671
3321,300,152,33,115,11.0000,38.3333
3322,300,152,35,113,11.6667,37.6667
3323,300,152,37,111,12.3333,37.0000
3324,300,154,40,106,13.3333,35.3333
3325,299,156,40,103,13.3779,34.4482
3326,303,161,42,100,13.8614,33.0033
3327,302,161,42,99,13.9073,32.7815
3328,302,167,41,94,13.5762,31.1258
3329,301,168,40,93,13.2890,30.8970
3330,301,171,40,90,13.2890,29.9003
3331,301,172,38,91,12.6246,30.2326
3332,301,175,41,85,13.6213,28.2392
3333,301,171,45,85,14.9502,28.2392
3334,300,172,46,82,15.3333,27.3333
3335,300,171,47,82,15.6667,27.3333
3336,300,169,46,85,15.3333,28.3333
3337,300,172,47,81,15.6667,27.0000
3338,300,171,48,81,16.0000,27.0000
3339,300,168,50,82,16.6667,27.3333
3340,300,166,55,79,18.3333,26.3333
3341,298,165,57,76,19.1275,25.5034
3342,302,165,60,77,19.8675,25.4967
3343,299,162,60,77,20.0669,25.7525
3344,303,161,63,79,20.7921,26.0726
3345,302,157,66,79,21.8543,26.1589
3346,301,157,67,77,22.2591,25.5814
3347,301,158,64,79,21.2625,26.2458
3348,301,155,68,78,22.5914,25.9136
3349,300,155,70,75,23.3333,25.0000
3350,300,151,73,76,24.3333,25.3333
3351,300,151,75,74,25.0000,24.6667
3352,299,150,73,76,24.4147,25.4181
3353,301,150,72,79,23.9203,26.2458
3354,300,148,72,80,24.0000,26.6667
3355,299,144,73,82,24.4147,27.4247
3356,300,143,77,80,25.6667,26.6667
3357,300,140,79,81,26.3333,27.0000
3358,300,147,77,76,25.6667,25.3333
3359,300,146,78,76,26.0000,25.3333
3360,300,141,78,81,26.0000,27.0000
3361,297,138,77,82,25.9259,27.6094
3362,302,144,75,83,24.8344,27.4834
3363,301,142,76,83,25.2492,27.5748
3364,299,138,74,87,24.7492,29.0970
3365,297,136,72,89,24.2424,29.9663
3366,297,138,71,88,23.9057,29.6296
3367,299,137,74,88,24.7492,29.4314
3368,300,136,75,89,25.0000,29.6667
3369,299,129,80,90,26.7559,30.1003
3370,299,126,84,89,28.0936,29.7659
3371,301,122,88,91,29.2359,30.2326
3372,299,114,93,92,31.1037,30.7692
3373,299,106,99,94,33.1104,31.4381
3374,299,105,99,95,33.1104,31.7726
3375,298,100,103,95,34.5638,31.8792
3376,299,97,102,100,34.1137,33.4448
3377,295,95,97,103,32.8814,34.9153
3378,296,90,103,103,34.7973,34.7973
3379,297,86,106,105,35.6902,35.3535
3380,296,82,108,106,36.4865,35.8108
3381,299,84,106,109,35.4515,36.4548
3382,299,81,107,111,35.7860,37.1237
3383,302,82,111,109,36.7550,36.0927
3384,301,77,113,111,37.5415,36.8771
3385,301,74,111,116,36.8771,38.5382
3386,301,67,115,119,38.2060,39.5349
3387,301,65,118,118,39.2027,39.2027
3388,299,65,115,119,38.4615,39.7993
3389,300,61,116,123,38.6667,41.0000
3390,299,59,112,128,37.4582,42.8094
3391,301,57,113,131,37.5415,43.5216
3392,299,56,105,138,35.1171,46.1538
3393,302,56,102,144,33.7748,47.6821
3394,300,53,98,149,32.6667,49.6667
3395,299,51,98,150,32.7759,50.1672
3396,300,51,97,152,32.3333,50.6667
3397,300,53,93,154,31.0000,51.3333
3398,299,46,97,156,32.4415,52.1739
3399,299,48,92,159,30.7692,53.1773
3400,298,44,92,162,30.8725,54.3624
3401,298,44,86,168,28.8591,56.3758
3402,299,46,84,169,28.0936,56.5217
3403,299,46,80,173,26.7559,57.8595
3404,298,50,76,172,25.5034,57.7181
3405,299,52,77,170,25.7525,56.8562
3406,299,52,74,173,24.7492,57.8595
3407,299,55,70,174,23.4114,58.1940
3408,299,55,67,177,22.4080,59.1973
3409,301,60,65,176,21.5947,58.4718
3410,299,62,58,179,19.3980,59.8662
3411,301,65,54,182,17.9402,60.4651
3412,300,67,55,178,18.3333,59.3333
3413,300,69,55,176,18.3333,58.6667
3414,300,71,47,182,15.6667,60.6667
3415,300,69,52,179,17.3333,59.6667
3416,299,72,48,179,16.0535,59.8662
3417,302,75,48,179,15.8940,59.2715
3418,302,76,45,181,14.9007,59.9338
3419,300,76,41,183,13.6667,61.0000
3420,300,76,40,184,13.3333,61.3333
3421,300,78,37,185,12.3333,61.6667
3422,300,77,37,186,12.3333,62.0000
3423,299,78,36,185,12.0401,61.8729
3424,303,82,35,186,11.5512,61.3861
3425,303,85,33,185,10.8911,61.0561
3426,302,86,30,186,9.9338,61.5894
3427,302,85,29,188,9.6026,62.2517
3428,302,89,29,184,9.6026,60.9272
3429,302,92,30,180,9.9338,59.6026
3430,302,89,33,180,10.9272,59.6026
3431,302,90,34,178,11.2583,58.9404
3432,300,88,34,178,11.3333,59.3333
3433,298,92,33,173,11.0738,58.0537
3434,299,94,34,171,11.3712,57.1906
3435,299,98,32,169,10.7023,56.5217
3436,301,102,31,168,10.2990,55.8140
3437,300,102,36,162,12.0000,54.0000
3438,299,103,36,160,12.0401,53.5117
3439,301,105,35,161,11.6279,53.4884
3440,301,109,34,158,11.2957,52.4917
3441,301,111,36,154,11.9601,51.1628
3442,301,117,37,147,12.2924,48.8372
3443,300,122,36,142,12.0000,47.3333
3444,300,129,34,137,11.3333,45.6667
3445,300,134,36,130,12.0000,43.3333
3446,300,136,39,125,13.0000,41.6667
3447,300,135,41,124,13.6667,41.3333
3448,300,140,40,120,13.3333,40.0000
3449,300,143,40,117,13.3333,39.0000
3450,299,143,40,116,13.3779,38.7960
3451,300,150,39,111,13.0000,37.0000
3452,299,150,37,112,12.3746,37.4582
3453,299,152,39,108,13.0435,36.1204
3454,299,148,44,107,14.7157,35.7860
3455,301,151,48,102,15.9468,33.8870
3456,299,147,53,99,17.7258,33.1104
3457,299,145,52,102,17.3913,34.1137
3458,302,149,53,100,17.5497,33.1126
3459,301,145,59,97,19.6013,32.2259
3460,301,145,62,94,20.5980,31.2292
3461,300,146,61,93,20.3333,31.0000
3462,299,148,63,88,21.0702,29.4314
3463,302,154,65,83,21.5232,27.4834
3464,302,151,69,82,22.8477,27.1523
3465,302,143,78,81,25.8278,26.8212
3466,301,150,75,76,24.9169,25.2492
3467,300,146,77,77,25.6667,25.6667
3468,300,147,78,75,26.0000,25.0000
3469,300,145,82,73,27.3333,24.3333
3470,300,145,83,72,27.6667,24.0000
3471,300,146,84,70,28.0000,23.3333
3472,300,144,87,69,29.0000,23.0000
3473,300,142,87,71,29.0000,23.6667
3474,300,136,91,73,30.3333,24.3333
3475,299,132,92,75,30.7692,25.0836
3476,299,132,90,77,30.1003,25.7525
3477,300,132,89,79,29.6667,26.3333
3478,299,130,89,80,29.7659,26.7559
3479,303,134,89,80,29.3729,26.4026
3480,301,128,88,85,29.2359,28.2392
3481,301,126,89,86,29.5681,28.5714
3482,301,122,91,88,30.2326,29.2359
3483,301,119,91,91,30.2326,30.2326
3484,300,110,99,91,33.0000,30.3333
3485,299,105,97,97,32.4415,32.4415
3486,303,101,99,103,32.6733,33.9934
3487,301,97,101,103,33.5548,34.2193
3488,300,95,102,103,34.0000,34.3333
3489,297,92,101,104,34.0067,35.0168
3490,297,93,100,104,33.6700,35.0168
3491,300,92,102,106,34.0000,35.3333
3492,300,89,104,107,34.6667,35.6667
3493,299,89,99,111,33.1104,37.1237
3494,298,84,99,115,33.2215,38.5906
3495,299,80,98,121,32.7759,40.4682
3496,300,82,94,124,31.3333,41.3333
3497,299,76,97,126,32.4415,42.1405
3498,299,70,99,130,33.1104,43.4783
3499,302,66,104,132,34.4371,43.7086
3500,302,63,101,138,33.4437,45.6954
3501,301,60,101,140,33.5548,46.5116
3502,301,59,101,141,33.5548,46.8439
3503,299,58,98,143,32.7759,47.8261
3504,297,59,94,144,31.6498,48.4848
3505,299,63,88,148,29.4314,49.4983
3506,302,64,86,152,28.4768,50.3311
3507,299,64,77,158,25.7525,52.8428
3508,300,63,76,161,25.3333,53.6667
3509,300,65,76,159,25.3333,53.0000
3510,299,65,75,159,25.0836,53.1773
3511,304,67,77,160,25.3289,52.6316
3512,303,66,73,164,24.0924,54.1254
3513,302,62,73,167,24.1722,55.2980
3514,302,63,70,169,23.1788,55.9603
3515,301,59,68,174,22.5914,57.8073
3516,301,59,64,178,21.2625,59.1362
3517,301,59,61,181,20.2658,60.1329
3518,301,61,57,183,18.9369,60.7973
3519,300,62,50,188,16.6667,62.6667
3520,296,63,43,190,14.5270,64.1892
3521,297,62,42,193,14.1414,64.9832
3522,302,72,39,191,12.9139,63.2450
3523,301,71,39,191,12.9568,63.4551
3524,300,73,34,193,11.3333,64.3333
3525,299,77,32,190,10.7023,63.5452
3526,303,84,32,187,10.5611,61.7162
3527,303,87,30,186,9.9010,61.3861
3528,303,89,31,183,10.2310,60.3960
3529,303,93,30,180,9.9010,59.4059
3530,302,96,27,179,8.9404,59.2715
3531,302,97,28,177,9.2715,58.6093
3532,301,102,25,174,8.3056,57.8073
3533,300,103,22,175,7.3333,58.3333
3534,300,105,20,175,6.6667,58.3333
3535,300,108,20,172,6.6667,57.3333
3536,299,110,17,172,5.6856,57.5251
3537,299,116,17,166,5.6856,55.5184
3538,302,124,17,161,5.6291,53.3113
3539,301,125,16,160,5.3156,53.1561
3540,301,127,15,159,4.9834,52.8239
3541,300,127,15,158,5.0000,52.6667
3542,299,128,14,157,4.6823,52.5084
3543,302,135,13,154,4.3046,50.9934
3544,302,136,13,153,4.3046,50.6623
3545,302,141,13,148,4.3046,49.0066
3546,300,144,12,144,4.0000,48.0000
3547,300,151,12,137,4.0000,45.6667
3548,300,156,10,134,3.3333,44.6667
3549,300,158,10,132,3.3333,44.0000
3550,300,162,11,127,3.6667,42.3333
3551,300,164,11,125,3.6667,41.6667
3552,300,171,8,121,2.6667,40.3333
3553,300,174,8,118,2.6667,39.3333
3554,300,175,9,116,3.0000,38.6667
3555,300,176,12,112,4.0000,37.3333
3556,299,179,12,108,4.0134,36.1204
3557,301,186,13,102,4.3189,33.8870
3558,301,190,13,98,4.3189,32.5581
3559,301,193,16,92,5.3156,30.5648
3560,301,195,17,89,5.6478,29.5681
3561,301,197,16,88,5.3156,29.2359
3562,301,199,17,85,5.6478,28.2392
3563,301,196,21,84,6.9767,27.9070
3564,301,201,21,79,6.9767,26.2458
3565,300,202,22,76,7.3333,25.3333
3566,300,204,23,73,7.6667,24.3333
3567,300,209,23,68,7.6667,22.6667
3568,300,210,26,64,8.6667,21.3333
3569,300,213,26,61,8.6667,20.3333
3570,300,217,27,56,9.0000,18.6667
3571,300,220,29,51,9.6667,17.0000
3572,300,219,34,47,11.3333,15.6667
3573,300,219,37,44,12.3333,14.6667
3574,300,219,37,44,12.3333,14.6667
3575,300,217,39,44,13.0000,14.6667
3576,300,219,37,44,12.3333,14.6667
3577,299,218,39,42,13.0435,14.0468
3578,300,218,40,42,13.3333,14.0000
3579,299,217,42,40,14.0468,13.3779
3580,300,215,44,41,14.6667,13.6667
3581,300,211,49,40,16.3333,13.3333
3582,300,211,52,37,17.3333,12.3333
3583,298,208,53,37,17.7852,12.4161
3584,299,209,54,36,18.0602,12.0401
3585,302,207,61,34,20.1987,11.2583
3586,300,202,65,33,21.6667,11.0000
3587,299,200,68,31,22.7425,10.3679
3588,300,197,71,32,23.6667,10.6667
3589,300,190,77,33,25.6667,11.0000
3590,300,187,80,33,26.6667,11.0000
3591,300,185,81,34,27.0000,11.3333
3592,299,181,82,36,27.4247,12.0401
3593,298,177,83,38,27.8523,12.7517
3594,302,176,86,40,28.4768,13.2450
3595,301,171,89,41,29.5681,13.6213
3596,300,168,91,41,30.3333,13.6667
3597,299,164,91,44,30.4348,14.7157
3598,299,159,95,45,31.7726,15.0502
3599,299,149,103,47,34.4482,15.7191
3600,301,143,108,50,35.8804,16.6113
3601,301,137,109,55,36.2126,18.2724
3602,301,132,112,57,37.2093,18.9369
3603,300,123,119,58,39.6667,19.3333
3604,299,120,121,58,40.4682,19.3980
3605,301,117,122,62,40.5316,20.5980
3606,300,109,123,68,41.0000,22.6667
3607,298,104,122,72,40.9396,24.1611
3608,297,102,122,73,41.0774,24.5791
3609,295,94,121,80,41.0169,27.1186
3610,294,92,121,81,41.1565,27.5510
3611,292,86,123,83,42.1233,28.4247
3612,295,84,126,85,42.7119,28.8136
3613,296,83,123,90,41.5541,30.4054
3614,295,81,122,92,41.3559,31.1864
3615,295,80,118,97,40.0000,32.8814
3616,298,81,118,99,39.5973,33.2215
3617,299,80,115,104,38.4615,34.7826
3618,298,81,112,105,37.5839,35.2349
3619,296,81,104,111,35.1351,37.5000
3620,297,82,98,117,32.9966,39.3939
3621,298,84,89,125,29.8658,41.9463
3622,299,80,92,127,30.7692,42.4749
3623,297,82,81,134,27.2727,45.1178
3624,295,81,78,136,26.4407,46.1017
3625,294,80,75,139,25.5102,47.2789
3626,291,80,68,143,23.3677,49.1409
3627,292,82,63,147,21.5753,50.3425
3628,293,87,60,146,20.4778,49.8294
3629,295,92,54,149,18.3051,50.5085
3630,298,95,50,153,16.7785,51.3423
3631,296,95,45,156,15.2027,52.7027
3632,300,100,42,158,14.0000,52.6667
3633,299,99,39,161,13.0435,53.8462
3634,299,99,38,162,12.7090,54.1806
3635,297,97,38,162,12.7946,54.5455
3636,300,100,34,166,11.3333,55.3333
3637,299,99,33,167,11.0368,55.8528
3638,302,104,31,167,10.2649,55.2980
3639,302,103,32,167,10.5960,55.2980
3640,302,104,33,165,10.9272,54.6358
3641,302,104,32,166,10.5960,54.9669
3642,302,102,33,167,10.9272,55.2980
3643,301,102,29,170,9.6346,56.4784
3644,301,104,27,170,8.9701,56.4784
3645,301,105,28,168,9.3023,55.8140
3646,299,106,27,166,9.0301,55.5184
3647,299,105,30,164,10.0334,54.8495
3648,303,108,29,166,9.5710,54.7855
3649,303,108,32,163,10.5611,53.7954
3650,303,106,33,164,10.8911,54.1254
3651,303,107,33,163,10.8911,53.7954
3652,303,111,33,159,10.8911,52.4752
3653,303,115,34,154,11.2211,50.8251
3654,303,114,36,153,11.8812,50.4950
3655,302,114,34,154,11.2583,50.9934
3656,302,117,32,153,10.5960,50.6623
3657,301,119,33,149,10.9635,49.5017
3658,301,123,35,143,11.6279,47.5083
3659,301,125,36,140,11.9601,46.5116
3660,301,124,39,138,12.9568,45.8472
3661,300,128,40,132,13.3333,44.0000
3662,299,128,40,131,13.3779,43.8127
3663,302,132,40,130,13.2450,43.0464
3664,301,131,42,128,13.9535,42.5249
3665,300,135,42,123,14.0000,41.0000
3666,300,135,43,122,14.3333,40.6667
3667,299,137,44,118,14.7157,39.4649
3668,300,138,43,119,14.3333,39.6667
3669,300,139,45,116,15.0000,38.6667
3670,300,139,43,118,14.3333,39.3333
3671,299,142,44,113,14.7157,37.7926
3672,302,150,44,108,14.5695,35.7616
3673,302,156,46,100,15.2318,33.1126
3674,301,159,43,99,14.2857,32.8904
3675,301,162,47,92,15.6146,30.5648
3676,301,161,48,92,15.9468,30.5648
3677,301,158,53,90,17.6080,29.9003
3678,300,161,53,86,17.6667,28.6667
3679,299,161,56,82,18.7291,27.4247
3680,302,164,57,81,18.8742,26.8212
3681,302,161,59,82,19.5364,27.1523
3682,302,162,61,79,20.1987,26.1589
3683,301,158,66,77,21.9269,25.5814
3684,300,161,64,75,21.3333,25.0000
3685,299,160,66,73,22.0736,24.4147
3686,299,158,68,73,22.7425,24.4147
3687,298,151,73,74,24.4966,24.8322
3688,299,153,77,69,25.7525,23.0769
3689,302,150,81,71,26.8212,23.5099
3690,299,142,87,70,29.0970,23.4114
3691,300,138,89,73,29.6667,24.3333
3692,299,133,93,73,31.1037,24.4147
3693,300,130,98,72,32.6667,24.0000
3694,299,125,103,71,34.4482,23.7458
3695,301,124,107,70,35.5482,23.2558
3696,299,121,110,68,36.7893,22.7425
3697,301,113,114,74,37.8738,24.5847
3698,301,111,114,76,37.8738,25.2492
3699,300,109,113,78,37.6667,26.0000
3700,300,107,113,80,37.6667,26.6667
3701,298,100,117,81,39.2617,27.1812
3702,299,101,115,83,38.4615,27.7592
3703,302,101,116,85,38.4106,28.1457
3704,299,98,113,88,37.7926,29.4314
3705,300,97,114,89,38.0000,29.6667
3706,297,92,116,89,39.0572,29.9663
3707,296,91,116,89,39.1892,30.0676
3708,293,92,108,93,36.8601,31.7406
3709,294,91,107,96,36.3946,32.6531
3710,292,90,97,105,33.2192,35.9589
3711,293,91,95,107,32.4232,36.5188
3712,292,90,92,110,31.5068,37.6712
3713,292,92,85,115,29.1096,39.3836
3714,292,90,85,117,29.1096,40.0685
3715,289,88,82,119,28.3737,41.1765
3716,290,85,82,123,28.2759,42.4138
3717,290,86,73,131,25.1724,45.1724
3718,289,84,71,134,24.5675,46.3668
3719,292,85,73,134,25.0000,45.8904
3720,291,85,72,134,24.7423,46.0481
3721,293,83,73,137,24.9147,46.7577
3722,295,86,72,137,24.4068,46.4407
3723,296,89,69,138,23.3108,46.6216
3724,296,90,67,139,22.6351,46.9595
3725,296,85,70,141,23.6486,47.6351
3726,296,83,74,139,25.0000,46.9595
3727,297,81,73,143,24.5791,48.1481
3728,299,83,71,145,23.7458,48.4950
3729,299,86,68,145,22.7425,48.4950
3730,300,84,72,144,24.0000,48.0000
3731,299,82,72,145,24.0803,48.4950
3732,301,84,74,143,24.5847,47.5083
3733,301,85,73,143,24.2525,47.5083
3734,301,82,77,142,25.5814,47.1761
3735,300,82,71,147,23.6667,49.0000
3736,299,82,69,148,23.0769,49.4983
3737,300,81,69,150,23.0000,50.0000
3738,300,80,68,152,22.6667,50.6667
3739,298,79,66,153,22.1477,51.3423
3740,302,82,67,153,22.1854,50.6623
3741,302,84,64,154,21.1921,50.9934
3742,301,83,59,159,19.6013,52.8239
3743,301,84,59,158,19.6013,52.4917
3744,300,82,59,159,19.6667,53.0000
3745,299,81,60,158,20.0669,52.8428
3746,300,83,55,162,18.3333,54.0000
3747,300,81,52,167,17.3333,55.6667
3748,300,80,51,169,17.0000,56.3333
3749,300,83,53,164,17.6667,54.6667
3750,299,83,53,163,17.7258,54.5151
3751,302,86,51,165,16.8874,54.6358
3752,300,88,52,160,17.3333,53.3333
3753,299,88,51,160,17.0569,53.5117
3754,300,92,48,160,16.0000,53.3333
3755,298,93,47,158,15.7718,53.0201
3756,299,95,49,155,16.3880,51.8395
3757,300,97,48,155,16.0000,51.6667
3758,299,94,47,158,15.7191,52.8428
3759,300,95,48,157,16.0000,52.3333
3760,300,101,46,153,15.3333,51.0000
3761,300,104,45,151,15.0000,50.3333
3762,300,110,46,144,15.3333,48.0000
3763,300,110,49,141,16.3333,47.0000
3764,299,111,47,141,15.7191,47.1572
3765,301,116,48,137,15.9468,45.5150
3766,301,118,48,135,15.9468,44.8505
3767,301,119,47,135,15.6146,44.8505
3768,300,121,43,136,14.3333,45.3333
3769,299,128,44,127,14.7157,42.4749
3770,302,136,42,124,13.9073,41.0596
3771,302,134,43,125,14.2384,41.3907
3772,302,133,43,126,14.2384,41.7219
3773,301,135,45,121,14.9502,40.1993
3774,301,132,50,119,16.6113,39.5349
3775,301,131,52,118,17.2757,39.2027
3776,299,127,56,116,18.7291,38.7960
3777,300,128,56,116,18.6667,38.6667
3778,300,124,58,118,19.3333,39.3333
3779,298,127,55,116,18.4564,38.9262
3780,302,132,58,112,19.2053,37.0861
3781,302,129,62,111,20.5298,36.7550
3782,302,128,63,111,20.8609,36.7550
3783,300,127,60,113,20.0000,37.6667
3784,300,122,63,115,21.0000,38.3333
3785,299,123,64,112,21.4047,37.4582
3786,301,123,64,114,21.2625,37.8738
3787,301,127,65,109,21.5947,36.2126
3788,301,128,65,108,21.5947,35.8804
3789,301,126,67,108,22.2591,35.8804
3790,301,123,73,105,24.2525,34.8837
3791,301,119,77,105,25.5814,34.8837
3792,301,119,76,106,25.2492,35.2159
3793,300,117,78,105,26.0000,35.0000
3794,299,116,80,103,26.7559,34.4482
3795,299,112,79,108,26.4214,36.1204
3796,301,111,82,108,27.2425,35.8804
3797,301,106,83,112,27.5748,37.2093
3798,301,103,88,110,29.2359,36.5449
3799,301,108,87,106,28.9037,35.2159
3800,299,107,87,105,29.0970,35.1171
3801,300,105,89,106,29.6667,35.3333
3802,300,98,96,106,32.0000,35.3333
3803,300,96,98,106,32.6667,35.3333
3804,299,91,101,107,33.7793,35.7860
3805,302,90,102,110,33.7748,36.4238
3806,300,88,105,107,35.0000,35.6667
3807,298,84,106,108,35.5705,36.2416
3808,298,82,108,108,36.2416,36.2416
3809,297,80,109,108,36.7003,36.3636
3810,296,81,110,105,37.1622,35.4730
3811,293,80,104,109,35.4949,37.2014
3812,294,82,104,108,35.3741,36.7347
3813,293,80,103,110,35.1536,37.5427
3814,296,79,100,117,33.7838,39.5270
3815,299,77,102,120,34.1137,40.1338
3816,295,79,93,123,31.5254,41.6949
3817,296,80,91,125,30.7432,42.2297
3818,297,82,87,128,29.2929,43.0976
3819,299,84,86,129,28.7625,43.1438
3820,301,88,84,129,27.9070,42.8571
3821,300,87,81,132,27.0000,44.0000
3822,298,87,76,135,25.5034,45.3020
3823,298,83,76,139,25.5034,46.6443
3824,300,90,71,139,23.6667,46.3333
3825,299,85,73,141,24.4147,47.1572
3826,300,87,70,143,23.3333,47.6667
3827,299,83,67,149,22.4080,49.8328
3828,298,83,64,151,21.4765,50.6711
3829,302,85,65,152,21.5232,50.3311
3830,302,86,63,153,20.8609,50.6623
3831,301,86,62,153,20.5980,50.8306
3832,300,84,59,157,19.6667,52.3333
3833,300,82,59,159,19.6667,53.0000
3834,298,82,53,163,17.7852,54.6980
3835,298,83,54,161,18.1208,54.0268
3836,300,83,54,163,18.0000,54.3333
3837,300,83,52,165,17.3333,55.0000
3838,300,82,55,163,18.3333,54.3333
3839,299,80,56,163,18.7291,54.5151
3840,298,81,55,162,18.4564,54.3624
3841,302,86,56,160,18.5430,52.9801
3842,301,85,55,161,18.2724,53.4884
3843,300,86,53,161,17.6667,53.6667
3844,300,88,47,165,15.6667,55.0000
3845,299,89,46,164,15.3846,54.8495
3846,300,93,45,162,15.0000,54.0000
3847,299,99,42,158,14.0468,52.8428
3848,297,96,43,158,14.4781,53.1987
3849,298,101,41,156,13.7584,52.3490
3850,304,108,42,154,13.8158,50.6579
3851,303,110,41,152,13.5314,50.1650
3852,302,111,41,150,13.5762,49.6689
3853,302,111,41,150,13.5762,49.6689
3854,301,111,41,149,13.6213,49.5017
3855,300,115,38,147,12.6667,49.0000
3856,300,113,40,147,13.3333,49.0000
3857,299,115,39,145,13.0435,48.4950
3858,303,115,40,148,13.2013,48.8449
3859,303,115,38,150,12.5413,49.5050
3860,303,110,43,150,14.1914,49.5050
3861,303,110,43,150,14.1914,49.5050
3862,301,108,43,150,14.2857,49.8339
3863,300,111,45,144,15.0000,48.0000
3864,299,111,45,143,15.0502,47.8261
3865,299,113,46,140,15.3846,46.8227
3866,300,121,47,132,15.6667,44.0000
3867,298,121,48,129,16.1074,43.2886
3868,298,125,48,125,16.1074,41.9463
3869,298,126,50,122,16.7785,40.9396
3870,298,128,50,120,16.7785,40.2685
3871,301,130,55,116,18.2724,38.5382
3872,301,132,56,113,18.6047,37.5415
3873,300,134,56,110,18.6667,36.6667
3874,299,138,54,107,18.0602,35.7860
3875,303,146,56,101,18.4818,33.3333
3876,301,147,56,98,18.6047,32.5581
3877,301,148,57,96,18.9369,31.8937
3878,299,148,55,96,18.3946,32.1070
3879,301,157,55,89,18.2724,29.5681
3880,299,154,53,92,17.7258,30.7692
3881,301,156,55,90,18.2724,29.9003
3882,301,156,56,89,18.6047,29.5681
3883,300,154,58,88,19.3333,29.3333
3884,299,153,60,86,20.0669,28.7625
3885,300,153,62,85,20.6667,28.3333
3886,300,152,66,82,22.0000,27.3333
3887,300,152,64,84,21.3333,28.0000
3888,299,153,64,82,21.4047,27.4247
3889,299,154,64,81,21.4047,27.0903
3890,303,154,66,83,21.7822,27.3927
3891,303,150,68,85,22.4422,28.0528
3892,302,150,63,89,20.8609,29.4702
3893,301,148,65,88,21.5947,29.2359
3894,300,143,70,87,23.3333,29.0000
3895,300,141,75,84,25.0000,28.0000
3896,298,144,74,80,24.8322,26.8456
3897,300,140,81,79,27.0000,26.3333
3898,299,135,83,81,27.7592,27.0903
3899,300,138,83,79,27.6667,26.3333
3900,300,132,90,78,30.0000,26.0000
3901,299,133,86,80,28.7625,26.7559
3902,301,132,88,81,29.2359,26.9103
3903,299,129,87,83,29.0970,27.7592
3904,301,129,87,85,28.9037,28.2392
3905,301,119,96,86,31.8937,28.5714
3906,300,117,93,90,31.0000,30.0000
3907,300,117,94,89,31.3333,29.6667
3908,298,115,93,90,31.2081,30.2013
3909,296,114,94,88,31.7568,29.7297
3910,300,116,92,92,30.6667,30.6667
3911,300,115,95,90,31.6667,30.0000
3912,300,111,95,94,31.6667,31.3333
3913,300,107,99,94,33.0000,31.3333
3914,299,103,97,99,32.4415,33.1104
3915,301,99,99,103,32.8904,34.2193
3916,300,95,98,107,32.6667,35.6667
3917,299,92,97,110,32.4415,36.7893
3918,298,93,90,115,30.2013,38.5906
3919,299,91,92,116,30.7692,38.7960
3920,298,91,89,118,29.8658,39.5973
3921,298,89,88,121,29.5302,40.6040
3922,296,87,88,121,29.7297,40.8784
3923,297,85,87,125,29.2929,42.0875
3924,298,83,88,127,29.5302,42.6174
3925,299,86,77,136,25.7525,45.4849
3926,301,88,74,139,24.5847,46.1794
3927,301,84,77,140,25.5814,46.5116
3928,301,79,82,140,27.2425,46.5116
3929,300,77,79,144,26.3333,48.0000
3930,300,76,80,144,26.6667,48.0000
3931,298,74,76,148,25.5034,49.6644
3932,298,76,75,147,25.1678,49.3289
3933,298,75,74,149,24.8322,50.0000
3934,300,77,70,153,23.3333,51.0000
3935,298,77,68,153,22.8188,51.3423
3936,298,80,63,155,21.1409,52.0134
3937,300,84,59,157,19.6667,52.3333
3938,298,84,57,157,19.1275,52.6846
3939,300,87,58,155,19.3333,51.6667
3940,299,87,56,156,18.7291,52.1739
3941,303,90,56,157,18.4818,51.8152
3942,303,92,52,159,17.1617,52.4752
3943,302,93,51,158,16.8874,52.3179
3944,300,96,49,155,16.3333,51.6667
3945,300,94,49,157,16.3333,52.3333
3946,299,88,54,157,18.0602,52.5084
3947,298,88,51,159,17.1141,53.3557
3948,296,86,50,160,16.8919,54.0541
3949,301,92,47,162,15.6146,53.8206
3950,301,93,46,162,15.2824,53.8206
3951,299,91,46,162,15.3846,54.1806
3952,304,95,42,167,13.8158,54.9342
3953,302,99,39,164,12.9139,54.3046
3954,301,98,40,163,13.2890,54.1528
3955,301,100,40,161,13.2890,53.4884
3956,301,100,42,159,13.9535,52.8239
3957,301,102,43,156,14.2857,51.8272
3958,301,105,44,152,14.6179,50.4983
3959,300,104,44,152,14.6667,50.6667
3960,300,106,41,153,13.6667,51.0000
3961,299,103,41,155,13.7124,51.8395
3962,301,111,40,150,13.2890,49.8339
3963,301,107,45,149,14.9502,49.5017
3964,301,112,43,146,14.2857,48.5050
3965,301,112,43,146,14.2857,48.5050
3966,299,116,39,144,13.0435,48.1605
3967,301,121,38,142,12.6246,47.1761
3968,300,124,36,140,12.0000,46.6667
3969,299,125,37,137,12.3746,45.8194
3970,299,129,38,132,12.7090,44.1472
3971,301,131,36,134,11.9601,44.5183
3972,301,132,37,132,12.2924,43.8538
3973,301,133,40,128,13.2890,42.5249
3974,300,134,39,127,13.0000,42.3333
3975,300,137,38,125,12.6667,41.6667
3976,300,137,40,123,13.3333,41.0000
3977,299,144,40,115,13.3779,38.4615
3978,302,148,43,111,14.2384,36.7550
3979,302,148,42,112,13.9073,37.0861
3980,302,147,43,112,14.2384,37.0861
3981,302,149,44,109,14.5695,36.0927
3982,301,149,45,107,14.9502,35.5482
3983,298,154,38,106,12.7517,35.5705
3984,300,160,38,102,12.6667,34.0000
3985,300,161,40,99,13.3333,33.0000
3986,299,163,43,93,14.3813,31.1037
3987,301,163,44,94,14.6179,31.2292
3988,301,165,45,91,14.9502,30.2326
3989,300,166,44,90,14.6667,30.0000
3990,300,165,44,91,14.6667,30.3333
3991,299,162,47,90,15.7191,30.1003
3992,301,163,51,87,16.9435,28.9037
3993,299,165,47,87,15.7191,29.0970
3994,299,163,52,84,17.3913,28.0936
3995,303,165,56,82,18.4818,27.0627
3996,303,163,58,82,19.1419,27.0627
3997,302,162,57,83,18.8742,27.4834
3998,302,159,59,84,19.5364,27.8146
3999,301,155,62,84,20.5980,27.9070
4000,300,153,65,82,21.6667,27.3333
4001,300,151,69,80,23.0000,26.6667
4002,299,152,67,80,22.4080,26.7559
4003,302,150,72,80,23.8411,26.4901
4004,301,152,75,74,24.9169,24.5847
4005,301,147,80,74,26.5781,24.5847
4006,301,142,82,77,27.2425,25.5814
4007,299,136,87,76,29.0970,25.4181
4008,301,136,87,78,28.9037,25.9136
4009,300,130,91,79,30.3333,26.3333
4010,300,126,93,81,31.0000,27.0000
4011,300,123,94,83,31.3333,27.6667
4012,298,120,94,84,31.5436,28.1879
4013,303,123,97,83,32.0132,27.3927
4014,303,119,103,81,33.9934,26.7327
4015,301,112,105,84,34.8837,27.9070
4016,299,111,104,84,34.7826,28.0936
4017,301,108,105,88,34.8837,29.2359
4018,301,107,108,86,35.8804,28.5714
4019,300,106,104,90,34.6667,30.0000
4020,300,105,101,94,33.6667,31.3333
4021,300,103,100,97,33.3333,32.3333
4022,297,99,100,98,33.6700,32.9966
4023,299,100,100,99,33.4448,33.1104
4024,299,94,106,99,35.4515,33.1104
4025,299,88,109,102,36.4548,34.1137
4026,299,87,107,105,35.7860,35.1171
4027,296,86,105,105,35.4730,35.4730
4028,299,89,100,110,33.4448,36.7893
4029,297,86,99,112,33.3333,37.7104
4030,297,83,100,114,33.6700,38.3838
4031,295,85,95,115,32.2034,38.9831
4032,295,86,91,118,30.8475,40.0000
4033,299,85,94,120,31.4381,40.1338
4034,300,85,91,124,30.3333,41.3333
4035,297,84,85,128,28.6195,43.0976
4036,298,83,85,130,28.5235,43.6242
4037,298,76,88,134,29.5302,44.9664
4038,300,74,88,138,29.3333,46.0000
4039,297,76,84,137,28.2828,46.1279
4040,297,73,84,140,28.2828,47.1380
4041,299,72,87,140,29.0970,46.8227
4042,304,77,86,141,28.2895,46.3816
4043,302,77,81,144,26.8212,47.6821
4044,302,73,80,149,26.4901,49.3377
4045,300,72,75,153,25.0000,51.0000
4046,297,72,72,153,24.2424,51.5152
4047,297,71,69,157,23.2323,52.8620
4048,302,76,70,156,23.1788,51.6556
4049,301,78,68,155,22.5914,51.4950
4050,299,79,62,158,20.7358,52.8428
4051,305,85,63,157,20.6557,51.4754
4052,305,84,63,158,20.6557,51.8033
4053,304,82,63,159,20.7237,52.3026
4054,304,81,62,161,20.3947,52.9605
4055,302,79,60,163,19.8675,53.9735
4056,301,75,61,165,20.2658,54.8173
4057,300,76,54,170,18.0000,56.6667
4058,300,77,54,169,18.0000,56.3333
4059,299,77,51,171,17.0569,57.1906
4060,303,83,48,172,15.8416,56.7657
4061,302,83,45,174,14.9007,57.6159
4062,301,85,42,174,13.9535,57.8073
4063,301,88,39,174,12.9568,57.8073
4064,301,91,37,173,12.2924,57.4751
4065,300,91,35,174,11.6667,58.0000
4066,300,92,33,175,11.0000,58.3333
4067,298,94,31,173,10.4027,58.0537
4068,300,95,31,174,10.3333,58.0000
4069,300,98,32,170,10.6667,56.6667
4070,300,99,33,168,11.0000,56.0000
4071,300,104,33,163,11.0000,54.3333
4072,300,107,35,158,11.6667,52.6667
4073,300,110,32,158,10.6667,52.6667
4074,299,111,30,158,10.0334,52.8428
4075,298,116,26,156,8.7248,52.3490
4076,298,118,24,156,8.0537,52.3490
4077,302,124,24,154,7.9470,50.9934
4078,302,127,22,153,7.2848,50.6623
4079,302,128,22,152,7.2848,50.3311
4080,302,132,25,145,8.2781,48.0132
4081,302,134,26,142,8.6093,47.0199
4082,301,133,28,140,9.3023,46.5116
4083,301,134,30,137,9.9668,45.5150
4084,301,135,32,134,10.6312,44.5183
4085,301,135,34,132,11.2957,43.8538
4086,301,140,34,127,11.2957,42.1927
4087,301,146,36,119,11.9601,39.5349
4088,299,145,35,119,11.7057,39.7993
4089,301,148,37,116,12.2924,38.5382
4090,300,148,39,113,13.0000,37.6667
4091,300,146,42,112,14.0000,37.3333
4092,300,147,42,111,14.0000,37.0000
4093,300,144,46,110,15.3333,36.6667
4094,300,145,47,108,15.6667,36.0000
4095,300,146,49,105,16.3333,35.0000
4096,300,151,48,101,16.0000,33.6667
4097,300,152,53,95,17.6667,31.6667
4098,300,153,52,95,17.3333,31.6667
4099,300,154,54,92,18.0000,30.6667
4100,299,152,54,93,18.0602,31.1037
4101,300,149,59,92,19.6667,30.6667
4102,300,149,62,89,20.6667,29.6667
4103,300,147,63,90,21.0000,30.0000
4104,299,146,62,91,20.7358,30.4348
4105,299,145,63,91,21.0702,30.4348
4106,300,147,66,87,22.0000,29.0000
4107,299,146,68,85,22.7425,28.4281
4108,299,146,69,84,23.0769,28.0936
4109,299,148,71,80,23.7458,26.7559
4110,299,149,70,80,23.4114,26.7559
4111,299,148,71,80,23.7458,26.7559
4112,298,147,73,78,24.4966,26.1745
4113,301,151,72,78,23.9203,25.9136
4114,300,146,75,79,25.0000,26.3333
4115,300,144,77,79,25.6667,26.3333
4116,300,140,83,77,27.6667,25.6667
4117,300,137,84,79,28.0000,26.3333
4118,300,137,84,79,28.0000,26.3333
4119,299,138,82,79,27.4247,26.4214
4120,301,141,83,77,27.5748,25.5814
4121,300,139,82,79,27.3333,26.3333
4122,300,132,84,84,28.0000,28.0000
4123,300,127,85,88,28.3333,29.3333
4124,299,126,84,89,28.0936,29.7659
4125,304,127,90,87,29.6053,28.6184
4126,302,120,92,90,30.4636,29.8013
4127,302,109,102,91,33.7748,30.1325
4128,301,104,107,90,35.5482,29.9003
4129,298,100,107,91,35.9060,30.5369
4130,299,98,110,91,36.7893,30.4348
4131,297,91,113,93,38.0471,31.3131
4132,300,89,113,98,37.6667,32.6667
4133,300,87,114,99,38.0000,33.0000
4134,299,84,111,104,37.1237,34.7826
4135,296,79,109,108,36.8243,36.4865
4136,297,79,107,111,36.0269,37.3737
4137,297,75,105,117,35.3535,39.3939
4138,297,76,104,117,35.0168,39.3939
4139,298,72,107,119,35.9060,39.9329
4140,305,77,109,119,35.7377,39.0164
4141,305,74,111,120,36.3934,39.3443
4142,300,72,107,121,35.6667,40.3333
4143,299,71,105,123,35.1171,41.1371
4144,297,68,107,122,36.0269,41.0774
4145,299,70,104,125,34.7826,41.8060
4146,296,70,99,127,33.4459,42.9054
4147,296,71,90,135,30.4054,45.6081
4148,292,73,77,142,26.3699,48.6301
4149,292,74,73,145,25.0000,49.6575
4150,295,75,73,147,24.7458,49.8305
4151,295,75,67,153,22.7119,51.8644
4152,295,75,63,157,21.3559,53.2203
4153,296,75,63,158,21.2838,53.3784
4154,300,79,63,158,21.0000,52.6667
4155,300,81,59,160,19.6667,53.3333
4156,298,80,60,158,20.1342,53.0201
4157,296,82,58,156,19.5946,52.7027
4158,293,78,58,157,19.7952,53.5836
4159,295,79,55,161,18.6441,54.5763
4160,299,84,53,162,17.7258,54.1806
4161,301,90,46,165,15.2824,54.8173
4162,301,92,46,163,15.2824,54.1528
4163,300,95,43,162,14.3333,54.0000
4164,300,93,43,164,14.3333,54.6667
4165,298,95,37,166,12.4161,55.7047
4166,302,102,36,164,11.9205,54.3046
4167,302,105,35,162,11.5894,53.6424
4168,301,104,35,162,11.6279,53.8206
4169,301,106,36,159,11.9601,52.8239
4170,301,107,36,158,11.9601,52.4917
4171,299,107,33,159,11.0368,53.1773
4172,300,110,31,159,10.3333,53.0000
4173,300,110,32,158,10.6667,52.6667
4174,298,114,29,155,9.7315,52.0134
4175,300,119,31,150,10.3333,50.0000
4176,300,121,31,148,10.3333,49.3333
4177,300,119,30,151,10.0000,50.3333
4178,297,121,28,148,9.4276,49.8316
4179,297,124,28,145,9.4276,48.8215
4180,297,125,27,145,9.0909,48.8215
4181,302,130,29,143,9.6026,47.3510
4182,301,131,30,140,9.9668,46.5116
4183,301,133,31,137,10.2990,45.5150
4184,300,135,31,134,10.3333,44.6667
4185,299,131,35,133,11.7057,44.4816
4186,299,134,37,128,12.3746,42.8094
4187,301,138,39,124,12.9568,41.1960
4188,301,140,40,121,13.2890,40.1993
4189,301,143,41,117,13.6213,38.8704
4190,301,140,44,117,14.6179,38.8704
4191,300,138,46,116,15.3333,38.6667
4192,300,137,48,115,16.0000,38.3333
4193,300,137,48,115,16.0000,38.3333
4194,299,138,48,113,16.0535,37.7926
4195,301,141,49,111,16.2791,36.8771
4196,301,139,51,111,16.9435,36.8771
4197,301,139,54,108,17.9402,35.8804
4198,300,138,54,108,18.0000,36.0000
4199,299,145,54,100,18.0602,33.4448
4200,303,156,55,92,18.1518,30.3630
4201,302,158,54,90,17.8808,29.8013
4202,302,157,59,86,19.5364,28.4768
4203,301,159,62,80,20.5980,26.5781
4204,300,160,64,76,21.3333,25.3333
4205,298,159,64,75,21.4765,25.1678
4206,299,157,65,77,21.7391,25.7525
4207,300,160,65,75,21.6667,25.0000
4208,299,157,68,74,22.7425,24.7492
4209,301,158,66,77,21.9269,25.5814
4210,301,156,67,78,22.2591,25.9136
4211,300,159,65,76,21.6667,25.3333
4212,299,158,63,78,21.0702,26.0870
4213,303,162,66,75,21.7822,24.7525
4214,303,161,67,75,22.1122,24.7525
4215,303,159,70,74,23.1023,24.4224
4216,302,157,74,71,24.5033,23.5099
4217,299,154,74,71,24.7492,23.7458
4218,299,153,74,72,24.7492,24.0803
4219,305,161,71,73,23.2787,23.9344
4220,305,159,74,72,24.2623,23.6066
4221,305,157,75,73,24.5902,23.9344
4222,305,152,77,76,25.2459,24.9180
4223,304,147,80,77,26.3158,25.3289
4224,304,145,77,82,25.3289,26.9737
4225,304,139,81,84,26.6447,27.6316
4226,302,138,81,83,26.8212,27.4834
4227,300,138,77,85,25.6667,28.3333
4228,300,133,79,88,26.3333,29.3333
4229,300,132,82,86,27.3333,28.6667
4230,300,128,85,87,28.3333,29.0000
4231,299,123,87,89,29.0970,29.7659
4232,301,126,85,90,28.2392,29.9003
4233,300,120,87,93,29.0000,31.0000
4234,300,115,88,97,29.3333,32.3333
4235,299,113,87,99,29.0970,33.1104
4236,300,114,86,100,28.6667,33.3333
4237,297,108,85,104,28.6195,35.0168
4238,298,105,83,110,27.8523,36.9128
4239,299,101,87,111,29.0970,37.1237
4240,301,100,90,111,29.9003,36.8771
4241,300,98,93,109,31.0000,36.3333
4242,300,95,89,116,29.6667,38.6667
4243,297,91,85,121,28.6195,40.7407
4244,300,91,88,121,29.3333,40.3333
4245,297,90,83,124,27.9461,41.7508
4246,295,87,81,127,27.4576,43.0508
4247,297,85,85,127,28.6195,42.7609
4248,298,87,85,126,28.5235,42.2819
4249,297,87,81,129,27.2727,43.4343
4250,297,90,79,128,26.5993,43.0976
4251,295,89,75,131,25.4237,44.4068
4252,296,87,76,133,25.6757,44.9324
4253,296,89,76,131,25.6757,44.2568
4254,297,89,74,134,24.9158,45.1178
4255,296,90,72,134,24.3243,45.2703
4256,299,92,73,134,24.4147,44.8161
4257,300,92,71,137,23.6667,45.6667
4258,299,91,70,138,23.4114,46.1538
4259,301,91,70,140,23.2558,46.5116
4260,299,85,73,141,24.4147,47.1572
4261,300,85,73,142,24.3333,47.3333
4262,299,84,73,142,24.4147,47.4916
4263,301,87,72,142,23.9203,47.1761
4264,300,90,67,143,22.3333,47.6667
4265,299,87,67,145,22.4080,48.4950
4266,304,88,70,146,23.0263,48.0263
4267,303,89,66,148,21.7822,48.8449
4268,303,84,69,150,22.7723,49.5050
4269,303,88,67,148,22.1122,48.8449
4270,303,90,63,150,20.7921,49.5050
4271,303,88,67,148,22.1122,48.8449
4272,302,86,65,151,21.5232,50.0000
4273,302,83,68,151,22.5166,50.0000
4274,299,87,64,148,21.4047,49.4983
4275,301,91,63,147,20.9302,48.8372
4276,300,95,61,144,20.3333,48.0000
4277,300,99,59,142,19.6667,47.3333
4278,300,95,62,143,20.6667,47.6667
4279,299,94,60,145,20.0669,48.4950
4280,301,100,54,147,17.9402,48.8372
4281,299,100,50,149,16.7224,49.8328
4282,304,109,46,149,15.1316,49.0132
4283,302,110,45,147,14.9007,48.6755
4284,301,112,43,146,14.2857,48.5050
4285,301,112,43,146,14.2857,48.5050
4286,300,113,42,145,14.0000,48.3333
4287,299,115,38,146,12.7090,48.8294
4288,300,115,42,143,14.0000,47.6667
4289,299,118,38,143,12.7090,47.8261
4290,301,123,40,138,13.2890,45.8472
4291,301,121,41,139,13.6213,46.1794
4292,300,120,40,140,13.3333,46.6667
4293,300,121,37,142,12.3333,47.3333
4294,299,126,36,137,12.0401,45.8194
4295,301,133,37,131,12.2924,43.5216
4296,300,126,42,132,14.0000,44.0000
4297,300,129,43,128,14.3333,42.6667
4298,298,131,41,126,13.7584,42.2819
4299,299,134,37,128,12.3746,42.8094
4300,301,137,37,127,12.2924,42.1927
4301,301,140,38,123,12.6246,40.8638
4302,301,139,39,123,12.9568,40.8638
4303,301,142,40,119,13.2890,39.5349
4304,301,143,40,118,13.2890,39.2027
4305,300,141,40,119,13.3333,39.6667
4306,300,141,41,118,13.6667,39.3333
4307,299,140,41,118,13.7124,39.4649
4308,301,139,44,118,14.6179,39.2027
4309,299,142,43,114,14.3813,38.1271
4310,300,146,42,112,14.0000,37.3333
4311,300,146,42,112,14.0000,37.3333
4312,298,143,43,112,14.4295,37.5839
4313,302,147,47,108,15.5629,35.7616
4314,301,147,49,105,16.2791,34.8837
4315,300,146,51,103,17.0000,34.3333
4316,300,149,50,101,16.6667,33.6667
4317,300,153,43,104,14.3333,34.6667
4318,300,153,44,103,14.6667,34.3333
4319,300,154,46,100,15.3333,33.3333
4320,299,150,51,98,17.0569,32.7759
4321,302,151,56,95,18.5430,31.4570
4322,302,147,63,92,20.8609,30.4636
4323,301,144,62,95,20.5980,31.5615
4324,300,143,65,92,21.6667,30.6667
4325,300,142,68,90,22.6667,30.0000
4326,299,139,70,90,23.4114,30.1003
4327,300,140,68,92,22.6667,30.6667
4328,299,142,66,91,22.0736,30.4348
4329,302,144,67,91,22.1854,30.1325
4330,302,140,72,90,23.8411,29.8013
4331,301,144,70,87,23.2558,28.9037
4332,301,141,73,87,24.2525,28.9037
4333,300,138,76,86,25.3333,28.6667
4334,299,139,74,86,24.7492,28.7625
4335,300,138,74,88,24.6667,29.3333
4336,300,133,79,88,26.3333,29.3333
4337,299,131,82,86,27.4247,28.7625
4338,303,131,88,84,29.0429,27.7228
4339,303,129,91,83,30.0330,27.3927
4340,302,122,95,85,31.4570,28.1457
4341,300,120,93,87,31.0000,29.0000
4342,299,114,95,90,31.7726,30.1003
4343,301,114,95,92,31.5615,30.5648
4344,299,113,94,92,31.4381,30.7692
4345,298,108,100,90,33.5570,30.2013
4346,299,108,101,90,33.7793,30.1003
4347,299,103,103,93,34.4482,31.1037
4348,300,99,109,92,36.3333,30.6667
4349,300,96,111,93,37.0000,31.0000
4350,300,93,111,96,37.0000,32.0000
4351,300,92,111,97,37.0000,32.3333
4352,299,84,113,102,37.7926,34.1137
4353,299,84,108,107,36.1204,35.7860
4354,299,85,107,107,35.7860,35.7860
4355,300,81,109,110,36.3333,36.6667
4356,299,78,108,113,36.1204,37.7926
4357,298,73,111,114,37.2483,38.2550
4358,299,74,106,119,35.4515,39.7993
4359,301,75,103,123,34.2193,40.8638
4360,299,70,103,126,34.4482,42.1405
4361,299,69,100,130,33.4448,43.4783
4362,301,73,94,134,31.2292,44.5183
4363,300,75,90,135,30.0000,45.0000
4364,300,71,91,138,30.3333,46.0000
4365,298,70,86,142,28.8591,47.6510
4366,297,70,80,147,26.9360,49.4949
4367,302,73,80,149,26.4901,49.3377
4368,299,72,77,150,25.7525,50.1672
4369,299,79,72,148,24.0803,49.4983
4370,300,77,74,149,24.6667,49.6667
4371,300,74,73,153,24.3333,51.0000
4372,297,70,68,159,22.8956,53.5354
4373,300,73,65,162,21.6667,54.0000
4374,299,71,67,161,22.4080,53.8462
4375,299,72,66,161,22.0736,53.8462
4376,304,75,64,165,21.0526,54.2763
4377,302,71,64,167,21.1921,55.2980
4378,300,71,60,169,20.0000,56.3333
4379,299,75,58,166,19.3980,55.5184
4380,302,81,53,168,17.5497,55.6291
4381,301,83,49,169,16.2791,56.1462
4382,300,84,46,170,15.3333,56.6667
4383,299,80,50,169,16.7224,56.5217
4384,302,86,47,169,15.5629,55.9603
4385,302,87,48,167,15.8940,55.2980
4386,302,89,47,166,15.5629,54.9669
4387,302,87,49,166,16.2252,54.9669
4388,302,84,50,168,16.5563,55.6291
4389,301,84,47,170,15.6146,56.4784
4390,300,81,47,172,15.6667,57.3333
4391,298,80,48,170,16.1074,57.0470
4392,296,79,48,169,16.2162,57.0946
4393,296,84,48,164,16.2162,55.4054
4394,297,88,46,163,15.4882,54.8822
4395,300,91,47,162,15.6667,54.0000
4396,300,91,48,161,16.0000,53.6667
4397,298,92,44,162,14.7651,54.3624
4398,299,92,45,162,15.0502,54.1806
4399,301,95,47,159,15.6146,52.8239
4400,301,96,46,159,15.2824,52.8239
4401,301,97,46,158,15.2824,52.4917
4402,301,99,48,154,15.9468,51.1628
4403,301,101,47,153,15.6146,50.8306
4404,301,103,47,151,15.6146,50.1661
4405,301,105,49,147,16.2791,48.8372
4406,301,105,48,148,15.9468,49.1694
4407,299,107,46,146,15.3846,48.8294
4408,303,113,46,144,15.1815,47.5248
4409,303,113,46,144,15.1815,47.5248
4410,302,118,44,140,14.5695,46.3576
4411,301,121,43,137,14.2857,45.5150
4412,301,125,41,135,13.6213,44.8505
4413,301,124,42,135,13.9535,44.8505
4414,301,130,41,130,13.6213,43.1894
4415,299,132,40,127,13.3779,42.4749
4416,298,131,43,124,14.4295,41.6107
4417,299,137,42,120,14.0468,40.1338
4418,303,144,43,116,14.1914,38.2838
4419,302,142,45,115,14.9007,38.0795
4420,301,143,47,111,15.6146,36.8771
4421,301,145,50,106,16.6113,35.2159
4422,299,145,50,104,16.7224,34.7826
4423,301,151,49,101,16.2791,33.5548
4424,300,152,51,97,17.0000,32.3333
4425,298,153,50,95,16.7785,31.8792
4426,300,149,53,98,17.6667,32.6667
4427,299,145,58,96,19.3980,32.1070
4428,301,145,62,94,20.5980,31.2292
4429,301,144,63,94,20.9302,31.2292
4430,301,140,69,92,22.9236,30.5648
4431,300,138,70,92,23.3333,30.6667
4432,300,140,71,89,23.6667,29.6667
4433,298,134,76,88,25.5034,29.5302
4434,300,130,82,88,27.3333,29.3333
4435,300,126,85,89,28.3333,29.6667
4436,297,123,88,86,29.6296,28.9562
4437,297,118,94,85,31.6498,28.6195
4438,301,117,99,85,32.8904,28.2392
4439,301,112,103,86,34.2193,28.5714
4440,300,110,105,85,35.0000,28.3333
4441,300,112,104,84,34.6667,28.0000
4442,298,114,100,84,33.5570,28.1879
4443,299,108,107,84,35.7860,28.0936
4444,300,107,107,86,35.6667,28.6667
4445,299,105,106,88,35.4515,29.4314
4446,300,108,105,87,35.0000,29.0000
4447,300,109,104,87,34.6667,29.0000
4448,299,108,98,93,32.7759,31.1037
4449,300,107,99,94,33.0000,31.3333
4450,299,107,95,97,31.7726,32.4415
4451,304,108,96,100,31.5789,32.8947
4452,303,104,97,102,32.0132,33.6634
4453,303,98,99,106,32.6733,34.9835
4454,301,94,94,113,31.2292,37.5415
4455,300,92,92,116,30.6667,38.6667
4456,297,93,89,115,29.9663,38.7205
4457,298,92,87,119,29.1946,39.9329
4458,299,95,82,122,27.4247,40.8027
4459,298,97,78,123,26.1745,41.2752
4460,296,99,70,127,23.6486,42.9054
4461,296,97,73,126,24.6622,42.5676
4462,297,97,77,123,25.9259,41.4141
4463,295,94,79,122,26.7797,41.3559
4464,298,95,79,124,26.5101,41.6107
4465,301,100,80,121,26.5781,40.1993
4466,300,100,77,123,25.6667,41.0000
4467,299,101,75,123,25.0836,41.1371
4468,301,96,82,123,27.2425,40.8638
4469,301,93,82,126,27.2425,41.8605
4470,298,90,79,129,26.5101,43.2886
4471,299,93,78,128,26.0870,42.8094
4472,300,93,75,132,25.0000,44.0000
4473,298,93,69,136,23.1544,45.6376
4474,300,96,62,142,20.6667,47.3333
4475,299,96,60,143,20.0669,47.8261
4476,298,97,59,142,19.7987,47.6510
4477,298,95,60,143,20.1342,47.9866
4478,298,97,59,142,19.7987,47.6510
4479,298,97,59,142,19.7987,47.6510
4480,301,102,58,141,19.2691,46.8439
4481,300,103,57,140,19.0000,46.6667
4482,297,103,51,143,17.1717,48.1481
4483,298,107,46,145,15.4362,48.6577
4484,300,104,48,148,16.0000,49.3333
4485,300,101,48,151,16.0000,50.3333
4486,300,102,48,150,16.0000,50.0000
4487,299,99,51,149,17.0569,49.8328
4488,299,102,44,153,14.7157,51.1706
4489,300,104,40,156,13.3333,52.0000
4490,300,101,44,155,14.6667,51.6667
4491,298,101,44,153,14.7651,51.3423
4492,300,104,45,151,15.0000,50.3333
4493,300,106,43,151,14.3333,50.3333
4494,300,105,46,149,15.3333,49.6667
4495,300,104,47,149,15.6667,49.6667
4496,300,106,46,148,15.3333,49.3333
4497,299,102,49,148,16.3880,49.4983
4498,301,106,47,148,15.6146,49.1694
4499,300,109,43,148,14.3333,49.3333
4500,300,115,43,142,14.3333,47.3333
4501,299,115,45,139,15.0502,46.4883
4502,300,119,46,135,15.3333,45.0000
4503,300,119,49,132,16.3333,44.0000
4504,298,116,51,131,17.1141,43.9597
4505,302,126,47,129,15.5629,42.7152
4506,302,130,46,126,15.2318,41.7219
4507,299,135,43,121,14.3813,40.4682
4508,301,134,48,119,15.9468,39.5349
4509,301,137,50,114,16.6113,37.8738
4510,301,139,51,111,16.9435,36.8771
4511,301,137,51,113,16.9435,37.5415
4512,300,143,50,107,16.6667,35.6667
4513,299,142,51,106,17.0569,35.4515
4514,298,140,50,108,16.7785,36.2416
4515,298,136,54,108,18.1208,36.2416
4516,298,133,61,104,20.4698,34.8993
4517,299,133,58,108,19.3980,36.1204
4518,300,131,63,106,21.0000,35.3333
4519,300,129,66,105,22.0000,35.0000
4520,299,123,72,104,24.0803,34.7826
4521,299,125,72,102,24.0803,34.1137
4522,305,135,71,99,23.2787,32.4590
4523,303,131,73,99,24.0924,32.6733
4524,302,133,68,101,22.5166,33.4437
4525,302,134,70,98,23.1788,32.4503
4526,302,137,72,93,23.8411,30.7947
4527,300,133,75,92,25.0000,30.6667
4528,299,129,76,94,25.4181,31.4381
4529,300,127,77,96,25.6667,32.0000
4530,300,123,81,96,27.0000,32.0000
4531,299,118,85,96,28.4281,32.1070
4532,300,119,85,96,28.3333,32.0000
4533,300,119,85,96,28.3333,32.0000
4534,299,115,91,93,30.4348,31.1037
4535,302,119,92,91,30.4636,30.1325
4536,300,120,87,93,29.0000,31.0000
4537,299,121,86,92,28.7625,30.7692
4538,303,124,86,93,28.3828,30.6931
4539,303,120,85,98,28.0528,32.3432
4540,302,123,80,99,26.4901,32.7815
4541,301,123,79,99,26.2458,32.8904
4542,301,120,82,99,27.2425,32.8904
4543,300,119,83,98,27.6667,32.6667
4544,297,113,85,99,28.6195,33.3333
4545,298,111,85,102,28.5235,34.2282
4546,298,107,89,102,29.8658,34.2282
4547,298,103,90,105,30.2013,35.2349
4548,298,102,88,108,29.5302,36.2416
4549,298,101,86,111,28.8591,37.2483
4550,301,104,85,112,28.2392,37.2093
4551,300,103,84,113,28.0000,37.6667
4552,297,97,84,116,28.2828,39.0572
4553,304,100,87,117,28.6184,38.4868
4554,303,98,89,116,29.3729,38.2838
4555,301,97,78,126,25.9136,41.8605
4556,300,94,80,126,26.6667,42.0000
4557,299,95,79,125,26.4214,41.8060
4558,300,98,78,124,26.0000,41.3333
4559,300,98,77,125,25.6667,41.6667
4560,299,94,76,129,25.4181,43.1438
4561,302,95,76,131,25.1656,43.3775
4562,302,94,77,131,25.4967,43.3775
4563,301,93,78,130,25.9136,43.1894
4564,300,91,76,133,25.3333,44.3333
4565,300,87,77,136,25.6667,45.3333
4566,297,85,74,138,24.9158,46.4646
4567,298,88,70,140,23.4899,46.9799
4568,296,89,63,144,21.2838,48.6486
4569,302,98,64,140,21.1921,46.3576
4570,302,95,64,143,21.1921,47.3510
4571,302,90,66,146,21.8543,48.3444
4572,300,85,65,150,21.6667,50.0000
4573,298,83,63,152,21.1409,51.0067
4574,300,85,61,154,20.3333,51.3333
4575,299,85,61,153,20.4013,51.1706
4576,303,91,63,149,20.7921,49.1749
4577,302,89,63,150,20.8609,49.6689
4578,302,89,61,152,20.1987,50.3311
4579,301,89,60,152,19.9336,50.4983
4580,301,90,61,150,20.2658,49.8339
4581,300,88,63,149,21.0000,49.6667
4582,298,88,62,148,20.8054,49.6644
4583,297,88,59,150,19.8653,50.5051
4584,299,88,59,152,19.7324,50.8361
4585,300,89,56,155,18.6667,51.6667
4586,299,86,57,156,19.0635,52.1739
4587,301,90,57,154,18.9369,51.1628
4588,301,96,56,149,18.6047,49.5017
4589,301,96,59,146,19.6013,48.5050
4590,299,97,57,145,19.0635,48.4950
4591,300,102,55,143,18.3333,47.6667
4592,298,106,50,142,16.7785,47.6510
4593,304,112,50,142,16.4474,46.7105
4594,303,109,52,142,17.1617,46.8647
4595,302,105,54,143,17.8808,47.3510
4596,302,102,56,144,18.5430,47.6821
4597,302,106,52,144,17.2185,47.6821
4598,302,105,53,144,17.5497,47.6821
4599,301,107,52,142,17.2757,47.1761
4600,300,108,54,138,18.0000,46.0000
4601,300,110,56,134,18.6667,44.6667
4602,298,112,52,134,17.4497,44.9664
4603,299,115,53,131,17.7258,43.8127
4604,301,118,55,128,18.2724,42.5249
4605,301,117,52,132,17.2757,43.8538
4606,299,111,55,133,18.3946,44.4816
4607,303,122,55,126,18.1518,41.5842
4608,303,121,58,124,19.1419,40.9241
4609,303,119,60,124,19.8020,40.9241
4610,303,122,58,123,19.1419,40.5941
4611,303,118,62,123,20.4620,40.5941
4612,302,118,64,120,21.1921,39.7351
4613,301,112,69,120,22.9236,39.8671
4614,301,113,68,120,22.5914,39.8671
4615,300,110,70,120,23.3333,40.0000
4616,300,108,69,123,23.0000,41.0000
4617,299,109,70,120,23.4114,40.1338
4618,300,110,73,117,24.3333,39.0000
4619,299,107,77,115,25.7525,38.4615
4620,304,116,76,112,25.0000,36.8421
4621,304,114,76,114,25.0000,37.5000
4622,303,115,75,113,24.7525,37.2937
4623,303,115,78,110,25.7426,36.3036
4624,301,112,81,108,26.9103,35.8804
4625,301,114,81,106,26.9103,35.2159
4626,300,113,82,105,27.3333,35.0000
4627,297,108,79,110,26.5993,37.0370
4628,298,108,80,110,26.8456,36.9128
4629,301,110,81,110,26.9103,36.5449
4630,300,109,84,107,28.0000,35.6667
4631,300,105,83,112,27.6667,37.3333
4632,300,103,86,111,28.6667,37.0000
4633,298,102,81,115,27.1812,38.5906
4634,299,101,81,117,27.0903,39.1304
4635,302,105,79,118,26.1589,39.0728
4636,300,105,77,118,25.6667,39.3333
4637,299,108,75,116,25.0836,38.7960
4638,304,115,73,116,24.0132,38.1579
4639,303,111,71,121,23.4323,39.9340
4640,302,108,72,122,23.8411,40.3974
4641,302,106,74,122,24.5033,40.3974
4642,301,106,71,124,23.5880,41.1960
4643,299,105,70,124,23.4114,41.4716
4644,302,115,67,120,22.1854,39.7351
4645,302,115,66,121,21.8543,40.0662
4646,302,111,68,123,22.5166,40.7285
4647,300,110,67,123,22.3333,41.0000
4648,298,110,64,124,21.4765,41.6107
4649,298,111,65,122,21.8121,40.9396
4650,297,106,66,125,22.2222,42.0875
4651,298,107,64,127,21.4765,42.6174
4652,299,109,60,130,20.0669,43.4783
4653,299,108,60,131,20.0669,43.8127
4654,299,107,63,129,21.0702,43.1438
4655,300,109,61,130,20.3333,43.3333
4656,300,109,58,133,19.3333,44.3333
4657,300,107,63,130,21.0000,43.3333
4658,299,106,63,130,21.0702,43.4783
4659,301,108,65,128,21.5947,42.5249
4660,301,106,62,133,20.5980,44.1860
4661,301,105,63,133,20.9302,44.1860
4662,301,106,60,135,19.9336,44.8505
4663,301,105,62,134,20.5980,44.5183
4664,300,105,59,136,19.6667,45.3333
4665,300,105,58,137,19.3333,45.6667
4666,298,105,57,136,19.1275,45.6376
4667,299,104,60,135,20.0669,45.1505
4668,303,111,61,131,20.1320,43.2343
4669,301,109,58,134,19.2691,44.5183
4670,300,105,60,135,20.0000,45.0000
4671,299,106,55,138,18.3946,46.1538
4672,303,110,57,136,18.8119,44.8845
4673,302,112,56,134,18.5430,44.3709
4674,300,111,52,137,17.3333,45.6667
4675,300,110,53,137,17.6667,45.6667
4676,300,111,54,135,18.0000,45.0000
4677,300,110,53,137,17.6667,45.6667
4678,299,110,50,139,16.7224,46.4883
4679,303,116,51,136,16.8317,44.8845
4680,300,115,49,136,16.3333,45.3333
4681,299,115,48,136,16.0535,45.4849
4682,304,120,47,137,15.4605,45.0658
4683,303,123,48,132,15.8416,43.5644
4684,303,122,47,134,15.5116,44.2244
4685,303,129,44,130,14.5215,42.9043
4686,303,131,44,128,14.5215,42.2442
4687,302,129,45,128,14.9007,42.3841
4688,301,131,42,128,13.9535,42.5249
4689,300,128,45,127,15.0000,42.3333
4690,298,128,42,128,14.0940,42.9530
4691,302,130,48,124,15.8940,41.0596
4692,301,128,50,123,16.6113,40.8638
4693,301,127,52,122,17.2757,40.5316
4694,300,128,52,120,17.3333,40.0000
4695,299,130,49,120,16.3880,40.1338
4696,299,128,52,119,17.3913,39.7993
4697,299,127,55,117,18.3946,39.1304
4698,301,130,57,114,18.9369,37.8738
4699,300,123,61,116,20.3333,38.6667
4700,299,124,61,114,20.4013,38.1271
4701,301,130,58,113,19.2691,37.5415
4702,301,129,63,109,20.9302,36.2126
4703,300,129,64,107,21.3333,35.6667
4704,300,131,65,104,21.6667,34.6667
4705,300,129,69,102,23.0000,34.0000
4706,300,124,74,102,24.6667,34.0000
4707,299,120,75,104,25.0836,34.7826
4708,301,127,73,101,24.2525,33.5548
4709,301,124,75,102,24.9169,33.8870
4710,299,122,74,103,24.7492,34.4482
4711,301,125,72,104,23.9203,34.5515
4712,301,126,71,104,23.5880,34.5515
4713,300,122,74,104,24.6667,34.6667
4714,299,122,76,101,25.4181,33.7793
4715,299,121,78,100,26.0870,33.4448
4716,301,125,76,100,25.2492,33.2226
4717,300,125,76,99,25.3333,33.0000
4718,299,120,77,102,25.7525,34.1137
4719,298,115,82,101,27.5168,33.8926
4720,299,117,77,105,25.7525,35.1171
4721,299,118,79,102,26.4214,34.1137
4722,303,121,81,101,26.7327,33.3333
4723,302,120,82,100,27.1523,33.1126
4724,302,118,81,103,26.8212,34.1060
4725,301,117,80,104,26.5781,34.5515
4726,300,117,79,104,26.3333,34.6667
4727,298,114,75,109,25.1678,36.5772
4728,299,109,80,110,26.7559,36.7893
4729,301,112,79,110,26.2458,36.5449
4730,301,115,78,108,25.9136,35.8804
4731,301,112,81,108,26.9103,35.8804
4732,301,110,82,109,27.2425,36.2126
4733,301,104,85,112,28.2392,37.2093
4734,301,103,83,115,27.5748,38.2060
4735,299,101,81,117,27.0903,39.1304
4736,299,99,83,117,27.7592,39.1304
4737,303,107,80,116,26.4026,38.2838
4738,302,99,83,120,27.4834,39.7351
4739,302,100,84,118,27.8146,39.0728
4740,301,97,83,121,27.5748,40.1993
4741,300,93,86,121,28.6667,40.3333
4742,300,92,87,121,29.0000,40.3333
4743,298,88,87,123,29.1946,41.2752
4744,297,86,87,124,29.2929,41.7508
4745,300,87,88,125,29.3333,41.6667
4746,299,84,87,128,29.0970,42.8094
4747,300,88,82,130,27.3333,43.3333
4748,299,87,81,131,27.0903,43.8127
4749,299,86,81,132,27.0903,44.1472
4750,304,87,84,133,27.6316,43.7500
4751,303,87,83,133,27.3927,43.8944
4752,302,82,86,134,28.4768,44.3709
4753,300,80,85,135,28.3333,45.0000
4754,300,76,82,142,27.3333,47.3333
4755,298,75,82,141,27.5168,47.3154
4756,298,75,80,143,26.8456,47.9866
4757,301,71,85,145,28.2392,48.1728
4758,300,69,85,146,28.3333,48.6667
4759,299,73,78,148,26.0870,49.4983
4760,298,75,72,151,24.1611,50.6711
4761,298,76,71,151,23.8255,50.6711
4762,302,78,69,155,22.8477,51.3245
4763,302,75,72,155,23.8411,51.3245
4764,300,76,71,153,23.6667,51.0000
4765,299,73,71,155,23.7458,51.8395
4766,301,72,73,156,24.2525,51.8272
4767,301,71,71,159,23.5880,52.8239
4768,301,72,72,157,23.9203,52.1595
4769,300,72,72,156,24.0000,52.0000
4770,299,77,66,156,22.0736,52.1739
4771,301,81,63,157,20.9302,52.1595
4772,299,86,60,153,20.0669,51.1706
4773,302,86,59,157,19.5364,51.9868
4774,301,86,56,159,18.6047,52.8239
4775,298,89,52,157,17.4497,52.6846
4776,299,91,52,156,17.3913,52.1739
4777,300,91,52,157,17.3333,52.3333
4778,299,93,51,155,17.0569,51.8395
4779,300,101,49,150,16.3333,50.0000
4780,300,101,50,149,16.6667,49.6667
4781,299,98,53,148,17.7258,49.4983
4782,300,95,56,149,18.6667,49.6667
4783,300,91,60,149,20.0000,49.6667
4784,299,94,54,151,18.0602,50.5017
4785,298,99,51,148,17.1141,49.6644
4786,297,106,45,146,15.1515,49.1582
4787,301,114,44,143,14.6179,47.5083
4788,301,110,48,143,15.9468,47.5083
4789,300,106,52,142,17.3333,47.3333
4790,299,108,54,137,18.0602,45.8194
4791,303,111,56,136,18.4818,44.8845
4792,303,116,57,130,18.8119,42.9043
4793,303,112,61,130,20.1320,42.9043
4794,302,114,58,130,19.2053,43.0464
4795,302,111,64,127,21.1921,42.0530
4796,302,111,64,127,21.1921,42.0530
4797,302,109,65,128,21.5232,42.3841
4798,299,111,59,129,19.7324,43.1438
4799,301,115,62,124,20.5980,41.1960
4800,301,114,64,123,21.2625,40.8638
4801,300,114,62,124,20.6667,41.3333
4802,298,115,57,126,19.1275,42.2819
4803,300,119,53,128,17.6667,42.6667
4804,299,118,54,127,18.0602,42.4749
4805,299,121,53,125,17.7258,41.8060
4806,299,126,55,118,18.3946,39.4649
4807,299,121,60,118,20.0669,39.4649
4808,301,120,62,119,20.5980,39.5349
4809,300,117,64,119,21.3333,39.6667
4810,299,112,66,121,22.0736,40.4682
4811,303,119,67,117,22.1122,38.6139
4812,303,118,70,115,23.1023,37.9538
4813,303,117,73,113,24.0924,37.2937
4814,303,120,71,112,23.4323,36.9637
4815,301,116,71,114,23.5880,37.8738
4816,301,115,74,112,24.5847,37.2093
4817,300,117,73,110,24.3333,36.6667
4818,299,114,76,109,25.4181,36.4548
4819,302,119,73,110,24.1722,36.4238
4820,302,116,75,111,24.8344,36.7550
4821,302,117,72,113,23.8411,37.4172
4822,302,118,75,109,24.8344,36.0927
4823,302,117,77,108,25.4967,35.7616
4824,301,111,81,109,26.9103,36.2126
4825,301,113,82,106,27.2425,35.2159
4826,300,112,84,104,28.0000,34.6667
4827,298,107,86,105,28.8591,35.2349
4828,301,106,86,109,28.5714,36.2126
4829,300,105,86,109,28.6667,36.3333
4830,299,106,82,111,27.4247,37.1237
4831,300,106,82,112,27.3333,37.3333
4832,299,102,81,116,27.0903,38.7960
4833,301,104,78,119,25.9136,39.5349
4834,301,104,80,117,26.5781,38.8704
4835,299,101,80,118,26.7559,39.4649
4836,302,106,79,117,26.1589,38.7417
4837,300,107,75,118,25.0000,39.3333
4838,300,106,75,119,25.0000,39.6667
4839,298,102,75,121,25.1678,40.6040
4840,297,104,74,119,24.9158,40.0673
4841,300,106,73,121,24.3333,40.3333
4842,299,101,76,122,25.4181,40.8027
4843,298,102,72,124,24.1611,41.6107
4844,298,98,71,129,23.8255,43.2886
4845,299,99,69,131,23.0769,43.8127
4846,300,102,68,130,22.6667,43.3333
4847,300,96,71,133,23.6667,44.3333
4848,297,95,66,136,22.2222,45.7912
4849,298,99,60,139,20.1342,46.6443
4850,300,103,61,136,20.3333,45.3333
4851,300,99,60,141,20.0000,47.0000
4852,298,97,59,142,19.7987,47.6510
4853,301,101,60,140,19.9336,46.5116
4854,300,103,59,138,19.6667,46.0000
4855,299,105,57,137,19.0635,45.8194
4856,301,107,55,139,18.2724,46.1794
4857,301,106,56,139,18.6047,46.1794
4858,301,104,56,141,18.6047,46.8439
4859,301,102,55,144,18.2724,47.8405
4860,299,105,53,141,17.7258,47.1572
4861,301,109,52,140,17.2757,46.5116
4862,301,110,53,138,17.6080,45.8472
4863,301,111,51,139,16.9435,46.1794
4864,301,110,52,139,17.2757,46.1794
4865,301,107,53,141,17.6080,46.8439
4866,300,108,54,138,18.0000,46.0000
4867,300,112,51,137,17.0000,45.6667
4868,298,111,48,139,16.1074,46.6443
4869,298,110,50,138,16.7785,46.3087
4870,300,111,52,137,17.3333,45.6667
4871,300,111,52,137,17.3333,45.6667
4872,299,111,50,138,16.7224,46.1538
4873,298,112,48,138,16.1074,46.3087
4874,300,114,47,139,15.6667,46.3333
4875,299,112,49,138,16.3880,46.1538
4876,298,111,51,136,17.1141,45.6376
4877,303,113,53,137,17.4917,45.2145
4878,302,110,53,139,17.5497,46.0265
4879,302,110,54,138,17.8808,45.6954
4880,302,115,54,133,17.8808,44.0397
4881,302,117,54,131,17.8808,43.3775
4882,301,122,52,127,17.2757,42.1927
4883,301,123,50,128,16.6113,42.5249
4884,301,124,52,125,17.2757,41.5282
4885,301,125,51,125,16.9435,41.5282
4886,301,121,51,129,16.9435,42.8571
4887,301,119,56,126,18.6047,41.8605
4888,301,121,56,124,18.6047,41.1960
4889,300,119,59,122,19.6667,40.6667
4890,298,119,58,121,19.4631,40.6040
4891,300,121,58,121,19.3333,40.3333
4892,299,119,55,125,18.3946,41.8060
4893,301,123,55,123,18.2724,40.8638
4894,301,121,56,124,18.6047,41.1960
4895,300,121,58,121,19.3333,40.3333
4896,300,123,58,119,19.3333,39.6667
4897,299,119,60,120,20.0669,40.1338
4898,300,123,56,121,18.6667,40.3333
4899,300,123,57,120,19.0000,40.0000
4900,300,125,59,116,19.6667,38.6667
4901,300,124,64,112,21.3333,37.3333
4902,299,119,69,111,23.0769,37.1237
4903,303,129,68,106,22.4422,34.9835
4904,302,129,69,104,22.8477,34.4371
4905,301,128,69,104,22.9236,34.5515
4906,299,126,67,106,22.4080,35.4515
4907,299,130,63,106,21.0702,35.4515
4908,300,131,64,105,21.3333,35.0000
4909,298,130,61,107,20.4698,35.9060
4910,302,132,61,109,20.1987,36.0927
4911,302,129,67,106,22.1854,35.0993
4912,302,122,73,107,24.1722,35.4305
4913,301,121,74,106,24.5847,35.2159
4914,300,118,76,106,25.3333,35.3333
4915,298,116,78,104,26.1745,34.8993
4916,299,115,81,103,27.0903,34.4482
4917,298,111,85,102,28.5235,34.2282
4918,297,111,82,104,27.6094,35.0168
4919,299,116,81,102,27.0903,34.1137
4920,300,116,82,102,27.3333,34.0000
4921,297,114,79,104,26.5993,35.0168
4922,296,108,80,108,27.0270,36.4865
4923,297,109,81,107,27.2727,36.0269
4924,297,111,81,105,27.2727,35.3535
4925,297,109,83,105,27.9461,35.3535
4926,299,108,86,105,28.7625,35.1171
4927,300,104,91,105,30.3333,35.0000
4928,299,99,95,105,31.7726,35.1171
4929,299,99,95,105,31.7726,35.1171
4930,299,94,101,104,33.7793,34.7826
4931,301,91,102,108,33.8870,35.8804
4932,297,84,102,111,34.3434,37.3737
4933,299,87,98,114,32.7759,38.1271
4934,300,88,97,115,32.3333,38.3333
4935,299,88,95,116,31.7726,38.7960
4936,301,85,98,118,32.5581,39.2027
4937,297,86,94,117,31.6498,39.3939
4938,297,91,90,116,30.3030,39.0572
4939,301,91,93,117,30.8970,38.8704
4940,300,86,99,115,33.0000,38.3333
4941,299,81,102,116,34.1137,38.7960
4942,300,82,99,119,33.0000,39.6667
4943,297,80,97,120,32.6599,40.4040
4944,298,85,95,118,31.8792,39.5973
4945,297,84,94,119,31.6498,40.0673
4946,297,84,93,120,31.3131,40.4040
4947,295,80,94,121,31.8644,41.0169
4948,293,82,88,123,30.0341,41.9795
4949,294,85,86,123,29.2517,41.8367
4950,292,87,82,123,28.0822,42.1233
4951,293,90,75,128,25.5973,43.6860
4952,298,94,69,135,23.1544,45.3020
4953,300,94,69,137,23.0000,45.6667
4954,300,88,73,139,24.3333,46.3333
4955,298,85,72,141,24.1611,47.3154
4956,299,84,71,144,23.7458,48.1605
4957,297,83,70,144,23.5690,48.4848
4958,295,84,67,144,22.7119,48.8136
4959,298,89,69,140,23.1544,46.9799
4960,298,90,64,144,21.4765,48.3221
4961,302,96,60,146,19.8675,48.3444
4962,301,98,57,146,18.9369,48.5050
4963,301,96,55,150,18.2724,49.8339
4964,300,98,53,149,17.6667,49.6667
4965,300,97,53,150,17.6667,50.0000
4966,300,99,49,152,16.3333,50.6667
4967,298,100,45,153,15.1007,51.3423
4968,298,100,43,155,14.4295,52.0134
4969,302,101,46,155,15.2318,51.3245
4970,302,101,49,152,16.2252,50.3311
4971,302,99,51,152,16.8874,50.3311
4972,301,99,52,150,17.2757,49.8339
4973,301,100,52,149,17.2757,49.5017
4974,299,103,48,148,16.0535,49.4983
4975,302,109,43,150,14.2384,49.6689
4976,302,108,44,150,14.5695,49.6689
4977,301,109,40,152,13.2890,50.4983
4978,300,110,39,151,13.0000,50.3333
4979,300,108,41,151,13.6667,50.3333
4980,300,108,39,153,13.0000,51.0000
4981,300,110,36,154,12.0000,51.3333
4982,300,110,37,153,12.3333,51.0000
4983,300,110,39,151,13.0000,50.3333
4984,300,110,43,147,14.3333,49.0000
4985,300,109,48,143,16.0000,47.6667
4986,300,111,47,142,15.6667,47.3333
4987,300,113,49,138,16.3333,46.0000
4988,300,114,51,135,17.0000,45.0000
4989,299,115,49,135,16.3880,45.1505
4990,301,118,49,134,16.2791,44.5183
4991,300,115,49,136,16.3333,45.3333
4992,300,113,49,138,16.3333,46.0000
4993,298,114,47,137,15.7718,45.9732
4994,301,118,49,134,16.2791,44.5183
4995,301,117,52,132,17.2757,43.8538
4996,301,116,54,131,17.9402,43.5216
4997,301,115,55,131,18.2724,43.5216
4998,300,116,55,129,18.3333,43.0000
4999,299,114,56,129,18.7291,43.1438
5000,301,117,60,124,19.9336,41.1960
5001,301,113,67,121,22.2591,40.1993
5002,300,112,70,118,23.3333,39.3333
5003,300,118,68,114,22.6667,38.0000
5004,298,121,69,108,23.1544,36.2416
5005,300,124,66,110,22.0000,36.6667
5006,300,125,65,110,21.6667,36.6667
5007,300,120,70,110,23.3333,36.6667
5008,300,122,70,108,23.3333,36.0000
5009,299,122,69,108,23.0769,36.1204
5010,302,120,74,108,24.5033,35.7616
5011,300,116,72,112,24.0000,37.3333
5012,297,116,75,106,25.2525,35.6902
5013,298,120,76,102,25.5034,34.2282
5014,298,121,79,98,26.5101,32.8859
5015,299,125,77,97,25.7525,32.4415
5016,302,127,76,99,25.1656,32.7815
5017,301,126,75,100,24.9169,33.2226
5018,301,126,78,97,25.9136,32.2259
5019,299,123,79,97,26.4214,32.4415
5020,301,121,84,96,27.9070,31.8937
5021,300,121,79,100,26.3333,33.3333
5022,298,113,80,105,26.8456,35.2349
5023,302,113,84,105,27.8146,34.7682
5024,301,113,80,108,26.5781,35.8804
5025,301,111,83,107,27.5748,35.5482
5026,301,113,82,106,27.2425,35.2159
5027,299,114,82,103,27.4247,34.4482
5028,301,114,81,106,26.9103,35.2159
5029,300,116,81,103,27.0000,34.3333
5030,300,115,78,107,26.0000,35.6667
5031,300,113,75,112,25.0000,37.3333
5032,299,112,74,113,24.7492,37.7926
5033,301,112,76,113,25.2492,37.5415
5034,301,107,80,114,26.5781,37.8738
5035,301,103,82,116,27.2425,38.5382
5036,300,95,88,117,29.3333,39.0000
5037,298,90,89,119,29.8658,39.9329
5038,300,88,93,119,31.0000,39.6667
5039,300,86,91,123,30.3333,41.0000
5040,299,82,88,129,29.4314,43.1438
5041,299,84,87,128,29.0970,42.8094
5042,301,86,87,128,28.9037,42.5249
5043,301,85,80,136,26.5781,45.1827
5044,301,86,79,136,26.2458,45.1827
5045,301,85,79,137,26.2458,45.5150
5046,300,83,80,137,26.6667,45.6667
5047,300,81,81,138,27.0000,46.0000
5048,300,78,81,141,27.0000,47.0000
5049,299,78,82,139,27.4247,46.4883
5050,299,75,84,140,28.0936,46.8227
5051,299,75,82,142,27.4247,47.4916
5052,303,79,81,143,26.7327,47.1947
5053,302,75,81,146,26.8212,48.3444
5054,300,74,76,150,25.3333,50.0000
5055,298,73,72,153,24.1611,51.3423
5056,302,78,68,156,22.5166,51.6556
5057,300,82,61,157,20.3333,52.3333
5058,299,85,55,159,18.3946,53.1773
5059,302,87,55,160,18.2119,52.9801
5060,300,88,52,160,17.3333,53.3333
5061,299,87,53,159,17.7258,53.1773
5062,302,93,50,159,16.5563,52.6490
5063,302,96,48,158,15.8940,52.3179
5064,301,92,50,159,16.6113,52.8239
5065,300,93,47,160,15.6667,53.3333
5066,300,92,47,161,15.6667,53.6667
5067,299,91,47,161,15.7191,53.8462
5068,300,92,45,163,15.0000,54.3333
5069,300,91,49,160,16.3333,53.3333
5070,299,87,50,162,16.7224,54.1806
5071,301,91,47,163,15.6146,54.1528
5072,301,88,50,163,16.6113,54.1528
5073,301,91,51,159,16.9435,52.8239
5074,301,96,49,156,16.2791,51.8272
5075,300,94,49,157,16.3333,52.3333
5076,298,94,49,155,16.4430,52.0134
5077,299,95,49,155,16.3880,51.8395
5078,300,97,50,153,16.6667,51.0000
5079,298,96,50,152,16.7785,51.0067
5080,300,101,51,148,17.0000,49.3333
5081,300,101,52,147,17.3333,49.0000
5082,299,105,51,143,17.0569,47.8261
5083,300,107,54,139,18.0000,46.3333
5084,299,108,53,138,17.7258,46.1538
5085,301,113,53,135,17.6080,44.8505
5086,300,113,54,133,18.0000,44.3333
5087,300,115,53,132,17.6667,44.0000
5088,299,114,53,132,17.7258,44.1472
5089,298,114,51,133,17.1141,44.6309
5090,300,116,50,134,16.6667,44.6667
5091,300,117,49,134,16.3333,44.6667
5092,300,119,51,130,17.0000,43.3333
5093,298,120,49,129,16.4430,43.2886
5094,299,123,48,128,16.0535,42.8094
5095,301,134,48,119,15.9468,39.5349
5096,301,134,48,119,15.9468,39.5349
5097,300,134,46,120,15.3333,40.0000
5098,300,132,50,118,16.6667,39.3333
5099,297,133,47,117,15.8249,39.3939
5100,303,139,49,115,16.1716,37.9538
5101,303,137,51,115,16.8317,37.9538
5102,302,137,51,114,16.8874,37.7483
5103,301,139,49,113,16.2791,37.5415
5104,301,135,52,114,17.2757,37.8738
5105,301,131,57,113,18.9369,37.5415
5106,301,131,59,111,19.6013,36.8771
5107,301,135,58,108,19.2691,35.8804
5108,301,137,59,105,19.6013,34.8837
5109,300,142,58,100,19.3333,33.3333
5110,300,143,58,99,19.3333,33.0000
5111,300,141,62,97,20.6667,32.3333
5112,299,139,61,99,20.4013,33.1104
5113,297,137,61,99,20.5387,33.3333
5114,299,136,65,98,21.7391,32.7759
5115,301,137,69,95,22.9236,31.5615
5116,301,133,72,96,23.9203,31.8937
5117,301,130,75,96,24.9169,31.8937
5118,299,124,78,97,26.0870,32.4415
5119,300,121,84,95,28.0000,31.6667
5120,299,117,89,93,29.7659,31.1037
5121,303,116,91,96,30.0330,31.6832
5122,303,110,99,94,32.6733,31.0231
5123,303,111,99,93,32.6733,30.6931
5124,303,110,101,92,33.3333,30.3630
5125,303,106,101,96,33.3333,31.6832
5126,302,106,96,100,31.7881,33.1126
5127,301,102,98,101,32.5581,33.5548
5128,301,99,102,100,33.8870,33.2226
5129,300,95,104,101,34.6667,33.6667
5130,300,91,106,103,35.3333,34.3333
5131,299,88,104,107,34.7826,35.7860
5132,299,87,104,108,34.7826,36.1204
5133,300,87,102,111,34.0000,37.0000
5134,298,83,103,112,34.5638,37.5839
5135,299,81,102,116,34.1137,38.7960
5136,299,78,104,117,34.7826,39.1304
5137,301,80,99,122,32.8904,40.5316
5138,301,76,101,124,33.5548,41.1960
5139,299,76,96,127,32.1070,42.4749
5140,296,76,87,133,29.3919,44.9324
5141,295,76,85,134,28.8136,45.4237
5142,297,79,78,140,26.2626,47.1380
5143,301,84,77,140,25.5814,46.5116
5144,300,82,79,139,26.3333,46.3333
5145,299,80,78,141,26.0870,47.1572
5146,298,82,74,142,24.8322,47.6510
5147,298,83,73,142,24.4966,47.6510
5148,299,87,67,145,22.4080,48.4950
5149,300,90,65,145,21.6667,48.3333
5150,299,85,67,147,22.4080,49.1639
5151,297,86,62,149,20.8754,50.1684
5152,302,92,61,149,20.1987,49.3377
5153,302,89,62,151,20.5298,50.0000
5154,301,83,66,152,21.9269,50.4983
5155,300,85,60,155,20.0000,51.6667
5156,299,86,56,157,18.7291,52.5084
5157,300,89,52,159,17.3333,53.0000
5158,298,90,50,158,16.7785,53.0201
5159,298,91,48,159,16.1074,53.3557
5160,299,93,48,158,16.0535,52.8428
5161,300,94,46,160,15.3333,53.3333
5162,300,97,46,157,15.3333,52.3333
5163,299,97,42,160,14.0468,53.5117
5164,301,100,42,159,13.9535,52.8239
5165,300,100,39,161,13.0000,53.6667
5166,299,100,39,160,13.0435,53.5117
5167,299,101,38,160,12.7090,53.5117
5168,299,102,39,158,13.0435,52.8428
5169,300,105,39,156,13.0000,52.0000
5170,300,103,39,158,13.0000,52.6667
5171,300,103,36,161,12.0000,53.6667
5172,299,104,36,159,12.0401,53.1773
5173,302,108,36,158,11.9205,52.3179
5174,301,108,34,159,11.2957,52.8239
5175,300,109,29,162,9.6667,54.0000
5176,300,110,28,162,9.3333,54.0000
5177,300,116,28,156,9.3333,52.0000
5178,300,122,28,150,9.3333,50.0000
5179,299,124,26,149,8.6957,49.8328
5180,299,123,28,148,9.3645,49.4983
5181,301,126,27,148,8.9701,49.1694
5182,301,127,28,146,9.3023,48.5050
5183,301,129,30,142,9.9668,47.1761
5184,301,129,29,143,9.6346,47.5083
5185,300,131,30,139,10.0000,46.3333
5186,300,131,29,140,9.6667,46.6667
5187,300,135,29,136,9.6667,45.3333
5188,299,137,28,134,9.3645,44.8161
5189,303,145,29,129,9.5710,42.5743
5190,302,143,30,129,9.9338,42.7152
5191,301,147,32,122,10.6312,40.5316
5192,300,154,30,116,10.0000,38.6667
5193,300,154,31,115,10.3333,38.3333
5194,300,162,31,107,10.3333,35.6667
5195,300,162,35,103,11.6667,34.3333
5196,300,158,39,103,13.0000,34.3333
5197,300,158,43,99,14.3333,33.0000
5198,300,160,43,97,14.3333,32.3333
5199,300,162,43,95,14.3333,31.6667
5200,299,163,45,91,15.0502,30.4348
