tick,total,susceptible,infected,immune,pct_infected,pct_immune
0,150,140,10,0,6.6667,0.0000
1,154,144,10,0,6.4935,0.0000
2,156,146,10,0,6.4103,0.0000
3,157,147,10,0,6.3694,0.0000
4,159,149,10,0,6.2893,0.0000
5,161,151,10,0,6.2112,0.0000
6,161,151,10,0,6.2112,0.0000
7,164,154,10,0,6.0976,0.0000
8,166,156,10,0,6.0241,0.0000
9,167,157,10,0,5.9880,0.0000
10,168,158,10,0,5.9524,0.0000
11,171,161,10,0,5.8480,0.0000
12,171,161,10,0,5.8480,0.0000
13,175,164,11,0,6.2857,0.0000
14,177,166,11,0,6.2147,0.0000
15,180,169,11,0,6.1111,0.0000
16,184,173,11,0,5.9783,0.0000
17,184,173,11,0,5.9783,0.0000
18,187,175,12,0,6.4171,0.0000
19,188,176,12,0,6.3830,0.0000
20,189,177,12,0,6.3492,0.0000
21,191,179,12,0,6.2827,0.0000
22,196,184,12,0,6.1224,0.0000
23,196,184,12,0,6.1224,0.0000
24,199,187,12,0,6.0302,0.0000
25,201,189,12,0,5.9701,0.0000
26,203,191,12,0,5.9113,0.0000
27,203,190,13,0,6.4039,0.0000
28,206,193,13,0,6.3107,0.0000
29,209,196,13,0,6.2201,0.0000
30,213,200,13,0,6.1033,0.0000
31,214,201,13,0,6.0748,0.0000
32,216,203,13,0,6.0185,0.0000
33,217,203,14,0,6.4516,0.0000
34,220,206,14,0,6.3636,0.0000
35,222,208,14,0,6.3063,0.0000
36,224,210,14,0,6.2500,0.0000
37,224,210,14,0,6.2500,0.0000
38,225,211,14,0,6.2222,0.0000
39,227,213,14,0,6.1674,0.0000
40,231,217,14,0,6.0606,0.0000
41,235,221,14,0,5.9574,0.0000
42,235,221,14,0,5.9574,0.0000
43,236,221,15,0,6.3559,0.0000
44,237,222,15,0,6.3291,0.0000
45,239,224,15,0,6.2762,0.0000
46,242,227,15,0,6.1983,0.0000
47,247,232,15,0,6.0729,0.0000
48,252,237,15,0,5.9524,0.0000
49,255,240,15,0,5.8824,0.0000
50,256,241,15,0,5.8594,0.0000
51,258,242,16,0,6.2016,0.0000
52,260,244,16,0,6.1538,0.0000
53,264,248,16,0,6.0606,0.0000
54,271,255,16,0,5.9041,0.0000
55,277,261,16,0,5.7762,0.0000
56,280,264,16,0,5.7143,0.0000
57,285,269,16,0,5.6140,0.0000
58,291,275,16,0,5.4983,0.0000
59,293,277,16,0,5.4608,0.0000
60,294,277,17,0,5.7823,0.0000
61,296,278,18,0,6.0811,0.0000
62,297,279,18,0,6.0606,0.0000
63,302,284,18,0,5.9603,0.0000
64,302,284,18,0,5.9603,0.0000
65,302,284,18,0,5.9603,0.0000
66,302,284,18,0,5.9603,0.0000
67,302,284,18,0,5.9603,0.0000
68,302,283,19,0,6.2914,0.0000
69,302,283,19,0,6.2914,0.0000
70,302,283,19,0,6.2914,0.0000
71,302,283,19,0,6.2914,0.0000
72,302,283,19,0,6.2914,0.0000
73,302,282,20,0,6.6225,0.0000
74,302,281,21,0,6.9536,0.0000
75,302,281,21,0,6.9536,0.0000
76,302,281,21,0,6.9536,0.0000
77,302,281,21,0,6.9536,0.0000
78,302,281,21,0,6.9536,0.0000
79,302,281,21,0,6.9536,0.0000
80,302,281,21,0,6.9536,0.0000
81,302,279,23,0,7.6159,0.0000
82,302,279,23,0,7.6159,0.0000
83,301,278,23,0,7.6412,0.0000
84,301,277,24,0,7.9734,0.0000
85,301,277,24,0,7.9734,0.0000
86,301,277,24,0,7.9734,0.0000
87,301,277,24,0,7.9734,0.0000
88,301,277,24,0,7.9734,0.0000
89,301,277,24,0,7.9734,0.0000
90,301,277,24,0,7.9734,0.0000
91,301,277,24,0,7.9734,0.0000
92,301,277,24,0,7.9734,0.0000
93,300,276,24,0,8.0000,0.0000
94,300,276,24,0,8.0000,0.0000
95,300,276,24,0,8.0000,0.0000
96,300,276,24,0,8.0000,0.0000
97,300,276,24,0,8.0000,0.0000
98,300,276,24,0,8.0000,0.0000
99,300,275,25,0,8.3333,0.0000
100,300,275,25,0,8.3333,0.0000
101,300,275,25,0,8.3333,0.0000
102,300,274,26,0,8.6667,0.0000
103,300,274,26,0,8.6667,0.0000
104,300,273,27,0,9.0000,0.0000
105,300,273,27,0,9.0000,0.0000
106,300,273,27,0,9.0000,0.0000
107,299,272,27,0,9.0301,0.0000
108,301,274,27,0,8.9701,0.0000
109,301,274,27,0,8.9701,0.0000
110,301,273,28,0,9.3023,0.0000
111,301,273,28,0,9.3023,0.0000
112,301,273,28,0,9.3023,0.0000
113,301,273,28,0,9.3023,0.0000
114,301,273,28,0,9.3023,0.0000
115,301,272,29,0,9.6346,0.0000
116,301,272,29,0,9.6346,0.0000
117,301,272,29,0,9.6346,0.0000
118,301,272,29,0,9.6346,0.0000
119,301,272,29,0,9.6346,0.0000
120,301,271,30,0,9.9668,0.0000
121,301,270,31,0,10.2990,0.0000
122,301,270,31,0,10.2990,0.0000
123,301,270,31,0,10.2990,0.0000
124,301,270,31,0,10.2990,0.0000
125,301,270,31,0,10.2990,0.0000
126,301,270,31,0,10.2990,0.0000
127,301,269,32,0,10.6312,0.0000
128,300,268,32,0,10.6667,0.0000
129,300,268,32,0,10.6667,0.0000
130,300,268,32,0,10.6667,0.0000
131,300,268,32,0,10.6667,0.0000
132,300,268,32,0,10.6667,0.0000
133,300,268,32,0,10.6667,0.0000
134,300,268,32,0,10.6667,0.0000
135,300,268,32,0,10.6667,0.0000
136,300,268,32,0,10.6667,0.0000
137,300,268,32,0,10.6667,0.0000
138,300,268,32,0,10.6667,0.0000
139,300,267,33,0,11.0000,0.0000
140,300,267,33,0,11.0000,0.0000
141,300,267,33,0,11.0000,0.0000
142,300,267,33,0,11.0000,0.0000
143,300,267,33,0,11.0000,0.0000
144,300,266,34,0,11.3333,0.0000
145,300,266,34,0,11.3333,0.0000
146,300,266,34,0,11.3333,0.0000
147,300,265,35,0,11.6667,0.0000
148,300,265,35,0,11.6667,0.0000
149,300,265,35,0,11.6667,0.0000
150,300,265,35,0,11.6667,0.0000
151,300,264,36,0,12.0000,0.0000
152,300,264,36,0,12.0000,0.0000
153,300,264,36,0,12.0000,0.0000
154,300,263,37,0,12.3333,0.0000
155,300,262,38,0,12.6667,0.0000
156,300,262,38,0,12.6667,0.0000
157,300,262,38,0,12.6667,0.0000
158,300,262,38,0,12.6667,0.0000
159,300,262,38,0,12.6667,0.0000
160,300,261,39,0,13.0000,0.0000
161,300,261,39,0,13.0000,0.0000
162,300,261,39,0,13.0000,0.0000
163,300,260,40,0,13.3333,0.0000
164,300,259,41,0,13.6667,0.0000
165,300,259,41,0,13.6667,0.0000
166,300,259,41,0,13.6667,0.0000
167,300,259,41,0,13.6667,0.0000
168,300,259,41,0,13.6667,0.0000
169,300,258,42,0,14.0000,0.0000
170,299,257,42,0,14.0468,0.0000
171,304,261,43,0,14.1447,0.0000
172,304,258,46,0,15.1316,0.0000
173,304,258,46,0,15.1316,0.0000
174,304,257,47,0,15.4605,0.0000
175,304,257,47,0,15.4605,0.0000
176,304,257,47,0,15.4605,0.0000
177,304,257,47,0,15.4605,0.0000
178,304,257,47,0,15.4605,0.0000
179,304,257,47,0,15.4605,0.0000
180,304,257,47,0,15.4605,0.0000
181,304,257,47,0,15.4605,0.0000
182,303,256,47,0,15.5116,0.0000
183,303,255,48,0,15.8416,0.0000
184,303,255,48,0,15.8416,0.0000
185,303,254,49,0,16.1716,0.0000
186,303,254,49,0,16.1716,0.0000
187,303,254,49,0,16.1716,0.0000
188,303,254,49,0,16.1716,0.0000
189,303,254,49,0,16.1716,0.0000
190,303,254,49,0,16.1716,0.0000
191,303,254,49,0,16.1716,0.0000
192,303,254,49,0,16.1716,0.0000
193,303,254,49,0,16.1716,0.0000
194,303,254,49,0,16.1716,0.0000
195,303,254,49,0,16.1716,0.0000
196,303,254,49,0,16.1716,0.0000
197,303,254,49,0,16.1716,0.0000
198,302,253,49,0,16.2252,0.0000
199,302,253,49,0,16.2252,0.0000
200,302,253,49,0,16.2252,0.0000
201,302,252,50,0,16.5563,0.0000
202,302,252,50,0,16.5563,0.0000
203,302,252,50,0,16.5563,0.0000
204,302,251,51,0,16.8874,0.0000
205,302,251,51,0,16.8874,0.0000
206,302,250,52,0,17.2185,0.0000
207,302,250,52,0,17.2185,0.0000
208,302,249,53,0,17.5497,0.0000
209,302,248,54,0,17.8808,0.0000
210,302,248,54,0,17.8808,0.0000
211,302,248,54,0,17.8808,0.0000
212,302,248,54,0,17.8808,0.0000
213,302,248,54,0,17.8808,0.0000
214,302,247,55,0,18.2119,0.0000
215,302,246,56,0,18.5430,0.0000
216,302,246,56,0,18.5430,0.0000
217,302,246,56,0,18.5430,0.0000
218,302,244,58,0,19.2053,0.0000
219,302,244,58,0,19.2053,0.0000
220,302,243,59,0,19.5364,0.0000
221,302,243,59,0,19.5364,0.0000
222,302,243,59,0,19.5364,0.0000
223,302,242,60,0,19.8675,0.0000
224,302,241,61,0,20.1987,0.0000
225,302,241,61,0,20.1987,0.0000
226,301,240,61,0,20.2658,0.0000
227,301,240,61,0,20.2658,0.0000
228,301,238,63,0,20.9302,0.0000
229,301,238,63,0,20.9302,0.0000
230,300,235,65,0,21.6667,0.0000
231,300,235,65,0,21.6667,0.0000
232,300,235,65,0,21.6667,0.0000
233,300,235,65,0,21.6667,0.0000
234,300,235,65,0,21.6667,0.0000
235,299,234,65,0,21.7391,0.0000
236,301,236,65,0,21.5947,0.0000
237,301,235,66,0,21.9269,0.0000
238,301,234,67,0,22.2591,0.0000
239,301,234,67,0,22.2591,0.0000
240,301,233,68,0,22.5914,0.0000
241,301,233,68,0,22.5914,0.0000
242,301,232,69,0,22.9236,0.0000
243,300,231,69,0,23.0000,0.0000
244,300,227,73,0,24.3333,0.0000
245,300,226,74,0,24.6667,0.0000
246,300,223,77,0,25.6667,0.0000
247,300,221,79,0,26.3333,0.0000
248,300,219,81,0,27.0000,0.0000
249,300,218,82,0,27.3333,0.0000
250,300,217,83,0,27.6667,0.0000
251,300,215,85,0,28.3333,0.0000
252,300,215,85,0,28.3333,0.0000
253,300,214,86,0,28.6667,0.0000
254,300,214,86,0,28.6667,0.0000
255,300,213,87,0,29.0000,0.0000
256,300,211,89,0,29.6667,0.0000
257,300,211,89,0,29.6667,0.0000
258,300,209,91,0,30.3333,0.0000
259,300,208,92,0,30.6667,0.0000
260,300,206,94,0,31.3333,0.0000
261,300,206,94,0,31.3333,0.0000
262,299,204,95,0,31.7726,0.0000
263,301,203,98,0,32.5581,0.0000
264,300,201,99,0,33.0000,0.0000
265,300,200,100,0,33.3333,0.0000
266,300,197,103,0,34.3333,0.0000
267,300,195,105,0,35.0000,0.0000
268,300,195,105,0,35.0000,0.0000
269,299,194,105,0,35.1171,0.0000
270,301,194,107,0,35.5482,0.0000
271,301,194,107,0,35.5482,0.0000
272,301,191,110,0,36.5449,0.0000
273,301,190,111,0,36.8771,0.0000
274,301,190,111,0,36.8771,0.0000
275,301,188,113,0,37.5415,0.0000
276,301,187,114,0,37.8738,0.0000
277,301,187,114,0,37.8738,0.0000
278,301,184,117,0,38.8704,0.0000
279,301,183,118,0,39.2027,0.0000
280,301,183,118,0,39.2027,0.0000
281,301,180,121,0,40.1993,0.0000
282,301,180,121,0,40.1993,0.0000
283,301,180,121,0,40.1993,0.0000
284,301,180,121,0,40.1993,0.0000
285,301,180,121,0,40.1993,0.0000
286,301,179,122,0,40.5316,0.0000
287,301,179,122,0,40.5316,0.0000
288,301,178,123,0,40.8638,0.0000
289,301,176,125,0,41.5282,0.0000
290,301,175,126,0,41.8605,0.0000
291,301,175,126,0,41.8605,0.0000
292,301,175,126,0,41.8605,0.0000
293,301,174,127,0,42.1927,0.0000
294,300,172,128,0,42.6667,0.0000
295,300,171,129,0,43.0000,0.0000
296,300,170,130,0,43.3333,0.0000
297,300,168,132,0,44.0000,0.0000
298,300,168,132,0,44.0000,0.0000
299,300,166,134,0,44.6667,0.0000
300,300,165,135,0,45.0000,0.0000
301,300,163,137,0,45.6667,0.0000
302,300,160,140,0,46.6667,0.0000
303,300,159,141,0,47.0000,0.0000
304,300,159,141,0,47.0000,0.0000
305,300,159,141,0,47.0000,0.0000
306,300,157,143,0,47.6667,0.0000
307,300,157,143,0,47.6667,0.0000
308,300,155,145,0,48.3333,0.0000
309,300,155,145,0,48.3333,0.0000
310,299,154,145,0,48.4950,0.0000
311,299,153,146,0,48.8294,0.0000
312,302,156,146,0,48.3444,0.0000
313,302,154,148,0,49.0066,0.0000
314,302,152,150,0,49.6689,0.0000
315,302,152,150,0,49.6689,0.0000
316,302,152,150,0,49.6689,0.0000
317,302,151,151,0,50.0000,0.0000
318,302,151,151,0,50.0000,0.0000
319,302,149,153,0,50.6623,0.0000
320,301,147,154,0,51.1628,0.0000
321,301,146,155,0,51.4950,0.0000
322,300,144,156,0,52.0000,0.0000
323,300,144,156,0,52.0000,0.0000
324,300,144,156,0,52.0000,0.0000
325,300,143,157,0,52.3333,0.0000
326,300,143,157,0,52.3333,0.0000
327,300,143,157,0,52.3333,0.0000
328,300,143,157,0,52.3333,0.0000
329,300,142,158,0,52.6667,0.0000
330,300,139,161,0,53.6667,0.0000
331,299,137,162,0,54.1806,0.0000
332,301,137,164,0,54.4850,0.0000
333,301,136,165,0,54.8173,0.0000
334,301,136,165,0,54.8173,0.0000
335,301,136,165,0,54.8173,0.0000
336,301,136,165,0,54.8173,0.0000
337,300,133,167,0,55.6667,0.0000
338,300,131,169,0,56.3333,0.0000
339,300,131,169,0,56.3333,0.0000
340,300,131,169,0,56.3333,0.0000
341,300,127,173,0,57.6667,0.0000
342,300,126,174,0,58.0000,0.0000
343,300,124,176,0,58.6667,0.0000
344,298,122,176,0,59.0604,0.0000
345,301,125,176,0,58.4718,0.0000
346,301,124,177,0,58.8040,0.0000
347,301,124,177,0,58.8040,0.0000
348,300,123,177,0,59.0000,0.0000
349,300,121,179,0,59.6667,0.0000
350,300,118,182,0,60.6667,0.0000
351,300,116,184,0,61.3333,0.0000
352,300,116,184,0,61.3333,0.0000
353,300,115,185,0,61.6667,0.0000
354,300,113,187,0,62.3333,0.0000
355,300,112,188,0,62.6667,0.0000
356,299,111,188,0,62.8763,0.0000
357,302,113,189,0,62.5828,0.0000
358,302,112,190,0,62.9139,0.0000
359,302,111,191,0,63.2450,0.0000
360,302,109,193,0,63.9073,0.0000
361,302,108,194,0,64.2384,0.0000
362,302,107,195,0,64.5695,0.0000
363,302,107,195,0,64.5695,0.0000
364,302,107,195,0,64.5695,0.0000
365,302,105,197,0,65.2318,0.0000
366,302,105,197,0,65.2318,0.0000
367,302,105,197,0,65.2318,0.0000
368,301,103,198,0,65.7807,0.0000
369,301,102,199,0,66.1130,0.0000
370,301,101,200,0,66.4452,0.0000
371,301,99,202,0,67.1096,0.0000
372,299,98,201,0,67.2241,0.0000
373,300,98,202,0,67.3333,0.0000
374,300,98,202,0,67.3333,0.0000
375,300,98,202,0,67.3333,0.0000
376,300,98,202,0,67.3333,0.0000
377,300,97,203,0,67.6667,0.0000
378,299,96,203,0,67.8930,0.0000
379,300,97,203,0,67.6667,0.0000
380,300,97,203,0,67.6667,0.0000
381,300,95,205,0,68.3333,0.0000
382,300,94,206,0,68.6667,0.0000
383,300,93,207,0,69.0000,0.0000
384,299,93,206,0,68.8963,0.0000
385,300,94,206,0,68.6667,0.0000
386,300,92,208,0,69.3333,0.0000
387,300,92,208,0,69.3333,0.0000
388,300,92,208,0,69.3333,0.0000
389,300,91,209,0,69.6667,0.0000
390,300,90,210,0,70.0000,0.0000
391,300,90,210,0,70.0000,0.0000
392,300,89,211,0,70.3333,0.0000
393,299,88,211,0,70.5686,0.0000
394,301,87,214,0,71.0963,0.0000
395,301,86,215,0,71.4286,0.0000
396,301,85,216,0,71.7608,0.0000
397,301,85,216,0,71.7608,0.0000
398,301,85,216,0,71.7608,0.0000
399,301,83,218,0,72.4252,0.0000
400,301,82,219,0,72.7575,0.0000
401,301,82,219,0,72.7575,0.0000
402,301,82,219,0,72.7575,0.0000
403,301,82,219,0,72.7575,0.0000
404,301,81,220,0,73.0897,0.0000
405,301,80,221,0,73.4219,0.0000
406,301,79,222,0,73.7542,0.0000
407,301,77,224,0,74.4186,0.0000
408,301,77,224,0,74.4186,0.0000
409,301,77,224,0,74.4186,0.0000
410,301,76,225,0,74.7508,0.0000
411,301,76,225,0,74.7508,0.0000
412,301,74,227,0,75.4153,0.0000
413,300,74,226,0,75.3333,0.0000
414,300,74,226,0,75.3333,0.0000
415,300,73,227,0,75.6667,0.0000
416,300,72,228,0,76.0000,0.0000
417,300,72,228,0,76.0000,0.0000
418,300,71,229,0,76.3333,0.0000
419,300,70,230,0,76.6667,0.0000
420,300,70,230,0,76.6667,0.0000
421,300,70,230,0,76.6667,0.0000
422,300,70,230,0,76.6667,0.0000
423,300,69,231,0,77.0000,0.0000
424,300,69,231,0,77.0000,0.0000
425,300,69,231,0,77.0000,0.0000
426,300,68,232,0,77.3333,0.0000
427,300,67,233,0,77.6667,0.0000
428,300,67,233,0,77.6667,0.0000
429,300,66,234,0,78.0000,0.0000
430,300,66,234,0,78.0000,0.0000
431,300,62,238,0,79.3333,0.0000
432,300,62,238,0,79.3333,0.0000
433,300,61,239,0,79.6667,0.0000
434,300,61,239,0,79.6667,0.0000
435,300,60,240,0,80.0000,0.0000
436,300,59,241,0,80.3333,0.0000
437,300,58,242,0,80.6667,0.0000
438,300,58,242,0,80.6667,0.0000
439,300,57,243,0,81.0000,0.0000
440,300,56,244,0,81.3333,0.0000
441,300,54,246,0,82.0000,0.0000
442,300,52,248,0,82.6667,0.0000
443,300,52,248,0,82.6667,0.0000
444,300,52,248,0,82.6667,0.0000
445,300,52,248,0,82.6667,0.0000
446,300,52,248,0,82.6667,0.0000
447,300,51,249,0,83.0000,0.0000
448,300,50,250,0,83.3333,0.0000
449,300,50,250,0,83.3333,0.0000
450,300,50,250,0,83.3333,0.0000
451,300,50,250,0,83.3333,0.0000
452,300,50,250,0,83.3333,0.0000
453,300,50,250,0,83.3333,0.0000
454,300,49,251,0,83.6667,0.0000
455,300,49,251,0,83.6667,0.0000
456,300,49,251,0,83.6667,0.0000
457,300,49,251,0,83.6667,0.0000
458,300,48,252,0,84.0000,0.0000
459,300,48,252,0,84.0000,0.0000
460,300,47,253,0,84.3333,0.0000
461,300,47,253,0,84.3333,0.0000
462,300,47,253,0,84.3333,0.0000
463,300,47,253,0,84.3333,0.0000
464,300,46,254,0,84.6667,0.0000
465,300,46,254,0,84.6667,0.0000
466,300,46,254,0,84.6667,0.0000
467,300,46,254,0,84.6667,0.0000
468,300,44,256,0,85.3333,0.0000
469,300,44,256,0,85.3333,0.0000
470,300,44,256,0,85.3333,0.0000
471,300,44,256,0,85.3333,0.0000
472,300,44,256,0,85.3333,0.0000
473,300,43,257,0,85.6667,0.0000
474,300,43,257,0,85.6667,0.0000
475,300,42,258,0,86.0000,0.0000
476,300,42,258,0,86.0000,0.0000
477,300,42,258,0,86.0000,0.0000
478,300,41,259,0,86.3333,0.0000
479,300,41,259,0,86.3333,0.0000
480,300,40,260,0,86.6667,0.0000
481,300,40,260,0,86.6667,0.0000
482,300,39,261,0,87.0000,0.0000
483,300,39,261,0,87.0000,0.0000
484,299,39,260,0,86.9565,0.0000
485,300,40,260,0,86.6667,0.0000
486,300,40,260,0,86.6667,0.0000
487,300,40,260,0,86.6667,0.0000
488,300,40,260,0,86.6667,0.0000
489,300,40,260,0,86.6667,0.0000
490,300,40,260,0,86.6667,0.0000
491,300,39,261,0,87.0000,0.0000
492,300,38,262,0,87.3333,0.0000
493,300,37,263,0,87.6667,0.0000
494,300,37,263,0,87.6667,0.0000
495,299,37,262,0,87.6254,0.0000
496,299,37,262,0,87.6254,0.0000
497,299,37,262,0,87.6254,0.0000
498,299,36,263,0,87.9599,0.0000
499,299,35,264,0,88.2943,0.0000
500,299,34,265,0,88.6288,0.0000
501,291,34,257,0,88.3162,0.0000
502,290,34,256,0,88.2759,0.0000
503,290,34,256,0,88.2759,0.0000
504,291,34,257,0,88.3162,0.0000
505,291,34,257,0,88.3162,0.0000
506,291,35,256,0,87.9725,0.0000
507,292,36,256,0,87.6712,0.0000
508,292,35,257,0,88.0137,0.0000
509,293,37,256,0,87.3720,0.0000
510,293,37,256,0,87.3720,0.0000
511,293,37,256,0,87.3720,0.0000
512,292,37,255,0,87.3288,0.0000
513,291,33,258,0,88.6598,0.0000
514,291,31,260,0,89.3471,0.0000
515,291,30,261,0,89.6907,0.0000
516,291,30,261,0,89.6907,0.0000
517,291,30,261,0,89.6907,0.0000
518,291,30,261,0,89.6907,0.0000
519,290,30,260,0,89.6552,0.0000
520,290,27,263,0,90.6897,0.0000
521,290,27,263,0,90.6897,0.0000
522,290,27,263,0,90.6897,0.0000
523,290,27,263,0,90.6897,0.0000
524,291,28,263,0,90.3780,0.0000
525,291,28,263,0,90.3780,0.0000
526,292,29,263,0,90.0685,0.0000
527,292,29,263,0,90.0685,0.0000
528,292,30,262,0,89.7260,0.0000
529,292,30,262,0,89.7260,0.0000
530,292,30,262,0,89.7260,0.0000
531,294,32,262,0,89.1156,0.0000
532,293,32,261,0,89.0785,0.0000
533,293,32,261,0,89.0785,0.0000
534,293,33,260,0,88.7372,0.0000
535,294,34,260,0,88.4354,0.0000
536,294,34,260,0,88.4354,0.0000
537,294,34,260,0,88.4354,0.0000
538,294,33,261,0,88.7755,0.0000
539,295,33,262,0,88.8136,0.0000
540,295,33,262,0,88.8136,0.0000
541,295,33,262,0,88.8136,0.0000
542,295,33,262,0,88.8136,0.0000
543,294,33,261,0,88.7755,0.0000
544,293,33,260,0,88.7372,0.0000
545,294,34,260,0,88.4354,0.0000
546,294,34,260,0,88.4354,0.0000
547,294,34,260,0,88.4354,0.0000
548,295,34,261,0,88.4746,0.0000
549,295,34,261,0,88.4746,0.0000
550,294,34,260,0,88.4354,0.0000
551,294,34,260,0,88.4354,0.0000
552,293,34,259,0,88.3959,0.0000
553,293,34,259,0,88.3959,0.0000
554,292,32,260,0,89.0411,0.0000
555,292,32,260,0,89.0411,0.0000
556,292,32,260,0,89.0411,0.0000
557,292,32,260,0,89.0411,0.0000
558,292,31,261,0,89.3836,0.0000
559,292,31,261,0,89.3836,0.0000
560,292,31,261,0,89.3836,0.0000
561,290,31,259,0,89.3103,0.0000
562,290,30,260,0,89.6552,0.0000
563,290,29,261,0,90.0000,0.0000
564,290,28,262,0,90.3448,0.0000
565,291,28,263,0,90.3780,0.0000
566,292,29,263,0,90.0685,0.0000
567,292,29,263,0,90.0685,0.0000
568,292,29,262,1,89.7260,0.3425
569,293,30,262,1,89.4198,0.3413
570,293,30,262,1,89.4198,0.3413
571,294,31,262,1,89.1156,0.3401
572,294,31,262,1,89.1156,0.3401
573,294,32,261,1,88.7755,0.3401
574,294,33,260,1,88.4354,0.3401
575,294,32,261,1,88.7755,0.3401
576,294,32,261,1,88.7755,0.3401
577,296,34,261,1,88.1757,0.3378
578,296,33,262,1,88.5135,0.3378
579,296,33,262,1,88.5135,0.3378
580,296,33,262,1,88.5135,0.3378
581,296,34,261,1,88.1757,0.3378
582,297,34,262,1,88.2155,0.3367
583,298,35,262,1,87.9195,0.3356
584,297,35,261,1,87.8788,0.3367
585,295,34,260,1,88.1356,0.3390
586,296,34,261,1,88.1757,0.3378
587,296,34,261,1,88.1757,0.3378
588,296,34,261,1,88.1757,0.3378
589,296,34,261,1,88.1757,0.3378
590,297,35,261,1,87.8788,0.3367
591,297,35,261,1,87.8788,0.3367
592,297,35,261,1,87.8788,0.3367
593,298,36,261,1,87.5839,0.3356
594,298,35,262,1,87.9195,0.3356
595,298,35,262,1,87.9195,0.3356
596,298,35,262,1,87.9195,0.3356
597,298,35,262,1,87.9195,0.3356
598,298,34,263,1,88.2550,0.3356
599,297,33,263,1,88.5522,0.3367
600,297,33,263,1,88.5522,0.3367
601,297,33,263,1,88.5522,0.3367
602,297,33,263,1,88.5522,0.3367
603,297,32,264,1,88.8889,0.3367
604,297,32,264,1,88.8889,0.3367
605,296,31,264,1,89.1892,0.3378
606,296,31,264,1,89.1892,0.3378
607,296,31,264,1,89.1892,0.3378
608,296,31,264,1,89.1892,0.3378
609,296,31,264,1,89.1892,0.3378
610,297,32,264,1,88.8889,0.3367
611,297,32,264,1,88.8889,0.3367
612,296,32,263,1,88.8514,0.3378
613,296,31,264,1,89.1892,0.3378
614,297,32,264,1,88.8889,0.3367
615,297,31,265,1,89.2256,0.3367
616,297,32,264,1,88.8889,0.3367
617,297,32,264,1,88.8889,0.3367
618,297,30,266,1,89.5623,0.3367
619,297,29,267,1,89.8990,0.3367
620,296,30,266,0,89.8649,0.0000
621,296,30,266,0,89.8649,0.0000
622,295,29,266,0,90.1695,0.0000
623,296,29,267,0,90.2027,0.0000
624,296,28,268,0,90.5405,0.0000
625,296,28,268,0,90.5405,0.0000
626,297,29,268,0,90.2357,0.0000
627,298,30,268,0,89.9329,0.0000
628,297,29,268,0,90.2357,0.0000
629,297,29,268,0,90.2357,0.0000
630,297,29,268,0,90.2357,0.0000
631,298,30,268,0,89.9329,0.0000
632,298,30,268,0,89.9329,0.0000
633,298,29,269,0,90.2685,0.0000
634,299,29,270,0,90.3010,0.0000
635,299,29,270,0,90.3010,0.0000
636,299,28,271,0,90.6355,0.0000
637,300,29,271,0,90.3333,0.0000
638,300,29,271,0,90.3333,0.0000
639,299,29,270,0,90.3010,0.0000
640,299,29,270,0,90.3010,0.0000
641,299,28,271,0,90.6355,0.0000
642,299,28,271,0,90.6355,0.0000
643,299,28,271,0,90.6355,0.0000
644,299,28,271,0,90.6355,0.0000
645,298,28,270,0,90.6040,0.0000
646,298,28,270,0,90.6040,0.0000
647,298,28,270,0,90.6040,0.0000
648,298,29,269,0,90.2685,0.0000
649,299,30,269,0,89.9666,0.0000
650,301,32,269,0,89.3688,0.0000
651,300,32,268,0,89.3333,0.0000
652,300,32,268,0,89.3333,0.0000
653,300,32,268,0,89.3333,0.0000
654,299,32,267,0,89.2977,0.0000
655,299,32,267,0,89.2977,0.0000
656,298,32,266,0,89.2617,0.0000
657,299,33,266,0,88.9632,0.0000
658,299,33,266,0,88.9632,0.0000
659,300,33,267,0,89.0000,0.0000
660,300,33,266,1,88.6667,0.3333
661,300,33,266,1,88.6667,0.3333
662,300,33,266,1,88.6667,0.3333
663,299,33,265,1,88.6288,0.3344
664,299,33,265,1,88.6288,0.3344
665,300,34,265,1,88.3333,0.3333
666,300,34,265,1,88.3333,0.3333
667,300,34,265,1,88.3333,0.3333
668,300,34,265,1,88.3333,0.3333
669,300,34,265,1,88.3333,0.3333
670,299,34,264,1,88.2943,0.3344
671,298,34,263,1,88.2550,0.3356
672,297,33,263,1,88.5522,0.3367
673,296,33,262,1,88.5135,0.3378
674,296,33,262,1,88.5135,0.3378
675,295,31,263,1,89.1525,0.3390
676,296,31,264,1,89.1892,0.3378
677,297,32,264,1,88.8889,0.3367
678,297,32,264,1,88.8889,0.3367
679,297,32,264,1,88.8889,0.3367
680,298,33,264,1,88.5906,0.3356
681,298,33,264,1,88.5906,0.3356
682,298,33,264,1,88.5906,0.3356
683,299,34,264,1,88.2943,0.3344
684,299,34,264,1,88.2943,0.3344
685,299,33,265,1,88.6288,0.3344
686,299,33,265,1,88.6288,0.3344
687,299,33,265,1,88.6288,0.3344
688,299,32,266,1,88.9632,0.3344
689,299,32,266,1,88.9632,0.3344
690,299,32,266,1,88.9632,0.3344
691,302,35,266,1,88.0795,0.3311
692,302,35,266,1,88.0795,0.3311
693,302,35,266,1,88.0795,0.3311
694,302,35,266,1,88.0795,0.3311
695,302,35,266,1,88.0795,0.3311
696,302,35,266,1,88.0795,0.3311
697,302,35,266,1,88.0795,0.3311
698,302,35,266,1,88.0795,0.3311
699,302,35,266,1,88.0795,0.3311
700,302,35,266,1,88.0795,0.3311
701,301,35,265,1,88.0399,0.3322
702,301,35,265,1,88.0399,0.3322
703,301,34,266,1,88.3721,0.3322
704,300,34,265,1,88.3333,0.3333
705,300,34,265,1,88.3333,0.3333
706,300,33,266,1,88.6667,0.3333
707,299,33,265,1,88.6288,0.3344
708,298,33,264,1,88.5906,0.3356
709,298,32,265,1,88.9262,0.3356
710,299,33,265,1,88.6288,0.3344
711,299,30,268,1,89.6321,0.3344
712,299,30,269,0,89.9666,0.0000
713,299,30,269,0,89.9666,0.0000
714,297,30,267,0,89.8990,0.0000
715,298,30,268,0,89.9329,0.0000
716,298,31,267,0,89.5973,0.0000
717,298,31,267,0,89.5973,0.0000
718,298,31,267,0,89.5973,0.0000
719,296,30,266,0,89.8649,0.0000
720,296,30,266,0,89.8649,0.0000
721,296,30,266,0,89.8649,0.0000
722,297,31,266,0,89.5623,0.0000
723,296,31,265,0,89.5270,0.0000
724,297,32,265,0,89.2256,0.0000
725,297,33,264,0,88.8889,0.0000
726,297,33,264,0,88.8889,0.0000
727,297,33,264,0,88.8889,0.0000
728,298,34,264,0,88.5906,0.0000
729,298,34,264,0,88.5906,0.0000
730,299,35,264,0,88.2943,0.0000
731,300,37,262,1,87.3333,0.3333
732,300,36,263,1,87.6667,0.3333
733,300,36,263,1,87.6667,0.3333
734,299,34,264,1,88.2943,0.3344
735,300,34,265,1,88.3333,0.3333
736,300,34,265,1,88.3333,0.3333
737,299,33,265,1,88.6288,0.3344
738,299,32,266,1,88.9632,0.3344
739,299,33,265,1,88.6288,0.3344
740,301,35,265,1,88.0399,0.3322
741,301,34,266,1,88.3721,0.3322
742,301,34,266,1,88.3721,0.3322
743,300,34,265,1,88.3333,0.3333
744,297,34,262,1,88.2155,0.3367
745,297,34,262,1,88.2155,0.3367
746,296,34,261,1,88.1757,0.3378
747,292,34,257,1,88.0137,0.3425
748,291,34,256,1,87.9725,0.3436
749,290,34,255,1,87.9310,0.3448
750,289,33,254,2,87.8893,0.6920
751,288,33,253,2,87.8472,0.6944
752,287,31,254,2,88.5017,0.6969
753,287,31,254,2,88.5017,0.6969
754,288,32,254,2,88.1944,0.6944
755,287,32,253,2,88.1533,0.6969
756,286,32,252,2,88.1119,0.6993
757,284,32,250,2,88.0282,0.7042
758,285,33,250,2,87.7193,0.7018
759,283,34,247,2,87.2792,0.7067
760,283,34,247,2,87.2792,0.7067
761,282,33,247,2,87.5887,0.7092
762,282,33,247,2,87.5887,0.7092
763,280,31,247,2,88.2143,0.7143
764,279,32,245,2,87.8136,0.7168
765,279,33,244,2,87.4552,0.7168
766,279,33,244,2,87.4552,0.7168
767,277,34,241,2,87.0036,0.7220
768,275,34,239,2,86.9091,0.7273
769,275,34,239,2,86.9091,0.7273
770,275,35,238,2,86.5455,0.7273
771,274,35,237,2,86.4964,0.7299
772,272,36,234,2,86.0294,0.7353
773,270,36,232,2,85.9259,0.7407
774,271,37,232,2,85.6089,0.7380
775,270,37,231,2,85.5556,0.7407
776,268,36,230,2,85.8209,0.7463
777,269,37,230,2,85.5019,0.7435
778,268,38,228,2,85.0746,0.7463
779,268,39,227,2,84.7015,0.7463
780,267,39,226,2,84.6442,0.7491
781,267,39,226,2,84.6442,0.7491
782,264,39,223,2,84.4697,0.7576
783,265,41,223,1,84.1509,0.3774
784,265,41,223,1,84.1509,0.3774
785,266,42,223,1,83.8346,0.3759
786,266,41,224,1,84.2105,0.3759
787,266,41,223,2,83.8346,0.7519
788,265,41,222,2,83.7736,0.7547
789,264,40,222,2,84.0909,0.7576
790,263,40,221,2,84.0304,0.7605
791,262,40,220,2,83.9695,0.7634
792,263,41,220,2,83.6502,0.7605
793,264,42,220,2,83.3333,0.7576
794,264,43,219,2,82.9545,0.7576
795,264,41,221,2,83.7121,0.7576
796,264,42,220,2,83.3333,0.7576
797,262,43,217,2,82.8244,0.7634
798,262,43,217,2,82.8244,0.7634
799,262,42,218,2,83.2061,0.7634
800,261,42,217,2,83.1418,0.7663
801,258,42,214,2,82.9457,0.7752
802,257,44,212,1,82.4903,0.3891
803,255,43,211,1,82.7451,0.3922
804,255,42,212,1,83.1373,0.3922
805,256,43,212,1,82.8125,0.3906
806,255,43,211,1,82.7451,0.3922
807,255,43,211,1,82.7451,0.3922
808,255,43,211,1,82.7451,0.3922
809,253,43,209,1,82.6087,0.3953
810,253,43,209,1,82.6087,0.3953
811,253,43,209,1,82.6087,0.3953
812,252,43,208,1,82.5397,0.3968
813,252,45,206,1,81.7460,0.3968
814,253,46,206,1,81.4229,0.3953
815,252,46,205,1,81.3492,0.3968
816,253,47,205,1,81.0277,0.3953
817,254,48,205,1,80.7087,0.3937
818,254,49,204,1,80.3150,0.3937
819,254,49,204,1,80.3150,0.3937
820,250,46,203,1,81.2000,0.4000
821,249,46,202,1,81.1245,0.4016
822,247,46,200,1,80.9717,0.4049
823,248,46,201,1,81.0484,0.4032
824,248,45,202,1,81.4516,0.4032
825,248,45,202,1,81.4516,0.4032
826,248,45,202,1,81.4516,0.4032
827,248,44,203,1,81.8548,0.4032
828,248,44,203,1,81.8548,0.4032
829,249,46,202,1,81.1245,0.4016
830,249,47,201,1,80.7229,0.4016
831,249,48,200,1,80.3213,0.4016
832,246,48,197,1,80.0813,0.4065
833,245,49,195,1,79.5918,0.4082
834,245,48,196,1,80.0000,0.4082
835,246,49,196,1,79.6748,0.4065
836,246,49,196,1,79.6748,0.4065
837,246,49,195,2,79.2683,0.8130
838,243,49,192,2,79.0123,0.8230
839,243,50,192,1,79.0123,0.4115
840,243,49,193,1,79.4239,0.4115
841,241,48,192,1,79.6680,0.4149
842,241,50,190,1,78.8382,0.4149
843,241,51,189,1,78.4232,0.4149
844,239,52,186,1,77.8243,0.4184
845,239,52,186,1,77.8243,0.4184
846,240,50,189,1,78.7500,0.4167
847,240,49,190,1,79.1667,0.4167
848,240,49,190,1,79.1667,0.4167
849,238,49,188,1,78.9916,0.4202
850,236,50,185,1,78.3898,0.4237
851,236,52,183,1,77.5424,0.4237
852,237,53,183,1,77.2152,0.4219
853,236,52,183,1,77.5424,0.4237
854,236,53,182,1,77.1186,0.4237
855,237,54,182,1,76.7932,0.4219
856,237,55,181,1,76.3713,0.4219
857,239,57,181,1,75.7322,0.4184
858,237,57,179,1,75.5274,0.4219
859,236,57,178,1,75.4237,0.4237
860,237,58,178,1,75.1055,0.4219
861,236,58,177,1,75.0000,0.4237
862,236,59,176,1,74.5763,0.4237
863,236,59,176,1,74.5763,0.4237
864,236,59,176,1,74.5763,0.4237
865,236,60,175,1,74.1525,0.4237
866,237,62,174,1,73.4177,0.4219
867,238,63,174,1,73.1092,0.4202
868,237,63,173,1,72.9958,0.4219
869,238,64,173,1,72.6891,0.4202
870,236,63,172,1,72.8814,0.4237
871,236,63,172,1,72.8814,0.4237
872,236,64,171,1,72.4576,0.4237
873,236,65,169,2,71.6102,0.8475
874,236,65,169,2,71.6102,0.8475
875,236,65,169,2,71.6102,0.8475
876,237,64,171,2,72.1519,0.8439
877,236,64,170,2,72.0339,0.8475
878,236,64,170,2,72.0339,0.8475
879,237,64,171,2,72.1519,0.8439
880,237,63,172,2,72.5738,0.8439
881,236,62,172,2,72.8814,0.8475
882,234,62,170,2,72.6496,0.8547
883,234,61,171,2,73.0769,0.8547
884,234,61,171,2,73.0769,0.8547
885,235,61,172,2,73.1915,0.8511
886,234,61,171,2,73.0769,0.8547
887,233,60,171,2,73.3906,0.8584
888,235,62,171,2,72.7660,0.8511
889,235,64,170,1,72.3404,0.4255
890,237,66,170,1,71.7300,0.4219
891,236,66,169,1,71.6102,0.4237
892,235,66,168,1,71.4894,0.4255
893,235,66,168,1,71.4894,0.4255
894,234,65,168,1,71.7949,0.4274
895,233,67,165,1,70.8155,0.4292
896,234,68,165,1,70.5128,0.4274
897,234,69,164,1,70.0855,0.4274
898,234,69,164,1,70.0855,0.4274
899,235,71,163,1,69.3617,0.4255
900,236,73,162,1,68.6441,0.4237
901,236,73,162,1,68.6441,0.4237
902,236,73,162,1,68.6441,0.4237
903,237,74,162,1,68.3544,0.4219
904,237,74,162,1,68.3544,0.4219
905,237,75,161,1,67.9325,0.4219
906,236,74,161,1,68.2203,0.4237
907,237,75,161,1,67.9325,0.4219
908,236,75,160,1,67.7966,0.4237
909,237,76,160,1,67.5105,0.4219
910,237,76,160,1,67.5105,0.4219
911,239,79,159,1,66.5272,0.4184
912,239,79,159,1,66.5272,0.4184
913,239,80,158,1,66.1088,0.4184
914,240,80,159,1,66.2500,0.4167
915,240,80,159,1,66.2500,0.4167
916,240,81,158,1,65.8333,0.4167
917,242,83,158,1,65.2893,0.4132
918,243,84,158,1,65.0206,0.4115
919,242,84,157,1,64.8760,0.4132
920,242,85,156,1,64.4628,0.4132
921,245,87,157,1,64.0816,0.4082
922,247,88,158,1,63.9676,0.4049
923,246,88,157,1,63.8211,0.4065
924,246,88,157,1,63.8211,0.4065
925,248,91,157,0,63.3065,0.0000
926,248,90,158,0,63.7097,0.0000
927,247,91,156,0,63.1579,0.0000
928,248,90,158,0,63.7097,0.0000
929,249,92,157,0,63.0522,0.0000
930,249,92,157,0,63.0522,0.0000
931,249,91,157,1,63.0522,0.4016
932,248,92,155,1,62.5000,0.4032
933,249,93,155,1,62.2490,0.4016
934,248,93,154,1,62.0968,0.4032
935,249,93,155,1,62.2490,0.4016
936,250,94,154,2,61.6000,0.8000
937,249,93,154,2,61.8474,0.8032
938,251,94,155,2,61.7530,0.7968
939,252,95,155,2,61.5079,0.7937
940,254,98,154,2,60.6299,0.7874
941,255,100,153,2,60.0000,0.7843
942,255,100,153,2,60.0000,0.7843
943,256,102,151,3,58.9844,1.1719
944,256,100,153,3,59.7656,1.1719
945,257,100,154,3,59.9222,1.1673
946,256,99,154,3,60.1562,1.1719
947,256,99,154,3,60.1562,1.1719
948,258,99,156,3,60.4651,1.1628
949,257,97,157,3,61.0895,1.1673
950,259,98,158,3,61.0039,1.1583
951,259,98,158,3,61.0039,1.1583
952,259,97,159,3,61.3900,1.1583
953,261,99,159,3,60.9195,1.1494
954,262,100,159,3,60.6870,1.1450
955,264,102,159,3,60.2273,1.1364
956,266,104,159,3,59.7744,1.1278
957,269,106,160,3,59.4796,1.1152
958,271,108,160,3,59.0406,1.1070
959,273,111,159,3,58.2418,1.0989
960,273,111,159,3,58.2418,1.0989
961,273,111,159,3,58.2418,1.0989
962,275,112,160,3,58.1818,1.0909
963,277,114,160,3,57.7617,1.0830
964,276,114,159,3,57.6087,1.0870
965,277,115,159,3,57.4007,1.0830
966,277,113,161,3,58.1227,1.0830
967,278,113,162,3,58.2734,1.0791
968,280,116,161,3,57.5000,1.0714
969,281,115,163,3,58.0071,1.0676
970,281,115,163,3,58.0071,1.0676
971,281,114,164,3,58.3630,1.0676
972,281,113,165,3,58.7189,1.0676
973,282,113,166,3,58.8652,1.0638
974,283,113,167,3,59.0106,1.0601
975,284,113,168,3,59.1549,1.0563
976,284,114,167,3,58.8028,1.0563
977,284,113,168,3,59.1549,1.0563
978,285,114,168,3,58.9474,1.0526
979,287,115,168,4,58.5366,1.3937
980,291,120,167,4,57.3883,1.3746
981,293,121,168,4,57.3379,1.3652
982,295,124,167,4,56.6102,1.3559
983,297,124,170,3,57.2391,1.0101
984,300,127,170,3,56.6667,1.0000
985,300,127,170,3,56.6667,1.0000
986,300,125,172,3,57.3333,1.0000
987,300,124,173,3,57.6667,1.0000
988,300,123,175,2,58.3333,0.6667
989,300,121,177,2,59.0000,0.6667
990,300,118,180,2,60.0000,0.6667
991,300,116,182,2,60.6667,0.6667
992,298,115,181,2,60.7383,0.6711
993,301,117,182,2,60.4651,0.6645
994,300,116,182,2,60.6667,0.6667
995,300,117,182,1,60.6667,0.3333
996,300,116,183,1,61.0000,0.3333
997,300,116,183,1,61.0000,0.3333
998,299,113,185,1,61.8729,0.3344
999,300,113,186,1,62.0000,0.3333
1000,299,113,185,1,61.8729,0.3344
1001,298,112,185,1,62.0805,0.3356
1002,300,114,185,1,61.6667,0.3333
1003,300,112,187,1,62.3333,0.3333
1004,300,112,187,1,62.3333,0.3333
1005,299,110,188,1,62.8763,0.3344
1006,301,112,188,1,62.4585,0.3322
1007,301,111,189,1,62.7907,0.3322
1008,300,110,189,1,63.0000,0.3333
1009,300,110,189,1,63.0000,0.3333
1010,300,110,189,1,63.0000,0.3333
1011,300,108,191,1,63.6667,0.3333
1012,300,105,194,1,64.6667,0.3333
1013,298,105,192,1,64.4295,0.3356
1014,296,106,189,1,63.8514,0.3378
1015,295,105,189,1,64.0678,0.3390
1016,294,105,188,1,63.9456,0.3401
1017,294,105,187,2,63.6054,0.6803
1018,295,106,187,2,63.3898,0.6780
1019,295,106,187,2,63.3898,0.6780
1020,294,103,189,2,64.2857,0.6803
1021,292,103,187,2,64.0411,0.6849
1022,294,104,188,2,63.9456,0.6803
1023,297,105,190,2,63.9731,0.6734
1024,301,109,190,2,63.1229,0.6645
1025,301,108,191,2,63.4551,0.6645
1026,301,108,191,2,63.4551,0.6645
1027,301,108,191,2,63.4551,0.6645
1028,301,106,193,2,64.1196,0.6645
1029,301,106,193,2,64.1196,0.6645
1030,301,106,193,2,64.1196,0.6645
1031,301,107,193,1,64.1196,0.3322
1032,301,106,194,1,64.4518,0.3322
1033,301,103,197,1,65.4485,0.3322
1034,301,102,198,1,65.7807,0.3322
1035,301,102,198,1,65.7807,0.3322
1036,301,102,198,1,65.7807,0.3322
1037,301,101,199,1,66.1130,0.3322
1038,301,101,199,1,66.1130,0.3322
1039,301,100,200,1,66.4452,0.3322
1040,300,100,199,1,66.3333,0.3333
1041,300,98,201,1,67.0000,0.3333
1042,300,96,203,1,67.6667,0.3333
1043,300,95,204,1,68.0000,0.3333
1044,300,94,205,1,68.3333,0.3333
1045,300,93,206,1,68.6667,0.3333
1046,300,93,206,1,68.6667,0.3333
1047,300,92,207,1,69.0000,0.3333
1048,300,92,207,1,69.0000,0.3333
1049,299,91,207,1,69.2308,0.3344
1050,300,92,207,1,69.0000,0.3333
1051,300,92,207,1,69.0000,0.3333
1052,300,92,207,1,69.0000,0.3333
1053,300,91,208,1,69.3333,0.3333
1054,299,90,208,1,69.5652,0.3344
1055,299,90,208,1,69.5652,0.3344
1056,300,90,209,1,69.6667,0.3333
1057,300,90,209,1,69.6667,0.3333
1058,300,89,210,1,70.0000,0.3333
1059,299,89,209,1,69.8997,0.3344
1060,301,89,211,1,70.0997,0.3322
1061,301,89,211,1,70.0997,0.3322
1062,301,89,211,1,70.0997,0.3322
1063,300,87,212,1,70.6667,0.3333
1064,298,86,211,1,70.8054,0.3356
1065,298,86,211,1,70.8054,0.3356
1066,297,86,210,1,70.7071,0.3367
1067,297,85,211,1,71.0438,0.3367
1068,297,84,212,1,71.3805,0.3367
1069,297,84,213,0,71.7172,0.0000
1070,298,85,213,0,71.4765,0.0000
1071,299,86,213,0,71.2375,0.0000
1072,299,84,215,0,71.9064,0.0000
1073,300,85,215,0,71.6667,0.0000
1074,300,85,215,0,71.6667,0.0000
1075,300,84,216,0,72.0000,0.0000
1076,299,82,217,0,72.5753,0.0000
1077,301,83,218,0,72.4252,0.0000
1078,301,81,220,0,73.0897,0.0000
1079,300,81,219,0,73.0000,0.0000
1080,300,81,219,0,73.0000,0.0000
1081,300,81,219,0,73.0000,0.0000
1082,299,81,218,0,72.9097,0.0000
1083,299,80,219,0,73.2441,0.0000
1084,300,80,220,0,73.3333,0.0000
1085,300,79,221,0,73.6667,0.0000
1086,299,79,220,0,73.5786,0.0000
1087,299,80,219,0,73.2441,0.0000
1088,300,80,220,0,73.3333,0.0000
1089,300,78,222,0,74.0000,0.0000
1090,300,78,222,0,74.0000,0.0000
1091,300,78,222,0,74.0000,0.0000
1092,300,76,224,0,74.6667,0.0000
1093,300,76,224,0,74.6667,0.0000
1094,300,75,225,0,75.0000,0.0000
1095,299,73,226,0,75.5853,0.0000
1096,299,72,227,0,75.9197,0.0000
1097,301,73,228,0,75.7475,0.0000
1098,301,71,230,0,76.4120,0.0000
1099,299,70,229,0,76.5886,0.0000
1100,302,73,229,0,75.8278,0.0000
1101,302,73,229,0,75.8278,0.0000
1102,302,73,229,0,75.8278,0.0000
1103,301,72,229,0,76.0797,0.0000
1104,301,71,230,0,76.4120,0.0000
1105,300,70,230,0,76.6667,0.0000
1106,300,69,231,0,77.0000,0.0000
1107,300,68,232,0,77.3333,0.0000
1108,300,67,233,0,77.6667,0.0000
1109,300,67,233,0,77.6667,0.0000
1110,300,66,234,0,78.0000,0.0000
1111,300,65,235,0,78.3333,0.0000
1112,300,65,235,0,78.3333,0.0000
1113,300,64,236,0,78.6667,0.0000
1114,299,64,235,0,78.5953,0.0000
1115,299,65,234,0,78.2609,0.0000
1116,300,65,235,0,78.3333,0.0000
1117,300,65,235,0,78.3333,0.0000
1118,300,65,235,0,78.3333,0.0000
1119,298,65,233,0,78.1879,0.0000
1120,297,65,232,0,78.1145,0.0000
1121,297,65,232,0,78.1145,0.0000
1122,296,63,233,0,78.7162,0.0000
1123,296,64,232,0,78.3784,0.0000
1124,297,66,231,0,77.7778,0.0000
1125,298,67,231,0,77.5168,0.0000
1126,298,65,233,0,78.1879,0.0000
1127,299,64,235,0,78.5953,0.0000
1128,300,65,235,0,78.3333,0.0000
1129,299,64,235,0,78.5953,0.0000
1130,300,64,236,0,78.6667,0.0000
1131,300,63,237,0,79.0000,0.0000
1132,300,62,238,0,79.3333,0.0000
1133,300,59,241,0,80.3333,0.0000
1134,300,59,240,1,80.0000,0.3333
1135,299,58,240,1,80.2676,0.3344
1136,298,56,241,1,80.8725,0.3356
1137,298,56,241,1,80.8725,0.3356
1138,299,56,242,1,80.9365,0.3344
1139,300,57,242,1,80.6667,0.3333
1140,300,57,242,1,80.6667,0.3333
1141,299,55,243,1,81.2709,0.3344
1142,299,53,245,1,81.9398,0.3344
1143,299,52,246,1,82.2742,0.3344
1144,301,54,246,1,81.7276,0.3322
1145,301,54,246,1,81.7276,0.3322
1146,301,53,247,1,82.0598,0.3322
1147,301,53,247,1,82.0598,0.3322
1148,301,52,248,1,82.3920,0.3322
1149,301,52,248,1,82.3920,0.3322
1150,301,51,249,1,82.7243,0.3322
1151,301,49,251,1,83.3887,0.3322
1152,301,49,251,1,83.3887,0.3322
1153,301,49,251,1,83.3887,0.3322
1154,301,49,251,1,83.3887,0.3322
1155,301,49,251,1,83.3887,0.3322
1156,301,48,252,1,83.7209,0.3322
1157,301,48,252,1,83.7209,0.3322
1158,301,47,253,1,84.0532,0.3322
1159,301,46,253,2,84.0532,0.6645
1160,301,46,253,2,84.0532,0.6645
1161,301,46,253,2,84.0532,0.6645
1162,301,45,254,2,84.3854,0.6645
1163,301,44,255,2,84.7176,0.6645
1164,301,44,255,2,84.7176,0.6645
1165,301,44,255,2,84.7176,0.6645
1166,301,43,256,2,85.0498,0.6645
1167,301,42,257,2,85.3821,0.6645
1168,301,42,257,2,85.3821,0.6645
1169,301,41,258,2,85.7143,0.6645
1170,301,41,258,2,85.7143,0.6645
1171,301,39,260,2,86.3787,0.6645
1172,300,39,259,2,86.3333,0.6667
1173,299,39,258,2,86.2876,0.6689
1174,301,41,258,2,85.7143,0.6645
1175,300,39,259,2,86.3333,0.6667
1176,299,39,258,2,86.2876,0.6689
1177,298,39,257,2,86.2416,0.6711
1178,298,39,257,2,86.2416,0.6711
1179,298,39,257,2,86.2416,0.6711
1180,299,40,257,2,85.9532,0.6689
1181,300,40,258,2,86.0000,0.6667
1182,300,40,258,2,86.0000,0.6667
1183,300,40,258,2,86.0000,0.6667
1184,299,40,257,2,85.9532,0.6689
1185,300,40,258,2,86.0000,0.6667
1186,298,41,256,1,85.9060,0.3356
1187,298,40,257,1,86.2416,0.3356
1188,300,42,257,1,85.6667,0.3333
1189,299,42,256,1,85.6187,0.3344
1190,300,41,258,1,86.0000,0.3333
1191,300,41,258,1,86.0000,0.3333
1192,300,41,258,1,86.0000,0.3333
1193,300,41,258,1,86.0000,0.3333
1194,300,41,258,1,86.0000,0.3333
1195,300,40,259,1,86.3333,0.3333
1196,300,39,260,1,86.6667,0.3333
1197,300,39,260,1,86.6667,0.3333
1198,300,39,260,1,86.6667,0.3333
1199,300,39,260,1,86.6667,0.3333
1200,300,39,260,1,86.6667,0.3333
1201,300,39,260,1,86.6667,0.3333
1202,300,39,260,1,86.6667,0.3333
1203,299,38,260,1,86.9565,0.3344
1204,299,37,261,1,87.2910,0.3344
1205,299,37,261,1,87.2910,0.3344
1206,299,37,261,1,87.2910,0.3344
1207,298,37,260,1,87.2483,0.3356
1208,298,35,262,1,87.9195,0.3356
1209,297,35,261,1,87.8788,0.3367
1210,298,35,262,1,87.9195,0.3356
1211,296,36,260,0,87.8378,0.0000
1212,295,37,258,0,87.4576,0.0000
1213,295,37,258,0,87.4576,0.0000
1214,296,37,259,0,87.5000,0.0000
1215,296,37,259,0,87.5000,0.0000
1216,295,37,258,0,87.4576,0.0000
1217,296,37,259,0,87.5000,0.0000
1218,296,37,259,0,87.5000,0.0000
1219,296,37,259,0,87.5000,0.0000
1220,294,37,257,0,87.4150,0.0000
1221,295,38,257,0,87.1186,0.0000
1222,295,38,257,0,87.1186,0.0000
1223,295,38,257,0,87.1186,0.0000
1224,295,38,257,0,87.1186,0.0000
1225,295,37,258,0,87.4576,0.0000
1226,296,38,258,0,87.1622,0.0000
1227,296,38,258,0,87.1622,0.0000
1228,296,37,259,0,87.5000,0.0000
1229,297,38,259,0,87.2054,0.0000
1230,298,39,259,0,86.9128,0.0000
1231,298,39,259,0,86.9128,0.0000
1232,297,38,259,0,87.2054,0.0000
1233,297,38,259,0,87.2054,0.0000
1234,297,38,259,0,87.2054,0.0000
1235,296,39,257,0,86.8243,0.0000
1236,296,39,257,0,86.8243,0.0000
1237,296,39,257,0,86.8243,0.0000
1238,294,39,255,0,86.7347,0.0000
1239,294,38,256,0,87.0748,0.0000
1240,294,38,256,0,87.0748,0.0000
1241,294,38,256,0,87.0748,0.0000
1242,294,37,257,0,87.4150,0.0000
1243,294,36,258,0,87.7551,0.0000
1244,294,36,258,0,87.7551,0.0000
1245,295,37,258,0,87.4576,0.0000
1246,296,39,257,0,86.8243,0.0000
1247,296,39,257,0,86.8243,0.0000
1248,296,36,260,0,87.8378,0.0000
1249,297,37,260,0,87.5421,0.0000
1250,296,37,259,0,87.5000,0.0000
1251,296,36,260,0,87.8378,0.0000
1252,296,36,260,0,87.8378,0.0000
1253,296,37,259,0,87.5000,0.0000
1254,297,37,260,0,87.5421,0.0000
1255,297,37,260,0,87.5421,0.0000
1256,297,37,260,0,87.5421,0.0000
1257,297,37,260,0,87.5421,0.0000
1258,298,38,260,0,87.2483,0.0000
1259,298,36,262,0,87.9195,0.0000
1260,298,36,262,0,87.9195,0.0000
1261,298,37,261,0,87.5839,0.0000
1262,298,37,261,0,87.5839,0.0000
1263,297,38,259,0,87.2054,0.0000
1264,297,38,259,0,87.2054,0.0000
1265,297,38,259,0,87.2054,0.0000
1266,297,38,259,0,87.2054,0.0000
1267,297,38,259,0,87.2054,0.0000
1268,297,38,259,0,87.2054,0.0000
1269,297,38,259,0,87.2054,0.0000
1270,297,37,260,0,87.5421,0.0000
1271,297,35,262,0,88.2155,0.0000
1272,297,34,263,0,88.5522,0.0000
1273,297,34,263,0,88.5522,0.0000
1274,297,34,263,0,88.5522,0.0000
1275,298,35,263,0,88.2550,0.0000
1276,298,35,263,0,88.2550,0.0000
1277,297,35,262,0,88.2155,0.0000
1278,297,35,262,0,88.2155,0.0000
1279,298,35,263,0,88.2550,0.0000
1280,298,35,263,0,88.2550,0.0000
1281,298,35,263,0,88.2550,0.0000
1282,299,34,265,0,88.6288,0.0000
1283,299,33,266,0,88.9632,0.0000
1284,299,33,266,0,88.9632,0.0000
1285,299,33,266,0,88.9632,0.0000
1286,300,34,266,0,88.6667,0.0000
1287,299,34,265,0,88.6288,0.0000
1288,299,34,265,0,88.6288,0.0000
1289,300,35,265,0,88.3333,0.0000
1290,299,35,264,0,88.2943,0.0000
1291,300,36,264,0,88.0000,0.0000
1292,300,35,265,0,88.3333,0.0000
1293,300,35,265,0,88.3333,0.0000
1294,300,35,265,0,88.3333,0.0000
1295,300,35,265,0,88.3333,0.0000
1296,298,35,263,0,88.2550,0.0000
1297,298,35,263,0,88.2550,0.0000
1298,300,37,263,0,87.6667,0.0000
1299,299,37,262,0,87.6254,0.0000
1300,300,38,262,0,87.3333,0.0000
1301,300,38,262,0,87.3333,0.0000
1302,300,38,262,0,87.3333,0.0000
1303,299,38,261,0,87.2910,0.0000
1304,300,38,262,0,87.3333,0.0000
1305,299,37,262,0,87.6254,0.0000
1306,297,37,260,0,87.5421,0.0000
1307,297,37,260,0,87.5421,0.0000
1308,297,37,260,0,87.5421,0.0000
1309,297,36,261,0,87.8788,0.0000
1310,297,36,261,0,87.8788,0.0000
1311,297,36,261,0,87.8788,0.0000
1312,297,36,261,0,87.8788,0.0000
1313,297,36,261,0,87.8788,0.0000
1314,298,37,261,0,87.5839,0.0000
1315,298,36,262,0,87.9195,0.0000
1316,298,35,263,0,88.2550,0.0000
1317,298,34,264,0,88.5906,0.0000
1318,298,34,264,0,88.5906,0.0000
1319,298,34,264,0,88.5906,0.0000
1320,295,32,263,0,89.1525,0.0000
1321,296,33,263,0,88.8514,0.0000
1322,296,31,265,0,89.5270,0.0000
1323,296,31,265,0,89.5270,0.0000
1324,297,32,265,0,89.2256,0.0000
1325,296,32,264,0,89.1892,0.0000
1326,297,33,264,0,88.8889,0.0000
1327,297,33,264,0,88.8889,0.0000
1328,297,33,264,0,88.8889,0.0000
1329,297,33,264,0,88.8889,0.0000
1330,297,33,264,0,88.8889,0.0000
1331,297,33,264,0,88.8889,0.0000
1332,297,33,264,0,88.8889,0.0000
1333,297,32,265,0,89.2256,0.0000
1334,297,30,266,1,89.5623,0.3367
1335,297,30,266,1,89.5623,0.3367
1336,298,31,266,1,89.2617,0.3356
1337,300,32,267,1,89.0000,0.3333
1338,300,32,267,1,89.0000,0.3333
1339,300,32,267,1,89.0000,0.3333
1340,300,32,267,1,89.0000,0.3333
1341,298,31,266,1,89.2617,0.3356
1342,298,31,266,1,89.2617,0.3356
1343,298,31,266,1,89.2617,0.3356
1344,298,31,266,1,89.2617,0.3356
1345,298,31,266,1,89.2617,0.3356
1346,297,30,266,1,89.5623,0.3367
1347,294,29,264,1,89.7959,0.3401
1348,295,30,264,1,89.4915,0.3390
1349,296,31,264,1,89.1892,0.3378
1350,296,31,264,1,89.1892,0.3378
1351,296,31,264,1,89.1892,0.3378
1352,297,32,264,1,88.8889,0.3367
1353,296,32,263,1,88.8514,0.3378
1354,296,31,264,1,89.1892,0.3378
1355,296,30,265,1,89.5270,0.3378
1356,296,30,265,1,89.5270,0.3378
1357,296,30,265,1,89.5270,0.3378
1358,296,30,265,1,89.5270,0.3378
1359,296,30,265,1,89.5270,0.3378
1360,296,29,266,1,89.8649,0.3378
1361,296,30,265,1,89.5270,0.3378
1362,296,30,265,1,89.5270,0.3378
1363,296,30,265,1,89.5270,0.3378
1364,297,31,265,1,89.2256,0.3367
1365,297,31,265,1,89.2256,0.3367
1366,298,32,265,1,88.9262,0.3356
1367,298,31,266,1,89.2617,0.3356
1368,298,30,267,1,89.5973,0.3356
1369,297,29,267,1,89.8990,0.3367
1370,297,29,267,1,89.8990,0.3367
1371,297,30,266,1,89.5623,0.3367
1372,297,30,266,1,89.5623,0.3367
1373,297,30,266,1,89.5623,0.3367
1374,297,30,266,1,89.5623,0.3367
1375,297,29,267,1,89.8990,0.3367
1376,297,30,266,1,89.5623,0.3367
1377,296,30,265,1,89.5270,0.3378
1378,296,31,264,1,89.1892,0.3378
1379,296,32,263,1,88.8514,0.3378
1380,296,31,264,1,89.1892,0.3378
1381,295,30,264,1,89.4915,0.3390
1382,294,30,263,1,89.4558,0.3401
1383,294,31,262,1,89.1156,0.3401
1384,293,31,261,1,89.0785,0.3413
1385,292,31,260,1,89.0411,0.3425
1386,292,32,260,0,89.0411,0.0000
1387,290,31,259,0,89.3103,0.0000
1388,290,31,259,0,89.3103,0.0000
1389,291,32,259,0,89.0034,0.0000
1390,291,31,260,0,89.3471,0.0000
1391,291,31,260,0,89.3471,0.0000
1392,291,31,260,0,89.3471,0.0000
1393,291,31,260,0,89.3471,0.0000
1394,290,29,261,0,90.0000,0.0000
1395,291,30,261,0,89.6907,0.0000
1396,292,31,261,0,89.3836,0.0000
1397,292,30,262,0,89.7260,0.0000
1398,292,29,263,0,90.0685,0.0000
1399,292,29,263,0,90.0685,0.0000
1400,292,29,263,0,90.0685,0.0000
1401,292,28,264,0,90.4110,0.0000
1402,292,27,265,0,90.7534,0.0000
1403,294,29,265,0,90.1361,0.0000
1404,295,30,265,0,89.8305,0.0000
1405,295,30,265,0,89.8305,0.0000
1406,294,29,265,0,90.1361,0.0000
1407,293,28,265,0,90.4437,0.0000
1408,292,28,264,0,90.4110,0.0000
1409,292,28,264,0,90.4110,0.0000
1410,292,28,264,0,90.4110,0.0000
1411,292,27,265,0,90.7534,0.0000
1412,292,27,265,0,90.7534,0.0000
1413,291,27,264,0,90.7216,0.0000
1414,291,27,264,0,90.7216,0.0000
1415,291,28,263,0,90.3780,0.0000
1416,293,30,263,0,89.7611,0.0000
1417,292,30,262,0,89.7260,0.0000
1418,293,31,262,0,89.4198,0.0000
1419,295,33,262,0,88.8136,0.0000
1420,296,34,262,0,88.5135,0.0000
1421,295,34,261,0,88.4746,0.0000
1422,294,34,260,0,88.4354,0.0000
1423,294,34,260,0,88.4354,0.0000
1424,295,35,260,0,88.1356,0.0000
1425,296,36,260,0,87.8378,0.0000
1426,295,35,260,0,88.1356,0.0000
1427,295,31,264,0,89.4915,0.0000
1428,294,32,262,0,89.1156,0.0000
1429,295,33,262,0,88.8136,0.0000
1430,295,33,262,0,88.8136,0.0000
1431,294,33,261,0,88.7755,0.0000
1432,294,31,263,0,89.4558,0.0000
1433,295,32,263,0,89.1525,0.0000
1434,295,32,263,0,89.1525,0.0000
1435,295,32,263,0,89.1525,0.0000
1436,293,32,261,0,89.0785,0.0000
1437,293,32,261,0,89.0785,0.0000
1438,292,33,259,0,88.6986,0.0000
1439,292,33,259,0,88.6986,0.0000
1440,293,34,259,0,88.3959,0.0000
1441,293,34,259,0,88.3959,0.0000
1442,293,35,258,0,88.0546,0.0000
1443,293,35,258,0,88.0546,0.0000
1444,293,35,258,0,88.0546,0.0000
1445,292,35,257,0,88.0137,0.0000
1446,291,33,258,0,88.6598,0.0000
1447,291,32,259,0,89.0034,0.0000
1448,289,32,257,0,88.9273,0.0000
1449,287,31,256,0,89.1986,0.0000
1450,285,31,254,0,89.1228,0.0000
1451,285,31,254,0,89.1228,0.0000
1452,285,31,254,0,89.1228,0.0000
1453,284,30,254,0,89.4366,0.0000
1454,284,30,254,0,89.4366,0.0000
1455,284,30,254,0,89.4366,0.0000
1456,284,30,254,0,89.4366,0.0000
1457,284,30,254,0,89.4366,0.0000
1458,284,29,255,0,89.7887,0.0000
1459,285,30,255,0,89.4737,0.0000
1460,285,30,255,0,89.4737,0.0000
1461,285,30,255,0,89.4737,0.0000
1462,283,30,253,0,89.3993,0.0000
1463,283,29,254,0,89.7527,0.0000
1464,283,28,255,0,90.1060,0.0000
1465,284,29,255,0,89.7887,0.0000
1466,284,29,255,0,89.7887,0.0000
1467,281,28,253,0,90.0356,0.0000
1468,282,29,253,0,89.7163,0.0000
1469,283,30,253,0,89.3993,0.0000
1470,281,30,251,0,89.3238,0.0000
1471,280,30,250,0,89.2857,0.0000
1472,280,29,251,0,89.6429,0.0000
1473,280,28,251,1,89.6429,0.3571
1474,279,26,252,1,90.3226,0.3584
1475,277,26,250,1,90.2527,0.3610
1476,277,26,250,1,90.2527,0.3610
1477,277,25,251,1,90.6137,0.3610
1478,277,26,250,1,90.2527,0.3610
1479,277,26,250,1,90.2527,0.3610
1480,276,26,249,1,90.2174,0.3623
1481,276,26,249,1,90.2174,0.3623
1482,275,25,249,1,90.5455,0.3636
1483,275,25,249,1,90.5455,0.3636
1484,274,26,247,1,90.1460,0.3650
1485,274,26,247,1,90.1460,0.3650
1486,273,27,245,1,89.7436,0.3663
1487,272,27,244,1,89.7059,0.3676
1488,270,27,242,1,89.6296,0.3704
1489,269,28,240,1,89.2193,0.3717
1490,268,28,239,1,89.1791,0.3731
1491,264,27,236,1,89.3939,0.3788
1492,264,26,237,1,89.7727,0.3788
1493,263,26,236,1,89.7338,0.3802
1494,261,26,234,1,89.6552,0.3831
1495,261,26,234,1,89.6552,0.3831
1496,261,27,233,1,89.2720,0.3831
1497,261,27,233,1,89.2720,0.3831
1498,260,26,233,1,89.6154,0.3846
1499,259,26,232,1,89.5753,0.3861
1500,258,26,231,1,89.5349,0.3876
1501,257,26,230,1,89.4942,0.3891
1502,257,26,230,1,89.4942,0.3891
1503,257,26,229,2,89.1051,0.7782
1504,257,26,229,2,89.1051,0.7782
1505,257,25,230,2,89.4942,0.7782
1506,255,25,228,2,89.4118,0.7843
1507,254,25,227,2,89.3701,0.7874
1508,253,24,227,2,89.7233,0.7905
1509,253,24,227,2,89.7233,0.7905
1510,253,24,227,2,89.7233,0.7905
1511,253,24,227,2,89.7233,0.7905
1512,250,24,224,2,89.6000,0.8000
1513,249,24,223,2,89.5582,0.8032
1514,249,23,224,2,89.9598,0.8032
1515,249,23,224,2,89.9598,0.8032
1516,248,23,223,2,89.9194,0.8065
1517,248,23,223,2,89.9194,0.8065
1518,248,23,223,2,89.9194,0.8065
1519,249,24,223,2,89.5582,0.8032
1520,248,25,220,3,88.7097,1.2097
1521,248,24,221,3,89.1129,1.2097
1522,249,24,222,3,89.1566,1.2048
1523,248,25,220,3,88.7097,1.2097
1524,247,24,220,3,89.0688,1.2146
1525,247,23,222,2,89.8785,0.8097
1526,246,23,221,2,89.8374,0.8130
1527,247,24,221,2,89.4737,0.8097
1528,245,24,219,2,89.3878,0.8163
1529,247,26,219,2,88.6640,0.8097
1530,247,26,219,2,88.6640,0.8097
1531,248,27,219,2,88.3065,0.8065
1532,247,27,218,2,88.2591,0.8097
1533,247,27,218,2,88.2591,0.8097
1534,244,27,215,2,88.1148,0.8197
1535,244,27,214,3,87.7049,1.2295
1536,244,27,214,3,87.7049,1.2295
1537,243,27,213,3,87.6543,1.2346
1538,243,24,216,3,88.8889,1.2346
1539,244,25,216,3,88.5246,1.2295
1540,243,24,216,3,88.8889,1.2346
1541,243,25,215,3,88.4774,1.2346
1542,241,25,213,3,88.3817,1.2448
1543,241,25,213,3,88.3817,1.2448
1544,240,24,213,3,88.7500,1.2500
1545,239,22,214,3,89.5397,1.2552
1546,238,22,213,3,89.4958,1.2605
1547,238,22,213,3,89.4958,1.2605
1548,237,22,212,3,89.4515,1.2658
1549,238,24,211,3,88.6555,1.2605
1550,238,24,211,3,88.6555,1.2605
1551,238,24,211,3,88.6555,1.2605
1552,238,23,212,3,89.0756,1.2605
1553,237,22,212,3,89.4515,1.2658
1554,236,22,211,3,89.4068,1.2712
1555,236,23,211,2,89.4068,0.8475
1556,236,23,210,3,88.9831,1.2712
1557,237,24,210,3,88.6076,1.2658
1558,236,24,209,3,88.5593,1.2712
1559,237,24,210,3,88.6076,1.2658
1560,235,24,208,3,88.5106,1.2766
1561,235,24,208,3,88.5106,1.2766
1562,235,24,208,3,88.5106,1.2766
1563,233,24,206,3,88.4120,1.2876
1564,233,24,206,3,88.4120,1.2876
1565,232,24,205,3,88.3621,1.2931
1566,232,23,206,3,88.7931,1.2931
1567,231,23,205,3,88.7446,1.2987
1568,231,24,204,3,88.3117,1.2987
1569,230,24,203,3,88.2609,1.3043
1570,230,24,203,3,88.2609,1.3043
1571,230,24,203,3,88.2609,1.3043
1572,230,25,203,2,88.2609,0.8696
1573,228,25,201,2,88.1579,0.8772
1574,228,25,201,2,88.1579,0.8772
1575,227,25,200,2,88.1057,0.8811
1576,227,25,200,2,88.1057,0.8811
1577,225,25,198,2,88.0000,0.8889
1578,223,25,196,2,87.8924,0.8969
1579,222,25,195,2,87.8378,0.9009
1580,222,25,195,2,87.8378,0.9009
1581,222,25,195,2,87.8378,0.9009
1582,224,27,195,2,87.0536,0.8929
1583,224,27,195,2,87.0536,0.8929
1584,222,26,194,2,87.3874,0.9009
1585,222,26,194,2,87.3874,0.9009
1586,221,26,193,2,87.3303,0.9050
1587,221,26,194,1,87.7828,0.4525
1588,221,26,193,2,87.3303,0.9050
1589,220,26,192,2,87.2727,0.9091
1590,219,26,191,2,87.2146,0.9132
1591,220,27,191,2,86.8182,0.9091
1592,221,29,190,2,85.9729,0.9050
1593,220,29,189,2,85.9091,0.9091
1594,220,29,188,3,85.4545,1.3636
1595,219,29,187,3,85.3881,1.3699
1596,218,30,185,3,84.8624,1.3761
1597,217,30,184,3,84.7926,1.3825
1598,217,31,183,3,84.3318,1.3825
1599,215,31,181,3,84.1860,1.3953
1600,216,32,181,3,83.7963,1.3889
1601,216,32,181,3,83.7963,1.3889
1602,217,33,181,3,83.4101,1.3825
1603,216,33,180,3,83.3333,1.3889
1604,217,34,180,3,82.9493,1.3825
1605,215,33,179,3,83.2558,1.3953
1606,215,33,178,4,82.7907,1.8605
1607,214,32,178,4,83.1776,1.8692
1608,214,33,178,3,83.1776,1.4019
1609,213,32,178,3,83.5681,1.4085
1610,212,32,177,3,83.4906,1.4151
1611,212,32,177,3,83.4906,1.4151
1612,212,33,176,3,83.0189,1.4151
1613,212,34,175,3,82.5472,1.4151
1614,212,34,175,3,82.5472,1.4151
1615,213,35,175,3,82.1596,1.4085
1616,213,34,176,3,82.6291,1.4085
1617,213,35,175,3,82.1596,1.4085
1618,213,35,175,3,82.1596,1.4085
1619,213,35,175,3,82.1596,1.4085
1620,213,35,175,3,82.1596,1.4085
1621,214,36,175,3,81.7757,1.4019
1622,213,35,175,3,82.1596,1.4085
1623,213,36,174,3,81.6901,1.4085
1624,213,35,175,3,82.1596,1.4085
1625,213,35,175,3,82.1596,1.4085
1626,212,36,173,3,81.6038,1.4151
1627,211,37,171,3,81.0427,1.4218
1628,211,37,171,3,81.0427,1.4218
1629,211,37,171,3,81.0427,1.4218
1630,210,38,169,3,80.4762,1.4286
1631,209,38,168,3,80.3828,1.4354
1632,209,38,168,3,80.3828,1.4354
1633,207,39,165,3,79.7101,1.4493
1634,206,38,165,3,80.0971,1.4563
1635,206,37,166,3,80.5825,1.4563
1636,205,38,164,3,80.0000,1.4634
1637,204,37,164,3,80.3922,1.4706
1638,203,37,163,3,80.2956,1.4778
1639,204,38,163,3,79.9020,1.4706
1640,204,39,163,2,79.9020,0.9804
1641,205,39,164,2,80.0000,0.9756
1642,202,39,161,2,79.7030,0.9901
1643,200,39,159,2,79.5000,1.0000
1644,200,39,159,2,79.5000,1.0000
1645,201,39,160,2,79.6020,0.9950
1646,200,39,160,1,80.0000,0.5000
1647,200,39,160,1,80.0000,0.5000
1648,199,39,159,1,79.8995,0.5025
1649,200,40,159,1,79.5000,0.5000
1650,200,40,159,1,79.5000,0.5000
1651,198,40,157,1,79.2929,0.5051
1652,197,40,156,1,79.1878,0.5076
1653,198,41,156,1,78.7879,0.5051
1654,198,40,157,1,79.2929,0.5051
1655,198,39,158,1,79.7980,0.5051
1656,199,39,159,1,79.8995,0.5025
1657,198,39,158,1,79.7980,0.5051
1658,199,41,158,0,79.3970,0.0000
1659,198,42,156,0,78.7879,0.0000
1660,198,41,157,0,79.2929,0.0000
1661,198,41,157,0,79.2929,0.0000
1662,198,41,157,0,79.2929,0.0000
1663,197,42,155,0,78.6802,0.0000
1664,197,42,155,0,78.6802,0.0000
1665,198,42,156,0,78.7879,0.0000
1666,199,43,156,0,78.3920,0.0000
1667,197,42,155,0,78.6802,0.0000
1668,197,41,156,0,79.1878,0.0000
1669,196,41,155,0,79.0816,0.0000
1670,196,40,156,0,79.5918,0.0000
1671,196,39,157,0,80.1020,0.0000
1672,194,39,155,0,79.8969,0.0000
1673,195,40,155,0,79.4872,0.0000
1674,195,40,155,0,79.4872,0.0000
1675,195,40,155,0,79.4872,0.0000
1676,193,40,153,0,79.2746,0.0000
1677,193,40,153,0,79.2746,0.0000
1678,193,40,153,0,79.2746,0.0000
1679,193,40,153,0,79.2746,0.0000
1680,194,41,153,0,78.8660,0.0000
1681,193,41,152,0,78.7565,0.0000
1682,193,41,152,0,78.7565,0.0000
1683,193,41,152,0,78.7565,0.0000
1684,193,39,154,0,79.7927,0.0000
1685,193,38,155,0,80.3109,0.0000
1686,192,38,154,0,80.2083,0.0000
1687,192,38,154,0,80.2083,0.0000
1688,192,39,153,0,79.6875,0.0000
1689,192,39,153,0,79.6875,0.0000
1690,190,39,151,0,79.4737,0.0000
1691,190,39,151,0,79.4737,0.0000
1692,191,39,152,0,79.5812,0.0000
1693,193,40,153,0,79.2746,0.0000
1694,193,40,153,0,79.2746,0.0000
1695,192,40,152,0,79.1667,0.0000
1696,192,41,151,0,78.6458,0.0000
1697,194,43,151,0,77.8351,0.0000
1698,195,43,152,0,77.9487,0.0000
1699,195,43,152,0,77.9487,0.0000
1700,195,43,152,0,77.9487,0.0000
1701,195,43,152,0,77.9487,0.0000
1702,195,43,152,0,77.9487,0.0000
1703,197,45,152,0,77.1574,0.0000
1704,197,46,151,0,76.6497,0.0000
1705,197,46,150,1,76.1421,0.5076
1706,198,46,151,1,76.2626,0.5051
1707,198,45,152,1,76.7677,0.5051
1708,198,45,152,1,76.7677,0.5051
1709,197,46,150,1,76.1421,0.5076
1710,198,47,150,1,75.7576,0.5051
1711,199,48,150,1,75.3769,0.5025
1712,199,47,151,1,75.8794,0.5025
1713,199,47,151,1,75.8794,0.5025
1714,198,47,150,1,75.7576,0.5051
1715,198,47,150,1,75.7576,0.5051
1716,200,49,150,1,75.0000,0.5000
1717,200,50,149,1,74.5000,0.5000
1718,200,50,149,1,74.5000,0.5000
1719,200,50,149,1,74.5000,0.5000
1720,200,50,149,1,74.5000,0.5000
1721,201,51,149,1,74.1294,0.4975
1722,201,51,149,1,74.1294,0.4975
1723,202,51,150,1,74.2574,0.4950
1724,202,51,150,1,74.2574,0.4950
1725,201,51,149,1,74.1294,0.4975
1726,202,52,149,1,73.7624,0.4950
1727,202,52,149,1,73.7624,0.4950
1728,201,51,149,1,74.1294,0.4975
1729,201,51,149,1,74.1294,0.4975
1730,203,52,150,1,73.8916,0.4926
1731,205,54,150,1,73.1707,0.4878
1732,206,55,150,1,72.8155,0.4854
1733,207,57,149,1,71.9807,0.4831
1734,209,59,149,1,71.2919,0.4785
1735,209,59,149,1,71.2919,0.4785
1736,210,60,149,1,70.9524,0.4762
1737,212,62,149,1,70.2830,0.4717
1738,212,62,149,1,70.2830,0.4717
1739,214,62,151,1,70.5607,0.4673
1740,214,63,150,1,70.0935,0.4673
1741,215,64,150,1,69.7674,0.4651
1742,214,64,149,1,69.6262,0.4673
1743,214,65,147,2,68.6916,0.9346
1744,216,67,147,2,68.0556,0.9259
1745,216,65,149,2,68.9815,0.9259
1746,216,65,149,2,68.9815,0.9259
1747,216,65,149,2,68.9815,0.9259
1748,214,66,146,2,68.2243,0.9346
1749,214,66,146,2,68.2243,0.9346
1750,215,67,146,2,67.9070,0.9302
1751,215,67,146,2,67.9070,0.9302
1752,215,69,144,2,66.9767,0.9302
1753,217,71,144,2,66.3594,0.9217
1754,216,71,143,2,66.2037,0.9259
1755,218,73,143,2,65.5963,0.9174
1756,218,73,143,2,65.5963,0.9174
1757,219,75,143,1,65.2968,0.4566
1758,219,74,144,1,65.7534,0.4566
1759,220,75,143,2,65.0000,0.9091
1760,222,77,143,2,64.4144,0.9009
1761,223,77,144,2,64.5740,0.8969
1762,224,77,145,2,64.7321,0.8929
1763,224,76,146,2,65.1786,0.8929
1764,224,76,146,2,65.1786,0.8929
1765,227,77,148,2,65.1982,0.8811
1766,227,77,148,2,65.1982,0.8811
1767,228,78,148,2,64.9123,0.8772
1768,230,80,148,2,64.3478,0.8696
1769,231,81,148,2,64.0693,0.8658
1770,235,84,149,2,63.4043,0.8511
1771,233,85,146,2,62.6609,0.8584
1772,234,87,145,2,61.9658,0.8547
1773,234,86,146,2,62.3932,0.8547
1774,235,87,146,2,62.1277,0.8511
1775,236,88,146,2,61.8644,0.8475
1776,236,88,146,2,61.8644,0.8475
1777,237,89,146,2,61.6034,0.8439
1778,238,90,146,2,61.3445,0.8403
1779,238,90,146,2,61.3445,0.8403
1780,239,91,146,2,61.0879,0.8368
1781,242,93,147,2,60.7438,0.8264
1782,242,93,146,3,60.3306,1.2397
1783,241,92,146,3,60.5809,1.2448
1784,242,93,146,3,60.3306,1.2397
1785,243,93,147,3,60.4938,1.2346
1786,243,93,147,3,60.4938,1.2346
1787,243,93,147,3,60.4938,1.2346
1788,243,90,150,3,61.7284,1.2346
1789,244,90,151,3,61.8852,1.2295
1790,245,90,152,3,62.0408,1.2245
1791,248,91,154,3,62.0968,1.2097
1792,247,88,156,3,63.1579,1.2146
1793,247,88,156,3,63.1579,1.2146
1794,248,89,156,3,62.9032,1.2097
1795,249,90,157,2,63.0522,0.8032
1796,249,89,158,2,63.4538,0.8032
1797,250,89,159,2,63.6000,0.8000
1798,252,89,161,2,63.8889,0.7937
1799,253,90,161,2,63.6364,0.7905
1800,253,90,161,2,63.6364,0.7905
1801,253,90,161,2,63.6364,0.7905
1802,253,90,161,2,63.6364,0.7905
1803,255,92,161,2,63.1373,0.7843
1804,255,93,160,2,62.7451,0.7843
1805,255,94,159,2,62.3529,0.7843
1806,256,95,159,2,62.1094,0.7812
1807,256,94,160,2,62.5000,0.7812
1808,257,93,162,2,63.0350,0.7782
1809,258,94,162,2,62.7907,0.7752
1810,257,94,161,2,62.6459,0.7782
1811,259,97,161,1,62.1622,0.3861
1812,259,97,161,1,62.1622,0.3861
1813,260,97,162,1,62.3077,0.3846
1814,262,99,162,1,61.8321,0.3817
1815,261,98,162,1,62.0690,0.3831
1816,262,99,162,1,61.8321,0.3817
1817,262,99,162,1,61.8321,0.3817
1818,262,100,161,1,61.4504,0.3817
1819,263,101,161,1,61.2167,0.3802
1820,262,101,160,1,61.0687,0.3817
1821,261,101,159,1,60.9195,0.3831
1822,259,100,158,1,61.0039,0.3861
1823,258,99,158,1,61.2403,0.3876
1824,259,100,158,1,61.0039,0.3861
1825,259,98,160,1,61.7761,0.3861
1826,261,99,161,1,61.6858,0.3831
1827,263,99,163,1,61.9772,0.3802
1828,265,101,163,1,61.5094,0.3774
1829,264,101,162,1,61.3636,0.3788
1830,264,100,163,1,61.7424,0.3788
1831,264,100,163,1,61.7424,0.3788
1832,265,100,164,1,61.8868,0.3774
1833,265,101,163,1,61.5094,0.3774
1834,265,103,162,0,61.1321,0.0000
1835,265,101,164,0,61.8868,0.0000
1836,266,99,167,0,62.7820,0.0000
1837,266,99,167,0,62.7820,0.0000
1838,268,101,167,0,62.3134,0.0000
1839,268,101,167,0,62.3134,0.0000
1840,269,102,167,0,62.0818,0.0000
1841,270,102,168,0,62.2222,0.0000
1842,271,103,168,0,61.9926,0.0000
1843,271,102,169,0,62.3616,0.0000
1844,274,103,171,0,62.4088,0.0000
1845,274,102,172,0,62.7737,0.0000
1846,273,102,171,0,62.6374,0.0000
1847,272,102,170,0,62.5000,0.0000
1848,272,102,170,0,62.5000,0.0000
1849,274,104,170,0,62.0438,0.0000
1850,275,105,170,0,61.8182,0.0000
1851,275,103,172,0,62.5455,0.0000
1852,277,105,172,0,62.0939,0.0000
1853,277,102,175,0,63.1769,0.0000
1854,276,101,175,0,63.4058,0.0000
1855,276,101,175,0,63.4058,0.0000
1856,275,99,176,0,64.0000,0.0000
1857,276,100,176,0,63.7681,0.0000
1858,278,99,179,0,64.3885,0.0000
1859,278,97,181,0,65.1079,0.0000
1860,278,98,180,0,64.7482,0.0000
1861,281,101,180,0,64.0569,0.0000
1862,281,101,180,0,64.0569,0.0000
1863,282,102,180,0,63.8298,0.0000
1864,283,102,181,0,63.9576,0.0000
1865,285,103,182,0,63.8596,0.0000
1866,287,104,183,0,63.7631,0.0000
1867,288,105,183,0,63.5417,0.0000
1868,288,106,182,0,63.1944,0.0000
1869,290,109,181,0,62.4138,0.0000
1870,290,109,181,0,62.4138,0.0000
1871,291,110,181,0,62.1993,0.0000
1872,292,110,182,0,62.3288,0.0000
1873,295,110,185,0,62.7119,0.0000
1874,296,111,185,0,62.5000,0.0000
1875,296,112,184,0,62.1622,0.0000
1876,297,111,186,0,62.6263,0.0000
1877,297,110,187,0,62.9630,0.0000
1878,299,110,189,0,63.2107,0.0000
1879,299,107,192,0,64.2140,0.0000
1880,300,108,192,0,64.0000,0.0000
1881,298,108,190,0,63.7584,0.0000
1882,298,107,191,0,64.0940,0.0000
1883,299,107,192,0,64.2140,0.0000
1884,300,107,193,0,64.3333,0.0000
1885,300,107,193,0,64.3333,0.0000
1886,300,107,193,0,64.3333,0.0000
1887,299,106,193,0,64.5485,0.0000
1888,301,108,193,0,64.1196,0.0000
1889,301,106,195,0,64.7841,0.0000
1890,300,106,194,0,64.6667,0.0000
1891,300,105,195,0,65.0000,0.0000
1892,300,105,195,0,65.0000,0.0000
1893,300,103,197,0,65.6667,0.0000
1894,300,103,197,0,65.6667,0.0000
1895,298,103,195,0,65.4362,0.0000
1896,300,105,195,0,65.0000,0.0000
1897,299,104,195,0,65.2174,0.0000
1898,301,106,195,0,64.7841,0.0000
1899,300,106,194,0,64.6667,0.0000
1900,300,105,195,0,65.0000,0.0000
1901,300,104,196,0,65.3333,0.0000
1902,299,103,196,0,65.5518,0.0000
1903,299,104,195,0,65.2174,0.0000
1904,299,103,196,0,65.5518,0.0000
1905,300,104,196,0,65.3333,0.0000
1906,299,104,195,0,65.2174,0.0000
1907,300,105,195,0,65.0000,0.0000
1908,299,105,194,0,64.8829,0.0000
1909,301,105,196,0,65.1163,0.0000
1910,301,105,196,0,65.1163,0.0000
1911,301,104,197,0,65.4485,0.0000
1912,300,102,198,0,66.0000,0.0000
1913,300,100,200,0,66.6667,0.0000
1914,300,100,200,0,66.6667,0.0000
1915,300,100,200,0,66.6667,0.0000
1916,300,100,200,0,66.6667,0.0000
1917,300,100,200,0,66.6667,0.0000
1918,300,99,201,0,67.0000,0.0000
1919,300,98,202,0,67.3333,0.0000
1920,300,98,202,0,67.3333,0.0000
1921,300,97,203,0,67.6667,0.0000
1922,300,96,204,0,68.0000,0.0000
1923,300,96,204,0,68.0000,0.0000
1924,300,95,205,0,68.3333,0.0000
1925,300,95,205,0,68.3333,0.0000
1926,300,94,206,0,68.6667,0.0000
1927,297,93,204,0,68.6869,0.0000
1928,296,92,204,0,68.9189,0.0000
1929,297,92,205,0,69.0236,0.0000
1930,297,92,205,0,69.0236,0.0000
1931,300,95,205,0,68.3333,0.0000
1932,300,94,206,0,68.6667,0.0000
1933,298,93,205,0,68.7919,0.0000
1934,299,94,205,0,68.5619,0.0000
1935,299,94,205,0,68.5619,0.0000
1936,300,95,205,0,68.3333,0.0000
1937,300,94,206,0,68.6667,0.0000
1938,300,92,208,0,69.3333,0.0000
1939,300,92,208,0,69.3333,0.0000
1940,300,92,208,0,69.3333,0.0000
1941,299,91,208,0,69.5652,0.0000
1942,299,90,209,0,69.8997,0.0000
1943,301,91,210,0,69.7674,0.0000
1944,301,90,211,0,70.0997,0.0000
1945,300,89,211,0,70.3333,0.0000
1946,299,89,210,0,70.2341,0.0000
1947,298,89,209,0,70.1342,0.0000
1948,300,93,207,0,69.0000,0.0000
1949,300,93,206,1,68.6667,0.3333
1950,300,93,206,1,68.6667,0.3333
1951,300,91,208,1,69.3333,0.3333
1952,300,89,210,1,70.0000,0.3333
1953,299,89,209,1,69.8997,0.3344
1954,300,89,210,1,70.0000,0.3333
1955,300,89,210,1,70.0000,0.3333
1956,300,88,211,1,70.3333,0.3333
1957,299,86,212,1,70.9030,0.3344
1958,302,89,212,1,70.1987,0.3311
1959,302,88,213,1,70.5298,0.3311
1960,302,87,214,1,70.8609,0.3311
1961,302,85,216,1,71.5232,0.3311
1962,302,85,216,1,71.5232,0.3311
1963,302,85,215,2,71.1921,0.6623
1964,301,84,215,2,71.4286,0.6645
1965,301,84,215,2,71.4286,0.6645
1966,301,83,216,2,71.7608,0.6645
1967,301,83,216,2,71.7608,0.6645
1968,300,83,215,2,71.6667,0.6667
1969,300,83,215,2,71.6667,0.6667
1970,300,82,216,2,72.0000,0.6667
1971,300,80,218,2,72.6667,0.6667
1972,299,80,217,2,72.5753,0.6689
1973,299,79,218,2,72.9097,0.6689
1974,297,80,215,2,72.3906,0.6734
1975,296,80,214,2,72.2973,0.6757
1976,297,81,214,2,72.0539,0.6734
1977,297,81,214,2,72.0539,0.6734
1978,297,80,215,2,72.3906,0.6734
1979,297,79,216,2,72.7273,0.6734
1980,297,78,217,2,73.0640,0.6734
1981,298,79,217,2,72.8188,0.6711
1982,298,79,217,2,72.8188,0.6711
1983,298,79,217,2,72.8188,0.6711
1984,298,79,217,2,72.8188,0.6711
1985,298,77,219,2,73.4899,0.6711
1986,299,78,219,2,73.2441,0.6689
1987,300,77,221,2,73.6667,0.6667
1988,300,75,223,2,74.3333,0.6667
1989,300,75,223,2,74.3333,0.6667
1990,300,75,223,2,74.3333,0.6667
1991,300,75,222,3,74.0000,1.0000
1992,299,73,223,3,74.5819,1.0033
1993,299,73,223,3,74.5819,1.0033
1994,300,72,225,3,75.0000,1.0000
1995,300,70,227,3,75.6667,1.0000
1996,300,70,227,3,75.6667,1.0000
1997,300,70,227,3,75.6667,1.0000
1998,299,69,227,3,75.9197,1.0033
1999,301,71,227,3,75.4153,0.9967
2000,301,69,229,3,76.0797,0.9967
2001,301,70,229,2,76.0797,0.6645
2002,301,70,229,2,76.0797,0.6645
2003,301,69,230,2,76.4120,0.6645
2004,301,67,232,2,77.0764,0.6645
2005,300,67,231,2,77.0000,0.6667
2006,299,67,230,2,76.9231,0.6689
2007,300,68,230,2,76.6667,0.6667
2008,300,67,231,2,77.0000,0.6667
2009,299,67,230,2,76.9231,0.6689
2010,299,66,231,2,77.2575,0.6689
2011,300,67,231,2,77.0000,0.6667
2012,300,66,232,2,77.3333,0.6667
2013,300,65,233,2,77.6667,0.6667
2014,299,65,232,2,77.5920,0.6689
2015,299,65,233,1,77.9264,0.3344
2016,300,66,233,1,77.6667,0.3333
2017,300,66,233,1,77.6667,0.3333
2018,300,66,233,1,77.6667,0.3333
2019,300,65,234,1,78.0000,0.3333
2020,300,64,235,1,78.3333,0.3333
2021,300,63,236,1,78.6667,0.3333
2022,299,62,236,1,78.9298,0.3344
2023,298,61,236,1,79.1946,0.3356
2024,297,61,235,1,79.1246,0.3367
2025,296,60,235,1,79.3919,0.3378
2026,295,59,235,1,79.6610,0.3390
2027,295,58,236,1,80.0000,0.3390
2028,295,57,237,1,80.3390,0.3390
2029,296,58,237,1,80.0676,0.3378
2030,296,56,239,1,80.7432,0.3378
2031,297,56,240,1,80.8081,0.3367
2032,298,55,242,1,81.2081,0.3356
2033,298,54,243,1,81.5436,0.3356
2034,298,53,244,1,81.8792,0.3356
2035,299,52,246,1,82.2742,0.3344
2036,299,50,248,1,82.9431,0.3344
2037,300,51,248,1,82.6667,0.3333
2038,299,51,247,1,82.6087,0.3344
2039,297,50,246,1,82.8283,0.3367
2040,299,52,245,2,81.9398,0.6689
2041,299,51,246,2,82.2742,0.6689
2042,299,51,246,2,82.2742,0.6689
2043,298,51,246,1,82.5503,0.3356
2044,298,51,246,1,82.5503,0.3356
2045,298,52,245,1,82.2148,0.3356
2046,296,51,244,1,82.4324,0.3378
2047,296,51,244,1,82.4324,0.3378
2048,297,51,245,1,82.4916,0.3367
2049,298,52,245,1,82.2148,0.3356
2050,299,53,245,1,81.9398,0.3344
2051,299,52,246,1,82.2742,0.3344
2052,298,51,246,1,82.5503,0.3356
2053,298,50,247,1,82.8859,0.3356
2054,297,50,246,1,82.8283,0.3367
2055,298,51,246,1,82.5503,0.3356
2056,298,50,247,1,82.8859,0.3356
2057,298,50,247,1,82.8859,0.3356
2058,299,50,248,1,82.9431,0.3344
2059,299,49,249,1,83.2776,0.3344
2060,299,49,248,2,82.9431,0.6689
2061,300,50,248,2,82.6667,0.6667
2062,300,49,249,2,83.0000,0.6667
2063,300,49,249,2,83.0000,0.6667
2064,300,49,249,2,83.0000,0.6667
2065,300,49,249,2,83.0000,0.6667
2066,300,49,249,2,83.0000,0.6667
2067,299,49,248,2,82.9431,0.6689
2068,299,49,248,2,82.9431,0.6689
2069,299,49,248,2,82.9431,0.6689
2070,300,48,250,2,83.3333,0.6667
2071,300,48,250,2,83.3333,0.6667
2072,300,47,251,2,83.6667,0.6667
2073,300,47,251,2,83.6667,0.6667
2074,300,46,252,2,84.0000,0.6667
2075,300,46,252,2,84.0000,0.6667
2076,300,46,252,2,84.0000,0.6667
2077,300,46,252,2,84.0000,0.6667
2078,300,45,253,2,84.3333,0.6667
2079,300,45,253,2,84.3333,0.6667
2080,300,43,255,2,85.0000,0.6667
2081,300,42,256,2,85.3333,0.6667
2082,300,42,256,2,85.3333,0.6667
2083,300,41,257,2,85.6667,0.6667
2084,299,40,257,2,85.9532,0.6689
2085,301,41,258,2,85.7143,0.6645
2086,301,41,258,2,85.7143,0.6645
2087,300,41,257,2,85.6667,0.6667
2088,300,41,257,2,85.6667,0.6667
2089,300,40,258,2,86.0000,0.6667
2090,300,38,260,2,86.6667,0.6667
2091,300,38,260,2,86.6667,0.6667
2092,300,37,262,1,87.3333,0.3333
2093,300,36,263,1,87.6667,0.3333
2094,300,36,263,1,87.6667,0.3333
2095,300,36,263,1,87.6667,0.3333
2096,300,36,263,1,87.6667,0.3333
2097,300,36,263,1,87.6667,0.3333
2098,300,36,263,1,87.6667,0.3333
2099,300,36,263,1,87.6667,0.3333
2100,300,35,264,1,88.0000,0.3333
2101,300,35,264,1,88.0000,0.3333
2102,300,35,264,1,88.0000,0.3333
2103,300,32,267,1,89.0000,0.3333
2104,300,32,267,1,89.0000,0.3333
2105,300,31,268,1,89.3333,0.3333
2106,299,31,267,1,89.2977,0.3344
2107,298,31,266,1,89.2617,0.3356
2108,298,31,266,1,89.2617,0.3356
2109,297,30,266,1,89.5623,0.3367
2110,297,29,267,1,89.8990,0.3367
2111,297,29,267,1,89.8990,0.3367
2112,299,32,267,0,89.2977,0.0000
2113,299,31,268,0,89.6321,0.0000
2114,300,31,269,0,89.6667,0.0000
2115,300,30,270,0,90.0000,0.0000
2116,299,29,270,0,90.3010,0.0000
2117,300,30,270,0,90.0000,0.0000
2118,300,30,270,0,90.0000,0.0000
2119,300,30,270,0,90.0000,0.0000
2120,300,30,270,0,90.0000,0.0000
2121,300,30,270,0,90.0000,0.0000
2122,300,30,270,0,90.0000,0.0000
2123,299,29,270,0,90.3010,0.0000
2124,298,29,269,0,90.2685,0.0000
2125,298,29,269,0,90.2685,0.0000
2126,298,29,269,0,90.2685,0.0000
2127,298,28,270,0,90.6040,0.0000
2128,298,28,270,0,90.6040,0.0000
2129,298,28,270,0,90.6040,0.0000
2130,298,28,270,0,90.6040,0.0000
2131,298,28,270,0,90.6040,0.0000
2132,299,29,270,0,90.3010,0.0000
2133,299,29,270,0,90.3010,0.0000
2134,298,29,269,0,90.2685,0.0000
2135,298,29,269,0,90.2685,0.0000
2136,298,29,269,0,90.2685,0.0000
2137,298,28,270,0,90.6040,0.0000
2138,298,29,269,0,90.2685,0.0000
2139,298,27,271,0,90.9396,0.0000
2140,300,28,272,0,90.6667,0.0000
2141,300,28,272,0,90.6667,0.0000
2142,299,28,271,0,90.6355,0.0000
2143,299,28,271,0,90.6355,0.0000
2144,299,28,271,0,90.6355,0.0000
2145,298,27,271,0,90.9396,0.0000
2146,298,26,272,0,91.2752,0.0000
2147,297,26,271,0,91.2458,0.0000
2148,297,25,272,0,91.5825,0.0000
2149,297,24,273,0,91.9192,0.0000
2150,297,23,274,0,92.2559,0.0000
2151,297,22,275,0,92.5926,0.0000
2152,297,22,275,0,92.5926,0.0000
2153,297,22,275,0,92.5926,0.0000
2154,297,22,275,0,92.5926,0.0000
2155,296,21,275,0,92.9054,0.0000
2156,294,20,274,0,93.1973,0.0000
2157,294,20,274,0,93.1973,0.0000
2158,294,20,274,0,93.1973,0.0000
2159,296,22,274,0,92.5676,0.0000
2160,296,21,275,0,92.9054,0.0000
2161,296,21,274,1,92.5676,0.3378
2162,296,21,274,1,92.5676,0.3378
2163,296,21,274,1,92.5676,0.3378
2164,296,21,274,1,92.5676,0.3378
2165,296,21,274,1,92.5676,0.3378
2166,295,21,273,1,92.5424,0.3390
2167,297,23,273,1,91.9192,0.3367
2168,297,24,272,1,91.5825,0.3367
2169,296,24,271,1,91.5541,0.3378
2170,296,24,271,1,91.5541,0.3378
2171,295,24,270,1,91.5254,0.3390
2172,295,25,269,1,91.1864,0.3390
2173,296,26,269,1,90.8784,0.3378
2174,296,26,269,1,90.8784,0.3378
2175,296,26,269,1,90.8784,0.3378
2176,296,25,270,1,91.2162,0.3378
2177,296,25,270,1,91.2162,0.3378
2178,296,25,270,1,91.2162,0.3378
2179,296,25,270,1,91.2162,0.3378
2180,297,26,270,1,90.9091,0.3367
2181,298,27,270,1,90.6040,0.3356
2182,298,26,271,1,90.9396,0.3356
2183,298,26,271,1,90.9396,0.3356
2184,297,25,271,1,91.2458,0.3367
2185,295,25,269,1,91.1864,0.3390
2186,296,25,270,1,91.2162,0.3378
2187,296,25,270,1,91.2162,0.3378
2188,296,24,271,1,91.5541,0.3378
2189,296,23,272,1,91.8919,0.3378
2190,296,23,272,1,91.8919,0.3378
2191,296,23,272,1,91.8919,0.3378
2192,295,23,271,1,91.8644,0.3390
2193,294,23,270,1,91.8367,0.3401
2194,294,22,271,1,92.1769,0.3401
2195,295,23,271,1,91.8644,0.3390
2196,295,22,272,1,92.2034,0.3390
2197,296,23,272,1,91.8919,0.3378
2198,298,25,272,1,91.2752,0.3356
2199,298,24,272,2,91.2752,0.6711
2200,298,24,272,2,91.2752,0.6711
2201,298,24,272,2,91.2752,0.6711
2202,298,23,273,2,91.6107,0.6711
2203,300,25,273,2,91.0000,0.6667
2204,300,25,273,2,91.0000,0.6667
2205,300,25,273,2,91.0000,0.6667
2206,300,24,274,2,91.3333,0.6667
2207,298,24,272,2,91.2752,0.6711
2208,298,24,272,2,91.2752,0.6711
2209,298,23,273,2,91.6107,0.6711
2210,298,23,273,2,91.6107,0.6711
2211,297,23,272,2,91.5825,0.6734
2212,297,23,272,2,91.5825,0.6734
2213,296,24,271,1,91.5541,0.3378
2214,296,24,271,1,91.5541,0.3378
2215,296,23,272,1,91.8919,0.3378
2216,296,22,273,1,92.2297,0.3378
2217,297,23,273,1,91.9192,0.3367
2218,297,22,274,1,92.2559,0.3367
2219,297,22,274,1,92.2559,0.3367
2220,298,23,274,1,91.9463,0.3356
2221,298,23,274,1,91.9463,0.3356
2222,298,23,274,1,91.9463,0.3356
2223,297,22,274,1,92.2559,0.3367
2224,297,22,274,1,92.2559,0.3367
2225,297,20,276,1,92.9293,0.3367
2226,297,20,276,1,92.9293,0.3367
2227,298,21,276,1,92.6174,0.3356
2228,298,21,276,1,92.6174,0.3356
2229,298,22,275,1,92.2819,0.3356
2230,298,23,274,1,91.9463,0.3356
2231,299,22,276,1,92.3077,0.3344
2232,299,21,277,1,92.6421,0.3344
2233,301,22,278,1,92.3588,0.3322
2234,301,22,278,1,92.3588,0.3322
2235,301,22,278,1,92.3588,0.3322
2236,301,21,279,1,92.6910,0.3322
2237,301,21,279,1,92.6910,0.3322
2238,301,21,279,1,92.6910,0.3322
2239,301,20,280,1,93.0233,0.3322
2240,299,20,278,1,92.9766,0.3344
2241,300,21,278,1,92.6667,0.3333
2242,300,21,278,1,92.6667,0.3333
2243,300,21,278,1,92.6667,0.3333
2244,300,20,279,1,93.0000,0.3333
2245,299,20,278,1,92.9766,0.3344
2246,299,21,277,1,92.6421,0.3344
2247,299,21,277,1,92.6421,0.3344
2248,299,21,277,1,92.6421,0.3344
2249,299,21,277,1,92.6421,0.3344
2250,300,21,278,1,92.6667,0.3333
2251,300,22,278,0,92.6667,0.0000
2252,300,20,280,0,93.3333,0.0000
2253,300,19,281,0,93.6667,0.0000
2254,300,18,282,0,94.0000,0.0000
2255,300,18,282,0,94.0000,0.0000
2256,300,17,283,0,94.3333,0.0000
2257,300,17,283,0,94.3333,0.0000
2258,300,17,283,0,94.3333,0.0000
2259,299,17,282,0,94.3144,0.0000
2260,298,17,281,0,94.2953,0.0000
2261,297,17,280,0,94.2761,0.0000
2262,296,16,280,0,94.5946,0.0000
2263,296,16,280,0,94.5946,0.0000
2264,296,17,279,0,94.2568,0.0000
2265,297,18,279,0,93.9394,0.0000
2266,296,19,277,0,93.5811,0.0000
2267,296,18,278,0,93.9189,0.0000
2268,296,18,278,0,93.9189,0.0000
2269,296,18,278,0,93.9189,0.0000
2270,296,18,277,1,93.5811,0.3378
2271,297,19,277,1,93.2660,0.3367
2272,297,19,277,1,93.2660,0.3367
2273,296,19,276,1,93.2432,0.3378
2274,296,18,277,1,93.5811,0.3378
2275,296,18,277,1,93.5811,0.3378
2276,297,19,277,1,93.2660,0.3367
2277,297,19,277,1,93.2660,0.3367
2278,297,18,278,1,93.6027,0.3367
2279,296,18,277,1,93.5811,0.3378
2280,296,18,277,1,93.5811,0.3378
2281,296,18,277,1,93.5811,0.3378
2282,294,18,275,1,93.5374,0.3401
2283,294,18,275,1,93.5374,0.3401
2284,294,19,274,1,93.1973,0.3401
2285,293,19,273,1,93.1741,0.3413
2286,293,19,273,1,93.1741,0.3413
2287,293,19,273,1,93.1741,0.3413
2288,292,19,272,1,93.1507,0.3425
2289,290,19,270,1,93.1034,0.3448
2290,289,19,269,1,93.0796,0.3460
2291,286,19,266,1,93.0070,0.3497
2292,283,19,263,1,92.9329,0.3534
2293,284,19,264,1,92.9577,0.3521
2294,284,19,264,1,92.9577,0.3521
2295,283,19,263,1,92.9329,0.3534
2296,283,18,264,1,93.2862,0.3534
2297,282,17,264,1,93.6170,0.3546
2298,281,17,263,1,93.5943,0.3559
2299,279,17,261,1,93.5484,0.3584
2300,279,17,261,1,93.5484,0.3584
2301,280,18,261,1,93.2143,0.3571
2302,280,18,261,1,93.2143,0.3571
2303,280,18,261,1,93.2143,0.3571
2304,280,18,261,1,93.2143,0.3571
2305,280,18,261,1,93.2143,0.3571
2306,280,17,262,1,93.5714,0.3571
2307,279,17,261,1,93.5484,0.3584
2308,278,17,260,1,93.5252,0.3597
2309,277,17,259,1,93.5018,0.3610
2310,277,17,259,1,93.5018,0.3610
2311,277,17,259,1,93.5018,0.3610
2312,277,17,259,1,93.5018,0.3610
2313,276,16,259,1,93.8406,0.3623
2314,276,16,259,1,93.8406,0.3623
2315,277,17,259,1,93.5018,0.3610
2316,277,18,258,1,93.1408,0.3610
2317,277,18,257,2,92.7798,0.7220
2318,277,18,257,2,92.7798,0.7220
2319,277,18,257,2,92.7798,0.7220
2320,277,18,257,2,92.7798,0.7220
2321,277,17,258,2,93.1408,0.7220
2322,277,17,259,1,93.5018,0.3610
2323,276,17,258,1,93.4783,0.3623
2324,276,18,257,1,93.1159,0.3623
2325,276,18,257,1,93.1159,0.3623
2326,274,18,255,1,93.0657,0.3650
2327,272,18,253,1,93.0147,0.3676
2328,271,18,252,1,92.9889,0.3690
2329,271,17,253,1,93.3579,0.3690
2330,271,17,253,1,93.3579,0.3690
2331,270,17,252,1,93.3333,0.3704
2332,270,17,252,1,93.3333,0.3704
2333,269,17,251,1,93.3086,0.3717
2334,269,17,251,1,93.3086,0.3717
2335,266,17,248,1,93.2331,0.3759
2336,265,17,247,1,93.2075,0.3774
2337,264,18,245,1,92.8030,0.3788
2338,264,16,246,2,93.1818,0.7576
2339,264,16,246,2,93.1818,0.7576
2340,264,16,246,2,93.1818,0.7576
2341,264,16,246,2,93.1818,0.7576
2342,263,15,246,2,93.5361,0.7605
2343,262,15,245,2,93.5115,0.7634
2344,261,15,244,2,93.4866,0.7663
2345,258,14,242,2,93.7984,0.7752
2346,259,15,242,2,93.4363,0.7722
2347,260,16,242,2,93.0769,0.7692
2348,260,15,243,2,93.4615,0.7692
2349,260,15,243,2,93.4615,0.7692
2350,260,14,244,2,93.8462,0.7692
2351,259,14,243,2,93.8224,0.7722
2352,258,14,242,2,93.7984,0.7752
2353,256,14,240,2,93.7500,0.7812
2354,254,13,239,2,94.0945,0.7874
2355,254,13,239,2,94.0945,0.7874
2356,253,13,238,2,94.0711,0.7905
2357,252,13,237,2,94.0476,0.7937
2358,250,14,234,2,93.6000,0.8000
2359,249,14,233,2,93.5743,0.8032
2360,248,14,232,2,93.5484,0.8065
2361,248,14,232,2,93.5484,0.8065
2362,248,13,233,2,93.9516,0.8065
2363,247,12,233,2,94.3320,0.8097
2364,247,12,233,2,94.3320,0.8097
2365,245,12,231,2,94.2857,0.8163
2366,244,12,230,2,94.2623,0.8197
2367,245,13,230,2,93.8776,0.8163
2368,245,13,230,2,93.8776,0.8163
2369,245,13,231,1,94.2857,0.4082
2370,245,13,231,1,94.2857,0.4082
2371,245,13,231,1,94.2857,0.4082
2372,244,13,230,1,94.2623,0.4098
2373,244,13,230,1,94.2623,0.4098
2374,241,13,227,1,94.1909,0.4149
2375,241,13,227,1,94.1909,0.4149
2376,240,12,226,2,94.1667,0.8333
2377,240,12,226,2,94.1667,0.8333
2378,239,12,225,2,94.1423,0.8368
2379,237,13,222,2,93.6709,0.8439
2380,235,13,220,2,93.6170,0.8511
2381,235,13,220,2,93.6170,0.8511
2382,235,12,221,2,94.0426,0.8511
2383,233,12,219,2,93.9914,0.8584
2384,233,12,219,2,93.9914,0.8584
2385,232,12,218,2,93.9655,0.8621
2386,232,12,218,2,93.9655,0.8621
2387,233,13,218,2,93.5622,0.8584
2388,232,13,217,2,93.5345,0.8621
2389,231,13,216,2,93.5065,0.8658
2390,230,14,215,1,93.4783,0.4348
2391,229,14,214,1,93.4498,0.4367
2392,229,14,214,1,93.4498,0.4367
2393,228,14,213,1,93.4211,0.4386
2394,228,15,212,1,92.9825,0.4386
2395,229,16,212,1,92.5764,0.4367
2396,230,16,213,1,92.6087,0.4348
2397,229,16,212,1,92.5764,0.4367
2398,229,16,212,1,92.5764,0.4367
2399,229,16,212,1,92.5764,0.4367
2400,229,16,212,1,92.5764,0.4367
2401,228,16,211,1,92.5439,0.4386
2402,226,15,210,1,92.9204,0.4425
2403,226,15,210,1,92.9204,0.4425
2404,226,14,211,1,93.3628,0.4425
2405,225,13,211,1,93.7778,0.4444
2406,225,13,211,1,93.7778,0.4444
2407,225,13,211,1,93.7778,0.4444
2408,225,13,211,1,93.7778,0.4444
2409,224,13,210,1,93.7500,0.4464
2410,223,13,209,1,93.7220,0.4484
2411,222,12,209,1,94.1441,0.4505
2412,222,12,208,2,93.6937,0.9009
2413,219,12,205,2,93.6073,0.9132
2414,219,11,206,2,94.0639,0.9132
2415,219,11,206,2,94.0639,0.9132
2416,219,11,206,2,94.0639,0.9132
2417,219,11,206,2,94.0639,0.9132
2418,218,11,205,2,94.0367,0.9174
2419,218,11,205,2,94.0367,0.9174
2420,217,11,204,2,94.0092,0.9217
2421,217,11,204,2,94.0092,0.9217
2422,217,11,203,3,93.5484,1.3825
2423,217,12,202,3,93.0876,1.3825
2424,216,12,201,3,93.0556,1.3889
2425,216,12,201,3,93.0556,1.3889
2426,216,12,201,3,93.0556,1.3889
2427,216,13,200,3,92.5926,1.3889
2428,213,14,197,2,92.4883,0.9390
2429,213,15,196,2,92.0188,0.9390
2430,213,15,196,2,92.0188,0.9390
2431,213,15,196,2,92.0188,0.9390
2432,213,15,196,2,92.0188,0.9390
2433,212,15,195,2,91.9811,0.9434
2434,211,15,194,2,91.9431,0.9479
2435,211,15,194,2,91.9431,0.9479
2436,211,15,194,2,91.9431,0.9479
2437,211,16,193,2,91.4692,0.9479
2438,209,16,191,2,91.3876,0.9569
2439,209,15,192,2,91.8660,0.9569
2440,209,14,193,2,92.3445,0.9569
2441,210,15,193,2,91.9048,0.9524
2442,209,14,193,2,92.3445,0.9569
2443,209,14,193,2,92.3445,0.9569
2444,208,14,192,2,92.3077,0.9615
2445,207,14,191,2,92.2705,0.9662
2446,206,14,190,2,92.2330,0.9709
2447,206,14,190,2,92.2330,0.9709
2448,206,14,190,2,92.2330,0.9709
2449,206,14,190,2,92.2330,0.9709
2450,206,14,190,2,92.2330,0.9709
2451,204,14,188,2,92.1569,0.9804
2452,202,14,186,2,92.0792,0.9901
2453,202,14,186,2,92.0792,0.9901
2454,202,14,186,2,92.0792,0.9901
2455,201,13,186,2,92.5373,0.9950
2456,201,13,186,2,92.5373,0.9950
2457,202,15,185,2,91.5842,0.9901
2458,199,15,182,2,91.4573,1.0050
2459,199,16,181,2,90.9548,1.0050
2460,199,16,181,2,90.9548,1.0050
2461,197,16,179,2,90.8629,1.0152
2462,197,16,179,2,90.8629,1.0152
2463,198,17,179,2,90.4040,1.0101
2464,197,18,178,1,90.3553,0.5076
2465,197,18,178,1,90.3553,0.5076
2466,197,18,178,1,90.3553,0.5076
2467,197,18,178,1,90.3553,0.5076
2468,197,18,178,1,90.3553,0.5076
2469,197,18,178,1,90.3553,0.5076
2470,196,18,177,1,90.3061,0.5102
2471,194,18,175,1,90.2062,0.5155
2472,194,18,175,1,90.2062,0.5155
2473,194,18,175,1,90.2062,0.5155
2474,193,18,175,0,90.6736,0.0000
2475,193,18,175,0,90.6736,0.0000
2476,194,19,175,0,90.2062,0.0000
2477,194,19,174,1,89.6907,0.5155
2478,193,19,173,1,89.6373,0.5181
2479,193,18,174,1,90.1554,0.5181
2480,191,17,173,1,90.5759,0.5236
2481,191,17,173,1,90.5759,0.5236
2482,191,17,173,1,90.5759,0.5236
2483,190,17,172,1,90.5263,0.5263
2484,190,17,172,1,90.5263,0.5263
2485,189,17,171,1,90.4762,0.5291
2486,187,17,169,1,90.3743,0.5348
2487,186,17,168,1,90.3226,0.5376
2488,184,17,166,1,90.2174,0.5435
2489,183,17,165,1,90.1639,0.5464
2490,183,17,165,1,90.1639,0.5464
2491,183,17,165,1,90.1639,0.5464
2492,182,17,164,1,90.1099,0.5495
2493,181,17,163,1,90.0552,0.5525
2494,180,17,162,1,90.0000,0.5556
2495,178,17,160,1,89.8876,0.5618
2496,177,17,159,1,89.8305,0.5650
2497,177,17,159,1,89.8305,0.5650
2498,176,17,158,1,89.7727,0.5682
2499,176,17,158,1,89.7727,0.5682
2500,175,18,156,1,89.1429,0.5714
2501,175,18,156,1,89.1429,0.5714
2502,175,18,156,1,89.1429,0.5714
2503,175,18,156,1,89.1429,0.5714
2504,172,18,153,1,88.9535,0.5814
2505,172,18,153,1,88.9535,0.5814
2506,172,18,153,1,88.9535,0.5814
2507,173,19,153,1,88.4393,0.5780
2508,173,19,153,1,88.4393,0.5780
2509,172,19,152,1,88.3721,0.5814
2510,171,18,152,1,88.8889,0.5848
2511,171,18,152,1,88.8889,0.5848
2512,171,17,153,1,89.4737,0.5848
2513,169,17,151,1,89.3491,0.5917
2514,169,17,151,1,89.3491,0.5917
2515,169,17,151,1,89.3491,0.5917
2516,169,18,150,1,88.7574,0.5917
2517,169,18,150,1,88.7574,0.5917
2518,169,18,150,1,88.7574,0.5917
2519,169,18,150,1,88.7574,0.5917
2520,168,18,149,1,88.6905,0.5952
2521,167,18,147,2,88.0240,1.1976
2522,167,18,147,2,88.0240,1.1976
2523,165,18,145,2,87.8788,1.2121
2524,165,18,145,2,87.8788,1.2121
2525,165,18,145,2,87.8788,1.2121
2526,165,18,145,2,87.8788,1.2121
2527,164,18,144,2,87.8049,1.2195
2528,164,19,143,2,87.1951,1.2195
2529,163,20,142,1,87.1166,0.6135
2530,161,20,140,1,86.9565,0.6211
2531,161,20,140,1,86.9565,0.6211
2532,158,20,137,1,86.7089,0.6329
2533,157,20,136,1,86.6242,0.6369
2534,156,20,135,1,86.5385,0.6410
2535,156,20,135,1,86.5385,0.6410
2536,153,20,132,1,86.2745,0.6536
2537,153,20,131,2,85.6209,1.3072
2538,153,20,131,2,85.6209,1.3072
2539,154,20,131,3,85.0649,1.9481
2540,154,20,131,3,85.0649,1.9481
2541,156,22,131,3,83.9744,1.9231
2542,156,23,130,3,83.3333,1.9231
2543,156,23,130,3,83.3333,1.9231
2544,155,23,129,3,83.2258,1.9355
2545,155,23,129,3,83.2258,1.9355
2546,154,22,129,3,83.7662,1.9481
2547,154,22,129,3,83.7662,1.9481
2548,153,22,128,3,83.6601,1.9608
2549,153,22,128,3,83.6601,1.9608
2550,153,22,128,3,83.6601,1.9608
2551,152,22,127,3,83.5526,1.9737
2552,153,23,127,3,83.0065,1.9608
2553,152,23,126,3,82.8947,1.9737
2554,151,22,126,3,83.4437,1.9868
2555,152,23,126,3,82.8947,1.9737
2556,151,23,125,3,82.7815,1.9868
2557,152,24,125,3,82.2368,1.9737
2558,152,25,124,3,81.5789,1.9737
2559,151,25,123,3,81.4570,1.9868
2560,151,25,123,3,81.4570,1.9868
2561,151,24,124,3,82.1192,1.9868
2562,151,24,124,3,82.1192,1.9868
2563,150,24,123,3,82.0000,2.0000
2564,150,24,123,3,82.0000,2.0000
2565,151,25,123,3,81.4570,1.9868
2566,151,25,123,3,81.4570,1.9868
2567,151,25,123,3,81.4570,1.9868
2568,151,25,123,3,81.4570,1.9868
2569,152,26,123,3,80.9211,1.9737
2570,151,26,122,3,80.7947,1.9868
2571,150,26,121,3,80.6667,2.0000
2572,149,26,120,3,80.5369,2.0134
2573,149,27,120,2,80.5369,1.3423
2574,150,28,120,2,80.0000,1.3333
2575,149,28,119,2,79.8658,1.3423
2576,150,29,119,2,79.3333,1.3333
2577,150,29,119,2,79.3333,1.3333
2578,149,29,118,2,79.1946,1.3423
2579,149,29,118,2,79.1946,1.3423
2580,150,29,119,2,79.3333,1.3333
2581,148,29,117,2,79.0541,1.3514
2582,147,29,116,2,78.9116,1.3605
2583,147,30,115,2,78.2313,1.3605
2584,147,29,116,2,78.9116,1.3605
2585,147,29,116,2,78.9116,1.3605
2586,147,30,115,2,78.2313,1.3605
2587,148,31,115,2,77.7027,1.3514
2588,148,31,115,2,77.7027,1.3514
2589,147,32,114,1,77.5510,0.6803
2590,148,32,115,1,77.7027,0.6757
2591,147,33,113,1,76.8707,0.6803
2592,147,33,113,1,76.8707,0.6803
2593,145,33,111,1,76.5517,0.6897
2594,144,32,111,1,77.0833,0.6944
2595,144,32,111,1,77.0833,0.6944
2596,144,32,111,1,77.0833,0.6944
2597,145,32,112,1,77.2414,0.6897
2598,146,33,112,1,76.7123,0.6849
2599,146,33,112,1,76.7123,0.6849
2600,146,33,112,1,76.7123,0.6849
2601,145,33,111,1,76.5517,0.6897
2602,146,34,111,1,76.0274,0.6849
2603,143,33,109,1,76.2238,0.6993
2604,143,33,109,1,76.2238,0.6993
2605,142,33,108,1,76.0563,0.7042
2606,142,33,108,1,76.0563,0.7042
2607,144,35,108,1,75.0000,0.6944
2608,144,34,109,1,75.6944,0.6944
2609,144,35,108,1,75.0000,0.6944
2610,143,35,107,1,74.8252,0.6993
2611,144,35,108,1,75.0000,0.6944
2612,145,36,108,1,74.4828,0.6897
2613,145,37,107,1,73.7931,0.6897
2614,145,37,107,1,73.7931,0.6897
2615,144,37,106,1,73.6111,0.6944
2616,145,38,106,1,73.1034,0.6897
2617,146,40,105,1,71.9178,0.6849
2618,146,40,105,1,71.9178,0.6849
2619,147,40,106,1,72.1088,0.6803
2620,148,41,106,1,71.6216,0.6757
2621,148,40,107,1,72.2973,0.6757
2622,148,40,107,1,72.2973,0.6757
2623,149,41,107,1,71.8121,0.6711
2624,148,41,106,1,71.6216,0.6757
2625,148,41,106,1,71.6216,0.6757
2626,148,41,106,1,71.6216,0.6757
2627,148,42,105,1,70.9459,0.6757
2628,148,42,105,1,70.9459,0.6757
2629,148,42,105,1,70.9459,0.6757
2630,149,43,105,1,70.4698,0.6711
2631,149,43,105,1,70.4698,0.6711
2632,150,44,105,1,70.0000,0.6667
2633,150,44,105,1,70.0000,0.6667
2634,151,45,105,1,69.5364,0.6623
2635,151,45,105,1,69.5364,0.6623
2636,150,45,104,1,69.3333,0.6667
2637,151,46,104,1,68.8742,0.6623
2638,151,47,103,1,68.2119,0.6623
2639,150,47,102,1,68.0000,0.6667
2640,148,46,101,1,68.2432,0.6757
2641,148,46,101,1,68.2432,0.6757
2642,149,47,101,1,67.7852,0.6711
2643,149,48,101,0,67.7852,0.0000
2644,149,48,101,0,67.7852,0.0000
2645,148,47,101,0,68.2432,0.0000
2646,147,47,100,0,68.0272,0.0000
2647,147,47,100,0,68.0272,0.0000
2648,148,48,100,0,67.5676,0.0000
2649,147,48,99,0,67.3469,0.0000
2650,146,48,98,0,67.1233,0.0000
2651,145,49,96,0,66.2069,0.0000
2652,145,49,96,0,66.2069,0.0000
2653,145,49,96,0,66.2069,0.0000
2654,146,50,96,0,65.7534,0.0000
2655,148,52,96,0,64.8649,0.0000
2656,148,52,96,0,64.8649,0.0000
2657,147,52,95,0,64.6259,0.0000
2658,149,54,95,0,63.7584,0.0000
2659,149,54,95,0,63.7584,0.0000
2660,148,54,94,0,63.5135,0.0000
2661,149,55,94,0,63.0872,0.0000
2662,149,55,94,0,63.0872,0.0000
2663,150,55,95,0,63.3333,0.0000
2664,150,54,96,0,64.0000,0.0000
2665,150,53,97,0,64.6667,0.0000
2666,151,54,97,0,64.2384,0.0000
2667,152,54,98,0,64.4737,0.0000
2668,153,55,98,0,64.0523,0.0000
2669,154,56,98,0,63.6364,0.0000
2670,155,57,98,0,63.2258,0.0000
2671,155,57,98,0,63.2258,0.0000
2672,157,59,98,0,62.4204,0.0000
2673,157,58,99,0,63.0573,0.0000
2674,157,58,99,0,63.0573,0.0000
2675,158,58,100,0,63.2911,0.0000
2676,159,59,100,0,62.8931,0.0000
2677,158,57,101,0,63.9241,0.0000
2678,158,57,101,0,63.9241,0.0000
2679,158,57,101,0,63.9241,0.0000
2680,158,57,101,0,63.9241,0.0000
2681,160,59,101,0,63.1250,0.0000
2682,161,61,100,0,62.1118,0.0000
2683,161,61,100,0,62.1118,0.0000
2684,160,61,99,0,61.8750,0.0000
2685,160,60,100,0,62.5000,0.0000
2686,161,61,100,0,62.1118,0.0000
2687,160,60,100,0,62.5000,0.0000
2688,160,59,101,0,63.1250,0.0000
2689,158,59,99,0,62.6582,0.0000
2690,158,58,100,0,63.2911,0.0000
2691,159,59,100,0,62.8931,0.0000
2692,160,60,100,0,62.5000,0.0000
2693,160,60,100,0,62.5000,0.0000
2694,160,60,100,0,62.5000,0.0000
2695,159,60,99,0,62.2642,0.0000
2696,158,60,98,0,62.0253,0.0000
2697,159,61,98,0,61.6352,0.0000
2698,160,62,98,0,61.2500,0.0000
2699,160,63,97,0,60.6250,0.0000
2700,161,64,97,0,60.2484,0.0000
2701,165,67,98,0,59.3939,0.0000
2702,164,67,97,0,59.1463,0.0000
2703,164,67,97,0,59.1463,0.0000
2704,165,66,99,0,60.0000,0.0000
2705,165,66,99,0,60.0000,0.0000
2706,165,67,98,0,59.3939,0.0000
2707,166,67,99,0,59.6386,0.0000
2708,168,69,99,0,58.9286,0.0000
2709,168,69,99,0,58.9286,0.0000
2710,173,73,99,1,57.2254,0.5780
2711,173,73,99,1,57.2254,0.5780
2712,173,73,99,1,57.2254,0.5780
2713,173,73,99,1,57.2254,0.5780
2714,174,74,99,1,56.8966,0.5747
2715,173,74,98,1,56.6474,0.5780
2716,173,73,99,1,57.2254,0.5780
2717,172,73,98,1,56.9767,0.5814
2718,173,74,98,1,56.6474,0.5780
2719,173,74,97,2,56.0694,1.1561
2720,173,72,99,2,57.2254,1.1561
2721,176,75,99,2,56.2500,1.1364
2722,177,76,99,2,55.9322,1.1299
2723,178,77,99,2,55.6180,1.1236
2724,178,77,99,2,55.6180,1.1236
2725,176,77,97,2,55.1136,1.1364
2726,177,78,97,2,54.8023,1.1299
2727,178,79,97,2,54.4944,1.1236
2728,178,79,97,2,54.4944,1.1236
2729,178,79,97,2,54.4944,1.1236
2730,179,80,97,2,54.1899,1.1173
2731,179,80,97,2,54.1899,1.1173
2732,176,80,94,2,53.4091,1.1364
2733,177,82,93,2,52.5424,1.1299
2734,177,81,94,2,53.1073,1.1299
2735,179,83,94,2,52.5140,1.1173
2736,180,84,94,2,52.2222,1.1111
2737,179,84,93,2,51.9553,1.1173
2738,179,83,94,2,52.5140,1.1173
2739,181,84,95,2,52.4862,1.1050
2740,181,85,94,2,51.9337,1.1050
2741,182,86,94,2,51.6484,1.0989
2742,185,89,94,2,50.8108,1.0811
2743,185,89,94,2,50.8108,1.0811
2744,186,89,95,2,51.0753,1.0753
2745,188,91,95,2,50.5319,1.0638
2746,189,91,96,2,50.7937,1.0582
2747,189,90,97,2,51.3228,1.0582
2748,190,91,97,2,51.0526,1.0526
2749,193,94,97,2,50.2591,1.0363
2750,192,94,96,2,50.0000,1.0417
2751,195,97,96,2,49.2308,1.0256
2752,195,99,94,2,48.2051,1.0256
2753,196,99,95,2,48.4694,1.0204
2754,197,102,93,2,47.2081,1.0152
2755,198,102,94,2,47.4747,1.0101
2756,199,102,95,2,47.7387,1.0050
2757,198,102,94,2,47.4747,1.0101
2758,199,103,94,2,47.2362,1.0050
2759,200,101,97,2,48.5000,1.0000
2760,202,103,97,2,48.0198,0.9901
2761,202,103,97,2,48.0198,0.9901
2762,202,105,96,1,47.5248,0.4950
2763,204,107,96,1,47.0588,0.4902
2764,206,109,96,1,46.6019,0.4854
2765,209,111,97,1,46.4115,0.4785
2766,209,111,97,1,46.4115,0.4785
2767,212,114,97,1,45.7547,0.4717
2768,211,114,96,1,45.4976,0.4739
2769,214,116,97,1,45.3271,0.4673
2770,214,116,97,1,45.3271,0.4673
2771,216,116,100,0,46.2963,0.0000
2772,217,117,100,0,46.0829,0.0000
2773,221,121,100,0,45.2489,0.0000
2774,223,123,100,0,44.8430,0.0000
2775,223,123,100,0,44.8430,0.0000
2776,223,123,100,0,44.8430,0.0000
2777,223,123,100,0,44.8430,0.0000
2778,223,124,99,0,44.3946,0.0000
2779,225,125,100,0,44.4444,0.0000
2780,226,124,102,0,45.1327,0.0000
2781,228,124,104,0,45.6140,0.0000
2782,230,124,106,0,46.0870,0.0000
2783,231,125,106,0,45.8874,0.0000
2784,231,124,107,0,46.3203,0.0000
2785,231,124,107,0,46.3203,0.0000
2786,232,124,108,0,46.5517,0.0000
2787,232,124,108,0,46.5517,0.0000
2788,232,124,108,0,46.5517,0.0000
2789,233,125,108,0,46.3519,0.0000
2790,237,129,108,0,45.5696,0.0000
2791,240,131,109,0,45.4167,0.0000
2792,240,131,109,0,45.4167,0.0000
2793,240,132,108,0,45.0000,0.0000
2794,241,133,108,0,44.8133,0.0000
2795,242,133,109,0,45.0413,0.0000
2796,242,133,109,0,45.0413,0.0000
2797,243,135,108,0,44.4444,0.0000
2798,242,134,108,0,44.6281,0.0000
2799,242,134,108,0,44.6281,0.0000
2800,244,136,108,0,44.2623,0.0000
2801,247,138,109,0,44.1296,0.0000
2802,251,142,109,0,43.4263,0.0000
2803,251,142,109,0,43.4263,0.0000
2804,253,144,109,0,43.0830,0.0000
2805,255,145,110,0,43.1373,0.0000
2806,257,146,111,0,43.1907,0.0000
2807,258,148,110,0,42.6357,0.0000
2808,258,148,110,0,42.6357,0.0000
2809,260,149,111,0,42.6923,0.0000
2810,263,152,111,0,42.2053,0.0000
2811,266,154,112,0,42.1053,0.0000
2812,267,155,112,0,41.9476,0.0000
2813,268,157,111,0,41.4179,0.0000
2814,270,158,112,0,41.4815,0.0000
2815,271,158,113,0,41.6974,0.0000
2816,272,159,113,0,41.5441,0.0000
2817,272,159,113,0,41.5441,0.0000
2818,272,159,113,0,41.5441,0.0000
2819,273,160,113,0,41.3919,0.0000
2820,273,158,115,0,42.1245,0.0000
2821,274,159,115,0,41.9708,0.0000
2822,275,161,114,0,41.4545,0.0000
2823,275,162,113,0,41.0909,0.0000
2824,275,161,114,0,41.4545,0.0000
2825,277,161,116,0,41.8773,0.0000
2826,278,160,118,0,42.4460,0.0000
2827,279,161,118,0,42.2939,0.0000
2828,281,163,118,0,41.9929,0.0000
2829,284,166,118,0,41.5493,0.0000
2830,289,170,119,0,41.1765,0.0000
2831,291,171,120,0,41.2371,0.0000
2832,293,172,121,0,41.2969,0.0000
2833,294,169,125,0,42.5170,0.0000
2834,296,170,126,0,42.5676,0.0000
2835,296,170,126,0,42.5676,0.0000
2836,297,169,128,0,43.0976,0.0000
2837,299,170,129,0,43.1438,0.0000
2838,299,168,131,0,43.8127,0.0000
2839,299,168,131,0,43.8127,0.0000
2840,300,169,131,0,43.6667,0.0000
2841,300,169,131,0,43.6667,0.0000
2842,300,168,132,0,44.0000,0.0000
2843,299,167,132,0,44.1472,0.0000
2844,301,168,133,0,44.1860,0.0000
2845,301,167,134,0,44.5183,0.0000
2846,300,167,133,0,44.3333,0.0000
2847,300,167,133,0,44.3333,0.0000
2848,300,165,135,0,45.0000,0.0000
2849,299,163,136,0,45.4849,0.0000
2850,300,163,137,0,45.6667,0.0000
2851,299,161,138,0,46.1538,0.0000
2852,301,161,140,0,46.5116,0.0000
2853,301,161,140,0,46.5116,0.0000
2854,300,160,140,0,46.6667,0.0000
2855,300,160,140,0,46.6667,0.0000
2856,300,160,140,0,46.6667,0.0000
2857,300,159,141,0,47.0000,0.0000
2858,300,158,142,0,47.3333,0.0000
2859,300,157,143,0,47.6667,0.0000
2860,300,156,144,0,48.0000,0.0000
2861,300,155,145,0,48.3333,0.0000
2862,300,154,146,0,48.6667,0.0000
2863,299,154,145,0,48.4950,0.0000
2864,298,153,145,0,48.6577,0.0000
2865,298,152,146,0,48.9933,0.0000
2866,299,152,147,0,49.1639,0.0000
2867,299,151,148,0,49.4983,0.0000
2868,298,151,147,0,49.3289,0.0000
2869,300,152,147,1,49.0000,0.3333
2870,300,152,147,1,49.0000,0.3333
2871,300,152,147,1,49.0000,0.3333
2872,300,151,148,1,49.3333,0.3333
2873,300,150,149,1,49.6667,0.3333
2874,300,150,149,1,49.6667,0.3333
2875,300,148,151,1,50.3333,0.3333
2876,299,147,151,1,50.5017,0.3344
2877,300,148,151,1,50.3333,0.3333
2878,300,145,154,1,51.3333,0.3333
2879,300,145,154,1,51.3333,0.3333
2880,300,144,155,1,51.6667,0.3333
2881,300,144,155,1,51.6667,0.3333
2882,300,141,158,1,52.6667,0.3333
2883,300,141,157,2,52.3333,0.6667
2884,300,139,159,2,53.0000,0.6667
2885,300,138,160,2,53.3333,0.6667
2886,300,136,162,2,54.0000,0.6667
2887,300,136,162,2,54.0000,0.6667
2888,300,135,163,2,54.3333,0.6667
2889,300,133,165,2,55.0000,0.6667
2890,300,133,165,2,55.0000,0.6667
2891,300,133,165,2,55.0000,0.6667
2892,300,131,167,2,55.6667,0.6667
2893,300,129,169,2,56.3333,0.6667
2894,300,129,169,2,56.3333,0.6667
2895,300,129,169,2,56.3333,0.6667
2896,299,129,168,2,56.1873,0.6689
2897,301,130,169,2,56.1462,0.6645
2898,301,129,170,2,56.4784,0.6645
2899,301,127,172,2,57.1429,0.6645
2900,301,127,172,2,57.1429,0.6645
2901,301,127,172,2,57.1429,0.6645
2902,300,127,171,2,57.0000,0.6667
2903,300,127,171,2,57.0000,0.6667
2904,299,126,171,2,57.1906,0.6689
2905,302,128,172,2,56.9536,0.6623
2906,301,126,173,2,57.4751,0.6645
2907,301,126,173,2,57.4751,0.6645
2908,301,124,175,2,58.1395,0.6645
2909,301,121,178,2,59.1362,0.6645
2910,301,120,179,2,59.4684,0.6645
2911,300,119,179,2,59.6667,0.6667
2912,300,118,180,2,60.0000,0.6667
2913,300,116,182,2,60.6667,0.6667
2914,299,115,182,2,60.8696,0.6689
2915,299,115,182,2,60.8696,0.6689
2916,300,115,183,2,61.0000,0.6667
2917,300,115,183,2,61.0000,0.6667
2918,300,113,185,2,61.6667,0.6667
2919,300,112,186,2,62.0000,0.6667
2920,300,112,186,2,62.0000,0.6667
2921,300,113,186,1,62.0000,0.3333
2922,300,113,186,1,62.0000,0.3333
2923,300,113,186,1,62.0000,0.3333
2924,300,112,187,1,62.3333,0.3333
2925,300,112,187,1,62.3333,0.3333
2926,300,112,187,1,62.3333,0.3333
2927,300,111,188,1,62.6667,0.3333
2928,300,111,188,1,62.6667,0.3333
2929,300,111,188,1,62.6667,0.3333
2930,300,110,189,1,63.0000,0.3333
2931,300,109,190,1,63.3333,0.3333
2932,300,108,191,1,63.6667,0.3333
2933,300,106,193,1,64.3333,0.3333
2934,300,105,194,1,64.6667,0.3333
2935,300,106,194,0,64.6667,0.0000
2936,300,106,194,0,64.6667,0.0000
2937,300,106,194,0,64.6667,0.0000
2938,300,105,195,0,65.0000,0.0000
2939,300,103,197,0,65.6667,0.0000
2940,299,103,196,0,65.5518,0.0000
2941,300,104,196,0,65.3333,0.0000
2942,300,104,196,0,65.3333,0.0000
2943,298,103,195,0,65.4362,0.0000
2944,299,103,196,0,65.5518,0.0000
2945,299,103,196,0,65.5518,0.0000
2946,300,104,196,0,65.3333,0.0000
2947,300,101,199,0,66.3333,0.0000
2948,300,100,200,0,66.6667,0.0000
2949,300,100,200,0,66.6667,0.0000
2950,300,100,200,0,66.6667,0.0000
2951,300,98,202,0,67.3333,0.0000
2952,300,98,202,0,67.3333,0.0000
2953,300,97,203,0,67.6667,0.0000
2954,300,96,204,0,68.0000,0.0000
2955,299,95,204,0,68.2274,0.0000
2956,299,94,205,0,68.5619,0.0000
2957,300,95,205,0,68.3333,0.0000
2958,300,93,207,0,69.0000,0.0000
2959,300,93,207,0,69.0000,0.0000
2960,299,92,207,0,69.2308,0.0000
2961,301,93,208,0,69.1030,0.0000
2962,301,93,208,0,69.1030,0.0000
2963,301,92,209,0,69.4352,0.0000
2964,301,91,210,0,69.7674,0.0000
2965,301,90,211,0,70.0997,0.0000
2966,301,90,211,0,70.0997,0.0000
2967,301,89,212,0,70.4319,0.0000
2968,300,88,212,0,70.6667,0.0000
2969,300,86,214,0,71.3333,0.0000
2970,300,85,215,0,71.6667,0.0000
2971,300,84,216,0,72.0000,0.0000
2972,300,84,216,0,72.0000,0.0000
2973,300,84,216,0,72.0000,0.0000
2974,300,84,216,0,72.0000,0.0000
2975,299,84,215,0,71.9064,0.0000
2976,300,84,216,0,72.0000,0.0000
2977,300,84,216,0,72.0000,0.0000
2978,300,83,217,0,72.3333,0.0000
2979,299,82,217,0,72.5753,0.0000
2980,298,82,216,0,72.4832,0.0000
2981,299,83,216,0,72.2408,0.0000
2982,300,81,219,0,73.0000,0.0000
2983,300,80,220,0,73.3333,0.0000
2984,300,78,222,0,74.0000,0.0000
2985,300,77,223,0,74.3333,0.0000
2986,300,77,223,0,74.3333,0.0000
2987,300,77,223,0,74.3333,0.0000
2988,300,76,224,0,74.6667,0.0000
2989,300,73,227,0,75.6667,0.0000
2990,300,73,227,0,75.6667,0.0000
2991,300,72,228,0,76.0000,0.0000
2992,300,70,230,0,76.6667,0.0000
2993,300,68,232,0,77.3333,0.0000
2994,300,68,232,0,77.3333,0.0000
2995,300,67,233,0,77.6667,0.0000
2996,300,66,234,0,78.0000,0.0000
2997,300,66,234,0,78.0000,0.0000
2998,300,66,234,0,78.0000,0.0000
2999,300,64,236,0,78.6667,0.0000
3000,300,64,236,0,78.6667,0.0000
3001,300,64,236,0,78.6667,0.0000
3002,300,64,236,0,78.6667,0.0000
3003,300,64,236,0,78.6667,0.0000
3004,300,64,236,0,78.6667,0.0000
3005,300,64,236,0,78.6667,0.0000
3006,300,64,236,0,78.6667,0.0000
3007,300,64,236,0,78.6667,0.0000
3008,300,64,236,0,78.6667,0.0000
3009,300,63,237,0,79.0000,0.0000
3010,300,60,240,0,80.0000,0.0000
3011,299,58,241,0,80.6020,0.0000
3012,300,59,241,0,80.3333,0.0000
3013,299,57,242,0,80.9365,0.0000
3014,299,57,242,0,80.9365,0.0000
3015,299,55,244,0,81.6054,0.0000
3016,301,54,247,0,82.0598,0.0000
3017,301,50,251,0,83.3887,0.0000
3018,301,50,251,0,83.3887,0.0000
3019,301,50,251,0,83.3887,0.0000
3020,301,49,252,0,83.7209,0.0000
3021,301,49,252,0,83.7209,0.0000
3022,301,45,256,0,85.0498,0.0000
3023,301,45,256,0,85.0498,0.0000
3024,301,45,256,0,85.0498,0.0000
3025,300,44,256,0,85.3333,0.0000
3026,300,44,256,0,85.3333,0.0000
3027,300,43,257,0,85.6667,0.0000
3028,300,43,257,0,85.6667,0.0000
3029,300,42,258,0,86.0000,0.0000
3030,300,41,259,0,86.3333,0.0000
3031,300,40,260,0,86.6667,0.0000
3032,300,40,260,0,86.6667,0.0000
3033,300,40,260,0,86.6667,0.0000
3034,300,40,260,0,86.6667,0.0000
3035,300,39,261,0,87.0000,0.0000
3036,300,39,261,0,87.0000,0.0000
3037,300,37,263,0,87.6667,0.0000
3038,300,37,263,0,87.6667,0.0000
3039,299,37,262,0,87.6254,0.0000
3040,299,36,263,0,87.9599,0.0000
3041,299,36,263,0,87.9599,0.0000
3042,299,36,263,0,87.9599,0.0000
3043,299,34,265,0,88.6288,0.0000
3044,299,33,266,0,88.9632,0.0000
3045,299,33,266,0,88.9632,0.0000
3046,298,33,265,0,88.9262,0.0000
3047,298,33,265,0,88.9262,0.0000
3048,298,33,265,0,88.9262,0.0000
3049,298,33,265,0,88.9262,0.0000
3050,298,32,266,0,89.2617,0.0000
3051,298,32,266,0,89.2617,0.0000
3052,298,32,266,0,89.2617,0.0000
3053,299,33,266,0,88.9632,0.0000
3054,298,32,266,0,89.2617,0.0000
3055,300,34,266,0,88.6667,0.0000
3056,300,32,268,0,89.3333,0.0000
3057,300,32,268,0,89.3333,0.0000
3058,300,32,268,0,89.3333,0.0000
3059,300,32,268,0,89.3333,0.0000
3060,300,31,269,0,89.6667,0.0000
3061,300,31,269,0,89.6667,0.0000
3062,299,31,268,0,89.6321,0.0000
3063,299,29,270,0,90.3010,0.0000
3064,299,29,270,0,90.3010,0.0000
3065,300,30,270,0,90.0000,0.0000
3066,300,30,270,0,90.0000,0.0000
3067,300,30,270,0,90.0000,0.0000
3068,300,30,270,0,90.0000,0.0000
3069,300,30,270,0,90.0000,0.0000
3070,300,30,270,0,90.0000,0.0000
3071,300,30,270,0,90.0000,0.0000
3072,300,29,271,0,90.3333,0.0000
3073,300,29,271,0,90.3333,0.0000
3074,300,28,272,0,90.6667,0.0000
3075,300,28,272,0,90.6667,0.0000
3076,300,28,272,0,90.6667,0.0000
3077,300,26,274,0,91.3333,0.0000
3078,300,26,274,0,91.3333,0.0000
3079,300,26,274,0,91.3333,0.0000
3080,300,26,274,0,91.3333,0.0000
3081,299,26,273,0,91.3043,0.0000
3082,299,25,274,0,91.6388,0.0000
3083,299,25,274,0,91.6388,0.0000
3084,299,25,274,0,91.6388,0.0000
3085,298,25,273,0,91.6107,0.0000
3086,297,25,272,0,91.5825,0.0000
3087,297,24,273,0,91.9192,0.0000
3088,297,24,273,0,91.9192,0.0000
3089,297,24,273,0,91.9192,0.0000
3090,297,24,273,0,91.9192,0.0000
3091,297,24,273,0,91.9192,0.0000
3092,297,24,273,0,91.9192,0.0000
3093,297,24,273,0,91.9192,0.0000
3094,296,24,272,0,91.8919,0.0000
3095,296,24,272,0,91.8919,0.0000
3096,297,24,273,0,91.9192,0.0000
3097,297,23,273,1,91.9192,0.3367
3098,297,23,273,1,91.9192,0.3367
3099,297,22,274,1,92.2559,0.3367
3100,297,22,274,1,92.2559,0.3367
3101,297,22,274,1,92.2559,0.3367
3102,297,22,274,1,92.2559,0.3367
3103,297,21,275,1,92.5926,0.3367
3104,297,22,274,1,92.2559,0.3367
3105,297,22,274,1,92.2559,0.3367
3106,297,22,274,1,92.2559,0.3367
3107,297,22,274,1,92.2559,0.3367
3108,297,23,273,1,91.9192,0.3367
3109,298,24,273,1,91.6107,0.3356
3110,298,23,274,1,91.9463,0.3356
3111,298,22,275,1,92.2819,0.3356
3112,297,22,274,1,92.2559,0.3367
3113,297,22,274,1,92.2559,0.3367
3114,297,22,274,1,92.2559,0.3367
3115,296,21,274,1,92.5676,0.3378
3116,296,21,274,1,92.5676,0.3378
3117,296,21,274,1,92.5676,0.3378
3118,297,22,274,1,92.2559,0.3367
3119,299,24,274,1,91.6388,0.3344
3120,298,24,273,1,91.6107,0.3356
3121,298,24,273,1,91.6107,0.3356
3122,297,23,273,1,91.9192,0.3367
3123,297,21,275,1,92.5926,0.3367
3124,298,22,275,1,92.2819,0.3356
3125,298,22,275,1,92.2819,0.3356
3126,298,21,276,1,92.6174,0.3356
3127,298,21,276,1,92.6174,0.3356
3128,298,21,276,1,92.6174,0.3356
3129,298,21,276,1,92.6174,0.3356
3130,299,22,276,1,92.3077,0.3344
3131,300,22,277,1,92.3333,0.3333
3132,300,22,277,1,92.3333,0.3333
3133,300,22,277,1,92.3333,0.3333
3134,300,21,278,1,92.6667,0.3333
3135,300,21,278,1,92.6667,0.3333
3136,300,21,278,1,92.6667,0.3333
3137,300,21,278,1,92.6667,0.3333
3138,300,21,278,1,92.6667,0.3333
3139,300,21,278,1,92.6667,0.3333
3140,299,21,277,1,92.6421,0.3344
3141,299,21,277,1,92.6421,0.3344
3142,299,21,277,1,92.6421,0.3344
3143,299,21,277,1,92.6421,0.3344
3144,299,21,277,1,92.6421,0.3344
3145,299,21,276,2,92.3077,0.6689
3146,299,21,276,2,92.3077,0.6689
3147,299,21,276,2,92.3077,0.6689
3148,299,21,276,2,92.3077,0.6689
3149,299,22,276,1,92.3077,0.3344
3150,299,22,276,1,92.3077,0.3344
3151,299,22,276,1,92.3077,0.3344
3152,301,24,276,1,91.6944,0.3322
3153,301,23,277,1,92.0266,0.3322
3154,301,22,278,1,92.3588,0.3322
3155,301,22,278,1,92.3588,0.3322
3156,301,22,277,2,92.0266,0.6645
3157,301,21,278,2,92.3588,0.6645
3158,301,21,278,2,92.3588,0.6645
3159,301,21,278,2,92.3588,0.6645
3160,301,21,278,2,92.3588,0.6645
3161,301,20,279,2,92.6910,0.6645
3162,301,20,279,2,92.6910,0.6645
3163,301,20,279,2,92.6910,0.6645
3164,300,20,278,2,92.6667,0.6667
3165,299,20,277,2,92.6421,0.6689
3166,298,20,276,2,92.6174,0.6711
3167,298,20,276,2,92.6174,0.6711
3168,297,20,275,2,92.5926,0.6734
3169,297,20,275,2,92.5926,0.6734
3170,297,20,275,2,92.5926,0.6734
3171,297,20,275,2,92.5926,0.6734
3172,297,20,275,2,92.5926,0.6734
3173,296,20,274,2,92.5676,0.6757
3174,296,20,274,2,92.5676,0.6757
3175,295,20,273,2,92.5424,0.6780
3176,295,20,273,2,92.5424,0.6780
3177,294,20,272,2,92.5170,0.6803
3178,294,21,271,2,92.1769,0.6803
3179,296,23,271,2,91.5541,0.6757
3180,297,23,272,2,91.5825,0.6734
3181,297,22,273,2,91.9192,0.6734
3182,297,21,274,2,92.2559,0.6734
3183,297,19,276,2,92.9293,0.6734
3184,297,19,276,2,92.9293,0.6734
3185,297,19,276,2,92.9293,0.6734
3186,296,19,275,2,92.9054,0.6757
3187,296,19,275,2,92.9054,0.6757
3188,296,18,276,2,93.2432,0.6757
3189,295,18,275,2,93.2203,0.6780
3190,295,18,275,2,93.2203,0.6780
3191,294,18,274,2,93.1973,0.6803
3192,294,18,274,2,93.1973,0.6803
3193,294,18,274,2,93.1973,0.6803
3194,294,18,274,2,93.1973,0.6803
3195,294,17,275,2,93.5374,0.6803
3196,294,17,275,2,93.5374,0.6803
3197,294,18,275,1,93.5374,0.3401
3198,295,19,275,1,93.2203,0.3390
3199,295,19,275,1,93.2203,0.3390
3200,295,18,276,1,93.5593,0.3390
3201,295,17,276,2,93.5593,0.6780
3202,297,19,276,2,92.9293,0.6734
3203,297,19,276,2,92.9293,0.6734
3204,295,19,274,2,92.8814,0.6780
3205,295,18,275,2,93.2203,0.6780
3206,296,19,275,2,92.9054,0.6757
3207,296,19,275,2,92.9054,0.6757
3208,296,21,274,1,92.5676,0.3378
3209,296,21,274,1,92.5676,0.3378
3210,296,21,274,1,92.5676,0.3378
3211,295,21,273,1,92.5424,0.3390
3212,295,21,273,1,92.5424,0.3390
3213,295,20,274,1,92.8814,0.3390
3214,295,19,275,1,93.2203,0.3390
3215,295,18,276,1,93.5593,0.3390
3216,295,18,276,1,93.5593,0.3390
3217,294,18,275,1,93.5374,0.3401
3218,294,17,276,1,93.8776,0.3401
3219,294,17,276,1,93.8776,0.3401
3220,293,17,275,1,93.8567,0.3413
3221,292,17,274,1,93.8356,0.3425
3222,292,16,275,1,94.1781,0.3425
3223,292,16,275,1,94.1781,0.3425
3224,291,16,274,1,94.1581,0.3436
3225,291,16,274,1,94.1581,0.3436
3226,292,17,274,1,93.8356,0.3425
3227,292,17,274,1,93.8356,0.3425
3228,293,18,274,1,93.5154,0.3413
3229,293,18,274,1,93.5154,0.3413
3230,293,18,274,1,93.5154,0.3413
3231,294,19,274,1,93.1973,0.3401
3232,294,19,274,1,93.1973,0.3401
3233,294,19,274,1,93.1973,0.3401
3234,296,20,275,1,92.9054,0.3378
3235,295,20,274,1,92.8814,0.3390
3236,295,20,274,1,92.8814,0.3390
3237,295,20,274,1,92.8814,0.3390
3238,294,20,273,1,92.8571,0.3401
3239,294,20,272,2,92.5170,0.6803
3240,295,19,274,2,92.8814,0.6780
3241,295,19,274,2,92.8814,0.6780
3242,295,19,274,2,92.8814,0.6780
3243,295,19,274,2,92.8814,0.6780
3244,294,19,273,2,92.8571,0.6803
3245,294,19,273,2,92.8571,0.6803
3246,293,19,272,2,92.8328,0.6826
3247,292,19,271,2,92.8082,0.6849
3248,291,19,270,2,92.7835,0.6873
3249,292,20,270,2,92.4658,0.6849
3250,292,20,270,2,92.4658,0.6849
3251,292,20,270,2,92.4658,0.6849
3252,292,20,270,2,92.4658,0.6849
3253,293,22,270,1,92.1502,0.3413
3254,292,22,269,1,92.1233,0.3425
3255,291,22,268,1,92.0962,0.3436
3256,291,22,268,1,92.0962,0.3436
3257,291,23,267,1,91.7526,0.3436
3258,292,24,267,1,91.4384,0.3425
3259,292,25,266,1,91.0959,0.3425
3260,291,26,264,1,90.7216,0.3436
3261,292,26,265,1,90.7534,0.3425
3262,293,27,265,1,90.4437,0.3413
3263,293,27,265,1,90.4437,0.3413
3264,293,27,265,1,90.4437,0.3413
3265,292,26,265,1,90.7534,0.3425
3266,292,26,265,1,90.7534,0.3425
3267,292,25,266,1,91.0959,0.3425
3268,292,25,266,1,91.0959,0.3425
3269,291,25,265,1,91.0653,0.3436
3270,291,24,266,1,91.4089,0.3436
3271,289,24,264,1,91.3495,0.3460
3272,290,26,263,1,90.6897,0.3448
3273,290,26,263,1,90.6897,0.3448
3274,291,27,263,1,90.3780,0.3436
3275,290,27,262,1,90.3448,0.3448
3276,290,27,262,1,90.3448,0.3448
3277,291,28,262,1,90.0344,0.3436
3278,291,28,262,1,90.0344,0.3436
3279,290,28,261,1,90.0000,0.3448
3280,289,29,259,1,89.6194,0.3460
3281,289,30,258,1,89.2734,0.3460
3282,288,30,257,1,89.2361,0.3472
3283,287,31,255,1,88.8502,0.3484
3284,286,31,254,1,88.8112,0.3497
3285,286,31,254,1,88.8112,0.3497
3286,286,32,253,1,88.4615,0.3497
3287,287,33,253,1,88.1533,0.3484
3288,288,34,253,1,87.8472,0.3472
3289,288,33,254,1,88.1944,0.3472
3290,289,34,254,1,87.8893,0.3460
3291,289,35,253,1,87.5433,0.3460
3292,292,37,254,1,86.9863,0.3425
3293,292,36,255,1,87.3288,0.3425
3294,292,36,255,1,87.3288,0.3425
3295,292,36,255,1,87.3288,0.3425
3296,292,36,254,2,86.9863,0.6849
3297,292,35,255,2,87.3288,0.6849
3298,293,35,256,2,87.3720,0.6826
3299,292,33,257,2,88.0137,0.6849
3300,292,33,257,2,88.0137,0.6849
3301,291,33,256,2,87.9725,0.6873
3302,291,33,256,2,87.9725,0.6873
3303,293,35,256,2,87.3720,0.6826
3304,293,35,256,2,87.3720,0.6826
3305,294,36,256,2,87.0748,0.6803
3306,293,36,255,2,87.0307,0.6826
3307,292,36,254,2,86.9863,0.6849
3308,292,36,254,2,86.9863,0.6849
3309,293,37,254,2,86.6894,0.6826
3310,292,37,253,2,86.6438,0.6849
3311,291,37,252,2,86.5979,0.6873
3312,291,37,252,2,86.5979,0.6873
3313,291,36,253,2,86.9416,0.6873
3314,290,36,252,2,86.8966,0.6897
3315,290,35,253,2,87.2414,0.6897
3316,290,36,252,2,86.8966,0.6897
3317,290,36,252,2,86.8966,0.6897
3318,290,36,252,2,86.8966,0.6897
3319,291,37,252,2,86.5979,0.6873
3320,289,37,250,2,86.5052,0.6920
3321,290,37,251,2,86.5517,0.6897
3322,290,36,252,2,86.8966,0.6897
3323,290,36,252,2,86.8966,0.6897
3324,290,37,251,2,86.5517,0.6897
3325,289,37,250,2,86.5052,0.6920
3326,289,37,250,2,86.5052,0.6920
3327,287,37,248,2,86.4111,0.6969
3328,287,37,248,2,86.4111,0.6969
3329,288,38,248,2,86.1111,0.6944
3330,287,38,247,2,86.0627,0.6969
3331,286,38,246,2,86.0140,0.6993
3332,285,38,244,3,85.6140,1.0526
3333,282,38,241,3,85.4610,1.0638
3334,281,37,241,3,85.7651,1.0676
3335,281,36,241,4,85.7651,1.4235
3336,283,37,242,4,85.5124,1.4134
3337,281,37,240,4,85.4093,1.4235
3338,279,36,238,5,85.3047,1.7921
3339,282,39,238,5,84.3972,1.7730
3340,281,39,237,5,84.3416,1.7794
3341,281,39,237,5,84.3416,1.7794
3342,281,38,238,5,84.6975,1.7794
3343,279,39,236,4,84.5878,1.4337
3344,279,40,235,4,84.2294,1.4337
3345,279,41,234,4,83.8710,1.4337
3346,280,42,234,4,83.5714,1.4286
3347,280,42,234,4,83.5714,1.4286
3348,279,43,233,3,83.5125,1.0753
3349,278,42,233,3,83.8129,1.0791
3350,276,42,231,3,83.6957,1.0870
3351,276,43,230,3,83.3333,1.0870
3352,274,42,229,3,83.5766,1.0949
3353,274,43,228,3,83.2117,1.0949
3354,273,43,227,3,83.1502,1.0989
3355,273,43,227,3,83.1502,1.0989
3356,273,42,228,3,83.5165,1.0989
3357,272,41,228,3,83.8235,1.1029
3358,272,41,228,3,83.8235,1.1029
3359,271,41,227,3,83.7638,1.1070
3360,272,43,226,3,83.0882,1.1029
3361,272,42,227,3,83.4559,1.1029
3362,272,43,225,4,82.7206,1.4706
3363,272,42,226,4,83.0882,1.4706
3364,272,43,225,4,82.7206,1.4706
3365,272,43,225,4,82.7206,1.4706
3366,272,43,225,4,82.7206,1.4706
3367,272,42,226,4,83.0882,1.4706
3368,272,42,225,5,82.7206,1.8382
3369,271,41,225,5,83.0258,1.8450
3370,271,41,225,5,83.0258,1.8450
3371,271,40,226,5,83.3948,1.8450
3372,270,40,225,5,83.3333,1.8519
3373,271,40,226,5,83.3948,1.8450
3374,270,40,225,5,83.3333,1.8519
3375,269,40,224,5,83.2714,1.8587
3376,270,41,224,5,82.9630,1.8519
3377,269,41,223,5,82.8996,1.8587
3378,268,40,223,5,83.2090,1.8657
3379,266,40,221,5,83.0827,1.8797
3380,265,40,220,5,83.0189,1.8868
3381,266,41,220,5,82.7068,1.8797
3382,265,41,219,5,82.6415,1.8868
3383,263,41,217,5,82.5095,1.9011
3384,263,42,217,4,82.5095,1.5209
3385,263,45,214,4,81.3688,1.5209
3386,262,44,214,4,81.6794,1.5267
3387,262,44,215,3,82.0611,1.1450
3388,261,44,214,3,81.9923,1.1494
3389,260,44,213,3,81.9231,1.1538
3390,260,46,212,2,81.5385,0.7692
3391,260,46,212,2,81.5385,0.7692
3392,261,48,211,2,80.8429,0.7663
3393,260,49,209,2,80.3846,0.7692
3394,260,48,210,2,80.7692,0.7692
3395,260,47,211,2,81.1538,0.7692
3396,260,46,212,2,81.5385,0.7692
3397,260,45,213,2,81.9231,0.7692
3398,259,45,212,2,81.8533,0.7722
3399,258,44,212,2,82.1705,0.7752
3400,256,44,210,2,82.0312,0.7812
3401,257,44,211,2,82.1012,0.7782
3402,257,44,211,2,82.1012,0.7782
3403,257,43,212,2,82.4903,0.7782
3404,257,43,212,2,82.4903,0.7782
3405,257,43,212,2,82.4903,0.7782
3406,255,43,210,2,82.3529,0.7843
3407,257,45,210,2,81.7121,0.7782
3408,255,45,208,2,81.5686,0.7843
3409,252,45,205,2,81.3492,0.7937
3410,253,46,205,2,81.0277,0.7905
3411,251,46,203,2,80.8765,0.7968
3412,250,46,202,2,80.8000,0.8000
3413,249,45,202,2,81.1245,0.8032
3414,248,46,201,1,81.0484,0.4032
3415,247,45,201,1,81.3765,0.4049
3416,247,45,201,1,81.3765,0.4049
3417,248,47,200,1,80.6452,0.4032
3418,248,49,198,1,79.8387,0.4032
3419,249,51,197,1,79.1165,0.4016
3420,249,52,197,0,79.1165,0.0000
3421,249,51,198,0,79.5181,0.0000
3422,249,51,198,0,79.5181,0.0000
3423,250,51,199,0,79.6000,0.0000
3424,250,52,198,0,79.2000,0.0000
3425,250,51,199,0,79.6000,0.0000
3426,251,52,199,0,79.2829,0.0000
3427,250,52,198,0,79.2000,0.0000
3428,250,50,200,0,80.0000,0.0000
3429,250,49,201,0,80.4000,0.0000
3430,249,47,202,0,81.1245,0.0000
3431,248,47,201,0,81.0484,0.0000
3432,248,48,200,0,80.6452,0.0000
3433,247,48,199,0,80.5668,0.0000
3434,245,48,197,0,80.4082,0.0000
3435,245,48,197,0,80.4082,0.0000
3436,245,48,197,0,80.4082,0.0000
3437,246,48,198,0,80.4878,0.0000
3438,245,48,197,0,80.4082,0.0000
3439,245,49,196,0,80.0000,0.0000
3440,245,49,196,0,80.0000,0.0000
3441,246,51,195,0,79.2683,0.0000
3442,247,52,195,0,78.9474,0.0000
3443,246,52,194,0,78.8618,0.0000
3444,247,52,195,0,78.9474,0.0000
3445,246,52,194,0,78.8618,0.0000
3446,247,52,195,0,78.9474,0.0000
3447,248,52,196,0,79.0323,0.0000
3448,245,51,194,0,79.1837,0.0000
3449,245,52,193,0,78.7755,0.0000
3450,245,51,194,0,79.1837,0.0000
3451,245,52,193,0,78.7755,0.0000
3452,244,52,192,0,78.6885,0.0000
3453,244,52,192,0,78.6885,0.0000
3454,244,53,191,0,78.2787,0.0000
3455,243,54,189,0,77.7778,0.0000
3456,245,55,190,0,77.5510,0.0000
3457,244,55,189,0,77.4590,0.0000
3458,243,55,188,0,77.3663,0.0000
3459,243,56,187,0,76.9547,0.0000
3460,243,55,188,0,77.3663,0.0000
3461,243,57,186,0,76.5432,0.0000
3462,243,57,186,0,76.5432,0.0000
3463,242,56,186,0,76.8595,0.0000
3464,241,56,185,0,76.7635,0.0000
3465,241,55,186,0,77.1784,0.0000
3466,242,57,185,0,76.4463,0.0000
3467,242,57,185,0,76.4463,0.0000
3468,241,58,183,0,75.9336,0.0000
3469,241,59,182,0,75.5187,0.0000
3470,240,59,181,0,75.4167,0.0000
3471,239,58,181,0,75.7322,0.0000
3472,238,58,180,0,75.6303,0.0000
3473,238,57,181,0,76.0504,0.0000
3474,238,57,181,0,76.0504,0.0000
3475,238,57,181,0,76.0504,0.0000
3476,238,58,180,0,75.6303,0.0000
3477,238,57,181,0,76.0504,0.0000
3478,238,57,181,0,76.0504,0.0000
3479,238,58,180,0,75.6303,0.0000
3480,238,58,180,0,75.6303,0.0000
3481,241,59,182,0,75.5187,0.0000
3482,240,61,179,0,74.5833,0.0000
3483,240,62,178,0,74.1667,0.0000
3484,238,61,177,0,74.3697,0.0000
3485,238,62,176,0,73.9496,0.0000
3486,238,62,176,0,73.9496,0.0000
3487,239,61,178,0,74.4770,0.0000
3488,240,62,178,0,74.1667,0.0000
3489,240,63,177,0,73.7500,0.0000
3490,239,63,176,0,73.6402,0.0000
3491,239,61,178,0,74.4770,0.0000
3492,237,60,177,0,74.6835,0.0000
3493,234,58,176,0,75.2137,0.0000
3494,234,58,176,0,75.2137,0.0000
3495,234,57,177,0,75.6410,0.0000
3496,234,58,176,0,75.2137,0.0000
3497,233,58,175,0,75.1073,0.0000
3498,234,58,176,0,75.2137,0.0000
3499,234,57,177,0,75.6410,0.0000
3500,235,58,176,1,74.8936,0.4255
3501,235,58,176,1,74.8936,0.4255
3502,235,58,176,1,74.8936,0.4255
3503,235,58,176,1,74.8936,0.4255
3504,235,58,176,1,74.8936,0.4255
3505,235,58,176,1,74.8936,0.4255
3506,237,59,177,1,74.6835,0.4219
3507,237,59,177,1,74.6835,0.4219
3508,238,60,177,1,74.3697,0.4202
3509,238,60,177,1,74.3697,0.4202
3510,237,61,175,1,73.8397,0.4219
3511,234,61,172,1,73.5043,0.4274
3512,235,61,173,1,73.6170,0.4255
3513,234,61,172,1,73.5043,0.4274
3514,233,60,172,1,73.8197,0.4292
3515,233,61,171,1,73.3906,0.4292
3516,230,60,169,1,73.4783,0.4348
3517,228,60,167,1,73.2456,0.4386
3518,226,60,165,1,73.0088,0.4425
3519,227,61,165,1,72.6872,0.4405
3520,226,61,164,1,72.5664,0.4425
3521,227,62,164,1,72.2467,0.4405
3522,225,61,163,1,72.4444,0.4444
3523,224,62,161,1,71.8750,0.4464
3524,224,62,161,1,71.8750,0.4464
3525,224,63,160,1,71.4286,0.4464
3526,225,64,160,1,71.1111,0.4444
3527,225,63,161,1,71.5556,0.4444
3528,225,64,160,1,71.1111,0.4444
3529,227,67,159,1,70.0441,0.4405
3530,227,68,158,1,69.6035,0.4405
3531,228,70,157,1,68.8596,0.4386
3532,228,70,157,1,68.8596,0.4386
3533,229,70,158,1,68.9956,0.4367
3534,230,69,160,1,69.5652,0.4348
3535,230,69,160,1,69.5652,0.4348
3536,230,68,161,1,70.0000,0.4348
3537,230,67,162,1,70.4348,0.4348
3538,231,69,161,1,69.6970,0.4329
3539,232,70,161,1,69.3966,0.4310
3540,232,71,160,1,68.9655,0.4310
3541,234,73,160,1,68.3761,0.4274
3542,234,73,160,1,68.3761,0.4274
3543,232,73,158,1,68.1034,0.4310
3544,232,72,159,1,68.5345,0.4310
3545,231,71,159,1,68.8312,0.4329
3546,231,71,159,1,68.8312,0.4329
3547,231,71,159,1,68.8312,0.4329
3548,231,71,159,1,68.8312,0.4329
3549,232,72,159,1,68.5345,0.4310
3550,232,73,158,1,68.1034,0.4310
3551,233,74,158,1,67.8112,0.4292
3552,234,76,158,0,67.5214,0.0000
3553,237,79,158,0,66.6667,0.0000
3554,237,79,158,0,66.6667,0.0000
3555,236,78,158,0,66.9492,0.0000
3556,236,78,158,0,66.9492,0.0000
3557,235,77,158,0,67.2340,0.0000
3558,235,77,158,0,67.2340,0.0000
3559,235,77,158,0,67.2340,0.0000
3560,237,78,159,0,67.0886,0.0000
3561,236,77,159,0,67.3729,0.0000
3562,237,78,159,0,67.0886,0.0000
3563,236,78,158,0,66.9492,0.0000
3564,238,81,157,0,65.9664,0.0000
3565,238,80,158,0,66.3866,0.0000
3566,238,80,158,0,66.3866,0.0000
3567,239,79,160,0,66.9456,0.0000
3568,239,79,160,0,66.9456,0.0000
3569,239,79,160,0,66.9456,0.0000
3570,240,80,160,0,66.6667,0.0000
3571,240,78,162,0,67.5000,0.0000
3572,239,78,161,0,67.3640,0.0000
3573,241,79,162,0,67.2199,0.0000
3574,242,79,163,0,67.3554,0.0000
3575,242,80,162,0,66.9421,0.0000
3576,242,80,162,0,66.9421,0.0000
3577,242,80,162,0,66.9421,0.0000
3578,242,82,160,0,66.1157,0.0000
3579,243,83,160,0,65.8436,0.0000
3580,244,83,161,0,65.9836,0.0000
3581,244,83,161,0,65.9836,0.0000
3582,243,83,160,0,65.8436,0.0000
3583,244,83,161,0,65.9836,0.0000
3584,244,82,162,0,66.3934,0.0000
3585,244,82,162,0,66.3934,0.0000
3586,244,82,162,0,66.3934,0.0000
3587,244,82,162,0,66.3934,0.0000
3588,244,83,161,0,65.9836,0.0000
3589,244,82,162,0,66.3934,0.0000
3590,245,83,162,0,66.1224,0.0000
3591,244,83,161,0,65.9836,0.0000
3592,245,83,162,0,66.1224,0.0000
3593,245,82,163,0,66.5306,0.0000
3594,245,82,163,0,66.5306,0.0000
3595,247,84,163,0,65.9919,0.0000
3596,246,84,162,0,65.8537,0.0000
3597,246,83,163,0,66.2602,0.0000
3598,245,83,162,0,66.1224,0.0000
3599,246,83,163,0,66.2602,0.0000
3600,245,83,162,0,66.1224,0.0000
3601,245,83,162,0,66.1224,0.0000
3602,245,83,162,0,66.1224,0.0000
3603,244,82,162,0,66.3934,0.0000
3604,245,81,164,0,66.9388,0.0000
3605,245,81,164,0,66.9388,0.0000
3606,248,82,166,0,66.9355,0.0000
3607,249,82,167,0,67.0683,0.0000
3608,251,84,167,0,66.5339,0.0000
3609,252,85,167,0,66.2698,0.0000
3610,253,86,167,0,66.0079,0.0000
3611,252,85,167,0,66.2698,0.0000
3612,251,83,168,0,66.9323,0.0000
3613,253,84,169,0,66.7984,0.0000
3614,253,82,171,0,67.5889,0.0000
3615,256,84,172,0,67.1875,0.0000
3616,257,86,171,0,66.5370,0.0000
3617,259,87,172,0,66.4093,0.0000
3618,261,87,174,0,66.6667,0.0000
3619,261,86,175,0,67.0498,0.0000
3620,262,85,177,0,67.5573,0.0000
3621,263,85,178,0,67.6806,0.0000
3622,265,86,179,0,67.5472,0.0000
3623,263,86,177,0,67.3004,0.0000
3624,262,85,177,0,67.5573,0.0000
3625,262,84,178,0,67.9389,0.0000
3626,262,84,178,0,67.9389,0.0000
3627,261,84,177,0,67.8161,0.0000
3628,261,84,177,0,67.8161,0.0000
3629,262,85,177,0,67.5573,0.0000
3630,263,86,177,0,67.3004,0.0000
3631,262,82,180,0,68.7023,0.0000
3632,263,83,180,0,68.4411,0.0000
3633,263,81,182,0,69.2015,0.0000
3634,264,83,181,0,68.5606,0.0000
3635,264,83,181,0,68.5606,0.0000
3636,265,84,181,0,68.3019,0.0000
3637,265,83,182,0,68.6792,0.0000
3638,265,82,183,0,69.0566,0.0000
3639,266,83,183,0,68.7970,0.0000
3640,266,83,183,0,68.7970,0.0000
3641,266,83,183,0,68.7970,0.0000
3642,267,83,184,0,68.9139,0.0000
3643,271,85,186,0,68.6347,0.0000
3644,273,86,187,0,68.4982,0.0000
3645,275,87,188,0,68.3636,0.0000
3646,275,87,188,0,68.3636,0.0000
3647,278,89,189,0,67.9856,0.0000
3648,280,90,190,0,67.8571,0.0000
3649,280,90,190,0,67.8571,0.0000
3650,280,89,191,0,68.2143,0.0000
3651,281,89,192,0,68.3274,0.0000
3652,282,90,192,0,68.0851,0.0000
3653,281,89,192,0,68.3274,0.0000
3654,280,87,193,0,68.9286,0.0000
3655,281,88,193,0,68.6833,0.0000
3656,281,88,193,0,68.6833,0.0000
3657,283,90,193,0,68.1979,0.0000
3658,284,92,192,0,67.6056,0.0000
3659,284,92,192,0,67.6056,0.0000
3660,284,91,193,0,67.9577,0.0000
3661,284,90,194,0,68.3099,0.0000
3662,285,91,194,0,68.0702,0.0000
3663,288,94,194,0,67.3611,0.0000
3664,289,95,194,0,67.1280,0.0000
3665,290,96,194,0,66.8966,0.0000
3666,290,96,194,0,66.8966,0.0000
3667,293,99,194,0,66.2116,0.0000
3668,293,98,195,0,66.5529,0.0000
3669,294,98,196,0,66.6667,0.0000
3670,295,98,197,0,66.7797,0.0000
3671,295,96,199,0,67.4576,0.0000
3672,296,95,201,0,67.9054,0.0000
3673,297,94,203,0,68.3502,0.0000
3674,299,95,204,0,68.2274,0.0000
3675,299,93,206,0,68.8963,0.0000
3676,300,92,208,0,69.3333,0.0000
3677,300,90,210,0,70.0000,0.0000
3678,300,90,210,0,70.0000,0.0000
3679,300,89,211,0,70.3333,0.0000
3680,300,89,210,1,70.0000,0.3333
3681,300,89,210,1,70.0000,0.3333
3682,298,88,209,1,70.1342,0.3356
3683,298,90,207,1,69.4631,0.3356
3684,299,90,208,1,69.5652,0.3344
3685,300,91,208,1,69.3333,0.3333
3686,300,90,209,1,69.6667,0.3333
3687,299,90,208,1,69.5652,0.3344
3688,299,90,208,1,69.5652,0.3344
3689,300,92,207,1,69.0000,0.3333
3690,300,90,209,1,69.6667,0.3333
3691,300,90,209,1,69.6667,0.3333
3692,300,90,209,1,69.6667,0.3333
3693,300,90,209,1,69.6667,0.3333
3694,300,90,209,1,69.6667,0.3333
3695,300,90,209,1,69.6667,0.3333
3696,299,89,209,1,69.8997,0.3344
3697,300,90,209,1,69.6667,0.3333
3698,300,90,209,1,69.6667,0.3333
3699,300,90,209,1,69.6667,0.3333
3700,300,89,210,1,70.0000,0.3333
3701,299,88,210,1,70.2341,0.3344
3702,301,91,209,1,69.4352,0.3322
3703,301,87,213,1,70.7641,0.3322
3704,301,86,214,1,71.0963,0.3322
3705,301,86,214,1,71.0963,0.3322
3706,300,85,214,1,71.3333,0.3333
3707,300,85,214,1,71.3333,0.3333
3708,300,85,214,1,71.3333,0.3333
3709,300,85,214,1,71.3333,0.3333
3710,300,84,215,1,71.6667,0.3333
3711,300,84,215,1,71.6667,0.3333
3712,300,84,215,1,71.6667,0.3333
3713,300,84,215,1,71.6667,0.3333
3714,299,80,218,1,72.9097,0.3344
3715,298,80,217,1,72.8188,0.3356
3716,299,80,218,1,72.9097,0.3344
3717,299,79,219,1,73.2441,0.3344
3718,301,79,221,1,73.4219,0.3322
3719,300,79,220,1,73.3333,0.3333
3720,300,78,221,1,73.6667,0.3333
3721,300,76,223,1,74.3333,0.3333
3722,300,76,223,1,74.3333,0.3333
3723,300,76,222,2,74.0000,0.6667
3724,300,75,223,2,74.3333,0.6667
3725,300,74,224,2,74.6667,0.6667
3726,300,72,226,2,75.3333,0.6667
3727,300,71,227,2,75.6667,0.6667
3728,300,70,228,2,76.0000,0.6667
3729,300,70,228,2,76.0000,0.6667
3730,300,68,230,2,76.6667,0.6667
3731,300,67,231,2,77.0000,0.6667
3732,300,68,231,1,77.0000,0.3333
3733,300,68,231,1,77.0000,0.3333
3734,300,68,231,1,77.0000,0.3333
3735,299,68,230,1,76.9231,0.3344
3736,299,67,231,1,77.2575,0.3344
3737,299,66,232,1,77.5920,0.3344
3738,300,67,232,1,77.3333,0.3333
3739,300,67,232,1,77.3333,0.3333
3740,298,66,231,1,77.5168,0.3356
3741,299,66,232,1,77.5920,0.3344
3742,300,67,232,1,77.3333,0.3333
3743,300,67,232,1,77.3333,0.3333
3744,300,67,232,1,77.3333,0.3333
3745,300,66,233,1,77.6667,0.3333
3746,300,65,234,1,78.0000,0.3333
3747,300,65,234,1,78.0000,0.3333
3748,300,62,237,1,79.0000,0.3333
3749,300,62,237,1,79.0000,0.3333
3750,300,62,237,1,79.0000,0.3333
3751,300,60,239,1,79.6667,0.3333
3752,300,60,239,1,79.6667,0.3333
3753,300,60,239,1,79.6667,0.3333
3754,300,60,239,1,79.6667,0.3333
3755,300,60,239,1,79.6667,0.3333
3756,300,58,241,1,80.3333,0.3333
3757,300,56,243,1,81.0000,0.3333
3758,300,56,243,1,81.0000,0.3333
3759,300,55,244,1,81.3333,0.3333
3760,300,55,244,1,81.3333,0.3333
3761,300,55,244,1,81.3333,0.3333
3762,299,55,243,1,81.2709,0.3344
3763,299,54,244,1,81.6054,0.3344
3764,299,54,244,1,81.6054,0.3344
3765,299,54,244,1,81.6054,0.3344
3766,301,56,244,1,81.0631,0.3322
3767,301,56,244,1,81.0631,0.3322
3768,300,56,243,1,81.0000,0.3333
3769,300,55,244,1,81.3333,0.3333
3770,299,55,243,1,81.2709,0.3344
3771,299,55,243,1,81.2709,0.3344
3772,301,56,244,1,81.0631,0.3322
3773,301,56,244,1,81.0631,0.3322
3774,301,56,244,1,81.0631,0.3322
3775,301,55,246,0,81.7276,0.0000
3776,301,55,246,0,81.7276,0.0000
3777,301,55,246,0,81.7276,0.0000
3778,301,55,246,0,81.7276,0.0000
3779,301,53,248,0,82.3920,0.0000
3780,301,52,249,0,82.7243,0.0000
3781,301,52,249,0,82.7243,0.0000
3782,301,51,250,0,83.0565,0.0000
3783,301,51,250,0,83.0565,0.0000
3784,301,51,250,0,83.0565,0.0000
3785,301,51,250,0,83.0565,0.0000
3786,301,51,250,0,83.0565,0.0000
3787,301,50,251,0,83.3887,0.0000
3788,301,50,251,0,83.3887,0.0000
3789,300,50,250,0,83.3333,0.0000
3790,300,48,252,0,84.0000,0.0000
3791,300,48,252,0,84.0000,0.0000
3792,299,47,252,0,84.2809,0.0000
3793,299,47,252,0,84.2809,0.0000
3794,299,48,251,0,83.9465,0.0000
3795,299,48,251,0,83.9465,0.0000
3796,299,48,251,0,83.9465,0.0000
3797,298,47,251,0,84.2282,0.0000
3798,298,46,252,0,84.5638,0.0000
3799,295,44,251,0,85.0847,0.0000
3800,295,44,251,0,85.0847,0.0000
3801,295,43,252,0,85.4237,0.0000
3802,295,42,253,0,85.7627,0.0000
3803,295,42,253,0,85.7627,0.0000
3804,295,42,253,0,85.7627,0.0000
3805,295,41,254,0,86.1017,0.0000
3806,295,41,254,0,86.1017,0.0000
3807,295,41,254,0,86.1017,0.0000
3808,295,40,255,0,86.4407,0.0000
3809,295,40,255,0,86.4407,0.0000
3810,297,42,255,0,85.8586,0.0000
3811,298,41,257,0,86.2416,0.0000
3812,299,41,258,0,86.2876,0.0000
3813,298,40,258,0,86.5772,0.0000
3814,299,41,258,0,86.2876,0.0000
3815,300,42,258,0,86.0000,0.0000
3816,300,42,258,0,86.0000,0.0000
3817,300,42,258,0,86.0000,0.0000
3818,300,42,258,0,86.0000,0.0000
3819,300,42,258,0,86.0000,0.0000
3820,300,41,259,0,86.3333,0.0000
3821,299,41,258,0,86.2876,0.0000
3822,300,42,258,0,86.0000,0.0000
3823,299,42,257,0,85.9532,0.0000
3824,299,41,258,0,86.2876,0.0000
3825,299,40,259,0,86.6221,0.0000
3826,299,40,259,0,86.6221,0.0000
3827,298,40,258,0,86.5772,0.0000
3828,298,40,258,0,86.5772,0.0000
3829,298,39,259,0,86.9128,0.0000
3830,299,40,259,0,86.6221,0.0000
3831,299,40,259,0,86.6221,0.0000
3832,299,40,259,0,86.6221,0.0000
3833,300,41,259,0,86.3333,0.0000
3834,299,41,258,0,86.2876,0.0000
3835,299,41,258,0,86.2876,0.0000
3836,298,40,258,0,86.5772,0.0000
3837,299,40,258,1,86.2876,0.3344
3838,297,40,256,1,86.1953,0.3367
3839,297,40,256,1,86.1953,0.3367
3840,298,41,256,1,85.9060,0.3356
3841,299,42,256,1,85.6187,0.3344
3842,299,42,255,2,85.2843,0.6689
3843,300,43,255,2,85.0000,0.6667
3844,300,43,255,2,85.0000,0.6667
3845,300,43,255,2,85.0000,0.6667
3846,300,43,255,2,85.0000,0.6667
3847,300,43,255,2,85.0000,0.6667
3848,300,43,255,2,85.0000,0.6667
3849,300,43,255,2,85.0000,0.6667
3850,299,43,254,2,84.9498,0.6689
3851,300,44,254,2,84.6667,0.6667
3852,298,43,253,2,84.8993,0.6711
3853,298,43,253,2,84.8993,0.6711
3854,300,45,253,2,84.3333,0.6667
3855,300,44,254,2,84.6667,0.6667
3856,299,44,253,2,84.6154,0.6689
3857,299,42,255,2,85.2843,0.6689
3858,299,43,254,2,84.9498,0.6689
3859,299,42,255,2,85.2843,0.6689
3860,298,41,255,2,85.5705,0.6711
3861,298,41,255,2,85.5705,0.6711
3862,297,40,255,2,85.8586,0.6734
3863,297,39,256,2,86.1953,0.6734
3864,296,38,256,2,86.4865,0.6757
3865,296,38,256,2,86.4865,0.6757
3866,295,38,255,2,86.4407,0.6780
3867,295,39,254,2,86.1017,0.6780
3868,295,39,254,2,86.1017,0.6780
3869,294,39,253,2,86.0544,0.6803
3870,294,38,254,2,86.3946,0.6803
3871,294,37,255,2,86.7347,0.6803
3872,293,37,254,2,86.6894,0.6826
3873,293,36,255,2,87.0307,0.6826
3874,292,36,254,2,86.9863,0.6849
3875,293,37,254,2,86.6894,0.6826
3876,293,38,253,2,86.3481,0.6826
3877,293,38,253,2,86.3481,0.6826
3878,294,39,253,2,86.0544,0.6803
3879,293,39,252,2,86.0068,0.6826
3880,294,39,253,2,86.0544,0.6803
3881,294,39,253,2,86.0544,0.6803
3882,295,40,253,2,85.7627,0.6780
3883,295,40,253,2,85.7627,0.6780
3884,295,39,254,2,86.1017,0.6780
3885,295,39,254,2,86.1017,0.6780
3886,295,39,254,2,86.1017,0.6780
3887,294,40,252,2,85.7143,0.6803
3888,294,41,251,2,85.3741,0.6803
3889,294,41,252,1,85.7143,0.3401
3890,294,41,252,1,85.7143,0.3401
3891,296,43,252,1,85.1351,0.3378
3892,296,42,253,1,85.4730,0.3378
3893,297,43,253,1,85.1852,0.3367
3894,296,44,252,0,85.1351,0.0000
3895,296,45,251,0,84.7973,0.0000
3896,295,46,249,0,84.4068,0.0000
3897,295,47,248,0,84.0678,0.0000
3898,295,47,248,0,84.0678,0.0000
3899,295,46,249,0,84.4068,0.0000
3900,295,46,249,0,84.4068,0.0000
3901,295,45,250,0,84.7458,0.0000
3902,295,45,249,1,84.4068,0.3390
3903,294,43,250,1,85.0340,0.3401
3904,294,43,250,1,85.0340,0.3401
3905,294,43,250,1,85.0340,0.3401
3906,293,43,249,1,84.9829,0.3413
3907,294,44,249,1,84.6939,0.3401
3908,293,44,248,1,84.6416,0.3413
3909,293,43,249,1,84.9829,0.3413
3910,293,43,249,1,84.9829,0.3413
3911,293,43,249,1,84.9829,0.3413
3912,295,45,249,1,84.4068,0.3390
3913,296,46,249,1,84.1216,0.3378
3914,295,45,249,1,84.4068,0.3390
3915,295,45,249,1,84.4068,0.3390
3916,297,47,249,1,83.8384,0.3367
3917,297,47,249,1,83.8384,0.3367
3918,297,47,249,1,83.8384,0.3367
3919,298,48,249,1,83.5570,0.3356
3920,298,48,249,1,83.5570,0.3356
3921,298,48,249,1,83.5570,0.3356
3922,299,50,248,1,82.9431,0.3344
3923,299,49,249,1,83.2776,0.3344
3924,298,49,248,1,83.2215,0.3356
3925,298,50,247,1,82.8859,0.3356
3926,300,52,247,1,82.3333,0.3333
3927,300,52,247,1,82.3333,0.3333
3928,298,52,245,1,82.2148,0.3356
3929,298,52,245,1,82.2148,0.3356
3930,298,51,246,1,82.5503,0.3356
3931,296,49,246,1,83.1081,0.3378
3932,296,49,246,1,83.1081,0.3378
3933,297,50,246,1,82.8283,0.3367
3934,297,50,246,1,82.8283,0.3367
3935,298,51,246,1,82.5503,0.3356
3936,298,50,247,1,82.8859,0.3356
3937,297,50,246,1,82.8283,0.3367
3938,299,52,246,1,82.2742,0.3344
3939,300,52,247,1,82.3333,0.3333
3940,299,52,246,1,82.2742,0.3344
3941,299,52,246,1,82.2742,0.3344
3942,301,54,246,1,81.7276,0.3322
3943,301,53,247,1,82.0598,0.3322
3944,300,53,246,1,82.0000,0.3333
3945,300,51,248,1,82.6667,0.3333
3946,299,49,249,1,83.2776,0.3344
3947,299,49,248,2,82.9431,0.6689
3948,300,50,248,2,82.6667,0.6667
3949,299,50,247,2,82.6087,0.6689
3950,299,50,247,2,82.6087,0.6689
3951,299,50,247,2,82.6087,0.6689
3952,300,51,247,2,82.3333,0.6667
3953,300,51,247,2,82.3333,0.6667
3954,300,51,248,1,82.6667,0.3333
3955,300,49,250,1,83.3333,0.3333
3956,300,48,251,1,83.6667,0.3333
3957,299,48,250,1,83.6120,0.3344
3958,299,48,250,1,83.6120,0.3344
3959,299,47,251,1,83.9465,0.3344
3960,300,47,252,1,84.0000,0.3333
3961,299,47,251,1,83.9465,0.3344
3962,299,47,251,1,83.9465,0.3344
3963,299,47,251,1,83.9465,0.3344
3964,300,49,250,1,83.3333,0.3333
3965,300,49,250,1,83.3333,0.3333
3966,299,49,249,1,83.2776,0.3344
3967,300,49,250,1,83.3333,0.3333
3968,300,49,250,1,83.3333,0.3333
3969,300,49,250,1,83.3333,0.3333
3970,300,48,251,1,83.6667,0.3333
3971,299,48,250,1,83.6120,0.3344
3972,300,49,250,1,83.3333,0.3333
3973,299,48,250,1,83.6120,0.3344
3974,299,48,250,1,83.6120,0.3344
3975,299,47,251,1,83.9465,0.3344
3976,300,48,251,1,83.6667,0.3333
3977,299,48,250,1,83.6120,0.3344
3978,299,48,250,1,83.6120,0.3344
3979,299,48,250,1,83.6120,0.3344
3980,301,50,250,1,83.0565,0.3322
3981,300,50,249,1,83.0000,0.3333
3982,298,50,247,1,82.8859,0.3356
3983,299,51,247,1,82.6087,0.3344
3984,299,50,248,1,82.9431,0.3344
3985,300,52,247,1,82.3333,0.3333
3986,300,52,247,1,82.3333,0.3333
3987,299,52,246,1,82.2742,0.3344
3988,297,51,245,1,82.4916,0.3367
3989,297,51,245,1,82.4916,0.3367
3990,297,51,245,1,82.4916,0.3367
3991,296,51,244,1,82.4324,0.3378
3992,294,51,242,1,82.3129,0.3401
3993,294,52,241,1,81.9728,0.3401
3994,293,52,240,1,81.9113,0.3413
3995,293,52,240,1,81.9113,0.3413
3996,294,54,239,1,81.2925,0.3401
3997,294,54,239,1,81.2925,0.3401
3998,294,55,238,1,80.9524,0.3401
3999,294,56,238,0,80.9524,0.0000
4000,293,54,239,0,81.5700,0.0000
4001,293,54,239,0,81.5700,0.0000
4002,294,55,239,0,81.2925,0.0000
4003,295,56,239,0,81.0169,0.0000
4004,297,58,239,0,80.4714,0.0000
4005,298,58,240,0,80.5369,0.0000
4006,298,59,239,0,80.2013,0.0000
4007,298,59,239,0,80.2013,0.0000
4008,299,60,239,0,79.9331,0.0000
4009,298,59,239,0,80.2013,0.0000
4010,298,59,239,0,80.2013,0.0000
4011,300,61,239,0,79.6667,0.0000
4012,299,58,241,0,80.6020,0.0000
4013,299,57,242,0,80.9365,0.0000
4014,299,56,242,1,80.9365,0.3344
4015,299,55,243,1,81.2709,0.3344
4016,299,56,242,1,80.9365,0.3344
4017,298,56,241,1,80.8725,0.3356
4018,298,55,242,1,81.2081,0.3356
4019,298,54,243,1,81.5436,0.3356
4020,298,52,245,1,82.2148,0.3356
4021,299,53,245,1,81.9398,0.3344
4022,299,53,245,1,81.9398,0.3344
4023,298,53,244,1,81.8792,0.3356
4024,298,52,245,1,82.2148,0.3356
4025,300,54,245,1,81.6667,0.3333
4026,300,54,245,1,81.6667,0.3333
4027,299,53,245,1,81.9398,0.3344
4028,299,51,247,1,82.6087,0.3344
4029,299,51,247,1,82.6087,0.3344
4030,300,52,247,1,82.3333,0.3333
4031,300,51,248,1,82.6667,0.3333
4032,300,50,249,1,83.0000,0.3333
4033,300,50,249,1,83.0000,0.3333
4034,298,50,247,1,82.8859,0.3356
4035,297,50,246,1,82.8283,0.3367
4036,296,50,245,1,82.7703,0.3378
4037,295,50,244,1,82.7119,0.3390
4038,294,50,242,2,82.3129,0.6803
4039,294,50,242,2,82.3129,0.6803
4040,294,50,242,2,82.3129,0.6803
4041,294,48,244,2,82.9932,0.6803
4042,294,48,244,2,82.9932,0.6803
4043,294,48,244,2,82.9932,0.6803
4044,294,48,244,2,82.9932,0.6803
4045,293,47,244,2,83.2765,0.6826
4046,294,48,244,2,82.9932,0.6803
4047,294,48,244,2,82.9932,0.6803
4048,294,47,245,2,83.3333,0.6803
4049,294,46,246,2,83.6735,0.6803
4050,294,46,246,2,83.6735,0.6803
4051,294,44,248,2,84.3537,0.6803
4052,295,45,248,2,84.0678,0.6780
4053,296,46,248,2,83.7838,0.6757
4054,296,46,248,2,83.7838,0.6757
4055,297,47,248,2,83.5017,0.6734
4056,296,45,249,2,84.1216,0.6757
4057,296,44,250,2,84.4595,0.6757
4058,294,43,249,2,84.6939,0.6803
4059,294,41,251,2,85.3741,0.6803
4060,294,40,252,2,85.7143,0.6803
4061,293,40,251,2,85.6655,0.6826
4062,293,40,250,3,85.3242,1.0239
4063,294,41,250,3,85.0340,1.0204
4064,294,41,250,3,85.0340,1.0204
4065,294,41,250,3,85.0340,1.0204
4066,293,41,250,2,85.3242,0.6826
4067,292,41,249,2,85.2740,0.6849
4068,291,41,248,2,85.2234,0.6873
4069,292,41,249,2,85.2740,0.6849
4070,292,40,250,2,85.6164,0.6849
4071,293,42,249,2,84.9829,0.6826
4072,292,42,248,2,84.9315,0.6849
4073,292,42,248,2,84.9315,0.6849
4074,290,42,246,2,84.8276,0.6897
4075,290,42,246,2,84.8276,0.6897
4076,291,43,246,2,84.5361,0.6873
4077,294,46,246,2,83.6735,0.6803
4078,294,44,248,2,84.3537,0.6803
4079,294,44,248,2,84.3537,0.6803
4080,294,45,247,2,84.0136,0.6803
4081,294,43,249,2,84.6939,0.6803
4082,296,42,252,2,85.1351,0.6757
4083,296,43,251,2,84.7973,0.6757
4084,297,44,251,2,84.5118,0.6734
4085,298,46,250,2,83.8926,0.6711
4086,299,45,252,2,84.2809,0.6689
4087,300,46,252,2,84.0000,0.6667
4088,300,46,252,2,84.0000,0.6667
4089,299,46,251,2,83.9465,0.6689
4090,300,48,251,1,83.6667,0.3333
4091,300,47,252,1,84.0000,0.3333
4092,299,47,251,1,83.9465,0.3344
4093,298,47,250,1,83.8926,0.3356
4094,298,46,251,1,84.2282,0.3356
4095,298,46,251,1,84.2282,0.3356
4096,300,48,251,1,83.6667,0.3333
4097,299,48,250,1,83.6120,0.3344
4098,299,48,250,1,83.6120,0.3344
4099,299,49,249,1,83.2776,0.3344
4100,299,49,249,1,83.2776,0.3344
4101,299,49,249,1,83.2776,0.3344
4102,301,49,251,1,83.3887,0.3322
4103,301,48,252,1,83.7209,0.3322
4104,298,46,251,1,84.2282,0.3356
4105,298,45,252,1,84.5638,0.3356
4106,296,45,250,1,84.4595,0.3378
4107,297,47,249,1,83.8384,0.3367
4108,297,45,251,1,84.5118,0.3367
4109,297,45,251,1,84.5118,0.3367
4110,297,45,251,1,84.5118,0.3367
4111,297,45,251,1,84.5118,0.3367
4112,296,46,249,1,84.1216,0.3378
4113,295,45,249,1,84.4068,0.3390
4114,294,46,248,0,84.3537,0.0000
4115,292,46,246,0,84.2466,0.0000
4116,292,46,246,0,84.2466,0.0000
4117,291,46,245,0,84.1924,0.0000
4118,290,45,245,0,84.4828,0.0000
4119,288,45,243,0,84.3750,0.0000
4120,287,44,243,0,84.6690,0.0000
4121,288,45,243,0,84.3750,0.0000
4122,287,45,242,0,84.3206,0.0000
4123,286,45,241,0,84.2657,0.0000
4124,286,45,241,0,84.2657,0.0000
4125,287,46,241,0,83.9721,0.0000
4126,286,46,240,0,83.9161,0.0000
4127,287,47,240,0,83.6237,0.0000
4128,287,47,240,0,83.6237,0.0000
4129,287,46,241,0,83.9721,0.0000
4130,288,47,241,0,83.6806,0.0000
4131,284,47,237,0,83.4507,0.0000
4132,284,47,237,0,83.4507,0.0000
4133,282,47,235,0,83.3333,0.0000
4134,282,47,235,0,83.3333,0.0000
4135,282,46,236,0,83.6879,0.0000
4136,285,49,236,0,82.8070,0.0000
4137,286,50,236,0,82.5175,0.0000
4138,284,49,235,0,82.7465,0.0000
4139,284,49,235,0,82.7465,0.0000
4140,284,48,236,0,83.0986,0.0000
4141,286,50,236,0,82.5175,0.0000
4142,286,49,237,0,82.8671,0.0000
4143,285,49,236,0,82.8070,0.0000
4144,283,48,235,0,83.0389,0.0000
4145,282,49,233,0,82.6241,0.0000
4146,282,48,234,0,82.9787,0.0000
4147,282,48,234,0,82.9787,0.0000
4148,281,46,235,0,83.6299,0.0000
4149,283,47,236,0,83.3922,0.0000
4150,283,47,236,0,83.3922,0.0000
4151,283,49,234,0,82.6855,0.0000
4152,283,49,234,0,82.6855,0.0000
4153,283,48,235,0,83.0389,0.0000
4154,281,48,233,0,82.9181,0.0000
4155,280,46,234,0,83.5714,0.0000
4156,280,46,234,0,83.5714,0.0000
4157,281,47,234,0,83.2740,0.0000
4158,281,47,234,0,83.2740,0.0000
4159,281,46,235,0,83.6299,0.0000
4160,281,44,237,0,84.3416,0.0000
4161,279,44,235,0,84.2294,0.0000
4162,280,46,234,0,83.5714,0.0000
4163,280,44,236,0,84.2857,0.0000
4164,281,45,236,0,83.9858,0.0000
4165,282,46,236,0,83.6879,0.0000
4166,283,47,236,0,83.3922,0.0000
4167,283,47,236,0,83.3922,0.0000
4168,283,47,236,0,83.3922,0.0000
4169,283,48,234,1,82.6855,0.3534
4170,283,48,234,1,82.6855,0.3534
4171,281,48,232,1,82.5623,0.3559
4172,278,48,229,1,82.3741,0.3597
4173,277,48,228,1,82.3105,0.3610
4174,275,48,226,1,82.1818,0.3636
4175,275,49,225,1,81.8182,0.3636
4176,272,49,222,1,81.6176,0.3676
4177,272,49,222,1,81.6176,0.3676
4178,271,48,222,1,81.9188,0.3690
4179,271,48,222,1,81.9188,0.3690
4180,271,49,221,1,81.5498,0.3690
4181,271,49,221,1,81.5498,0.3690
4182,271,49,221,1,81.5498,0.3690
4183,273,50,221,2,80.9524,0.7326
4184,273,50,221,2,80.9524,0.7326
4185,273,50,221,2,80.9524,0.7326
4186,272,50,220,2,80.8824,0.7353
4187,273,51,220,2,80.5861,0.7326
4188,273,51,220,2,80.5861,0.7326
4189,273,50,221,2,80.9524,0.7326
4190,273,51,219,3,80.2198,1.0989
4191,274,52,219,3,79.9270,1.0949
4192,275,52,220,3,80.0000,1.0909
4193,275,50,222,3,80.7273,1.0909
4194,275,50,222,3,80.7273,1.0909
4195,275,50,222,3,80.7273,1.0909
4196,276,51,222,3,80.4348,1.0870
4197,277,53,221,3,79.7834,1.0830
4198,279,55,221,3,79.2115,1.0753
4199,279,55,221,3,79.2115,1.0753
4200,278,55,220,3,79.1367,1.0791
4201,277,54,220,3,79.4224,1.0830
4202,278,55,220,3,79.1367,1.0791
4203,276,55,218,3,78.9855,1.0870
4204,275,57,215,3,78.1818,1.0909
4205,275,57,215,3,78.1818,1.0909
4206,277,58,216,3,77.9783,1.0830
4207,276,57,216,3,78.2609,1.0870
4208,276,56,217,3,78.6232,1.0870
4209,276,55,218,3,78.9855,1.0870
4210,275,54,218,3,79.2727,1.0909
4211,275,54,218,3,79.2727,1.0909
4212,275,54,218,3,79.2727,1.0909
4213,275,54,218,3,79.2727,1.0909
4214,272,54,214,4,78.6765,1.4706
4215,271,54,213,4,78.5978,1.4760
4216,272,55,213,4,78.3088,1.4706
4217,276,59,213,4,77.1739,1.4493
4218,277,59,214,4,77.2563,1.4440
4219,276,58,214,4,77.5362,1.4493
4220,275,57,214,4,77.8182,1.4545
4221,276,58,214,4,77.5362,1.4493
4222,275,56,215,4,78.1818,1.4545
4223,275,56,215,4,78.1818,1.4545
4224,275,55,216,4,78.5455,1.4545
4225,274,55,214,5,78.1022,1.8248
4226,272,55,212,5,77.9412,1.8382
4227,272,54,213,5,78.3088,1.8382
4228,274,58,211,5,77.0073,1.8248
4229,274,56,213,5,77.7372,1.8248
4230,275,57,213,5,77.4545,1.8182
4231,273,57,211,5,77.2894,1.8315
4232,272,57,210,5,77.2059,1.8382
4233,272,57,210,5,77.2059,1.8382
4234,272,57,210,5,77.2059,1.8382
4235,273,57,212,4,77.6557,1.4652
4236,273,57,212,4,77.6557,1.4652
4237,271,57,210,4,77.4908,1.4760
4238,272,58,210,4,77.2059,1.4706
4239,273,59,210,4,76.9231,1.4652
4240,272,59,209,4,76.8382,1.4706
4241,272,60,208,4,76.4706,1.4706
4242,272,60,209,3,76.8382,1.1029
4243,272,59,210,3,77.2059,1.1029
4244,272,59,210,3,77.2059,1.1029
4245,271,59,209,3,77.1218,1.1070
4246,271,59,209,3,77.1218,1.1070
4247,270,59,208,3,77.0370,1.1111
4248,271,61,207,3,76.3838,1.1070
4249,270,61,206,3,76.2963,1.1111
4250,272,63,206,3,75.7353,1.1029
4251,271,61,207,3,76.3838,1.1070
4252,272,62,207,3,76.1029,1.1029
4253,272,62,207,3,76.1029,1.1029
4254,272,62,207,3,76.1029,1.1029
4255,273,62,208,3,76.1905,1.0989
4256,272,62,207,3,76.1029,1.1029
4257,272,62,207,3,76.1029,1.1029
4258,271,62,206,3,76.0148,1.1070
4259,272,62,207,3,76.1029,1.1029
4260,272,63,206,3,75.7353,1.1029
4261,272,63,206,3,75.7353,1.1029
4262,273,64,206,3,75.4579,1.0989
4263,273,64,206,3,75.4579,1.0989
4264,273,64,206,3,75.4579,1.0989
4265,273,64,206,3,75.4579,1.0989
4266,272,65,205,2,75.3676,0.7353
4267,272,65,205,2,75.3676,0.7353
4268,273,65,206,2,75.4579,0.7326
4269,272,64,206,2,75.7353,0.7353
4270,272,64,206,2,75.7353,0.7353
4271,272,62,208,2,76.4706,0.7353
4272,272,62,208,2,76.4706,0.7353
4273,271,63,207,1,76.3838,0.3690
4274,273,65,207,1,75.8242,0.3663
4275,272,64,207,1,76.1029,0.3676
4276,271,63,207,1,76.3838,0.3690
4277,273,65,208,0,76.1905,0.0000
4278,273,65,208,0,76.1905,0.0000
4279,274,66,208,0,75.9124,0.0000
4280,274,67,207,0,75.5474,0.0000
4281,274,67,207,0,75.5474,0.0000
4282,275,68,207,0,75.2727,0.0000
4283,274,68,206,0,75.1825,0.0000
4284,275,69,206,0,74.9091,0.0000
4285,275,67,208,0,75.6364,0.0000
4286,275,67,208,0,75.6364,0.0000
4287,276,68,208,0,75.3623,0.0000
4288,277,69,208,0,75.0903,0.0000
4289,277,69,208,0,75.0903,0.0000
4290,276,69,207,0,75.0000,0.0000
4291,276,68,207,1,75.0000,0.3623
4292,277,68,208,1,75.0903,0.3610
4293,276,68,207,1,75.0000,0.3623
4294,276,67,208,1,75.3623,0.3623
4295,276,67,208,1,75.3623,0.3623
4296,277,67,209,1,75.4513,0.3610
4297,276,67,208,1,75.3623,0.3623
4298,275,67,207,1,75.2727,0.3636
4299,276,66,209,1,75.7246,0.3623
4300,275,64,210,1,76.3636,0.3636
4301,275,63,211,1,76.7273,0.3636
4302,274,63,210,1,76.6423,0.3650
4303,273,63,209,1,76.5568,0.3663
4304,276,65,210,1,76.0870,0.3623
4305,276,65,209,2,75.7246,0.7246
4306,277,66,209,2,75.4513,0.7220
4307,279,68,209,2,74.9104,0.7168
4308,279,68,209,2,74.9104,0.7168
4309,278,66,210,2,75.5396,0.7194
4310,278,66,210,2,75.5396,0.7194
4311,278,66,210,2,75.5396,0.7194
4312,276,66,208,2,75.3623,0.7246
4313,279,70,207,2,74.1935,0.7168
4314,279,68,209,2,74.9104,0.7168
4315,279,68,209,2,74.9104,0.7168
4316,278,67,209,2,75.1799,0.7194
4317,278,67,209,2,75.1799,0.7194
4318,278,67,209,2,75.1799,0.7194
4319,278,67,209,2,75.1799,0.7194
4320,277,67,208,2,75.0903,0.7220
4321,278,68,208,2,74.8201,0.7194
4322,278,68,208,2,74.8201,0.7194
4323,278,67,209,2,75.1799,0.7194
4324,277,66,209,2,75.4513,0.7220
4325,278,67,209,2,75.1799,0.7194
4326,278,68,208,2,74.8201,0.7194
4327,280,68,210,2,75.0000,0.7143
4328,282,70,210,2,74.4681,0.7092
4329,282,69,211,2,74.8227,0.7092
4330,281,68,211,2,75.0890,0.7117
4331,281,68,211,2,75.0890,0.7117
4332,281,68,211,2,75.0890,0.7117
4333,281,67,212,2,75.4448,0.7117
4334,283,69,212,2,74.9117,0.7067
4335,283,68,213,2,75.2650,0.7067
4336,285,70,212,3,74.3860,1.0526
4337,285,68,214,3,75.0877,1.0526
4338,286,67,216,3,75.5245,1.0490
4339,286,67,216,3,75.5245,1.0490
4340,287,66,218,3,75.9582,1.0453
4341,288,66,219,3,76.0417,1.0417
4342,291,69,219,3,75.2577,1.0309
4343,291,69,220,2,75.6014,0.6873
4344,293,71,220,2,75.0853,0.6826
4345,295,73,220,2,74.5763,0.6780
4346,295,73,220,2,74.5763,0.6780
4347,295,73,220,2,74.5763,0.6780
4348,297,74,221,2,74.4108,0.6734
4349,299,76,221,2,73.9130,0.6689
4350,299,76,221,2,73.9130,0.6689
4351,300,77,221,2,73.6667,0.6667
4352,299,77,220,2,73.5786,0.6689
4353,300,78,220,2,73.3333,0.6667
4354,300,76,222,2,74.0000,0.6667
4355,299,76,221,2,73.9130,0.6689
4356,301,76,223,2,74.0864,0.6645
4357,301,75,225,1,74.7508,0.3322
4358,299,75,223,1,74.5819,0.3344
4359,298,74,223,1,74.8322,0.3356
4360,298,73,224,1,75.1678,0.3356
4361,299,73,225,1,75.2508,0.3344
4362,303,77,225,1,74.2574,0.3300
4363,302,77,224,1,74.1722,0.3311
4364,300,77,222,1,74.0000,0.3333
4365,300,74,225,1,75.0000,0.3333
4366,300,73,226,1,75.3333,0.3333
4367,300,72,227,1,75.6667,0.3333
4368,300,72,227,1,75.6667,0.3333
4369,299,72,226,1,75.5853,0.3344
4370,300,73,226,1,75.3333,0.3333
4371,299,71,227,1,75.9197,0.3344
4372,300,72,227,1,75.6667,0.3333
4373,300,71,228,1,76.0000,0.3333
4374,299,71,227,1,75.9197,0.3344
4375,300,72,227,1,75.6667,0.3333
4376,300,71,228,1,76.0000,0.3333
4377,300,70,229,1,76.3333,0.3333
4378,300,68,231,1,77.0000,0.3333
4379,300,67,232,1,77.3333,0.3333
4380,299,67,231,1,77.2575,0.3344
4381,299,66,232,1,77.5920,0.3344
4382,300,67,232,1,77.3333,0.3333
4383,300,67,232,1,77.3333,0.3333
4384,300,66,233,1,77.6667,0.3333
4385,299,66,232,1,77.5920,0.3344
4386,299,64,234,1,78.2609,0.3344
4387,299,64,234,1,78.2609,0.3344
4388,299,65,234,0,78.2609,0.0000
4389,301,66,235,0,78.0731,0.0000
4390,301,65,235,1,78.0731,0.3322
4391,301,65,235,1,78.0731,0.3322
4392,301,64,236,1,78.4053,0.3322
4393,300,62,237,1,79.0000,0.3333
4394,300,61,238,1,79.3333,0.3333
4395,300,60,239,1,79.6667,0.3333
4396,300,59,240,1,80.0000,0.3333
4397,300,59,240,1,80.0000,0.3333
4398,300,58,241,1,80.3333,0.3333
4399,299,58,240,1,80.2676,0.3344
4400,300,58,241,1,80.3333,0.3333
4401,298,57,240,1,80.5369,0.3356
4402,300,58,241,1,80.3333,0.3333
4403,299,57,241,1,80.6020,0.3344
4404,300,59,240,1,80.0000,0.3333
4405,300,58,241,1,80.3333,0.3333
4406,300,58,241,1,80.3333,0.3333
4407,300,58,241,1,80.3333,0.3333
4408,300,57,242,1,80.6667,0.3333
4409,299,56,242,1,80.9365,0.3344
4410,300,57,242,1,80.6667,0.3333
4411,300,56,243,1,81.0000,0.3333
4412,300,56,243,1,81.0000,0.3333
4413,300,56,243,1,81.0000,0.3333
4414,300,55,244,1,81.3333,0.3333
4415,299,53,245,1,81.9398,0.3344
4416,299,53,245,1,81.9398,0.3344
4417,299,53,245,1,81.9398,0.3344
4418,301,55,245,1,81.3953,0.3322
4419,301,54,246,1,81.7276,0.3322
4420,301,54,246,1,81.7276,0.3322
4421,301,54,246,1,81.7276,0.3322
4422,301,54,246,1,81.7276,0.3322
4423,300,53,246,1,82.0000,0.3333
4424,300,53,246,1,82.0000,0.3333
4425,300,52,247,1,82.3333,0.3333
4426,300,50,249,1,83.0000,0.3333
4427,300,47,252,1,84.0000,0.3333
4428,300,47,252,1,84.0000,0.3333
4429,299,46,252,1,84.2809,0.3344
4430,299,46,252,1,84.2809,0.3344
4431,298,47,250,1,83.8926,0.3356
4432,300,49,250,1,83.3333,0.3333
4433,300,48,251,1,83.6667,0.3333
4434,300,47,252,1,84.0000,0.3333
4435,300,47,252,1,84.0000,0.3333
4436,299,46,252,1,84.2809,0.3344
4437,299,46,252,1,84.2809,0.3344
4438,300,47,252,1,84.0000,0.3333
4439,300,47,252,1,84.0000,0.3333
4440,299,47,251,1,83.9465,0.3344
4441,300,48,251,1,83.6667,0.3333
4442,300,48,252,0,84.0000,0.0000
4443,300,48,252,0,84.0000,0.0000
4444,299,48,251,0,83.9465,0.0000
4445,300,49,251,0,83.6667,0.0000
4446,298,49,249,0,83.5570,0.0000
4447,297,50,247,0,83.1650,0.0000
4448,297,49,248,0,83.5017,0.0000
4449,297,49,248,0,83.5017,0.0000
4450,297,49,248,0,83.5017,0.0000
4451,297,50,247,0,83.1650,0.0000
4452,297,50,247,0,83.1650,0.0000
4453,298,51,247,0,82.8859,0.0000
4454,298,51,247,0,82.8859,0.0000
4455,299,53,246,0,82.2742,0.0000
4456,298,52,246,0,82.5503,0.0000
4457,297,52,245,0,82.4916,0.0000
4458,298,53,245,0,82.2148,0.0000
4459,297,52,245,0,82.4916,0.0000
4460,296,52,244,0,82.4324,0.0000
4461,297,52,245,0,82.4916,0.0000
4462,297,52,245,0,82.4916,0.0000
4463,297,52,245,0,82.4916,0.0000
4464,297,51,246,0,82.8283,0.0000
4465,297,51,246,0,82.8283,0.0000
4466,296,51,245,0,82.7703,0.0000
4467,295,50,245,0,83.0508,0.0000
4468,295,50,245,0,83.0508,0.0000
4469,295,50,245,0,83.0508,0.0000
4470,296,50,246,0,83.1081,0.0000
4471,297,52,245,0,82.4916,0.0000
4472,297,52,245,0,82.4916,0.0000
4473,296,51,245,0,82.7703,0.0000
4474,296,51,245,0,82.7703,0.0000
4475,296,52,244,0,82.4324,0.0000
4476,296,52,244,0,82.4324,0.0000
4477,296,52,244,0,82.4324,0.0000
4478,296,52,244,0,82.4324,0.0000
4479,296,52,244,0,82.4324,0.0000
4480,297,52,245,0,82.4916,0.0000
4481,297,52,245,0,82.4916,0.0000
4482,299,53,246,0,82.2742,0.0000
4483,299,53,246,0,82.2742,0.0000
4484,298,53,245,0,82.2148,0.0000
4485,298,52,246,0,82.5503,0.0000
4486,299,52,247,0,82.6087,0.0000
4487,299,52,247,0,82.6087,0.0000
4488,299,53,246,0,82.2742,0.0000
4489,299,53,246,0,82.2742,0.0000
4490,298,51,247,0,82.8859,0.0000
4491,298,51,247,0,82.8859,0.0000
4492,298,51,247,0,82.8859,0.0000
4493,298,49,249,0,83.5570,0.0000
4494,298,49,249,0,83.5570,0.0000
4495,298,49,249,0,83.5570,0.0000
4496,299,49,250,0,83.6120,0.0000
4497,299,49,250,0,83.6120,0.0000
4498,301,51,250,0,83.0565,0.0000
4499,301,50,251,0,83.3887,0.0000
4500,299,50,249,0,83.2776,0.0000
4501,299,50,249,0,83.2776,0.0000
4502,300,50,250,0,83.3333,0.0000
4503,300,50,250,0,83.3333,0.0000
4504,300,49,251,0,83.6667,0.0000
4505,300,48,252,0,84.0000,0.0000
4506,299,47,252,0,84.2809,0.0000
4507,299,47,252,0,84.2809,0.0000
4508,300,48,252,0,84.0000,0.0000
4509,300,46,254,0,84.6667,0.0000
4510,299,45,254,0,84.9498,0.0000
4511,299,45,254,0,84.9498,0.0000
4512,298,44,254,0,85.2349,0.0000
4513,298,45,253,0,84.8993,0.0000
4514,297,45,252,0,84.8485,0.0000
4515,295,45,250,0,84.7458,0.0000
4516,295,43,252,0,85.4237,0.0000
4517,295,43,252,0,85.4237,0.0000
4518,294,43,251,0,85.3741,0.0000
4519,294,44,250,0,85.0340,0.0000
4520,295,45,250,0,84.7458,0.0000
4521,294,44,250,0,85.0340,0.0000
4522,294,44,250,0,85.0340,0.0000
4523,295,45,250,0,84.7458,0.0000
4524,295,44,251,0,85.0847,0.0000
4525,294,43,251,0,85.3741,0.0000
4526,294,43,251,0,85.3741,0.0000
4527,293,43,250,0,85.3242,0.0000
4528,292,43,249,0,85.2740,0.0000
4529,291,43,248,0,85.2234,0.0000
4530,293,45,248,0,84.6416,0.0000
4531,292,45,247,0,84.5890,0.0000
4532,291,45,246,0,84.5361,0.0000
4533,291,45,246,0,84.5361,0.0000
4534,292,45,247,0,84.5890,0.0000
4535,292,45,247,0,84.5890,0.0000
4536,292,45,247,0,84.5890,0.0000
4537,292,45,247,0,84.5890,0.0000
4538,292,44,248,0,84.9315,0.0000
4539,292,44,248,0,84.9315,0.0000
4540,292,44,248,0,84.9315,0.0000
4541,291,43,248,0,85.2234,0.0000
4542,291,44,247,0,84.8797,0.0000
4543,291,44,247,0,84.8797,0.0000
4544,290,44,246,0,84.8276,0.0000
4545,290,44,246,0,84.8276,0.0000
4546,289,44,245,0,84.7751,0.0000
4547,289,44,245,0,84.7751,0.0000
4548,289,43,246,0,85.1211,0.0000
4549,289,44,245,0,84.7751,0.0000
4550,288,44,244,0,84.7222,0.0000
4551,288,45,243,0,84.3750,0.0000
4552,287,43,244,0,85.0174,0.0000
4553,288,44,244,0,84.7222,0.0000
4554,288,44,244,0,84.7222,0.0000
4555,288,43,245,0,85.0694,0.0000
4556,287,43,244,0,85.0174,0.0000
4557,287,45,242,0,84.3206,0.0000
4558,287,46,241,0,83.9721,0.0000
4559,288,46,242,0,84.0278,0.0000
4560,286,43,243,0,84.9650,0.0000
4561,285,43,242,0,84.9123,0.0000
4562,286,41,245,0,85.6643,0.0000
4563,286,41,245,0,85.6643,0.0000
4564,286,41,245,0,85.6643,0.0000
4565,287,42,245,0,85.3659,0.0000
4566,287,42,245,0,85.3659,0.0000
4567,287,43,244,0,85.0174,0.0000
4568,287,42,245,0,85.3659,0.0000
4569,288,42,246,0,85.4167,0.0000
4570,289,44,245,0,84.7751,0.0000
4571,288,43,245,0,85.0694,0.0000
4572,289,43,246,0,85.1211,0.0000
4573,289,42,247,0,85.4671,0.0000
4574,289,42,247,0,85.4671,0.0000
4575,290,43,247,0,85.1724,0.0000
4576,290,43,247,0,85.1724,0.0000
4577,290,43,247,0,85.1724,0.0000
4578,290,42,248,0,85.5172,0.0000
4579,288,41,247,0,85.7639,0.0000
4580,288,40,248,0,86.1111,0.0000
4581,286,40,246,0,86.0140,0.0000
4582,286,41,245,0,85.6643,0.0000
4583,284,40,244,0,85.9155,0.0000
4584,285,41,244,0,85.6140,0.0000
4585,285,40,245,0,85.9649,0.0000
4586,283,38,245,0,86.5724,0.0000
4587,284,38,246,0,86.6197,0.0000
4588,284,37,247,0,86.9718,0.0000
4589,285,38,247,0,86.6667,0.0000
4590,285,38,247,0,86.6667,0.0000
4591,285,38,247,0,86.6667,0.0000
4592,285,38,247,0,86.6667,0.0000
4593,285,37,248,0,87.0175,0.0000
4594,285,36,249,0,87.3684,0.0000
4595,284,36,248,0,87.3239,0.0000
4596,285,37,248,0,87.0175,0.0000
4597,285,35,250,0,87.7193,0.0000
4598,285,35,250,0,87.7193,0.0000
4599,285,35,250,0,87.7193,0.0000
4600,285,34,251,0,88.0702,0.0000
4601,285,33,252,0,88.4211,0.0000
4602,285,34,251,0,88.0702,0.0000
4603,283,34,249,0,87.9859,0.0000
4604,282,34,248,0,87.9433,0.0000
4605,282,34,248,0,87.9433,0.0000
4606,281,34,247,0,87.9004,0.0000
4607,281,33,248,0,88.2562,0.0000
4608,281,33,248,0,88.2562,0.0000
4609,279,32,247,0,88.5305,0.0000
4610,279,31,248,0,88.8889,0.0000
4611,280,32,248,0,88.5714,0.0000
4612,280,31,248,1,88.5714,0.3571
4613,279,31,247,1,88.5305,0.3584
4614,279,30,248,1,88.8889,0.3584
4615,279,30,248,1,88.8889,0.3584
4616,279,30,248,1,88.8889,0.3584
4617,280,31,248,1,88.5714,0.3571
4618,280,31,248,1,88.5714,0.3571
4619,280,32,247,1,88.2143,0.3571
4620,280,32,247,1,88.2143,0.3571
4621,279,32,246,1,88.1720,0.3584
4622,278,32,245,1,88.1295,0.3597
4623,278,31,246,1,88.4892,0.3597
4624,278,31,246,1,88.4892,0.3597
4625,277,31,245,1,88.4477,0.3610
4626,278,32,245,1,88.1295,0.3597
4627,279,33,245,1,87.8136,0.3584
4628,281,35,245,1,87.1886,0.3559
4629,280,33,246,1,87.8571,0.3571
4630,280,33,246,1,87.8571,0.3571
4631,280,32,247,1,88.2143,0.3571
4632,280,32,247,1,88.2143,0.3571
4633,280,32,247,1,88.2143,0.3571
4634,281,32,248,1,88.2562,0.3559
4635,282,33,248,1,87.9433,0.3546
4636,281,33,247,1,87.9004,0.3559
4637,281,33,247,1,87.9004,0.3559
4638,281,34,246,1,87.5445,0.3559
4639,282,35,246,1,87.2340,0.3546
4640,281,35,245,1,87.1886,0.3559
4641,282,36,245,1,86.8794,0.3546
4642,281,35,245,1,87.1886,0.3559
4643,281,35,245,1,87.1886,0.3559
4644,281,35,245,1,87.1886,0.3559
4645,281,36,244,1,86.8327,0.3559
4646,280,36,243,1,86.7857,0.3571
4647,280,36,243,1,86.7857,0.3571
4648,279,36,242,1,86.7384,0.3584
4649,278,35,242,1,87.0504,0.3597
4650,277,35,241,1,87.0036,0.3610
4651,278,36,241,1,86.6906,0.3597
4652,278,36,241,1,86.6906,0.3597
4653,279,37,241,1,86.3799,0.3584
4654,278,37,240,1,86.3309,0.3597
4655,276,37,238,1,86.2319,0.3623
4656,278,39,238,1,85.6115,0.3597
4657,278,39,238,1,85.6115,0.3597
4658,278,39,238,1,85.6115,0.3597
4659,280,41,238,1,85.0000,0.3571
4660,278,41,236,1,84.8921,0.3597
4661,277,41,235,1,84.8375,0.3610
4662,278,42,235,1,84.5324,0.3597
4663,278,44,233,1,83.8129,0.3597
4664,278,45,233,0,83.8129,0.0000
4665,278,44,234,0,84.1727,0.0000
4666,278,44,234,0,84.1727,0.0000
4667,279,45,234,0,83.8710,0.0000
4668,279,44,235,0,84.2294,0.0000
4669,279,44,235,0,84.2294,0.0000
4670,279,42,237,0,84.9462,0.0000
4671,279,41,238,0,85.3047,0.0000
4672,280,42,238,0,85.0000,0.0000
4673,280,42,238,0,85.0000,0.0000
4674,280,41,239,0,85.3571,0.0000
4675,281,42,239,0,85.0534,0.0000
4676,282,42,240,0,85.1064,0.0000
4677,282,41,241,0,85.4610,0.0000
4678,282,42,240,0,85.1064,0.0000
4679,281,42,239,0,85.0534,0.0000
4680,281,41,240,0,85.4093,0.0000
4681,281,41,240,0,85.4093,0.0000
4682,281,41,240,0,85.4093,0.0000
4683,281,42,239,0,85.0534,0.0000
4684,280,42,238,0,85.0000,0.0000
4685,282,44,238,0,84.3972,0.0000
4686,282,44,238,0,84.3972,0.0000
4687,282,44,238,0,84.3972,0.0000
4688,282,42,240,0,85.1064,0.0000
4689,282,43,239,0,84.7518,0.0000
4690,282,43,239,0,84.7518,0.0000
4691,282,43,239,0,84.7518,0.0000
4692,281,43,238,0,84.6975,0.0000
4693,280,41,239,0,85.3571,0.0000
4694,279,41,238,0,85.3047,0.0000
4695,279,41,238,0,85.3047,0.0000
4696,280,41,239,0,85.3571,0.0000
4697,280,41,239,0,85.3571,0.0000
4698,281,42,239,0,85.0534,0.0000
4699,281,41,240,0,85.4093,0.0000
4700,282,42,240,0,85.1064,0.0000
4701,282,42,240,0,85.1064,0.0000
4702,281,42,239,0,85.0534,0.0000
4703,282,43,239,0,84.7518,0.0000
4704,282,43,239,0,84.7518,0.0000
4705,282,43,239,0,84.7518,0.0000
4706,282,43,239,0,84.7518,0.0000
4707,281,43,238,0,84.6975,0.0000
4708,281,43,238,0,84.6975,0.0000
4709,282,44,238,0,84.3972,0.0000
4710,281,44,237,0,84.3416,0.0000
4711,281,45,236,0,83.9858,0.0000
4712,282,46,236,0,83.6879,0.0000
4713,282,45,237,0,84.0426,0.0000
4714,282,45,237,0,84.0426,0.0000
4715,283,46,237,0,83.7456,0.0000
4716,283,45,238,0,84.0989,0.0000
4717,283,44,239,0,84.4523,0.0000
4718,283,44,239,0,84.4523,0.0000
4719,281,44,237,0,84.3416,0.0000
4720,280,45,235,0,83.9286,0.0000
4721,280,46,234,0,83.5714,0.0000
4722,279,46,233,0,83.5125,0.0000
4723,280,48,232,0,82.8571,0.0000
4724,280,48,232,0,82.8571,0.0000
4725,279,47,232,0,83.1541,0.0000
4726,279,47,232,0,83.1541,0.0000
4727,279,47,232,0,83.1541,0.0000
4728,279,47,232,0,83.1541,0.0000
4729,278,44,234,0,84.1727,0.0000
4730,277,44,233,0,84.1155,0.0000
4731,277,44,233,0,84.1155,0.0000
4732,277,43,234,0,84.4765,0.0000
4733,277,42,235,0,84.8375,0.0000
4734,279,42,237,0,84.9462,0.0000
4735,279,42,237,0,84.9462,0.0000
4736,279,43,235,1,84.2294,0.3584
4737,279,43,235,1,84.2294,0.3584
4738,280,44,235,1,83.9286,0.3571
4739,280,42,237,1,84.6429,0.3571
4740,280,42,237,1,84.6429,0.3571
4741,280,42,237,1,84.6429,0.3571
4742,280,42,237,1,84.6429,0.3571
4743,279,42,236,1,84.5878,0.3584
4744,278,42,235,1,84.5324,0.3597
4745,278,42,235,1,84.5324,0.3597
4746,279,42,236,1,84.5878,0.3584
4747,280,43,236,1,84.2857,0.3571
4748,280,43,236,1,84.2857,0.3571
4749,279,43,235,1,84.2294,0.3584
4750,280,44,235,1,83.9286,0.3571
4751,279,43,235,1,84.2294,0.3584
4752,277,41,235,1,84.8375,0.3610
4753,278,42,235,1,84.5324,0.3597
4754,278,42,235,1,84.5324,0.3597
4755,277,42,234,1,84.4765,0.3610
4756,276,42,233,1,84.4203,0.3623
4757,276,42,233,1,84.4203,0.3623
4758,276,43,232,1,84.0580,0.3623
4759,275,43,231,1,84.0000,0.3636
4760,276,43,232,1,84.0580,0.3623
4761,276,42,233,1,84.4203,0.3623
4762,276,42,233,1,84.4203,0.3623
4763,276,41,234,1,84.7826,0.3623
4764,276,38,237,1,85.8696,0.3623
4765,277,38,238,1,85.9206,0.3610
4766,277,38,238,1,85.9206,0.3610
4767,277,38,238,1,85.9206,0.3610
4768,277,36,240,1,86.6426,0.3610
4769,277,37,239,1,86.2816,0.3610
4770,276,37,238,1,86.2319,0.3623
4771,275,37,237,1,86.1818,0.3636
4772,274,36,237,1,86.4964,0.3650
4773,275,37,237,1,86.1818,0.3636
4774,276,38,237,1,85.8696,0.3623
4775,275,36,238,1,86.5455,0.3636
4776,276,38,237,1,85.8696,0.3623
4777,276,38,237,1,85.8696,0.3623
4778,275,38,236,1,85.8182,0.3636
4779,275,37,237,1,86.1818,0.3636
4780,275,37,237,1,86.1818,0.3636
4781,274,37,236,1,86.1314,0.3650
4782,273,37,235,1,86.0806,0.3663
4783,273,37,235,1,86.0806,0.3663
4784,273,35,237,1,86.8132,0.3663
4785,272,34,237,1,87.1324,0.3676
4786,271,34,236,1,87.0849,0.3690
4787,272,35,236,1,86.7647,0.3676
4788,272,37,235,0,86.3971,0.0000
4789,273,38,235,0,86.0806,0.0000
4790,273,38,235,0,86.0806,0.0000
4791,274,39,235,0,85.7664,0.0000
4792,272,39,233,0,85.6618,0.0000
4793,272,39,233,0,85.6618,0.0000
4794,272,39,233,0,85.6618,0.0000
4795,272,40,232,0,85.2941,0.0000
4796,271,40,231,0,85.2399,0.0000
4797,272,41,231,0,84.9265,0.0000
4798,273,42,231,0,84.6154,0.0000
4799,272,43,229,0,84.1912,0.0000
4800,271,43,228,0,84.1328,0.0000
4801,268,43,225,0,83.9552,0.0000
4802,268,43,225,0,83.9552,0.0000
4803,268,43,225,0,83.9552,0.0000
4804,269,44,225,0,83.6431,0.0000
4805,268,44,224,0,83.5821,0.0000
4806,268,44,224,0,83.5821,0.0000
4807,268,43,225,0,83.9552,0.0000
4808,268,43,225,0,83.9552,0.0000
4809,266,41,225,0,84.5865,0.0000
4810,266,41,225,0,84.5865,0.0000
4811,267,42,225,0,84.2697,0.0000
4812,266,42,224,0,84.2105,0.0000
4813,266,42,224,0,84.2105,0.0000
4814,265,40,225,0,84.9057,0.0000
4815,265,40,225,0,84.9057,0.0000
4816,265,39,226,0,85.2830,0.0000
4817,264,38,226,0,85.6061,0.0000
4818,264,38,226,0,85.6061,0.0000
4819,264,38,226,0,85.6061,0.0000
4820,265,38,227,0,85.6604,0.0000
4821,266,39,227,0,85.3383,0.0000
4822,266,39,227,0,85.3383,0.0000
4823,266,39,227,0,85.3383,0.0000
4824,265,39,226,0,85.2830,0.0000
4825,265,40,225,0,84.9057,0.0000
4826,267,42,225,0,84.2697,0.0000
4827,268,43,225,0,83.9552,0.0000
4828,266,42,224,0,84.2105,0.0000
4829,265,42,223,0,84.1509,0.0000
4830,264,42,222,0,84.0909,0.0000
4831,264,41,223,0,84.4697,0.0000
4832,265,42,223,0,84.1509,0.0000
4833,265,42,223,0,84.1509,0.0000
4834,264,42,222,0,84.0909,0.0000
4835,264,42,222,0,84.0909,0.0000
4836,263,42,221,0,84.0304,0.0000
4837,263,44,219,0,83.2700,0.0000
4838,260,44,216,0,83.0769,0.0000
4839,260,43,217,0,83.4615,0.0000
4840,258,41,217,0,84.1085,0.0000
4841,258,41,217,0,84.1085,0.0000
4842,257,40,217,0,84.4358,0.0000
4843,258,41,217,0,84.1085,0.0000
4844,258,42,216,0,83.7209,0.0000
4845,258,42,216,0,83.7209,0.0000
4846,258,41,217,0,84.1085,0.0000
4847,258,40,218,0,84.4961,0.0000
4848,257,39,218,0,84.8249,0.0000
4849,257,39,218,0,84.8249,0.0000
4850,259,41,218,0,84.1699,0.0000
4851,259,39,220,0,84.9421,0.0000
4852,259,39,220,0,84.9421,0.0000
4853,259,38,221,0,85.3282,0.0000
4854,259,38,221,0,85.3282,0.0000
4855,257,38,219,0,85.2140,0.0000
4856,257,38,218,1,84.8249,0.3891
4857,255,38,216,1,84.7059,0.3922
4858,254,38,215,1,84.6457,0.3937
4859,253,38,214,1,84.5850,0.3953
4860,253,38,214,1,84.5850,0.3953
4861,250,38,211,1,84.4000,0.4000
4862,250,37,212,1,84.8000,0.4000
4863,250,37,212,1,84.8000,0.4000
4864,250,37,212,1,84.8000,0.4000
4865,249,36,212,1,85.1406,0.4016
4866,247,35,211,1,85.4251,0.4049
4867,246,36,209,1,84.9593,0.4065
4868,246,36,209,1,84.9593,0.4065
4869,246,36,209,1,84.9593,0.4065
4870,248,38,209,1,84.2742,0.4032
4871,248,38,209,1,84.2742,0.4032
4872,245,37,207,1,84.4898,0.4082
4873,245,37,207,1,84.4898,0.4082
4874,244,37,206,1,84.4262,0.4098
4875,244,37,206,1,84.4262,0.4098
4876,243,37,205,1,84.3621,0.4115
4877,242,37,204,1,84.2975,0.4132
4878,241,36,204,1,84.6473,0.4149
4879,240,36,203,1,84.5833,0.4167
4880,239,36,202,1,84.5188,0.4184
4881,239,36,202,1,84.5188,0.4184
4882,239,36,202,1,84.5188,0.4184
4883,239,36,202,1,84.5188,0.4184
4884,239,36,202,1,84.5188,0.4184
4885,238,35,202,1,84.8739,0.4202
4886,236,35,200,1,84.7458,0.4237
4887,236,35,200,1,84.7458,0.4237
4888,236,35,200,1,84.7458,0.4237
4889,235,35,199,1,84.6809,0.4255
4890,235,35,199,1,84.6809,0.4255
4891,234,34,199,1,85.0427,0.4274
4892,235,36,198,1,84.2553,0.4255
4893,235,37,197,1,83.8298,0.4255
4894,234,37,196,1,83.7607,0.4274
4895,232,37,194,1,83.6207,0.4310
4896,232,37,194,1,83.6207,0.4310
4897,234,40,193,1,82.4786,0.4274
4898,234,40,193,1,82.4786,0.4274
4899,233,40,192,1,82.4034,0.4292
4900,233,40,192,1,82.4034,0.4292
4901,232,40,191,1,82.3276,0.4310
4902,233,40,191,2,81.9742,0.8584
4903,234,41,190,3,81.1966,1.2821
4904,233,40,190,3,81.5451,1.2876
4905,234,41,190,3,81.1966,1.2821
4906,234,41,190,3,81.1966,1.2821
4907,234,41,190,3,81.1966,1.2821
4908,234,42,190,2,81.1966,0.8547
4909,233,41,189,3,81.1159,1.2876
4910,233,41,189,3,81.1159,1.2876
4911,234,42,189,3,80.7692,1.2821
4912,233,42,188,3,80.6867,1.2876
4913,233,42,188,3,80.6867,1.2876
4914,232,41,188,3,81.0345,1.2931
4915,232,41,188,3,81.0345,1.2931
4916,229,40,186,3,81.2227,1.3100
4917,229,40,186,3,81.2227,1.3100
4918,229,40,186,3,81.2227,1.3100
4919,228,40,185,3,81.1404,1.3158
4920,228,40,185,3,81.1404,1.3158
4921,228,40,185,3,81.1404,1.3158
4922,229,41,185,3,80.7860,1.3100
4923,229,41,185,3,80.7860,1.3100
4924,228,40,185,3,81.1404,1.3158
4925,229,41,185,3,80.7860,1.3100
4926,228,41,184,3,80.7018,1.3158
4927,227,42,182,3,80.1762,1.3216
4928,226,43,180,3,79.6460,1.3274
4929,226,43,180,3,79.6460,1.3274
4930,224,42,179,3,79.9107,1.3393
4931,224,41,180,3,80.3571,1.3393
4932,224,41,180,3,80.3571,1.3393
4933,223,41,179,3,80.2691,1.3453
4934,223,41,179,3,80.2691,1.3453
4935,222,41,178,3,80.1802,1.3514
4936,222,41,178,3,80.1802,1.3514
4937,221,40,178,3,80.5430,1.3575
4938,221,40,178,3,80.5430,1.3575
4939,221,39,179,3,80.9955,1.3575
4940,222,40,179,3,80.6306,1.3514
4941,222,40,179,3,80.6306,1.3514
4942,222,40,179,3,80.6306,1.3514
4943,223,41,179,3,80.2691,1.3453
4944,223,41,179,3,80.2691,1.3453
4945,223,41,179,3,80.2691,1.3453
4946,223,40,180,3,80.7175,1.3453
4947,223,40,180,3,80.7175,1.3453
4948,224,41,180,3,80.3571,1.3393
4949,223,41,179,3,80.2691,1.3453
4950,224,42,179,3,79.9107,1.3393
4951,224,42,179,3,79.9107,1.3393
4952,224,42,179,3,79.9107,1.3393
4953,226,44,179,3,79.2035,1.3274
4954,225,45,178,2,79.1111,0.8889
4955,225,46,178,1,79.1111,0.4444
4956,225,46,178,1,79.1111,0.4444
4957,225,45,178,2,79.1111,0.8889
4958,226,45,179,2,79.2035,0.8850
4959,225,44,179,2,79.5556,0.8889
4960,225,43,180,2,80.0000,0.8889
4961,225,45,179,1,79.5556,0.4444
4962,225,44,180,1,80.0000,0.4444
4963,226,45,180,1,79.6460,0.4425
4964,225,45,179,1,79.5556,0.4444
4965,225,45,179,1,79.5556,0.4444
4966,225,44,180,1,80.0000,0.4444
4967,225,44,180,1,80.0000,0.4444
4968,224,44,179,1,79.9107,0.4464
4969,224,44,179,1,79.9107,0.4464
4970,225,45,179,1,79.5556,0.4444
4971,224,44,179,1,79.9107,0.4464
4972,224,44,179,1,79.9107,0.4464
4973,223,43,179,1,80.2691,0.4484
4974,223,41,181,1,81.1659,0.4484
4975,223,41,181,1,81.1659,0.4484
4976,224,42,181,1,80.8036,0.4464
4977,225,43,181,1,80.4444,0.4444
4978,226,43,182,1,80.5310,0.4425
4979,227,44,182,1,80.1762,0.4405
4980,227,44,182,1,80.1762,0.4405
4981,227,45,181,1,79.7357,0.4405
4982,227,44,182,1,80.1762,0.4405
4983,226,44,181,1,80.0885,0.4425
4984,226,43,182,1,80.5310,0.4425
4985,228,45,182,1,79.8246,0.4386
4986,229,47,181,1,79.0393,0.4367
4987,228,46,181,1,79.3860,0.4386
4988,228,46,181,1,79.3860,0.4386
4989,228,46,181,1,79.3860,0.4386
4990,227,46,180,1,79.2952,0.4405
4991,226,46,179,1,79.2035,0.4425
4992,227,47,179,1,78.8546,0.4405
4993,227,48,178,1,78.4141,0.4405
4994,227,48,178,1,78.4141,0.4405
4995,228,49,178,1,78.0702,0.4386
4996,228,49,178,1,78.0702,0.4386
4997,227,48,178,1,78.4141,0.4405
4998,227,48,178,1,78.4141,0.4405
4999,227,48,178,1,78.4141,0.4405
5000,227,48,178,1,78.4141,0.4405
5001,229,50,178,1,77.7293,0.4367
5002,227,50,176,1,77.5330,0.4405
5003,227,50,176,1,77.5330,0.4405
5004,227,50,176,1,77.5330,0.4405
5005,226,51,174,1,76.9912,0.4425
5006,225,51,173,1,76.8889,0.4444
5007,225,50,174,1,77.3333,0.4444
5008,225,49,175,1,77.7778,0.4444
5009,223,50,173,0,77.5785,0.0000
5010,223,51,172,0,77.1300,0.0000
5011,223,51,172,0,77.1300,0.0000
5012,226,54,172,0,76.1062,0.0000
5013,226,55,171,0,75.6637,0.0000
5014,225,55,170,0,75.5556,0.0000
5015,225,55,170,0,75.5556,0.0000
5016,225,54,171,0,76.0000,0.0000
5017,223,54,169,0,75.7848,0.0000
5018,224,55,169,0,75.4464,0.0000
5019,225,56,169,0,75.1111,0.0000
5020,226,55,171,0,75.6637,0.0000
5021,224,55,169,0,75.4464,0.0000
5022,224,55,169,0,75.4464,0.0000
5023,224,55,169,0,75.4464,0.0000
5024,223,55,168,0,75.3363,0.0000
5025,224,56,168,0,75.0000,0.0000
5026,223,54,169,0,75.7848,0.0000
5027,223,54,169,0,75.7848,0.0000
5028,224,55,169,0,75.4464,0.0000
5029,224,54,170,0,75.8929,0.0000
5030,225,55,170,0,75.5556,0.0000
5031,226,56,170,0,75.2212,0.0000
5032,226,54,172,0,76.1062,0.0000
5033,226,54,172,0,76.1062,0.0000
5034,228,55,173,0,75.8772,0.0000
5035,227,53,174,0,76.6520,0.0000
5036,227,52,175,0,77.0925,0.0000
5037,228,53,175,0,76.7544,0.0000
5038,228,54,174,0,76.3158,0.0000
5039,228,54,174,0,76.3158,0.0000
5040,228,54,174,0,76.3158,0.0000
5041,227,54,173,0,76.2115,0.0000
5042,227,54,173,0,76.2115,0.0000
5043,227,54,173,0,76.2115,0.0000
5044,228,55,173,0,75.8772,0.0000
5045,228,55,173,0,75.8772,0.0000
5046,228,55,173,0,75.8772,0.0000
5047,229,55,174,0,75.9825,0.0000
5048,229,55,174,0,75.9825,0.0000
5049,229,55,174,0,75.9825,0.0000
5050,230,56,174,0,75.6522,0.0000
5051,230,56,174,0,75.6522,0.0000
5052,228,56,172,0,75.4386,0.0000
5053,228,55,173,0,75.8772,0.0000
5054,229,56,173,0,75.5459,0.0000
5055,229,55,174,0,75.9825,0.0000
5056,229,55,174,0,75.9825,0.0000
5057,230,55,175,0,76.0870,0.0000
5058,230,55,175,0,76.0870,0.0000
5059,229,52,177,0,77.2926,0.0000
5060,228,52,176,0,77.1930,0.0000
5061,226,52,174,0,76.9912,0.0000
5062,225,51,174,0,77.3333,0.0000
5063,224,51,173,0,77.2321,0.0000
5064,224,51,173,0,77.2321,0.0000
5065,224,51,173,0,77.2321,0.0000
5066,226,53,173,0,76.5487,0.0000
5067,226,52,174,0,76.9912,0.0000
5068,226,53,173,0,76.5487,0.0000
5069,226,54,172,0,76.1062,0.0000
5070,226,54,172,0,76.1062,0.0000
5071,226,53,173,0,76.5487,0.0000
5072,224,52,172,0,76.7857,0.0000
5073,225,53,172,0,76.4444,0.0000
5074,225,54,171,0,76.0000,0.0000
5075,226,52,174,0,76.9912,0.0000
5076,226,51,175,0,77.4336,0.0000
5077,227,51,176,0,77.5330,0.0000
5078,226,50,176,0,77.8761,0.0000
5079,227,49,178,0,78.4141,0.0000
5080,226,49,177,0,78.3186,0.0000
5081,226,48,178,0,78.7611,0.0000
5082,226,48,178,0,78.7611,0.0000
5083,227,48,179,0,78.8546,0.0000
5084,229,51,178,0,77.7293,0.0000
5085,228,51,177,0,77.6316,0.0000
5086,227,51,176,0,77.5330,0.0000
5087,227,52,175,0,77.0925,0.0000
5088,226,51,175,0,77.4336,0.0000
5089,226,51,175,0,77.4336,0.0000
5090,227,51,176,0,77.5330,0.0000
5091,229,52,177,0,77.2926,0.0000
5092,228,51,177,0,77.6316,0.0000
5093,228,51,177,0,77.6316,0.0000
5094,227,51,176,0,77.5330,0.0000
5095,228,52,176,0,77.1930,0.0000
5096,232,55,177,0,76.2931,0.0000
5097,232,55,177,0,76.2931,0.0000
5098,232,56,175,1,75.4310,0.4310
5099,233,57,175,1,75.1073,0.4292
5100,235,59,175,1,74.4681,0.4255
5101,233,59,173,1,74.2489,0.4292
5102,233,59,173,1,74.2489,0.4292
5103,233,59,173,1,74.2489,0.4292
5104,235,61,173,1,73.6170,0.4255
5105,236,62,173,1,73.3051,0.4237
5106,236,61,174,1,73.7288,0.4237
5107,237,62,174,1,73.4177,0.4219
5108,237,62,174,1,73.4177,0.4219
5109,239,65,173,1,72.3849,0.4184
5110,239,66,172,1,71.9665,0.4184
5111,240,66,173,1,72.0833,0.4167
5112,239,66,172,1,71.9665,0.4184
5113,239,65,173,1,72.3849,0.4184
5114,240,64,175,1,72.9167,0.4167
5115,241,66,174,1,72.1992,0.4149
5116,241,66,174,1,72.1992,0.4149
5117,241,65,175,1,72.6141,0.4149
5118,241,64,176,1,73.0290,0.4149
5119,242,65,176,1,72.7273,0.4132
5120,242,65,176,1,72.7273,0.4132
5121,243,66,176,1,72.4280,0.4115
5122,243,66,176,1,72.4280,0.4115
5123,244,66,177,1,72.5410,0.4098
5124,245,68,176,1,71.8367,0.4082
5125,245,68,176,1,71.8367,0.4082
5126,245,68,176,1,71.8367,0.4082
5127,246,69,176,1,71.5447,0.4065
5128,248,70,177,1,71.3710,0.4032
5129,248,70,177,1,71.3710,0.4032
5130,246,69,176,1,71.5447,0.4065
5131,247,69,177,1,71.6599,0.4049
5132,247,69,177,1,71.6599,0.4049
5133,248,70,177,1,71.3710,0.4032
5134,248,70,177,1,71.3710,0.4032
5135,248,70,176,2,70.9677,0.8065
5136,248,69,177,2,71.3710,0.8065
5137,250,71,177,2,70.8000,0.8000
5138,251,72,177,2,70.5179,0.7968
5139,252,73,177,2,70.2381,0.7937
5140,253,74,177,2,69.9605,0.7905
5141,254,74,178,2,70.0787,0.7874
5142,255,74,179,2,70.1961,0.7843
5143,254,71,181,2,71.2598,0.7874
5144,254,71,181,2,71.2598,0.7874
5145,254,71,181,2,71.2598,0.7874
5146,254,71,181,2,71.2598,0.7874
5147,255,71,182,2,71.3725,0.7843
5148,254,70,182,2,71.6535,0.7874
5149,255,70,183,2,71.7647,0.7843
5150,254,71,182,1,71.6535,0.3937
5151,255,71,183,1,71.7647,0.3922
5152,258,72,185,1,71.7054,0.3876
5153,258,72,185,1,71.7054,0.3876
5154,258,72,185,1,71.7054,0.3876
5155,258,72,185,1,71.7054,0.3876
5156,258,72,185,1,71.7054,0.3876
5157,260,73,186,1,71.5385,0.3846
5158,261,74,186,1,71.2644,0.3831
5159,265,78,186,1,70.1887,0.3774
5160,266,79,186,1,69.9248,0.3759
5161,266,78,187,1,70.3008,0.3759
5162,266,78,187,1,70.3008,0.3759
5163,267,79,187,1,70.0375,0.3745
5164,267,79,187,1,70.0375,0.3745
5165,267,79,187,1,70.0375,0.3745
5166,269,81,187,1,69.5167,0.3717
5167,270,81,188,1,69.6296,0.3704
5168,271,83,187,1,69.0037,0.3690
5169,272,83,188,1,69.1176,0.3676
5170,272,84,187,1,68.7500,0.3676
5171,273,86,186,1,68.1319,0.3663
5172,273,86,185,2,67.7656,0.7326
5173,274,87,185,2,67.5182,0.7299
5174,273,87,184,2,67.3993,0.7326
5175,275,89,184,2,66.9091,0.7273
5176,278,91,185,2,66.5468,0.7194
5177,279,92,185,2,66.3082,0.7168
5178,282,95,185,2,65.6028,0.7092
5179,284,95,187,2,65.8451,0.7042
5180,284,95,187,2,65.8451,0.7042
5181,287,98,187,2,65.1568,0.6969
5182,287,98,187,2,65.1568,0.6969
5183,287,97,188,2,65.5052,0.6969
5184,288,97,189,2,65.6250,0.6944
5185,289,97,190,2,65.7439,0.6920
5186,289,96,191,2,66.0900,0.6920
5187,289,96,192,1,66.4360,0.3460
5188,287,96,190,1,66.2021,0.3484
5189,288,95,192,1,66.6667,0.3472
5190,289,96,192,1,66.4360,0.3460
5191,291,97,193,1,66.3230,0.3436
5192,292,97,194,1,66.4384,0.3425
5193,291,96,194,1,66.6667,0.3436
5194,291,96,194,1,66.6667,0.3436
5195,292,97,194,1,66.4384,0.3425
5196,292,97,194,1,66.4384,0.3425
5197,291,96,194,1,66.6667,0.3436
5198,293,95,197,1,67.2355,0.3413
5199,292,95,196,1,67.1233,0.3425
5200,293,94,198,1,67.5768,0.3413
