tick,total,susceptible,infected,immune,pct_infected,pct_immune
0,150,140,10,0,6.6667,0.0000
1,151,140,11,0,7.2848,0.0000
2,152,140,12,0,7.8947,0.0000
3,153,141,12,0,7.8431,0.0000
4,154,142,12,0,7.7922,0.0000
5,156,143,13,0,8.3333,0.0000
6,156,143,13,0,8.3333,0.0000
7,156,143,13,0,8.3333,0.0000
8,157,143,14,0,8.9172,0.0000
9,160,146,14,0,8.7500,0.0000
10,160,146,14,0,8.7500,0.0000
11,161,144,17,0,10.5590,0.0000
12,163,142,21,0,12.8834,0.0000
13,164,142,22,0,13.4146,0.0000
14,165,141,24,0,14.5455,0.0000
15,165,140,25,0,15.1515,0.0000
16,166,139,27,0,16.2651,0.0000
17,167,140,27,0,16.1677,0.0000
18,169,140,29,0,17.1598,0.0000
19,169,138,31,0,18.3432,0.0000
20,170,136,34,0,20.0000,0.0000
21,167,137,24,6,14.3713,3.5928
22,169,139,24,6,14.2012,3.5503
23,169,138,24,7,14.2012,4.1420
24,171,137,27,7,15.7895,4.0936
25,172,136,28,8,16.2791,4.6512
26,174,135,31,8,17.8161,4.5977
27,175,135,32,8,18.2857,4.5714
28,175,133,34,8,19.4286,4.5714
29,178,134,36,8,20.2247,4.4944
30,178,130,40,8,22.4719,4.4944
31,178,129,41,8,23.0337,4.4944
32,179,133,38,8,21.2291,4.4693
33,178,132,37,9,20.7865,5.0562
34,179,127,43,9,24.0223,5.0279
35,179,128,40,11,22.3464,6.1453
36,177,127,39,11,22.0339,6.2147
37,179,126,42,11,23.4637,6.1453
38,179,122,46,11,25.6983,6.1453
39,181,119,49,13,27.0718,7.1823
40,180,119,46,15,25.5556,8.3333
41,181,121,44,16,24.3094,8.8398
42,182,118,48,16,26.3736,8.7912
43,182,119,47,16,25.8242,8.7912
44,183,120,47,16,25.6831,8.7432
45,182,113,51,18,28.0220,9.8901
46,181,110,52,19,28.7293,10.4972
47,182,108,55,19,30.2198,10.4396
48,182,107,55,20,30.2198,10.9890
49,184,108,54,22,29.3478,11.9565
50,186,107,54,25,29.0323,13.4409
51,187,108,51,28,27.2727,14.9733
52,188,108,52,28,27.6596,14.8936
53,187,105,52,30,27.8075,16.0428
54,187,104,51,32,27.2727,17.1123
55,188,103,51,34,27.1277,18.0851
56,188,101,52,35,27.6596,18.6170
57,187,99,53,35,28.3422,18.7166
58,186,94,56,36,30.1075,19.3548
59,185,93,53,39,28.6486,21.0811
60,184,93,50,41,27.1739,22.2826
61,186,91,53,42,28.4946,22.5806
62,188,92,51,45,27.1277,23.9362
63,189,91,52,46,27.5132,24.3386
64,191,91,54,46,28.2723,24.0838
65,188,93,48,47,25.5319,25.0000
66,188,96,45,47,23.9362,25.0000
67,189,98,43,48,22.7513,25.3968
68,189,97,41,51,21.6931,26.9841
69,190,95,45,50,23.6842,26.3158
70,189,91,46,52,24.3386,27.5132
71,188,89,46,53,24.4681,28.1915
72,188,88,46,54,24.4681,28.7234
73,189,95,44,50,23.2804,26.4550
74,189,97,42,50,22.2222,26.4550
75,189,95,45,49,23.8095,25.9259
76,188,92,45,51,23.9362,27.1277
77,188,92,45,51,23.9362,27.1277
78,192,93,44,55,22.9167,28.6458
79,193,95,43,55,22.2798,28.4974
80,193,94,43,56,22.2798,29.0155
81,195,98,41,56,21.0256,28.7179
82,193,97,39,57,20.2073,29.5337
83,192,97,38,57,19.7917,29.6875
84,196,100,37,59,18.8776,30.1020
85,196,101,37,58,18.8776,29.5918
86,198,97,43,58,21.7172,29.2929
87,200,101,42,57,21.0000,28.5000
88,203,102,42,59,20.6897,29.0640
89,203,97,46,60,22.6601,29.5567
90,203,98,42,63,20.6897,31.0345
91,202,98,41,63,20.2970,31.1881
92,202,98,42,62,20.7921,30.6931
93,203,100,41,62,20.1970,30.5419
94,206,103,41,62,19.9029,30.0971
95,209,100,46,63,22.0096,30.1435
96,208,98,43,67,20.6731,32.2115
97,207,101,41,65,19.8068,31.4010
98,205,101,38,66,18.5366,32.1951
99,209,104,38,67,18.1818,32.0574
100,213,108,39,66,18.3099,30.9859
101,213,112,37,64,17.3709,30.0469
102,214,117,35,62,16.3551,28.9720
103,214,119,36,59,16.8224,27.5701
104,215,118,37,60,17.2093,27.9070
105,215,118,39,58,18.1395,26.9767
106,215,120,39,56,18.1395,26.0465
107,212,117,40,55,18.8679,25.9434
108,214,118,42,54,19.6262,25.2336
109,213,119,36,58,16.9014,27.2300
110,215,120,38,57,17.6744,26.5116
111,217,122,38,57,17.5115,26.2673
112,218,124,38,56,17.4312,25.6881
113,217,125,37,55,17.0507,25.3456
114,217,127,38,52,17.5115,23.9631
115,217,131,35,51,16.1290,23.5023
116,218,132,32,54,14.6789,24.7706
117,220,134,33,53,15.0000,24.0909
118,220,130,37,53,16.8182,24.0909
119,220,130,35,55,15.9091,25.0000
120,220,131,37,52,16.8182,23.6364
121,221,129,40,52,18.0995,23.5294
122,222,130,42,50,18.9189,22.5225
123,222,130,43,49,19.3694,22.0721
124,225,133,43,49,19.1111,21.7778
125,226,134,44,48,19.4690,21.2389
126,228,134,45,49,19.7368,21.4912
127,225,131,42,52,18.6667,23.1111
128,227,133,44,50,19.3833,22.0264
129,226,134,43,49,19.0265,21.6814
130,227,139,42,46,18.5022,20.2643
131,229,138,44,47,19.2140,20.5240
132,229,139,42,48,18.3406,20.9607
133,230,138,43,49,18.6957,21.3043
134,231,139,44,48,19.0476,20.7792
135,234,142,44,48,18.8034,20.5128
136,239,144,49,46,20.5021,19.2469
137,240,141,52,47,21.6667,19.5833
138,241,142,50,49,20.7469,20.3320
139,242,143,50,49,20.6612,20.2479
140,242,143,52,47,21.4876,19.4215
141,243,143,51,49,20.9877,20.1646
142,243,145,50,48,20.5761,19.7531
143,245,147,51,47,20.8163,19.1837
144,247,149,52,46,21.0526,18.6235
145,248,142,59,47,23.7903,18.9516
146,248,140,60,48,24.1935,19.3548
147,246,139,58,49,23.5772,19.9187
148,246,141,59,46,23.9837,18.6992
149,248,142,58,48,23.3871,19.3548
150,253,145,60,48,23.7154,18.9723
151,253,143,62,48,24.5059,18.9723
152,254,143,62,49,24.4094,19.2913
153,256,142,64,50,25.0000,19.5312
154,257,137,69,51,26.8482,19.8444
155,259,136,72,51,27.7992,19.6911
156,257,132,74,51,28.7938,19.8444
157,260,131,76,53,29.2308,20.3846
158,262,129,77,56,29.3893,21.3740
159,265,129,78,58,29.4340,21.8868
160,264,125,80,59,30.3030,22.3485
161,262,125,82,55,31.2977,20.9924
162,261,122,84,55,32.1839,21.0728
163,264,121,90,53,34.0909,20.0758
164,266,122,89,55,33.4586,20.6767
165,260,116,86,58,33.0769,22.3077
166,261,115,84,62,32.1839,23.7548
167,262,111,89,62,33.9695,23.6641
168,262,112,90,60,34.3511,22.9008
169,266,110,94,62,35.3383,23.3083
170,266,108,95,63,35.7143,23.6842
171,268,112,93,63,34.7015,23.5075
172,265,109,92,64,34.7170,24.1509
173,265,104,96,65,36.2264,24.5283
174,261,102,90,69,34.4828,26.4368
175,258,101,88,69,34.1085,26.7442
176,257,101,88,68,34.2412,26.4591
177,257,101,85,71,33.0739,27.6265
178,255,100,84,71,32.9412,27.8431
179,257,104,81,72,31.5175,28.0156
180,259,99,87,73,33.5907,28.1853
181,257,93,86,78,33.4630,30.3502
182,259,91,90,78,34.7490,30.1158
183,257,90,86,81,33.4630,31.5175
184,257,93,83,81,32.2957,31.5175
185,256,84,91,81,35.5469,31.6406
186,257,86,87,84,33.8521,32.6848
187,258,85,85,88,32.9457,34.1085
188,260,86,83,91,31.9231,35.0000
189,255,87,76,92,29.8039,36.0784
190,252,86,75,91,29.7619,36.1111
191,251,86,75,90,29.8805,35.8566
192,254,86,78,90,30.7087,35.4331
193,252,88,75,89,29.7619,35.3175
194,254,90,73,91,28.7402,35.8268
195,257,88,78,91,30.3502,35.4086
196,260,88,79,93,30.3846,35.7692
197,262,90,80,92,30.5344,35.1145
198,260,88,77,95,29.6154,36.5385
199,260,92,74,94,28.4615,36.1538
200,259,90,76,93,29.3436,35.9073
201,256,88,71,97,27.7344,37.8906
202,252,88,65,99,25.7937,39.2857
203,252,86,66,100,26.1905,39.6825
204,254,86,65,103,25.5906,40.5512
205,251,85,60,106,23.9044,42.2311
206,251,85,60,106,23.9044,42.2311
207,250,81,63,106,25.2000,42.4000
208,251,82,63,106,25.0996,42.2311
209,255,87,61,107,23.9216,41.9608
210,258,89,64,105,24.8062,40.6977
211,256,90,62,104,24.2188,40.6250
212,258,90,64,104,24.8062,40.3101
213,259,90,64,105,24.7104,40.5405
214,258,86,65,107,25.1938,41.4729
215,258,88,59,111,22.8682,43.0233
216,256,85,61,110,23.8281,42.9688
217,253,86,60,107,23.7154,42.2925
218,252,87,58,107,23.0159,42.4603
219,254,84,62,108,24.4094,42.5197
220,254,86,60,108,23.6220,42.5197
221,256,86,61,109,23.8281,42.5781
222,257,88,61,108,23.7354,42.0233
223,255,88,59,108,23.1373,42.3529
224,258,91,60,107,23.2558,41.4729
225,258,92,59,107,22.8682,41.4729
226,256,96,56,104,21.8750,40.6250
227,259,98,55,106,21.2355,40.9266
228,262,102,53,107,20.2290,40.8397
229,263,105,53,105,20.1521,39.9240
230,265,106,55,104,20.7547,39.2453
231,265,106,56,103,21.1321,38.8679
232,267,106,59,102,22.0974,38.2022
233,267,110,58,99,21.7228,37.0787
234,267,110,57,100,21.3483,37.4532
235,273,115,60,98,21.9780,35.8974
236,270,117,56,97,20.7407,35.9259
237,270,115,57,98,21.1111,36.2963
238,275,119,60,96,21.8182,34.9091
239,275,122,58,95,21.0909,34.5455
240,276,124,57,95,20.6522,34.4203
241,274,120,60,94,21.8978,34.3066
242,274,121,58,95,21.1679,34.6715
243,279,125,59,95,21.1470,34.0502
244,277,122,59,96,21.2996,34.6570
245,276,122,59,95,21.3768,34.4203
246,280,128,60,92,21.4286,32.8571
247,278,123,64,91,23.0216,32.7338
248,280,123,68,89,24.2857,31.7857
249,281,124,68,89,24.1993,31.6726
250,281,128,67,86,23.8434,30.6050
251,281,125,69,87,24.5552,30.9609
252,282,123,68,91,24.1135,32.2695
253,283,121,73,89,25.7951,31.4488
254,285,126,72,87,25.2632,30.5263
255,286,130,67,89,23.4266,31.1189
256,287,130,71,86,24.7387,29.9652
257,291,136,73,82,25.0859,28.1787
258,289,134,73,82,25.2595,28.3737
259,290,134,73,83,25.1724,28.6207
260,294,136,75,83,25.5102,28.2313
261,293,134,76,83,25.9386,28.3276
262,294,135,77,82,26.1905,27.8912
263,293,132,81,80,27.6451,27.3038
264,296,132,82,82,27.7027,27.7027
265,297,131,82,84,27.6094,28.2828
266,298,129,86,83,28.8591,27.8523
267,299,129,89,81,29.7659,27.0903
268,295,125,87,83,29.4915,28.1356
269,297,122,91,84,30.6397,28.2828
270,296,115,100,81,33.7838,27.3649
271,298,118,99,81,33.2215,27.1812
272,295,113,100,82,33.8983,27.7966
273,293,112,100,81,34.1297,27.6451
274,292,107,102,83,34.9315,28.4247
275,293,106,107,80,36.5188,27.3038
276,296,106,110,80,37.1622,27.0270
277,294,104,108,82,36.7347,27.8912
278,291,101,106,84,36.4261,28.8660
279,293,99,110,84,37.5427,28.6689
280,294,98,112,84,38.0952,28.5714
281,295,103,109,83,36.9492,28.1356
282,296,97,115,84,38.8514,28.3784
283,301,98,115,88,38.2060,29.2359
284,298,93,116,89,38.9262,29.8658
285,298,90,121,87,40.6040,29.1946
286,298,89,122,87,40.9396,29.1946
287,295,90,115,90,38.9831,30.5085
288,295,85,118,92,40.0000,31.1864
289,294,81,120,93,40.8163,31.6327
290,292,81,118,93,40.4110,31.8493
291,288,81,114,93,39.5833,32.2917
292,288,79,115,94,39.9306,32.6389
293,290,82,112,96,38.6207,33.1034
294,287,80,109,98,37.9791,34.1463
295,288,76,111,101,38.5417,35.0694
296,284,75,109,100,38.3803,35.2113
297,283,75,108,100,38.1625,35.3357
298,281,74,107,100,38.0783,35.5872
299,279,71,104,104,37.2760,37.2760
300,281,70,103,108,36.6548,38.4342
301,280,67,103,110,36.7857,39.2857
302,280,66,102,112,36.4286,40.0000
303,279,69,96,114,34.4086,40.8602
304,277,74,90,113,32.4910,40.7942
305,277,81,86,110,31.0469,39.7112
306,276,81,82,113,29.7101,40.9420
307,274,82,83,109,30.2920,39.7810
308,273,81,84,108,30.7692,39.5604
309,269,77,76,116,28.2528,43.1227
310,268,77,75,116,27.9851,43.2836
311,266,77,74,115,27.8195,43.2331
312,269,78,73,118,27.1375,43.8662
313,267,77,73,117,27.3408,43.8202
314,267,76,70,121,26.2172,45.3184
315,267,78,64,125,23.9700,46.8165
316,265,81,59,125,22.2642,47.1698
317,269,87,59,123,21.9331,45.7249
318,266,86,56,124,21.0526,46.6165
319,264,85,57,122,21.5909,46.2121
320,263,91,52,120,19.7719,45.6274
321,264,94,49,121,18.5606,45.8333
322,262,94,46,122,17.5573,46.5649
323,264,97,45,122,17.0455,46.2121
324,266,100,45,121,16.9173,45.4887
325,264,99,46,119,17.4242,45.0758
326,263,102,44,117,16.7300,44.4867
327,263,102,42,119,15.9696,45.2471
328,266,105,40,121,15.0376,45.4887
329,267,109,37,121,13.8577,45.3184
330,267,110,39,118,14.6067,44.1948
331,268,112,39,117,14.5522,43.6567
332,267,111,37,119,13.8577,44.5693
333,270,112,39,119,14.4444,44.0741
334,272,113,40,119,14.7059,43.7500
335,275,123,40,112,14.5455,40.7273
336,281,129,41,111,14.5907,39.5018
337,282,127,43,112,15.2482,39.7163
338,287,133,44,110,15.3310,38.3275
339,288,139,43,106,14.9306,36.8056
340,288,140,43,105,14.9306,36.4583
341,291,145,43,103,14.7766,35.3952
342,292,145,43,104,14.7260,35.6164
343,296,146,49,101,16.5541,34.1216
344,296,145,53,98,17.9054,33.1081
345,296,138,62,96,20.9459,32.4324
346,297,141,63,93,21.2121,31.3131
347,298,143,65,90,21.8121,30.2013
348,304,147,67,90,22.0395,29.6053
349,302,145,68,89,22.5166,29.4702
350,302,141,72,89,23.8411,29.4702
351,302,140,72,90,23.8411,29.8013
352,300,143,69,88,23.0000,29.3333
353,300,141,73,86,24.3333,28.6667
354,298,138,74,86,24.8322,28.8591
355,297,139,75,83,25.2525,27.9461
356,297,135,81,81,27.2727,27.2727
357,297,132,85,80,28.6195,26.9360
358,302,140,84,78,27.8146,25.8278
359,302,138,86,78,28.4768,25.8278
360,300,133,89,78,29.6667,26.0000
361,300,134,93,73,31.0000,24.3333
362,300,129,100,71,33.3333,23.6667
363,294,123,99,72,33.6735,24.4898
364,295,122,101,72,34.2373,24.4068
365,299,126,96,77,32.1070,25.7525
366,299,127,93,79,31.1037,26.4214
367,301,126,100,75,33.2226,24.9169
368,300,120,106,74,35.3333,24.6667
369,299,115,110,74,36.7893,24.7492
370,297,110,113,74,38.0471,24.9158
371,295,107,113,75,38.3051,25.4237
372,292,104,114,74,39.0411,25.3425
373,292,99,118,75,40.4110,25.6849
374,293,102,118,73,40.2730,24.9147
375,292,96,123,73,42.1233,25.0000
376,292,95,122,75,41.7808,25.6849
377,289,94,116,79,40.1384,27.3356
378,289,94,111,84,38.4083,29.0657
379,290,91,116,83,40.0000,28.6207
380,288,89,117,82,40.6250,28.4722
381,288,90,112,86,38.8889,29.8611
382,287,88,112,87,39.0244,30.3136
383,286,88,107,91,37.4126,31.8182
384,285,90,102,93,35.7895,32.6316
385,287,93,99,95,34.4948,33.1010
386,289,94,100,95,34.6021,32.8720
387,283,89,97,97,34.2756,34.2756
388,280,93,88,99,31.4286,35.3571
389,278,87,92,99,33.0935,35.6115
390,273,87,83,103,30.4029,37.7289
391,276,89,81,106,29.3478,38.4058
392,275,89,81,105,29.4545,38.1818
393,271,88,76,107,28.0443,39.4834
394,269,88,75,106,27.8810,39.4052
395,267,86,73,108,27.3408,40.4494
396,264,84,69,111,26.1364,42.0455
397,267,85,71,111,26.5918,41.5730
398,272,91,71,110,26.1029,40.4412
399,270,89,68,113,25.1852,41.8519
400,266,88,65,113,24.4361,42.4812
401,267,87,64,116,23.9700,43.4457
402,269,89,63,117,23.4201,43.4944
403,271,94,62,115,22.8782,42.4354
404,272,96,60,116,22.0588,42.6471
405,273,97,61,115,22.3443,42.1245
406,271,96,62,113,22.8782,41.6974
407,270,97,61,112,22.5926,41.4815
408,270,97,59,114,21.8519,42.2222
409,269,94,59,116,21.9331,43.1227
410,267,100,51,116,19.1011,43.4457
411,268,97,55,116,20.5224,43.2836
412,268,94,55,119,20.5224,44.4030
413,268,94,55,119,20.5224,44.4030
414,270,95,53,122,19.6296,45.1852
415,270,96,51,123,18.8889,45.5556
416,270,97,50,123,18.5185,45.5556
417,272,105,47,120,17.2794,44.1176
418,275,111,49,115,17.8182,41.8182
419,273,108,49,116,17.9487,42.4908
420,274,108,52,114,18.9781,41.6058
421,280,114,51,115,18.2143,41.0714
422,281,113,54,114,19.2171,40.5694
423,284,116,56,112,19.7183,39.4366
424,283,115,55,113,19.4346,39.9293
425,282,118,53,111,18.7943,39.3617
426,281,115,54,112,19.2171,39.8577
427,282,118,53,111,18.7943,39.3617
428,283,121,54,108,19.0813,38.1625
429,283,124,53,106,18.7279,37.4558
430,285,130,53,102,18.5965,35.7895
431,286,130,53,103,18.5315,36.0140
432,288,132,52,104,18.0556,36.1111
433,291,138,53,100,18.2131,34.3643
434,292,137,54,101,18.4932,34.5890
435,293,139,56,98,19.1126,33.4471
436,293,143,56,94,19.1126,32.0819
437,297,148,55,94,18.5185,31.6498
438,299,148,56,95,18.7291,31.7726
439,300,151,56,93,18.6667,31.0000
440,297,148,58,91,19.5286,30.6397
441,301,150,59,92,19.6013,30.5648
442,300,153,56,91,18.6667,30.3333
443,298,149,61,88,20.4698,29.5302
444,297,145,65,87,21.8855,29.2929
445,297,147,65,85,21.8855,28.6195
446,299,143,70,86,23.4114,28.7625
447,301,144,71,86,23.5880,28.5714
448,300,147,69,84,23.0000,28.0000
449,300,147,70,83,23.3333,27.6667
450,299,145,70,84,23.4114,28.0936
451,299,148,70,81,23.4114,27.0903
452,298,146,67,85,22.4832,28.5235
453,299,146,70,83,23.4114,27.7592
454,299,144,70,85,23.4114,28.4281
455,298,132,83,83,27.8523,27.8523
456,296,127,88,81,29.7297,27.3649
457,297,124,91,82,30.6397,27.6094
458,296,123,91,82,30.7432,27.7027
459,294,117,94,83,31.9728,28.2313
460,290,116,92,82,31.7241,28.2759
461,291,114,95,82,32.6460,28.1787
462,294,117,98,79,33.3333,26.8707
463,291,116,94,81,32.3024,27.8351
464,292,119,92,81,31.5068,27.7397
465,290,116,96,78,33.1034,26.8966
466,286,115,95,76,33.2168,26.5734
467,289,116,96,77,33.2180,26.6436
468,291,120,97,74,33.3333,25.4296
469,291,117,104,70,35.7388,24.0550
470,294,118,106,70,36.0544,23.8095
471,295,117,108,70,36.6102,23.7288
472,296,115,108,73,36.4865,24.6622
473,297,114,112,71,37.7104,23.9057
474,296,110,114,72,38.5135,24.3243
475,292,109,104,79,35.6164,27.0548
476,289,113,94,82,32.5260,28.3737
477,286,112,91,83,31.8182,29.0210
478,286,113,90,83,31.4685,29.0210
479,287,114,88,85,30.6620,29.6167
480,285,111,87,87,30.5263,30.5263
481,284,110,87,87,30.6338,30.6338
482,283,110,85,88,30.0353,31.0954
483,283,105,92,86,32.5088,30.3887
484,283,104,94,85,33.2155,30.0353
485,284,104,94,86,33.0986,30.2817
486,281,108,88,85,31.3167,30.2491
487,280,105,90,85,32.1429,30.3571
488,282,103,92,87,32.6241,30.8511
489,282,101,94,87,33.3333,30.8511
490,281,104,87,90,30.9609,32.0285
491,283,102,91,90,32.1555,31.8021
492,284,99,92,93,32.3944,32.7465
493,281,96,91,94,32.3843,33.4520
494,282,95,93,94,32.9787,33.3333
495,282,94,93,95,32.9787,33.6879
496,282,94,92,96,32.6241,34.0426
497,283,97,89,97,31.4488,34.2756
498,285,99,89,97,31.2281,34.0351
499,286,101,90,95,31.4685,33.2168
500,284,101,88,95,30.9859,33.4507
501,283,101,86,96,30.3887,33.9223
502,283,102,85,96,30.0353,33.9223
503,282,101,84,97,29.7872,34.3972
504,281,105,77,99,27.4021,35.2313
505,281,104,77,100,27.4021,35.5872
506,279,107,74,98,26.5233,35.1254
507,277,107,71,99,25.6318,35.7401
508,277,111,66,100,23.8267,36.1011
509,274,112,59,103,21.5328,37.5912
510,277,114,60,103,21.6606,37.1841
511,276,112,59,105,21.3768,38.0435
512,278,112,59,107,21.2230,38.4892
513,279,114,59,106,21.1470,37.9928
514,278,111,60,107,21.5827,38.4892
515,277,110,58,109,20.9386,39.3502
516,276,113,57,106,20.6522,38.4058
517,278,114,57,107,20.5036,38.4892
518,277,113,57,107,20.5776,38.6282
519,277,116,56,105,20.2166,37.9061
520,282,120,58,104,20.5674,36.8794
521,282,117,58,107,20.5674,37.9433
522,285,117,59,109,20.7018,38.2456
523,286,120,58,108,20.2797,37.7622
524,288,123,57,108,19.7917,37.5000
525,290,124,57,109,19.6552,37.5862
526,289,124,57,108,19.7232,37.3702
527,290,132,56,102,19.3103,35.1724
528,291,135,58,98,19.9313,33.6770
529,294,138,60,96,20.4082,32.6531
530,295,137,63,95,21.3559,32.2034
531,296,138,64,94,21.6216,31.7568
532,298,142,62,94,20.8054,31.5436
533,297,144,60,93,20.2020,31.3131
534,296,145,56,95,18.9189,32.0946
535,298,145,56,97,18.7919,32.5503
536,296,146,54,96,18.2432,32.4324
537,294,150,51,93,17.3469,31.6327
538,297,153,50,94,16.8350,31.6498
539,297,153,52,92,17.5084,30.9764
540,300,156,51,93,17.0000,31.0000
541,298,150,57,91,19.1275,30.5369
542,299,155,56,88,18.7291,29.4314
543,302,151,61,90,20.1987,29.8013
544,302,151,64,87,21.1921,28.8079
545,299,146,69,84,23.0769,28.0936
546,300,147,71,82,23.6667,27.3333
547,298,145,72,81,24.1611,27.1812
548,297,143,73,81,24.5791,27.2727
549,299,144,75,80,25.0836,26.7559
550,303,144,78,81,25.7426,26.7327
551,301,139,80,82,26.5781,27.2425
552,299,135,82,82,27.4247,27.4247
553,299,134,84,81,28.0936,27.0903
554,299,131,87,81,29.0970,27.0903
555,301,131,87,83,28.9037,27.5748
556,301,128,96,77,31.8937,25.5814
557,301,123,103,75,34.2193,24.9169
558,301,115,113,73,37.5415,24.2525
559,299,111,116,72,38.7960,24.0803
560,299,106,122,71,40.8027,23.7458
561,296,105,120,71,40.5405,23.9865
562,300,105,121,74,40.3333,24.6667
563,298,102,123,73,41.2752,24.4966
564,295,101,124,70,42.0339,23.7288
565,295,96,127,72,43.0508,24.4068
566,294,99,121,74,41.1565,25.1701
567,292,102,120,70,41.0959,23.9726
568,292,102,117,73,40.0685,25.0000
569,292,95,122,75,41.7808,25.6849
570,291,96,116,79,39.8625,27.1478
571,287,92,116,79,40.4181,27.5261
572,287,90,114,83,39.7213,28.9199
573,287,92,113,82,39.3728,28.5714
574,285,89,113,83,39.6491,29.1228
575,285,87,112,86,39.2982,30.1754
576,285,88,111,86,38.9474,30.1754
577,282,86,106,90,37.5887,31.9149
578,283,84,109,90,38.5159,31.8021
579,280,88,98,94,35.0000,33.5714
580,278,87,93,98,33.4532,35.2518
581,275,89,86,100,31.2727,36.3636
582,274,86,85,103,31.0219,37.5912
583,271,82,85,104,31.3653,38.3764
584,269,81,85,103,31.5985,38.2900
585,269,84,74,111,27.5093,41.2639
586,272,90,74,108,27.2059,39.7059
587,272,91,75,106,27.5735,38.9706
588,271,87,77,107,28.4133,39.4834
589,267,87,71,109,26.5918,40.8240
590,266,86,70,110,26.3158,41.3534
591,268,86,68,114,25.3731,42.5373
592,269,88,70,111,26.0223,41.2639
593,269,87,70,112,26.0223,41.6357
594,266,85,70,111,26.3158,41.7293
595,265,83,69,113,26.0377,42.6415
596,266,85,68,113,25.5639,42.4812
597,265,83,67,115,25.2830,43.3962
598,265,82,64,119,24.1509,44.9057
599,262,81,63,118,24.0458,45.0382
600,266,85,64,117,24.0602,43.9850
601,265,83,66,116,24.9057,43.7736
602,265,86,65,114,24.5283,43.0189
603,266,89,61,116,22.9323,43.6090
604,266,91,57,118,21.4286,44.3609
605,262,91,53,118,20.2290,45.0382
606,265,94,53,118,20.0000,44.5283
607,266,100,51,115,19.1729,43.2331
608,270,103,50,117,18.5185,43.3333
609,270,104,48,118,17.7778,43.7037
610,268,103,45,120,16.7910,44.7761
611,271,108,43,120,15.8672,44.2804
612,271,109,42,120,15.4982,44.2804
613,268,112,39,117,14.5522,43.6567
614,267,115,38,114,14.2322,42.6966
615,268,115,38,115,14.1791,42.9104
616,270,118,37,115,13.7037,42.5926
617,268,117,38,113,14.1791,42.1642
618,269,119,38,112,14.1264,41.6357
619,267,119,35,113,13.1086,42.3221
620,269,124,33,112,12.2677,41.6357
621,270,127,33,110,12.2222,40.7407
622,274,134,32,108,11.6788,39.4161
623,281,136,38,107,13.5231,38.0783
624,284,144,37,103,13.0282,36.2676
625,287,149,37,101,12.8920,35.1916
626,289,154,36,99,12.4567,34.2561
627,293,157,40,96,13.6519,32.7645
628,295,160,42,93,14.2373,31.5254
629,297,159,49,89,16.4983,29.9663
630,299,158,53,88,17.7258,29.4314
631,301,165,52,84,17.2757,27.9070
632,301,166,55,80,18.2724,26.5781
633,300,163,58,79,19.3333,26.3333
634,297,160,60,77,20.2020,25.9259
635,299,158,65,76,21.7391,25.4181
636,297,155,65,77,21.8855,25.9259
637,301,158,72,71,23.9203,23.5880
638,297,154,72,71,24.2424,23.9057
639,299,152,75,72,25.0836,24.0803
640,301,148,82,71,27.2425,23.5880
641,300,143,89,68,29.6667,22.6667
642,300,143,90,67,30.0000,22.3333
643,298,142,92,64,30.8725,21.4765
644,298,139,94,65,31.5436,21.8121
645,298,138,97,63,32.5503,21.1409
646,297,135,100,62,33.6700,20.8754
647,295,135,101,59,34.2373,20.0000
648,297,129,108,60,36.3636,20.2020
649,296,128,107,61,36.1486,20.6081
650,292,127,105,60,35.9589,20.5479
651,294,122,111,61,37.7551,20.7483
652,294,116,115,63,39.1156,21.4286
653,295,114,114,67,38.6441,22.7119
654,295,108,119,68,40.3390,23.0508
655,290,106,118,66,40.6897,22.7586
656,289,101,121,67,41.8685,23.1834
657,288,96,122,70,42.3611,24.3056
658,285,92,119,74,41.7544,25.9649
659,284,90,119,75,41.9014,26.4085
660,283,84,123,76,43.4629,26.8551
661,281,82,119,80,42.3488,28.4698
662,282,84,118,80,41.8440,28.3688
663,278,80,117,81,42.0863,29.1367
664,279,80,117,82,41.9355,29.3907
665,276,72,122,82,44.2029,29.7101
666,274,71,118,85,43.0657,31.0219
667,277,77,117,83,42.2383,29.9639
668,274,77,109,88,39.7810,32.1168
669,274,75,110,89,40.1460,32.4818
670,273,76,106,91,38.8278,33.3333
671,269,75,101,93,37.5465,34.5725
672,267,73,99,95,37.0787,35.5805
673,265,71,99,95,37.3585,35.8491
674,261,72,91,98,34.8659,37.5479
675,262,70,92,100,35.1145,38.1679
676,263,69,89,105,33.8403,39.9240
677,263,69,84,110,31.9392,41.8251
678,263,71,80,112,30.4183,42.5856
679,262,69,78,115,29.7710,43.8931
680,258,67,74,117,28.6822,45.3488
681,256,66,71,119,27.7344,46.4844
682,257,64,70,123,27.2374,47.8599
683,257,67,67,123,26.0700,47.8599
684,259,70,63,126,24.3243,48.6486
685,259,69,63,127,24.3243,49.0347
686,254,69,57,128,22.4409,50.3937
687,254,69,57,128,22.4409,50.3937
688,256,73,56,127,21.8750,49.6094
689,257,76,57,124,22.1790,48.2490
690,257,77,53,127,20.6226,49.4163
691,258,77,51,130,19.7674,50.3876
692,259,74,54,131,20.8494,50.5792
693,255,74,49,132,19.2157,51.7647
694,259,79,49,131,18.9189,50.5792
695,255,79,44,132,17.2549,51.7647
696,255,83,40,132,15.6863,51.7647
697,255,83,39,133,15.2941,52.1569
698,257,85,37,135,14.3969,52.5292
699,256,87,34,135,13.2812,52.7344
700,257,90,32,135,12.4514,52.5292
701,255,93,28,134,10.9804,52.5490
702,255,98,26,131,10.1961,51.3725
703,255,99,25,131,9.8039,51.3725
704,256,102,25,129,9.7656,50.3906
705,259,109,24,126,9.2664,48.6486
706,259,112,20,127,7.7220,49.0347
707,261,114,19,128,7.2797,49.0421
708,263,121,18,124,6.8441,47.1483
709,264,126,17,121,6.4394,45.8333
710,265,132,17,116,6.4151,43.7736
711,266,136,15,115,5.6391,43.2331
712,265,139,13,113,4.9057,42.6415
713,267,148,9,110,3.3708,41.1985
714,267,152,7,108,2.6217,40.4494
715,271,158,6,107,2.2140,39.4834
716,273,160,8,105,2.9304,38.4615
717,273,161,7,105,2.5641,38.4615
718,277,169,6,102,2.1661,36.8231
719,278,171,6,101,2.1583,36.3309
720,279,178,6,95,2.1505,34.0502
721,285,186,6,93,2.1053,32.6316
722,288,193,6,89,2.0833,30.9028
723,293,200,7,86,2.3891,29.3515
724,293,205,6,82,2.0478,27.9863
725,295,208,6,81,2.0339,27.4576
726,298,216,7,75,2.3490,25.1678
727,298,216,8,74,2.6846,24.8322
728,302,225,8,69,2.6490,22.8477
729,301,230,7,64,2.3256,21.2625
730,301,234,7,60,2.3256,19.9336
731,301,235,8,58,2.6578,19.2691
732,301,236,9,56,2.9900,18.6047
733,301,234,14,53,4.6512,17.6080
734,301,236,16,49,5.3156,16.2791
735,301,237,16,48,5.3156,15.9468
736,301,239,15,47,4.9834,15.6146
737,301,239,17,45,5.6478,14.9502
738,301,240,18,43,5.9801,14.2857
739,301,241,18,42,5.9801,13.9535
740,301,242,18,41,5.9801,13.6213
741,301,238,22,41,7.3090,13.6213
742,301,242,22,37,7.3090,12.2924
743,301,240,27,34,8.9701,11.2957
744,301,240,28,33,9.3023,10.9635
745,301,237,32,32,10.6312,10.6312
746,301,238,32,31,10.6312,10.2990
747,300,238,32,30,10.6667,10.0000
748,299,239,32,28,10.7023,9.3645
749,300,238,35,27,11.6667,9.0000
750,300,236,39,25,13.0000,8.3333
751,300,235,41,24,13.6667,8.0000
752,299,233,41,25,13.7124,8.3612
753,300,236,41,23,13.6667,7.6667
754,299,233,42,24,14.0468,8.0268
755,301,233,44,24,14.6179,7.9734
756,301,224,52,25,17.2757,8.3056
757,300,222,54,24,18.0000,8.0000
758,299,218,60,21,20.0669,7.0234
759,302,219,63,20,20.8609,6.6225
760,302,213,69,20,22.8477,6.6225
761,301,207,73,21,24.2525,6.9767
762,300,204,74,22,24.6667,7.3333
763,300,198,78,24,26.0000,8.0000
764,299,193,81,25,27.0903,8.3612
765,299,191,84,24,28.0936,8.0268
766,299,185,87,27,29.0970,9.0301
767,303,183,94,26,31.0231,8.5809
768,302,174,101,27,33.4437,8.9404
769,300,166,108,26,36.0000,8.6667
770,298,156,116,26,38.9262,8.7248
771,296,150,119,27,40.2027,9.1216
772,296,151,117,28,39.5270,9.4595
773,296,146,122,28,41.2162,9.4595
774,292,138,126,28,43.1507,9.5890
775,291,133,130,28,44.6735,9.6220
776,288,125,133,30,46.1806,10.4167
777,287,117,138,32,48.0836,11.1498
778,286,112,140,34,48.9510,11.8881
779,284,106,141,37,49.6479,13.0282
780,283,97,147,39,51.9435,13.7809
781,282,94,145,43,51.4184,15.2482
782,281,89,144,48,51.2456,17.0819
783,281,89,144,48,51.2456,17.0819
784,282,90,139,53,49.2908,18.7943
785,282,85,143,54,50.7092,19.1489
786,280,79,144,57,51.4286,20.3571
787,278,75,145,58,52.1583,20.8633
788,274,75,136,63,49.6350,22.9927
789,272,71,134,67,49.2647,24.6324
790,268,67,131,70,48.8806,26.1194
791,269,66,128,75,47.5836,27.8810
792,271,68,127,76,46.8635,28.0443
793,276,73,124,79,44.9275,28.6232
794,273,69,120,84,43.9560,30.7692
795,270,67,116,87,42.9630,32.2222
796,272,69,110,93,40.4412,34.1912
797,266,66,106,94,39.8496,35.3383
798,264,69,100,95,37.8788,35.9848
799,262,70,90,102,34.3511,38.9313
800,263,71,85,107,32.3194,40.6844
801,264,69,85,110,32.1970,41.6667
802,262,68,81,113,30.9160,43.1298
803,262,69,77,116,29.3893,44.2748
804,260,68,78,114,30.0000,43.8462
805,260,69,74,117,28.4615,45.0000
806,257,68,70,119,27.2374,46.3035
807,259,71,67,121,25.8687,46.7181
808,255,71,62,122,24.3137,47.8431
809,255,74,57,124,22.3529,48.6275
810,256,74,56,126,21.8750,49.2188
811,253,74,51,128,20.1581,50.5929
812,255,78,47,130,18.4314,50.9804
813,257,81,46,130,17.8988,50.5837
814,256,82,44,130,17.1875,50.7812
815,257,87,41,129,15.9533,50.1946
816,259,93,37,129,14.2857,49.8069
817,259,94,37,128,14.2857,49.4208
818,258,97,36,125,13.9535,48.4496
819,262,101,35,126,13.3588,48.0916
820,262,102,35,125,13.3588,47.7099
821,261,103,31,127,11.8774,48.6590
822,262,101,33,128,12.5954,48.8550
823,264,100,36,128,13.6364,48.4848
824,267,105,33,129,12.3596,48.3146
825,269,108,31,130,11.5242,48.3271
826,270,109,29,132,10.7407,48.8889
827,273,111,28,134,10.2564,49.0842
828,274,115,26,133,9.4891,48.5401
829,274,116,27,131,9.8540,47.8102
830,277,121,26,130,9.3863,46.9314
831,279,126,27,126,9.6774,45.1613
832,281,128,27,126,9.6085,44.8399
833,283,133,28,122,9.8940,43.1095
834,283,134,32,117,11.3074,41.3428
835,285,135,34,116,11.9298,40.7018
836,289,139,38,112,13.1488,38.7543
837,292,140,40,112,13.6986,38.3562
838,294,144,40,110,13.6054,37.4150
839,296,147,40,109,13.5135,36.8243
840,299,153,43,103,14.3813,34.4482
841,301,157,45,99,14.9502,32.8904
842,300,157,45,98,15.0000,32.6667
843,295,161,40,94,13.5593,31.8644
844,294,162,39,93,13.2653,31.6327
845,297,167,40,90,13.4680,30.3030
846,298,169,44,85,14.7651,28.5235
847,300,170,48,82,16.0000,27.3333
848,299,174,48,77,16.0535,25.7525
849,301,173,51,77,16.9435,25.5814
850,299,171,52,76,17.3913,25.4181
851,304,182,53,69,17.4342,22.6974
852,303,183,56,64,18.4818,21.1221
853,302,183,56,63,18.5430,20.8609
854,299,181,58,60,19.3980,20.0669
855,298,175,64,59,21.4765,19.7987
856,301,176,66,59,21.9269,19.6013
857,299,177,62,60,20.7358,20.0669
858,301,178,64,59,21.2625,19.6013
859,301,179,66,56,21.9269,18.6047
860,301,175,70,56,23.2558,18.6047
861,300,171,73,56,24.3333,18.6667
862,299,167,76,56,25.4181,18.7291
863,299,168,77,54,25.7525,18.0602
864,303,168,83,52,27.3927,17.1617
865,303,165,87,51,28.7129,16.8317
866,302,160,90,52,29.8013,17.2185
867,301,156,91,54,30.2326,17.9402
868,300,153,93,54,31.0000,18.0000
869,299,146,98,55,32.7759,18.3946
870,298,139,102,57,34.2282,19.1275
871,295,135,103,57,34.9153,19.3220
872,298,135,105,58,35.2349,19.4631
873,296,133,104,59,35.1351,19.9324
874,296,133,105,58,35.4730,19.5946
875,290,131,101,58,34.8276,20.0000
876,289,133,96,60,33.2180,20.7612
877,287,132,96,59,33.4495,20.5575
878,291,133,98,60,33.6770,20.6186
879,289,128,103,58,35.6401,20.0692
880,288,120,111,57,38.5417,19.7917
881,286,114,110,62,38.4615,21.6783
882,286,107,117,62,40.9091,21.6783
883,284,103,116,65,40.8451,22.8873
884,281,102,115,64,40.9253,22.7758
885,283,95,118,70,41.6961,24.7350
886,280,91,116,73,41.4286,26.0714
887,280,88,118,74,42.1429,26.4286
888,284,94,111,79,39.0845,27.8169
889,281,94,105,82,37.3665,29.1815
890,277,89,107,81,38.6282,29.2419
891,278,85,108,85,38.8489,30.5755
892,276,82,107,87,38.7681,31.5217
893,274,81,106,87,38.6861,31.7518
894,271,80,102,89,37.6384,32.8413
895,270,79,103,88,38.1481,32.5926
896,272,73,110,89,40.4412,32.7206
897,272,72,110,90,40.4412,33.0882
898,271,71,108,92,39.8524,33.9483
899,267,70,105,92,39.3258,34.4569
900,267,71,99,97,37.0787,36.3296
901,265,71,92,102,34.7170,38.4906
902,267,72,89,106,33.3333,39.7004
903,265,73,82,110,30.9434,41.5094
904,263,72,79,112,30.0380,42.5856
905,259,71,76,112,29.3436,43.2432
906,262,73,73,116,27.8626,44.2748
907,262,77,67,118,25.5725,45.0382
908,259,76,65,118,25.0965,45.5598
909,261,78,69,114,26.4368,43.6782
910,265,82,69,114,26.0377,43.0189
911,265,83,64,118,24.1509,44.5283
912,263,86,59,118,22.4335,44.8669
913,262,87,59,116,22.5191,44.2748
914,263,90,59,114,22.4335,43.3460
915,259,91,55,113,21.2355,43.6293
916,259,91,53,115,20.4633,44.4015
917,259,93,48,118,18.5328,45.5598
918,263,97,48,118,18.2510,44.8669
919,268,107,46,115,17.1642,42.9104
920,269,113,40,116,14.8699,43.1227
921,274,118,41,115,14.9635,41.9708
922,274,121,38,115,13.8686,41.9708
923,275,124,35,116,12.7273,42.1818
924,277,126,36,115,12.9964,41.5162
925,279,128,37,114,13.2616,40.8602
926,281,130,37,114,13.1673,40.5694
927,280,127,39,114,13.9286,40.7143
928,280,127,43,110,15.3571,39.2857
929,278,124,43,111,15.4676,39.9281
930,277,124,45,108,16.2455,38.9892
931,276,123,44,109,15.9420,39.4928
932,275,121,43,111,15.6364,40.3636
933,275,128,41,106,14.9091,38.5455
934,278,128,45,105,16.1871,37.7698
935,277,129,45,103,16.2455,37.1841
936,279,131,46,102,16.4875,36.5591
937,281,137,46,98,16.3701,34.8754
938,282,138,48,96,17.0213,34.0426
939,284,136,52,96,18.3099,33.8028
940,285,141,54,90,18.9474,31.5789
941,286,141,59,86,20.6294,30.0699
942,286,137,63,86,22.0280,30.0699
943,285,136,66,83,23.1579,29.1228
944,286,138,67,81,23.4266,28.3217
945,287,137,68,82,23.6934,28.5714
946,288,137,70,81,24.3056,28.1250
947,290,137,69,84,23.7931,28.9655
948,291,136,68,87,23.3677,29.8969
949,290,137,67,86,23.1034,29.6552
950,291,139,64,88,21.9931,30.2405
951,291,138,65,88,22.3368,30.2405
952,291,144,65,82,22.3368,28.1787
953,295,151,68,76,23.0508,25.7627
954,295,156,66,73,22.3729,24.7458
955,296,157,70,69,23.6486,23.3108
956,294,154,72,68,24.4898,23.1293
957,298,158,74,66,24.8322,22.1477
958,299,159,77,63,25.7525,21.0702
959,298,164,75,59,25.1678,19.7987
960,295,159,75,61,25.4237,20.6780
961,295,158,75,62,25.4237,21.0169
962,296,158,77,61,26.0135,20.6081
963,298,162,78,58,26.1745,19.4631
964,299,159,80,60,26.7559,20.0669
965,301,151,88,62,29.2359,20.5980
966,300,141,93,66,31.0000,22.0000
967,297,135,96,66,32.3232,22.2222
968,299,133,99,67,33.1104,22.4080
969,301,126,110,65,36.5449,21.5947
970,300,123,112,65,37.3333,21.6667
971,299,115,119,65,39.7993,21.7391
972,296,109,125,62,42.2297,20.9459
973,299,105,131,63,43.8127,21.0702
974,296,101,133,62,44.9324,20.9459
975,298,99,138,61,46.3087,20.4698
976,299,95,138,66,46.1538,22.0736
977,299,95,139,65,46.4883,21.7391
978,299,90,143,66,47.8261,22.0736
979,299,84,145,70,48.4950,23.4114
980,300,83,147,70,49.0000,23.3333
981,296,78,145,73,48.9865,24.6622
982,297,78,143,76,48.1481,25.5892
983,292,74,142,76,48.6301,26.0274
984,290,74,141,75,48.6207,25.8621
985,287,71,135,81,47.0383,28.2230
986,286,67,134,85,46.8531,29.7203
987,283,68,125,90,44.1696,31.8021
988,281,65,124,92,44.1281,32.7402
989,279,67,113,99,40.5018,35.4839
990,279,69,108,102,38.7097,36.5591
991,277,67,104,106,37.5451,38.2671
992,273,59,105,109,38.4615,39.9267
993,271,59,101,111,37.2694,40.9594
994,270,56,97,117,35.9259,43.3333
995,268,60,89,119,33.2090,44.4030
996,264,60,86,118,32.5758,44.6970
997,266,63,82,121,30.8271,45.4887
998,265,62,82,121,30.9434,45.6604
999,258,65,70,123,27.1318,47.6744
1000,259,66,73,120,28.1853,46.3320
1001,259,65,72,122,27.7992,47.1042
1002,259,70,68,121,26.2548,46.7181
1003,257,67,68,122,26.4591,47.4708
1004,254,65,66,123,25.9843,48.4252
1005,255,65,65,125,25.4902,49.0196
1006,258,67,63,128,24.4186,49.6124
1007,259,70,59,130,22.7799,50.1931
1008,262,70,62,130,23.6641,49.6183
1009,262,65,64,133,24.4275,50.7634
1010,263,68,61,134,23.1939,50.9506
1011,261,68,58,135,22.2222,51.7241
1012,260,69,56,135,21.5385,51.9231
1013,259,70,51,138,19.6911,53.2819
1014,258,73,49,136,18.9922,52.7132
1015,257,73,48,136,18.6770,52.9183
1016,261,81,48,132,18.3908,50.5747
1017,260,83,47,130,18.0769,50.0000
1018,261,88,45,128,17.2414,49.0421
1019,260,89,42,129,16.1538,49.6154
1020,258,89,40,129,15.5039,50.0000
1021,260,91,39,130,15.0000,50.0000
1022,263,93,42,128,15.9696,48.6692
1023,266,98,39,129,14.6617,48.4962
1024,269,100,38,131,14.1264,48.6989
1025,271,104,36,131,13.2841,48.3395
1026,273,105,36,132,13.1868,48.3516
1027,275,108,35,132,12.7273,48.0000
1028,274,112,35,127,12.7737,46.3504
1029,272,115,29,128,10.6618,47.0588
1030,274,118,28,128,10.2190,46.7153
1031,276,122,31,123,11.2319,44.5652
1032,279,124,32,123,11.4695,44.0860
1033,280,130,30,120,10.7143,42.8571
1034,284,134,32,118,11.2676,41.5493
1035,287,135,34,118,11.8467,41.1150
1036,288,135,35,118,12.1528,40.9722
1037,288,138,38,112,13.1944,38.8889
1038,294,148,36,110,12.2449,37.4150
1039,297,157,36,104,12.1212,35.0168
1040,302,157,42,103,13.9073,34.1060
1041,302,165,41,96,13.5762,31.7881
1042,301,166,41,94,13.6213,31.2292
1043,300,168,42,90,14.0000,30.0000
1044,300,169,43,88,14.3333,29.3333
1045,300,169,44,87,14.6667,29.0000
1046,299,172,46,81,15.3846,27.0903
1047,300,175,46,79,15.3333,26.3333
1048,299,173,47,79,15.7191,26.4214
1049,301,174,51,76,16.9435,25.2492
1050,301,172,56,73,18.6047,24.2525
1051,300,173,57,70,19.0000,23.3333
1052,298,174,55,69,18.4564,23.1544
1053,302,176,58,68,19.2053,22.5166
1054,301,175,59,67,19.6013,22.2591
1055,300,174,59,67,19.6667,22.3333
1056,299,174,57,68,19.0635,22.7425
1057,299,174,57,68,19.0635,22.7425
1058,300,175,60,65,20.0000,21.6667
1059,300,177,61,62,20.3333,20.6667
1060,299,174,61,64,20.4013,21.4047
1061,298,177,58,63,19.4631,21.1409
1062,298,178,59,61,19.7987,20.4698
1063,294,174,59,61,20.0680,20.7483
1064,298,177,62,59,20.8054,19.7987
1065,299,175,67,57,22.4080,19.0635
1066,299,176,66,57,22.0736,19.0635
1067,306,179,70,57,22.8758,18.6275
1068,303,172,72,59,23.7624,19.4719
1069,302,170,73,59,24.1722,19.5364
1070,298,166,71,61,23.8255,20.4698
1071,300,165,72,63,24.0000,21.0000
1072,299,162,77,60,25.7525,20.0669
1073,301,159,82,60,27.2425,19.9336
1074,300,154,83,63,27.6667,21.0000
1075,298,153,83,62,27.8523,20.8054
1076,300,154,85,61,28.3333,20.3333
1077,300,152,88,60,29.3333,20.0000
1078,297,147,89,61,29.9663,20.5387
1079,298,144,94,60,31.5436,20.1342
1080,302,142,98,62,32.4503,20.5298
1081,301,140,99,62,32.8904,20.5980
1082,300,135,103,62,34.3333,20.6667
1083,300,126,111,63,37.0000,21.0000
1084,297,124,107,66,36.0269,22.2222
1085,297,118,112,67,37.7104,22.5589
1086,298,113,116,69,38.9262,23.1544
1087,296,104,122,70,41.2162,23.6486
1088,295,105,116,74,39.3220,25.0847
1089,296,102,118,76,39.8649,25.6757
1090,291,99,118,74,40.5498,25.4296
1091,290,96,119,75,41.0345,25.8621
1092,289,91,118,80,40.8304,27.6817
1093,286,92,112,82,39.1608,28.6713
1094,282,91,108,83,38.2979,29.4326
1095,282,90,110,82,39.0071,29.0780
1096,282,83,113,86,40.0709,30.4965
1097,283,82,114,87,40.2827,30.7420
1098,285,82,114,89,40.0000,31.2281
1099,284,83,108,93,38.0282,32.7465
1100,282,82,105,95,37.2340,33.6879
1101,287,86,105,96,36.5854,33.4495
1102,284,81,103,100,36.2676,35.2113
1103,279,79,97,103,34.7670,36.9176
1104,282,80,98,104,34.7518,36.8794
1105,282,82,95,105,33.6879,37.2340
1106,278,82,90,106,32.3741,38.1295
1107,280,85,84,111,30.0000,39.6429
1108,283,88,82,113,28.9753,39.9293
1109,289,93,82,114,28.3737,39.4464
1110,290,91,84,115,28.9655,39.6552
1111,292,91,81,120,27.7397,41.0959
1112,290,92,78,120,26.8966,41.3793
1113,291,92,79,120,27.1478,41.2371
1114,291,93,77,121,26.4605,41.5808
1115,293,97,75,121,25.5973,41.2969
1116,293,94,76,123,25.9386,41.9795
1117,290,93,72,125,24.8276,43.1034
1118,289,91,69,129,23.8754,44.6367
1119,291,91,70,130,24.0550,44.6735
1120,292,92,72,128,24.6575,43.8356
1121,294,90,74,130,25.1701,44.2177
1122,295,96,69,130,23.3898,44.0678
1123,294,98,67,129,22.7891,43.8776
1124,295,99,65,131,22.0339,44.4068
1125,297,100,67,130,22.5589,43.7710
1126,299,104,65,130,21.7391,43.4783
1127,300,107,62,131,20.6667,43.6667
1128,299,105,59,135,19.7324,45.1505
1129,300,103,61,136,20.3333,45.3333
1130,297,105,59,133,19.8653,44.7811
1131,297,106,57,134,19.1919,45.1178
1132,300,110,55,135,18.3333,45.0000
1133,297,110,53,134,17.8451,45.1178
1134,298,115,49,134,16.4430,44.9664
1135,301,119,49,133,16.2791,44.1860
1136,300,119,48,133,16.0000,44.3333
1137,299,118,47,134,15.7191,44.8161
1138,300,123,45,132,15.0000,44.0000
1139,297,120,45,132,15.1515,44.4444
1140,295,122,44,129,14.9153,43.7288
1141,295,127,41,127,13.8983,43.0508
1142,296,127,40,129,13.5135,43.5811
1143,296,128,39,129,13.1757,43.5811
1144,299,137,38,124,12.7090,41.4716
1145,300,141,38,121,12.6667,40.3333
1146,299,142,37,120,12.3746,40.1338
1147,301,142,37,122,12.2924,40.5316
1148,301,147,36,118,11.9601,39.2027
1149,300,148,31,121,10.3333,40.3333
1150,300,146,34,120,11.3333,40.0000
1151,300,148,36,116,12.0000,38.6667
1152,300,145,40,115,13.3333,38.3333
1153,299,145,41,113,13.7124,37.7926
1154,301,150,41,110,13.6213,36.5449
1155,301,149,47,105,15.6146,34.8837
1156,301,150,46,105,15.2824,34.8837
1157,298,151,44,103,14.7651,34.5638
1158,300,155,44,101,14.6667,33.6667
1159,298,156,48,94,16.1074,31.5436
1160,302,159,49,94,16.2252,31.1258
1161,301,158,52,91,17.2757,30.2326
1162,300,152,59,89,19.6667,29.6667
1163,300,155,58,87,19.3333,29.0000
1164,300,153,63,84,21.0000,28.0000
1165,299,149,67,83,22.4080,27.7592
1166,305,154,69,82,22.6230,26.8852
1167,304,152,70,82,23.0263,26.9737
1168,304,141,82,81,26.9737,26.6447
1169,304,135,91,78,29.9342,25.6579
1170,303,135,92,76,30.3630,25.0825
1171,302,134,93,75,30.7947,24.8344
1172,299,128,94,77,31.4381,25.7525
1173,301,128,97,76,32.2259,25.2492
1174,299,128,99,72,33.1104,24.0803
1175,297,124,100,73,33.6700,24.5791
1176,297,120,104,73,35.0168,24.5791
1177,297,117,108,72,36.3636,24.2424
1178,299,116,113,70,37.7926,23.4114
1179,297,111,114,72,38.3838,24.2424
1180,301,115,117,69,38.8704,22.9236
1181,298,109,118,71,39.5973,23.8255
1182,293,103,116,74,39.5904,25.2560
1183,293,98,119,76,40.6143,25.9386
1184,292,92,126,74,43.1507,25.3425
1185,287,86,126,75,43.9024,26.1324
1186,287,86,126,75,43.9024,26.1324
1187,290,87,126,77,43.4483,26.5517
1188,292,90,123,79,42.1233,27.0548
1189,287,91,114,82,39.7213,28.5714
1190,285,90,112,83,39.2982,29.1228
1191,285,92,110,83,38.5965,29.1228
1192,284,83,118,83,41.5493,29.2254
1193,286,81,117,88,40.9091,30.7692
1194,286,83,115,88,40.2098,30.7692
1195,284,80,115,89,40.4930,31.3380
1196,282,82,107,93,37.9433,32.9787
1197,280,79,106,95,37.8571,33.9286
1198,281,78,106,97,37.7224,34.5196
1199,276,79,98,99,35.5072,35.8696
1200,274,79,95,100,34.6715,36.4964
1201,274,79,96,99,35.0365,36.1314
1202,276,81,93,102,33.6957,36.9565
1203,272,80,85,107,31.2500,39.3382
1204,270,79,81,110,30.0000,40.7407
1205,269,78,77,114,28.6245,42.3792
1206,265,77,73,115,27.5472,43.3962
1207,266,74,73,119,27.4436,44.7368
1208,264,74,70,120,26.5152,45.4545
1209,266,75,71,120,26.6917,45.1128
1210,267,78,67,122,25.0936,45.6929
1211,268,77,67,124,25.0000,46.2687
1212,264,82,60,122,22.7273,46.2121
1213,262,82,54,126,20.6107,48.0916
1214,263,82,54,127,20.5323,48.2890
1215,263,83,55,125,20.9125,47.5285
1216,262,82,55,125,20.9924,47.7099
1217,262,82,55,125,20.9924,47.7099
1218,262,81,54,127,20.6107,48.4733
1219,262,81,53,128,20.2290,48.8550
1220,262,78,56,128,21.3740,48.8550
1221,262,80,53,129,20.2290,49.2366
1222,263,83,50,130,19.0114,49.4297
1223,263,84,50,129,19.0114,49.0494
1224,267,87,50,130,18.7266,48.6891
1225,264,87,47,130,17.8030,49.2424
1226,265,84,49,132,18.4906,49.8113
1227,264,88,47,129,17.8030,48.8636
1228,266,91,45,130,16.9173,48.8722
1229,266,89,47,130,17.6692,48.8722
1230,272,96,46,130,16.9118,47.7941
1231,271,99,45,127,16.6052,46.8635
1232,272,101,46,125,16.9118,45.9559
1233,273,104,46,123,16.8498,45.0549
1234,274,106,48,120,17.5182,43.7956
1235,275,112,44,119,16.0000,43.2727
1236,275,111,45,119,16.3636,43.2727
1237,276,114,44,118,15.9420,42.7536
1238,277,117,41,119,14.8014,42.9603
1239,276,119,39,118,14.1304,42.7536
1240,279,126,36,117,12.9032,41.9355
1241,280,132,37,111,13.2143,39.6429
1242,281,135,37,109,13.1673,38.7900
1243,282,139,36,107,12.7660,37.9433
1244,286,146,34,106,11.8881,37.0629
1245,287,150,34,103,11.8467,35.8885
1246,286,150,33,103,11.5385,36.0140
1247,289,149,39,101,13.4948,34.9481
1248,292,154,41,97,14.0411,33.2192
1249,296,158,40,98,13.5135,33.1081
1250,297,162,41,94,13.8047,31.6498
1251,297,164,42,91,14.1414,30.6397
1252,299,165,43,91,14.3813,30.4348
1253,301,161,52,88,17.2757,29.2359
1254,300,161,54,85,18.0000,28.3333
1255,298,159,59,80,19.7987,26.8456
1256,298,160,62,76,20.8054,25.5034
1257,300,162,65,73,21.6667,24.3333
1258,300,160,68,72,22.6667,24.0000
1259,300,159,73,68,24.3333,22.6667
1260,300,155,77,68,25.6667,22.6667
1261,299,143,87,69,29.0970,23.0769
1262,301,143,91,67,30.2326,22.2591
1263,300,138,97,65,32.3333,21.6667
1264,300,133,104,63,34.6667,21.0000
1265,299,136,103,60,34.4482,20.0669
1266,300,125,114,61,38.0000,20.3333
1267,298,122,114,62,38.2550,20.8054
1268,301,112,125,64,41.5282,21.2625
1269,300,109,126,65,42.0000,21.6667
1270,298,109,124,65,41.6107,21.8121
1271,299,106,130,63,43.4783,21.0702
1272,298,101,132,65,44.2953,21.8121
1273,297,97,137,63,46.1279,21.2121
1274,295,93,137,65,46.4407,22.0339
1275,292,90,133,69,45.5479,23.6301
1276,292,88,135,69,46.2329,23.6301
1277,289,84,134,71,46.3668,24.5675
1278,289,83,136,70,47.0588,24.2215
1279,287,78,137,72,47.7352,25.0871
1280,286,78,135,73,47.2028,25.5245
1281,281,76,126,79,44.8399,28.1139
1282,280,78,121,81,43.2143,28.9286
1283,275,75,117,83,42.5455,30.1818
1284,272,71,117,84,43.0147,30.8824
1285,270,68,118,84,43.7037,31.1111
1286,267,65,113,89,42.3221,33.3333
1287,267,67,109,91,40.8240,34.0824
1288,260,66,101,93,38.8462,35.7692
1289,261,67,96,98,36.7816,37.5479
1290,263,70,96,97,36.5019,36.8821
1291,260,70,92,98,35.3846,37.6923
1292,256,70,89,97,34.7656,37.8906
1293,255,68,83,104,32.5490,40.7843
1294,252,66,77,109,30.5556,43.2540
1295,250,66,73,111,29.2000,44.4000
1296,252,68,70,114,27.7778,45.2381
1297,250,71,65,114,26.0000,45.6000
1298,249,74,60,115,24.0964,46.1847
1299,249,75,58,116,23.2932,46.5863
1300,248,73,56,119,22.5806,47.9839
1301,249,75,56,118,22.4900,47.3896
1302,254,78,58,118,22.8346,46.4567
1303,252,78,56,118,22.2222,46.8254
1304,253,82,53,118,20.9486,46.6403
1305,249,84,46,119,18.4739,47.7912
1306,248,82,44,122,17.7419,49.1935
1307,248,82,44,122,17.7419,49.1935
1308,251,82,45,124,17.9283,49.4024
1309,250,83,42,125,16.8000,50.0000
1310,252,85,40,127,15.8730,50.3968
1311,255,83,44,128,17.2549,50.1961
1312,257,86,43,128,16.7315,49.8054
1313,259,87,43,129,16.6023,49.8069
1314,259,87,42,130,16.2162,50.1931
1315,260,85,45,130,17.3077,50.0000
1316,260,83,45,132,17.3077,50.7692
1317,262,85,46,131,17.5573,50.0000
1318,263,88,46,129,17.4905,49.0494
1319,265,91,47,127,17.7358,47.9245
1320,266,94,45,127,16.9173,47.7444
1321,268,94,48,126,17.9104,47.0149
1322,271,95,49,127,18.0812,46.8635
1323,272,96,48,128,17.6471,47.0588
1324,274,100,47,127,17.1533,46.3504
1325,276,100,49,127,17.7536,46.0145
1326,278,108,47,123,16.9065,44.2446
1327,278,112,46,120,16.5468,43.1655
1328,278,116,44,118,15.8273,42.4460
1329,278,119,43,116,15.4676,41.7266
1330,281,123,43,115,15.3025,40.9253
1331,281,126,41,114,14.5907,40.5694
1332,284,133,38,113,13.3803,39.7887
1333,289,144,36,109,12.4567,37.7163
1334,291,147,36,108,12.3711,37.1134
1335,290,151,34,105,11.7241,36.2069
1336,292,153,34,105,11.6438,35.9589
1337,291,152,35,104,12.0275,35.7388
1338,292,157,36,99,12.3288,33.9041
1339,295,163,37,95,12.5424,32.2034
1340,299,168,38,93,12.7090,31.1037
1341,301,175,37,89,12.2924,29.5681
1342,300,174,36,90,12.0000,30.0000
1343,298,173,35,90,11.7450,30.2013
1344,299,176,35,88,11.7057,29.4314
1345,298,181,36,81,12.0805,27.1812
1346,302,188,37,77,12.2517,25.4967
1347,302,186,40,76,13.2450,25.1656
1348,301,189,40,72,13.2890,23.9203
1349,300,185,45,70,15.0000,23.3333
1350,300,186,46,68,15.3333,22.6667
1351,300,180,53,67,17.6667,22.3333
1352,300,184,51,65,17.0000,21.6667
1353,300,181,57,62,19.0000,20.6667
1354,299,177,58,64,19.3980,21.4047
1355,301,176,61,64,20.2658,21.2625
1356,300,172,66,62,22.0000,20.6667
1357,298,166,71,61,23.8255,20.4698
1358,303,172,73,58,24.0924,19.1419
1359,301,167,76,58,25.2492,19.2691
1360,300,167,77,56,25.6667,18.6667
1361,298,164,79,55,26.5101,18.4564
1362,301,169,79,53,26.2458,17.6080
1363,299,169,77,53,25.7525,17.7258
1364,300,168,79,53,26.3333,17.6667
1365,296,166,78,52,26.3514,17.5676
1366,298,162,85,51,28.5235,17.1141
1367,297,157,87,53,29.2929,17.8451
1368,297,152,92,53,30.9764,17.8451
1369,299,151,91,57,30.4348,19.0635
1370,299,147,92,60,30.7692,20.0669
1371,301,140,100,61,33.2226,20.2658
1372,298,136,101,61,33.8926,20.4698
1373,297,130,106,61,35.6902,20.5387
1374,300,132,104,64,34.6667,21.3333
1375,297,125,107,65,36.0269,21.8855
1376,294,122,108,64,36.7347,21.7687
1377,290,120,104,66,35.8621,22.7586
1378,290,117,104,69,35.8621,23.7931
1379,287,117,99,71,34.4948,24.7387
1380,291,117,102,72,35.0515,24.7423
1381,293,114,105,74,35.8362,25.2560
1382,291,113,103,75,35.3952,25.7732
1383,290,111,105,74,36.2069,25.5172
1384,290,109,108,73,37.2414,25.1724
1385,289,106,112,71,38.7543,24.5675
1386,289,109,108,72,37.3702,24.9135
1387,288,109,106,73,36.8056,25.3472
1388,284,104,106,74,37.3239,26.0563
1389,284,102,106,76,37.3239,26.7606
1390,285,99,107,79,37.5439,27.7193
1391,289,99,103,87,35.6401,30.1038
1392,287,100,98,89,34.1463,31.0105
1393,284,104,92,88,32.3944,30.9859
1394,283,105,92,86,32.5088,30.3887
1395,282,107,86,89,30.4965,31.5603
1396,282,105,86,91,30.4965,32.2695
1397,282,99,91,92,32.2695,32.6241
1398,280,95,93,92,33.2143,32.8571
1399,281,95,92,94,32.7402,33.4520
1400,280,92,92,96,32.8571,34.2857
1401,281,93,87,101,30.9609,35.9431
1402,283,95,87,101,30.7420,35.6890
1403,282,94,86,102,30.4965,36.1702
1404,281,94,86,101,30.6050,35.9431
1405,283,97,80,106,28.2686,37.4558
1406,282,97,79,106,28.0142,37.5887
1407,281,97,77,107,27.4021,38.0783
1408,285,98,75,112,26.3158,39.2982
1409,284,98,72,114,25.3521,40.1408
1410,283,100,68,115,24.0283,40.6360
1411,282,101,67,114,23.7589,40.4255
1412,281,100,65,116,23.1317,41.2811
1413,282,99,67,116,23.7589,41.1348
1414,284,100,67,117,23.5915,41.1972
1415,287,105,65,117,22.6481,40.7666
1416,287,106,65,116,22.6481,40.4181
1417,286,106,63,117,22.0280,40.9091
1418,284,105,59,120,20.7746,42.2535
1419,284,105,59,120,20.7746,42.2535
1420,283,105,58,120,20.4947,42.4028
1421,285,108,59,118,20.7018,41.4035
1422,285,107,63,115,22.1053,40.3509
1423,285,106,63,116,22.1053,40.7018
1424,289,111,60,118,20.7612,40.8304
1425,289,112,59,118,20.4152,40.8304
1426,291,119,59,113,20.2749,38.8316
1427,293,117,63,113,21.5017,38.5666
1428,291,117,62,112,21.3058,38.4880
1429,294,120,62,112,21.0884,38.0952
1430,293,122,63,108,21.5017,36.8601
1431,295,123,66,106,22.3729,35.9322
1432,297,127,66,104,22.2222,35.0168
1433,297,126,67,104,22.5589,35.0168
1434,302,128,69,105,22.8477,34.7682
1435,302,125,70,107,23.1788,35.4305
1436,300,121,74,105,24.6667,35.0000
1437,298,115,75,108,25.1678,36.2416
1438,298,113,78,107,26.1745,35.9060
1439,299,112,79,108,26.4214,36.1204
1440,301,115,79,107,26.2458,35.5482
1441,299,113,79,107,26.4214,35.7860
1442,296,113,79,104,26.6892,35.1351
1443,293,120,76,97,25.9386,33.1058
1444,293,117,80,96,27.3038,32.7645
1445,292,113,84,95,28.7671,32.5342
1446,295,114,86,95,29.1525,32.2034
1447,297,119,85,93,28.6195,31.3131
1448,294,115,88,91,29.9320,30.9524
1449,297,114,91,92,30.6397,30.9764
1450,296,107,97,92,32.7703,31.0811
1451,297,106,101,90,34.0067,30.3030
1452,296,105,100,91,33.7838,30.7432
1453,297,106,102,89,34.3434,29.9663
1454,298,106,103,89,34.5638,29.8658
1455,300,104,102,94,34.0000,31.3333
1456,296,101,102,93,34.4595,31.4189
1457,297,104,102,91,34.3434,30.6397
1458,298,99,105,94,35.2349,31.5436
1459,297,101,101,95,34.0067,31.9865
1460,298,104,104,90,34.8993,30.2013
1461,299,102,109,88,36.4548,29.4314
1462,300,93,118,89,39.3333,29.6667
1463,298,87,120,91,40.2685,30.5369
1464,297,84,124,89,41.7508,29.9663
1465,298,81,124,93,41.6107,31.2081
1466,294,81,121,92,41.1565,31.2925
1467,295,78,123,94,41.6949,31.8644
1468,297,76,124,97,41.7508,32.6599
1469,295,77,118,100,40.0000,33.8983
1470,293,79,117,97,39.9317,33.1058
1471,291,75,116,100,39.8625,34.3643
1472,288,76,111,101,38.5417,35.0694
1473,288,78,110,100,38.1944,34.7222
1474,285,77,106,102,37.1930,35.7895
1475,285,76,105,104,36.8421,36.4912
1476,284,73,109,102,38.3803,35.9155
1477,279,71,106,102,37.9928,36.5591
1478,277,69,103,105,37.1841,37.9061
1479,277,70,101,106,36.4621,38.2671
1480,274,68,99,107,36.1314,39.0511
1481,269,69,95,105,35.3160,39.0335
1482,266,71,84,111,31.5789,41.7293
1483,260,71,76,113,29.2308,43.4615
1484,261,73,73,115,27.9693,44.0613
1485,254,75,66,113,25.9843,44.4882
1486,255,73,70,112,27.4510,43.9216
1487,251,73,66,112,26.2948,44.6215
1488,250,72,65,113,26.0000,45.2000
1489,254,77,62,115,24.4094,45.2756
1490,254,78,63,113,24.8031,44.4882
1491,253,84,56,113,22.1344,44.6640
1492,253,84,54,115,21.3439,45.4545
1493,256,87,55,114,21.4844,44.5312
1494,255,84,56,115,21.9608,45.0980
1495,251,77,59,115,23.5060,45.8167
1496,249,80,53,116,21.2851,46.5863
1497,252,82,51,119,20.2381,47.2222
1498,252,81,51,120,20.2381,47.6190
1499,252,85,48,119,19.0476,47.2222
1500,255,85,49,121,19.2157,47.4510
1501,256,89,48,119,18.7500,46.4844
1502,256,91,47,118,18.3594,46.0938
1503,257,93,46,118,17.8988,45.9144
1504,261,99,46,116,17.6245,44.4444
1505,262,100,49,113,18.7023,43.1298
1506,264,102,47,115,17.8030,43.5606
1507,267,111,44,112,16.4794,41.9476
1508,271,113,45,113,16.6052,41.6974
1509,272,116,44,112,16.1765,41.1765
1510,275,123,43,109,15.6364,39.6364
1511,277,125,46,106,16.6065,38.2671
1512,277,126,45,106,16.2455,38.2671
1513,279,128,45,106,16.1290,37.9928
1514,278,129,46,103,16.5468,37.0504
1515,279,133,42,104,15.0538,37.2760
1516,280,134,39,107,13.9286,38.2143
1517,281,139,39,103,13.8790,36.6548
1518,284,141,40,103,14.0845,36.2676
1519,287,144,41,102,14.2857,35.5401
1520,286,146,41,99,14.3357,34.6154
1521,289,150,44,95,15.2249,32.8720
1522,291,150,46,95,15.8076,32.6460
1523,293,154,49,90,16.7235,30.7167
1524,297,159,50,88,16.8350,29.6296
1525,298,159,52,87,17.4497,29.1946
1526,300,163,50,87,16.6667,29.0000
1527,298,160,54,84,18.1208,28.1879
1528,299,160,55,84,18.3946,28.0936
1529,303,163,55,85,18.1518,28.0528
1530,301,166,54,81,17.9402,26.9103
1531,299,168,52,79,17.3913,26.4214
1532,298,167,52,79,17.4497,26.5101
1533,300,168,52,80,17.3333,26.6667
1534,299,164,59,76,19.7324,25.4181
1535,298,164,60,74,20.1342,24.8322
1536,300,163,64,73,21.3333,24.3333
1537,300,159,69,72,23.0000,24.0000
1538,299,157,70,72,23.4114,24.0803
1539,301,158,70,73,23.2558,24.2525
1540,299,158,67,74,22.4080,24.7492
1541,302,163,68,71,22.5166,23.5099
1542,299,157,69,73,23.0769,24.4147
1543,300,155,72,73,24.0000,24.3333
1544,300,150,79,71,26.3333,23.6667
1545,298,148,80,70,26.8456,23.4899
1546,299,149,79,71,26.4214,23.7458
1547,296,145,81,70,27.3649,23.6486
1548,296,147,80,69,27.0270,23.3108
1549,298,145,85,68,28.5235,22.8188
1550,301,144,90,67,29.9003,22.2591
1551,301,141,93,67,30.8970,22.2591
1552,301,136,101,64,33.5548,21.2625
1553,301,133,102,66,33.8870,21.9269
1554,296,124,103,69,34.7973,23.3108
1555,296,121,105,70,35.4730,23.6486
1556,296,120,104,72,35.1351,24.3243
1557,295,116,103,76,34.9153,25.7627
1558,295,115,105,75,35.5932,25.4237
1559,294,114,107,73,36.3946,24.8299
1560,292,108,111,73,38.0137,25.0000
1561,294,109,113,72,38.4354,24.4898
1562,292,106,115,71,39.3836,24.3151
1563,290,102,114,74,39.3103,25.5172
1564,287,98,114,75,39.7213,26.1324
1565,282,96,111,75,39.3617,26.5957
1566,284,97,110,77,38.7324,27.1127
1567,283,92,116,75,40.9894,26.5018
1568,282,88,118,76,41.8440,26.9504
1569,279,83,120,76,43.0108,27.2401
1570,276,82,115,79,41.6667,28.6232
1571,277,84,113,80,40.7942,28.8809
1572,272,84,106,82,38.9706,30.1471
1573,274,84,106,84,38.6861,30.6569
1574,272,84,103,85,37.8676,31.2500
1575,270,82,100,88,37.0370,32.5926
1576,269,80,97,92,36.0595,34.2007
1577,267,78,95,94,35.5805,35.2060
1578,269,80,95,94,35.3160,34.9442
1579,267,75,96,96,35.9551,35.9551
1580,268,78,93,97,34.7015,36.1940
1581,268,78,91,99,33.9552,36.9403
1582,268,76,91,101,33.9552,37.6866
1583,265,76,84,105,31.6981,39.6226
1584,263,70,85,108,32.3194,41.0646
1585,263,70,83,110,31.5589,41.8251
1586,262,71,82,109,31.2977,41.6031
1587,261,71,80,110,30.6513,42.1456
1588,260,71,75,114,28.8462,43.8462
1589,254,70,65,119,25.5906,46.8504
1590,252,67,67,118,26.5873,46.8254
1591,252,69,65,118,25.7937,46.8254
1592,253,71,66,116,26.0870,45.8498
1593,252,73,62,117,24.6032,46.4286
1594,251,76,60,115,23.9044,45.8167
1595,255,81,60,114,23.5294,44.7059
1596,255,80,61,114,23.9216,44.7059
1597,252,78,56,118,22.2222,46.8254
1598,251,77,57,117,22.7092,46.6135
1599,250,79,53,118,21.2000,47.2000
1600,250,82,50,118,20.0000,47.2000
1601,251,84,51,116,20.3187,46.2151
1602,254,87,47,120,18.5039,47.2441
1603,254,87,47,120,18.5039,47.2441
1604,253,87,44,122,17.3913,48.2213
1605,253,90,42,121,16.6008,47.8261
1606,254,93,42,119,16.5354,46.8504
1607,258,98,41,119,15.8915,46.1240
1608,259,101,40,118,15.4440,45.5598
1609,259,103,40,116,15.4440,44.7876
1610,261,107,39,115,14.9425,44.0613
1611,260,108,38,114,14.6154,43.8462
1612,260,107,40,113,15.3846,43.4615
1613,262,109,39,114,14.8855,43.5115
1614,265,110,42,113,15.8491,42.6415
1615,268,115,42,111,15.6716,41.4179
1616,270,113,46,111,17.0370,41.1111
1617,272,118,43,111,15.8088,40.8088
1618,277,122,44,111,15.8845,40.0722
1619,277,124,42,111,15.1625,40.0722
1620,279,128,43,108,15.4122,38.7097
1621,281,131,43,107,15.3025,38.0783
1622,282,138,40,104,14.1844,36.8794
1623,282,140,39,103,13.8298,36.5248
1624,287,146,41,100,14.2857,34.8432
1625,287,149,39,99,13.5889,34.4948
1626,289,150,42,97,14.5329,33.5640
1627,286,152,40,94,13.9860,32.8671
1628,286,156,41,89,14.3357,31.1189
1629,287,159,40,88,13.9373,30.6620
1630,289,162,41,86,14.1869,29.7578
1631,291,165,43,83,14.7766,28.5223
1632,291,166,44,81,15.1203,27.8351
1633,291,169,44,78,15.1203,26.8041
1634,293,171,46,76,15.6997,25.9386
1635,293,173,47,73,16.0410,24.9147
1636,290,176,42,72,14.4828,24.8276
1637,291,177,44,70,15.1203,24.0550
1638,292,174,48,70,16.4384,23.9726
1639,298,181,47,70,15.7718,23.4899
1640,300,186,48,66,16.0000,22.0000
1641,299,181,57,61,19.0635,20.4013
1642,303,182,60,61,19.8020,20.1320
1643,303,178,67,58,22.1122,19.1419
1644,301,173,69,59,22.9236,19.6013
1645,301,167,77,57,25.5814,18.9369
1646,301,163,78,60,25.9136,19.9336
1647,299,159,81,59,27.0903,19.7324
1648,300,152,89,59,29.6667,19.6667
1649,300,151,94,55,31.3333,18.3333
1650,298,148,96,54,32.2148,18.1208
1651,298,139,102,57,34.2282,19.1275
1652,300,135,108,57,36.0000,19.0000
1653,297,126,112,59,37.7104,19.8653
1654,300,127,116,57,38.6667,19.0000
1655,299,123,119,57,39.7993,19.0635
1656,298,117,125,56,41.9463,18.7919
1657,298,112,131,55,43.9597,18.4564
1658,298,109,131,58,43.9597,19.4631
1659,300,108,136,56,45.3333,18.6667
1660,300,102,142,56,47.3333,18.6667
1661,294,96,140,58,47.6190,19.7279
1662,293,93,142,58,48.4642,19.7952
1663,293,83,150,60,51.1945,20.4778
1664,291,79,146,66,50.1718,22.6804
1665,290,81,139,70,47.9310,24.1379
1666,285,79,135,71,47.3684,24.9123
1667,285,78,134,73,47.0175,25.6140
1668,279,75,131,73,46.9534,26.1649
1669,276,76,125,75,45.2899,27.1739
1670,277,78,124,75,44.7653,27.0758
1671,274,73,125,76,45.6204,27.7372
1672,267,72,117,78,43.8202,29.2135
1673,263,72,110,81,41.8251,30.7985
1674,261,71,108,82,41.3793,31.4176
1675,257,70,100,87,38.9105,33.8521
1676,256,67,100,89,39.0625,34.7656
1677,252,66,95,91,37.6984,36.1111
1678,251,67,90,94,35.8566,37.4502
1679,249,65,87,97,34.9398,38.9558
1680,245,64,82,99,33.4694,40.4082
1681,244,66,75,103,30.7377,42.2131
1682,242,65,71,106,29.3388,43.8017
1683,241,68,64,109,26.5560,45.2282
1684,237,67,59,111,24.8945,46.8354
1685,239,70,56,113,23.4310,47.2803
1686,241,71,56,114,23.2365,47.3029
1687,240,71,57,112,23.7500,46.6667
1688,241,74,55,112,22.8216,46.4730
1689,242,73,55,114,22.7273,47.1074
1690,242,73,53,116,21.9008,47.9339
1691,242,73,54,115,22.3140,47.5207
1692,241,74,49,118,20.3320,48.9627
1693,243,73,52,118,21.3992,48.5597
1694,243,75,50,118,20.5761,48.5597
1695,243,77,47,119,19.3416,48.9712
1696,244,78,48,118,19.6721,48.3607
1697,243,81,43,119,17.6955,48.9712
1698,245,87,40,118,16.3265,48.1633
1699,246,86,40,120,16.2602,48.7805
1700,248,89,38,121,15.3226,48.7903
1701,249,88,39,122,15.6627,48.9960
1702,249,87,39,123,15.6627,49.3976
1703,248,91,36,121,14.5161,48.7903
1704,249,89,40,120,16.0643,48.1928
1705,249,91,39,119,15.6627,47.7912
1706,251,95,39,117,15.5378,46.6135
1707,255,99,40,116,15.6863,45.4902
1708,256,102,38,116,14.8438,45.3125
1709,257,104,35,118,13.6187,45.9144
1710,257,108,35,114,13.6187,44.3580
1711,256,111,30,115,11.7188,44.9219
1712,256,114,26,116,10.1562,45.3125
1713,257,120,23,114,8.9494,44.3580
1714,259,124,22,113,8.4942,43.6293
1715,259,126,22,111,8.4942,42.8571
1716,259,132,21,106,8.1081,40.9266
1717,259,139,20,100,7.7220,38.6100
1718,262,141,22,99,8.3969,37.7863
1719,263,146,21,96,7.9848,36.5019
1720,264,147,21,96,7.9545,36.3636
1721,263,148,22,93,8.3650,35.3612
1722,263,149,22,92,8.3650,34.9810
1723,265,153,22,90,8.3019,33.9623
1724,264,155,21,88,7.9545,33.3333
1725,262,158,19,85,7.2519,32.4427
1726,266,163,19,84,7.1429,31.5789
1727,268,168,21,79,7.8358,29.4776
1728,269,172,19,78,7.0632,28.9963
1729,271,176,21,74,7.7491,27.3063
1730,272,177,24,71,8.8235,26.1029
1731,274,180,25,69,9.1241,25.1825
1732,277,185,25,67,9.0253,24.1877
1733,279,192,25,62,8.9606,22.2222
1734,281,193,29,59,10.3203,20.9964
1735,283,197,30,56,10.6007,19.7880
1736,283,199,30,54,10.6007,19.0813
1737,284,200,32,52,11.2676,18.3099
1738,286,196,38,52,13.2867,18.1818
1739,288,195,41,52,14.2361,18.0556
1740,289,194,44,51,15.2249,17.6471
1741,293,197,48,48,16.3823,16.3823
1742,297,202,49,46,16.4983,15.4882
1743,298,202,51,45,17.1141,15.1007
1744,301,205,54,42,17.9402,13.9535
1745,300,202,55,43,18.3333,14.3333
1746,300,198,59,43,19.6667,14.3333
1747,300,195,61,44,20.3333,14.6667
1748,297,193,60,44,20.2020,14.8148
1749,298,190,66,42,22.1477,14.0940
1750,298,187,68,43,22.8188,14.4295
1751,298,183,73,42,24.4966,14.0940
1752,302,186,74,42,24.5033,13.9073
1753,302,182,79,41,26.1589,13.5762
1754,300,178,82,40,27.3333,13.3333
1755,297,177,82,38,27.6094,12.7946
1756,298,172,89,37,29.8658,12.4161
1757,297,168,92,37,30.9764,12.4579
1758,300,165,98,37,32.6667,12.3333
1759,297,158,99,40,33.3333,13.4680
1760,297,158,97,42,32.6599,14.1414
1761,296,153,99,44,33.4459,14.8649
1762,298,149,104,45,34.8993,15.1007
1763,297,145,106,46,35.6902,15.4882
1764,300,148,107,45,35.6667,15.0000
1765,297,149,102,46,34.3434,15.4882
1766,296,141,109,46,36.8243,15.5405
1767,297,138,111,48,37.3737,16.1616
1768,298,135,115,48,38.5906,16.1074
1769,304,134,118,52,38.8158,17.1053
1770,302,124,123,55,40.7285,18.2119
1771,300,119,125,56,41.6667,18.6667
1772,294,115,122,57,41.4966,19.3878
1773,292,111,123,58,42.1233,19.8630
1774,292,109,123,60,42.1233,20.5479
1775,296,110,125,61,42.2297,20.6081
1776,294,105,124,65,42.1769,22.1088
1777,292,104,118,70,40.4110,23.9726
1778,293,100,123,70,41.9795,23.8908
1779,290,102,119,69,41.0345,23.7931
1780,286,98,119,69,41.6084,24.1259
1781,283,96,115,72,40.6360,25.4417
1782,280,88,116,76,41.4286,27.1429
1783,281,88,113,80,40.2135,28.4698
1784,282,86,111,85,39.3617,30.1418
1785,285,86,113,86,39.6491,30.1754
1786,285,76,120,89,42.1053,31.2281
1787,282,75,114,93,40.4255,32.9787
1788,281,74,111,96,39.5018,34.1637
1789,278,72,108,98,38.8489,35.2518
1790,275,72,99,104,36.0000,37.8182
1791,271,70,96,105,35.4244,38.7454
1792,268,72,89,107,33.2090,39.9254
1793,271,74,86,111,31.7343,40.9594
1794,269,75,82,112,30.4833,41.6357
1795,270,74,82,114,30.3704,42.2222
1796,268,77,77,114,28.7313,42.5373
1797,270,76,76,118,28.1481,43.7037
1798,271,77,74,120,27.3063,44.2804
1799,274,80,72,122,26.2774,44.5255
1800,272,81,65,126,23.8971,46.3235
1801,275,85,63,127,22.9091,46.1818
1802,275,87,63,125,22.9091,45.4545
1803,275,88,57,130,20.7273,47.2727
1804,280,96,55,129,19.6429,46.0714
1805,281,97,54,130,19.2171,46.2633
1806,281,98,45,138,16.0142,49.1103
1807,282,99,43,140,15.2482,49.6454
1808,281,99,41,141,14.5907,50.1779
1809,279,102,36,141,12.9032,50.5376
1810,280,101,38,141,13.5714,50.3571
1811,282,108,36,138,12.7660,48.9362
1812,284,112,36,136,12.6761,47.8873
1813,286,115,39,132,13.6364,46.1538
1814,287,117,39,131,13.5889,45.6446
1815,289,119,40,130,13.8408,44.9827
1816,290,121,40,129,13.7931,44.4828
1817,293,125,42,126,14.3345,43.0034
1818,291,124,40,127,13.7457,43.6426
1819,296,132,37,127,12.5000,42.9054
1820,300,135,38,127,12.6667,42.3333
1821,300,136,41,123,13.6667,41.0000
1822,299,136,42,121,14.0468,40.4682
1823,297,133,43,121,14.4781,40.7407
1824,298,136,43,119,14.4295,39.9329
1825,298,138,41,119,13.7584,39.9329
1826,299,141,42,116,14.0468,38.7960
1827,302,144,43,115,14.2384,38.0795
1828,301,145,46,110,15.2824,36.5449
1829,300,148,47,105,15.6667,35.0000
1830,299,141,53,105,17.7258,35.1171
1831,301,144,52,105,17.2757,34.8837
1832,300,142,53,105,17.6667,35.0000
1833,299,143,52,104,17.3913,34.7826
1834,303,149,54,100,17.8218,33.0033
1835,302,147,59,96,19.5364,31.7881
1836,301,143,64,94,21.2625,31.2292
1837,301,143,64,94,21.2625,31.2292
1838,299,139,67,93,22.4080,31.1037
1839,300,139,71,90,23.6667,30.0000
1840,299,139,74,86,24.7492,28.7625
1841,300,141,74,85,24.6667,28.3333
1842,298,145,74,79,24.8322,26.5101
1843,297,145,71,81,23.9057,27.2727
1844,298,149,71,78,23.8255,26.1745
1845,301,148,79,74,26.2458,24.5847
1846,300,147,80,73,26.6667,24.3333
1847,298,143,84,71,28.1879,23.8255
1848,300,144,82,74,27.3333,24.6667
1849,300,144,87,69,29.0000,23.0000
1850,297,139,90,68,30.3030,22.8956
1851,294,140,88,66,29.9320,22.4490
1852,295,142,91,62,30.8475,21.0169
1853,298,137,99,62,33.2215,20.8054
1854,297,136,99,62,33.3333,20.8754
1855,296,131,107,58,36.1486,19.5946
1856,291,128,100,63,34.3643,21.6495
1857,291,128,100,63,34.3643,21.6495
1858,291,134,98,59,33.6770,20.2749
1859,290,132,100,58,34.4828,20.0000
1860,288,131,95,62,32.9861,21.5278
1861,289,128,100,61,34.6021,21.1073
1862,290,124,103,63,35.5172,21.7241
1863,290,124,104,62,35.8621,21.3793
1864,292,123,105,64,35.9589,21.9178
1865,290,124,101,65,34.8276,22.4138
1866,289,120,101,68,34.9481,23.5294
1867,287,119,100,68,34.8432,23.6934
1868,288,119,100,69,34.7222,23.9583
1869,287,118,98,71,34.1463,24.7387
1870,288,117,98,73,34.0278,25.3472
1871,291,115,99,77,34.0206,26.4605
1872,292,112,103,77,35.2740,26.3699
1873,289,109,99,81,34.2561,28.0277
1874,287,106,98,83,34.1463,28.9199
1875,282,101,98,83,34.7518,29.4326
1876,280,98,93,89,33.2143,31.7857
1877,279,98,93,88,33.3333,31.5412
1878,278,96,93,89,33.4532,32.0144
1879,279,95,92,92,32.9749,32.9749
1880,278,94,88,96,31.6547,34.5324
1881,278,92,89,97,32.0144,34.8921
1882,275,94,81,100,29.4545,36.3636
1883,276,92,84,100,30.4348,36.2319
1884,275,91,83,101,30.1818,36.7273
1885,277,92,86,99,31.0469,35.7401
1886,277,89,86,102,31.0469,36.8231
1887,275,89,82,104,29.8182,37.8182
1888,276,89,84,103,30.4348,37.3188
1889,275,84,87,104,31.6364,37.8182
1890,277,84,87,106,31.4079,38.2671
1891,275,82,86,107,31.2727,38.9091
1892,271,78,81,112,29.8893,41.3284
1893,270,79,80,111,29.6296,41.1111
1894,271,85,74,112,27.3063,41.3284
1895,268,87,71,110,26.4925,41.0448
1896,265,85,68,112,25.6604,42.2642
1897,267,87,67,113,25.0936,42.3221
1898,266,85,68,113,25.5639,42.4812
1899,268,84,69,115,25.7463,42.9104
1900,268,85,71,112,26.4925,41.7910
1901,268,82,74,112,27.6119,41.7910
1902,269,81,74,114,27.5093,42.3792
1903,272,83,75,114,27.5735,41.9118
1904,272,81,74,117,27.2059,43.0147
1905,272,81,72,119,26.4706,43.7500
1906,274,84,70,120,25.5474,43.7956
1907,274,85,69,120,25.1825,43.7956
1908,275,91,68,116,24.7273,42.1818
1909,275,91,67,117,24.3636,42.5455
1910,272,95,62,115,22.7941,42.2794
1911,272,96,61,115,22.4265,42.2794
1912,271,103,57,111,21.0332,40.9594
1913,269,102,55,112,20.4461,41.6357
1914,270,104,56,110,20.7407,40.7407
1915,272,103,59,110,21.6912,40.4412
1916,273,106,58,109,21.2454,39.9267
1917,272,108,55,109,20.2206,40.0735
1918,273,111,56,106,20.5128,38.8278
1919,273,111,53,109,19.4139,39.9267
1920,276,110,59,107,21.3768,38.7681
1921,273,109,58,106,21.2454,38.8278
1922,276,113,56,107,20.2899,38.7681
1923,278,120,55,103,19.7842,37.0504
1924,278,119,54,105,19.4245,37.7698
1925,280,123,54,103,19.2857,36.7857
1926,282,125,54,103,19.1489,36.5248
1927,282,125,55,102,19.5035,36.1702
1928,283,124,62,97,21.9081,34.2756
1929,285,122,63,100,22.1053,35.0877
1930,286,123,63,100,22.0280,34.9650
1931,288,123,67,98,23.2639,34.0278
1932,289,126,67,96,23.1834,33.2180
1933,294,128,69,97,23.4694,32.9932
1934,294,130,71,93,24.1497,31.6327
1935,293,127,72,94,24.5734,32.0819
1936,294,125,76,93,25.8503,31.6327
1937,298,122,83,93,27.8523,31.2081
1938,298,124,82,92,27.5168,30.8725
1939,300,122,88,90,29.3333,30.0000
1940,296,122,82,92,27.7027,31.0811
1941,294,123,79,92,26.8707,31.2925
1942,292,124,80,88,27.3973,30.1370
1943,294,127,81,86,27.5510,29.2517
1944,295,130,83,82,28.1356,27.7966
1945,298,131,85,82,28.5235,27.5168
1946,297,128,88,81,29.6296,27.2727
1947,300,124,94,82,31.3333,27.3333
1948,300,120,98,82,32.6667,27.3333
1949,293,112,99,82,33.7884,27.9863
1950,290,104,105,81,36.2069,27.9310
1951,291,102,108,81,37.1134,27.8351
1952,295,102,111,82,37.6271,27.7966
1953,296,103,108,85,36.4865,28.7162
1954,295,102,109,84,36.9492,28.4746
1955,291,100,109,82,37.4570,28.1787
1956,291,101,108,82,37.1134,28.1787
1957,291,103,104,84,35.7388,28.8660
1958,292,99,107,86,36.6438,29.4521
1959,293,98,109,86,37.2014,29.3515
1960,294,100,105,89,35.7143,30.2721
1961,294,97,109,88,37.0748,29.9320
1962,293,96,107,90,36.5188,30.7167
1963,293,92,111,90,37.8840,30.7167
1964,290,88,111,91,38.2759,31.3793
1965,288,81,115,92,39.9306,31.9444
1966,289,81,113,95,39.1003,32.8720
1967,285,78,110,97,38.5965,34.0351
1968,282,79,105,98,37.2340,34.7518
1969,280,77,99,104,35.3571,37.1429
1970,274,75,93,106,33.9416,38.6861
1971,273,82,84,107,30.7692,39.1941
1972,270,80,78,112,28.8889,41.4815
1973,272,82,79,111,29.0441,40.8088
1974,272,85,80,107,29.4118,39.3382
1975,271,84,78,109,28.7823,40.2214
1976,270,86,76,108,28.1481,40.0000
1977,270,85,76,109,28.1481,40.3704
1978,270,87,75,108,27.7778,40.0000
1979,268,86,72,110,26.8657,41.0448
1980,268,88,70,110,26.1194,41.0448
1981,266,86,71,109,26.6917,40.9774
1982,268,88,70,110,26.1194,41.0448
1983,267,89,68,110,25.4682,41.1985
1984,267,93,63,111,23.5955,41.5730
1985,266,87,66,113,24.8120,42.4812
1986,261,84,60,117,22.9885,44.8276
1987,261,84,62,115,23.7548,44.0613
1988,261,86,60,115,22.9885,44.0613
1989,263,86,59,118,22.4335,44.8669
1990,261,87,58,116,22.2222,44.4444
1991,261,89,57,115,21.8391,44.0613
1992,261,93,56,112,21.4559,42.9119
1993,262,95,57,110,21.7557,41.9847
1994,262,96,54,112,20.6107,42.7481
1995,262,96,53,113,20.2290,43.1298
1996,260,95,52,113,20.0000,43.4615
1997,263,98,52,113,19.7719,42.9658
1998,262,97,50,115,19.0840,43.8931
1999,263,101,48,114,18.2510,43.3460
2000,262,103,47,112,17.9389,42.7481
2001,262,102,48,112,18.3206,42.7481
2002,263,100,46,117,17.4905,44.4867
2003,263,102,46,115,17.4905,43.7262
2004,264,103,48,113,18.1818,42.8030
2005,260,106,42,112,16.1538,43.0769
2006,260,104,41,115,15.7692,44.2308
2007,259,104,40,115,15.4440,44.4015
2008,262,109,40,113,15.2672,43.1298
2009,262,111,41,110,15.6489,41.9847
2010,261,115,40,106,15.3257,40.6130
2011,263,116,42,105,15.9696,39.9240
2012,266,120,46,100,17.2932,37.5940
2013,265,117,48,100,18.1132,37.7358
2014,263,119,48,96,18.2510,36.5019
2015,263,119,49,95,18.6312,36.1217
2016,266,122,51,93,19.1729,34.9624
2017,268,123,52,93,19.4030,34.7015
2018,268,124,53,91,19.7761,33.9552
2019,272,129,52,91,19.1176,33.4559
2020,273,132,52,89,19.0476,32.6007
2021,276,142,51,83,18.4783,30.0725
2022,277,141,54,82,19.4946,29.6029
2023,277,143,54,80,19.4946,28.8809
2024,278,145,58,75,20.8633,26.9784
2025,277,135,66,76,23.8267,27.4368
2026,279,133,67,79,24.0143,28.3154
2027,282,135,70,77,24.8227,27.3050
2028,286,135,76,75,26.5734,26.2238
2029,284,136,74,74,26.0563,26.0563
2030,286,138,76,72,26.5734,25.1748
2031,287,138,77,72,26.8293,25.0871
2032,291,143,73,75,25.0859,25.7732
2033,296,144,76,76,25.6757,25.6757
2034,296,141,79,76,26.6892,25.6757
2035,298,142,80,76,26.8456,25.5034
2036,297,141,83,73,27.9461,24.5791
2037,298,142,83,73,27.8523,24.4966
2038,301,147,84,70,27.9070,23.2558
2039,301,145,83,73,27.5748,24.2525
2040,301,141,88,72,29.2359,23.9203
2041,300,139,92,69,30.6667,23.0000
2042,300,133,94,73,31.3333,24.3333
2043,300,126,99,75,33.0000,25.0000
2044,299,121,99,79,33.1104,26.4214
2045,298,118,98,82,32.8859,27.5168
2046,291,118,91,82,31.2715,28.1787
2047,288,115,91,82,31.5972,28.4722
2048,288,115,89,84,30.9028,29.1667
2049,288,114,87,87,30.2083,30.2083
2050,288,109,94,85,32.6389,29.5139
2051,290,108,96,86,33.1034,29.6552
2052,293,108,100,85,34.1297,29.0102
2053,294,108,99,87,33.6735,29.5918
2054,294,109,98,87,33.3333,29.5918
2055,293,105,99,89,33.7884,30.3754
2056,294,101,102,91,34.6939,30.9524
2057,294,102,99,93,33.6735,31.6327
2058,294,106,98,90,33.3333,30.6122
2059,295,101,103,91,34.9153,30.8475
2060,297,100,106,91,35.6902,30.6397
2061,294,98,105,91,35.7143,30.9524
2062,294,97,103,94,35.0340,31.9728
2063,291,97,95,99,32.6460,34.0206
2064,291,96,94,101,32.3024,34.7079
2065,289,97,88,104,30.4498,35.9862
2066,287,94,87,106,30.3136,36.9338
2067,287,95,86,106,29.9652,36.9338
2068,288,90,89,109,30.9028,37.8472
2069,284,89,86,109,30.2817,38.3803
2070,285,89,87,109,30.5263,38.2456
2071,282,93,80,109,28.3688,38.6525
2072,282,95,76,111,26.9504,39.3617
2073,282,95,76,111,26.9504,39.3617
2074,279,93,75,111,26.8817,39.7849
2075,278,97,70,111,25.1799,39.9281
2076,280,99,67,114,23.9286,40.7143
2077,278,100,63,115,22.6619,41.3669
2078,276,102,61,113,22.1014,40.9420
2079,274,102,59,113,21.5328,41.2409
2080,278,103,59,116,21.2230,41.7266
2081,276,105,55,116,19.9275,42.0290
2082,282,110,51,121,18.0851,42.9078
2083,284,110,55,119,19.3662,41.9014
2084,284,111,57,116,20.0704,40.8451
2085,286,116,56,114,19.5804,39.8601
2086,285,114,57,114,20.0000,40.0000
2087,287,113,59,115,20.5575,40.0697
2088,286,111,58,117,20.2797,40.9091
2089,289,121,51,117,17.6471,40.4844
2090,293,124,51,118,17.4061,40.2730
2091,293,127,49,117,16.7235,39.9317
2092,294,127,50,117,17.0068,39.7959
2093,293,125,50,118,17.0648,40.2730
2094,295,128,53,114,17.9661,38.6441
2095,296,132,51,113,17.2297,38.1757
2096,298,139,49,110,16.4430,36.9128
2097,299,139,53,107,17.7258,35.7860
2098,301,141,53,107,17.6080,35.5482
2099,301,141,50,110,16.6113,36.5449
2100,301,141,51,109,16.9435,36.2126
2101,299,138,55,106,18.3946,35.4515
2102,298,139,54,105,18.1208,35.2349
2103,298,139,55,104,18.4564,34.8993
2104,299,137,56,106,18.7291,35.4515
2105,299,139,54,106,18.0602,35.4515
2106,299,138,60,101,20.0669,33.7793
2107,296,142,55,99,18.5811,33.4459
2108,301,146,56,99,18.6047,32.8904
2109,300,149,56,95,18.6667,31.6667
2110,299,149,56,94,18.7291,31.4381
2111,300,147,60,93,20.0000,31.0000
2112,297,145,60,92,20.2020,30.9764
2113,297,147,60,90,20.2020,30.3030
2114,296,149,59,88,19.9324,29.7297
2115,298,158,57,83,19.1275,27.8523
2116,298,157,60,81,20.1342,27.1812
2117,298,157,63,78,21.1409,26.1745
2118,301,154,70,77,23.2558,25.5814
2119,300,150,72,78,24.0000,26.0000
2120,298,149,74,75,24.8322,25.1678
2121,299,153,70,76,23.4114,25.4181
2122,302,155,71,76,23.5099,25.1656
2123,300,154,72,74,24.0000,24.6667
2124,298,153,71,74,23.8255,24.8322
2125,298,153,71,74,23.8255,24.8322
2126,299,150,75,74,25.0836,24.7492
2127,297,150,74,73,24.9158,24.5791
2128,294,148,76,70,25.8503,23.8095
2129,294,148,78,68,26.5306,23.1293
2130,294,149,77,68,26.1905,23.1293
2131,294,148,77,69,26.1905,23.4694
2132,296,147,81,68,27.3649,22.9730
2133,294,141,87,66,29.5918,22.4490
2134,296,142,91,63,30.7432,21.2838
2135,299,132,101,66,33.7793,22.0736
2136,300,133,100,67,33.3333,22.3333
2137,299,133,98,68,32.7759,22.7425
2138,296,129,98,69,33.1081,23.3108
2139,296,131,95,70,32.0946,23.6486
2140,297,133,95,69,31.9865,23.2323
2141,296,132,99,65,33.4459,21.9595
2142,297,134,98,65,32.9966,21.8855
2143,300,135,101,64,33.6667,21.3333
2144,298,128,105,65,35.2349,21.8121
2145,299,129,104,66,34.7826,22.0736
2146,300,129,101,70,33.6667,23.3333
2147,297,125,100,72,33.6700,24.2424
2148,295,123,99,73,33.5593,24.7458
2149,296,122,101,73,34.1216,24.6622
2150,295,122,101,72,34.2373,24.4068
2151,295,122,104,69,35.2542,23.3898
2152,295,112,115,68,38.9831,23.0508
2153,293,108,111,74,37.8840,25.2560
2154,289,106,107,76,37.0242,26.2976
2155,285,104,105,76,36.8421,26.6667
2156,282,105,99,78,35.1064,27.6596
2157,284,109,99,76,34.8592,26.7606
2158,283,107,97,79,34.2756,27.9152
2159,279,102,96,81,34.4086,29.0323
2160,281,101,100,80,35.5872,28.4698
2161,279,100,97,82,34.7670,29.3907
2162,277,99,95,83,34.2960,29.9639
2163,278,97,94,87,33.8129,31.2950
2164,277,91,96,90,34.6570,32.4910
2165,276,90,92,94,33.3333,34.0580
2166,281,91,96,94,34.1637,33.4520
2167,280,90,95,95,33.9286,33.9286
2168,279,86,96,97,34.4086,34.7670
2169,276,84,94,98,34.0580,35.5072
2170,276,85,93,98,33.6957,35.5072
2171,273,85,90,98,32.9670,35.8974
2172,270,84,85,101,31.4815,37.4074
2173,268,87,79,102,29.4776,38.0597
2174,264,86,75,103,28.4091,39.0152
2175,263,83,76,104,28.8973,39.5437
2176,260,87,72,101,27.6923,38.8462
2177,262,88,72,102,27.4809,38.9313
2178,264,89,73,102,27.6515,38.6364
2179,261,93,67,101,25.6705,38.6973
2180,262,90,68,104,25.9542,39.6947
2181,262,89,65,108,24.8092,41.2214
2182,265,92,64,109,24.1509,41.1321
2183,264,93,64,107,24.2424,40.5303
2184,262,95,58,109,22.1374,41.6031
2185,262,96,56,110,21.3740,41.9847
2186,264,98,56,110,21.2121,41.6667
2187,265,101,54,110,20.3774,41.5094
2188,263,102,52,109,19.7719,41.4449
2189,262,98,54,110,20.6107,41.9847
2190,262,102,52,108,19.8473,41.2214
2191,262,104,52,106,19.8473,40.4580
2192,266,108,53,105,19.9248,39.4737
2193,267,109,50,108,18.7266,40.4494
2194,268,113,48,107,17.9104,39.9254
2195,265,111,44,110,16.6038,41.5094
2196,266,110,47,109,17.6692,40.9774
2197,266,112,46,108,17.2932,40.6015
2198,267,117,43,107,16.1049,40.0749
2199,271,124,43,104,15.8672,38.3764
2200,273,126,45,102,16.4835,37.3626
2201,274,127,42,105,15.3285,38.3212
2202,277,128,45,104,16.2455,37.5451
2203,277,128,46,103,16.6065,37.1841
2204,282,133,46,103,16.3121,36.5248
2205,282,140,46,96,16.3121,34.0426
2206,283,139,48,96,16.9611,33.9223
2207,282,134,52,96,18.4397,34.0426
2208,284,136,56,92,19.7183,32.3944
2209,283,138,53,92,18.7279,32.5088
2210,284,138,55,91,19.3662,32.0423
2211,285,140,55,90,19.2982,31.5789
2212,287,142,55,90,19.1638,31.3589
2213,286,139,59,88,20.6294,30.7692
2214,285,139,60,86,21.0526,30.1754
2215,286,139,65,82,22.7273,28.6713
2216,287,140,66,81,22.9965,28.2230
2217,288,141,67,80,23.2639,27.7778
2218,288,141,68,79,23.6111,27.4306
2219,290,141,72,77,24.8276,26.5517
2220,292,137,80,75,27.3973,25.6849
2221,290,135,81,74,27.9310,25.5172
2222,295,140,81,74,27.4576,25.0847
2223,297,136,86,75,28.9562,25.2525
2224,298,133,93,72,31.2081,24.1611
2225,301,136,97,68,32.2259,22.5914
2226,300,130,103,67,34.3333,22.3333
2227,294,125,102,67,34.6939,22.7891
2228,293,116,108,69,36.8601,23.5495
2229,294,119,105,70,35.7143,23.8095
2230,294,116,108,70,36.7347,23.8095
2231,298,116,110,72,36.9128,24.1611
2232,300,117,112,71,37.3333,23.6667
2233,298,115,114,69,38.2550,23.1544
2234,297,110,118,69,39.7306,23.2323
2235,297,109,116,72,39.0572,24.2424
2236,297,107,120,70,40.4040,23.5690
2237,298,103,122,73,40.9396,24.4966
2238,300,102,126,72,42.0000,24.0000
2239,296,102,123,71,41.5541,23.9865
2240,293,99,123,71,41.9795,24.2321
2241,289,97,121,71,41.8685,24.5675
2242,291,96,121,74,41.5808,25.4296
2243,293,96,122,75,41.6382,25.5973
2244,291,94,117,80,40.2062,27.4914
2245,289,93,115,81,39.7924,28.0277
2246,285,90,112,83,39.2982,29.1228
2247,286,91,111,84,38.8112,29.3706
2248,283,88,107,88,37.8092,31.0954
2249,283,83,111,89,39.2226,31.4488
2250,282,83,112,87,39.7163,30.8511
2251,282,77,114,91,40.4255,32.2695
2252,286,79,114,93,39.8601,32.5175
2253,285,77,115,93,40.3509,32.6316
2254,284,77,107,100,37.6761,35.2113
2255,285,76,105,104,36.8421,36.4912
2256,287,78,102,107,35.5401,37.2822
2257,285,77,97,111,34.0351,38.9474
2258,283,73,98,112,34.6290,39.5760
2259,279,68,97,114,34.7670,40.8602
2260,280,65,100,115,35.7143,41.0714
2261,282,69,96,117,34.0426,41.4894
2262,279,68,94,117,33.6918,41.9355
2263,280,69,92,119,32.8571,42.5000
2264,279,69,92,118,32.9749,42.2939
2265,275,67,89,119,32.3636,43.2727
2266,274,66,85,123,31.0219,44.8905
2267,274,67,79,128,28.8321,46.7153
2268,275,72,75,128,27.2727,46.5455
2269,276,77,72,127,26.0870,46.0145
2270,276,76,70,130,25.3623,47.1014
2271,275,75,67,133,24.3636,48.3636
2272,274,77,61,136,22.2628,49.6350
2273,274,78,58,138,21.1679,50.3650
2274,273,77,57,139,20.8791,50.9158
2275,274,79,57,138,20.8029,50.3650
2276,276,80,56,140,20.2899,50.7246
2277,275,80,54,141,19.6364,51.2727
2278,277,81,56,140,20.2166,50.5415
2279,272,83,48,141,17.6471,51.8382
2280,273,86,45,142,16.4835,52.0147
2281,275,91,43,141,15.6364,51.2727
2282,277,92,43,142,15.5235,51.2635
2283,280,97,43,140,15.3571,50.0000
2284,280,97,43,140,15.3571,50.0000
2285,278,98,41,139,14.7482,50.0000
2286,282,103,40,139,14.1844,49.2908
2287,285,107,41,137,14.3860,48.0702
2288,285,106,43,136,15.0877,47.7193
2289,286,110,44,132,15.3846,46.1538
2290,289,114,41,134,14.1869,46.3668
2291,290,114,42,134,14.4828,46.2069
2292,294,117,42,135,14.2857,45.9184
2293,301,123,45,133,14.9502,44.1860
2294,300,126,45,129,15.0000,43.0000
2295,300,124,47,129,15.6667,43.0000
2296,299,127,47,125,15.7191,41.8060
2297,302,128,51,123,16.8874,40.7285
2298,299,124,55,120,18.3946,40.1338
2299,298,128,55,115,18.4564,38.5906
2300,300,130,59,111,19.6667,37.0000
2301,299,128,60,111,20.0669,37.1237
2302,299,129,59,111,19.7324,37.1237
2303,300,132,61,107,20.3333,35.6667
2304,300,130,65,105,21.6667,35.0000
2305,297,129,66,102,22.2222,34.3434
2306,297,135,66,96,22.2222,32.3232
2307,298,138,68,92,22.8188,30.8725
2308,299,142,66,91,22.0736,30.4348
2309,302,144,69,89,22.8477,29.4702
2310,301,144,70,87,23.2558,28.9037
2311,298,141,72,85,24.1611,28.5235
2312,299,139,76,84,25.4181,28.0936
2313,297,136,80,81,26.9360,27.2727
2314,298,135,82,81,27.5168,27.1812
2315,299,131,88,80,29.4314,26.7559
2316,299,128,90,81,30.1003,27.0903
2317,299,127,88,84,29.4314,28.0936
2318,296,126,86,84,29.0541,28.3784
2319,297,126,92,79,30.9764,26.5993
2320,297,124,94,79,31.6498,26.5993
2321,297,121,96,80,32.3232,26.9360
2322,297,118,99,80,33.3333,26.9360
2323,295,118,100,77,33.8983,26.1017
2324,297,115,104,78,35.0168,26.2626
2325,298,120,102,76,34.2282,25.5034
2326,299,121,103,75,34.4482,25.0836
2327,301,119,108,74,35.8804,24.5847
2328,300,112,115,73,38.3333,24.3333
2329,297,108,114,75,38.3838,25.2525
2330,296,103,116,77,39.1892,26.0135
2331,298,105,117,76,39.2617,25.5034
2332,297,106,117,74,39.3939,24.9158
2333,296,110,111,75,37.5000,25.3378
2334,292,107,110,75,37.6712,25.6849
2335,294,107,109,78,37.0748,26.5306
2336,293,106,105,82,35.8362,27.9863
2337,293,99,111,83,37.8840,28.3276
2338,295,99,113,83,38.3051,28.1356
2339,294,100,110,84,37.4150,28.5714
2340,293,96,109,88,37.2014,30.0341
2341,294,87,112,95,38.0952,32.3129
2342,291,83,115,93,39.5189,31.9588
2343,290,83,111,96,38.2759,33.1034
2344,288,84,106,98,36.8056,34.0278
2345,290,87,103,100,35.5172,34.4828
2346,289,86,101,102,34.9481,35.2941
2347,286,88,94,104,32.8671,36.3636
2348,287,90,92,105,32.0557,36.5854
2349,285,88,91,106,31.9298,37.1930
2350,282,86,88,108,31.2057,38.2979
2351,281,84,86,111,30.6050,39.5018
2352,281,82,85,114,30.2491,40.5694
2353,280,84,84,112,30.0000,40.0000
2354,280,85,83,112,29.6429,40.0000
2355,276,81,81,114,29.3478,41.3043
2356,274,79,79,116,28.8321,42.3358
2357,271,79,72,120,26.5683,44.2804
2358,266,75,70,121,26.3158,45.4887
2359,268,73,72,123,26.8657,45.8955
2360,267,74,72,121,26.9663,45.3184
2361,262,76,65,121,24.8092,46.1832
2362,259,77,57,125,22.0077,48.2625
2363,259,79,52,128,20.0772,49.4208
2364,261,82,51,128,19.5402,49.0421
2365,264,83,53,128,20.0758,48.4848
2366,265,86,52,127,19.6226,47.9245
2367,270,92,52,126,19.2593,46.6667
2368,273,92,56,125,20.5128,45.7875
2369,271,95,53,123,19.5572,45.3875
2370,273,99,51,123,18.6813,45.0549
2371,273,97,50,126,18.3150,46.1538
2372,276,100,51,125,18.4783,45.2899
2373,275,101,51,123,18.5455,44.7273
2374,274,101,53,120,19.3431,43.7956
2375,274,103,51,120,18.6131,43.7956
2376,275,106,50,119,18.1818,43.2727
2377,277,108,51,118,18.4116,42.5993
2378,278,108,47,123,16.9065,44.2446
2379,278,106,48,124,17.2662,44.6043
2380,278,109,44,125,15.8273,44.9640
2381,279,113,43,123,15.4122,44.0860
2382,279,114,45,120,16.1290,43.0108
2383,284,119,46,119,16.1972,41.9014
2384,285,119,47,119,16.4912,41.7544
2385,287,123,46,118,16.0279,41.1150
2386,287,121,50,116,17.4216,40.4181
2387,287,125,50,112,17.4216,39.0244
2388,289,133,49,107,16.9550,37.0242
2389,289,136,44,109,15.2249,37.7163
2390,290,137,45,108,15.5172,37.2414
2391,292,144,43,105,14.7260,35.9589
2392,291,143,48,100,16.4948,34.3643
2393,289,145,50,94,17.3010,32.5260
2394,287,140,53,94,18.4669,32.7526
2395,290,142,57,91,19.6552,31.3793
2396,290,144,59,87,20.3448,30.0000
2397,289,147,57,85,19.7232,29.4118
2398,291,150,55,86,18.9003,29.5533
2399,294,156,55,83,18.7075,28.2313
2400,292,156,54,82,18.4932,28.0822
2401,297,160,57,80,19.1919,26.9360
2402,297,156,63,78,21.2121,26.2626
2403,295,156,62,77,21.0169,26.1017
2404,296,151,70,75,23.6486,25.3378
2405,296,145,75,76,25.3378,25.6757
2406,297,143,78,76,26.2626,25.5892
2407,300,144,80,76,26.6667,25.3333
2408,299,137,89,73,29.7659,24.4147
2409,301,140,92,69,30.5648,22.9236
2410,301,137,96,68,31.8937,22.5914
2411,299,132,99,68,33.1104,22.7425
2412,297,126,103,68,34.6801,22.8956
2413,294,123,103,68,35.0340,23.1293
2414,294,128,102,64,34.6939,21.7687
2415,290,128,100,62,34.4828,21.3793
2416,292,125,102,65,34.9315,22.2603
2417,290,119,105,66,36.2069,22.7586
2418,293,115,112,66,38.2253,22.5256
2419,295,110,119,66,40.3390,22.3729
2420,299,109,124,66,41.4716,22.0736
2421,301,107,128,66,42.5249,21.9269
2422,299,99,134,66,44.8161,22.0736
2423,297,101,132,64,44.4444,21.5488
2424,298,101,130,67,43.6242,22.4832
2425,294,93,131,70,44.5578,23.8095
2426,294,86,136,72,46.2585,24.4898
2427,293,83,134,76,45.7338,25.9386
2428,290,85,131,74,45.1724,25.5172
2429,289,81,128,80,44.2907,27.6817
2430,286,80,131,75,45.8042,26.2238
2431,283,75,134,74,47.3498,26.1484
2432,279,74,131,74,46.9534,26.5233
2433,277,71,129,77,46.5704,27.7978
2434,276,68,126,82,45.6522,29.7101
2435,277,67,126,84,45.4874,30.3249
2436,275,67,124,84,45.0909,30.5455
2437,275,67,121,87,44.0000,31.6364
2438,274,68,116,90,42.3358,32.8467
2439,269,67,109,93,40.5204,34.5725
2440,266,63,108,95,40.6015,35.7143
2441,265,59,112,94,42.2642,35.4717
2442,259,58,103,98,39.7683,37.8378
2443,257,57,101,99,39.2996,38.5214
2444,253,54,98,101,38.7352,39.9209
2445,252,56,94,102,37.3016,40.4762
2446,249,56,82,111,32.9317,44.5783
2447,251,58,79,114,31.4741,45.4183
2448,249,58,75,116,30.1205,46.5863
2449,250,60,72,118,28.8000,47.2000
2450,249,62,69,118,27.7108,47.3896
2451,248,62,66,120,26.6129,48.3871
2452,246,64,59,123,23.9837,50.0000
2453,246,67,56,123,22.7642,50.0000
2454,245,67,53,125,21.6327,51.0204
2455,245,67,54,124,22.0408,50.6122
2456,246,72,48,126,19.5122,51.2195
2457,248,73,49,126,19.7581,50.8065
2458,248,73,49,126,19.7581,50.8065
2459,249,76,47,126,18.8755,50.6024
2460,251,77,46,128,18.3267,50.9960
2461,249,79,38,132,15.2610,53.0120
2462,253,83,35,135,13.8340,53.3597
2463,251,85,32,134,12.7490,53.3865
2464,251,87,30,134,11.9522,53.3865
2465,254,93,29,132,11.4173,51.9685
2466,256,93,31,132,12.1094,51.5625
2467,256,96,30,130,11.7188,50.7812
2468,258,100,31,127,12.0155,49.2248
2469,260,103,29,128,11.1538,49.2308
2470,261,103,29,129,11.1111,49.4253
2471,267,110,28,129,10.4869,48.3146
2472,267,111,26,130,9.7378,48.6891
2473,268,113,27,128,10.0746,47.7612
2474,269,118,27,124,10.0372,46.0967
2475,269,118,27,124,10.0372,46.0967
2476,270,121,27,122,10.0000,45.1852
2477,269,124,27,118,10.0372,43.8662
2478,267,124,27,116,10.1124,43.4457
2479,268,128,28,112,10.4478,41.7910
2480,268,128,29,111,10.8209,41.4179
2481,269,132,31,106,11.5242,39.4052
2482,268,134,29,105,10.8209,39.1791
2483,272,135,31,106,11.3971,38.9706
2484,273,136,33,104,12.0879,38.0952
2485,274,139,34,101,12.4088,36.8613
2486,277,147,34,96,12.2744,34.6570
2487,280,150,35,95,12.5000,33.9286
2488,283,149,39,95,13.7809,33.5689
2489,284,154,40,90,14.0845,31.6901
2490,288,160,41,87,14.2361,30.2083
2491,290,163,41,86,14.1379,29.6552
2492,291,166,41,84,14.0893,28.8660
2493,293,169,43,81,14.6758,27.6451
2494,298,172,50,76,16.7785,25.5034
2495,297,168,54,75,18.1818,25.2525
2496,297,166,56,75,18.8552,25.2525
2497,299,165,61,73,20.4013,24.4147
2498,298,175,59,64,19.7987,21.4765
2499,297,174,64,59,21.5488,19.8653
2500,297,169,71,57,23.9057,19.1919
2501,297,168,74,55,24.9158,18.5185
2502,299,164,80,55,26.7559,18.3946
2503,299,159,86,54,28.7625,18.0602
2504,300,160,89,51,29.6667,17.0000
2505,299,149,100,50,33.4448,16.7224
2506,300,144,107,49,35.6667,16.3333
2507,299,142,109,48,36.4548,16.0535
2508,297,136,115,46,38.7205,15.4882
2509,296,132,118,46,39.8649,15.5405
2510,297,133,118,46,39.7306,15.4882
2511,298,125,129,44,43.2886,14.7651
2512,297,125,129,43,43.4343,14.4781
2513,300,125,136,39,45.3333,13.0000
2514,297,119,141,37,47.4747,12.4579
2515,295,113,142,40,48.1356,13.5593
2516,292,108,144,40,49.3151,13.6986
2517,290,99,149,42,51.3793,14.4828
2518,291,99,148,44,50.8591,15.1203
2519,290,88,156,46,53.7931,15.8621
2520,288,85,155,48,53.8194,16.6667
2521,286,79,157,50,54.8951,17.4825
2522,285,75,156,54,54.7368,18.9474
2523,281,68,155,58,55.1601,20.6406
2524,278,66,152,60,54.6763,21.5827
2525,274,67,145,62,52.9197,22.6277
2526,270,63,138,69,51.1111,25.5556
2527,269,60,137,72,50.9294,26.7658
2528,266,59,135,72,50.7519,27.0677
2529,261,57,129,75,49.4253,28.7356
2530,261,58,124,79,47.5096,30.2682
2531,258,57,120,81,46.5116,31.3953
2532,255,57,115,83,45.0980,32.5490
2533,255,58,110,87,43.1373,34.1176
2534,251,55,106,90,42.2311,35.8566
2535,245,50,103,92,42.0408,37.5510
2536,241,48,100,93,41.4938,38.5892
2537,238,46,96,96,40.3361,40.3361
2538,235,45,88,102,37.4468,43.4043
2539,232,48,78,106,33.6207,45.6897
2540,232,49,74,109,31.8966,46.9828
2541,231,49,70,112,30.3030,48.4848
2542,230,49,61,120,26.5217,52.1739
2543,230,53,58,119,25.2174,51.7391
2544,228,55,53,120,23.2456,52.6316
2545,229,55,52,122,22.7074,53.2751
2546,229,54,53,122,23.1441,53.2751
2547,229,52,50,127,21.8341,55.4585
2548,228,52,48,128,21.0526,56.1404
2549,228,52,48,128,21.0526,56.1404
2550,227,53,46,128,20.2643,56.3877
2551,228,54,46,128,20.1754,56.1404
2552,229,57,43,129,18.7773,56.3319
2553,228,53,47,128,20.6140,56.1404
2554,227,57,44,126,19.3833,55.5066
2555,228,58,43,127,18.8596,55.7018
2556,228,59,38,131,16.6667,57.4561
2557,228,61,35,132,15.3509,57.8947
2558,231,66,34,131,14.7186,56.7100
2559,234,69,33,132,14.1026,56.4103
2560,234,70,31,133,13.2479,56.8376
2561,235,73,29,133,12.3404,56.5957
2562,235,73,30,132,12.7660,56.1702
2563,234,73,28,133,11.9658,56.8376
2564,234,75,27,132,11.5385,56.4103
2565,237,78,26,133,10.9705,56.1181
2566,240,83,23,134,9.5833,55.8333
2567,242,88,24,130,9.9174,53.7190
2568,247,95,20,132,8.0972,53.4413
2569,248,100,18,130,7.2581,52.4194
2570,249,105,17,127,6.8273,51.0040
2571,252,106,21,125,8.3333,49.6032
2572,251,107,21,123,8.3665,49.0040
2573,253,112,20,121,7.9051,47.8261
2574,254,119,19,116,7.4803,45.6693
2575,256,127,17,112,6.6406,43.7500
2576,259,132,16,111,6.1776,42.8571
2577,262,137,15,110,5.7252,41.9847
2578,263,145,15,103,5.7034,39.1635
2579,264,150,15,99,5.6818,37.5000
2580,266,153,16,97,6.0150,36.4662
2581,267,155,18,94,6.7416,35.2060
2582,268,161,16,91,5.9701,33.9552
2583,273,166,18,89,6.5934,32.6007
2584,276,167,22,87,7.9710,31.5217
2585,277,172,23,82,8.3032,29.6029
2586,279,173,27,79,9.6774,28.3154
2587,279,174,29,76,10.3943,27.2401
2588,283,176,32,75,11.3074,26.5018
2589,285,177,36,72,12.6316,25.2632
2590,287,183,38,66,13.2404,22.9965
2591,292,190,41,61,14.0411,20.8904
2592,296,196,40,60,13.5135,20.2703
2593,297,199,41,57,13.8047,19.1919
2594,300,208,41,51,13.6667,17.0000
2595,300,207,43,50,14.3333,16.6667
2596,300,204,46,50,15.3333,16.6667
2597,300,201,51,48,17.0000,16.0000
2598,300,198,54,48,18.0000,16.0000
2599,299,200,56,43,18.7291,14.3813
2600,301,199,61,41,20.2658,13.6213
2601,300,194,65,41,21.6667,13.6667
2602,299,193,66,40,22.0736,13.3779
2603,301,189,72,40,23.9203,13.2890
2604,298,185,73,40,24.4966,13.4228
2605,296,177,78,41,26.3514,13.8514
2606,298,177,80,41,26.8456,13.7584
2607,299,174,87,38,29.0970,12.7090
2608,299,173,90,36,30.1003,12.0401
2609,302,170,96,36,31.7881,11.9205
2610,300,163,98,39,32.6667,13.0000
2611,297,159,100,38,33.6700,12.7946
2612,296,152,107,37,36.1486,12.5000
2613,295,148,110,37,37.2881,12.5424
2614,294,147,109,38,37.0748,12.9252
2615,294,147,109,38,37.0748,12.9252
2616,293,138,114,41,38.9078,13.9932
2617,290,136,113,41,38.9655,14.1379
2618,290,134,116,40,40.0000,13.7931
2619,293,128,123,42,41.9795,14.3345
2620,292,128,124,40,42.4658,13.6986
2621,291,126,123,42,42.2680,14.4330
2622,290,123,123,44,42.4138,15.1724
2623,289,109,132,48,45.6747,16.6090
2624,288,103,135,50,46.8750,17.3611
2625,283,99,135,49,47.7032,17.3145
2626,279,96,132,51,47.3118,18.2796
2627,277,98,126,53,45.4874,19.1336
2628,277,93,130,54,46.9314,19.4946
2629,276,91,125,60,45.2899,21.7391
2630,270,89,119,62,44.0741,22.9630
2631,269,88,113,68,42.0074,25.2788
2632,267,84,112,71,41.9476,26.5918
2633,264,81,108,75,40.9091,28.4091
2634,263,76,112,75,42.5856,28.5171
2635,261,73,113,75,43.2950,28.7356
2636,261,68,115,78,44.0613,29.8851
2637,257,67,109,81,42.4125,31.5175
2638,258,63,113,82,43.7984,31.7829
2639,257,62,108,87,42.0233,33.8521
2640,257,61,102,94,39.6887,36.5759
2641,255,62,96,97,37.6471,38.0392
2642,255,59,96,100,37.6471,39.2157
2643,251,55,93,103,37.0518,41.0359
2644,245,55,86,104,35.1020,42.4490
2645,243,53,84,106,34.5679,43.6214
2646,241,51,81,109,33.6100,45.2282
2647,239,51,78,110,32.6360,46.0251
2648,238,53,77,108,32.3529,45.3782
2649,237,53,68,116,28.6920,48.9451
2650,238,54,66,118,27.7311,49.5798
2651,240,57,62,121,25.8333,50.4167
2652,238,58,60,120,25.2101,50.4202
2653,236,57,57,122,24.1525,51.6949
2654,239,56,58,125,24.2678,52.3013
2655,239,57,53,129,22.1757,53.9749
2656,239,59,50,130,20.9205,54.3933
2657,238,60,46,132,19.3277,55.4622
2658,239,62,43,134,17.9916,56.0669
2659,239,63,41,135,17.1548,56.4854
2660,242,68,41,133,16.9421,54.9587
2661,246,72,41,133,16.6667,54.0650
2662,246,76,38,132,15.4472,53.6585
2663,247,76,35,136,14.1700,55.0607
2664,248,79,31,138,12.5000,55.6452
2665,245,78,29,138,11.8367,56.3265
2666,242,79,25,138,10.3306,57.0248
2667,244,82,24,138,9.8361,56.5574
2668,245,85,25,135,10.2041,55.1020
2669,249,87,27,135,10.8434,54.2169
2670,250,88,29,133,11.6000,53.2000
2671,252,90,31,131,12.3016,51.9841
2672,251,91,30,130,11.9522,51.7928
2673,251,93,30,128,11.9522,50.9960
2674,254,100,27,127,10.6299,50.0000
2675,256,108,24,124,9.3750,48.4375
2676,258,112,23,123,8.9147,47.6744
2677,260,115,23,122,8.8462,46.9231
2678,260,118,21,121,8.0769,46.5385
2679,259,121,20,118,7.7220,45.5598
2680,263,128,19,116,7.2243,44.1065
2681,262,135,18,109,6.8702,41.6031
2682,268,139,22,107,8.2090,39.9254
2683,272,148,23,101,8.4559,37.1324
2684,273,152,22,99,8.0586,36.2637
2685,277,160,21,96,7.5812,34.6570
2686,278,163,20,95,7.1942,34.1727
2687,280,164,21,95,7.5000,33.9286
2688,283,170,21,92,7.4205,32.5088
2689,287,178,19,90,6.6202,31.3589
2690,287,179,17,91,5.9233,31.7073
2691,290,185,19,86,6.5517,29.6552
2692,292,191,20,81,6.8493,27.7397
2693,298,201,20,77,6.7114,25.8389
2694,298,205,19,74,6.3758,24.8322
2695,300,205,24,71,8.0000,23.6667
2696,300,207,26,67,8.6667,22.3333
2697,300,207,28,65,9.3333,21.6667
2698,300,208,30,62,10.0000,20.6667
2699,300,208,31,61,10.3333,20.3333
2700,300,206,33,61,11.0000,20.3333
2701,300,213,34,53,11.3333,17.6667
2702,298,210,36,52,12.0805,17.4497
2703,301,214,35,52,11.6279,17.2757
2704,301,213,35,53,11.6279,17.6080
2705,301,212,38,51,12.6246,16.9435
2706,301,211,42,48,13.9535,15.9468
2707,301,212,44,45,14.6179,14.9502
2708,301,210,47,44,15.6146,14.6179
2709,301,207,52,42,17.2757,13.9535
2710,300,205,56,39,18.6667,13.0000
2711,299,198,63,38,21.0702,12.7090
2712,297,192,66,39,22.2222,13.1313
2713,298,186,74,38,24.8322,12.7517
2714,301,183,82,36,27.2425,11.9601
2715,300,181,87,32,29.0000,10.6667
2716,298,177,90,31,30.2013,10.4027
2717,299,172,96,31,32.1070,10.3679
2718,299,166,102,31,34.1137,10.3679
2719,298,160,107,31,35.9060,10.4027
2720,298,151,116,31,38.9262,10.4027
2721,300,146,122,32,40.6667,10.6667
2722,298,138,128,32,42.9530,10.7383
2723,297,123,141,33,47.4747,11.1111
2724,298,110,153,35,51.3423,11.7450
2725,298,104,157,37,52.6846,12.4161
2726,295,95,163,37,55.2542,12.5424
2727,296,91,167,38,56.4189,12.8378
2728,296,88,171,37,57.7703,12.5000
2729,296,80,175,41,59.1216,13.8514
2730,293,80,171,42,58.3618,14.3345
2731,291,76,170,45,58.4192,15.4639
2732,287,72,168,47,58.5366,16.3763
2733,284,64,167,53,58.8028,18.6620
2734,277,60,162,55,58.4838,19.8556
2735,276,55,165,56,59.7826,20.2899
2736,275,52,163,60,59.2727,21.8182
2737,269,49,159,61,59.1078,22.6766
2738,267,49,153,65,57.3034,24.3446
2739,262,47,148,67,56.4885,25.5725
2740,257,44,142,71,55.2529,27.6265
2741,256,45,138,73,53.9062,28.5156
2742,253,46,130,77,51.3834,30.4348
2743,251,42,125,84,49.8008,33.4661
2744,245,44,109,92,44.4898,37.5510
2745,239,47,97,95,40.5858,39.7490
2746,237,44,96,97,40.5063,40.9283
2747,233,41,90,102,38.6266,43.7768
2748,231,40,85,106,36.7965,45.8874
2749,230,39,82,109,35.6522,47.3913
2750,229,42,76,111,33.1878,48.4716
2751,231,45,74,112,32.0346,48.4848
2752,227,42,71,114,31.2775,50.2203
2753,226,39,68,119,30.0885,52.6549
2754,228,41,67,120,29.3860,52.6316
2755,226,44,62,120,27.4336,53.0973
2756,225,47,55,123,24.4444,54.6667
2757,221,48,49,124,22.1719,56.1086
2758,220,46,49,125,22.2727,56.8182
2759,222,49,48,125,21.6216,56.3063
2760,219,47,47,125,21.4612,57.0776
2761,216,47,45,124,20.8333,57.4074
2762,217,48,42,127,19.3548,58.5253
2763,216,48,40,128,18.5185,59.2593
2764,218,52,38,128,17.4312,58.7156
2765,218,52,38,128,17.4312,58.7156
2766,218,53,37,128,16.9725,58.7156
2767,217,50,37,130,17.0507,59.9078
2768,219,55,34,130,15.5251,59.3607
2769,220,56,32,132,14.5455,60.0000
2770,219,56,31,132,14.1553,60.2740
2771,220,58,31,131,14.0909,59.5455
2772,220,58,31,131,14.0909,59.5455
2773,220,62,25,133,11.3636,60.4545
2774,222,64,23,135,10.3604,60.8108
2775,225,68,22,135,9.7778,60.0000
2776,225,69,21,135,9.3333,60.0000
2777,227,73,21,133,9.2511,58.5903
2778,230,77,20,133,8.6957,57.8261
2779,231,81,18,132,7.7922,57.1429
2780,229,81,16,132,6.9869,57.6419
2781,232,87,17,128,7.3276,55.1724
2782,234,92,17,125,7.2650,53.4188
2783,233,94,17,122,7.2961,52.3605
2784,238,101,18,119,7.5630,50.0000
2785,240,108,18,114,7.5000,47.5000
2786,241,109,20,112,8.2988,46.4730
2787,242,112,17,113,7.0248,46.6942
2788,246,120,16,110,6.5041,44.7154
2789,245,121,16,108,6.5306,44.0816
2790,246,126,15,105,6.0976,42.6829
2791,249,130,16,103,6.4257,41.3655
2792,251,136,15,100,5.9761,39.8406
2793,255,143,14,98,5.4902,38.4314
2794,257,151,14,92,5.4475,35.7977
2795,258,159,14,85,5.4264,32.9457
2796,262,171,16,75,6.1069,28.6260
2797,266,178,16,72,6.0150,27.0677
2798,269,181,18,70,6.6914,26.0223
2799,269,186,18,65,6.6914,24.1636
2800,273,192,19,62,6.9597,22.7106
2801,275,197,19,59,6.9091,21.4545
2802,277,203,19,55,6.8592,19.8556
2803,280,206,19,55,6.7857,19.6429
2804,282,205,24,53,8.5106,18.7943
2805,287,214,24,49,8.3624,17.0732
2806,288,215,26,47,9.0278,16.3194
2807,288,217,26,45,9.0278,15.6250
2808,290,221,28,41,9.6552,14.1379
2809,295,222,32,41,10.8475,13.8983
2810,302,228,33,41,10.9272,13.5762
2811,302,228,33,41,10.9272,13.5762
2812,302,227,35,40,11.5894,13.2450
2813,302,222,40,40,13.2450,13.2450
2814,302,222,43,37,14.2384,12.2517
2815,302,221,45,36,14.9007,11.9205
2816,302,219,48,35,15.8940,11.5894
2817,302,203,63,36,20.8609,11.9205
2818,301,202,61,38,20.2658,12.6246
2819,301,196,69,36,22.9236,11.9601
2820,301,192,75,34,24.9169,11.2957
2821,300,182,86,32,28.6667,10.6667
2822,299,174,93,32,31.1037,10.7023
2823,302,168,102,32,33.7748,10.5960
2824,300,154,114,32,38.0000,10.6667
2825,300,144,123,33,41.0000,11.0000
2826,297,142,124,31,41.7508,10.4377
2827,300,142,127,31,42.3333,10.3333
2828,297,135,133,29,44.7811,9.7643
2829,298,129,139,30,46.6443,10.0671
2830,297,127,139,31,46.8013,10.4377
2831,298,117,150,31,50.3356,10.4027
2832,299,109,159,31,53.1773,10.3679
2833,298,104,159,35,53.3557,11.7450
2834,295,99,160,36,54.2373,12.2034
2835,295,92,167,36,56.6102,12.2034
2836,293,87,169,37,57.6792,12.6280
2837,290,80,167,43,57.5862,14.8276
2838,292,74,169,49,57.8767,16.7808
2839,287,69,169,49,58.8850,17.0732
2840,287,72,164,51,57.1429,17.7700
2841,286,67,162,57,56.6434,19.9301
2842,281,66,155,60,55.1601,21.3523
2843,274,61,148,65,54.0146,23.7226
2844,271,60,144,67,53.1365,24.7232
2845,266,58,135,73,50.7519,27.4436
2846,261,58,124,79,47.5096,30.2682
2847,261,53,127,81,48.6590,31.0345
2848,257,46,128,83,49.8054,32.2957
2849,253,46,118,89,46.6403,35.1779
2850,253,46,116,91,45.8498,35.9684
2851,249,44,108,97,43.3735,38.9558
2852,243,41,101,101,41.5638,41.5638
2853,242,42,97,103,40.0826,42.5620
2854,240,41,92,107,38.3333,44.5833
2855,240,43,87,110,36.2500,45.8333
2856,238,43,82,113,34.4538,47.4790
2857,234,45,76,113,32.4786,48.2906
2858,232,46,69,117,29.7414,50.4310
2859,227,46,62,119,27.3128,52.4229
2860,226,45,60,121,26.5487,53.5398
2861,226,47,58,121,25.6637,53.5398
2862,225,47,56,122,24.8889,54.2222
2863,224,49,51,124,22.7679,55.3571
2864,222,51,47,124,21.1712,55.8559
2865,222,52,42,128,18.9189,57.6577
2866,222,50,44,128,19.8198,57.6577
2867,219,51,38,130,17.3516,59.3607
2868,218,52,34,132,15.5963,60.5505
2869,216,53,31,132,14.3519,61.1111
2870,218,57,30,131,13.7615,60.0917
2871,220,58,30,132,13.6364,60.0000
2872,223,61,27,135,12.1076,60.5381
2873,223,63,26,134,11.6592,60.0897
2874,220,64,23,133,10.4545,60.4545
2875,222,65,23,134,10.3604,60.3604
2876,225,68,22,135,9.7778,60.0000
2877,224,73,21,130,9.3750,58.0357
2878,224,72,21,131,9.3750,58.4821
2879,227,75,21,131,9.2511,57.7093
2880,229,77,19,133,8.2969,58.0786
2881,232,82,18,132,7.7586,56.8966
2882,236,88,17,131,7.2034,55.5085
2883,238,89,18,131,7.5630,55.0420
2884,242,92,19,131,7.8512,54.1322
2885,243,97,19,127,7.8189,52.2634
2886,246,103,17,126,6.9106,51.2195
2887,246,104,15,127,6.0976,51.6260
2888,247,106,15,126,6.0729,51.0121
2889,251,117,14,120,5.5777,47.8088
2890,252,123,15,114,5.9524,45.2381
2891,256,129,14,113,5.4688,44.1406
2892,259,134,15,110,5.7915,42.4710
2893,261,140,17,104,6.5134,39.8467
2894,267,147,19,101,7.1161,37.8277
2895,271,155,19,97,7.0111,35.7934
2896,274,161,19,94,6.9343,34.3066
2897,275,169,19,87,6.9091,31.6364
2898,278,174,22,82,7.9137,29.4964
2899,282,180,22,80,7.8014,28.3688
2900,283,182,23,78,8.1272,27.5618
2901,288,190,26,72,9.0278,25.0000
2902,292,193,28,71,9.5890,24.3151
2903,293,200,28,65,9.5563,22.1843
2904,296,205,30,61,10.1351,20.6081
2905,299,206,33,60,11.0368,20.0669
2906,302,213,32,57,10.5960,18.8742
2907,302,215,34,53,11.2583,17.5497
2908,302,215,36,51,11.9205,16.8874
2909,302,214,38,50,12.5828,16.5563
2910,302,215,41,46,13.5762,15.2318
2911,301,213,45,43,14.9502,14.2857
2912,301,207,51,43,16.9435,14.2857
2913,299,207,50,42,16.7224,14.0468
2914,298,205,53,40,17.7852,13.4228
2915,301,206,57,38,18.9369,12.6246
2916,300,202,60,38,20.0000,12.6667
2917,300,197,69,34,23.0000,11.3333
2918,297,196,66,35,22.2222,11.7845
2919,300,197,70,33,23.3333,11.0000
2920,300,192,77,31,25.6667,10.3333
2921,298,186,82,30,27.5168,10.0671
2922,299,182,87,30,29.0970,10.0334
2923,296,175,92,29,31.0811,9.7973
2924,296,174,95,27,32.0946,9.1216
2925,298,172,95,31,31.8792,10.4027
2926,301,170,100,31,33.2226,10.2990
2927,301,168,103,30,34.2193,9.9668
2928,299,156,111,32,37.1237,10.7023
2929,298,153,113,32,37.9195,10.7383
2930,297,149,116,32,39.0572,10.7744
2931,298,141,125,32,41.9463,10.7383
2932,298,139,122,37,40.9396,12.4161
2933,298,131,128,39,42.9530,13.0872
2934,298,127,132,39,44.2953,13.0872
2935,298,127,132,39,44.2953,13.0872
2936,296,122,134,40,45.2703,13.5135
2937,296,116,136,44,45.9459,14.8649
2938,297,115,133,49,44.7811,16.4983
2939,295,111,135,49,45.7627,16.6102
2940,295,105,137,53,46.4407,17.9661
2941,294,97,140,57,47.6190,19.3878
2942,290,90,141,59,48.6207,20.3448
2943,285,85,137,63,48.0702,22.1053
2944,282,81,137,64,48.5816,22.6950
2945,279,78,135,66,48.3871,23.6559
2946,275,71,139,65,50.5455,23.6364
2947,274,72,136,66,49.6350,24.0876
2948,271,68,134,69,49.4465,25.4613
2949,268,69,127,72,47.3881,26.8657
2950,266,68,124,74,46.6165,27.8195
2951,264,64,123,77,46.5909,29.1667
2952,259,65,115,79,44.4015,30.5019
2953,255,61,111,83,43.5294,32.5490
2954,259,66,107,86,41.3127,33.2046
2955,258,64,103,91,39.9225,35.2713
2956,258,64,104,90,40.3101,34.8837
2957,255,61,101,93,39.6078,36.4706
2958,255,62,99,94,38.8235,36.8627
2959,254,57,102,95,40.1575,37.4016
2960,250,56,96,98,38.4000,39.2000
2961,245,56,86,103,35.1020,42.0408
2962,244,56,82,106,33.6066,43.4426
2963,244,53,80,111,32.7869,45.4918
2964,243,54,75,114,30.8642,46.9136
2965,243,56,71,116,29.2181,47.7366
2966,244,58,68,118,27.8689,48.3607
2967,243,61,61,121,25.1029,49.7942
2968,243,61,61,121,25.1029,49.7942
2969,242,60,60,122,24.7934,50.4132
2970,243,60,61,122,25.1029,50.2058
2971,241,62,56,123,23.2365,51.0373
2972,240,62,56,122,23.3333,50.8333
2973,238,61,52,125,21.8487,52.5210
2974,241,65,52,124,21.5768,51.4523
2975,242,64,51,127,21.0744,52.4793
2976,240,65,47,128,19.5833,53.3333
2977,239,70,43,126,17.9916,52.7197
2978,237,69,40,128,16.8776,54.0084
2979,234,69,35,130,14.9573,55.5556
2980,235,74,33,128,14.0426,54.4681
2981,237,76,31,130,13.0802,54.8523
2982,237,76,32,129,13.5021,54.4304
2983,237,80,26,131,10.9705,55.2743
2984,244,95,25,124,10.2459,50.8197
2985,245,96,26,123,10.6122,50.2041
2986,247,98,27,122,10.9312,49.3927
2987,252,104,26,122,10.3175,48.4127
2988,251,105,24,122,9.5618,48.6056
2989,248,107,23,118,9.2742,47.5806
2990,251,116,22,113,8.7649,45.0199
2991,251,118,20,113,7.9681,45.0199
2992,253,125,19,109,7.5099,43.0830
2993,254,130,18,106,7.0866,41.7323
2994,253,132,17,104,6.7194,41.1067
2995,256,139,16,101,6.2500,39.4531
2996,255,141,15,99,5.8824,38.8235
2997,257,143,17,97,6.6148,37.7432
2998,259,143,18,98,6.9498,37.8378
2999,262,148,18,96,6.8702,36.6412
3000,266,154,19,93,7.1429,34.9624
3001,269,159,19,91,7.0632,33.8290
3002,273,165,20,88,7.3260,32.2344
3003,277,172,19,86,6.8592,31.0469
3004,277,173,20,84,7.2202,30.3249
3005,280,180,18,82,6.4286,29.2857
3006,282,184,19,79,6.7376,28.0142
3007,284,189,20,75,7.0423,26.4085
3008,287,191,21,75,7.3171,26.1324
3009,288,195,22,71,7.6389,24.6528
3010,290,196,25,69,8.6207,23.7931
3011,291,192,31,68,10.6529,23.3677
3012,291,194,33,64,11.3402,21.9931
3013,293,196,38,59,12.9693,20.1365
3014,296,196,44,56,14.8649,18.9189
3015,301,205,44,52,14.6179,17.2757
3016,300,207,46,47,15.3333,15.6667
3017,300,208,46,46,15.3333,15.3333
3018,300,206,48,46,16.0000,15.3333
3019,299,208,49,42,16.3880,14.0468
3020,299,201,55,43,18.3946,14.3813
3021,302,200,60,42,19.8675,13.9073
3022,301,199,60,42,19.9336,13.9535
3023,301,196,64,41,21.2625,13.6213
3024,301,188,72,41,23.9203,13.6213
3025,300,186,76,38,25.3333,12.6667
3026,298,180,80,38,26.8456,12.7517
3027,300,180,84,36,28.0000,12.0000
3028,299,179,85,35,28.4281,11.7057
3029,300,179,88,33,29.3333,11.0000
3030,300,173,94,33,31.3333,11.0000
3031,295,168,94,33,31.8644,11.1864
3032,295,164,96,35,32.5424,11.8644
3033,296,164,99,33,33.4459,11.1486
3034,297,160,101,36,34.0067,12.1212
3035,293,160,98,35,33.4471,11.9454
3036,295,156,103,36,34.9153,12.2034
3037,298,155,105,38,35.2349,12.7517
3038,300,151,110,39,36.6667,13.0000
3039,296,144,114,38,38.5135,12.8378
3040,296,135,123,38,41.5541,12.8378
3041,296,132,121,43,40.8784,14.5270
3042,296,126,125,45,42.2297,15.2027
3043,297,125,127,45,42.7609,15.1515
3044,296,118,129,49,43.5811,16.5541
3045,292,116,126,50,43.1507,17.1233
3046,291,111,128,52,43.9863,17.8694
3047,290,105,131,54,45.1724,18.6207
3048,289,104,130,55,44.9827,19.0311
3049,287,97,132,58,45.9930,20.2091
3050,286,96,127,63,44.4056,22.0280
3051,284,94,125,65,44.0141,22.8873
3052,284,89,124,71,43.6620,25.0000
3053,282,88,122,72,43.2624,25.5319
3054,278,84,121,73,43.5252,26.2590
3055,274,87,114,73,41.6058,26.6423
3056,276,86,115,75,41.6667,27.1739
3057,272,83,115,74,42.2794,27.2059
3058,266,77,113,76,42.4812,28.5714
3059,263,71,116,76,44.1065,28.8973
3060,260,69,109,82,41.9231,31.5385
3061,255,66,104,85,40.7843,33.3333
3062,255,64,104,87,40.7843,34.1176
3063,251,62,97,92,38.6454,36.6534
3064,251,65,93,93,37.0518,37.0518
3065,251,65,91,95,36.2550,37.8486
3066,246,64,84,98,34.1463,39.8374
3067,246,64,85,97,34.5528,39.4309
3068,241,62,79,100,32.7801,41.4938
3069,242,62,80,100,33.0579,41.3223
3070,242,67,71,104,29.3388,42.9752
3071,241,67,70,104,29.0456,43.1535
3072,241,69,67,105,27.8008,43.5685
3073,240,68,65,107,27.0833,44.5833
3074,241,70,62,109,25.7261,45.2282
3075,245,74,61,110,24.8980,44.8980
3076,244,73,59,112,24.1803,45.9016
3077,245,74,58,113,23.6735,46.1224
3078,241,74,53,114,21.9917,47.3029
3079,241,77,44,120,18.2573,49.7925
3080,240,76,42,122,17.5000,50.8333
3081,242,78,40,124,16.5289,51.2397
3082,241,80,38,123,15.7676,51.0373
3083,243,86,35,122,14.4033,50.2058
3084,243,87,36,120,14.8148,49.3827
3085,244,88,34,122,13.9344,50.0000
3086,245,93,32,120,13.0612,48.9796
3087,246,96,30,120,12.1951,48.7805
3088,245,97,27,121,11.0204,49.3878
3089,244,99,26,119,10.6557,48.7705
3090,247,103,26,118,10.5263,47.7733
3091,248,104,25,119,10.0806,47.9839
3092,250,107,24,119,9.6000,47.6000
3093,249,113,22,114,8.8353,45.7831
3094,249,114,21,114,8.4337,45.7831
3095,250,115,22,113,8.8000,45.2000
3096,254,123,22,109,8.6614,42.9134
3097,260,132,20,108,7.6923,41.5385
3098,266,140,19,107,7.1429,40.2256
3099,266,144,19,103,7.1429,38.7218
3100,267,148,16,103,5.9925,38.5768
3101,270,153,16,101,5.9259,37.4074
3102,270,160,15,95,5.5556,35.1852
3103,272,164,15,93,5.5147,34.1912
3104,277,175,13,89,4.6931,32.1300
3105,282,184,11,87,3.9007,30.8511
3106,285,186,13,86,4.5614,30.1754
3107,288,190,12,86,4.1667,29.8611
3108,292,197,11,84,3.7671,28.7671
3109,293,199,11,83,3.7543,28.3276
3110,297,203,13,81,4.3771,27.2727
3111,300,206,14,80,4.6667,26.6667
3112,299,211,14,74,4.6823,24.7492
3113,301,213,17,71,5.6478,23.5880
3114,300,212,19,69,6.3333,23.0000
3115,300,215,21,64,7.0000,21.3333
3116,298,216,19,63,6.3758,21.1409
3117,302,219,22,61,7.2848,20.1987
3118,302,222,22,58,7.2848,19.2053
3119,302,218,26,58,8.6093,19.2053
3120,302,219,28,55,9.2715,18.2119
3121,302,216,32,54,10.5960,17.8808
3122,301,219,33,49,10.9635,16.2791
3123,301,215,37,49,12.2924,16.2791
3124,301,213,41,47,13.6213,15.6146
3125,300,211,44,45,14.6667,15.0000
3126,300,208,50,42,16.6667,14.0000
3127,298,201,56,41,18.7919,13.7584
3128,300,201,60,39,20.0000,13.0000
3129,300,196,66,38,22.0000,12.6667
3130,299,194,66,39,22.0736,13.0435
3131,301,199,69,33,22.9236,10.9635
3132,299,195,74,30,24.7492,10.0334
3133,301,196,77,28,25.5814,9.3023
3134,299,192,79,28,26.4214,9.3645
3135,300,191,80,29,26.6667,9.6667
3136,300,184,87,29,29.0000,9.6667
3137,299,182,89,28,29.7659,9.3645
3138,302,183,91,28,30.1325,9.2715
3139,301,176,96,29,31.8937,9.6346
3140,301,173,100,28,33.2226,9.3023
3141,301,170,102,29,33.8870,9.6346
3142,298,161,107,30,35.9060,10.0671
3143,297,156,111,30,37.3737,10.1010
3144,295,149,116,30,39.3220,10.1695
3145,294,143,121,30,41.1565,10.2041
3146,293,138,122,33,41.6382,11.2628
3147,289,132,121,36,41.8685,12.4567
3148,289,129,122,38,42.2145,13.1488
3149,286,123,125,38,43.7063,13.2867
3150,283,120,125,38,44.1696,13.4276
3151,283,114,129,40,45.5830,14.1343
3152,281,108,130,43,46.2633,15.3025
3153,284,109,128,47,45.0704,16.5493
3154,283,105,128,50,45.2297,17.6678
3155,282,102,129,51,45.7447,18.0851
3156,282,100,129,53,45.7447,18.7943
3157,279,95,129,55,46.2366,19.7133
3158,280,95,127,58,45.3571,20.7143
3159,278,88,132,58,47.4820,20.8633
3160,279,86,128,65,45.8781,23.2975
3161,276,82,129,65,46.7391,23.5507
3162,271,82,123,66,45.3875,24.3542
3163,267,80,118,69,44.1948,25.8427
3164,267,78,119,70,44.5693,26.2172
3165,265,79,110,76,41.5094,28.6792
3166,269,79,108,82,40.1487,30.4833
3167,265,71,108,86,40.7547,32.4528
3168,263,72,103,88,39.1635,33.4601
3169,260,71,99,90,38.0769,34.6154
3170,260,71,94,95,36.1538,36.5385
3171,261,72,91,98,34.8659,37.5479
3172,260,70,90,100,34.6154,38.4615
3173,257,72,84,101,32.6848,39.2996
3174,255,73,79,103,30.9804,40.3922
3175,256,71,79,106,30.8594,41.4062
3176,252,70,75,107,29.7619,42.4603
3177,249,70,70,109,28.1124,43.7751
3178,246,68,67,111,27.2358,45.1220
3179,249,68,65,116,26.1044,46.5863
3180,246,63,63,120,25.6098,48.7805
3181,246,63,61,122,24.7967,49.5935
3182,250,67,61,122,24.4000,48.8000
3183,250,68,61,121,24.4000,48.4000
3184,252,68,58,126,23.0159,50.0000
3185,252,67,55,130,21.8254,51.5873
3186,252,67,54,131,21.4286,51.9841
3187,254,72,51,131,20.0787,51.5748
3188,252,74,45,133,17.8571,52.7778
3189,254,77,44,133,17.3228,52.3622
3190,256,81,41,134,16.0156,52.3438
3191,255,83,40,132,15.6863,51.7647
3192,256,84,40,132,15.6250,51.5625
3193,256,85,39,132,15.2344,51.5625
3194,256,84,41,131,16.0156,51.1719
3195,256,83,40,133,15.6250,51.9531
3196,256,85,39,132,15.2344,51.5625
3197,257,86,38,133,14.7860,51.7510
3198,258,91,38,129,14.7287,50.0000
3199,258,92,37,129,14.3411,50.0000
3200,257,95,34,128,13.2296,49.8054
3201,257,97,31,129,12.0623,50.1946
3202,256,97,30,129,11.7188,50.3906
3203,258,100,30,128,11.6279,49.6124
3204,261,105,29,127,11.1111,48.6590
3205,264,112,29,123,10.9848,46.5909
3206,261,113,27,121,10.3448,46.3602
3207,265,118,26,121,9.8113,45.6604
3208,265,121,26,118,9.8113,44.5283
3209,267,122,29,116,10.8614,43.4457
3210,268,125,30,113,11.1940,42.1642
3211,270,128,29,113,10.7407,41.8519
3212,274,140,28,106,10.2190,38.6861
3213,277,142,27,108,9.7473,38.9892
3214,279,143,27,109,9.6774,39.0681
3215,281,148,26,107,9.2527,38.0783
3216,281,148,26,107,9.2527,38.0783
3217,284,155,27,102,9.5070,35.9155
3218,288,164,28,96,9.7222,33.3333
3219,291,171,27,93,9.2784,31.9588
3220,291,172,28,91,9.6220,31.2715
3221,292,173,30,89,10.2740,30.4795
3222,293,177,31,85,10.5802,29.0102
3223,293,178,33,82,11.2628,27.9863
3224,292,179,32,81,10.9589,27.7397
3225,296,182,33,81,11.1486,27.3649
3226,297,185,33,79,11.1111,26.5993
3227,298,188,34,76,11.4094,25.5034
3228,301,190,36,75,11.9601,24.9169
3229,300,190,36,74,12.0000,24.6667
3230,300,186,41,73,13.6667,24.3333
3231,300,187,44,69,14.6667,23.0000
3232,300,190,45,65,15.0000,21.6667
3233,300,190,47,63,15.6667,21.0000
3234,298,189,47,62,15.7718,20.8054
3235,299,181,55,63,18.3946,21.0702
3236,300,179,63,58,21.0000,19.3333
3237,300,176,69,55,23.0000,18.3333
3238,300,170,76,54,25.3333,18.0000
3239,298,165,80,53,26.8456,17.7852
3240,299,165,84,50,28.0936,16.7224
3241,301,166,85,50,28.2392,16.6113
3242,300,159,92,49,30.6667,16.3333
3243,299,152,98,49,32.7759,16.3880
3244,301,148,103,50,34.2193,16.6113
3245,299,145,105,49,35.1171,16.3880
3246,301,142,107,52,35.5482,17.2757
3247,300,136,115,49,38.3333,16.3333
3248,299,129,119,51,39.7993,17.0569
3249,299,124,124,51,41.4716,17.0569
3250,297,122,125,50,42.0875,16.8350
3251,298,119,129,50,43.2886,16.7785
3252,296,112,133,51,44.9324,17.2297
3253,299,107,143,49,47.8261,16.3880
3254,298,104,146,48,48.9933,16.1074
3255,295,108,137,50,46.4407,16.9492
3256,296,108,137,51,46.2838,17.2297
3257,294,101,137,56,46.5986,19.0476
3258,292,96,135,61,46.2329,20.8904
3259,291,88,139,64,47.7663,21.9931
3260,289,84,139,66,48.0969,22.8374
3261,287,80,138,69,48.0836,24.0418
3262,285,75,136,74,47.7193,25.9649
3263,283,72,135,76,47.7032,26.8551
3264,277,66,129,82,46.5704,29.6029
3265,277,64,132,81,47.6534,29.2419
3266,274,62,131,81,47.8102,29.5620
3267,272,53,138,81,50.7353,29.7794
3268,270,51,135,84,50.0000,31.1111
3269,269,50,133,86,49.4424,31.9703
3270,267,45,132,90,49.4382,33.7079
3271,267,48,123,96,46.0674,35.9551
3272,265,48,118,99,44.5283,37.3585
3273,264,48,111,105,42.0455,39.7727
3274,265,52,107,106,40.3774,40.0000
3275,263,48,105,110,39.9240,41.8251
3276,265,49,105,111,39.6226,41.8868
3277,263,47,103,113,39.1635,42.9658
3278,260,48,94,118,36.1538,45.3846
3279,262,50,87,125,33.2061,47.7099
3280,263,54,80,129,30.4183,49.0494
3281,262,55,75,132,28.6260,50.3817
3282,262,55,73,134,27.8626,51.1450
3283,258,54,69,135,26.7442,52.3256
3284,257,55,66,136,25.6809,52.9183
3285,256,55,63,138,24.6094,53.9062
3286,258,58,60,140,23.2558,54.2636
3287,254,59,51,144,20.0787,56.6929
3288,246,58,40,148,16.2602,60.1626
3289,245,60,37,148,15.1020,60.4082
3290,244,62,31,151,12.7049,61.8852
3291,245,64,30,151,12.2449,61.6327
3292,247,65,31,151,12.5506,61.1336
3293,247,69,28,150,11.3360,60.7287
3294,247,72,26,149,10.5263,60.3239
3295,249,74,26,149,10.4418,59.8394
3296,252,79,25,148,9.9206,58.7302
3297,251,79,22,150,8.7649,59.7610
3298,256,87,21,148,8.2031,57.8125
3299,256,87,20,149,7.8125,58.2031
3300,258,91,20,147,7.7519,56.9767
3301,260,93,20,147,7.6923,56.5385
3302,264,97,19,148,7.1970,56.0606
3303,264,102,17,145,6.4394,54.9242
3304,265,105,15,145,5.6604,54.7170
3305,265,107,14,144,5.2830,54.3396
3306,268,109,15,144,5.5970,53.7313
3307,268,110,15,143,5.5970,53.3582
3308,272,117,15,140,5.5147,51.4706
3309,276,126,16,134,5.7971,48.5507
3310,279,134,17,128,6.0932,45.8781
3311,284,142,18,124,6.3380,43.6620
3312,283,142,20,121,7.0671,42.7562
3313,287,148,20,119,6.9686,41.4634
3314,288,152,22,114,7.6389,39.5833
3315,291,157,23,111,7.9038,38.1443
3316,296,166,24,106,8.1081,35.8108
3317,301,172,24,105,7.9734,34.8837
3318,301,173,24,104,7.9734,34.5515
3319,301,173,24,104,7.9734,34.5515
3320,301,176,25,100,8.3056,33.2226
3321,301,179,24,98,7.9734,32.5581
3322,300,181,25,94,8.3333,31.3333
3323,300,184,29,87,9.6667,29.0000
3324,300,185,31,84,10.3333,28.0000
3325,300,187,35,78,11.6667,26.0000
3326,300,187,36,77,12.0000,25.6667
3327,300,186,39,75,13.0000,25.0000
3328,299,185,40,74,13.3779,24.7492
3329,303,190,41,72,13.5314,23.7624
3330,303,188,49,66,16.1716,21.7822
3331,302,192,50,60,16.5563,19.8675
3332,301,193,50,58,16.6113,19.2691
3333,301,195,52,54,17.2757,17.9402
3334,300,191,58,51,19.3333,17.0000
3335,299,190,59,50,19.7324,16.7224
3336,299,184,64,51,21.4047,17.0569
3337,301,180,72,49,23.9203,16.2791
3338,300,178,76,46,25.3333,15.3333
3339,298,178,78,42,26.1745,14.0940
3340,299,176,85,38,28.4281,12.7090
3341,301,172,92,37,30.5648,12.2924
3342,301,165,103,33,34.2193,10.9635
3343,299,158,106,35,35.4515,11.7057
3344,299,150,113,36,37.7926,12.0401
3345,300,143,119,38,39.6667,12.6667
3346,300,140,120,40,40.0000,13.3333
3347,300,135,124,41,41.3333,13.6667
3348,297,131,122,44,41.0774,14.8148
3349,299,124,134,41,44.8161,13.7124
3350,298,119,136,43,45.6376,14.4295
3351,297,117,135,45,45.4545,15.1515
3352,296,108,141,47,47.6351,15.8784
3353,296,102,145,49,48.9865,16.5541
3354,296,100,146,50,49.3243,16.8919
3355,295,93,152,50,51.5254,16.9492
3356,294,91,154,49,52.3810,16.6667
3357,288,82,154,52,53.4722,18.0556
3358,285,80,151,54,52.9825,18.9474
3359,288,85,147,56,51.0417,19.4444
3360,289,83,147,59,50.8651,20.4152
3361,285,76,146,63,51.2281,22.1053
3362,284,71,144,69,50.7042,24.2958
3363,282,62,148,72,52.4823,25.5319
3364,276,61,139,76,50.3623,27.5362
3365,276,59,136,81,49.2754,29.3478
3366,271,57,131,83,48.3395,30.6273
3367,271,51,135,85,49.8155,31.3653
3368,266,50,129,87,48.4962,32.7068
3369,266,47,131,88,49.2481,33.0827
3370,259,48,116,95,44.7876,36.6795
3371,258,48,114,96,44.1860,37.2093
3372,258,49,111,98,43.0233,37.9845
3373,251,47,105,99,41.8327,39.4422
3374,247,48,95,104,38.4615,42.1053
3375,248,48,93,107,37.5000,43.1452
3376,245,49,86,110,35.1020,44.8980
3377,245,47,82,116,33.4694,47.3469
3378,242,48,76,118,31.4050,48.7603
3379,239,50,73,116,30.5439,48.5356
3380,240,52,68,120,28.3333,50.0000
3381,242,54,62,126,25.6198,52.0661
3382,244,53,61,130,25.0000,53.2787
3383,238,52,51,135,21.4286,56.7227
3384,240,58,48,134,20.0000,55.8333
3385,241,58,46,137,19.0871,56.8465
3386,239,59,41,139,17.1548,58.1590
3387,243,64,38,141,15.6379,58.0247
3388,242,67,34,141,14.0496,58.2645
3389,243,66,35,142,14.4033,58.4362
3390,247,70,33,144,13.3603,58.2996
3391,249,72,33,144,13.2530,57.8313
3392,252,72,35,145,13.8889,57.5397
3393,254,76,31,147,12.2047,57.8740
3394,255,76,32,147,12.5490,57.6471
3395,256,78,33,145,12.8906,56.6406
3396,260,81,33,146,12.6923,56.1538
3397,261,85,30,146,11.4943,55.9387
3398,265,89,31,145,11.6981,54.7170
3399,267,92,32,143,11.9850,53.5581
3400,272,99,33,140,12.1324,51.4706
3401,272,99,33,140,12.1324,51.4706
3402,274,104,32,138,11.6788,50.3650
3403,276,107,32,137,11.5942,49.6377
3404,276,108,33,135,11.9565,48.9130
3405,277,112,33,132,11.9134,47.6534
3406,278,115,32,131,11.5108,47.1223
3407,280,115,34,131,12.1429,46.7857
3408,284,118,35,131,12.3239,46.1268
3409,283,118,37,128,13.0742,45.2297
3410,282,119,36,127,12.7660,45.0355
3411,285,124,38,123,13.3333,43.1579
3412,284,125,40,119,14.0845,41.9014
3413,283,128,40,115,14.1343,40.6360
3414,283,133,41,109,14.4876,38.5159
3415,286,138,39,109,13.6364,38.1119
3416,288,141,42,105,14.5833,36.4583
3417,290,146,43,101,14.8276,34.8276
3418,291,145,47,99,16.1512,34.0206
3419,290,147,46,97,15.8621,33.4483
3420,288,148,46,94,15.9722,32.6389
3421,295,150,51,94,17.2881,31.8644
3422,296,159,51,86,17.2297,29.0541
3423,297,160,51,86,17.1717,28.9562
3424,299,158,57,84,19.0635,28.0936
3425,299,153,63,83,21.0702,27.7592
3426,299,153,67,79,22.4080,26.4214
3427,300,148,75,77,25.0000,25.6667
3428,299,145,79,75,26.4214,25.0836
3429,299,150,78,71,26.0870,23.7458
3430,299,149,82,68,27.4247,22.7425
3431,301,145,85,71,28.2392,23.5880
3432,300,146,87,67,29.0000,22.3333
3433,298,148,89,61,29.8658,20.4698
3434,301,148,94,59,31.2292,19.6013
3435,300,149,97,54,32.3333,18.0000
3436,300,143,103,54,34.3333,18.0000
3437,297,142,102,53,34.3434,17.8451
3438,296,137,106,53,35.8108,17.9054
3439,296,137,109,50,36.8243,16.8919
3440,298,139,110,49,36.9128,16.4430
3441,297,135,113,49,38.0471,16.4983
3442,294,135,109,50,37.0748,17.0068
3443,295,132,112,51,37.9661,17.2881
3444,295,129,113,53,38.3051,17.9661
3445,293,128,109,56,37.2014,19.1126
3446,293,129,104,60,35.4949,20.4778
3447,294,124,106,64,36.0544,21.7687
3448,292,124,100,68,34.2466,23.2877
3449,292,123,102,67,34.9315,22.9452
3450,292,121,103,68,35.2740,23.2877
3451,289,116,102,71,35.2941,24.5675
3452,287,111,105,71,36.5854,24.7387
3453,285,103,109,73,38.2456,25.6140
3454,282,97,110,75,39.0071,26.5957
3455,281,92,111,78,39.5018,27.7580
3456,280,86,114,80,40.7143,28.5714
3457,278,84,111,83,39.9281,29.8561
3458,279,84,109,86,39.0681,30.8244
3459,277,83,108,86,38.9892,31.0469
3460,277,85,106,86,38.2671,31.0469
3461,276,87,102,87,36.9565,31.5217
3462,274,87,99,88,36.1314,32.1168
3463,274,83,100,91,36.4964,33.2117
3464,273,83,96,94,35.1648,34.4322
3465,270,78,94,98,34.8148,36.2963
3466,271,76,96,99,35.4244,36.5314
3467,273,83,94,96,34.4322,35.1648
3468,271,77,94,100,34.6863,36.9004
3469,269,76,94,99,34.9442,36.8030
3470,271,71,99,101,36.5314,37.2694
3471,268,69,93,106,34.7015,39.5522
3472,270,69,91,110,33.7037,40.7407
3473,269,67,85,117,31.5985,43.4944
3474,270,65,86,119,31.8519,44.0741
3475,267,64,79,124,29.5880,46.4419
3476,265,65,71,129,26.7925,48.6792
3477,266,67,69,130,25.9398,48.8722
3478,269,70,70,129,26.0223,47.9554
3479,270,75,65,130,24.0741,48.1481
3480,269,74,66,129,24.5353,47.9554
3481,269,74,67,128,24.9071,47.5836
3482,272,74,70,128,25.7353,47.0588
3483,271,78,66,127,24.3542,46.8635
3484,272,80,65,127,23.8971,46.6912
3485,275,82,66,127,24.0000,46.1818
3486,273,83,61,129,22.3443,47.2527
3487,273,83,62,128,22.7106,46.8864
3488,275,84,62,129,22.5455,46.9091
3489,275,89,56,130,20.3636,47.2727
3490,276,95,50,131,18.1159,47.4638
3491,276,97,46,133,16.6667,48.1884
3492,276,99,43,134,15.5797,48.5507
3493,277,100,42,135,15.1625,48.7365
3494,276,98,42,136,15.2174,49.2754
3495,275,99,40,136,14.5455,49.4545
3496,277,103,39,135,14.0794,48.7365
3497,278,107,41,130,14.7482,46.7626
3498,276,108,41,127,14.8551,46.0145
3499,276,110,43,123,15.5797,44.5652
3500,278,113,48,117,17.2662,42.0863
3501,276,112,45,119,16.3043,43.1159
3502,278,114,47,117,16.9065,42.0863
3503,278,117,46,115,16.5468,41.3669
3504,280,120,45,115,16.0714,41.0714
3505,281,123,45,113,16.0142,40.2135
3506,281,126,44,111,15.6584,39.5018
3507,284,131,47,106,16.5493,37.3239
3508,283,133,45,105,15.9011,37.1025
3509,280,137,41,102,14.6429,36.4286
3510,281,139,44,98,15.6584,34.8754
3511,284,139,47,98,16.5493,34.5070
3512,285,138,50,97,17.5439,34.0351
3513,291,142,53,96,18.2131,32.9897
3514,289,143,51,95,17.6471,32.8720
3515,288,145,48,95,16.6667,32.9861
3516,290,146,52,92,17.9310,31.7241
3517,291,152,51,88,17.5258,30.2405
3518,293,153,52,88,17.7474,30.0341
3519,295,154,48,93,16.2712,31.5254
3520,297,158,48,91,16.1616,30.6397
3521,295,157,48,90,16.2712,30.5085
3522,297,160,48,89,16.1616,29.9663
3523,298,164,49,85,16.4430,28.5235
3524,302,172,49,81,16.2252,26.8212
3525,302,173,54,75,17.8808,24.8344
3526,302,173,55,74,18.2119,24.5033
3527,301,174,60,67,19.9336,22.2591
3528,301,173,63,65,20.9302,21.5947
3529,301,170,68,63,22.5914,20.9302
3530,301,166,70,65,23.2558,21.5947
3531,300,162,72,66,24.0000,22.0000
3532,299,158,73,68,24.4147,22.7425
3533,302,155,79,68,26.1589,22.5166
3534,301,148,83,70,27.5748,23.2558
3535,299,144,85,70,28.4281,23.4114
3536,300,145,84,71,28.0000,23.6667
3537,300,144,86,70,28.6667,23.3333
3538,300,144,89,67,29.6667,22.3333
3539,300,137,93,70,31.0000,23.3333
3540,297,134,95,68,31.9865,22.8956
3541,297,131,101,65,34.0067,21.8855
3542,294,130,102,62,34.6939,21.0884
3543,292,128,103,61,35.2740,20.8904
3544,295,126,109,60,36.9492,20.3390
3545,294,124,111,59,37.7551,20.0680
3546,294,126,111,57,37.7551,19.3878
3547,294,122,116,56,39.4558,19.0476
3548,294,117,119,58,40.4762,19.7279
3549,292,112,120,60,41.0959,20.5479
3550,292,112,120,60,41.0959,20.5479
3551,293,112,120,61,40.9556,20.8191
3552,291,106,124,61,42.6117,20.9622
3553,289,103,122,64,42.2145,22.1453
3554,285,95,122,68,42.8070,23.8596
3555,282,92,122,68,43.2624,24.1135
3556,282,90,123,69,43.6170,24.4681
3557,282,86,125,71,44.3262,25.1773
3558,282,83,128,71,45.3901,25.1773
3559,278,80,125,73,44.9640,26.2590
3560,276,80,123,73,44.5652,26.4493
3561,279,83,116,80,41.5771,28.6738
3562,284,82,117,85,41.1972,29.9296
3563,283,81,116,86,40.9894,30.3887
3564,282,77,113,92,40.0709,32.6241
3565,280,77,109,94,38.9286,33.5714
3566,276,70,110,96,39.8551,34.7826
3567,273,68,109,96,39.9267,35.1648
3568,268,65,105,98,39.1791,36.5672
3569,264,63,99,102,37.5000,38.6364
3570,266,63,99,104,37.2180,39.0977
3571,267,69,95,103,35.5805,38.5768
3572,265,70,93,102,35.0943,38.4906
3573,263,70,87,106,33.0798,40.3042
3574,264,68,85,111,32.1970,42.0455
3575,264,68,82,114,31.0606,43.1818
3576,266,68,81,117,30.4511,43.9850
3577,262,67,79,116,30.1527,44.2748
3578,261,71,72,118,27.5862,45.2107
3579,263,73,70,120,26.6160,45.6274
3580,264,76,68,120,25.7576,45.4545
3581,263,75,67,121,25.4753,46.0076
3582,260,76,63,121,24.2308,46.5385
3583,263,79,63,121,23.9544,46.0076
3584,262,77,64,121,24.4275,46.1832
3585,261,76,64,121,24.5211,46.3602
3586,259,79,59,121,22.7799,46.7181
3587,257,78,57,122,22.1790,47.4708
3588,258,80,55,123,21.3178,47.6744
3589,255,79,52,124,20.3922,48.6275
3590,256,80,51,125,19.9219,48.8281
3591,260,85,53,122,20.3846,46.9231
3592,260,84,53,123,20.3846,47.3077
3593,260,82,53,125,20.3846,48.0769
3594,261,82,52,127,19.9234,48.6590
3595,259,84,47,128,18.1467,49.4208
3596,258,83,48,127,18.6047,49.2248
3597,255,82,46,127,18.0392,49.8039
3598,257,87,44,126,17.1206,49.0272
3599,261,91,44,126,16.8582,48.2759
3600,260,93,45,122,17.3077,46.9231
3601,260,96,43,121,16.5385,46.5385
3602,261,95,45,121,17.2414,46.3602
3603,261,95,45,121,17.2414,46.3602
3604,263,95,43,125,16.3498,47.5285
3605,264,102,42,120,15.9091,45.4545
3606,266,106,42,118,15.7895,44.3609
3607,268,109,41,118,15.2985,44.0299
3608,269,112,38,119,14.1264,44.2379
3609,274,116,39,119,14.2336,43.4307
3610,277,117,40,120,14.4404,43.3213
3611,280,121,40,119,14.2857,42.5000
3612,280,125,36,119,12.8571,42.5000
3613,283,135,36,112,12.7208,39.5760
3614,287,142,34,111,11.8467,38.6760
3615,287,141,35,111,12.1951,38.6760
3616,287,146,36,105,12.5436,36.5854
3617,290,150,36,104,12.4138,35.8621
3618,293,153,38,102,12.9693,34.8123
3619,295,157,38,100,12.8814,33.8983
3620,295,157,40,98,13.5593,33.2203
3621,295,159,42,94,14.2373,31.8644
3622,298,164,42,92,14.0940,30.8725
3623,298,170,38,90,12.7517,30.2013
3624,299,169,41,89,13.7124,29.7659
3625,300,172,42,86,14.0000,28.6667
3626,297,175,42,80,14.1414,26.9360
3627,302,182,43,77,14.2384,25.4967
3628,301,178,49,74,16.2791,24.5847
3629,300,177,50,73,16.6667,24.3333
3630,298,173,54,71,18.1208,23.8255
3631,299,171,58,70,19.3980,23.4114
3632,298,170,61,67,20.4698,22.4832
3633,301,167,67,67,22.2591,22.2591
3634,301,165,70,66,23.2558,21.9269
3635,300,166,71,63,23.6667,21.0000
3636,299,163,72,64,24.0803,21.4047
3637,302,163,75,64,24.8344,21.1921
3638,300,156,81,63,27.0000,21.0000
3639,298,157,81,60,27.1812,20.1342
3640,300,160,83,57,27.6667,19.0000
3641,298,156,85,57,28.5235,19.1275
3642,301,158,88,55,29.2359,18.2724
3643,300,157,88,55,29.3333,18.3333
3644,299,152,92,55,30.7692,18.3946
3645,301,154,90,57,29.9003,18.9369
3646,300,150,94,56,31.3333,18.6667
3647,300,147,95,58,31.6667,19.3333
3648,296,140,97,59,32.7703,19.9324
3649,295,138,98,59,33.2203,20.0000
3650,292,134,95,63,32.5342,21.5753
3651,291,126,102,63,35.0515,21.6495
3652,290,124,102,64,35.1724,22.0690
3653,289,119,103,67,35.6401,23.1834
3654,289,116,102,71,35.2941,24.5675
3655,290,114,105,71,36.2069,24.4828
3656,289,115,105,69,36.3322,23.8754
3657,292,113,111,68,38.0137,23.2877
3658,289,115,103,71,35.6401,24.5675
3659,290,114,104,72,35.8621,24.8276
3660,288,115,104,69,36.1111,23.9583
3661,290,110,109,71,37.5862,24.4828
3662,287,111,106,70,36.9338,24.3902
3663,286,105,112,69,39.1608,24.1259
3664,284,100,113,71,39.7887,25.0000
3665,281,97,112,72,39.8577,25.6228
3666,284,97,117,70,41.1972,24.6479
3667,287,96,117,74,40.7666,25.7840
3668,285,90,121,74,42.4561,25.9649
3669,282,87,118,77,41.8440,27.3050
3670,283,89,117,77,41.3428,27.2085
3671,279,86,110,83,39.4265,29.7491
3672,275,75,114,86,41.4545,31.2727
3673,274,69,117,88,42.7007,32.1168
3674,273,68,114,91,41.7582,33.3333
3675,272,68,113,91,41.5441,33.4559
3676,274,70,108,96,39.4161,35.0365
3677,275,71,106,98,38.5455,35.6364
3678,274,65,109,100,39.7810,36.4964
3679,274,65,109,100,39.7810,36.4964
3680,273,63,109,101,39.9267,36.9963
3681,271,60,107,104,39.4834,38.3764
3682,270,59,105,106,38.8889,39.2593
3683,273,61,106,106,38.8278,38.8278
3684,271,56,105,110,38.7454,40.5904
3685,268,55,100,113,37.3134,42.1642
3686,267,56,96,115,35.9551,43.0712
3687,265,54,93,118,35.0943,44.5283
3688,261,54,91,116,34.8659,44.4444
3689,259,51,87,121,33.5907,46.7181
3690,259,51,88,120,33.9768,46.3320
3691,260,51,86,123,33.0769,47.3077
3692,257,52,79,126,30.7393,49.0272
3693,253,53,72,128,28.4585,50.5929
3694,250,52,68,130,27.2000,52.0000
3695,251,55,65,131,25.8964,52.1912
3696,250,56,63,131,25.2000,52.4000
3697,249,58,64,127,25.7028,51.0040
3698,249,58,60,131,24.0964,52.6104
3699,248,62,58,128,23.3871,51.6129
3700,244,62,54,128,22.1311,52.4590
3701,245,63,55,127,22.4490,51.8367
3702,243,69,51,123,20.9877,50.6173
3703,245,74,45,126,18.3673,51.4286
3704,247,73,47,127,19.0283,51.4170
3705,245,75,44,126,17.9592,51.4286
3706,247,82,41,124,16.5992,50.2024
3707,248,84,41,123,16.5323,49.5968
3708,247,83,42,122,17.0040,49.3927
3709,246,84,39,123,15.8537,50.0000
3710,246,87,38,121,15.4472,49.1870
3711,247,89,39,119,15.7895,48.1781
3712,247,88,38,121,15.3846,48.9879
3713,248,91,40,117,16.1290,47.1774
3714,250,89,44,117,17.6000,46.8000
3715,251,90,42,119,16.7331,47.4104
3716,255,94,45,116,17.6471,45.4902
3717,258,99,43,116,16.6667,44.9612
3718,258,101,42,115,16.2791,44.5736
3719,260,106,42,112,16.1538,43.0769
3720,266,110,43,113,16.1654,42.4812
3721,266,115,40,111,15.0376,41.7293
3722,266,114,41,111,15.4135,41.7293
3723,267,121,42,104,15.7303,38.9513
3724,270,125,42,103,15.5556,38.1481
3725,273,126,45,102,16.4835,37.3626
3726,276,133,45,98,16.3043,35.5072
3727,278,135,47,96,16.9065,34.5324
3728,281,142,46,93,16.3701,33.0961
3729,279,143,45,91,16.1290,32.6165
3730,280,143,46,91,16.4286,32.5000
3731,284,147,45,92,15.8451,32.3944
3732,283,143,47,93,16.6078,32.8622
3733,284,145,49,90,17.2535,31.6901
3734,284,146,50,88,17.6056,30.9859
3735,288,152,48,88,16.6667,30.5556
3736,287,152,50,85,17.4216,29.6167
3737,290,155,52,83,17.9310,28.6207
3738,291,155,55,81,18.9003,27.8351
3739,295,161,56,78,18.9831,26.4407
3740,293,153,62,78,21.1604,26.6212
3741,296,154,70,72,23.6486,24.3243
3742,296,150,74,72,25.0000,24.3243
3743,299,155,72,72,24.0803,24.0803
3744,298,154,75,69,25.1678,23.1544
3745,299,155,77,67,25.7525,22.4080
3746,299,157,75,67,25.0836,22.4080
3747,301,156,75,70,24.9169,23.2558
3748,301,154,78,69,25.9136,22.9236
3749,301,151,80,70,26.5781,23.2558
3750,298,151,80,67,26.8456,22.4832
3751,299,149,84,66,28.0936,22.0736
3752,297,148,84,65,28.2828,21.8855
3753,296,145,83,68,28.0405,22.9730
3754,295,141,86,68,29.1525,23.0508
3755,292,142,85,65,29.1096,22.2603
3756,293,142,88,63,30.0341,21.5017
3757,292,136,95,61,32.5342,20.8904
3758,290,134,98,58,33.7931,20.0000
3759,288,128,99,61,34.3750,21.1806
3760,285,124,100,61,35.0877,21.4035
3761,283,124,98,61,34.6290,21.5548
3762,281,119,99,63,35.2313,22.4199
3763,281,114,103,64,36.6548,22.7758
3764,284,113,105,66,36.9718,23.2394
3765,285,109,107,69,37.5439,24.2105
3766,284,105,108,71,38.0282,25.0000
3767,287,103,113,71,39.3728,24.7387
3768,289,104,110,75,38.0623,25.9516
3769,290,106,109,75,37.5862,25.8621
3770,290,105,108,77,37.2414,26.5517
3771,289,102,109,78,37.7163,26.9896
3772,290,100,112,78,38.6207,26.8966
3773,290,97,115,78,39.6552,26.8966
3774,289,96,115,78,39.7924,26.9896
3775,289,95,114,80,39.4464,27.6817
3776,287,93,111,83,38.6760,28.9199
3777,282,87,110,85,39.0071,30.1418
3778,284,89,107,88,37.6761,30.9859
3779,280,85,107,88,38.2143,31.4286
3780,279,84,102,93,36.5591,33.3333
3781,278,83,99,96,35.6115,34.5324
3782,277,84,96,97,34.6570,35.0181
3783,274,85,91,98,33.2117,35.7664
3784,272,84,91,97,33.4559,35.6618
3785,270,84,84,102,31.1111,37.7778
3786,269,85,83,101,30.8550,37.5465
3787,272,87,81,104,29.7794,38.2353
3788,270,89,75,106,27.7778,39.2593
3789,270,89,77,104,28.5185,38.5185
3790,272,88,80,104,29.4118,38.2353
3791,271,89,74,108,27.3063,39.8524
3792,271,89,73,109,26.9373,40.2214
3793,269,88,69,112,25.6506,41.6357
3794,269,87,66,116,24.5353,43.1227
3795,270,89,68,113,25.1852,41.8519
3796,270,85,71,114,26.2963,42.2222
3797,271,82,70,119,25.8303,43.9114
3798,272,82,69,121,25.3676,44.4853
3799,272,87,68,117,25.0000,43.0147
3800,274,87,66,121,24.0876,44.1606
3801,275,90,64,121,23.2727,44.0000
3802,277,93,62,122,22.3827,44.0433
3803,277,89,65,123,23.4657,44.4043
3804,277,88,64,125,23.1047,45.1264
3805,277,94,60,123,21.6606,44.4043
3806,281,96,62,123,22.0641,43.7722
3807,283,96,65,122,22.9682,43.1095
3808,283,95,64,124,22.6148,43.8163
3809,284,94,66,124,23.2394,43.6620
3810,282,91,67,124,23.7589,43.9716
3811,284,95,66,123,23.2394,43.3099
3812,283,95,65,123,22.9682,43.4629
3813,284,94,67,123,23.5915,43.3099
3814,283,94,69,120,24.3816,42.4028
3815,288,96,71,121,24.6528,42.0139
3816,286,96,71,119,24.8252,41.6084
3817,286,92,72,122,25.1748,42.6573
3818,286,94,72,120,25.1748,41.9580
3819,289,99,71,119,24.5675,41.1765
3820,292,103,72,117,24.6575,40.0685
3821,291,103,72,116,24.7423,39.8625
3822,291,107,70,114,24.0550,39.1753
3823,291,101,74,116,25.4296,39.8625
3824,294,101,78,115,26.5306,39.1156
3825,293,101,78,114,26.6212,38.9078
3826,295,104,77,114,26.1017,38.6441
3827,298,105,77,116,25.8389,38.9262
3828,298,107,80,111,26.8456,37.2483
3829,295,109,76,110,25.7627,37.2881
3830,292,111,73,108,25.0000,36.9863
3831,297,112,75,110,25.2525,37.0370
3832,298,118,77,103,25.8389,34.5638
3833,299,117,80,102,26.7559,34.1137
3834,300,115,83,102,27.6667,34.0000
3835,297,115,80,102,26.9360,34.3434
3836,297,112,83,102,27.9461,34.3434
3837,294,116,80,98,27.2109,33.3333
3838,292,116,75,101,25.6849,34.5890
3839,295,119,77,99,26.1017,33.5593
3840,295,120,78,97,26.4407,32.8814
3841,297,119,80,98,26.9360,32.9966
3842,298,119,82,97,27.5168,32.5503
3843,301,124,76,101,25.2492,33.5548
3844,299,119,80,100,26.7559,33.4448
3845,299,119,81,99,27.0903,33.1104
3846,301,124,79,98,26.2458,32.5581
3847,301,114,86,101,28.5714,33.5548
3848,298,112,85,101,28.5235,33.8926
3849,298,113,88,97,29.5302,32.5503
3850,303,119,91,93,30.0330,30.6931
3851,301,115,90,96,29.9003,31.8937
3852,301,112,96,93,31.8937,30.8970
3853,298,104,99,95,33.2215,31.8792
3854,299,104,98,97,32.7759,32.4415
3855,301,104,98,99,32.5581,32.8904
3856,299,104,97,98,32.4415,32.7759
3857,300,98,101,101,33.6667,33.6667
3858,299,93,104,102,34.7826,34.1137
3859,298,85,111,102,37.2483,34.2282
3860,295,83,110,102,37.2881,34.5763
3861,294,76,115,103,39.1156,35.0340
3862,293,74,115,104,39.2491,35.4949
3863,293,73,117,103,39.9317,35.1536
3864,290,73,113,104,38.9655,35.8621
3865,286,67,113,106,39.5105,37.0629
3866,288,68,115,105,39.9306,36.4583
3867,287,69,112,106,39.0244,36.9338
3868,285,67,112,106,39.2982,37.1930
3869,285,72,110,103,38.5965,36.1404
3870,282,69,108,105,38.2979,37.2340
3871,282,71,106,105,37.5887,37.2340
3872,280,70,106,104,37.8571,37.1429
3873,276,67,100,109,36.2319,39.4928
3874,277,68,98,111,35.3791,40.0722
3875,275,70,95,110,34.5455,40.0000
3876,274,67,96,111,35.0365,40.5109
3877,274,63,99,112,36.1314,40.8759
3878,270,61,92,117,34.0741,43.3333
3879,271,65,89,117,32.8413,43.1734
3880,268,66,82,120,30.5970,44.7761
3881,264,66,77,121,29.1667,45.8333
3882,263,64,76,123,28.8973,46.7681
3883,262,67,72,123,27.4809,46.9466
3884,264,64,74,126,28.0303,47.7273
3885,263,68,70,125,26.6160,47.5285
3886,260,70,68,122,26.1538,46.9231
3887,260,71,66,123,25.3846,47.3077
3888,260,68,68,124,26.1538,47.6923
3889,258,69,65,124,25.1938,48.0620
3890,258,72,65,121,25.1938,46.8992
3891,259,74,64,121,24.7104,46.7181
3892,258,75,61,122,23.6434,47.2868
3893,258,78,57,123,22.0930,47.6744
3894,256,77,56,123,21.8750,48.0469
3895,253,84,54,115,21.3439,45.4545
3896,252,86,50,116,19.8413,46.0317
3897,255,90,46,119,18.0392,46.6667
3898,253,92,42,119,16.6008,47.0356
3899,254,93,44,117,17.3228,46.0630
3900,256,94,44,118,17.1875,46.0938
3901,256,97,42,117,16.4062,45.7031
3902,258,97,44,117,17.0543,45.3488
3903,254,96,44,114,17.3228,44.8819
3904,258,98,45,115,17.4419,44.5736
3905,258,98,46,114,17.8295,44.1860
3906,259,100,49,110,18.9189,42.4710
3907,258,100,50,108,19.3798,41.8605
3908,260,104,48,108,18.4615,41.5385
3909,256,104,48,104,18.7500,40.6250
3910,256,103,50,103,19.5312,40.2344
3911,257,102,51,104,19.8444,40.4669
3912,258,100,54,104,20.9302,40.3101
3913,261,104,55,102,21.0728,39.0805
3914,265,106,58,101,21.8868,38.1132
3915,263,107,56,100,21.2928,38.0228
3916,266,111,57,98,21.4286,36.8421
3917,267,110,62,95,23.2210,35.5805
3918,268,112,59,97,22.0149,36.1940
3919,266,116,56,94,21.0526,35.3383
3920,266,118,56,92,21.0526,34.5865
3921,265,121,55,89,20.7547,33.5849
3922,266,123,57,86,21.4286,32.3308
3923,269,123,61,85,22.6766,31.5985
3924,268,122,59,87,22.0149,32.4627
3925,268,126,59,83,22.0149,30.9701
3926,268,121,65,82,24.2537,30.5970
3927,267,125,62,80,23.2210,29.9625
3928,267,126,61,80,22.8464,29.9625
3929,267,123,65,79,24.3446,29.5880
3930,265,125,64,76,24.1509,28.6792
3931,263,124,66,73,25.0951,27.7567
3932,263,125,66,72,25.0951,27.3764
3933,262,125,67,70,25.5725,26.7176
3934,262,123,70,69,26.7176,26.3359
3935,263,123,71,69,26.9962,26.2357
3936,264,123,74,67,28.0303,25.3788
3937,269,128,75,66,27.8810,24.5353
3938,269,124,75,70,27.8810,26.0223
3939,270,128,76,66,28.1481,24.4444
3940,271,130,76,65,28.0443,23.9852
3941,273,130,78,65,28.5714,23.8095
3942,274,130,79,65,28.8321,23.7226
3943,273,131,76,66,27.8388,24.1758
3944,272,128,78,66,28.6765,24.2647
3945,271,126,80,65,29.5203,23.9852
3946,269,125,75,69,27.8810,25.6506
3947,271,125,76,70,28.0443,25.8303
3948,274,124,80,70,29.1971,25.5474
3949,271,122,84,65,30.9963,23.9852
3950,269,121,83,65,30.8550,24.1636
3951,267,118,85,64,31.8352,23.9700
3952,265,114,86,65,32.4528,24.5283
3953,264,112,87,65,32.9545,24.6212
3954,261,109,87,65,33.3333,24.9042
3955,260,106,87,67,33.4615,25.7692
3956,259,105,88,66,33.9768,25.4826
3957,261,105,90,66,34.4828,25.2874
3958,258,106,86,66,33.3333,25.5814
3959,257,105,87,65,33.8521,25.2918
3960,258,102,90,66,34.8837,25.5814
3961,259,102,90,67,34.7490,25.8687
3962,258,102,88,68,34.1085,26.3566
3963,258,96,94,68,36.4341,26.3566
3964,258,94,96,68,37.2093,26.3566
3965,259,93,95,71,36.6795,27.4131
3966,257,89,95,73,36.9650,28.4047
3967,256,86,97,73,37.8906,28.5156
3968,252,85,92,75,36.5079,29.7619
3969,251,82,92,77,36.6534,30.6773
3970,253,86,90,77,35.5731,30.4348
3971,252,86,85,81,33.7302,32.1429
3972,252,84,82,86,32.5397,34.1270
3973,251,80,82,89,32.6693,35.4582
3974,246,75,82,89,33.3333,36.1789
3975,247,75,82,90,33.1984,36.4372
3976,244,70,86,88,35.2459,36.0656
3977,243,71,84,88,34.5679,36.2140
3978,243,75,79,89,32.5103,36.6255
3979,246,77,81,88,32.9268,35.7724
3980,245,74,82,89,33.4694,36.3265
3981,244,71,83,90,34.0164,36.8852
3982,246,70,88,88,35.7724,35.7724
3983,246,71,85,90,34.5528,36.5854
3984,244,72,76,96,31.1475,39.3443
3985,245,75,75,95,30.6122,38.7755
3986,245,76,72,97,29.3878,39.5918
3987,243,80,66,97,27.1605,39.9177
3988,245,81,66,98,26.9388,40.0000
3989,245,82,64,99,26.1224,40.4082
3990,246,87,61,98,24.7967,39.8374
3991,244,84,62,98,25.4098,40.1639
3992,243,83,62,98,25.5144,40.3292
3993,244,84,59,101,24.1803,41.3934
3994,244,88,54,102,22.1311,41.8033
3995,243,89,53,101,21.8107,41.5638
3996,241,90,49,102,20.3320,42.3237
3997,241,92,45,104,18.6722,43.1535
3998,241,95,44,102,18.2573,42.3237
3999,243,95,47,101,19.3416,41.5638
4000,242,97,44,101,18.1818,41.7355
4001,243,95,45,103,18.5185,42.3868
4002,238,99,37,102,15.5462,42.8571
4003,236,100,32,104,13.5593,44.0678
4004,237,103,33,101,13.9241,42.6160
4005,240,106,33,101,13.7500,42.0833
4006,242,108,33,101,13.6364,41.7355
4007,246,113,34,99,13.8211,40.2439
4008,249,117,34,98,13.6546,39.3574
4009,254,124,32,98,12.5984,38.5827
4010,256,128,30,98,11.7188,38.2812
4011,260,133,29,98,11.1538,37.6923
4012,263,139,26,98,9.8859,37.2624
4013,262,139,26,97,9.9237,37.0229
4014,263,141,27,95,10.2662,36.1217
4015,264,139,30,95,11.3636,35.9848
4016,267,144,28,95,10.4869,35.5805
4017,268,148,28,92,10.4478,34.3284
4018,272,151,31,90,11.3971,33.0882
4019,272,154,28,90,10.2941,33.0882
4020,275,158,27,90,9.8182,32.7273
4021,278,163,26,89,9.3525,32.0144
4022,277,166,24,87,8.6643,31.4079
4023,279,171,25,83,8.9606,29.7491
4024,280,174,27,79,9.6429,28.2143
4025,281,173,31,77,11.0320,27.4021
4026,284,175,30,79,10.5634,27.8169
4027,287,178,31,78,10.8014,27.1777
4028,290,180,32,78,11.0345,26.8966
4029,291,182,31,78,10.6529,26.8041
4030,291,183,33,75,11.3402,25.7732
4031,295,186,35,74,11.8644,25.0847
4032,297,186,38,73,12.7946,24.5791
4033,297,184,41,72,13.8047,24.2424
4034,303,188,43,72,14.1914,23.7624
4035,303,191,41,71,13.5314,23.4323
4036,301,195,41,65,13.6213,21.5947
4037,301,190,46,65,15.2824,21.5947
4038,301,188,51,62,16.9435,20.5980
4039,300,184,54,62,18.0000,20.6667
4040,299,182,57,60,19.0635,20.0669
4041,300,183,59,58,19.6667,19.3333
4042,300,180,64,56,21.3333,18.6667
4043,300,175,68,57,22.6667,19.0000
4044,298,172,70,56,23.4899,18.7919
4045,297,174,69,54,23.2323,18.1818
4046,299,175,72,52,24.0803,17.3913
4047,302,171,79,52,26.1589,17.2185
4048,300,169,82,49,27.3333,16.3333
4049,300,161,92,47,30.6667,15.6667
4050,299,160,93,46,31.1037,15.3846
4051,301,149,106,46,35.2159,15.2824
4052,299,147,106,46,35.4515,15.3846
4053,302,151,104,47,34.4371,15.5629
4054,300,150,104,46,34.6667,15.3333
4055,299,145,109,45,36.4548,15.0502
4056,300,142,111,47,37.0000,15.6667
4057,297,136,112,49,37.7104,16.4983
4058,297,134,110,53,37.0370,17.8451
4059,297,125,115,57,38.7205,19.1919
4060,300,125,116,59,38.6667,19.6667
4061,297,121,118,58,39.7306,19.5286
4062,298,123,116,59,38.9262,19.7987
4063,298,116,120,62,40.2685,20.8054
4064,299,118,120,61,40.1338,20.4013
4065,297,112,122,63,41.0774,21.2121
4066,296,107,123,66,41.5541,22.2973
4067,296,104,123,69,41.5541,23.3108
4068,297,98,127,72,42.7609,24.2424
4069,297,92,130,75,43.7710,25.2525
4070,294,91,124,79,42.1769,26.8707
4071,294,89,119,86,40.4762,29.2517
4072,292,91,114,87,39.0411,29.7945
4073,294,89,117,88,39.7959,29.9320
4074,297,89,119,89,40.0673,29.9663
4075,297,82,124,91,41.7508,30.6397
4076,295,80,121,94,41.0169,31.8644
4077,294,83,117,94,39.7959,31.9728
4078,293,84,114,95,38.9078,32.4232
4079,293,83,113,97,38.5666,33.1058
4080,287,79,108,100,37.6307,34.8432
4081,286,78,107,101,37.4126,35.3147
4082,283,77,105,101,37.1025,35.6890
4083,277,74,102,101,36.8231,36.4621
4084,277,73,102,102,36.8231,36.8231
4085,272,74,96,102,35.2941,37.5000
4086,272,71,98,103,36.0294,37.8676
4087,268,72,90,106,33.5821,39.5522
4088,263,72,85,106,32.3194,40.3042
4089,263,74,78,111,29.6578,42.2053
4090,262,77,72,113,27.4809,43.1298
4091,259,78,69,112,26.6409,43.2432
4092,261,78,69,114,26.4368,43.6782
4093,263,74,73,116,27.7567,44.1065
4094,259,74,67,118,25.8687,45.5598
4095,257,76,63,118,24.5136,45.9144
4096,252,77,54,121,21.4286,48.0159
4097,253,79,55,119,21.7391,47.0356
4098,257,82,54,121,21.0117,47.0817
4099,257,85,51,121,19.8444,47.0817
4100,255,84,50,121,19.6078,47.4510
4101,253,80,52,121,20.5534,47.8261
4102,256,84,50,122,19.5312,47.6562
4103,258,85,50,123,19.3798,47.6744
4104,255,86,47,122,18.4314,47.8431
4105,255,90,45,120,17.6471,47.0588
4106,254,91,42,121,16.5354,47.6378
4107,257,96,41,120,15.9533,46.6926
4108,257,97,41,119,15.9533,46.3035
4109,256,99,41,116,16.0156,45.3125
4110,256,102,42,112,16.4062,43.7500
4111,257,106,43,108,16.7315,42.0233
4112,258,109,41,108,15.8915,41.8605
4113,259,111,37,111,14.2857,42.8571
4114,262,115,36,111,13.7405,42.3664
4115,266,123,35,108,13.1579,40.6015
4116,269,124,38,107,14.1264,39.7770
4117,272,126,40,106,14.7059,38.9706
4118,273,128,41,104,15.0183,38.0952
4119,278,136,41,101,14.7482,36.3309
4120,281,146,39,96,13.8790,34.1637
4121,279,152,34,93,12.1864,33.3333
4122,280,157,31,92,11.0714,32.8571
4123,281,164,31,86,11.0320,30.6050
4124,282,161,38,83,13.4752,29.4326
4125,281,162,38,81,13.5231,28.8256
4126,281,161,40,80,14.2349,28.4698
4127,280,162,40,78,14.2857,27.8571
4128,284,166,44,74,15.4930,26.0563
4129,285,166,45,74,15.7895,25.9649
4130,286,170,44,72,15.3846,25.1748
4131,287,172,43,72,14.9826,25.0871
4132,285,175,42,68,14.7368,23.8596
4133,287,172,49,66,17.0732,22.9965
4134,291,173,52,66,17.8694,22.6804
4135,291,173,51,67,17.5258,23.0241
4136,294,178,50,66,17.0068,22.4490
4137,295,177,50,68,16.9492,23.0508
4138,295,176,52,67,17.6271,22.7119
4139,297,182,52,63,17.5084,21.2121
4140,297,178,57,62,19.1919,20.8754
4141,299,183,59,57,19.7324,19.0635
4142,302,184,64,54,21.1921,17.8808
4143,302,176,72,54,23.8411,17.8808
4144,298,173,71,54,23.8255,18.1208
4145,300,169,76,55,25.3333,18.3333
4146,299,166,80,53,26.7559,17.7258
4147,300,164,81,55,27.0000,18.3333
4148,300,158,87,55,29.0000,18.3333
4149,298,154,86,58,28.8591,19.4631
4150,300,154,90,56,30.0000,18.6667
4151,299,150,94,55,31.4381,18.3946
4152,300,148,96,56,32.0000,18.6667
4153,300,145,96,59,32.0000,19.6667
4154,297,139,99,59,33.3333,19.8653
4155,297,139,100,58,33.6700,19.5286
4156,297,136,104,57,35.0168,19.1919
4157,301,137,108,56,35.8804,18.6047
4158,296,136,103,57,34.7973,19.2568
4159,298,132,108,58,36.2416,19.4631
4160,295,122,114,59,38.6441,20.0000
4161,295,114,121,60,41.0169,20.3390
4162,293,109,124,60,42.3208,20.4778
4163,291,107,122,62,41.9244,21.3058
4164,293,112,114,67,38.9078,22.8669
4165,291,111,113,67,38.8316,23.0241
4166,290,107,112,71,38.6207,24.4828
4167,293,106,109,78,37.2014,26.6212
4168,294,107,103,84,35.0340,28.5714
4169,295,102,105,88,35.5932,29.8305
4170,294,96,111,87,37.7551,29.5918
4171,294,97,107,90,36.3946,30.6122
4172,292,93,105,94,35.9589,32.1918
4173,295,91,108,96,36.6102,32.5424
4174,293,93,103,97,35.1536,33.1058
4175,294,91,105,98,35.7143,33.3333
4176,293,85,110,98,37.5427,33.4471
4177,292,79,112,101,38.3562,34.5890
4178,293,78,112,103,38.2253,35.1536
4179,297,78,113,106,38.0471,35.6902
4180,293,72,110,111,37.5427,37.8840
4181,287,74,99,114,34.4948,39.7213
4182,283,70,99,114,34.9823,40.2827
4183,282,72,95,115,33.6879,40.7801
4184,284,70,99,115,34.8592,40.4930
4185,287,71,100,116,34.8432,40.4181
4186,284,69,97,118,34.1549,41.5493
4187,277,65,95,117,34.2960,42.2383
4188,278,63,98,117,35.2518,42.0863
4189,277,63,98,116,35.3791,41.8773
4190,277,65,93,119,33.5740,42.9603
4191,278,67,90,121,32.3741,43.5252
4192,279,67,91,121,32.6165,43.3692
4193,279,67,89,123,31.8996,44.0860
4194,277,66,86,125,31.0469,45.1264
4195,276,61,89,126,32.2464,45.6522
4196,279,67,84,128,30.1075,45.8781
4197,277,72,78,127,28.1588,45.8484
4198,282,76,74,132,26.2411,46.8085
4199,280,76,74,130,26.4286,46.4286
4200,281,82,70,129,24.9110,45.9075
4201,281,86,67,128,23.8434,45.5516
4202,281,86,64,131,22.7758,46.6192
4203,285,91,63,131,22.1053,45.9649
4204,287,93,63,131,21.9512,45.6446
4205,287,92,65,130,22.6481,45.2962
4206,284,94,60,130,21.1268,45.7746
4207,288,98,59,131,20.4861,45.4861
4208,291,100,56,135,19.2440,46.3918
4209,293,100,55,138,18.7713,47.0990
4210,293,104,54,135,18.4300,46.0751
4211,295,107,51,137,17.2881,46.4407
4212,294,108,49,137,16.6667,46.5986
4213,295,108,51,136,17.2881,46.1017
4214,297,106,53,138,17.8451,46.4646
4215,297,107,50,140,16.8350,47.1380
4216,300,116,51,133,17.0000,44.3333
4217,300,118,53,129,17.6667,43.0000
4218,300,123,53,124,17.6667,41.3333
4219,299,127,52,120,17.3913,40.1338
4220,300,134,51,115,17.0000,38.3333
4221,299,134,55,110,18.3946,36.7893
4222,299,130,59,110,19.7324,36.7893
4223,301,132,63,106,20.9302,35.2159
4224,301,129,69,103,22.9236,34.2193
4225,299,129,66,104,22.0736,34.7826
4226,297,129,68,100,22.8956,33.6700
4227,300,129,74,97,24.6667,32.3333
4228,299,128,73,98,24.4147,32.7759
4229,299,127,76,96,25.4181,32.1070
4230,298,123,80,95,26.8456,31.8792
4231,298,118,88,92,29.5302,30.8725
4232,301,122,91,88,30.2326,29.2359
4233,298,121,93,84,31.2081,28.1879
4234,300,123,93,84,31.0000,28.0000
4235,297,116,98,83,32.9966,27.9461
4236,297,112,101,84,34.0067,28.2828
4237,297,113,100,84,33.6700,28.2828
4238,298,111,104,83,34.8993,27.8523
4239,302,111,106,85,35.0993,28.1457
4240,299,107,108,84,36.1204,28.0936
4241,298,107,109,82,36.5772,27.5168
4242,294,109,107,78,36.3946,26.5306
4243,292,107,107,78,36.6438,26.7123
4244,288,107,102,79,35.4167,27.4306
4245,284,105,101,78,35.5634,27.4648
4246,284,98,108,78,38.0282,27.4648
4247,284,101,104,79,36.6197,27.8169
4248,284,102,105,77,36.9718,27.1127
4249,283,97,111,75,39.2226,26.5018
4250,282,103,106,73,37.5887,25.8865
4251,280,102,101,77,36.0714,27.5000
4252,282,106,96,80,34.0426,28.3688
4253,282,103,98,81,34.7518,28.7234
4254,282,105,97,80,34.3972,28.3688
4255,283,106,95,82,33.5689,28.9753
4256,288,112,87,89,30.2083,30.9028
4257,288,113,88,87,30.5556,30.2083
4258,289,112,89,88,30.7958,30.4498
4259,289,112,87,90,30.1038,31.1419
4260,286,116,82,88,28.6713,30.7692
4261,286,120,81,85,28.3217,29.7203
4262,286,119,81,86,28.3217,30.0699
4263,290,124,78,88,26.8966,30.3448
4264,290,120,83,87,28.6207,30.0000
4265,291,120,82,89,28.1787,30.5842
4266,289,118,80,91,27.6817,31.4879
4267,288,122,77,89,26.7361,30.9028
4268,287,119,77,91,26.8293,31.7073
4269,286,115,74,97,25.8741,33.9161
4270,284,116,70,98,24.6479,34.5070
4271,282,110,77,95,27.3050,33.6879
4272,287,115,76,96,26.4808,33.4495
4273,289,114,76,99,26.2976,34.2561
4274,289,110,75,104,25.9516,35.9862
4275,289,109,74,106,25.6055,36.6782
4276,293,110,77,106,26.2799,36.1775
4277,294,113,76,105,25.8503,35.7143
4278,294,113,75,106,25.5102,36.0544
4279,293,110,73,110,24.9147,37.5427
4280,293,107,76,110,25.9386,37.5427
4281,294,106,78,110,26.5306,37.4150
4282,295,107,77,111,26.1017,37.6271
4283,297,109,76,112,25.5892,37.7104
4284,295,111,72,112,24.4068,37.9661
4285,297,113,70,114,23.5690,38.3838
4286,298,117,67,114,22.4832,38.2550
4287,299,117,65,117,21.7391,39.1304
4288,301,119,65,117,21.5947,38.8704
4289,300,117,65,118,21.6667,39.3333
4290,299,112,68,119,22.7425,39.7993
4291,297,112,65,120,21.8855,40.4040
4292,296,107,67,122,22.6351,41.2162
4293,293,104,66,123,22.5256,41.9795
4294,293,106,64,123,21.8430,41.9795
4295,292,111,58,123,19.8630,42.1233
4296,295,114,58,123,19.6610,41.6949
4297,295,112,60,123,20.3390,41.6949
4298,295,114,59,122,20.0000,41.3559
4299,298,118,60,120,20.1342,40.2685
4300,297,118,59,120,19.8653,40.4040
4301,297,118,58,121,19.5286,40.7407
4302,299,118,61,120,20.4013,40.1338
4303,303,123,64,116,21.1221,38.2838
4304,302,124,66,112,21.8543,37.0861
4305,300,123,68,109,22.6667,36.3333
4306,298,120,70,108,23.4899,36.2416
4307,300,120,75,105,25.0000,35.0000
4308,299,124,77,98,25.7525,32.7759
4309,298,118,82,98,27.5168,32.8859
4310,302,124,80,98,26.4901,32.4503
4311,301,125,80,96,26.5781,31.8937
4312,297,123,76,98,25.5892,32.9966
4313,299,124,75,100,25.0836,33.4448
4314,301,119,82,100,27.2425,33.2226
4315,301,119,87,95,28.9037,31.5615
4316,301,117,87,97,28.9037,32.2259
4317,300,114,89,97,29.6667,32.3333
4318,297,116,88,93,29.6296,31.3131
4319,297,114,91,92,30.6397,30.9764
4320,297,116,89,92,29.9663,30.9764
4321,294,120,88,86,29.9320,29.2517
4322,294,117,90,87,30.6122,29.5918
4323,293,112,92,89,31.3993,30.3754
4324,292,108,95,89,32.5342,30.4795
4325,293,109,95,89,32.4232,30.3754
4326,293,111,97,85,33.1058,29.0102
4327,293,109,98,86,33.4471,29.3515
4328,295,110,98,87,33.2203,29.4915
4329,294,110,95,89,32.3129,30.2721
4330,292,112,88,92,30.1370,31.5068
4331,291,114,87,90,29.8969,30.9278
4332,293,108,95,90,32.4232,30.7167
4333,293,104,98,91,33.4471,31.0580
4334,292,109,93,90,31.8493,30.8219
4335,289,107,88,94,30.4498,32.5260
4336,289,104,90,95,31.1419,32.8720
4337,288,104,88,96,30.5556,33.3333
4338,289,104,89,96,30.7958,33.2180
4339,288,108,89,91,30.9028,31.5972
4340,287,105,91,91,31.7073,31.7073
4341,288,107,89,92,30.9028,31.9444
4342,287,108,86,93,29.9652,32.4042
4343,284,106,86,92,30.2817,32.3944
4344,280,104,83,93,29.6429,33.2143
4345,282,105,83,94,29.4326,33.3333
4346,284,104,80,100,28.1690,35.2113
4347,283,104,80,99,28.2686,34.9823
4348,282,99,83,100,29.4326,35.4610
4349,281,98,82,101,29.1815,35.9431
4350,285,101,83,101,29.1228,35.4386
4351,284,98,85,101,29.9296,35.5634
4352,284,99,82,103,28.8732,36.2676
4353,282,96,81,105,28.7234,37.2340
4354,282,96,83,103,29.4326,36.5248
4355,283,98,82,103,28.9753,36.3958
4356,284,96,83,105,29.2254,36.9718
4357,286,96,81,109,28.3217,38.1119
4358,286,95,82,109,28.6713,38.1119
4359,288,99,79,110,27.4306,38.1944
4360,289,99,79,111,27.3356,38.4083
4361,289,99,78,112,26.9896,38.7543
4362,290,103,77,110,26.5517,37.9310
4363,289,99,80,110,27.6817,38.0623
4364,290,100,80,110,27.5862,37.9310
4365,287,101,77,109,26.8293,37.9791
4366,289,103,76,110,26.2976,38.0623
4367,289,103,75,111,25.9516,38.4083
4368,287,102,72,113,25.0871,39.3728
4369,284,104,68,112,23.9437,39.4366
4370,284,103,66,115,23.2394,40.4930
4371,286,102,69,115,24.1259,40.2098
4372,287,103,69,115,24.0418,40.0697
4373,288,99,70,119,24.3056,41.3194
4374,287,100,69,118,24.0418,41.1150
4375,287,101,68,118,23.6934,41.1150
4376,285,100,67,118,23.5088,41.4035
4377,290,104,70,116,24.1379,40.0000
4378,289,101,72,116,24.9135,40.1384
4379,287,99,73,115,25.4355,40.0697
4380,287,99,74,114,25.7840,39.7213
4381,287,100,76,111,26.4808,38.6760
4382,287,101,77,109,26.8293,37.9791
4383,286,102,77,107,26.9231,37.4126
4384,287,106,74,107,25.7840,37.2822
4385,286,106,73,107,25.5245,37.4126
4386,285,106,74,105,25.9649,36.8421
4387,290,114,74,102,25.5172,35.1724
4388,292,113,76,103,26.0274,35.2740
4389,291,114,75,102,25.7732,35.0515
4390,292,113,77,102,26.3699,34.9315
4391,291,110,78,103,26.8041,35.3952
4392,291,105,80,106,27.4914,36.4261
4393,295,110,79,106,26.7797,35.9322
4394,293,111,75,107,25.5973,36.5188
4395,292,109,77,106,26.3699,36.3014
4396,291,106,81,104,27.8351,35.7388
4397,292,108,81,103,27.7397,35.2740
4398,292,110,85,97,29.1096,33.2192
4399,293,107,85,101,29.0102,34.4710
4400,292,109,83,100,28.4247,34.2466
4401,293,109,83,101,28.3276,34.4710
4402,292,108,82,102,28.0822,34.9315
4403,294,107,84,103,28.5714,35.0340
4404,296,113,83,100,28.0405,33.7838
4405,294,113,82,99,27.8912,33.6735
4406,293,111,82,100,27.9863,34.1297
4407,297,111,87,99,29.2929,33.3333
4408,297,112,87,98,29.2929,32.9966
4409,298,115,87,96,29.1946,32.2148
4410,300,119,85,96,28.3333,32.0000
4411,297,117,85,95,28.6195,31.9865
4412,293,116,79,98,26.9625,33.4471
4413,293,113,82,98,27.9863,33.4471
4414,296,113,84,99,28.3784,33.4459
4415,300,115,84,101,28.0000,33.6667
4416,297,116,82,99,27.6094,33.3333
4417,294,116,77,101,26.1905,34.3537
4418,293,117,74,102,25.2560,34.8123
4419,293,114,73,106,24.9147,36.1775
4420,292,116,73,103,25.0000,35.2740
4421,290,117,70,103,24.1379,35.5172
4422,289,113,75,101,25.9516,34.9481
4423,296,115,78,103,26.3514,34.7973
4424,297,118,76,103,25.5892,34.6801
4425,297,120,77,100,25.9259,33.6700
4426,299,120,80,99,26.7559,33.1104
4427,295,120,78,97,26.4407,32.8814
4428,294,118,77,99,26.1905,33.6735
4429,294,114,81,99,27.5510,33.6735
4430,294,112,83,99,28.2313,33.6735
4431,300,115,86,99,28.6667,33.0000
4432,299,110,88,101,29.4314,33.7793
4433,299,110,88,101,29.4314,33.7793
4434,302,115,84,103,27.8146,34.1060
4435,301,105,89,107,29.5681,35.5482
4436,300,101,92,107,30.6667,35.6667
4437,299,98,95,106,31.7726,35.4515
4438,300,97,94,109,31.3333,36.3333
4439,298,94,93,111,31.2081,37.2483
4440,301,97,95,109,31.5615,36.2126
4441,300,94,97,109,32.3333,36.3333
4442,297,91,97,109,32.6599,36.7003
4443,297,93,89,115,29.9663,38.7205
4444,299,96,90,113,30.1003,37.7926
4445,301,96,95,110,31.5615,36.5449
4446,300,99,92,109,30.6667,36.3333
4447,299,93,95,111,31.7726,37.1237
4448,296,90,94,112,31.7568,37.8378
4449,295,87,94,114,31.8644,38.6441
4450,291,82,90,119,30.9278,40.8935
4451,292,84,93,115,31.8493,39.3836
4452,293,88,91,114,31.0580,38.9078
4453,290,89,88,113,30.3448,38.9655
4454,291,94,86,111,29.5533,38.1443
4455,286,95,82,109,28.6713,38.1119
4456,285,93,80,112,28.0702,39.2982
4457,285,95,78,112,27.3684,39.2982
4458,287,99,76,112,26.4808,39.0244
4459,288,100,75,113,26.0417,39.2361
4460,289,101,75,113,25.9516,39.1003
4461,288,104,70,114,24.3056,39.5833
4462,287,105,68,114,23.6934,39.7213
4463,288,106,65,117,22.5694,40.6250
4464,291,108,67,116,23.0241,39.8625
4465,292,109,68,115,23.2877,39.3836
4466,288,105,70,113,24.3056,39.2361
4467,287,107,69,111,24.0418,38.6760
4468,286,108,63,115,22.0280,40.2098
4469,286,110,63,113,22.0280,39.5105
4470,284,115,55,114,19.3662,40.1408
4471,287,120,57,110,19.8606,38.3275
4472,286,120,56,110,19.5804,38.4615
4473,285,118,54,113,18.9474,39.6491
4474,287,119,56,112,19.5122,39.0244
4475,293,127,56,110,19.1126,37.5427
4476,292,127,56,109,19.1781,37.3288
4477,294,133,51,110,17.3469,37.4150
4478,299,134,54,111,18.0602,37.1237
4479,299,130,57,112,19.0635,37.4582
4480,300,136,55,109,18.3333,36.3333
4481,300,134,58,108,19.3333,36.0000
4482,299,131,60,108,20.0669,36.1204
4483,300,131,62,107,20.6667,35.6667
4484,297,132,59,106,19.8653,35.6902
4485,297,130,60,107,20.2020,36.0269
4486,297,132,59,106,19.8653,35.6902
4487,295,136,56,103,18.9831,34.9153
4488,296,135,58,103,19.5946,34.7973
4489,301,140,58,103,19.2691,34.2193
4490,300,138,62,100,20.6667,33.3333
4491,296,139,61,96,20.6081,32.4324
4492,298,137,65,96,21.8121,32.2148
4493,301,141,62,98,20.5980,32.5581
4494,300,141,62,97,20.6667,32.3333
4495,298,143,64,91,21.4765,30.5369
4496,299,141,68,90,22.7425,30.1003
4497,303,141,71,91,23.4323,30.0330
4498,302,139,73,90,24.1722,29.8013
4499,298,136,74,88,24.8322,29.5302
4500,296,133,76,87,25.6757,29.3919
4501,296,134,75,87,25.3378,29.3919
4502,302,142,76,84,25.1656,27.8146
4503,302,143,73,86,24.1722,28.4768
4504,299,139,74,86,24.7492,28.7625
4505,300,140,76,84,25.3333,28.0000
4506,296,133,78,85,26.3514,28.7162
4507,296,133,78,85,26.3514,28.7162
4508,296,128,85,83,28.7162,28.0405
4509,296,124,89,83,30.0676,28.0405
4510,296,127,85,84,28.7162,28.3784
4511,297,127,84,86,28.2828,28.9562
4512,295,125,86,84,29.1525,28.4746
4513,295,124,88,83,29.8305,28.1356
4514,295,121,90,84,30.5085,28.4746
4515,295,122,92,81,31.1864,27.4576
4516,294,122,93,79,31.6327,26.8707
4517,293,115,98,80,33.4471,27.3038
4518,293,111,99,83,33.7884,28.3276
4519,291,112,96,83,32.9897,28.5223
4520,292,112,97,83,33.2192,28.4247
4521,296,118,94,84,31.7568,28.3784
4522,295,119,96,80,32.5424,27.1186
4523,297,116,101,80,34.0067,26.9360
4524,298,117,102,79,34.2282,26.5101
4525,297,113,109,75,36.7003,25.2525
4526,295,109,109,77,36.9492,26.1017
4527,295,103,115,77,38.9831,26.1017
4528,295,100,116,79,39.3220,26.7797
4529,294,97,112,85,38.0952,28.9116
4530,295,98,114,83,38.6441,28.1356
4531,295,98,115,82,38.9831,27.7966
4532,294,93,117,84,39.7959,28.5714
4533,294,93,116,85,39.4558,28.9116
4534,294,89,120,85,40.8163,28.9116
4535,294,85,123,86,41.8367,29.2517
4536,292,85,119,88,40.7534,30.1370
4537,289,86,116,87,40.1384,30.1038
4538,284,87,108,89,38.0282,31.3380
4539,286,90,106,90,37.0629,31.4685
4540,286,92,102,92,35.6643,32.1678
4541,288,94,101,93,35.0694,32.2917
4542,286,94,98,94,34.2657,32.8671
4543,284,88,102,94,35.9155,33.0986
4544,282,87,99,96,35.1064,34.0426
4545,281,88,97,96,34.5196,34.1637
4546,277,83,93,101,33.5740,36.4621
4547,274,86,85,103,31.0219,37.5912
4548,275,87,83,105,30.1818,38.1818
4549,272,86,79,107,29.0441,39.3382
4550,270,85,73,112,27.0370,41.4815
4551,270,85,73,112,27.0370,41.4815
4552,268,86,68,114,25.3731,42.5373
4553,269,89,67,113,24.9071,42.0074
4554,268,94,61,113,22.7612,42.1642
4555,266,98,57,111,21.4286,41.7293
4556,266,101,54,111,20.3008,41.7293
4557,272,106,52,114,19.1176,41.9118
4558,272,104,55,113,20.2206,41.5441
4559,274,104,56,114,20.4380,41.6058
4560,273,105,56,112,20.5128,41.0256
4561,273,104,57,112,20.8791,41.0256
4562,276,105,61,110,22.1014,39.8551
4563,278,108,61,109,21.9424,39.2086
4564,277,107,60,110,21.6606,39.7112
4565,274,104,62,108,22.6277,39.4161
4566,275,106,61,108,22.1818,39.2727
4567,275,104,62,109,22.5455,39.6364
4568,272,106,59,107,21.6912,39.3382
4569,271,107,57,107,21.0332,39.4834
4570,273,112,55,106,20.1465,38.8278
4571,273,115,53,105,19.4139,38.4615
4572,272,117,55,100,20.2206,36.7647
4573,274,117,59,98,21.5328,35.7664
4574,272,116,58,98,21.3235,36.0294
4575,273,118,56,99,20.5128,36.2637
4576,277,123,56,98,20.2166,35.3791
4577,280,123,59,98,21.0714,35.0000
4578,284,123,62,99,21.8310,34.8592
4579,285,119,66,100,23.1579,35.0877
4580,284,120,65,99,22.8873,34.8592
4581,285,128,64,93,22.4561,32.6316
4582,283,125,65,93,22.9682,32.8622
4583,285,129,60,96,21.0526,33.6842
4584,284,126,64,94,22.5352,33.0986
4585,286,128,62,96,21.6783,33.5664
4586,286,127,61,98,21.3287,34.2657
4587,284,128,58,98,20.4225,34.5070
4588,284,129,61,94,21.4789,33.0986
4589,287,132,62,93,21.6028,32.4042
4590,290,139,63,88,21.7241,30.3448
4591,295,147,62,86,21.0169,29.1525
4592,295,148,62,85,21.0169,28.8136
4593,299,151,63,85,21.0702,28.4281
4594,300,151,62,87,20.6667,29.0000
4595,300,145,68,87,22.6667,29.0000
4596,297,143,70,84,23.5690,28.2828
4597,299,147,72,80,24.0803,26.7559
4598,299,150,72,77,24.0803,25.7525
4599,296,153,64,79,21.6216,26.6892
4600,297,152,68,77,22.8956,25.9259
4601,300,154,71,75,23.6667,25.0000
4602,299,155,73,71,24.4147,23.7458
4603,299,152,76,71,25.4181,23.7458
4604,301,153,77,71,25.5814,23.5880
4605,299,150,78,71,26.0870,23.7458
4606,304,156,76,72,25.0000,23.6842
4607,303,152,78,73,25.7426,24.0924
4608,301,149,80,72,26.5781,23.9203
4609,299,146,82,71,27.4247,23.7458
4610,300,143,86,71,28.6667,23.6667
4611,300,141,88,71,29.3333,23.6667
4612,298,134,93,71,31.2081,23.8255
4613,299,131,98,70,32.7759,23.4114
4614,299,127,100,72,33.4448,24.0803
4615,301,128,101,72,33.5548,23.9203
4616,296,123,100,73,33.7838,24.6622
4617,299,120,104,75,34.7826,25.0836
4618,299,118,105,76,35.1171,25.4181
4619,301,116,107,78,35.5482,25.9136
4620,301,113,109,79,36.2126,26.2458
4621,297,109,108,80,36.3636,26.9360
4622,295,113,99,83,33.5593,28.1356
4623,300,115,102,83,34.0000,27.6667
4624,295,112,99,84,33.5593,28.4746
4625,293,107,99,87,33.7884,29.6928
4626,292,103,101,88,34.5890,30.1370
4627,291,102,103,86,35.3952,29.5533
4628,290,102,100,88,34.4828,30.3448
4629,291,104,96,91,32.9897,31.2715
4630,290,103,98,89,33.7931,30.6897
4631,287,102,95,90,33.1010,31.3589
4632,285,101,93,91,32.6316,31.9298
4633,286,102,90,94,31.4685,32.8671
4634,283,99,87,97,30.7420,34.2756
4635,284,102,87,95,30.6338,33.4507
4636,281,97,85,99,30.2491,35.2313
4637,280,100,79,101,28.2143,36.0714
4638,279,104,75,100,26.8817,35.8423
4639,282,109,73,100,25.8865,35.4610
4640,281,104,75,102,26.6904,36.2989
4641,280,103,73,104,26.0714,37.1429
4642,282,102,75,105,26.5957,37.2340
4643,283,99,78,106,27.5618,37.4558
4644,281,101,75,105,26.6904,37.3665
4645,281,103,73,105,25.9786,37.3665
4646,282,107,70,105,24.8227,37.2340
4647,284,109,65,110,22.8873,38.7324
4648,284,110,63,111,22.1831,39.0845
4649,287,112,64,111,22.2997,38.6760
4650,287,115,63,109,21.9512,37.9791
4651,286,119,61,106,21.3287,37.0629
4652,290,122,61,107,21.0345,36.8966
4653,289,121,60,108,20.7612,37.3702
4654,288,126,55,107,19.0972,37.1528
4655,289,125,57,107,19.7232,37.0242
4656,288,128,54,106,18.7500,36.8056
4657,287,130,52,105,18.1185,36.5854
4658,289,131,55,103,19.0311,35.6401
4659,291,136,54,101,18.5567,34.7079
4660,293,135,55,103,18.7713,35.1536
4661,292,137,51,104,17.4658,35.6164
4662,293,136,50,107,17.0648,36.5188
4663,297,141,49,107,16.4983,36.0269
4664,301,142,51,108,16.9435,35.8804
4665,301,137,57,107,18.9369,35.5482
4666,300,135,59,106,19.6667,35.3333
4667,298,135,59,104,19.7987,34.8993
4668,297,136,58,103,19.5286,34.6801
4669,300,135,63,102,21.0000,34.0000
4670,300,136,64,100,21.3333,33.3333
4671,299,134,66,99,22.0736,33.1104
4672,298,131,69,98,23.1544,32.8859
4673,298,132,69,97,23.1544,32.5503
4674,297,132,72,93,24.2424,31.3131
4675,298,133,71,94,23.8255,31.5436
4676,298,132,72,94,24.1611,31.5436
4677,303,133,79,91,26.0726,30.0330
4678,302,132,78,92,25.8278,30.4636
4679,299,127,80,92,26.7559,30.7692
4680,298,129,79,90,26.5101,30.2013
4681,298,127,83,88,27.8523,29.5302
4682,301,124,87,90,28.9037,29.9003
4683,301,124,86,91,28.5714,30.2326
4684,297,122,87,88,29.2929,29.6296
4685,295,124,88,83,29.8305,28.1356
4686,294,124,84,86,28.5714,29.2517
4687,298,126,84,88,28.1879,29.5302
4688,303,129,91,83,30.0330,27.3927
4689,301,127,94,80,31.2292,26.5781
4690,298,122,95,81,31.8792,27.1812
4691,298,121,98,79,32.8859,26.5101
4692,301,126,94,81,31.2292,26.9103
4693,299,123,97,79,32.4415,26.4214
4694,297,121,95,81,31.9865,27.2727
4695,297,116,97,84,32.6599,28.2828
4696,297,112,101,84,34.0067,28.2828
4697,295,111,100,84,33.8983,28.4746
4698,295,112,101,82,34.2373,27.7966
4699,297,116,100,81,33.6700,27.2727
4700,297,109,106,82,35.6902,27.6094
4701,298,110,104,84,34.8993,28.1879
4702,295,101,106,88,35.9322,29.8305
4703,293,100,107,86,36.5188,29.3515
4704,294,99,108,87,36.7347,29.5918
4705,295,97,109,89,36.9492,30.1695
4706,295,95,111,89,37.6271,30.1695
4707,298,96,110,92,36.9128,30.8725
4708,296,93,112,91,37.8378,30.7432
4709,295,92,107,96,36.2712,32.5424
4710,297,89,108,100,36.3636,33.6700
4711,297,89,107,101,36.0269,34.0067
4712,296,88,107,101,36.1486,34.1216
4713,298,91,107,100,35.9060,33.5570
4714,298,92,108,98,36.2416,32.8859
4715,295,90,105,100,35.5932,33.8983
4716,297,89,105,103,35.3535,34.6801
4717,297,89,101,107,34.0067,36.0269
4718,295,89,98,108,33.2203,36.6102
4719,295,85,100,110,33.8983,37.2881
4720,296,87,96,113,32.4324,38.1757
4721,292,83,96,113,32.8767,38.6986
4722,287,79,94,114,32.7526,39.7213
4723,285,76,95,114,33.3333,40.0000
4724,284,73,94,117,33.0986,41.1972
4725,283,75,91,117,32.1555,41.3428
4726,283,77,87,119,30.7420,42.0495
4727,283,78,85,120,30.0353,42.4028
4728,284,77,85,122,29.9296,42.9577
4729,282,73,85,124,30.1418,43.9716
4730,277,74,81,122,29.2419,44.0433
4731,277,74,77,126,27.7978,45.4874
4732,278,75,74,129,26.6187,46.4029
4733,278,76,71,131,25.5396,47.1223
4734,279,77,74,128,26.5233,45.8781
4735,278,79,72,127,25.8993,45.6835
4736,277,80,69,128,24.9097,46.2094
4737,277,80,67,130,24.1877,46.9314
4738,278,89,64,125,23.0216,44.9640
4739,279,93,62,124,22.2222,44.4444
4740,281,93,64,124,22.7758,44.1281
4741,280,95,61,124,21.7857,44.2857
4742,281,93,63,125,22.4199,44.4840
4743,278,91,60,127,21.5827,45.6835
4744,280,95,56,129,20.0000,46.0714
4745,278,94,53,131,19.0647,47.1223
4746,279,99,52,128,18.6380,45.8781
4747,283,101,56,126,19.7880,44.5230
4748,281,102,53,126,18.8612,44.8399
4749,281,103,53,125,18.8612,44.4840
4750,280,104,50,126,17.8571,45.0000
4751,280,106,52,122,18.5714,43.5714
4752,281,109,49,123,17.4377,43.7722
4753,283,108,54,121,19.0813,42.7562
4754,280,110,53,117,18.9286,41.7857
4755,284,115,52,117,18.3099,41.1972
4756,283,118,50,115,17.6678,40.6360
4757,284,119,53,112,18.6620,39.4366
4758,286,121,54,111,18.8811,38.8112
4759,289,128,54,107,18.6851,37.0242
4760,293,127,58,108,19.7952,36.8601
4761,296,130,62,104,20.9459,35.1351
4762,293,133,59,101,20.1365,34.4710
4763,292,133,58,101,19.8630,34.5890
4764,293,134,57,102,19.4539,34.8123
4765,293,132,61,100,20.8191,34.1297
4766,296,129,68,99,22.9730,33.4459
4767,292,130,65,97,22.2603,33.2192
4768,293,130,69,94,23.5495,32.0819
4769,293,131,72,90,24.5734,30.7167
4770,298,134,74,90,24.8322,30.2013
4771,299,135,75,89,25.0836,29.7659
4772,299,134,79,86,26.4214,28.7625
4773,302,136,79,87,26.1589,28.8079
4774,302,131,83,88,27.4834,29.1391
4775,300,126,88,86,29.3333,28.6667
4776,299,122,93,84,31.1037,28.0936
4777,297,120,94,83,31.6498,27.9461
4778,299,121,98,80,32.7759,26.7559
4779,300,121,100,79,33.3333,26.3333
4780,298,119,104,75,34.8993,25.1678
4781,296,120,100,76,33.7838,25.6757
4782,294,119,96,79,32.6531,26.8707
4783,292,121,96,75,32.8767,25.6849
4784,289,120,96,73,33.2180,25.2595
4785,288,121,95,72,32.9861,25.0000
4786,287,120,94,73,32.7526,25.4355
4787,289,118,99,72,34.2561,24.9135
4788,290,117,101,72,34.8276,24.8276
4789,287,112,101,74,35.1916,25.7840
4790,289,114,102,73,35.2941,25.2595
4791,288,116,99,73,34.3750,25.3472
4792,286,115,97,74,33.9161,25.8741
4793,285,111,100,74,35.0877,25.9649
4794,282,108,102,72,36.1702,25.5319
4795,279,106,99,74,35.4839,26.5233
4796,276,109,96,71,34.7826,25.7246
4797,275,106,98,71,35.6364,25.8182
4798,274,102,97,75,35.4015,27.3723
4799,277,108,95,74,34.2960,26.7148
4800,277,107,93,77,33.5740,27.7978
4801,275,107,89,79,32.3636,28.7273
4802,276,106,92,78,33.3333,28.2609
4803,277,104,95,78,34.2960,28.1588
4804,275,105,94,76,34.1818,27.6364
4805,277,104,95,78,34.2960,28.1588
4806,276,100,97,79,35.1449,28.6232
4807,278,103,91,84,32.7338,30.2158
4808,277,101,87,89,31.4079,32.1300
4809,275,101,82,92,29.8182,33.4545
4810,275,97,86,92,31.2727,33.4545
4811,273,96,83,94,30.4029,34.4322
4812,273,95,86,92,31.5018,33.6996
4813,271,94,86,91,31.7343,33.5793
4814,268,95,80,93,29.8507,34.7015
4815,269,98,74,97,27.5093,36.0595
4816,269,99,73,97,27.1375,36.0595
4817,269,95,76,98,28.2528,36.4312
4818,269,90,77,102,28.6245,37.9182
4819,268,89,76,103,28.3582,38.4328
4820,269,90,74,105,27.5093,39.0335
4821,271,93,71,107,26.1993,39.4834
4822,273,96,72,105,26.3736,38.4615
4823,275,97,71,107,25.8182,38.9091
4824,270,93,70,107,25.9259,39.6296
4825,273,94,72,107,26.3736,39.1941
4826,273,97,69,107,25.2747,39.1941
4827,274,99,67,108,24.4526,39.4161
4828,274,97,68,109,24.8175,39.7810
4829,275,97,66,112,24.0000,40.7273
4830,273,98,62,113,22.7106,41.3919
4831,270,92,66,112,24.4444,41.4815
4832,272,93,67,112,24.6324,41.1765
4833,271,95,65,111,23.9852,40.9594
4834,274,99,65,110,23.7226,40.1460
4835,277,98,69,110,24.9097,39.7112
4836,276,96,69,111,25.0000,40.2174
4837,275,95,69,111,25.0909,40.3636
4838,274,95,66,113,24.0876,41.2409
4839,270,98,58,114,21.4815,42.2222
4840,273,99,60,114,21.9780,41.7582
4841,274,103,61,110,22.2628,40.1460
4842,275,101,63,111,22.9091,40.3636
4843,276,102,63,111,22.8261,40.2174
4844,276,101,62,113,22.4638,40.9420
4845,275,99,62,114,22.5455,41.4545
4846,275,100,61,114,22.1818,41.4545
4847,275,103,62,110,22.5455,40.0000
4848,278,109,59,110,21.2230,39.5683
4849,279,109,60,110,21.5054,39.4265
4850,281,112,61,108,21.7082,38.4342
4851,284,115,61,108,21.4789,38.0282
4852,282,115,62,105,21.9858,37.2340
4853,283,116,64,103,22.6148,36.3958
4854,282,115,63,104,22.3404,36.8794
4855,281,111,65,105,23.1317,37.3665
4856,281,112,63,106,22.4199,37.7224
4857,282,112,64,106,22.6950,37.5887
4858,280,111,64,105,22.8571,37.5000
4859,279,114,65,100,23.2975,35.8423
4860,278,119,64,95,23.0216,34.1727
4861,282,127,64,91,22.6950,32.2695
4862,284,127,66,91,23.2394,32.0423
4863,282,129,62,91,21.9858,32.2695
4864,281,126,64,91,22.7758,32.3843
4865,281,126,64,91,22.7758,32.3843
4866,280,130,61,89,21.7857,31.7857
4867,279,130,64,85,22.9391,30.4659
4868,282,129,71,82,25.1773,29.0780
4869,284,132,70,82,24.6479,28.8732
4870,285,136,69,80,24.2105,28.0702
4871,284,138,66,80,23.2394,28.1690
4872,281,141,62,78,22.0641,27.7580
4873,283,143,61,79,21.5548,27.9152
4874,281,141,61,79,21.7082,28.1139
4875,282,139,66,77,23.4043,27.3050
4876,280,138,65,77,23.2143,27.5000
4877,282,140,65,77,23.0496,27.3050
4878,281,142,61,78,21.7082,27.7580
4879,281,141,62,78,22.0641,27.7580
4880,282,144,62,76,21.9858,26.9504
4881,283,144,67,72,23.6749,25.4417
4882,287,148,68,71,23.6934,24.7387
4883,284,141,72,71,25.3521,25.0000
4884,283,140,70,73,24.7350,25.7951
4885,282,140,70,72,24.8227,25.5319
4886,284,136,77,71,27.1127,25.0000
4887,283,131,78,74,27.5618,26.1484
4888,282,131,75,76,26.5957,26.9504
4889,280,130,74,76,26.4286,27.1429
4890,280,126,81,73,28.9286,26.0714
4891,282,130,81,71,28.7234,25.1773
4892,285,131,83,71,29.1228,24.9123
4893,286,124,88,74,30.7692,25.8741
4894,289,126,87,76,30.1038,26.2976
4895,288,120,94,74,32.6389,25.6944
4896,282,116,93,73,32.9787,25.8865
4897,286,120,94,72,32.8671,25.1748
4898,287,117,99,71,34.4948,24.7387
4899,285,113,97,75,34.0351,26.3158
4900,286,108,105,73,36.7133,25.5245
4901,286,108,105,73,36.7133,25.5245
4902,291,112,104,75,35.7388,25.7732
4903,291,109,106,76,36.4261,26.1168
4904,291,111,103,77,35.3952,26.4605
4905,292,109,106,77,36.3014,26.3699
4906,290,103,107,80,36.8966,27.5862
4907,286,97,107,82,37.4126,28.6713
4908,288,97,110,81,38.1944,28.1250
4909,289,95,112,82,38.7543,28.3737
4910,289,92,111,86,38.4083,29.7578
4911,292,91,111,90,38.0137,30.8219
4912,294,89,114,91,38.7755,30.9524
4913,290,88,107,95,36.8966,32.7586
4914,291,88,108,95,37.1134,32.6460
4915,290,83,113,94,38.9655,32.4138
4916,288,80,107,101,37.1528,35.0694
4917,288,79,107,102,37.1528,35.4167
4918,293,78,110,105,37.5427,35.8362
4919,292,78,108,106,36.9863,36.3014
4920,289,73,107,109,37.0242,37.7163
4921,290,69,109,112,37.5862,38.6207
4922,290,70,109,111,37.5862,38.2759
4923,288,71,104,113,36.1111,39.2361
4924,288,72,104,112,36.1111,38.8889
4925,287,72,105,110,36.5854,38.3275
4926,281,72,97,112,34.5196,39.8577
4927,282,72,96,114,34.0426,40.4255
4928,280,71,94,115,33.5714,41.0714
4929,280,71,94,115,33.5714,41.0714
4930,283,80,90,113,31.8021,39.9293
4931,280,80,85,115,30.3571,41.0714
4932,283,80,84,119,29.6820,42.0495
4933,285,81,83,121,29.1228,42.4561
4934,290,84,83,123,28.6207,42.4138
4935,287,86,74,127,25.7840,44.2509
4936,286,86,71,129,24.8252,45.1049
4937,288,88,68,132,23.6111,45.8333
4938,288,90,66,132,22.9167,45.8333
4939,285,90,62,133,21.7544,46.6667
4940,287,93,64,130,22.2997,45.2962
4941,282,92,59,131,20.9220,46.4539
4942,278,90,55,133,19.7842,47.8417
4943,281,92,57,132,20.2847,46.9751
4944,283,95,55,133,19.4346,46.9965
4945,280,96,52,132,18.5714,47.1429
4946,279,95,55,129,19.7133,46.2366
4947,280,94,56,130,20.0000,46.4286
4948,277,94,53,130,19.1336,46.9314
4949,278,95,55,128,19.7842,46.0432
4950,276,91,58,127,21.0145,46.0145
4951,276,95,55,126,19.9275,45.6522
4952,280,99,56,125,20.0000,44.6429
4953,277,99,55,123,19.8556,44.4043
4954,277,100,57,120,20.5776,43.3213
4955,279,98,63,118,22.5806,42.2939
4956,279,101,59,119,21.1470,42.6523
4957,282,103,59,120,20.9220,42.5532
4958,283,108,60,115,21.2014,40.6360
4959,282,109,59,114,20.9220,40.4255
4960,285,110,60,115,21.0526,40.3509
4961,287,114,61,112,21.2544,39.0244
4962,285,117,59,109,20.7018,38.2456
4963,283,118,58,107,20.4947,37.8092
4964,286,121,60,105,20.9790,36.7133
4965,285,124,60,101,21.0526,35.4386
4966,286,120,64,102,22.3776,35.6643
4967,292,126,63,103,21.5753,35.2740
4968,292,132,62,98,21.2329,33.5616
4969,293,134,60,99,20.4778,33.7884
4970,292,140,55,97,18.8356,33.2192
4971,298,146,58,94,19.4631,31.5436
4972,298,147,59,92,19.7987,30.8725
4973,297,146,63,88,21.2121,29.6296
4974,299,143,67,89,22.4080,29.7659
4975,301,148,65,88,21.5947,29.2359
4976,301,139,71,91,23.5880,30.2326
4977,301,135,76,90,25.2492,29.9003
4978,300,134,77,89,25.6667,29.6667
4979,300,133,79,88,26.3333,29.3333
4980,299,129,82,88,27.4247,29.4314
4981,302,129,83,90,27.4834,29.8013
4982,300,128,83,89,27.6667,29.6667
4983,297,126,84,87,28.2828,29.2929
4984,295,122,90,83,30.5085,28.1356
4985,295,123,91,81,30.8475,27.4576
4986,292,121,90,81,30.8219,27.7397
4987,291,122,90,79,30.9278,27.1478
4988,292,124,93,75,31.8493,25.6849
4989,291,123,97,71,33.3333,24.3986
4990,292,125,95,72,32.5342,24.6575
4991,293,124,99,70,33.7884,23.8908
4992,292,116,106,70,36.3014,23.9726
4993,291,112,109,70,37.4570,24.0550
4994,286,108,108,70,37.7622,24.4755
4995,289,108,111,70,38.4083,24.2215
4996,285,112,104,69,36.4912,24.2105
4997,289,115,100,74,34.6021,25.6055
4998,291,114,100,77,34.3643,26.4605
4999,291,112,102,77,35.0515,26.4605
5000,291,113,100,78,34.3643,26.8041
5001,292,111,100,81,34.2466,27.7397
5002,290,105,103,82,35.5172,28.2759
5003,292,109,103,80,35.2740,27.3973
5004,290,109,97,84,33.4483,28.9655
5005,289,105,97,87,33.5640,30.1038
5006,291,104,97,90,33.3333,30.9278
5007,289,98,98,93,33.9100,32.1799
5008,288,94,103,91,35.7639,31.5972
5009,287,90,105,92,36.5854,32.0557
5010,287,84,109,94,37.9791,32.7526
5011,290,85,110,95,37.9310,32.7586
5012,286,79,110,97,38.4615,33.9161
5013,281,78,100,103,35.5872,36.6548
5014,280,77,99,104,35.3571,37.1429
5015,274,78,94,102,34.3066,37.2263
5016,274,77,93,104,33.9416,37.9562
5017,273,72,96,105,35.1648,38.4615
5018,274,72,96,106,35.0365,38.6861
5019,274,66,99,109,36.1314,39.7810
5020,276,70,99,107,35.8696,38.7681
5021,272,71,94,107,34.5588,39.3382
5022,271,72,94,105,34.6863,38.7454
5023,268,71,91,106,33.9552,39.5522
5024,269,68,95,106,35.3160,39.4052
5025,270,69,93,108,34.4444,40.0000
5026,268,71,89,108,33.2090,40.2985
5027,267,71,87,109,32.5843,40.8240
5028,264,73,83,108,31.4394,40.9091
5029,258,71,79,108,30.6202,41.8605
5030,257,73,73,111,28.4047,43.1907
5031,255,71,73,111,28.6275,43.5294
5032,255,74,69,112,27.0588,43.9216
5033,251,78,63,110,25.0996,43.8247
5034,249,74,63,112,25.3012,44.9799
5035,252,73,67,112,26.5873,44.4444
5036,251,69,68,114,27.0916,45.4183
5037,251,69,65,117,25.8964,46.6135
5038,251,71,63,117,25.0996,46.6135
5039,248,72,57,119,22.9839,47.9839
5040,249,74,55,120,22.0884,48.1928
5041,248,75,52,121,20.9677,48.7903
5042,250,78,51,121,20.4000,48.4000
5043,249,79,49,121,19.6787,48.5944
5044,248,79,48,121,19.3548,48.7903
5045,248,82,44,122,17.7419,49.1935
5046,250,85,44,121,17.6000,48.4000
5047,250,84,45,121,18.0000,48.4000
5048,253,89,43,121,16.9960,47.8261
5049,253,94,41,118,16.2055,46.6403
5050,254,95,43,116,16.9291,45.6693
5051,254,96,42,116,16.5354,45.6693
5052,253,100,38,115,15.0198,45.4545
5053,254,101,41,112,16.1417,44.0945
5054,255,102,41,112,16.0784,43.9216
5055,251,103,33,115,13.1474,45.8167
5056,253,110,30,113,11.8577,44.6640
5057,255,115,29,111,11.3725,43.5294
5058,256,118,31,107,12.1094,41.7969
5059,257,123,29,105,11.2840,40.8560
5060,259,124,31,104,11.9691,40.1544
5061,261,127,33,101,12.6437,38.6973
5062,262,130,33,99,12.5954,37.7863
5063,265,135,32,98,12.0755,36.9811
5064,267,140,33,94,12.3596,35.2060
5065,268,146,33,89,12.3134,33.2090
5066,272,151,33,88,12.1324,32.3529
5067,272,149,34,89,12.5000,32.7206
5068,276,151,37,88,13.4058,31.8841
5069,278,153,37,88,13.3094,31.6547
5070,278,151,42,85,15.1079,30.5755
5071,278,159,39,80,14.0288,28.7770
5072,282,162,39,81,13.8298,28.7234
5073,284,165,39,80,13.7324,28.1690
5074,285,165,40,80,14.0351,28.0702
5075,289,167,43,79,14.8789,27.3356
5076,290,167,45,78,15.5172,26.8966
5077,293,169,47,77,16.0410,26.2799
5078,292,170,47,75,16.0959,25.6849
5079,291,170,50,71,17.1821,24.3986
5080,290,168,51,71,17.5862,24.4828
5081,292,165,55,72,18.8356,24.6575
5082,296,171,56,69,18.9189,23.3108
5083,297,171,58,68,19.5286,22.8956
5084,298,175,57,66,19.1275,22.1477
5085,299,176,59,64,19.7324,21.4047
5086,300,175,62,63,20.6667,21.0000
5087,297,169,66,62,22.2222,20.8754
5088,301,168,71,62,23.5880,20.5980
5089,301,169,70,62,23.2558,20.5980
5090,299,161,76,62,25.4181,20.7358
5091,301,162,79,60,26.2458,19.9336
5092,301,157,83,61,27.5748,20.2658
5093,300,151,89,60,29.6667,20.0000
5094,298,146,93,59,31.2081,19.7987
5095,299,143,97,59,32.4415,19.7324
5096,300,138,103,59,34.3333,19.6667
5097,299,131,112,56,37.4582,18.7291
5098,298,125,117,56,39.2617,18.7919
5099,299,124,117,58,39.1304,19.3980
5100,296,124,113,59,38.1757,19.9324
5101,294,124,114,56,38.7755,19.0476
5102,293,123,113,57,38.5666,19.4539
5103,292,117,118,57,40.4110,19.5205
5104,292,114,122,56,41.7808,19.1781
5105,292,102,132,58,45.2055,19.8630
5106,294,100,137,57,46.5986,19.3878
5107,291,95,138,58,47.4227,19.9313
5108,289,95,136,58,47.0588,20.0692
5109,284,93,133,58,46.8310,20.4225
5110,281,91,132,58,46.9751,20.6406
5111,274,90,124,60,45.2555,21.8978
5112,272,85,123,64,45.2206,23.5294
5113,270,83,121,66,44.8148,24.4444
5114,270,85,116,69,42.9630,25.5556
5115,270,87,113,70,41.8519,25.9259
5116,267,85,109,73,40.8240,27.3408
5117,265,84,104,77,39.2453,29.0566
5118,259,79,99,81,38.2239,31.2741
5119,255,77,96,82,37.6471,32.1569
5120,254,74,98,82,38.5827,32.2835
5121,255,76,97,82,38.0392,32.1569
5122,255,73,98,84,38.4314,32.9412
5123,255,76,92,87,36.0784,34.1176
5124,253,75,89,89,35.1779,35.1779
5125,250,77,83,90,33.2000,36.0000
5126,245,77,73,95,29.7959,38.7755
5127,245,75,72,98,29.3878,40.0000
5128,244,77,65,102,26.6393,41.8033
5129,243,77,62,104,25.5144,42.7984
5130,245,78,62,105,25.3061,42.8571
5131,243,78,58,107,23.8683,44.0329
5132,244,82,56,106,22.9508,43.4426
5133,244,85,51,108,20.9016,44.2623
5134,244,87,49,108,20.0820,44.2623
5135,246,90,47,109,19.1057,44.3089
5136,247,94,45,108,18.2186,43.7247
5137,247,94,45,108,18.2186,43.7247
5138,245,94,42,109,17.1429,44.4898
5139,243,96,36,111,14.8148,45.6790
5140,244,97,34,113,13.9344,46.3115
5141,247,101,35,111,14.1700,44.9393
5142,251,105,34,112,13.5458,44.6215
5143,256,112,32,112,12.5000,43.7500
5144,257,115,32,110,12.4514,42.8016
5145,257,116,30,111,11.6732,43.1907
5146,259,121,26,112,10.0386,43.2432
5147,257,125,22,110,8.5603,42.8016
5148,259,128,22,109,8.4942,42.0849
5149,262,131,22,109,8.3969,41.6031
5150,262,132,22,108,8.3969,41.2214
5151,262,134,22,106,8.3969,40.4580
5152,262,134,24,104,9.1603,39.6947
5153,263,133,27,103,10.2662,39.1635
5154,266,137,27,102,10.1504,38.3459
5155,265,138,26,101,9.8113,38.1132
5156,271,144,25,102,9.2251,37.6384
5157,274,150,24,100,8.7591,36.4964
5158,276,151,24,101,8.6957,36.5942
5159,278,156,25,97,8.9928,34.8921
5160,282,160,27,95,9.5745,33.6879
5161,285,160,30,95,10.5263,33.3333
5162,286,160,29,97,10.1399,33.9161
5163,285,162,28,95,9.8246,33.3333
5164,289,162,35,92,12.1107,31.8339
5165,289,163,34,92,11.7647,31.8339
5166,294,169,36,89,12.2449,30.2721
5167,298,175,36,87,12.0805,29.1946
5168,303,177,42,84,13.8614,27.7228
5169,303,178,46,79,15.1815,26.0726
5170,303,177,50,76,16.5017,25.0825
5171,302,179,49,74,16.2252,24.5033
5172,302,175,54,73,17.8808,24.1722
5173,300,170,57,73,19.0000,24.3333
5174,297,166,60,71,20.2020,23.9057
5175,297,164,65,68,21.8855,22.8956
5176,299,165,68,66,22.7425,22.0736
5177,302,161,78,63,25.8278,20.8609
5178,302,161,84,57,27.8146,18.8742
5179,302,158,89,55,29.4702,18.2119
5180,301,156,89,56,29.5681,18.6047
5181,301,152,93,56,30.8970,18.6047
5182,300,145,100,55,33.3333,18.3333
5183,299,135,111,53,37.1237,17.7258
5184,301,135,110,56,36.5449,18.6047
5185,299,130,114,55,38.1271,18.3946
5186,299,128,117,54,39.1304,18.0602
5187,297,125,120,52,40.4040,17.5084
5188,297,123,122,52,41.0774,17.5084
5189,293,110,129,54,44.0273,18.4300
5190,294,107,135,52,45.9184,17.6871
5191,293,105,135,53,46.0751,18.0887
5192,297,108,139,50,46.8013,16.8350
5193,293,103,139,51,47.4403,17.4061
5194,295,107,137,51,46.4407,17.2881
5195,295,106,135,54,45.7627,18.3051
5196,296,102,139,55,46.9595,18.5811
5197,293,101,134,58,45.7338,19.7952
5198,291,96,136,59,46.7354,20.2749
5199,289,93,133,63,46.0208,21.7993
5200,283,92,128,63,45.2297,22.2615
