tick,total,susceptible,infected,immune,pct_infected,pct_immune
0,150,140,10,0,6.6667,0.0000
1,152,140,12,0,7.8947,0.0000
2,154,142,12,0,7.7922,0.0000
3,154,140,14,0,9.0909,0.0000
4,157,143,14,0,8.9172,0.0000
5,159,144,15,0,9.4340,0.0000
6,160,144,16,0,10.0000,0.0000
7,160,144,16,0,10.0000,0.0000
8,161,145,16,0,9.9379,0.0000
9,161,145,16,0,9.9379,0.0000
10,161,144,17,0,10.5590,0.0000
11,162,143,19,0,11.7284,0.0000
12,162,142,20,0,12.3457,0.0000
13,164,143,21,0,12.8049,0.0000
14,166,144,22,0,13.2530,0.0000
15,167,142,25,0,14.9701,0.0000
16,168,142,26,0,15.4762,0.0000
17,169,141,28,0,16.5680,0.0000
18,170,140,30,0,17.6471,0.0000
19,170,139,31,0,18.2353,0.0000
20,170,136,34,0,20.0000,0.0000
21,166,134,25,7,15.0602,4.2169
22,167,133,27,7,16.1677,4.1916
23,167,131,28,8,16.7665,4.7904
24,169,132,28,9,16.5680,5.3254
25,170,132,28,10,16.4706,5.8824
26,170,131,29,10,17.0588,5.8824
27,170,130,29,11,17.0588,6.4706
28,171,129,31,11,18.1287,6.4327
29,171,126,34,11,19.8830,6.4327
30,171,125,35,11,20.4678,6.4327
31,171,120,40,11,23.3918,6.4327
32,171,120,39,12,22.8070,7.0175
33,172,119,40,13,23.2558,7.5581
34,174,120,41,13,23.5632,7.4713
35,172,117,40,15,23.2558,8.7209
36,173,114,44,15,25.4335,8.6705
37,173,113,44,16,25.4335,9.2486
38,170,110,43,17,25.2941,10.0000
39,171,109,45,17,26.3158,9.9415
40,171,111,43,17,25.1462,9.9415
41,171,110,40,21,23.3918,12.2807
42,173,109,43,21,24.8555,12.1387
43,171,109,41,21,23.9766,12.2807
44,169,109,39,21,23.0769,12.4260
45,171,109,41,21,23.9766,12.2807
46,171,109,40,22,23.3918,12.8655
47,172,110,40,22,23.2558,12.7907
48,171,109,40,22,23.3918,12.8655
49,169,106,40,23,23.6686,13.6095
50,169,106,40,23,23.6686,13.6095
51,169,106,37,26,21.8935,15.3846
52,168,106,34,28,20.2381,16.6667
53,169,107,33,29,19.5266,17.1598
54,167,106,31,30,18.5629,17.9641
55,167,106,31,30,18.5629,17.9641
56,163,106,26,31,15.9509,19.0184
57,161,105,25,31,15.5280,19.2547
58,163,108,23,32,14.1104,19.6319
59,160,107,20,33,12.5000,20.6250
60,161,108,20,33,12.4224,20.4969
61,163,109,20,34,12.2699,20.8589
62,162,109,18,35,11.1111,21.6049
63,163,109,16,38,9.8160,23.3129
64,163,109,16,38,9.8160,23.3129
65,164,109,17,38,10.3659,23.1707
66,163,109,16,38,9.8160,23.3129
67,165,110,16,39,9.6970,23.6364
68,166,111,16,39,9.6386,23.4940
69,164,112,13,39,7.9268,23.7805
70,163,112,12,39,7.3620,23.9264
71,163,112,12,39,7.3620,23.9264
72,163,112,12,39,7.3620,23.9264
73,164,120,12,32,7.3171,19.5122
74,164,121,10,33,6.0976,20.1220
75,165,121,12,32,7.2727,19.3939
76,168,125,12,31,7.1429,18.4524
77,169,125,13,31,7.6923,18.3432
78,172,127,14,31,8.1395,18.0233
79,173,129,14,30,8.0925,17.3410
80,173,129,14,30,8.0925,17.3410
81,174,129,15,30,8.6207,17.2414
82,175,128,17,30,9.7143,17.1429
83,177,130,16,31,9.0395,17.5141
84,178,130,18,30,10.1124,16.8539
85,179,128,22,29,12.2905,16.2011
86,181,128,24,29,13.2597,16.0221
87,180,129,24,27,13.3333,15.0000
88,181,127,26,28,14.3646,15.4696
89,182,129,26,27,14.2857,14.8352
90,183,131,26,26,14.2077,14.2077
91,186,131,28,27,15.0538,14.5161
92,186,128,31,27,16.6667,14.5161
93,186,130,33,23,17.7419,12.3656
94,187,130,34,23,18.1818,12.2995
95,187,128,36,23,19.2513,12.2995
96,187,129,34,24,18.1818,12.8342
97,186,128,33,25,17.7419,13.4409
98,188,131,32,25,17.0213,13.2979
99,189,131,32,26,16.9312,13.7566
100,190,128,36,26,18.9474,13.6842
101,190,127,37,26,19.4737,13.6842
102,189,125,37,27,19.5767,14.2857
103,190,126,40,24,21.0526,12.6316
104,190,126,41,23,21.5789,12.1053
105,189,128,37,24,19.5767,12.6984
106,189,130,36,23,19.0476,12.1693
107,190,125,40,25,21.0526,13.1579
108,191,125,40,26,20.9424,13.6126
109,195,127,41,27,21.0256,13.8462
110,195,128,41,26,21.0256,13.3333
111,197,131,39,27,19.7970,13.7056
112,201,134,39,28,19.4030,13.9303
113,200,135,38,27,19.0000,13.5000
114,203,137,40,26,19.7044,12.8079
115,206,143,40,23,19.4175,11.1650
116,208,145,39,24,18.7500,11.5385
117,209,144,41,24,19.6172,11.4833
118,211,142,44,25,20.8531,11.8483
119,213,141,48,24,22.5352,11.2676
120,212,139,47,26,22.1698,12.2642
121,215,140,47,28,21.8605,13.0233
122,215,136,49,30,22.7907,13.9535
123,217,138,46,33,21.1982,15.2074
124,218,137,46,35,21.1009,16.0550
125,220,135,50,35,22.7273,15.9091
126,220,134,52,34,23.6364,15.4545
127,220,131,52,37,23.6364,16.8182
128,218,126,54,38,24.7706,17.4312
129,219,125,55,39,25.1142,17.8082
130,219,122,58,39,26.4840,17.8082
131,220,121,59,40,26.8182,18.1818
132,220,117,62,41,28.1818,18.6364
133,221,115,65,41,29.4118,18.5520
134,220,114,65,41,29.5455,18.6364
135,221,114,64,43,28.9593,19.4570
136,226,118,64,44,28.3186,19.4690
137,228,118,65,45,28.5088,19.7368
138,227,118,63,46,27.7533,20.2643
139,224,117,57,50,25.4464,22.3214
140,226,114,62,50,27.4336,22.1239
141,226,112,63,51,27.8761,22.5664
142,229,113,63,53,27.5109,23.1441
143,229,109,66,54,28.8210,23.5808
144,230,108,68,54,29.5652,23.4783
145,231,107,68,56,29.4372,24.2424
146,232,106,68,58,29.3103,25.0000
147,233,104,68,61,29.1845,26.1803
148,235,106,67,62,28.5106,26.3830
149,235,104,66,65,28.0851,27.6596
150,234,105,65,64,27.7778,27.3504
151,235,106,65,64,27.6596,27.2340
152,235,107,60,68,25.5319,28.9362
153,235,106,59,70,25.1064,29.7872
154,235,107,57,71,24.2553,30.2128
155,235,108,55,72,23.4043,30.6383
156,234,111,52,71,22.2222,30.3419
157,237,112,55,70,23.2068,29.5359
158,237,113,55,69,23.2068,29.1139
159,240,116,55,69,22.9167,28.7500
160,240,119,52,69,21.6667,28.7500
161,239,120,49,70,20.5021,29.2887
162,239,120,48,71,20.0837,29.7071
163,238,122,47,69,19.7479,28.9916
164,241,125,47,69,19.5021,28.6307
165,242,124,45,73,18.5950,30.1653
166,244,125,43,76,17.6230,31.1475
167,243,127,40,76,16.4609,31.2757
168,241,126,38,77,15.7676,31.9502
169,240,127,35,78,14.5833,32.5000
170,238,128,31,79,13.0252,33.1933
171,241,129,33,79,13.6929,32.7801
172,241,130,33,78,13.6929,32.3651
173,244,135,32,77,13.1148,31.5574
174,244,136,33,75,13.5246,30.7377
175,246,139,34,73,13.8211,29.6748
176,249,143,34,72,13.6546,28.9157
177,252,143,36,73,14.2857,28.9683
178,257,149,33,75,12.8405,29.1829
179,259,150,37,72,14.2857,27.7992
180,262,152,38,72,14.5038,27.4809
181,261,153,37,71,14.1762,27.2031
182,263,153,39,71,14.8289,26.9962
183,265,160,35,70,13.2075,26.4151
184,266,162,34,70,12.7820,26.3158
185,264,160,31,73,11.7424,27.6515
186,264,161,29,74,10.9848,28.0303
187,265,161,32,72,12.0755,27.1698
188,267,162,32,73,11.9850,27.3408
189,271,163,36,72,13.2841,26.5683
190,271,159,41,71,15.1292,26.1993
191,273,165,39,69,14.2857,25.2747
192,277,169,40,68,14.4404,24.5487
193,281,170,42,69,14.9466,24.5552
194,283,174,42,67,14.8410,23.6749
195,289,181,42,66,14.5329,22.8374
196,288,177,44,67,15.2778,23.2639
197,288,181,41,66,14.2361,22.9167
198,288,180,43,65,14.9306,22.5694
199,288,180,46,62,15.9722,21.5278
200,288,180,47,61,16.3194,21.1806
201,288,182,49,57,17.0139,19.7917
202,288,181,50,57,17.3611,19.7917
203,289,180,52,57,17.9931,19.7232
204,293,184,56,53,19.1126,18.0887
205,293,182,61,50,20.8191,17.0648
206,295,182,63,50,21.3559,16.9492
207,298,184,63,51,21.1409,17.1141
208,302,187,63,52,20.8609,17.2185
209,301,181,67,53,22.2591,17.6080
210,299,171,74,54,24.7492,18.0602
211,298,169,72,57,24.1611,19.1275
212,300,168,76,56,25.3333,18.6667
213,300,166,79,55,26.3333,18.3333
214,296,163,79,54,26.6892,18.2432
215,297,160,83,54,27.9461,18.1818
216,298,162,83,53,27.8523,17.7852
217,302,164,89,49,29.4702,16.2252
218,302,160,94,48,31.1258,15.8940
219,299,154,96,49,32.1070,16.3880
220,299,156,94,49,31.4381,16.3880
221,298,147,98,53,32.8859,17.7852
222,298,144,103,51,34.5638,17.1141
223,300,139,109,52,36.3333,17.3333
224,298,133,113,52,37.9195,17.4497
225,294,123,117,54,39.7959,18.3673
226,295,120,119,56,40.3390,18.9831
227,297,121,120,56,40.4040,18.8552
228,297,117,123,57,41.4141,19.1919
229,296,110,127,59,42.9054,19.9324
230,292,109,120,63,41.0959,21.5753
231,291,101,126,64,43.2990,21.9931
232,289,99,125,65,43.2526,22.4913
233,293,97,130,66,44.3686,22.5256
234,291,94,129,68,44.3299,23.3677
235,291,88,135,68,46.3918,23.3677
236,292,88,135,69,46.2329,23.6301
237,293,91,134,68,45.7338,23.2082
238,291,94,126,71,43.2990,24.3986
239,290,92,125,73,43.1034,25.1724
240,288,86,130,72,45.1389,25.0000
241,287,84,127,76,44.2509,26.4808
242,286,82,123,81,43.0070,28.3217
243,282,84,116,82,41.1348,29.0780
244,280,83,113,84,40.3571,30.0000
245,274,81,107,86,39.0511,31.3869
246,277,83,104,90,37.5451,32.4910
247,277,81,103,93,37.1841,33.5740
248,277,83,98,96,35.3791,34.6570
249,276,84,94,98,34.0580,35.5072
250,281,84,96,101,34.1637,35.9431
251,279,85,91,103,32.6165,36.9176
252,277,87,86,104,31.0469,37.5451
253,273,83,81,109,29.6703,39.9267
254,272,81,82,109,30.1471,40.0735
255,271,82,79,110,29.1513,40.5904
256,267,80,71,116,26.5918,43.4457
257,270,82,71,117,26.2963,43.3333
258,271,83,70,118,25.8303,43.5424
259,273,80,77,116,28.2051,42.4908
260,272,82,70,120,25.7353,44.1176
261,271,84,63,124,23.2472,45.7565
262,273,86,63,124,23.0769,45.4212
263,274,88,65,121,23.7226,44.1606
264,275,86,68,121,24.7273,44.0000
265,276,89,67,120,24.2754,43.4783
266,273,89,63,121,23.0769,44.3223
267,274,90,61,123,22.2628,44.8905
268,273,91,58,124,21.2454,45.4212
269,272,91,57,124,20.9559,45.5882
270,269,93,51,125,18.9591,46.4684
271,265,91,49,125,18.4906,47.1698
272,266,94,48,124,18.0451,46.6165
273,268,104,44,120,16.4179,44.7761
274,268,104,42,122,15.6716,45.5224
275,269,104,42,123,15.6134,45.7249
276,270,106,42,122,15.5556,45.1852
277,271,107,45,119,16.6052,43.9114
278,270,110,43,117,15.9259,43.3333
279,270,113,39,118,14.4444,43.7037
280,271,116,37,118,13.6531,43.5424
281,273,119,39,115,14.2857,42.1245
282,275,128,36,111,13.0909,40.3636
283,275,128,35,112,12.7273,40.7273
284,271,128,31,112,11.4391,41.3284
285,274,130,33,111,12.0438,40.5109
286,277,133,34,110,12.2744,39.7112
287,278,135,33,110,11.8705,39.5683
288,282,139,35,108,12.4113,38.2979
289,289,146,37,106,12.8028,36.6782
290,290,147,41,102,14.1379,35.1724
291,290,147,42,101,14.4828,34.8276
292,292,147,44,101,15.0685,34.5890
293,295,152,46,97,15.5932,32.8814
294,296,155,49,92,16.5541,31.0811
295,299,158,50,91,16.7224,30.4348
296,299,158,49,92,16.3880,30.7692
297,301,160,51,90,16.9435,29.9003
298,300,159,54,87,18.0000,29.0000
299,300,156,60,84,20.0000,28.0000
300,300,160,60,80,20.0000,26.6667
301,298,153,66,79,22.1477,26.5101
302,300,153,72,75,24.0000,25.0000
303,300,150,76,74,25.3333,24.6667
304,298,145,80,73,26.8456,24.4966
305,297,142,86,69,28.9562,23.2323
306,299,135,93,71,31.1037,23.7458
307,298,133,95,70,31.8792,23.4899
308,302,139,98,65,32.4503,21.5232
309,302,137,100,65,33.1126,21.5232
310,302,137,102,63,33.7748,20.8609
311,299,131,103,65,34.4482,21.7391
312,297,132,103,62,34.6801,20.8754
313,297,136,104,57,35.0168,19.1919
314,298,135,106,57,35.5705,19.1275
315,300,134,109,57,36.3333,19.0000
316,298,132,109,57,36.5772,19.1275
317,298,128,112,58,37.5839,19.4631
318,295,128,108,59,36.6102,20.0000
319,295,121,113,61,38.3051,20.6780
320,297,119,116,62,39.0572,20.8754
321,300,118,119,63,39.6667,21.0000
322,295,114,116,65,39.3220,22.0339
323,295,109,118,68,40.0000,23.0508
324,296,106,122,68,41.2162,22.9730
325,291,101,119,71,40.8935,24.3986
326,288,99,118,71,40.9722,24.6528
327,284,93,119,72,41.9014,25.3521
328,284,90,121,73,42.6056,25.7042
329,285,84,126,75,44.2105,26.3158
330,284,80,128,76,45.0704,26.7606
331,283,84,124,75,43.8163,26.5018
332,280,80,126,74,45.0000,26.4286
333,278,74,128,76,46.0432,27.3381
334,276,74,126,76,45.6522,27.5362
335,275,74,125,76,45.4545,27.6364
336,274,73,125,76,45.6204,27.7372
337,274,74,124,76,45.2555,27.7372
338,275,76,121,78,44.0000,28.3636
339,275,79,116,80,42.1818,29.0909
340,271,82,104,85,38.3764,31.3653
341,271,80,104,87,38.3764,32.1033
342,273,81,102,90,37.3626,32.9670
343,267,74,98,95,36.7041,35.5805
344,265,73,98,94,36.9811,35.4717
345,265,74,94,97,35.4717,36.6038
346,267,76,90,101,33.7079,37.8277
347,265,76,87,102,32.8302,38.4906
348,261,80,80,101,30.6513,38.6973
349,260,81,77,102,29.6154,39.2308
350,257,79,72,106,28.0156,41.2451
351,256,82,66,108,25.7812,42.1875
352,260,84,65,111,25.0000,42.6923
353,262,89,60,113,22.9008,43.1298
354,259,85,59,115,22.7799,44.4015
355,258,86,56,116,21.7054,44.9612
356,258,89,52,117,20.1550,45.3488
357,258,90,50,118,19.3798,45.7364
358,259,92,49,118,18.9189,45.5598
359,261,90,54,117,20.6897,44.8276
360,262,92,54,116,20.6107,44.2748
361,264,94,55,115,20.8333,43.5606
362,261,92,55,114,21.0728,43.6782
363,258,94,49,115,18.9922,44.5736
364,258,96,45,117,17.4419,45.3488
365,259,100,39,120,15.0579,46.3320
366,262,104,38,120,14.5038,45.8015
367,261,105,36,120,13.7931,45.9770
368,260,107,34,119,13.0769,45.7692
369,261,106,35,120,13.4100,45.9770
370,264,108,36,120,13.6364,45.4545
371,264,110,35,119,13.2576,45.0758
372,266,114,34,118,12.7820,44.3609
373,265,115,33,117,12.4528,44.1509
374,263,119,30,114,11.4068,43.3460
375,265,123,30,112,11.3208,42.2642
376,268,124,32,112,11.9403,41.7910
377,270,129,33,108,12.2222,40.0000
378,271,129,35,107,12.9151,39.4834
379,269,133,33,103,12.2677,38.2900
380,267,132,32,103,11.9850,38.5768
381,266,133,31,102,11.6541,38.3459
382,265,133,31,101,11.6981,38.1132
383,265,134,30,101,11.3208,38.1132
384,265,133,32,100,12.0755,37.7358
385,264,134,32,98,12.1212,37.1212
386,267,137,34,96,12.7341,35.9551
387,268,140,34,94,12.6866,35.0746
388,270,144,34,92,12.5926,34.0741
389,271,145,35,91,12.9151,33.5793
390,269,147,32,90,11.8959,33.4572
391,268,148,32,88,11.9403,32.8358
392,270,154,33,83,12.2222,30.7407
393,272,154,37,81,13.6029,29.7794
394,274,158,36,80,13.1387,29.1971
395,277,167,36,74,12.9964,26.7148
396,278,167,36,75,12.9496,26.9784
397,278,165,40,73,14.3885,26.2590
398,280,171,39,70,13.9286,25.0000
399,279,171,41,67,14.6953,24.0143
400,281,172,43,66,15.3025,23.4875
401,281,172,45,64,16.0142,22.7758
402,282,173,50,59,17.7305,20.9220
403,283,177,50,56,17.6678,19.7880
404,283,173,56,54,19.7880,19.0813
405,283,176,56,51,19.7880,18.0212
406,286,177,58,51,20.2797,17.8322
407,288,177,62,49,21.5278,17.0139
408,290,177,66,47,22.7586,16.2069
409,291,179,66,46,22.6804,15.8076
410,294,179,70,45,23.8095,15.3061
411,296,179,71,46,23.9865,15.5405
412,297,174,76,47,25.5892,15.8249
413,298,167,82,49,27.5168,16.4430
414,299,158,91,50,30.4348,16.7224
415,301,153,100,48,33.2226,15.9468
416,301,153,103,45,34.2193,14.9502
417,299,150,105,44,35.1171,14.7157
418,298,144,109,45,36.5772,15.1007
419,299,136,118,45,39.4649,15.0502
420,301,134,119,48,39.5349,15.9468
421,299,126,124,49,41.4716,16.3880
422,297,122,126,49,42.4242,16.4983
423,296,120,128,48,43.2432,16.2162
424,297,117,129,51,43.4343,17.1717
425,297,114,130,53,43.7710,17.8451
426,297,117,127,53,42.7609,17.8451
427,296,111,132,53,44.5946,17.9054
428,293,105,134,54,45.7338,18.4300
429,295,102,139,54,47.1186,18.3051
430,291,97,140,54,48.1100,18.5567
431,291,93,144,54,49.4845,18.5567
432,290,94,142,54,48.9655,18.6207
433,288,91,137,60,47.5694,20.8333
434,283,87,131,65,46.2898,22.9682
435,280,84,128,68,45.7143,24.2857
436,279,84,125,70,44.8029,25.0896
437,279,83,122,74,43.7276,26.5233
438,278,83,118,77,42.4460,27.6978
439,277,82,113,82,40.7942,29.6029
440,275,80,109,86,39.6364,31.2727
441,271,78,103,90,38.0074,33.2103
442,270,75,102,93,37.7778,34.4444
443,265,72,97,96,36.6038,36.2264
444,262,71,93,98,35.4962,37.4046
445,262,72,88,102,33.5878,38.9313
446,263,72,90,101,34.2205,38.4030
447,260,71,87,102,33.4615,39.2308
448,259,66,88,105,33.9768,40.5405
449,256,69,80,107,31.2500,41.7969
450,253,70,74,109,29.2490,43.0830
451,250,69,68,113,27.2000,45.2000
452,249,69,66,114,26.5060,45.7831
453,245,69,63,113,25.7143,46.1224
454,248,71,59,118,23.7903,47.5806
455,247,71,57,119,23.0769,48.1781
456,246,71,55,120,22.3577,48.7805
457,247,70,56,121,22.6721,48.9879
458,248,73,53,122,21.3710,49.1935
459,250,78,49,123,19.6000,49.2000
460,251,79,47,125,18.7251,49.8008
461,253,83,46,124,18.1818,49.0119
462,253,82,47,124,18.5771,49.0119
463,251,83,42,126,16.7331,50.1992
464,253,88,39,126,15.4150,49.8024
465,255,91,39,125,15.2941,49.0196
466,253,92,36,125,14.2292,49.4071
467,252,94,33,125,13.0952,49.6032
468,252,94,30,128,11.9048,50.7937
469,251,96,29,126,11.5538,50.1992
470,255,99,32,124,12.5490,48.6275
471,257,99,35,123,13.6187,47.8599
472,261,106,33,122,12.6437,46.7433
473,261,107,34,120,13.0268,45.9770
474,266,112,35,119,13.1579,44.7368
475,266,113,33,120,12.4060,45.1128
476,266,117,32,117,12.0301,43.9850
477,268,121,29,118,10.8209,44.0299
478,269,122,31,116,11.5242,43.1227
479,269,123,32,114,11.8959,42.3792
480,269,125,31,113,11.5242,42.0074
481,270,125,32,113,11.8519,41.8519
482,268,126,30,112,11.1940,41.7910
483,268,127,27,114,10.0746,42.5373
484,272,131,28,113,10.2941,41.5441
485,273,135,32,106,11.7216,38.8278
486,274,135,37,102,13.5036,37.2263
487,275,138,39,98,14.1818,35.6364
488,275,141,37,97,13.4545,35.2727
489,275,145,37,93,13.4545,33.8182
490,275,147,37,91,13.4545,33.0909
491,279,157,36,86,12.9032,30.8244
492,281,161,37,83,13.1673,29.5374
493,282,164,38,80,13.4752,28.3688
494,283,169,36,78,12.7208,27.5618
495,284,168,40,76,14.0845,26.7606
496,285,170,41,74,14.3860,25.9649
497,287,175,41,71,14.2857,24.7387
498,291,178,42,71,14.4330,24.3986
499,295,179,47,69,15.9322,23.3898
500,294,180,48,66,16.3265,22.4490
501,296,178,54,64,18.2432,21.6216
502,296,176,59,61,19.9324,20.6081
503,296,175,64,57,21.6216,19.2568
504,298,174,68,56,22.8188,18.7919
505,299,169,72,58,24.0803,19.3980
506,297,171,71,55,23.9057,18.5185
507,299,169,74,56,24.7492,18.7291
508,303,171,75,57,24.7525,18.8119
509,303,166,82,55,27.0627,18.1518
510,303,163,86,54,28.3828,17.8218
511,301,160,87,54,28.9037,17.9402
512,299,155,92,52,30.7692,17.3913
513,300,150,96,54,32.0000,18.0000
514,298,141,104,53,34.8993,17.7852
515,298,142,106,50,35.5705,16.7785
516,298,138,107,53,35.9060,17.7852
517,299,137,109,53,36.4548,17.7258
518,300,134,113,53,37.6667,17.6667
519,299,127,117,55,39.1304,18.3946
520,300,131,116,53,38.6667,17.6667
521,299,128,119,52,39.7993,17.3913
522,292,128,108,56,36.9863,19.1781
523,291,125,109,57,37.4570,19.5876
524,291,127,106,58,36.4261,19.9313
525,285,118,107,60,37.5439,21.0526
526,284,116,108,60,38.0282,21.1268
527,283,118,104,61,36.7491,21.5548
528,285,121,100,64,35.0877,22.4561
529,282,121,97,64,34.3972,22.6950
530,281,121,94,66,33.4520,23.4875
531,281,114,97,70,34.5196,24.9110
532,280,112,96,72,34.2857,25.7143
533,281,114,91,76,32.3843,27.0463
534,281,113,89,79,31.6726,28.1139
535,275,114,82,79,29.8182,28.7273
536,276,112,82,82,29.7101,29.7101
537,272,110,79,83,29.0441,30.5147
538,274,111,74,89,27.0073,32.4818
539,275,114,70,91,25.4545,33.0909
540,273,115,65,93,23.8095,34.0659
541,272,113,65,94,23.8971,34.5588
542,271,114,63,94,23.2472,34.6863
543,272,111,67,94,24.6324,34.5588
544,274,114,65,95,23.7226,34.6715
545,274,113,66,95,24.0876,34.6715
546,272,112,64,96,23.5294,35.2941
547,272,112,65,95,23.8971,34.9265
548,274,113,65,96,23.7226,35.0365
549,274,112,65,97,23.7226,35.4015
550,277,112,66,99,23.8267,35.7401
551,277,111,65,101,23.4657,36.4621
552,275,112,62,101,22.5455,36.7273
553,273,110,63,100,23.0769,36.6300
554,276,109,65,102,23.5507,36.9565
555,276,106,65,105,23.5507,38.0435
556,275,106,64,105,23.2727,38.1818
557,277,109,64,104,23.1047,37.5451
558,280,111,66,103,23.5714,36.7857
559,281,113,67,101,23.8434,35.9431
560,282,116,68,98,24.1135,34.7518
561,281,114,68,99,24.1993,35.2313
562,282,112,73,97,25.8865,34.3972
563,278,111,70,97,25.1799,34.8921
564,278,108,71,99,25.5396,35.6115
565,282,112,71,99,25.1773,35.1064
566,281,108,71,102,25.2669,36.2989
567,282,109,69,104,24.4681,36.8794
568,284,113,71,100,25.0000,35.2113
569,282,106,76,100,26.9504,35.4610
570,284,106,75,103,26.4085,36.2676
571,283,110,71,102,25.0883,36.0424
572,284,112,70,102,24.6479,35.9155
573,287,115,69,103,24.0418,35.8885
574,289,115,73,101,25.2595,34.9481
575,290,118,70,102,24.1379,35.1724
576,291,117,74,100,25.4296,34.3643
577,290,114,77,99,26.5517,34.1379
578,290,113,77,100,26.5517,34.4828
579,291,109,84,98,28.8660,33.6770
580,290,113,83,94,28.6207,32.4138
581,289,115,82,92,28.3737,31.8339
582,290,113,83,94,28.6207,32.4138
583,290,113,85,92,29.3103,31.7241
584,291,117,85,89,29.2096,30.5842
585,290,116,87,87,30.0000,30.0000
586,291,117,89,85,30.5842,29.2096
587,290,118,87,85,30.0000,29.3103
588,289,122,84,83,29.0657,28.7197
589,288,119,82,87,28.4722,30.2083
590,291,123,85,83,29.2096,28.5223
591,290,121,86,83,29.6552,28.6207
592,292,119,91,82,31.1644,28.0822
593,290,115,94,81,32.4138,27.9310
594,290,117,90,83,31.0345,28.6207
595,289,115,90,84,31.1419,29.0657
596,288,112,93,83,32.2917,28.8194
597,289,110,91,88,31.4879,30.4498
598,290,113,91,86,31.3793,29.6552
599,288,109,90,89,31.2500,30.9028
600,290,113,82,95,28.2759,32.7586
601,294,116,85,93,28.9116,31.6327
602,295,116,87,92,29.4915,31.1864
603,293,115,86,92,29.3515,31.3993
604,292,114,84,94,28.7671,32.1918
605,295,111,87,97,29.4915,32.8814
606,296,113,85,98,28.7162,33.1081
607,296,114,87,95,29.3919,32.0946
608,297,112,90,95,30.3030,31.9865
609,298,111,93,94,31.2081,31.5436
610,295,107,91,97,30.8475,32.8814
611,295,107,90,98,30.5085,33.2203
612,294,102,90,102,30.6122,34.6939
613,289,99,87,103,30.1038,35.6401
614,290,94,92,104,31.7241,35.8621
615,290,95,89,106,30.6897,36.5517
616,290,95,91,104,31.3793,35.8621
617,286,94,88,104,30.7692,36.3636
618,286,97,86,103,30.0699,36.0140
619,285,97,84,104,29.4737,36.4912
620,287,98,84,105,29.2683,36.5854
621,286,98,84,104,29.3706,36.3636
622,286,98,85,103,29.7203,36.0140
623,283,96,84,103,29.6820,36.3958
624,280,93,86,101,30.7143,36.0714
625,282,89,91,102,32.2695,36.1702
626,282,92,87,103,30.8511,36.5248
627,280,92,84,104,30.0000,37.1429
628,281,91,85,105,30.2491,37.3665
629,279,92,80,107,28.6738,38.3513
630,279,92,80,107,28.6738,38.3513
631,279,89,81,109,29.0323,39.0681
632,277,86,80,111,28.8809,40.0722
633,274,85,76,113,27.7372,41.2409
634,273,87,74,112,27.1062,41.0256
635,269,87,71,111,26.3941,41.2639
636,270,87,71,112,26.2963,41.4815
637,271,87,72,112,26.5683,41.3284
638,268,84,72,112,26.8657,41.7910
639,272,86,74,112,27.2059,41.1765
640,272,85,75,112,27.5735,41.1765
641,274,92,75,107,27.3723,39.0511
642,272,94,71,107,26.1029,39.3382
643,272,97,69,106,25.3676,38.9706
644,271,101,62,108,22.8782,39.8524
645,271,101,57,113,21.0332,41.6974
646,270,104,55,111,20.3704,41.1111
647,271,103,58,110,21.4022,40.5904
648,268,103,54,111,20.1493,41.4179
649,269,107,56,106,20.8178,39.4052
650,271,110,54,107,19.9262,39.4834
651,270,110,54,106,20.0000,39.2593
652,271,115,53,103,19.5572,38.0074
653,268,115,50,103,18.6567,38.4328
654,272,116,54,102,19.8529,37.5000
655,272,117,54,101,19.8529,37.1324
656,271,117,54,100,19.9262,36.9004
657,272,119,54,99,19.8529,36.3971
658,274,123,54,97,19.7080,35.4015
659,273,122,50,101,18.3150,36.9963
660,274,125,49,100,17.8832,36.4964
661,274,124,49,101,17.8832,36.8613
662,276,125,54,97,19.5652,35.1449
663,281,129,57,95,20.2847,33.8078
664,285,137,56,92,19.6491,32.2807
665,286,134,62,90,21.6783,31.4685
666,290,136,64,90,22.0690,31.0345
667,293,138,67,88,22.8669,30.0341
668,293,136,68,89,23.2082,30.3754
669,296,141,67,88,22.6351,29.7297
670,299,144,67,88,22.4080,29.4314
671,305,148,70,87,22.9508,28.5246
672,303,141,75,87,24.7525,28.7129
673,302,139,74,89,24.5033,29.4702
674,301,138,75,88,24.9169,29.2359
675,298,133,78,87,26.1745,29.1946
676,299,133,77,89,25.7525,29.7659
677,300,134,77,89,25.6667,29.6667
678,299,135,77,87,25.7525,29.0970
679,299,137,77,85,25.7525,28.4281
680,299,129,84,86,28.0936,28.7625
681,300,126,90,84,30.0000,28.0000
682,299,125,91,83,30.4348,27.7592
683,298,127,89,82,29.8658,27.5168
684,298,127,90,81,30.2013,27.1812
685,297,129,89,79,29.9663,26.5993
686,298,131,88,79,29.5302,26.5101
687,296,128,87,81,29.3919,27.3649
688,295,126,87,82,29.4915,27.7966
689,294,125,87,82,29.5918,27.8912
690,295,124,88,83,29.8305,28.1356
691,293,121,90,82,30.7167,27.9863
692,296,120,92,84,31.0811,28.3784
693,295,119,90,86,30.5085,29.1525
694,296,120,93,83,31.4189,28.0405
695,296,119,88,89,29.7297,30.0676
696,301,124,91,86,30.2326,28.5714
697,299,125,92,82,30.7692,27.4247
698,297,119,96,82,32.3232,27.6094
699,301,119,99,83,32.8904,27.5748
700,296,114,98,84,33.1081,28.3784
701,297,113,96,88,32.3232,29.6296
702,298,113,94,91,31.5436,30.5369
703,301,113,98,90,32.5581,29.9003
704,297,112,98,87,32.9966,29.2929
705,295,110,97,88,32.8814,29.8305
706,296,108,101,87,34.1216,29.3919
707,297,108,101,88,34.0067,29.6296
708,301,111,102,88,33.8870,29.2359
709,299,109,103,87,34.4482,29.0970
710,300,104,106,90,35.3333,30.0000
711,296,103,102,91,34.4595,30.7432
712,295,104,98,93,33.2203,31.5254
713,296,105,98,93,33.1081,31.4189
714,299,104,97,98,32.4415,32.7759
715,298,97,101,100,33.8926,33.5570
716,296,96,100,100,33.7838,33.7838
717,297,94,100,103,33.6700,34.6801
718,295,92,99,104,33.5593,35.2542
719,294,92,95,107,32.3129,36.3946
720,293,89,96,108,32.7645,36.8601
721,287,88,91,108,31.7073,37.6307
722,286,91,84,111,29.3706,38.8112
723,287,93,83,111,28.9199,38.6760
724,288,94,82,112,28.4722,38.8889
725,289,94,81,114,28.0277,39.4464
726,291,97,79,115,27.1478,39.5189
727,292,98,77,117,26.3699,40.0685
728,291,98,75,118,25.7732,40.5498
729,291,98,74,119,25.4296,40.8935
730,286,102,64,120,22.3776,41.9580
731,286,100,64,122,22.3776,42.6573
732,285,99,66,120,23.1579,42.1053
733,284,98,66,120,23.2394,42.2535
734,283,98,66,119,23.3216,42.0495
735,280,99,60,121,21.4286,43.2143
736,278,99,58,121,20.8633,43.5252
737,278,101,57,120,20.5036,43.1655
738,279,105,54,120,19.3548,43.0108
739,280,106,54,120,19.2857,42.8571
740,282,109,53,120,18.7943,42.5532
741,282,111,52,119,18.4397,42.1986
742,283,115,50,118,17.6678,41.6961
743,284,116,50,118,17.6056,41.5493
744,283,117,51,115,18.0212,40.6360
745,283,119,46,118,16.2544,41.6961
746,284,120,45,119,15.8451,41.9014
747,286,126,46,114,16.0839,39.8601
748,288,130,45,113,15.6250,39.2361
749,292,133,44,115,15.0685,39.3836
750,293,135,42,116,14.3345,39.5904
751,296,133,48,115,16.2162,38.8514
752,295,132,49,114,16.6102,38.6441
753,291,138,43,110,14.7766,37.8007
754,294,146,43,105,14.6259,35.7143
755,294,145,43,106,14.6259,36.0544
756,300,151,44,105,14.6667,35.0000
757,299,148,45,106,15.0502,35.4515
758,300,144,49,107,16.3333,35.6667
759,300,144,49,107,16.3333,35.6667
760,299,141,51,107,17.0569,35.7860
761,300,139,54,107,18.0000,35.6667
762,300,137,60,103,20.0000,34.3333
763,299,137,63,99,21.0702,33.1104
764,301,131,73,97,24.2525,32.2259
765,299,128,74,97,24.7492,32.4415
766,301,130,79,92,26.2458,30.5648
767,299,125,84,90,28.0936,30.1003
768,298,120,87,91,29.1946,30.5369
769,300,120,92,88,30.6667,29.3333
770,298,118,93,87,31.2081,29.1946
771,296,118,92,86,31.0811,29.0541
772,297,117,94,86,31.6498,28.9562
773,297,110,99,88,33.3333,29.6296
774,300,114,102,84,34.0000,28.0000
775,298,110,106,82,35.5705,27.5168
776,299,110,108,81,36.1204,27.0903
777,301,107,114,80,37.8738,26.5781
778,298,98,121,79,40.6040,26.5101
779,298,97,122,79,40.9396,26.5101
780,298,96,126,76,42.2819,25.5034
781,297,90,129,78,43.4343,26.2626
782,293,87,127,79,43.3447,26.9625
783,293,85,130,78,44.3686,26.6212
784,292,82,126,84,43.1507,28.7671
785,290,79,124,87,42.7586,30.0000
786,287,76,122,89,42.5087,31.0105
787,283,79,117,87,41.3428,30.7420
788,280,72,121,87,43.2143,31.0714
789,278,68,121,89,43.5252,32.0144
790,278,69,122,87,43.8849,31.2950
791,279,71,122,86,43.7276,30.8244
792,279,69,123,87,44.0860,31.1828
793,273,68,115,90,42.1245,32.9670
794,269,68,111,90,41.2639,33.4572
795,269,70,109,90,40.5204,33.4572
796,268,67,110,91,41.0448,33.9552
797,266,72,104,90,39.0977,33.8346
798,263,74,94,95,35.7414,36.1217
799,260,73,88,99,33.8462,38.0769
800,259,71,85,103,32.8185,39.7683
801,253,72,80,101,31.6206,39.9209
802,254,77,75,102,29.5276,40.1575
803,253,77,69,107,27.2727,42.2925
804,255,79,67,109,26.2745,42.7451
805,254,78,66,110,25.9843,43.3071
806,255,77,66,112,25.8824,43.9216
807,257,81,65,111,25.2918,43.1907
808,252,80,60,112,23.8095,44.4444
809,249,82,53,114,21.2851,45.7831
810,248,81,53,114,21.3710,45.9677
811,247,83,51,113,20.6478,45.7490
812,245,83,45,117,18.3673,47.7551
813,244,84,43,117,17.6230,47.9508
814,243,81,45,117,18.5185,48.1481
815,246,86,44,116,17.8862,47.1545
816,246,84,44,118,17.8862,47.9675
817,248,86,42,120,16.9355,48.3871
818,247,83,44,120,17.8138,48.5830
819,251,85,45,121,17.9283,48.2072
820,249,85,42,122,16.8675,48.9960
821,249,85,39,125,15.6627,50.2008
822,251,87,40,124,15.9363,49.4024
823,252,89,42,121,16.6667,48.0159
824,255,94,39,122,15.2941,47.8431
825,259,99,41,119,15.8301,45.9459
826,259,98,38,123,14.6718,47.4903
827,260,95,41,124,15.7692,47.6923
828,261,97,40,124,15.3257,47.5096
829,266,105,40,121,15.0376,45.4887
830,268,106,41,121,15.2985,45.1493
831,269,106,44,119,16.3569,44.2379
832,270,103,48,119,17.7778,44.0741
833,272,107,49,116,18.0147,42.6471
834,272,104,55,113,20.2206,41.5441
835,273,105,54,114,19.7802,41.7582
836,274,110,55,109,20.0730,39.7810
837,274,113,54,107,19.7080,39.0511
838,279,118,55,106,19.7133,37.9928
839,279,119,56,104,20.0717,37.2760
840,280,118,59,103,21.0714,36.7857
841,282,119,60,103,21.2766,36.5248
842,282,120,59,103,20.9220,36.5248
843,282,116,63,103,22.3404,36.5248
844,284,115,68,101,23.9437,35.5634
845,287,120,70,97,24.3902,33.7979
846,287,114,75,98,26.1324,34.1463
847,286,112,76,98,26.5734,34.2657
848,285,112,75,98,26.3158,34.3860
849,288,117,77,94,26.7361,32.6389
850,290,118,84,88,28.9655,30.3448
851,291,120,84,87,28.8660,29.8969
852,292,122,81,89,27.7397,30.4795
853,295,120,85,90,28.8136,30.5085
854,293,123,82,88,27.9863,30.0341
855,292,126,81,85,27.7397,29.1096
856,296,133,78,85,26.3514,28.7162
857,296,131,81,84,27.3649,28.3784
858,298,129,87,82,29.1946,27.5168
859,297,126,89,82,29.9663,27.6094
860,296,126,86,84,29.0541,28.3784
861,294,128,85,81,28.9116,27.5510
862,296,126,90,80,30.4054,27.0270
863,297,126,90,81,30.3030,27.2727
864,297,130,88,79,29.6296,26.5993
865,296,121,97,78,32.7703,26.3514
866,298,120,96,82,32.2148,27.5168
867,297,119,93,85,31.3131,28.6195
868,294,114,95,85,32.3129,28.9116
869,297,114,99,84,33.3333,28.2828
870,298,111,100,87,33.5570,29.1946
871,297,109,98,90,32.9966,30.3030
872,295,113,94,88,31.8644,29.8305
873,292,113,93,86,31.8493,29.4521
874,291,106,97,88,33.3333,30.2405
875,290,99,102,89,35.1724,30.6897
876,290,101,103,86,35.5172,29.6552
877,290,96,107,87,36.8966,30.0000
878,284,93,106,85,37.3239,29.9296
879,284,95,104,85,36.6197,29.9296
880,285,97,101,87,35.4386,30.5263
881,283,95,101,87,35.6890,30.7420
882,282,93,104,85,36.8794,30.1418
883,278,93,99,86,35.6115,30.9353
884,276,84,102,90,36.9565,32.6087
885,274,81,101,92,36.8613,33.5766
886,270,79,97,94,35.9259,34.8148
887,266,79,95,92,35.7143,34.5865
888,267,77,98,92,36.7041,34.4569
889,265,77,95,93,35.8491,35.0943
890,262,77,90,95,34.3511,36.2595
891,260,77,86,97,33.0769,37.3077
892,260,74,88,98,33.8462,37.6923
893,264,76,90,98,34.0909,37.1212
894,264,73,92,99,34.8485,37.5000
895,261,74,85,102,32.5670,39.0805
896,259,76,82,101,31.6602,38.9961
897,258,75,78,105,30.2326,40.6977
898,259,75,78,106,30.1158,40.9266
899,260,77,74,109,28.4615,41.9231
900,260,73,77,110,29.6154,42.3077
901,259,74,75,110,28.9575,42.4710
902,258,74,74,110,28.6822,42.6357
903,259,80,72,107,27.7992,41.3127
904,258,84,69,105,26.7442,40.6977
905,257,83,70,104,27.2374,40.4669
906,258,85,67,106,25.9690,41.0853
907,259,85,69,105,26.6409,40.5405
908,255,88,63,104,24.7059,40.7843
909,258,89,65,104,25.1938,40.3101
910,259,89,64,106,24.7104,40.9266
911,258,87,66,105,25.5814,40.6977
912,259,86,69,104,26.6409,40.1544
913,261,88,65,108,24.9042,41.3793
914,262,88,64,110,24.4275,41.9847
915,261,90,58,113,22.2222,43.2950
916,264,95,59,110,22.3485,41.6667
917,265,93,62,110,23.3962,41.5094
918,265,98,58,109,21.8868,41.1321
919,266,104,56,106,21.0526,39.8496
920,268,108,54,106,20.1493,39.5522
921,267,111,52,104,19.4757,38.9513
922,268,116,51,101,19.0299,37.6866
923,269,121,51,97,18.9591,36.0595
924,269,121,48,100,17.8439,37.1747
925,267,120,47,100,17.6030,37.4532
926,265,119,46,100,17.3585,37.7358
927,265,120,45,100,16.9811,37.7358
928,264,119,42,103,15.9091,39.0152
929,268,119,47,102,17.5373,38.0597
930,268,121,44,103,16.4179,38.4328
931,268,123,43,102,16.0448,38.0597
932,268,127,40,101,14.9254,37.6866
933,266,129,36,101,13.5338,37.9699
934,267,131,35,101,13.1086,37.8277
935,265,130,36,99,13.5849,37.3585
936,266,134,36,96,13.5338,36.0902
937,267,142,32,93,11.9850,34.8315
938,269,142,35,92,13.0112,34.2007
939,277,150,36,91,12.9964,32.8520
940,280,155,34,91,12.1429,32.5000
941,280,155,37,88,13.2143,31.4286
942,284,159,40,85,14.0845,29.9296
943,285,162,40,83,14.0351,29.1228
944,287,161,43,83,14.9826,28.9199
945,287,159,46,82,16.0279,28.5714
946,287,157,48,82,16.7247,28.5714
947,287,162,47,78,16.3763,27.1777
948,290,164,47,79,16.2069,27.2414
949,292,166,50,76,17.1233,26.0274
950,288,162,52,74,18.0556,25.6944
951,289,164,55,70,19.0311,24.2215
952,288,163,57,68,19.7917,23.6111
953,290,159,63,68,21.7241,23.4483
954,292,156,68,68,23.2877,23.2877
955,294,154,73,67,24.8299,22.7891
956,295,151,79,65,26.7797,22.0339
957,292,143,85,64,29.1096,21.9178
958,292,142,89,61,30.4795,20.8904
959,293,143,88,62,30.0341,21.1604
960,297,141,97,59,32.6599,19.8653
961,298,138,101,59,33.8926,19.7987
962,298,133,106,59,35.5705,19.7987
963,298,123,114,61,38.2550,20.4698
964,298,125,112,61,37.5839,20.4698
965,302,126,118,58,39.0728,19.2053
966,299,125,116,58,38.7960,19.3980
967,298,124,118,56,39.5973,18.7919
968,296,115,125,56,42.2297,18.9189
969,296,110,127,59,42.9054,19.9324
970,293,106,128,59,43.6860,20.1365
971,290,97,133,60,45.8621,20.6897
972,288,95,132,61,45.8333,21.1806
973,289,91,136,62,47.0588,21.4533
974,286,85,136,65,47.5524,22.7273
975,283,85,131,67,46.2898,23.6749
976,282,82,131,69,46.4539,24.4681
977,275,79,125,71,45.4545,25.8182
978,275,78,124,73,45.0909,26.5455
979,276,80,119,77,43.1159,27.8986
980,277,84,117,76,42.2383,27.4368
981,272,82,114,76,41.9118,27.9412
982,269,82,114,73,42.3792,27.1375
983,263,75,109,79,41.4449,30.0380
984,259,74,106,79,40.9266,30.5019
985,262,72,108,82,41.2214,31.2977
986,261,68,105,88,40.2299,33.7165
987,261,69,103,89,39.4636,34.0996
988,258,71,93,94,36.0465,36.4341
989,263,73,93,97,35.3612,36.8821
990,264,77,86,101,32.5758,38.2576
991,261,78,79,104,30.2682,39.8467
992,264,84,74,106,28.0303,40.1515
993,263,80,74,109,28.1369,41.4449
994,261,78,71,112,27.2031,42.9119
995,262,77,72,113,27.4809,43.1298
996,264,77,73,114,27.6515,43.1818
997,261,78,67,116,25.6705,44.4444
998,262,77,69,116,26.3359,44.2748
999,262,75,70,117,26.7176,44.6565
1000,262,77,69,116,26.3359,44.2748
1001,260,78,65,117,25.0000,45.0000
1002,260,76,66,118,25.3846,45.3846
1003,255,74,61,120,23.9216,47.0588
1004,255,75,58,122,22.7451,47.8431
1005,254,76,56,122,22.0472,48.0315
1006,256,80,48,128,18.7500,50.0000
1007,257,79,50,128,19.4553,49.8054
1008,257,80,51,126,19.8444,49.0272
1009,255,78,51,126,20.0000,49.4118
1010,256,78,49,129,19.1406,50.3906
1011,258,80,51,127,19.7674,49.2248
1012,261,84,49,128,18.7739,49.0421
1013,260,85,47,128,18.0769,49.2308
1014,260,87,45,128,17.3077,49.2308
1015,259,88,42,129,16.2162,49.8069
1016,260,88,44,128,16.9231,49.2308
1017,262,90,43,129,16.4122,49.2366
1018,263,94,41,128,15.5894,48.6692
1019,261,99,35,127,13.4100,48.6590
1020,260,101,33,126,12.6923,48.4615
1021,260,102,35,123,13.4615,47.3077
1022,262,107,35,120,13.3588,45.8015
1023,266,113,31,122,11.6541,45.8647
1024,268,119,29,120,10.8209,44.7761
1025,269,121,29,119,10.7807,44.2379
1026,273,127,30,116,10.9890,42.4908
1027,276,131,30,115,10.8696,41.6667
1028,276,138,28,110,10.1449,39.8551
1029,277,141,29,107,10.4693,38.6282
1030,276,145,28,103,10.1449,37.3188
1031,274,147,29,98,10.5839,35.7664
1032,275,150,27,98,9.8182,35.6364
1033,278,148,32,98,11.5108,35.2518
1034,279,150,31,98,11.1111,35.1254
1035,279,155,32,92,11.4695,32.9749
1036,284,160,30,94,10.5634,33.0986
1037,283,163,28,92,9.8940,32.5088
1038,285,170,29,86,10.1754,30.1754
1039,288,171,32,85,11.1111,29.5139
1040,292,179,34,79,11.6438,27.0548
1041,292,182,34,76,11.6438,26.0274
1042,292,184,37,71,12.6712,24.3151
1043,296,188,40,68,13.5135,22.9730
1044,300,195,41,64,13.6667,21.3333
1045,299,193,45,61,15.0502,20.4013
1046,305,200,46,59,15.0820,19.3443
1047,305,193,53,59,17.3770,19.3443
1048,304,193,54,57,17.7632,18.7500
1049,303,193,56,54,18.4818,17.8218
1050,302,189,60,53,19.8675,17.5497
1051,301,183,67,51,22.2591,16.9435
1052,300,181,67,52,22.3333,17.3333
1053,299,180,68,51,22.7425,17.0569
1054,299,177,72,50,24.0803,16.7224
1055,299,176,74,49,24.7492,16.3880
1056,298,176,74,48,24.8322,16.1074
1057,301,176,76,49,25.2492,16.2791
1058,300,177,80,43,26.6667,14.3333
1059,299,175,79,45,26.4214,15.0502
1060,300,171,84,45,28.0000,15.0000
1061,299,165,87,47,29.0970,15.7191
1062,299,164,89,46,29.7659,15.3846
1063,299,158,93,48,31.1037,16.0535
1064,299,150,99,50,33.1104,16.7224
1065,298,143,103,52,34.5638,17.4497
1066,299,134,116,49,38.7960,16.3880
1067,298,131,118,49,39.5973,16.4430
1068,296,121,124,51,41.8919,17.2297
1069,297,123,124,50,41.7508,16.8350
1070,295,112,129,54,43.7288,18.3051
1071,294,109,132,53,44.8980,18.0272
1072,289,106,129,54,44.6367,18.6851
1073,290,100,134,56,46.2069,19.3103
1074,288,97,133,58,46.1806,20.1389
1075,285,92,134,59,47.0175,20.7018
1076,285,89,137,59,48.0702,20.7018
1077,282,87,136,59,48.2270,20.9220
1078,279,81,139,59,49.8208,21.1470
1079,279,78,140,61,50.1792,21.8638
1080,280,73,142,65,50.7143,23.2143
1081,279,67,142,70,50.8961,25.0896
1082,278,62,142,74,51.0791,26.6187
1083,278,58,145,75,52.1583,26.9784
1084,273,57,140,76,51.2821,27.8388
1085,267,51,132,84,49.4382,31.4607
1086,265,49,127,89,47.9245,33.5849
1087,261,47,120,94,45.9770,36.0153
1088,258,52,114,92,44.1860,35.6589
1089,254,49,108,97,42.5197,38.1890
1090,252,49,104,99,41.2698,39.2857
1091,252,49,98,105,38.8889,41.6667
1092,251,47,96,108,38.2470,43.0279
1093,247,49,88,110,35.6275,44.5344
1094,245,50,83,112,33.8776,45.7143
1095,242,48,80,114,33.0579,47.1074
1096,242,50,73,119,30.1653,49.1736
1097,244,50,73,121,29.9180,49.5902
1098,245,55,65,125,26.5306,51.0204
1099,246,57,64,125,26.0163,50.8130
1100,243,53,60,130,24.6914,53.4979
1101,242,54,57,131,23.5537,54.1322
1102,235,53,51,131,21.7021,55.7447
1103,232,55,44,133,18.9655,57.3276
1104,230,57,40,133,17.3913,57.8261
1105,230,59,37,134,16.0870,58.2609
1106,229,60,35,134,15.2838,58.5153
1107,228,62,31,135,13.5965,59.2105
1108,229,62,32,135,13.9738,58.9520
1109,227,62,30,135,13.2159,59.4714
1110,227,64,27,136,11.8943,59.9119
1111,228,69,26,133,11.4035,58.3333
1112,226,68,25,133,11.0619,58.8496
1113,226,70,24,132,10.6195,58.4071
1114,227,74,23,130,10.1322,57.2687
1115,228,78,21,129,9.2105,56.5789
1116,228,82,19,127,8.3333,55.7018
1117,230,87,19,124,8.2609,53.9130
1118,229,88,17,124,7.4236,54.1485
1119,230,92,17,121,7.3913,52.6087
1120,235,100,15,120,6.3830,51.0638
1121,237,102,16,119,6.7511,50.2110
1122,239,110,14,115,5.8577,48.1172
1123,238,111,13,114,5.4622,47.8992
1124,238,111,14,113,5.8824,47.4790
1125,238,114,13,111,5.4622,46.6387
1126,241,118,13,110,5.3942,45.6432
1127,240,123,11,106,4.5833,44.1667
1128,241,126,10,105,4.1494,43.5685
1129,243,127,11,105,4.5267,43.2099
1130,248,133,10,105,4.0323,42.3387
1131,250,138,10,102,4.0000,40.8000
1132,251,143,11,97,4.3825,38.6454
1133,253,150,10,93,3.9526,36.7589
1134,256,157,10,89,3.9062,34.7656
1135,259,160,11,88,4.2471,33.9768
1136,259,163,11,85,4.2471,32.8185
1137,262,173,12,77,4.5802,29.3893
1138,268,185,12,71,4.4776,26.4925
1139,268,189,13,66,4.8507,24.6269
1140,273,193,16,64,5.8608,23.4432
1141,272,198,14,60,5.1471,22.0588
1142,273,200,15,58,5.4945,21.2454
1143,275,209,14,52,5.0909,18.9091
1144,276,212,15,49,5.4348,17.7536
1145,278,216,15,47,5.3957,16.9065
1146,278,218,15,45,5.3957,16.1871
1147,281,222,15,44,5.3381,15.6584
1148,285,227,19,39,6.6667,13.6842
1149,285,228,19,38,6.6667,13.3333
1150,288,236,19,33,6.5972,11.4583
1151,291,238,21,32,7.2165,10.9966
1152,294,242,25,27,8.5034,9.1837
1153,294,242,26,26,8.8435,8.8435
1154,295,244,26,25,8.8136,8.4746
1155,300,248,29,23,9.6667,7.6667
1156,299,246,31,22,10.3679,7.3579
1157,304,249,35,20,11.5132,6.5789
1158,304,245,39,20,12.8289,6.5789
1159,304,243,43,18,14.1447,5.9211
1160,302,240,44,18,14.5695,5.9603
1161,301,237,47,17,15.6146,5.6478
1162,301,236,48,17,15.9468,5.6478
1163,301,231,52,18,17.2757,5.9801
1164,301,221,62,18,20.5980,5.9801
1165,300,220,63,17,21.0000,5.6667
1166,299,214,68,17,22.7425,5.6856
1167,300,207,77,16,25.6667,5.3333
1168,298,204,78,16,26.1745,5.3691
1169,304,204,82,18,26.9737,5.9211
1170,304,193,93,18,30.5921,5.9211
1171,303,189,96,18,31.6832,5.9406
1172,301,184,98,19,32.5581,6.3123
1173,300,176,104,20,34.6667,6.6667
1174,299,172,108,19,36.1204,6.3545
1175,298,165,114,19,38.2550,6.3758
1176,300,159,121,20,40.3333,6.6667
1177,300,151,125,24,41.6667,8.0000
1178,298,140,133,25,44.6309,8.3893
1179,299,133,136,30,45.4849,10.0334
1180,304,131,140,33,46.0526,10.8553
1181,302,127,142,33,47.0199,10.9272
1182,302,120,145,37,48.0132,12.2517
1183,298,113,148,37,49.6644,12.4161
1184,299,109,148,42,49.4983,14.0468
1185,299,102,152,45,50.8361,15.0502
1186,301,99,155,47,51.4950,15.6146
1187,296,92,153,51,51.6892,17.2297
1188,292,87,151,54,51.7123,18.4932
1189,291,84,151,56,51.8900,19.2440
1190,289,83,144,62,49.8270,21.4533
1191,289,80,144,65,49.8270,22.4913
1192,289,76,145,68,50.1730,23.5294
1193,284,75,137,72,48.2394,25.3521
1194,285,69,141,75,49.4737,26.3158
1195,284,70,137,77,48.2394,27.1127
1196,284,67,134,83,47.1831,29.2254
1197,278,66,125,87,44.9640,31.2950
1198,268,63,116,89,43.2836,33.2090
1199,267,61,114,92,42.6966,34.4569
1200,264,59,106,99,40.1515,37.5000
1201,266,63,100,103,37.5940,38.7218
1202,265,62,100,103,37.7358,38.8679
1203,266,63,96,107,36.0902,40.2256
1204,264,62,93,109,35.2273,41.2879
1205,264,62,88,114,33.3333,43.1818
1206,263,62,81,120,30.7985,45.6274
1207,261,58,81,122,31.0345,46.7433
1208,261,57,74,130,28.3525,49.8084
1209,260,58,71,131,27.3077,50.3846
1210,260,61,68,131,26.1538,50.3846
1211,258,62,63,133,24.4186,51.5504
1212,259,65,57,137,22.0077,52.8958
1213,263,68,54,141,20.5323,53.6122
1214,263,67,54,142,20.5323,53.9924
1215,263,67,52,144,19.7719,54.7529
1216,263,67,50,146,19.0114,55.5133
1217,262,67,46,149,17.5573,56.8702
1218,262,70,43,149,16.4122,56.8702
1219,266,72,43,151,16.1654,56.7669
1220,268,72,46,150,17.1642,55.9701
1221,270,75,46,149,17.0370,55.1852
1222,270,75,45,150,16.6667,55.5556
1223,270,78,40,152,14.8148,56.2963
1224,271,82,37,152,13.6531,56.0886
1225,272,85,35,152,12.8676,55.8824
1226,271,84,33,154,12.1771,56.8266
1227,272,85,31,156,11.3971,57.3529
1228,276,91,28,157,10.1449,56.8841
1229,278,98,27,153,9.7122,55.0360
1230,278,99,28,151,10.0719,54.3165
1231,283,106,31,146,10.9541,51.5901
1232,285,111,30,144,10.5263,50.5263
1233,286,110,32,144,11.1888,50.3497
1234,287,114,30,143,10.4530,49.8258
1235,287,111,31,145,10.8014,50.5226
1236,288,117,30,141,10.4167,48.9583
1237,290,124,29,137,10.0000,47.2414
1238,291,123,33,135,11.3402,46.3918
1239,292,128,31,133,10.6164,45.5479
1240,293,130,32,131,10.9215,44.7099
1241,290,131,29,130,10.0000,44.8276
1242,290,135,29,126,10.0000,43.4483
1243,294,141,30,123,10.2041,41.8367
1244,297,143,34,120,11.4478,40.4040
1245,300,150,34,116,11.3333,38.6667
1246,300,151,36,113,12.0000,37.6667
1247,298,152,35,111,11.7450,37.2483
1248,300,160,35,105,11.6667,35.0000
1249,300,163,37,100,12.3333,33.3333
1250,299,160,41,98,13.7124,32.7759
1251,303,165,43,95,14.1914,31.3531
1252,302,171,42,89,13.9073,29.4702
1253,302,173,45,84,14.9007,27.8146
1254,301,172,44,85,14.6179,28.2392
1255,300,171,46,83,15.3333,27.6667
1256,297,169,47,81,15.8249,27.2727
1257,300,177,47,76,15.6667,25.3333
1258,298,180,47,71,15.7718,23.8255
1259,299,184,46,69,15.3846,23.0769
1260,300,189,48,63,16.0000,21.0000
1261,298,183,53,62,17.7852,20.8054
1262,298,185,52,61,17.4497,20.4698
1263,300,186,55,59,18.3333,19.6667
1264,299,188,54,57,18.0602,19.0635
1265,302,187,61,54,20.1987,17.8808
1266,300,185,63,52,21.0000,17.3333
1267,298,183,66,49,22.1477,16.4430
1268,302,183,70,49,23.1788,16.2252
1269,302,184,71,47,23.5099,15.5629
1270,298,180,70,48,23.4899,16.1074
1271,298,176,74,48,24.8322,16.1074
1272,298,174,76,48,25.5034,16.1074
1273,298,169,82,47,27.5168,15.7718
1274,299,167,84,48,28.0936,16.0535
1275,302,164,90,48,29.8013,15.8940
1276,299,162,90,47,30.1003,15.7191
1277,300,157,97,46,32.3333,15.3333
1278,300,152,103,45,34.3333,15.0000
1279,298,147,107,44,35.9060,14.7651
1280,298,142,114,42,38.2550,14.0940
1281,295,135,114,46,38.6441,15.5932
1282,293,128,119,46,40.6143,15.6997
1283,293,124,123,46,41.9795,15.6997
1284,292,122,123,47,42.1233,16.0959
1285,291,117,124,50,42.6117,17.1821
1286,290,114,125,51,43.1034,17.5862
1287,289,113,125,51,43.2526,17.6471
1288,288,112,119,57,41.3194,19.7917
1289,289,109,122,58,42.2145,20.0692
1290,288,102,127,59,44.0972,20.4861
1291,289,104,124,61,42.9066,21.1073
1292,288,101,123,64,42.7083,22.2222
1293,290,105,120,65,41.3793,22.4138
1294,287,102,118,67,41.1150,23.3449
1295,287,97,121,69,42.1603,24.0418
1296,285,93,119,73,41.7544,25.6140
1297,283,88,119,76,42.0495,26.8551
1298,279,85,114,80,40.8602,28.6738
1299,278,82,115,81,41.3669,29.1367
1300,278,77,114,87,41.0072,31.2950
1301,271,78,105,88,38.7454,32.4723
1302,270,75,102,93,37.7778,34.4444
1303,270,79,94,97,34.8148,35.9259
1304,267,78,93,96,34.8315,35.9551
1305,266,78,90,98,33.8346,36.8421
1306,266,81,84,101,31.5789,37.9699
1307,263,80,81,102,30.7985,38.7833
1308,264,77,85,102,32.1970,38.6364
1309,265,76,87,102,32.8302,38.4906
1310,260,77,80,103,30.7692,39.6154
1311,257,76,75,106,29.1829,41.2451
1312,258,78,75,105,29.0698,40.6977
1313,257,75,75,107,29.1829,41.6342
1314,260,75,76,109,29.2308,41.9231
1315,258,74,72,112,27.9070,43.4109
1316,254,77,65,112,25.5906,44.0945
1317,255,78,64,113,25.0980,44.3137
1318,250,75,61,114,24.4000,45.6000
1319,252,76,58,118,23.0159,46.8254
1320,252,79,53,120,21.0317,47.6190
1321,251,78,51,122,20.3187,48.6056
1322,256,83,50,123,19.5312,48.0469
1323,255,87,47,121,18.4314,47.4510
1324,257,87,47,123,18.2879,47.8599
1325,258,88,45,125,17.4419,48.4496
1326,259,89,47,123,18.1467,47.4903
1327,261,92,45,124,17.2414,47.5096
1328,261,95,42,124,16.0920,47.5096
1329,262,97,41,124,15.6489,47.3282
1330,263,99,40,124,15.2091,47.1483
1331,264,101,40,123,15.1515,46.5909
1332,264,100,41,123,15.5303,46.5909
1333,265,104,41,120,15.4717,45.2830
1334,262,103,38,121,14.5038,46.1832
1335,262,100,41,121,15.6489,46.1832
1336,267,104,41,122,15.3558,45.6929
1337,273,111,42,120,15.3846,43.9560
1338,275,115,40,120,14.5455,43.6364
1339,275,114,43,118,15.6364,42.9091
1340,276,121,43,112,15.5797,40.5797
1341,280,124,44,112,15.7143,40.0000
1342,282,127,42,113,14.8936,40.0709
1343,284,130,45,109,15.8451,38.3803
1344,283,133,45,105,15.9011,37.1025
1345,286,134,48,104,16.7832,36.3636
1346,284,138,46,100,16.1972,35.2113
1347,286,142,45,99,15.7343,34.6154
1348,288,145,48,95,16.6667,32.9861
1349,290,150,49,91,16.8966,31.3793
1350,293,154,51,88,17.4061,30.0341
1351,299,159,53,87,17.7258,29.0970
1352,297,163,53,81,17.8451,27.2727
1353,298,162,55,81,18.4564,27.1812
1354,296,162,56,78,18.9189,26.3514
1355,294,164,56,74,19.0476,25.1701
1356,299,161,63,75,21.0702,25.0836
1357,300,161,64,75,21.3333,25.0000
1358,300,158,70,72,23.3333,24.0000
1359,297,154,73,70,24.5791,23.5690
1360,297,146,79,72,26.5993,24.2424
1361,301,144,84,73,27.9070,24.2525
1362,299,137,91,71,30.4348,23.7458
1363,301,136,95,70,31.5615,23.2558
1364,300,130,101,69,33.6667,23.0000
1365,298,126,104,68,34.8993,22.8188
1366,296,126,103,67,34.7973,22.6351
1367,301,131,106,64,35.2159,21.2625
1368,300,127,111,62,37.0000,20.6667
1369,295,122,113,60,38.3051,20.3390
1370,295,120,114,61,38.6441,20.6780
1371,295,117,120,58,40.6780,19.6610
1372,294,114,123,57,41.8367,19.3878
1373,297,114,127,56,42.7609,18.8552
1374,295,112,127,56,43.0508,18.9831
1375,294,108,127,59,43.1973,20.0680
1376,293,107,128,58,43.6860,19.7952
1377,288,98,132,58,45.8333,20.1389
1378,287,94,133,60,46.3415,20.9059
1379,287,98,128,61,44.5993,21.2544
1380,283,97,123,63,43.4629,22.2615
1381,284,94,126,64,44.3662,22.5352
1382,282,93,120,69,42.5532,24.4681
1383,281,92,117,72,41.6370,25.6228
1384,282,93,112,77,39.7163,27.3050
1385,283,93,113,77,39.9293,27.2085
1386,281,89,113,79,40.2135,28.1139
1387,280,89,112,79,40.0000,28.2143
1388,278,89,112,77,40.2878,27.6978
1389,274,86,110,78,40.1460,28.4672
1390,273,86,108,79,39.5604,28.9377
1391,272,82,109,81,40.0735,29.7794
1392,269,80,104,85,38.6617,31.5985
1393,269,76,103,90,38.2900,33.4572
1394,270,79,101,90,37.4074,33.3333
1395,267,77,96,94,35.9551,35.2060
1396,267,74,96,97,35.9551,36.3296
1397,263,73,90,100,34.2205,38.0228
1398,260,69,86,105,33.0769,40.3846
1399,260,71,85,104,32.6923,40.0000
1400,261,74,82,105,31.4176,40.2299
1401,264,80,79,105,29.9242,39.7727
1402,261,78,78,105,29.8851,40.2299
1403,261,76,76,109,29.1188,41.7625
1404,260,74,77,109,29.6154,41.9231
1405,260,70,79,111,30.3846,42.6923
1406,259,69,77,113,29.7297,43.6293
1407,259,71,74,114,28.5714,44.0154
1408,261,71,77,113,29.5019,43.2950
1409,255,72,69,114,27.0588,44.7059
1410,256,73,69,114,26.9531,44.5312
1411,251,72,64,115,25.4980,45.8167
1412,252,72,64,116,25.3968,46.0317
1413,253,71,64,118,25.2964,46.6403
1414,254,72,61,121,24.0157,47.6378
1415,256,76,60,120,23.4375,46.8750
1416,257,78,57,122,22.1790,47.4708
1417,258,81,55,122,21.3178,47.2868
1418,259,83,50,126,19.3050,48.6486
1419,257,81,50,126,19.4553,49.0272
1420,256,81,50,125,19.5312,48.8281
1421,257,80,52,125,20.2335,48.6381
1422,258,87,47,124,18.2171,48.0620
1423,258,88,43,127,16.6667,49.2248
1424,257,88,45,124,17.5097,48.2490
1425,259,90,44,125,16.9884,48.2625
1426,257,91,40,126,15.5642,49.0272
1427,261,94,40,127,15.3257,48.6590
1428,261,93,42,126,16.0920,48.2759
1429,260,95,41,124,15.7692,47.6923
1430,264,98,43,123,16.2879,46.5909
1431,266,105,40,121,15.0376,45.4887
1432,270,111,40,119,14.8148,44.0741
1433,271,115,38,118,14.0221,43.5424
1434,271,120,38,113,14.0221,41.6974
1435,271,123,37,111,13.6531,40.9594
1436,275,129,40,106,14.5455,38.5455
1437,278,129,44,105,15.8273,37.7698
1438,279,129,48,102,17.2043,36.5591
1439,281,133,45,103,16.0142,36.6548
1440,281,133,45,103,16.0142,36.6548
1441,284,133,49,102,17.2535,35.9155
1442,284,138,48,98,16.9014,34.5070
1443,286,138,51,97,17.8322,33.9161
1444,287,140,54,93,18.8153,32.4042
1445,285,144,53,88,18.5965,30.8772
1446,285,145,54,86,18.9474,30.1754
1447,285,148,54,83,18.9474,29.1228
1448,286,151,53,82,18.5315,28.6713
1449,287,155,53,79,18.4669,27.5261
1450,290,160,55,75,18.9655,25.8621
1451,294,162,56,76,19.0476,25.8503
1452,297,161,60,76,20.2020,25.5892
1453,298,162,59,77,19.7987,25.8389
1454,296,157,62,77,20.9459,26.0135
1455,298,162,62,74,20.8054,24.8322
1456,299,156,68,75,22.7425,25.0836
1457,300,154,73,73,24.3333,24.3333
1458,298,156,71,71,23.8255,23.8255
1459,298,154,75,69,25.1678,23.1544
1460,300,155,75,70,25.0000,23.3333
1461,298,156,73,69,24.4966,23.1544
1462,300,160,72,68,24.0000,22.6667
1463,300,160,74,66,24.6667,22.0000
1464,298,156,74,68,24.8322,22.8188
1465,299,159,74,66,24.7492,22.0736
1466,299,158,76,65,25.4181,21.7391
1467,300,160,76,64,25.3333,21.3333
1468,299,159,76,64,25.4181,21.4047
1469,301,159,78,64,25.9136,21.2625
1470,298,157,80,61,26.8456,20.4698
1471,296,149,86,61,29.0541,20.6081
1472,298,152,83,63,27.8523,21.1409
1473,298,149,86,63,28.8591,21.1409
1474,298,149,85,64,28.5235,21.4765
1475,296,151,83,62,28.0405,20.9459
1476,295,149,83,63,28.1356,21.3559
1477,293,152,77,64,26.2799,21.8430
1478,292,154,75,63,25.6849,21.5753
1479,292,153,77,62,26.3699,21.2329
1480,290,150,78,62,26.8966,21.3793
1481,289,144,83,62,28.7197,21.4533
1482,289,136,92,61,31.8339,21.1073
1483,289,135,93,61,32.1799,21.1073
1484,290,136,93,61,32.0690,21.0345
1485,290,136,91,63,31.3793,21.7241
1486,289,135,88,66,30.4498,22.8374
1487,289,134,90,65,31.1419,22.4913
1488,288,125,97,66,33.6806,22.9167
1489,286,122,96,68,33.5664,23.7762
1490,282,118,95,69,33.6879,24.4681
1491,279,115,93,71,33.3333,25.4480
1492,277,113,93,71,33.5740,25.6318
1493,277,105,99,73,35.7401,26.3538
1494,278,105,99,74,35.6115,26.6187
1495,280,105,99,76,35.3571,27.1429
1496,280,103,102,75,36.4286,26.7857
1497,282,103,101,78,35.8156,27.6596
1498,284,102,103,79,36.2676,27.8169
1499,288,101,108,79,37.5000,27.4306
1500,284,101,102,81,35.9155,28.5211
1501,282,99,100,83,35.4610,29.4326
1502,281,99,96,86,34.1637,30.6050
1503,280,97,93,90,33.2143,32.1429
1504,279,95,91,93,32.6165,33.3333
1505,280,93,95,92,33.9286,32.8571
1506,282,96,92,94,32.6241,33.3333
1507,282,99,89,94,31.5603,33.3333
1508,281,92,93,96,33.0961,34.1637
1509,279,93,88,98,31.5412,35.1254
1510,278,89,92,97,33.0935,34.8921
1511,277,89,85,103,30.6859,37.1841
1512,277,87,85,105,30.6859,37.9061
1513,275,89,77,109,28.0000,39.6364
1514,276,89,76,111,27.5362,40.2174
1515,282,93,77,112,27.3050,39.7163
1516,279,92,78,109,27.9570,39.0681
1517,284,95,80,109,28.1690,38.3803
1518,281,97,73,111,25.9786,39.5018
1519,283,95,73,115,25.7951,40.6360
1520,283,97,72,114,25.4417,40.2827
1521,284,96,74,114,26.0563,40.1408
1522,288,100,73,115,25.3472,39.9306
1523,289,98,74,117,25.6055,40.4844
1524,287,102,69,116,24.0418,40.4181
1525,287,102,69,116,24.0418,40.4181
1526,286,102,70,114,24.4755,39.8601
1527,285,102,71,112,24.9123,39.2982
1528,284,102,67,115,23.5915,40.4930
1529,286,103,70,113,24.4755,39.5105
1530,287,106,69,112,24.0418,39.0244
1531,287,106,67,114,23.3449,39.7213
1532,289,108,64,117,22.1453,40.4844
1533,290,106,66,118,22.7586,40.6897
1534,292,106,66,120,22.6027,41.0959
1535,292,107,65,120,22.2603,41.0959
1536,294,105,68,121,23.1293,41.1565
1537,293,106,65,122,22.1843,41.6382
1538,291,109,62,120,21.3058,41.2371
1539,292,107,64,121,21.9178,41.4384
1540,296,110,65,121,21.9595,40.8784
1541,296,113,62,121,20.9459,40.8784
1542,299,116,59,124,19.7324,41.4716
1543,305,125,59,121,19.3443,39.6721
1544,303,121,61,121,20.1320,39.9340
1545,303,122,62,119,20.4620,39.2739
1546,302,121,62,119,20.5298,39.4040
1547,297,118,63,116,21.2121,39.0572
1548,298,116,66,116,22.1477,38.9262
1549,296,117,64,115,21.6216,38.8514
1550,294,117,62,115,21.0884,39.1156
1551,294,114,65,115,22.1088,39.1156
1552,293,119,62,112,21.1604,38.2253
1553,297,124,63,110,21.2121,37.0370
1554,298,129,61,108,20.4698,36.2416
1555,296,131,62,103,20.9459,34.7973
1556,294,131,60,103,20.4082,35.0340
1557,296,130,61,105,20.6081,35.4730
1558,296,130,64,102,21.6216,34.4595
1559,296,125,68,103,22.9730,34.7973
1560,294,121,72,101,24.4898,34.3537
1561,294,123,71,100,24.1497,34.0136
1562,295,123,72,100,24.4068,33.8983
1563,297,126,75,96,25.2525,32.3232
1564,297,127,76,94,25.5892,31.6498
1565,300,131,76,93,25.3333,31.0000
1566,300,132,76,92,25.3333,30.6667
1567,298,129,76,93,25.5034,31.2081
1568,295,128,75,92,25.4237,31.1864
1569,294,127,75,92,25.5102,31.2925
1570,293,127,75,91,25.5973,31.0580
1571,293,128,77,88,26.2799,30.0341
1572,296,124,82,90,27.7027,30.4054
1573,294,119,86,89,29.2517,30.2721
1574,296,120,90,86,30.4054,29.0541
1575,296,111,100,85,33.7838,28.7162
1576,295,111,98,86,33.2203,29.1525
1577,295,110,98,87,33.2203,29.4915
1578,292,109,94,89,32.1918,30.4795
1579,290,106,91,93,31.3793,32.0690
1580,290,111,87,92,30.0000,31.7241
1581,290,112,85,93,29.3103,32.0690
1582,292,109,90,93,30.8219,31.8493
1583,293,115,87,91,29.6928,31.0580
1584,293,116,87,90,29.6928,30.7167
1585,291,116,82,93,28.1787,31.9588
1586,292,116,84,92,28.7671,31.5068
1587,293,114,89,90,30.3754,30.7167
1588,293,113,89,91,30.3754,31.0580
1589,294,117,90,87,30.6122,29.5918
1590,294,115,91,88,30.9524,29.9320
1591,292,111,93,88,31.8493,30.1370
1592,294,112,91,91,30.9524,30.9524
1593,296,113,89,94,30.0676,31.7568
1594,296,115,89,92,30.0676,31.0811
1595,295,110,91,94,30.8475,31.8644
1596,294,111,86,97,29.2517,32.9932
1597,292,108,86,98,29.4521,33.5616
1598,292,112,83,97,28.4247,33.2192
1599,294,106,89,99,30.2721,33.6735
1600,293,104,89,100,30.3754,34.1297
1601,295,104,93,98,31.5254,33.2203
1602,292,103,90,99,30.8219,33.9041
1603,293,100,93,100,31.7406,34.1297
1604,292,98,93,101,31.8493,34.5890
1605,294,101,90,103,30.6122,35.0340
1606,293,95,96,102,32.7645,34.8123
1607,294,91,96,107,32.6531,36.3946
1608,292,95,91,106,31.1644,36.3014
1609,290,93,92,105,31.7241,36.2069
1610,289,94,89,106,30.7958,36.6782
1611,289,93,91,105,31.4879,36.3322
1612,289,95,87,107,30.1038,37.0242
1613,288,98,82,108,28.4722,37.5000
1614,290,100,82,108,28.2759,37.2414
1615,288,98,82,108,28.4722,37.5000
1616,287,96,81,110,28.2230,38.3275
1617,285,100,80,105,28.0702,36.8421
1618,288,102,80,106,27.7778,36.8056
1619,289,101,81,107,28.0277,37.0242
1620,293,102,81,110,27.6451,37.5427
1621,291,102,79,110,27.1478,37.8007
1622,294,104,78,112,26.5306,38.0952
1623,294,106,77,111,26.1905,37.7551
1624,293,109,73,111,24.9147,37.8840
1625,293,108,73,112,24.9147,38.2253
1626,297,109,73,115,24.5791,38.7205
1627,294,108,67,119,22.7891,40.4762
1628,292,106,69,117,23.6301,40.0685
1629,293,105,71,117,24.2321,39.9317
1630,294,106,71,117,24.1497,39.7959
1631,293,106,72,115,24.5734,39.2491
1632,292,106,72,114,24.6575,39.0411
1633,291,108,72,111,24.7423,38.1443
1634,292,108,74,110,25.3425,37.6712
1635,293,112,71,110,24.2321,37.5427
1636,290,112,69,109,23.7931,37.5862
1637,292,118,67,107,22.9452,36.6438
1638,293,117,70,106,23.8908,36.1775
1639,295,116,69,110,23.3898,37.2881
1640,295,118,69,108,23.3898,36.6102
1641,297,118,70,109,23.5690,36.7003
1642,296,118,69,109,23.3108,36.8243
1643,298,114,76,108,25.5034,36.2416
1644,301,114,82,105,27.2425,34.8837
1645,300,118,81,101,27.0000,33.6667
1646,298,117,80,101,26.8456,33.8926
1647,296,108,89,99,30.0676,33.4459
1648,292,109,87,96,29.7945,32.8767
1649,291,103,93,95,31.9588,32.6460
1650,292,102,94,96,32.1918,32.8767
1651,292,100,96,96,32.8767,32.8767
1652,290,92,100,98,34.4828,33.7931
1653,292,92,102,98,34.9315,33.5616
1654,295,92,104,99,35.2542,33.5593
1655,294,85,111,98,37.7551,33.3333
1656,293,85,111,97,37.8840,33.1058
1657,291,80,116,95,39.8625,32.6460
1658,291,79,115,97,39.5189,33.3333
1659,293,78,122,93,41.6382,31.7406
1660,291,78,122,91,41.9244,31.2715
1661,290,79,119,92,41.0345,31.7241
1662,288,74,121,93,42.0139,32.2917
1663,288,70,124,94,43.0556,32.6389
1664,284,70,119,95,41.9014,33.4507
1665,284,73,117,94,41.1972,33.0986
1666,286,76,116,94,40.5594,32.8671
1667,280,75,113,92,40.3571,32.8571
1668,275,79,107,89,38.9091,32.3636
1669,277,76,108,93,38.9892,33.5740
1670,273,74,106,93,38.8278,34.0659
1671,272,77,102,93,37.5000,34.1912
1672,270,77,101,92,37.4074,34.0741
1673,266,74,97,95,36.4662,35.7143
1674,267,78,95,94,35.5805,35.2060
1675,268,77,92,99,34.3284,36.9403
1676,267,75,94,98,35.2060,36.7041
1677,262,70,91,101,34.7328,38.5496
1678,262,75,87,100,33.2061,38.1679
1679,261,80,83,98,31.8008,37.5479
1680,261,80,80,101,30.6513,38.6973
1681,260,79,78,103,30.0000,39.6154
1682,258,79,76,103,29.4574,39.9225
1683,257,80,72,105,28.0156,40.8560
1684,255,84,65,106,25.4902,41.5686
1685,255,85,64,106,25.0980,41.5686
1686,255,81,66,108,25.8824,42.3529
1687,255,85,64,106,25.0980,41.5686
1688,254,81,67,106,26.3780,41.7323
1689,255,82,68,105,26.6667,41.1765
1690,253,83,62,108,24.5059,42.6877
1691,254,90,59,105,23.2283,41.3386
1692,253,89,59,105,23.3202,41.5020
1693,250,89,54,107,21.6000,42.8000
1694,250,92,51,107,20.4000,42.8000
1695,249,92,50,107,20.0803,42.9719
1696,248,94,47,107,18.9516,43.1452
1697,247,94,43,110,17.4089,44.5344
1698,249,97,41,111,16.4659,44.5783
1699,249,95,42,112,16.8675,44.9799
1700,254,101,39,114,15.3543,44.8819
1701,255,101,38,116,14.9020,45.4902
1702,256,100,40,116,15.6250,45.3125
1703,259,103,40,116,15.4440,44.7876
1704,260,107,40,113,15.3846,43.4615
1705,263,108,42,113,15.9696,42.9658
1706,262,112,40,110,15.2672,41.9847
1707,264,114,41,109,15.5303,41.2879
1708,267,119,39,109,14.6067,40.8240
1709,266,119,36,111,13.5338,41.7293
1710,268,122,36,110,13.4328,41.0448
1711,267,121,37,109,13.8577,40.8240
1712,266,123,35,108,13.1579,40.6015
1713,264,126,33,105,12.5000,39.7727
1714,268,130,34,104,12.6866,38.8060
1715,269,131,36,102,13.3829,37.9182
1716,274,138,36,100,13.1387,36.4964
1717,275,139,38,98,13.8182,35.6364
1718,275,141,37,97,13.4545,35.2727
1719,277,143,35,99,12.6354,35.7401
1720,277,143,35,99,12.6354,35.7401
1721,278,147,36,95,12.9496,34.1727
1722,278,148,36,94,12.9496,33.8129
1723,277,149,36,92,12.9964,33.2130
1724,279,152,37,90,13.2616,32.2581
1725,280,154,39,87,13.9286,31.0714
1726,282,160,37,85,13.1206,30.1418
1727,282,165,36,81,12.7660,28.7234
1728,284,166,39,79,13.7324,27.8169
1729,285,168,42,75,14.7368,26.3158
1730,286,169,42,75,14.6853,26.2238
1731,288,174,41,73,14.2361,25.3472
1732,290,177,43,70,14.8276,24.1379
1733,290,178,45,67,15.5172,23.1034
1734,293,178,50,65,17.0648,22.1843
1735,293,183,48,62,16.3823,21.1604
1736,295,186,49,60,16.6102,20.3390
1737,298,186,51,61,17.1141,20.4698
1738,300,186,55,59,18.3333,19.6667
1739,298,184,56,58,18.7919,19.4631
1740,302,184,60,58,19.8675,19.2053
1741,302,181,63,58,20.8609,19.2053
1742,301,175,71,55,23.5880,18.2724
1743,299,170,74,55,24.7492,18.3946
1744,297,168,75,54,25.2525,18.1818
1745,299,169,77,53,25.7525,17.7258
1746,299,166,83,50,27.7592,16.7224
1747,301,163,88,50,29.2359,16.6113
1748,301,156,94,51,31.2292,16.9435
1749,300,151,99,50,33.0000,16.6667
1750,298,151,100,47,33.5570,15.7718
1751,296,150,100,46,33.7838,15.5405
1752,298,150,103,45,34.5638,15.1007
1753,301,154,105,42,34.8837,13.9535
1754,299,150,106,43,35.4515,14.3813
1755,301,148,109,44,36.2126,14.6179
1756,299,139,115,45,38.4615,15.0502
1757,300,132,121,47,40.3333,15.6667
1758,298,126,123,49,41.2752,16.4430
1759,298,120,126,52,42.2819,17.4497
1760,293,113,129,51,44.0273,17.4061
1761,295,109,136,50,46.1017,16.9492
1762,294,104,137,53,46.5986,18.0272
1763,295,98,141,56,47.7966,18.9831
1764,294,93,141,60,47.9592,20.4082
1765,292,83,146,63,50.0000,21.5753
1766,290,77,148,65,51.0345,22.4138
1767,288,74,145,69,50.3472,23.9583
1768,288,73,144,71,50.0000,24.6528
1769,286,68,142,76,49.6503,26.5734
1770,284,65,141,78,49.6479,27.4648
1771,283,62,144,77,50.8834,27.2085
1772,283,60,146,77,51.5901,27.2085
1773,281,58,144,79,51.2456,28.1139
1774,280,56,146,78,52.1429,27.8571
1775,276,55,141,80,51.0870,28.9855
1776,272,52,136,84,50.0000,30.8824
1777,268,50,132,86,49.2537,32.0896
1778,268,51,127,90,47.3881,33.5821
1779,262,52,119,91,45.4198,34.7328
1780,258,48,117,93,45.3488,36.0465
1781,258,49,110,99,42.6357,38.3721
1782,254,52,100,102,39.3701,40.1575
1783,256,55,94,107,36.7188,41.7969
1784,255,57,84,114,32.9412,44.7059
1785,254,57,78,119,30.7087,46.8504
1786,252,56,74,122,29.3651,48.4127
1787,249,56,69,124,27.7108,49.7992
1788,246,55,65,126,26.4228,51.2195
1789,247,59,60,128,24.2915,51.8219
1790,246,56,60,130,24.3902,52.8455
1791,243,55,56,132,23.0453,54.3210
1792,238,55,51,132,21.4286,55.4622
1793,239,56,49,134,20.5021,56.0669
1794,239,57,46,136,19.2469,56.9038
1795,237,59,42,136,17.7215,57.3840
1796,234,59,39,136,16.6667,58.1197
1797,236,64,34,138,14.4068,58.4746
1798,237,66,32,139,13.5021,58.6498
1799,239,66,33,140,13.8075,58.5774
1800,241,70,31,140,12.8631,58.0913
1801,243,76,29,138,11.9342,56.7901
1802,243,77,27,139,11.1111,57.2016
1803,244,77,28,139,11.4754,56.9672
1804,245,80,26,139,10.6122,56.7347
1805,246,82,23,141,9.3496,57.3171
1806,249,88,22,139,8.8353,55.8233
1807,249,92,19,138,7.6305,55.4217
1808,252,96,19,137,7.5397,54.3651
1809,251,100,16,135,6.3745,53.7849
1810,250,103,14,133,5.6000,53.2000
1811,250,107,12,131,4.8000,52.4000
1812,252,107,14,131,5.5556,51.9841
1813,253,111,13,129,5.1383,50.9881
1814,257,120,12,125,4.6693,48.6381
1815,258,124,11,123,4.2636,47.6744
1816,261,130,12,119,4.5977,45.5939
1817,262,135,11,116,4.1985,44.2748
1818,267,143,11,113,4.1199,42.3221
1819,269,147,12,110,4.4610,40.8922
1820,268,151,11,106,4.1045,39.5522
1821,273,160,12,101,4.3956,36.9963
1822,275,164,12,99,4.3636,36.0000
1823,277,165,14,98,5.0542,35.3791
1824,278,166,13,99,4.6763,35.6115
1825,279,169,13,97,4.6595,34.7670
1826,281,169,15,97,5.3381,34.5196
1827,280,171,15,94,5.3571,33.5714
1828,285,179,17,89,5.9649,31.2281
1829,291,187,18,86,6.1856,29.5533
1830,294,196,17,81,5.7823,27.5510
1831,297,200,18,79,6.0606,26.5993
1832,296,200,19,77,6.4189,26.0135
1833,296,205,19,72,6.4189,24.3243
1834,298,211,20,67,6.7114,22.4832
1835,300,218,21,61,7.0000,20.3333
1836,300,225,21,54,7.0000,18.0000
1837,300,230,20,50,6.6667,16.6667
1838,300,232,21,47,7.0000,15.6667
1839,299,235,20,44,6.6890,14.7157
1840,299,239,19,41,6.3545,13.7124
1841,301,244,19,38,6.3123,12.6246
1842,300,245,19,36,6.3333,12.0000
1843,300,245,20,35,6.6667,11.6667
1844,299,244,21,34,7.0234,11.3712
1845,301,245,25,31,8.3056,10.2990
1846,301,244,28,29,9.3023,9.6346
1847,301,239,31,31,10.2990,10.2990
1848,301,235,34,32,11.2957,10.6312
1849,300,234,38,28,12.6667,9.3333
1850,300,227,46,27,15.3333,9.0000
1851,298,220,52,26,17.4497,8.7248
1852,299,219,56,24,18.7291,8.0268
1853,300,216,58,26,19.3333,8.6667
1854,300,210,65,25,21.6667,8.3333
1855,298,209,64,25,21.4765,8.3893
1856,300,208,69,23,23.0000,7.6667
1857,300,205,74,21,24.6667,7.0000
1858,300,200,80,20,26.6667,6.6667
1859,300,194,87,19,29.0000,6.3333
1860,300,187,94,19,31.3333,6.3333
1861,299,179,102,18,34.1137,6.0201
1862,302,171,112,19,37.0861,6.2914
1863,302,164,119,19,39.4040,6.2914
1864,302,154,128,20,42.3841,6.6225
1865,301,147,133,21,44.1860,6.9767
1866,300,139,138,23,46.0000,7.6667
1867,297,135,138,24,46.4646,8.0808
1868,295,129,138,28,46.7797,9.4915
1869,295,126,138,31,46.7797,10.5085
1870,296,126,135,35,45.6081,11.8243
1871,296,118,139,39,46.9595,13.1757
1872,296,111,143,42,48.3108,14.1892
1873,297,108,143,46,48.1481,15.4882
1874,295,107,138,50,46.7797,16.9492
1875,297,98,145,54,48.8215,18.1818
1876,298,97,146,55,48.9933,18.4564
1877,296,89,150,57,50.6757,19.2568
1878,296,81,155,60,52.3649,20.2703
1879,296,77,153,66,51.6892,22.2973
1880,293,74,149,70,50.8532,23.8908
1881,287,71,145,71,50.5226,24.7387
1882,283,71,136,76,48.0565,26.8551
1883,283,67,136,80,48.0565,28.2686
1884,280,66,128,86,45.7143,30.7143
1885,280,67,121,92,43.2143,32.8571
1886,275,63,116,96,42.1818,34.9091
1887,275,60,115,100,41.8182,36.3636
1888,274,59,111,104,40.5109,37.9562
1889,273,59,106,108,38.8278,39.5604
1890,274,61,105,108,38.3212,39.4161
1891,271,57,100,114,36.9004,42.0664
1892,271,60,93,118,34.3173,43.5424
1893,269,58,90,121,33.4572,44.9814
1894,269,56,88,125,32.7138,46.4684
1895,268,57,86,125,32.0896,46.6418
1896,265,57,79,129,29.8113,48.6792
1897,261,55,73,133,27.9693,50.9579
1898,259,55,68,136,26.2548,52.5097
1899,254,55,61,138,24.0157,54.3307
1900,255,56,63,136,24.7059,53.3333
1901,253,55,58,140,22.9249,55.3360
1902,252,56,55,141,21.8254,55.9524
1903,254,56,57,141,22.4409,55.5118
1904,253,57,51,145,20.1581,57.3123
1905,253,58,52,143,20.5534,56.5217
1906,254,58,52,144,20.4724,56.6929
1907,252,55,50,147,19.8413,58.3333
1908,252,53,50,149,19.8413,59.1270
1909,252,55,48,149,19.0476,59.1270
1910,253,54,48,151,18.9723,59.6838
1911,252,52,49,151,19.4444,59.9206
1912,254,54,46,154,18.1102,60.6299
1913,254,56,42,156,16.5354,61.4173
1914,256,58,41,157,16.0156,61.3281
1915,259,61,41,157,15.8301,60.6178
1916,260,62,41,157,15.7692,60.3846
1917,261,64,38,159,14.5594,60.9195
1918,263,66,41,156,15.5894,59.3156
1919,266,71,40,155,15.0376,58.2707
1920,268,76,38,154,14.1791,57.4627
1921,267,80,34,153,12.7341,57.3034
1922,270,86,34,150,12.5926,55.5556
1923,271,91,34,146,12.5461,53.8745
1924,272,95,33,144,12.1324,52.9412
1925,272,100,30,142,11.0294,52.2059
1926,272,104,29,139,10.6618,51.1029
1927,273,111,25,137,9.1575,50.1832
1928,277,118,22,137,7.9422,49.4585
1929,278,119,24,135,8.6331,48.5612
1930,281,121,27,133,9.6085,47.3310
1931,284,130,25,129,8.8028,45.4225
1932,286,136,25,125,8.7413,43.7063
1933,290,142,24,124,8.2759,42.7586
1934,295,151,25,119,8.4746,40.3390
1935,296,154,27,115,9.1216,38.8514
1936,298,161,26,111,8.7248,37.2483
1937,303,172,25,106,8.2508,34.9835
1938,300,174,24,102,8.0000,34.0000
1939,299,176,24,99,8.0268,33.1104
1940,302,181,26,95,8.6093,31.4570
1941,302,185,27,90,8.9404,29.8013
1942,301,181,30,90,9.9668,29.9003
1943,300,183,33,84,11.0000,28.0000
1944,299,184,35,80,11.7057,26.7559
1945,301,187,37,77,12.2924,25.5814
1946,301,191,37,73,12.2924,24.2525
1947,300,191,37,72,12.3333,24.0000
1948,300,191,41,68,13.6667,22.6667
1949,300,191,44,65,14.6667,21.6667
1950,299,190,44,65,14.7157,21.7391
1951,299,191,47,61,15.7191,20.4013
1952,301,189,51,61,16.9435,20.2658
1953,301,184,58,59,19.2691,19.6013
1954,301,180,62,59,20.5980,19.6013
1955,300,179,60,61,20.0000,20.3333
1956,300,179,63,58,21.0000,19.3333
1957,299,177,65,57,21.7391,19.0635
1958,301,175,67,59,22.2591,19.6013
1959,299,165,78,56,26.0870,18.7291
1960,299,165,80,54,26.7559,18.0602
1961,302,160,86,56,28.4768,18.5430
1962,301,159,87,55,28.9037,18.2724
1963,299,151,91,57,30.4348,19.0635
1964,299,146,97,56,32.4415,18.7291
1965,299,141,104,54,34.7826,18.0602
1966,302,136,114,52,37.7483,17.2185
1967,301,129,121,51,40.1993,16.9435
1968,298,126,122,50,40.9396,16.7785
1969,294,124,122,48,41.4966,16.3265
1970,293,115,130,48,44.3686,16.3823
1971,295,117,128,50,43.3898,16.9492
1972,295,116,129,50,43.7288,16.9492
1973,294,112,131,51,44.5578,17.3469
1974,287,110,126,51,43.9024,17.7700
1975,288,105,132,51,45.8333,17.7083
1976,289,102,136,51,47.0588,17.6471
1977,288,97,141,50,48.9583,17.3611
1978,287,94,143,50,49.8258,17.4216
1979,284,94,135,55,47.5352,19.3662
1980,280,95,130,55,46.4286,19.6429
1981,279,92,130,57,46.5950,20.4301
1982,274,87,128,59,46.7153,21.5328
1983,273,88,125,60,45.7875,21.9780
1984,267,86,115,66,43.0712,24.7191
1985,265,81,115,69,43.3962,26.0377
1986,264,80,107,77,40.5303,29.1667
1987,263,79,102,82,38.7833,31.1787
1988,262,78,101,83,38.5496,31.6794
1989,261,78,99,84,37.9310,32.1839
1990,256,75,96,85,37.5000,33.2031
1991,252,71,97,84,38.4921,33.3333
1992,252,69,97,86,38.4921,34.1270
1993,247,66,92,89,37.2470,36.0324
1994,246,66,87,93,35.3659,37.8049
1995,247,68,81,98,32.7935,39.6761
1996,243,66,77,100,31.6872,41.1523
1997,244,66,72,106,29.5082,43.4426
1998,242,66,67,109,27.6860,45.0413
1999,239,62,67,110,28.0335,46.0251
2000,239,60,68,111,28.4519,46.4435
2001,238,61,67,110,28.1513,46.2185
2002,236,64,63,109,26.6949,46.1864
2003,236,64,62,110,26.2712,46.6102
2004,234,64,60,110,25.6410,47.0085
2005,237,68,60,109,25.3165,45.9916
2006,235,69,53,113,22.5532,48.0851
2007,238,74,52,112,21.8487,47.0588
2008,240,71,56,113,23.3333,47.0833
2009,238,70,52,116,21.8487,48.7395
2010,237,75,49,113,20.6751,47.6793
2011,235,73,48,114,20.4255,48.5106
2012,234,73,42,119,17.9487,50.8547
2013,235,76,41,118,17.4468,50.2128
2014,236,78,40,118,16.9492,50.0000
2015,235,80,40,115,17.0213,48.9362
2016,244,92,38,114,15.5738,46.7213
2017,248,96,38,114,15.3226,45.9677
2018,248,96,37,115,14.9194,46.3710
2019,249,94,38,117,15.2610,46.9880
2020,249,93,36,120,14.4578,48.1928
2021,249,95,34,120,13.6546,48.1928
2022,251,97,33,121,13.1474,48.2072
2023,251,101,32,118,12.7490,47.0120
2024,251,107,29,115,11.5538,45.8167
2025,251,108,30,113,11.9522,45.0199
2026,253,111,30,112,11.8577,44.2688
2027,259,117,29,113,11.1969,43.6293
2028,257,119,24,114,9.3385,44.3580
2029,260,124,22,114,8.4615,43.8462
2030,258,125,20,113,7.7519,43.7984
2031,260,135,18,107,6.9231,41.1538
2032,263,138,20,105,7.6046,39.9240
2033,265,140,22,103,8.3019,38.8679
2034,267,143,23,101,8.6142,37.8277
2035,269,145,26,98,9.6654,36.4312
2036,271,152,26,93,9.5941,34.3173
2037,277,159,28,90,10.1083,32.4910
2038,281,171,28,82,9.9644,29.1815
2039,280,176,24,80,8.5714,28.5714
2040,284,182,24,78,8.4507,27.4648
2041,287,187,24,76,8.3624,26.4808
2042,289,187,27,75,9.3426,25.9516
2043,293,191,26,76,8.8737,25.9386
2044,293,192,27,74,9.2150,25.2560
2045,292,193,27,72,9.2466,24.6575
2046,297,199,30,68,10.1010,22.8956
2047,299,202,34,63,11.3712,21.0702
2048,300,202,37,61,12.3333,20.3333
2049,300,208,37,55,12.3333,18.3333
2050,299,206,41,52,13.7124,17.3913
2051,303,208,44,51,14.5215,16.8317
2052,302,204,48,50,15.8940,16.5563
2053,299,198,50,51,16.7224,17.0569
2054,302,199,54,49,17.8808,16.2252
2055,300,192,58,50,19.3333,16.6667
2056,299,187,62,50,20.7358,16.7224
2057,298,186,63,49,21.1409,16.4430
2058,299,188,67,44,22.4080,14.7157
2059,303,188,71,44,23.4323,14.5215
2060,302,182,78,42,25.8278,13.9073
2061,302,175,87,40,28.8079,13.2450
2062,302,173,89,40,29.4702,13.2450
2063,300,165,95,40,31.6667,13.3333
2064,299,167,97,35,32.4415,11.7057
2065,299,160,105,34,35.1171,11.3712
2066,301,156,110,35,36.5449,11.6279
2067,299,146,116,37,38.7960,12.3746
2068,297,141,120,36,40.4040,12.1212
2069,296,134,125,37,42.2297,12.5000
2070,300,136,127,37,42.3333,12.3333
2071,296,128,133,35,44.9324,11.8243
2072,297,131,132,34,44.4444,11.4478
2073,294,125,133,36,45.2381,12.2449
2074,293,121,135,37,46.0751,12.6280
2075,292,118,132,42,45.2055,14.3836
2076,291,115,131,45,45.0172,15.4639
2077,291,111,132,48,45.3608,16.4948
2078,291,106,136,49,46.7354,16.8385
2079,290,103,138,49,47.5862,16.8966
2080,288,96,142,50,49.3056,17.3611
2081,281,88,141,52,50.1779,18.5053
2082,279,83,143,53,51.2545,18.9964
2083,279,81,142,56,50.8961,20.0717
2084,279,82,138,59,49.4624,21.1470
2085,279,79,139,61,49.8208,21.8638
2086,276,77,134,65,48.5507,23.5507
2087,272,74,131,67,48.1618,24.6324
2088,267,72,124,71,46.4419,26.5918
2089,265,67,125,73,47.1698,27.5472
2090,268,70,122,76,45.5224,28.3582
2091,265,69,121,75,45.6604,28.3019
2092,264,74,113,77,42.8030,29.1667
2093,264,73,114,77,43.1818,29.1667
2094,260,69,110,81,42.3077,31.1538
2095,258,67,110,81,42.6357,31.3953
2096,256,65,107,84,41.7969,32.8125
2097,254,63,103,88,40.5512,34.6457
2098,250,62,99,89,39.6000,35.6000
2099,251,62,94,95,37.4502,37.8486
2100,256,66,91,99,35.5469,38.6719
2101,256,64,84,108,32.8125,42.1875
2102,254,64,76,114,29.9213,44.8819
2103,253,61,76,116,30.0395,45.8498
2104,252,57,77,118,30.5556,46.8254
2105,252,57,75,120,29.7619,47.6190
2106,252,59,71,122,28.1746,48.4127
2107,253,63,69,121,27.2727,47.8261
2108,247,59,66,122,26.7206,49.3927
2109,246,60,61,125,24.7967,50.8130
2110,248,62,58,128,23.3871,51.6129
2111,249,67,53,129,21.2851,51.8072
2112,251,69,50,132,19.9203,52.5896
2113,252,70,49,133,19.4444,52.7778
2114,253,68,48,137,18.9723,54.1502
2115,250,70,42,138,16.8000,55.2000
2116,251,69,43,139,17.1315,55.3785
2117,254,73,40,141,15.7480,55.5118
2118,256,78,38,140,14.8438,54.6875
2119,255,81,34,140,13.3333,54.9020
2120,258,84,33,141,12.7907,54.6512
2121,257,85,30,142,11.6732,55.2529
2122,256,85,29,142,11.3281,55.4688
2123,257,85,28,144,10.8949,56.0311
2124,258,89,25,144,9.6899,55.8140
2125,259,91,25,143,9.6525,55.2124
2126,263,97,23,143,8.7452,54.3726
2127,263,104,21,138,7.9848,52.4715
2128,262,106,20,136,7.6336,51.9084
2129,264,110,20,134,7.5758,50.7576
2130,265,111,20,134,7.5472,50.5660
2131,266,113,21,132,7.8947,49.6241
2132,268,118,20,130,7.4627,48.5075
2133,270,122,21,127,7.7778,47.0370
2134,271,126,19,126,7.0111,46.4945
2135,272,131,19,122,6.9853,44.8529
2136,272,133,19,120,6.9853,44.1176
2137,274,137,18,119,6.5693,43.4307
2138,275,142,19,114,6.9091,41.4545
2139,277,146,19,112,6.8592,40.4332
2140,278,151,20,107,7.1942,38.4892
2141,281,153,22,106,7.8292,37.7224
2142,285,160,22,103,7.7193,36.1404
2143,288,165,21,102,7.2917,35.4167
2144,292,171,21,100,7.1918,34.2466
2145,293,171,22,100,7.5085,34.1297
2146,298,179,22,97,7.3826,32.5503
2147,302,183,23,96,7.6159,31.7881
2148,302,184,25,93,8.2781,30.7947
2149,301,188,25,88,8.3056,29.2359
2150,300,187,23,90,7.6667,30.0000
2151,299,192,23,84,7.6923,28.0936
2152,303,199,24,80,7.9208,26.4026
2153,302,207,24,71,7.9470,23.5099
2154,302,209,28,65,9.2715,21.5232
2155,302,211,26,65,8.6093,21.5232
2156,302,210,29,63,9.6026,20.8609
2157,301,210,31,60,10.2990,19.9336
2158,300,207,35,58,11.6667,19.3333
2159,300,206,38,56,12.6667,18.6667
2160,300,206,38,56,12.6667,18.6667
2161,300,206,39,55,13.0000,18.3333
2162,299,204,42,53,14.0468,17.7258
2163,302,205,45,52,14.9007,17.2185
2164,302,207,46,49,15.2318,16.2252
2165,301,207,46,48,15.2824,15.9468
2166,301,207,49,45,16.2791,14.9502
2167,301,208,49,44,16.2791,14.6179
2168,301,203,53,45,17.6080,14.9502
2169,300,200,57,43,19.0000,14.3333
2170,299,198,59,42,19.7324,14.0468
2171,301,201,58,42,19.2691,13.9535
2172,301,197,63,41,20.9302,13.6213
2173,301,196,65,40,21.5947,13.2890
2174,300,191,68,41,22.6667,13.6667
2175,298,189,70,39,23.4899,13.0872
2176,301,188,75,38,24.9169,12.6246
2177,298,187,74,37,24.8322,12.4161
2178,298,182,81,35,27.1812,11.7450
2179,297,181,78,38,26.2626,12.7946
2180,303,182,82,39,27.0627,12.8713
2181,301,178,86,37,28.5714,12.2924
2182,298,172,89,37,29.8658,12.4161
2183,299,171,89,39,29.7659,13.0435
2184,297,163,94,40,31.6498,13.4680
2185,300,163,97,40,32.3333,13.3333
2186,299,161,96,42,32.1070,14.0468
2187,303,164,96,43,31.6832,14.1914
2188,301,159,96,46,31.8937,15.2824
2189,298,155,95,48,31.8792,16.1074
2190,299,150,101,48,33.7793,16.0535
2191,298,144,104,50,34.8993,16.7785
2192,298,140,105,53,35.2349,17.7852
2193,295,138,104,53,35.2542,17.9661
2194,294,137,104,53,35.3741,18.0272
2195,291,131,104,56,35.7388,19.2440
2196,290,125,107,58,36.8966,20.0000
2197,291,121,110,60,37.8007,20.6186
2198,289,120,108,61,37.3702,21.1073
2199,285,112,111,62,38.9474,21.7544
2200,281,106,111,64,39.5018,22.7758
2201,281,100,114,67,40.5694,23.8434
2202,280,101,112,67,40.0000,23.9286
2203,278,98,111,69,39.9281,24.8201
2204,280,100,106,74,37.8571,26.4286
2205,278,94,105,79,37.7698,28.4173
2206,279,88,111,80,39.7849,28.6738
2207,280,89,112,79,40.0000,28.2143
2208,280,87,109,84,38.9286,30.0000
2209,280,87,106,87,37.8571,31.0714
2210,280,84,107,89,38.2143,31.7857
2211,281,83,103,95,36.6548,33.8078
2212,283,84,103,96,36.3958,33.9223
2213,282,83,103,96,36.5248,34.0426
2214,282,82,102,98,36.1702,34.7518
2215,282,78,104,100,36.8794,35.4610
2216,282,79,99,104,35.1064,36.8794
2217,279,79,94,106,33.6918,37.9928
2218,276,79,90,107,32.6087,38.7681
2219,273,80,85,108,31.1355,39.5604
2220,271,80,81,110,29.8893,40.5904
2221,270,82,75,113,27.7778,41.8519
2222,271,85,72,114,26.5683,42.0664
2223,270,87,70,113,25.9259,41.8519
2224,267,82,72,113,26.9663,42.3221
2225,262,82,66,114,25.1908,43.5115
2226,263,84,63,116,23.9544,44.1065
2227,261,84,60,117,22.9885,44.8276
2228,262,86,58,118,22.1374,45.0382
2229,265,88,57,120,21.5094,45.2830
2230,268,90,57,121,21.2687,45.1493
2231,268,92,53,123,19.7761,45.8955
2232,267,93,51,123,19.1011,46.0674
2233,268,94,49,125,18.2836,46.6418
2234,267,94,46,127,17.2285,47.5655
2235,268,96,44,128,16.4179,47.7612
2236,269,98,42,129,15.6134,47.9554
2237,271,101,40,130,14.7601,47.9705
2238,271,102,41,128,15.1292,47.2325
2239,272,102,43,127,15.8088,46.6912
2240,273,107,41,125,15.0183,45.7875
2241,275,112,41,122,14.9091,44.3636
2242,277,110,44,123,15.8845,44.4043
2243,281,115,43,123,15.3025,43.7722
2244,285,120,43,122,15.0877,42.8070
2245,284,119,43,122,15.1408,42.9577
2246,288,123,42,123,14.5833,42.7083
2247,290,122,49,119,16.8966,41.0345
2248,293,126,50,117,17.0648,39.9317
2249,297,130,52,115,17.5084,38.7205
2250,298,130,54,114,18.1208,38.2550
2251,298,126,58,114,19.4631,38.2550
2252,299,125,60,114,20.0669,38.1271
2253,299,128,59,112,19.7324,37.4582
2254,301,131,60,110,19.9336,36.5449
2255,299,130,60,109,20.0669,36.4548
2256,302,132,65,105,21.5232,34.7682
2257,300,133,67,100,22.3333,33.3333
2258,300,132,68,100,22.6667,33.3333
2259,298,127,71,100,23.8255,33.5570
2260,300,132,73,95,24.3333,31.6667
2261,298,127,79,92,26.5101,30.8725
2262,300,127,81,92,27.0000,30.6667
2263,298,125,85,88,28.5235,29.5302
2264,302,130,85,87,28.1457,28.8079
2265,300,127,87,86,29.0000,28.6667
2266,297,120,92,85,30.9764,28.6195
2267,298,123,92,83,30.8725,27.8523
2268,302,130,90,82,29.8013,27.1523
2269,299,127,92,80,30.7692,26.7559
2270,303,130,91,82,30.0330,27.0627
2271,302,125,93,84,30.7947,27.8146
2272,300,122,96,82,32.0000,27.3333
2273,298,119,100,79,33.5570,26.5101
2274,299,116,104,79,34.7826,26.4214
2275,294,116,100,78,34.0136,26.5306
2276,295,109,106,80,35.9322,27.1186
2277,292,105,105,82,35.9589,28.0822
2278,294,102,114,78,38.7755,26.5306
2279,296,99,118,79,39.8649,26.6892
2280,292,98,114,80,39.0411,27.3973
2281,291,95,118,78,40.5498,26.8041
2282,290,97,112,81,38.6207,27.9310
2283,292,98,113,81,38.6986,27.7397
2284,290,93,114,83,39.3103,28.6207
2285,289,86,119,84,41.1765,29.0657
2286,289,87,117,85,40.4844,29.4118
2287,285,85,116,84,40.7018,29.4737
2288,285,86,118,81,41.4035,28.4211
2289,283,87,114,82,40.2827,28.9753
2290,282,83,113,86,40.0709,30.4965
2291,281,78,115,88,40.9253,31.3167
2292,278,78,110,90,39.5683,32.3741
2293,277,77,107,93,38.6282,33.5740
2294,276,78,102,96,36.9565,34.7826
2295,276,76,104,96,37.6812,34.7826
2296,276,76,104,96,37.6812,34.7826
2297,275,77,98,100,35.6364,36.3636
2298,271,78,92,101,33.9483,37.2694
2299,272,79,91,102,33.4559,37.5000
2300,269,80,84,105,31.2268,39.0335
2301,268,81,79,108,29.4776,40.2985
2302,268,77,83,108,30.9701,40.2985
2303,265,76,82,107,30.9434,40.3774
2304,263,73,80,110,30.4183,41.8251
2305,261,70,74,117,28.3525,44.8276
2306,263,74,71,118,26.9962,44.8669
2307,261,72,69,120,26.4368,45.9770
2308,260,72,66,122,25.3846,46.9231
2309,265,76,65,124,24.5283,46.7925
2310,267,80,62,125,23.2210,46.8165
2311,268,85,55,128,20.5224,47.7612
2312,268,84,55,129,20.5224,48.1343
2313,268,83,54,131,20.1493,48.8806
2314,270,86,53,131,19.6296,48.5185
2315,272,90,52,130,19.1176,47.7941
2316,271,92,49,130,18.0812,47.9705
2317,273,95,47,131,17.2161,47.9853
2318,272,99,43,130,15.8088,47.7941
2319,273,97,45,131,16.4835,47.9853
2320,274,101,45,128,16.4234,46.7153
2321,276,104,44,128,15.9420,46.3768
2322,279,111,43,125,15.4122,44.8029
2323,279,117,37,125,13.2616,44.8029
2324,280,119,36,125,12.8571,44.6429
2325,280,118,35,127,12.5000,45.3571
2326,283,120,37,126,13.0742,44.5230
2327,288,125,36,127,12.5000,44.0972
2328,290,126,38,126,13.1034,43.4483
2329,289,130,37,122,12.8028,42.2145
2330,292,132,36,124,12.3288,42.4658
2331,293,133,38,122,12.9693,41.6382
2332,293,134,40,119,13.6519,40.6143
2333,296,137,40,119,13.5135,40.2027
2334,297,142,37,118,12.4579,39.7306
2335,298,144,41,113,13.7584,37.9195
2336,302,149,43,110,14.2384,36.4238
2337,301,150,43,108,14.2857,35.8804
2338,301,151,46,104,15.2824,34.5515
2339,300,150,48,102,16.0000,34.0000
2340,300,145,49,106,16.3333,35.3333
2341,299,145,49,105,16.3880,35.1171
2342,303,152,48,103,15.8416,33.9934
2343,303,149,53,101,17.4917,33.3333
2344,301,151,53,97,17.6080,32.2259
2345,300,146,57,97,19.0000,32.3333
2346,299,146,56,97,18.7291,32.4415
2347,301,148,57,96,18.9369,31.8937
2348,300,142,63,95,21.0000,31.6667
2349,299,144,64,91,21.4047,30.4348
2350,301,148,65,88,21.5947,29.2359
2351,300,141,71,88,23.6667,29.3333
2352,299,139,75,85,25.0836,28.4281
2353,300,143,74,83,24.6667,27.6667
2354,299,138,79,82,26.4214,27.4247
2355,301,135,84,82,27.9070,27.2425
2356,300,136,84,80,28.0000,26.6667
2357,296,135,88,73,29.7297,24.6622
2358,300,132,95,73,31.6667,24.3333
2359,299,129,99,71,33.1104,23.7458
2360,301,127,101,73,33.5548,24.2525
2361,301,123,106,72,35.2159,23.9203
2362,300,120,108,72,36.0000,24.0000
2363,298,120,109,69,36.5772,23.1544
2364,301,116,115,70,38.2060,23.2558
2365,298,116,111,71,37.2483,23.8255
2366,297,117,107,73,36.0269,24.5791
2367,298,116,109,73,36.5772,24.4966
2368,297,113,111,73,37.3737,24.5791
2369,297,115,108,74,36.3636,24.9158
2370,297,113,109,75,36.7003,25.2525
2371,295,113,106,76,35.9322,25.7627
2372,295,111,105,79,35.5932,26.7797
2373,294,111,104,79,35.3741,26.8707
2374,295,111,105,79,35.5932,26.7797
2375,292,113,104,75,35.6164,25.6849
2376,288,112,99,77,34.3750,26.7361
2377,289,110,102,77,35.2941,26.6436
2378,289,114,94,81,32.5260,28.0277
2379,286,110,95,81,33.2168,28.3217
2380,282,105,93,84,32.9787,29.7872
2381,278,100,92,86,33.0935,30.9353
2382,282,103,93,86,32.9787,30.4965
2383,279,102,89,88,31.8996,31.5412
2384,279,103,83,93,29.7491,33.3333
2385,278,102,82,94,29.4964,33.8129
2386,277,101,85,91,30.6859,32.8520
2387,276,100,82,94,29.7101,34.0580
2388,277,102,79,96,28.5199,34.6570
2389,275,99,78,98,28.3636,35.6364
2390,276,101,75,100,27.1739,36.2319
2391,275,97,77,101,28.0000,36.7273
2392,275,101,76,98,27.6364,35.6364
2393,279,104,75,100,26.8817,35.8423
2394,278,103,74,101,26.6187,36.3309
2395,279,103,73,103,26.1649,36.9176
2396,278,100,72,106,25.8993,38.1295
2397,281,102,75,104,26.6904,37.0107
2398,279,101,76,102,27.2401,36.5591
2399,278,101,75,102,26.9784,36.6906
2400,275,99,71,105,25.8182,38.1818
2401,275,101,68,106,24.7273,38.5455
2402,273,100,64,109,23.4432,39.9267
2403,273,101,62,110,22.7106,40.2930
2404,272,97,66,109,24.2647,40.0735
2405,273,97,67,109,24.5421,39.9267
2406,273,98,63,112,23.0769,41.0256
2407,274,98,63,113,22.9927,41.2409
2408,277,102,65,110,23.4657,39.7112
2409,277,104,62,111,22.3827,40.0722
2410,276,103,61,112,22.1014,40.5797
2411,279,105,62,112,22.2222,40.1434
2412,278,109,59,110,21.2230,39.5683
2413,282,113,59,110,20.9220,39.0071
2414,285,114,61,110,21.4035,38.5965
2415,286,113,63,110,22.0280,38.4615
2416,285,112,62,111,21.7544,38.9474
2417,285,111,65,109,22.8070,38.2456
2418,285,114,64,107,22.4561,37.5439
2419,284,111,64,109,22.5352,38.3803
2420,283,112,61,110,21.5548,38.8693
2421,283,113,62,108,21.9081,38.1625
2422,285,116,63,106,22.1053,37.1930
2423,287,122,61,104,21.2544,36.2369
2424,288,125,61,102,21.1806,35.4167
2425,289,126,59,104,20.4152,35.9862
2426,290,128,59,103,20.3448,35.5172
2427,291,124,63,104,21.6495,35.7388
2428,290,123,65,102,22.4138,35.1724
2429,294,127,67,100,22.7891,34.0136
2430,295,130,67,98,22.7119,33.2203
2431,295,129,68,98,23.0508,33.2203
2432,298,134,69,95,23.1544,31.8792
2433,299,132,74,93,24.7492,31.1037
2434,299,136,71,92,23.7458,30.7692
2435,299,139,67,93,22.4080,31.1037
2436,299,138,71,90,23.7458,30.1003
2437,300,142,68,90,22.6667,30.0000
2438,299,137,68,94,22.7425,31.4381
2439,297,139,62,96,20.8754,32.3232
2440,298,142,63,93,21.1409,31.2081
2441,296,141,65,90,21.9595,30.4054
2442,296,136,69,91,23.3108,30.7432
2443,297,134,71,92,23.9057,30.9764
2444,300,134,74,92,24.6667,30.6667
2445,299,134,74,91,24.7492,30.4348
2446,298,133,77,88,25.8389,29.5302
2447,297,130,80,87,26.9360,29.2929
2448,295,132,76,87,25.7627,29.4915
2449,297,133,77,87,25.9259,29.2929
2450,296,131,79,86,26.6892,29.0541
2451,297,132,77,88,25.9259,29.6296
2452,298,131,81,86,27.1812,28.8591
2453,296,130,80,86,27.0270,29.0541
2454,298,128,86,84,28.8591,28.1879
2455,300,132,86,82,28.6667,27.3333
2456,299,129,86,84,28.7625,28.0936
2457,300,130,85,85,28.3333,28.3333
2458,298,126,88,84,29.5302,28.1879
2459,298,124,91,83,30.5369,27.8523
2460,297,116,98,83,32.9966,27.9461
2461,297,117,96,84,32.3232,28.2828
2462,299,119,92,88,30.7692,29.4314
2463,297,117,92,88,30.9764,29.6296
2464,296,121,89,86,30.0676,29.0541
2465,297,121,88,88,29.6296,29.6296
2466,297,119,89,89,29.9663,29.9663
2467,298,115,92,91,30.8725,30.5369
2468,300,119,92,89,30.6667,29.6667
2469,298,112,95,91,31.8792,30.5369
2470,298,111,94,93,31.5436,31.2081
2471,301,109,100,92,33.2226,30.5648
2472,296,105,101,90,34.1216,30.4054
2473,295,102,103,90,34.9153,30.5085
2474,289,100,98,91,33.9100,31.4879
2475,292,98,100,94,34.2466,32.1918
2476,295,95,106,94,35.9322,31.8644
2477,295,94,108,93,36.6102,31.5254
2478,294,92,108,94,36.7347,31.9728
2479,294,94,105,95,35.7143,32.3129
2480,292,92,105,95,35.9589,32.5342
2481,290,88,104,98,35.8621,33.7931
2482,289,86,107,96,37.0242,33.2180
2483,287,86,103,98,35.8885,34.1463
2484,289,86,104,99,35.9862,34.2561
2485,291,86,105,100,36.0825,34.3643
2486,286,81,105,100,36.7133,34.9650
2487,286,80,105,101,36.7133,35.3147
2488,287,78,109,100,37.9791,34.8432
2489,285,78,105,102,36.8421,35.7895
2490,286,81,103,102,36.0140,35.6643
2491,283,85,97,101,34.2756,35.6890
2492,284,87,91,106,32.0423,37.3239
2493,282,84,91,107,32.2695,37.9433
2494,281,83,93,105,33.0961,37.3665
2495,282,83,92,107,32.6241,37.9433
2496,284,87,87,110,30.6338,38.7324
2497,279,89,78,112,27.9570,40.1434
2498,280,86,79,115,28.2143,41.0714
2499,279,85,79,115,28.3154,41.2186
2500,277,89,74,114,26.7148,41.1552
2501,276,86,74,116,26.8116,42.0290
2502,277,83,76,118,27.4368,42.5993
2503,274,81,77,116,28.1022,42.3358
2504,272,78,80,114,29.4118,41.9118
2505,271,78,80,113,29.5203,41.6974
2506,274,80,79,115,28.8321,41.9708
2507,273,80,72,121,26.3736,44.3223
2508,269,82,66,121,24.5353,44.9814
2509,270,85,66,119,24.4444,44.0741
2510,269,88,64,117,23.7918,43.4944
2511,268,87,62,119,23.1343,44.4030
2512,268,82,66,120,24.6269,44.7761
2513,272,87,67,118,24.6324,43.3824
2514,271,93,65,113,23.9852,41.6974
2515,270,96,59,115,21.8519,42.5926
2516,272,99,58,115,21.3235,42.2794
2517,272,100,60,112,22.0588,41.1765
2518,268,101,57,110,21.2687,41.0448
2519,271,107,54,110,19.9262,40.5904
2520,273,107,56,110,20.5128,40.2930
2521,272,108,55,109,20.2206,40.0735
2522,270,111,52,107,19.2593,39.6296
2523,273,112,54,107,19.7802,39.1941
2524,271,108,53,110,19.5572,40.5904
2525,269,106,53,110,19.7026,40.8922
2526,268,106,50,112,18.6567,41.7910
2527,266,108,50,108,18.7970,40.6015
2528,269,111,49,109,18.2156,40.5204
2529,269,110,50,109,18.5874,40.5204
2530,270,111,51,108,18.8889,40.0000
2531,271,109,56,106,20.6642,39.1144
2532,271,112,53,106,19.5572,39.1144
2533,271,113,52,106,19.1882,39.1144
2534,270,108,53,109,19.6296,40.3704
2535,272,111,53,108,19.4853,39.7059
2536,274,113,55,106,20.0730,38.6861
2537,273,113,55,105,20.1465,38.4615
2538,274,117,51,106,18.6131,38.6861
2539,274,118,54,102,19.7080,37.2263
2540,276,119,55,102,19.9275,36.9565
2541,276,125,51,100,18.4783,36.2319
2542,279,132,50,97,17.9211,34.7670
2543,277,133,48,96,17.3285,34.6570
2544,278,139,48,91,17.2662,32.7338
2545,278,139,46,93,16.5468,33.4532
2546,280,140,47,93,16.7857,33.2143
2547,282,142,50,90,17.7305,31.9149
2548,283,147,50,86,17.6678,30.3887
2549,284,144,58,82,20.4225,28.8732
2550,287,146,60,81,20.9059,28.2230
2551,287,146,60,81,20.9059,28.2230
2552,288,146,59,83,20.4861,28.8194
2553,291,151,58,82,19.9313,28.1787
2554,293,155,57,81,19.4539,27.6451
2555,293,155,55,83,18.7713,28.3276
2556,298,157,56,85,18.7919,28.5235
2557,300,159,56,85,18.6667,28.3333
2558,300,160,58,82,19.3333,27.3333
2559,300,164,59,77,19.6667,25.6667
2560,299,163,59,77,19.7324,25.7525
2561,302,160,65,77,21.5232,25.4967
2562,302,158,66,78,21.8543,25.8278
2563,300,146,77,77,25.6667,25.6667
2564,299,142,78,79,26.0870,26.4214
2565,301,143,79,79,26.2458,26.2458
2566,300,141,82,77,27.3333,25.6667
2567,298,139,83,76,27.8523,25.5034
2568,299,138,85,76,28.4281,25.4181
2569,295,134,82,79,27.7966,26.7797
2570,293,130,83,80,28.3276,27.3038
2571,292,131,81,80,27.7397,27.3973
2572,294,130,83,81,28.2313,27.5510
2573,293,128,86,79,29.3515,26.9625
2574,291,125,89,77,30.5842,26.4605
2575,290,125,90,75,31.0345,25.8621
2576,290,126,91,73,31.3793,25.1724
2577,287,122,93,72,32.4042,25.0871
2578,288,119,99,70,34.3750,24.3056
2579,287,115,102,70,35.5401,24.3902
2580,288,115,104,69,36.1111,23.9583
2581,287,118,98,71,34.1463,24.7387
2582,285,116,97,72,34.0351,25.2632
2583,283,116,93,74,32.8622,26.1484
2584,279,115,82,82,29.3907,29.3907
2585,281,117,84,80,29.8932,28.4698
2586,281,120,84,77,29.8932,27.4021
2587,280,120,82,78,29.2857,27.8571
2588,280,117,85,78,30.3571,27.8571
2589,279,112,86,81,30.8244,29.0323
2590,278,111,86,81,30.9353,29.1367
2591,278,112,82,84,29.4964,30.2158
2592,278,108,86,84,30.9353,30.2158
2593,277,110,84,83,30.3249,29.9639
2594,275,110,81,84,29.4545,30.5455
2595,272,113,77,82,28.3088,30.1471
2596,273,114,75,84,27.4725,30.7692
2597,274,119,72,83,26.2774,30.2920
2598,272,115,69,88,25.3676,32.3529
2599,271,112,69,90,25.4613,33.2103
2600,270,108,71,91,26.2963,33.7037
2601,268,107,69,92,25.7463,34.3284
2602,271,107,73,91,26.9373,33.5793
2603,271,105,76,90,28.0443,33.2103
2604,273,107,77,89,28.2051,32.6007
2605,273,107,75,91,27.4725,33.3333
2606,276,107,78,91,28.2609,32.9710
2607,274,107,75,92,27.3723,33.5766
2608,274,107,75,92,27.3723,33.5766
2609,271,106,71,94,26.1993,34.6863
2610,273,106,71,96,26.0073,35.1648
2611,276,105,75,96,27.1739,34.7826
2612,273,107,69,97,25.2747,35.5311
2613,274,105,70,99,25.5474,36.1314
2614,278,107,73,98,26.2590,35.2518
2615,278,105,73,100,26.2590,35.9712
2616,278,106,75,97,26.9784,34.8921
2617,281,107,77,97,27.4021,34.5196
2618,281,104,80,97,28.4698,34.5196
2619,277,102,77,98,27.7978,35.3791
2620,278,104,75,99,26.9784,35.6115
2621,281,107,78,96,27.7580,34.1637
2622,280,108,76,96,27.1429,34.2857
2623,281,111,74,96,26.3345,34.1637
2624,284,113,76,95,26.7606,33.4507
2625,280,111,73,96,26.0714,34.2857
2626,282,113,73,96,25.8865,34.0426
2627,280,112,70,98,25.0000,35.0000
2628,282,111,73,98,25.8865,34.7518
2629,284,110,74,100,26.0563,35.2113
2630,282,108,74,100,26.2411,35.4610
2631,284,111,70,103,24.6479,36.2676
2632,284,106,75,103,26.4085,36.2676
2633,285,105,79,101,27.7193,35.4386
2634,289,109,78,102,26.9896,35.2941
2635,288,107,77,104,26.7361,36.1111
2636,288,115,78,95,27.0833,32.9861
2637,289,111,84,94,29.0657,32.5260
2638,289,110,83,96,28.7197,33.2180
2639,285,111,80,94,28.0702,32.9825
2640,288,105,87,96,30.2083,33.3333
2641,292,106,93,93,31.8493,31.8493
2642,291,101,94,96,32.3024,32.9897
2643,291,102,95,94,32.6460,32.3024
2644,290,101,94,95,32.4138,32.7586
2645,289,100,93,96,32.1799,33.2180
2646,291,100,95,96,32.6460,32.9897
2647,291,101,95,95,32.6460,32.6460
2648,290,99,96,95,33.1034,32.7586
2649,289,93,100,96,34.6021,33.2180
2650,287,95,101,91,35.1916,31.7073
2651,287,99,97,91,33.7979,31.7073
2652,288,102,95,91,32.9861,31.5972
2653,283,103,88,92,31.0954,32.5088
2654,286,107,88,91,30.7692,31.8182
2655,290,107,91,92,31.3793,31.7241
2656,290,108,89,93,30.6897,32.0690
2657,288,108,88,92,30.5556,31.9444
2658,290,111,86,93,29.6552,32.0690
2659,288,113,86,89,29.8611,30.9028
2660,286,114,82,90,28.6713,31.4685
2661,285,120,74,91,25.9649,31.9298
2662,285,121,73,91,25.6140,31.9298
2663,282,118,70,94,24.8227,33.3333
2664,281,117,71,93,25.2669,33.0961
2665,282,119,71,92,25.1773,32.6241
2666,283,119,68,96,24.0283,33.9223
2667,282,120,69,93,24.4681,32.9787
2668,279,119,66,94,23.6559,33.6918
2669,275,112,66,97,24.0000,35.2727
2670,273,111,61,101,22.3443,36.9963
2671,274,111,64,99,23.3577,36.1314
2672,276,114,64,98,23.1884,35.5072
2673,277,114,65,98,23.4657,35.3791
2674,279,117,65,97,23.2975,34.7670
2675,281,119,66,96,23.4875,34.1637
2676,282,117,68,97,24.1135,34.3972
2677,281,114,66,101,23.4875,35.9431
2678,283,114,66,103,23.3216,36.3958
2679,281,115,63,103,22.4199,36.6548
2680,282,115,65,102,23.0496,36.1702
2681,284,116,66,102,23.2394,35.9155
2682,284,114,69,101,24.2958,35.5634
2683,286,116,70,100,24.4755,34.9650
2684,290,119,71,100,24.4828,34.4828
2685,290,120,71,99,24.4828,34.1379
2686,291,119,73,99,25.0859,34.0206
2687,293,122,76,95,25.9386,32.4232
2688,293,120,78,95,26.6212,32.4232
2689,294,117,78,99,26.5306,33.6735
2690,294,114,80,100,27.2109,34.0136
2691,295,114,80,101,27.1186,34.2373
2692,297,114,83,100,27.9461,33.6700
2693,297,114,82,101,27.6094,34.0067
2694,297,115,86,96,28.9562,32.3232
2695,296,111,88,97,29.7297,32.7703
2696,300,116,85,99,28.3333,33.0000
2697,299,111,88,100,29.4314,33.4448
2698,302,109,93,100,30.7947,33.1126
2699,301,103,96,102,31.8937,33.8870
2700,297,96,100,101,33.6700,34.0067
2701,301,101,101,99,33.5548,32.8904
2702,298,97,99,102,33.2215,34.2282
2703,299,96,102,101,34.1137,33.7793
2704,299,97,102,100,34.1137,33.4448
2705,298,96,101,101,33.8926,33.8926
2706,296,93,101,102,34.1216,34.4595
2707,294,91,100,103,34.0136,35.0340
2708,293,91,99,103,33.7884,35.1536
2709,291,92,99,100,34.0206,34.3643
2710,292,93,99,100,33.9041,34.2466
2711,287,90,96,101,33.4495,35.1916
2712,286,89,95,102,33.2168,35.6643
2713,287,87,102,98,35.5401,34.1463
2714,286,88,100,98,34.9650,34.2657
2715,287,96,94,97,32.7526,33.7979
2716,286,93,97,96,33.9161,33.5664
2717,285,91,99,95,34.7368,33.3333
2718,284,93,93,98,32.7465,34.5070
2719,281,92,89,100,31.6726,35.5872
2720,278,91,85,102,30.5755,36.6906
2721,277,98,80,99,28.8809,35.7401
2722,276,100,81,95,29.3478,34.4203
2723,272,96,79,97,29.0441,35.6618
2724,272,95,79,98,29.0441,36.0294
2725,271,95,77,99,28.4133,36.5314
2726,270,93,76,101,28.1481,37.4074
2727,267,92,74,101,27.7154,37.8277
2728,268,95,73,100,27.2388,37.3134
2729,269,102,72,95,26.7658,35.3160
2730,269,103,73,93,27.1375,34.5725
2731,266,99,74,93,27.8195,34.9624
2732,268,98,71,99,26.4925,36.9403
2733,267,100,70,97,26.2172,36.3296
2734,268,100,67,101,25.0000,37.6866
2735,269,100,69,100,25.6506,37.1747
2736,272,102,69,101,25.3676,37.1324
2737,273,103,66,104,24.1758,38.0952
2738,274,107,60,107,21.8978,39.0511
2739,273,101,63,109,23.0769,39.9267
2740,274,100,62,112,22.6277,40.8759
2741,277,105,64,108,23.1047,38.9892
2742,277,105,65,107,23.4657,38.6282
2743,280,109,64,107,22.8571,38.2143
2744,282,109,65,108,23.0496,38.2979
2745,285,113,62,110,21.7544,38.5965
2746,288,114,64,110,22.2222,38.1944
2747,289,119,60,110,20.7612,38.0623
2748,290,121,62,107,21.3793,36.8966
2749,294,122,66,106,22.4490,36.0544
2750,295,124,63,108,21.3559,36.6102
2751,296,124,63,109,21.2838,36.8243
2752,302,125,65,112,21.5232,37.0861
2753,300,120,68,112,22.6667,37.3333
2754,299,120,70,109,23.4114,36.4548
2755,298,120,69,109,23.1544,36.5772
2756,299,117,72,110,24.0803,36.7893
2757,299,119,72,108,24.0803,36.1204
2758,302,118,75,109,24.8344,36.0927
2759,300,117,75,108,25.0000,36.0000
2760,299,119,72,108,24.0803,36.1204
2761,299,115,75,109,25.0836,36.4548
2762,299,116,76,107,25.4181,35.7860
2763,302,112,84,106,27.8146,35.0993
2764,300,113,85,102,28.3333,34.0000
2765,299,108,86,105,28.7625,35.1171
2766,304,112,86,106,28.2895,34.8684
2767,304,108,93,103,30.5921,33.8816
2768,304,103,97,104,31.9079,34.2105
2769,302,97,98,107,32.4503,35.4305
2770,302,97,101,104,33.4437,34.4371
2771,299,96,100,103,33.4448,34.4482
2772,298,99,97,102,32.5503,34.2282
2773,300,100,95,105,31.6667,35.0000
2774,298,95,97,106,32.5503,35.5705
2775,301,95,100,106,33.2226,35.2159
2776,299,92,100,107,33.4448,35.7860
2777,299,93,98,108,32.7759,36.1204
2778,297,92,99,106,33.3333,35.6902
2779,295,87,102,106,34.5763,35.9322
2780,297,88,103,106,34.6801,35.6902
2781,296,85,102,109,34.4595,36.8243
2782,297,83,101,113,34.0067,38.0471
2783,300,87,98,115,32.6667,38.3333
2784,296,93,90,113,30.4054,38.1757
2785,300,93,92,115,30.6667,38.3333
2786,298,95,89,114,29.8658,38.2550
2787,296,91,91,114,30.7432,38.5135
2788,293,94,83,116,28.3276,39.5904
2789,296,100,80,116,27.0270,39.1892
2790,292,107,70,115,23.9726,39.3836
2791,295,113,69,113,23.3898,38.3051
2792,293,116,67,110,22.8669,37.5427
2793,291,112,68,111,23.3677,38.1443
2794,291,111,67,113,23.0241,38.8316
2795,289,113,65,111,22.4913,38.4083
2796,287,116,61,110,21.2544,38.3275
2797,285,116,61,108,21.4035,37.8947
2798,287,113,65,109,22.6481,37.9791
2799,283,113,60,110,21.2014,38.8693
2800,282,109,62,111,21.9858,39.3617
2801,284,112,62,110,21.8310,38.7324
2802,286,115,62,109,21.6783,38.1119
2803,287,118,61,108,21.2544,37.6307
2804,292,123,64,105,21.9178,35.9589
2805,295,124,67,104,22.7119,35.2542
2806,293,122,66,105,22.5256,35.8362
2807,293,122,66,105,22.5256,35.8362
2808,291,123,64,104,21.9931,35.7388
2809,293,120,70,103,23.8908,35.1536
2810,295,122,71,102,24.0678,34.5763
2811,296,121,73,102,24.6622,34.4595
2812,299,124,77,98,25.7525,32.7759
2813,302,121,84,97,27.8146,32.1192
2814,300,120,81,99,27.0000,33.0000
2815,299,112,85,102,28.4281,34.1137
2816,301,108,90,103,29.9003,34.2193
2817,301,108,90,103,29.9003,34.2193
2818,299,106,92,101,30.7692,33.7793
2819,298,100,94,104,31.5436,34.8993
2820,293,97,93,103,31.7406,35.1536
2821,296,103,90,103,30.4054,34.7973
2822,299,106,92,101,30.7692,33.7793
2823,298,103,93,102,31.2081,34.2282
2824,296,102,94,100,31.7568,33.7838
2825,295,103,94,98,31.8644,33.2203
2826,295,106,91,98,30.8475,33.2203
2827,294,108,89,97,30.2721,32.9932
2828,296,109,92,95,31.0811,32.0946
2829,296,109,90,97,30.4054,32.7703
2830,298,111,89,98,29.8658,32.8859
2831,302,114,89,99,29.4702,32.7815
2832,299,109,89,101,29.7659,33.7793
2833,296,113,85,98,28.7162,33.1081
2834,296,119,81,96,27.3649,32.4324
2835,299,118,83,98,27.7592,32.7759
2836,299,125,75,99,25.0836,33.1104
2837,299,127,74,98,24.7492,32.7759
2838,299,124,78,97,26.0870,32.4415
2839,296,127,72,97,24.3243,32.7703
2840,293,128,67,98,22.8669,33.4471
2841,294,127,71,96,24.1497,32.6531
2842,295,131,70,94,23.7288,31.8644
2843,295,130,69,96,23.3898,32.5424
2844,292,129,68,95,23.2877,32.5342
2845,293,129,69,95,23.5495,32.4232
2846,293,127,74,92,25.2560,31.3993
2847,295,125,77,93,26.1017,31.5254
2848,294,122,79,93,26.8707,31.6327
2849,295,117,85,93,28.8136,31.5254
2850,295,120,83,92,28.1356,31.1864
2851,298,121,87,90,29.1946,30.2013
2852,297,117,89,91,29.9663,30.6397
2853,301,114,95,92,31.5615,30.5648
2854,300,113,98,89,32.6667,29.6667
2855,295,106,99,90,33.5593,30.5085
2856,297,106,100,91,33.6700,30.6397
2857,298,104,103,91,34.5638,30.5369
2858,296,104,99,93,33.4459,31.4189
2859,297,104,101,92,34.0067,30.9764
2860,297,103,101,93,34.0067,31.3131
2861,302,95,112,95,37.0861,31.4570
2862,301,90,114,97,37.8738,32.2259
2863,298,87,111,100,37.2483,33.5570
2864,298,84,113,101,37.9195,33.8926
2865,300,82,114,104,38.0000,34.6667
2866,297,83,108,106,36.3636,35.6902
2867,298,88,104,106,34.8993,35.5705
2868,295,86,103,106,34.9153,35.9322
2869,293,87,100,106,34.1297,36.1775
2870,294,88,98,108,33.3333,36.7347
2871,294,90,97,107,32.9932,36.3946
2872,294,87,100,107,34.0136,36.3946
2873,290,87,95,108,32.7586,37.2414
2874,285,85,91,109,31.9298,38.2456
2875,284,86,88,110,30.9859,38.7324
2876,286,85,88,113,30.7692,39.5105
2877,288,86,89,113,30.9028,39.2361
2878,286,85,89,112,31.1189,39.1608
2879,285,86,88,111,30.8772,38.9474
2880,286,81,91,114,31.8182,39.8601
2881,285,84,86,115,30.1754,40.3509
2882,284,88,78,118,27.4648,41.5493
2883,284,91,75,118,26.4085,41.5493
2884,282,93,70,119,24.8227,42.1986
2885,282,94,69,119,24.4681,42.1986
2886,283,96,69,118,24.3816,41.6961
2887,287,106,67,114,23.3449,39.7213
2888,286,106,68,112,23.7762,39.1608
2889,290,107,70,113,24.1379,38.9655
2890,293,106,74,113,25.2560,38.5666
2891,292,102,77,113,26.3699,38.6986
2892,291,105,75,111,25.7732,38.1443
2893,290,106,70,114,24.1379,39.3103
2894,287,106,67,114,23.3449,39.7213
2895,288,103,71,114,24.6528,39.5833
2896,289,100,74,115,25.6055,39.7924
2897,286,100,69,117,24.1259,40.9091
2898,288,102,70,116,24.3056,40.2778
2899,291,102,71,118,24.3986,40.5498
2900,293,105,65,123,22.1843,41.9795
2901,293,107,62,124,21.1604,42.3208
2902,295,108,62,125,21.0169,42.3729
2903,298,110,63,125,21.1409,41.9463
2904,296,108,65,123,21.9595,41.5541
2905,301,110,69,122,22.9236,40.5316
2906,301,109,69,123,22.9236,40.8638
2907,300,107,72,121,24.0000,40.3333
2908,299,107,71,121,23.7458,40.4682
2909,299,105,69,125,23.0769,41.8060
2910,295,105,69,121,23.3898,41.0169
2911,297,106,64,127,21.5488,42.7609
2912,297,104,63,130,21.2121,43.7710
2913,297,105,63,129,21.2121,43.4343
2914,299,108,64,127,21.4047,42.4749
2915,301,115,58,128,19.2691,42.5249
2916,299,112,57,130,19.0635,43.4783
2917,301,114,58,129,19.2691,42.8571
2918,298,115,59,124,19.7987,41.6107
2919,297,120,54,123,18.1818,41.4141
2920,303,123,57,123,18.8119,40.5941
2921,303,125,58,120,19.1419,39.6040
2922,303,123,62,118,20.4620,38.9439
2923,302,123,61,118,20.1987,39.0728
2924,301,122,59,120,19.6013,39.8671
2925,300,124,58,118,19.3333,39.3333
2926,298,123,58,117,19.4631,39.2617
2927,299,125,56,118,18.7291,39.4649
2928,300,125,58,117,19.3333,39.0000
2929,297,123,57,117,19.1919,39.3939
2930,301,127,57,117,18.9369,38.8704
2931,301,124,56,121,18.6047,40.1993
2932,300,125,57,118,19.0000,39.3333
2933,298,124,59,115,19.7987,38.5906
2934,297,125,61,111,20.5387,37.3737
2935,301,129,63,109,20.9302,36.2126
2936,300,126,66,108,22.0000,36.0000
2937,299,122,68,109,22.7425,36.4548
2938,304,126,68,110,22.3684,36.1842
2939,302,124,69,109,22.8477,36.0927
2940,300,125,68,107,22.6667,35.6667
2941,299,123,71,105,23.7458,35.1171
2942,300,122,73,105,24.3333,35.0000
2943,297,123,68,106,22.8956,35.6902
2944,301,123,75,103,24.9169,34.2193
2945,297,127,72,98,24.2424,32.9966
2946,297,126,74,97,24.9158,32.6599
2947,298,120,81,97,27.1812,32.5503
2948,298,119,81,98,27.1812,32.8859
2949,295,116,84,95,28.4746,32.2034
2950,295,113,86,96,29.1525,32.5424
2951,298,113,91,94,30.5369,31.5436
2952,298,120,89,89,29.8658,29.8658
2953,295,116,88,91,29.8305,30.8475
2954,296,113,91,92,30.7432,31.0811
2955,298,113,89,96,29.8658,32.2148
2956,299,111,91,97,30.4348,32.4415
2957,299,112,88,99,29.4314,33.1104
2958,297,113,85,99,28.6195,33.3333
2959,299,117,82,100,27.4247,33.4448
2960,301,117,83,101,27.5748,33.5548
2961,301,120,81,100,26.9103,33.2226
2962,299,115,82,102,27.4247,34.1137
2963,300,114,89,97,29.6667,32.3333
2964,298,111,91,96,30.5369,32.2148
2965,298,105,96,97,32.2148,32.5503
2966,299,106,95,98,31.7726,32.7759
2967,299,110,92,97,30.7692,32.4415
2968,299,110,92,97,30.7692,32.4415
2969,301,110,90,101,29.9003,33.5548
2970,299,108,87,104,29.0970,34.7826
2971,300,107,87,106,29.0000,35.3333
2972,298,102,89,107,29.8658,35.9060
2973,300,104,89,107,29.6667,35.6667
2974,295,99,87,109,29.4915,36.9492
2975,295,97,89,109,30.1695,36.9492
2976,297,102,87,108,29.2929,36.3636
2977,297,104,83,110,27.9461,37.0370
2978,297,102,87,108,29.2929,36.3636
2979,302,104,93,105,30.7947,34.7682
2980,302,104,95,103,31.4570,34.1060
2981,299,100,97,102,32.4415,34.1137
2982,301,95,101,105,33.5548,34.8837
2983,298,94,101,103,33.8926,34.5638
2984,292,90,97,105,33.2192,35.9589
2985,291,88,97,106,33.3333,36.4261
2986,293,92,92,109,31.3993,37.2014
2987,293,90,94,109,32.0819,37.2014
2988,292,90,93,109,31.8493,37.3288
2989,288,88,89,111,30.9028,38.5417
2990,291,91,91,109,31.2715,37.4570
2991,289,87,92,110,31.8339,38.0623
2992,289,84,91,114,31.4879,39.4464
2993,287,82,91,114,31.7073,39.7213
2994,285,80,93,112,32.6316,39.2982
2995,284,83,86,115,30.2817,40.4930
2996,282,82,84,116,29.7872,41.1348
2997,282,79,87,116,30.8511,41.1348
2998,283,82,83,118,29.3286,41.6961
2999,284,82,82,120,28.8732,42.2535
3000,283,80,81,122,28.6219,43.1095
3001,282,79,80,123,28.3688,43.6170
3002,280,83,71,126,25.3571,45.0000
3003,280,85,65,130,23.2143,46.4286
3004,282,87,63,132,22.3404,46.8085
3005,280,93,58,129,20.7143,46.0714
3006,279,91,58,130,20.7885,46.5950
3007,280,96,59,125,21.0714,44.6429
3008,283,96,59,128,20.8481,45.2297
3009,283,102,54,127,19.0813,44.8763
3010,283,103,54,126,19.0813,44.5230
3011,281,106,49,126,17.4377,44.8399
3012,282,109,45,128,15.9574,45.3901
3013,284,113,43,128,15.1408,45.0704
3014,286,115,44,127,15.3846,44.4056
3015,284,117,41,126,14.4366,44.3662
3016,286,120,43,123,15.0350,43.0070
3017,288,123,43,122,14.9306,42.3611
3018,288,122,46,120,15.9722,41.6667
3019,292,129,45,118,15.4110,40.4110
3020,294,134,43,117,14.6259,39.7959
3021,295,140,43,112,14.5763,37.9661
3022,295,142,43,110,14.5763,37.2881
3023,298,146,45,107,15.1007,35.9060
3024,303,150,48,105,15.8416,34.6535
3025,302,143,53,106,17.5497,35.0993
3026,302,141,57,104,18.8742,34.4371
3027,297,138,56,103,18.8552,34.6801
3028,301,137,61,103,20.2658,34.2193
3029,300,140,60,100,20.0000,33.3333
3030,300,135,65,100,21.6667,33.3333
3031,299,133,67,99,22.4080,33.1104
3032,297,129,69,99,23.2323,33.3333
3033,300,125,77,98,25.6667,32.6667
3034,297,126,75,96,25.2525,32.3232
3035,297,129,75,93,25.2525,31.3131
3036,297,129,78,90,26.2626,30.3030
3037,298,132,78,88,26.1745,29.5302
3038,298,130,82,86,27.5168,28.8591
3039,298,130,80,88,26.8456,29.5302
3040,298,125,87,86,29.1946,28.8591
3041,299,122,94,83,31.4381,27.7592
3042,298,116,99,83,33.2215,27.8523
3043,299,112,104,83,34.7826,27.7592
3044,300,114,105,81,35.0000,27.0000
3045,295,111,103,81,34.9153,27.4576
3046,295,107,104,84,35.2542,28.4746
3047,291,109,102,80,35.0515,27.4914
3048,294,113,99,82,33.6735,27.8912
3049,291,107,100,84,34.3643,28.8660
3050,289,107,101,81,34.9481,28.0277
3051,288,102,105,81,36.4583,28.1250
3052,288,103,108,77,37.5000,26.7361
3053,287,100,106,81,36.9338,28.2230
3054,286,102,105,79,36.7133,27.6224
3055,288,102,111,75,38.5417,26.0417
3056,287,100,115,72,40.0697,25.0871
3057,286,97,115,74,40.2098,25.8741
3058,283,95,115,73,40.6360,25.7951
3059,281,89,117,75,41.6370,26.6904
3060,277,85,120,72,43.3213,25.9928
3061,276,88,116,72,42.0290,26.0870
3062,273,88,111,74,40.6593,27.1062
3063,272,91,103,78,37.8676,28.6765
3064,271,94,101,76,37.2694,28.0443
3065,268,90,102,76,38.0597,28.3582
3066,271,88,105,78,38.7454,28.7823
3067,273,86,106,81,38.8278,29.6703
3068,273,83,109,81,39.9267,29.6703
3069,270,81,107,82,39.6296,30.3704
3070,268,79,104,85,38.8060,31.7164
3071,268,79,102,87,38.0597,32.4627
3072,266,81,97,88,36.4662,33.0827
3073,263,82,93,88,35.3612,33.4601
3074,262,83,90,89,34.3511,33.9695
3075,264,81,90,93,34.0909,35.2273
3076,262,74,93,95,35.4962,36.2595
3077,261,75,87,99,33.3333,37.9310
3078,260,77,82,101,31.5385,38.8462
3079,262,80,80,102,30.5344,38.9313
3080,257,79,74,104,28.7938,40.4669
3081,257,78,72,107,28.0156,41.6342
3082,259,78,74,107,28.5714,41.3127
3083,261,79,74,108,28.3525,41.3793
3084,261,78,73,110,27.9693,42.1456
3085,262,78,72,112,27.4809,42.7481
3086,262,78,69,115,26.3359,43.8931
3087,259,77,64,118,24.7104,45.5598
3088,258,81,56,121,21.7054,46.8992
3089,255,81,52,122,20.3922,47.8431
3090,254,82,51,121,20.0787,47.6378
3091,255,86,49,120,19.2157,47.0588
3092,253,87,47,119,18.5771,47.0356
3093,258,91,46,121,17.8295,46.8992
3094,259,91,46,122,17.7606,47.1042
3095,261,95,45,121,17.2414,46.3602
3096,258,98,36,124,13.9535,48.0620
3097,260,99,35,126,13.4615,48.4615
3098,262,104,35,123,13.3588,46.9466
3099,263,103,37,123,14.0684,46.7681
3100,260,104,34,122,13.0769,46.9231
3101,261,108,32,121,12.2605,46.3602
3102,264,107,35,122,13.2576,46.2121
3103,263,112,32,119,12.1673,45.2471
3104,268,116,32,120,11.9403,44.7761
3105,267,117,35,115,13.1086,43.0712
3106,268,118,33,117,12.3134,43.6567
3107,273,122,35,116,12.8205,42.4908
3108,275,123,36,116,13.0909,42.1818
3109,276,121,41,114,14.8551,41.3043
3110,280,125,42,113,15.0000,40.3571
3111,282,129,41,112,14.5390,39.7163
3112,283,130,41,112,14.4876,39.5760
3113,287,132,45,110,15.6794,38.3275
3114,288,135,45,108,15.6250,37.5000
3115,291,138,51,102,17.5258,35.0515
3116,291,139,52,100,17.8694,34.3643
3117,293,142,54,97,18.4300,33.1058
3118,295,147,53,95,17.9661,32.2034
3119,296,150,54,92,18.2432,31.0811
3120,297,151,54,92,18.1818,30.9764
3121,298,148,58,92,19.4631,30.8725
3122,306,150,66,90,21.5686,29.4118
3123,303,151,65,87,21.4521,28.7129
3124,302,150,68,84,22.5166,27.8146
3125,299,147,68,84,22.7425,28.0936
3126,300,146,71,83,23.6667,27.6667
3127,298,146,74,78,24.8322,26.1745
3128,298,145,76,77,25.5034,25.8389
3129,300,152,75,73,25.0000,24.3333
3130,297,148,78,71,26.2626,23.9057
3131,296,143,83,70,28.0405,23.6486
3132,297,141,89,67,29.9663,22.5589
3133,299,147,90,62,30.1003,20.7358
3134,302,151,86,65,28.4768,21.5232
3135,299,147,86,66,28.7625,22.0736
3136,302,149,87,66,28.8079,21.8543
3137,300,146,88,66,29.3333,22.0000
3138,299,140,97,62,32.4415,20.7358
3139,302,141,101,60,33.4437,19.8675
3140,301,142,99,60,32.8904,19.9336
3141,299,139,97,63,32.4415,21.0702
3142,297,139,95,63,31.9865,21.2121
3143,296,134,97,65,32.7703,21.9595
3144,295,133,97,65,32.8814,22.0339
3145,293,131,98,64,33.4471,21.8430
3146,290,129,97,64,33.4483,22.0690
3147,286,122,100,64,34.9650,22.3776
3148,284,121,104,59,36.6197,20.7746
3149,281,123,101,57,35.9431,20.2847
3150,284,123,103,58,36.2676,20.4225
3151,284,121,102,61,35.9155,21.4789
3152,284,117,102,65,35.9155,22.8873
3153,283,116,101,66,35.6890,23.3216
3154,284,112,106,66,37.3239,23.2394
3155,286,112,108,66,37.7622,23.0769
3156,286,106,111,69,38.8112,24.1259
3157,287,106,112,69,39.0244,24.0418
3158,285,103,114,68,40.0000,23.8596
3159,283,99,110,74,38.8693,26.1484
3160,281,96,111,74,39.5018,26.3345
3161,277,95,108,74,38.9892,26.7148
3162,278,95,108,75,38.8489,26.9784
3163,275,92,104,79,37.8182,28.7273
3164,276,91,105,80,38.0435,28.9855
3165,278,90,107,81,38.4892,29.1367
3166,275,85,106,84,38.5455,30.5455
3167,273,82,105,86,38.4615,31.5018
3168,274,79,107,88,39.0511,32.1168
3169,274,75,106,93,38.6861,33.9416
3170,272,70,109,93,40.0735,34.1912
3171,269,70,105,94,39.0335,34.9442
3172,269,68,104,97,38.6617,36.0595
3173,268,70,99,99,36.9403,36.9403
3174,267,66,98,103,36.7041,38.5768
3175,266,67,96,103,36.0902,38.7218
3176,266,66,94,106,35.3383,39.8496
3177,267,68,90,109,33.7079,40.8240
3178,266,67,85,114,31.9549,42.8571
3179,263,66,80,117,30.4183,44.4867
3180,261,67,77,117,29.5019,44.8276
3181,260,68,76,116,29.2308,44.6154
3182,259,70,72,117,27.7992,45.1737
3183,257,68,72,117,28.0156,45.5253
3184,257,67,71,119,27.6265,46.3035
3185,260,68,71,121,27.3077,46.5385
3186,265,72,71,122,26.7925,46.0377
3187,268,80,62,126,23.1343,47.0149
3188,266,82,58,126,21.8045,47.3684
3189,264,84,53,127,20.0758,48.1061
3190,264,85,51,128,19.3182,48.4848
3191,265,87,48,130,18.1132,49.0566
3192,267,92,46,129,17.2285,48.3146
3193,266,98,44,124,16.5414,46.6165
3194,269,100,44,125,16.3569,46.4684
3195,268,103,42,123,15.6716,45.8955
3196,265,103,38,124,14.3396,46.7925
3197,266,105,37,124,13.9098,46.6165
3198,266,105,38,123,14.2857,46.2406
3199,267,108,35,124,13.1086,46.4419
3200,266,109,33,124,12.4060,46.6165
3201,268,110,33,125,12.3134,46.6418
3202,270,111,34,125,12.5926,46.2963
3203,271,115,34,122,12.5461,45.0185
3204,274,121,34,119,12.4088,43.4307
3205,275,125,32,118,11.6364,42.9091
3206,274,126,29,119,10.5839,43.4307
3207,282,133,30,119,10.6383,42.1986
3208,285,139,30,116,10.5263,40.7018
3209,285,138,31,116,10.8772,40.7018
3210,285,142,29,114,10.1754,40.0000
3211,287,151,26,110,9.0592,38.3275
3212,291,151,30,110,10.3093,37.8007
3213,291,150,31,110,10.6529,37.8007
3214,294,154,32,108,10.8844,36.7347
3215,293,159,31,103,10.5802,35.1536
3216,293,159,33,101,11.2628,34.4710
3217,298,164,34,100,11.4094,33.5570
3218,302,167,37,98,12.2517,32.4503
3219,300,169,35,96,11.6667,32.0000
3220,300,170,37,93,12.3333,31.0000
3221,299,171,40,88,13.3779,29.4314
3222,303,172,44,87,14.5215,28.7129
3223,301,173,43,85,14.2857,28.2392
3224,299,171,45,83,15.0502,27.7592
3225,299,169,49,81,16.3880,27.0903
3226,304,173,55,76,18.0921,25.0000
3227,304,166,63,75,20.7237,24.6711
3228,304,165,65,74,21.3816,24.3421
3229,303,167,64,72,21.1221,23.7624
3230,303,171,65,67,21.4521,22.1122
3231,303,162,77,64,25.4125,21.1221
3232,303,160,80,63,26.4026,20.7921
3233,301,152,83,66,27.5748,21.9269
3234,299,151,83,65,27.7592,21.7391
3235,299,148,86,65,28.7625,21.7391
3236,302,150,89,63,29.4702,20.8609
3237,301,143,96,62,31.8937,20.5980
3238,300,143,97,60,32.3333,20.0000
3239,298,141,102,55,34.2282,18.4564
3240,298,135,110,53,36.9128,17.7852
3241,297,132,115,50,38.7205,16.8350
3242,297,128,118,51,39.7306,17.1717
3243,298,126,121,51,40.6040,17.1141
3244,300,120,128,52,42.6667,17.3333
3245,295,116,126,53,42.7119,17.9661
3246,295,117,122,56,41.3559,18.9831
3247,293,116,120,57,40.9556,19.4539
3248,290,115,115,60,39.6552,20.6897
3249,291,115,116,60,39.8625,20.6186
3250,292,111,120,61,41.0959,20.8904
3251,287,109,118,60,41.1150,20.9059
3252,286,104,118,64,41.2587,22.3776
3253,283,101,116,66,40.9894,23.3216
3254,281,99,115,67,40.9253,23.8434
3255,281,97,117,67,41.6370,23.8434
3256,278,96,117,65,42.0863,23.3813
3257,275,93,115,67,41.8182,24.3636
3258,273,94,112,67,41.0256,24.5421
3259,272,92,111,69,40.8088,25.3676
3260,270,89,107,74,39.6296,27.4074
3261,268,84,108,76,40.2985,28.3582
3262,265,80,105,80,39.6226,30.1887
3263,264,81,102,81,38.6364,30.6818
3264,268,83,100,85,37.3134,31.7164
3265,262,80,96,86,36.6412,32.8244
3266,261,75,99,87,37.9310,33.3333
3267,263,74,99,90,37.6426,34.2205
3268,265,71,102,92,38.4906,34.7170
3269,266,72,101,93,37.9699,34.9624
3270,263,70,100,93,38.0228,35.3612
3271,262,66,100,96,38.1679,36.6412
3272,262,66,96,100,36.6412,38.1679
3273,258,66,90,102,34.8837,39.5349
3274,258,63,91,104,35.2713,40.3101
3275,257,61,91,105,35.4086,40.8560
3276,252,63,84,105,33.3333,41.6667
3277,250,63,80,107,32.0000,42.8000
3278,248,63,76,109,30.6452,43.9516
3279,247,64,72,111,29.1498,44.9393
3280,247,64,74,109,29.9595,44.1296
3281,245,64,70,111,28.5714,45.3061
3282,241,66,63,112,26.1411,46.4730
3283,241,65,61,115,25.3112,47.7178
3284,240,64,59,117,24.5833,48.7500
3285,239,66,56,117,23.4310,48.9540
3286,239,68,53,118,22.1757,49.3724
3287,240,71,50,119,20.8333,49.5833
3288,236,73,42,121,17.7966,51.2712
3289,236,76,40,120,16.9492,50.8475
3290,237,79,39,119,16.4557,50.2110
3291,233,80,34,119,14.5923,51.0730
3292,236,84,30,122,12.7119,51.6949
3293,238,86,29,123,12.1849,51.6807
3294,242,91,29,122,11.9835,50.4132
3295,244,98,26,120,10.6557,49.1803
3296,245,101,25,119,10.2041,48.5714
3297,245,103,23,119,9.3878,48.5714
3298,247,111,22,114,8.9069,46.1538
3299,248,114,22,112,8.8710,45.1613
3300,248,118,22,108,8.8710,43.5484
3301,247,120,19,108,7.6923,43.7247
3302,247,120,19,108,7.6923,43.7247
3303,249,122,19,108,7.6305,43.3735
3304,250,126,19,105,7.6000,42.0000
3305,253,132,19,102,7.5099,40.3162
3306,254,135,18,101,7.0866,39.7638
3307,254,135,18,101,7.0866,39.7638
3308,258,140,18,100,6.9767,38.7597
3309,261,145,19,97,7.2797,37.1648
3310,263,147,21,95,7.9848,36.1217
3311,264,151,21,92,7.9545,34.8485
3312,267,158,23,86,8.6142,32.2097
3313,269,158,27,84,10.0372,31.2268
3314,274,164,30,80,10.9489,29.1971
3315,276,168,31,77,11.2319,27.8986
3316,279,173,32,74,11.4695,26.5233
3317,280,174,33,73,11.7857,26.0714
3318,282,175,35,72,12.4113,25.5319
3319,284,179,36,69,12.6761,24.2958
3320,285,184,35,66,12.2807,23.1579
3321,287,182,39,66,13.5889,22.9965
3322,287,179,43,65,14.9826,22.6481
3323,285,177,46,62,16.1404,21.7544
3324,286,177,51,58,17.8322,20.2797
3325,292,186,47,59,16.0959,20.2055
3326,291,183,51,57,17.5258,19.5876
3327,294,183,53,58,18.0272,19.7279
3328,297,186,54,57,18.1818,19.1919
3329,299,190,55,54,18.3946,18.0602
3330,300,189,59,52,19.6667,17.3333
3331,299,186,63,50,21.0702,16.7224
3332,303,185,68,50,22.4422,16.5017
3333,300,183,69,48,23.0000,16.0000
3334,297,180,71,46,23.9057,15.4882
3335,297,176,76,45,25.5892,15.1515
3336,296,175,76,45,25.6757,15.2027
3337,296,173,81,42,27.3649,14.1892
3338,302,168,92,42,30.4636,13.9073
3339,301,161,99,41,32.8904,13.6213
3340,301,161,102,38,33.8870,12.6246
3341,301,155,107,39,35.5482,12.9568
3342,298,147,109,42,36.5772,14.0940
3343,298,146,110,42,36.9128,14.0940
3344,304,149,111,44,36.5132,14.4737
3345,303,147,111,45,36.6337,14.8515
3346,303,140,117,46,38.6139,15.1815
3347,299,135,119,45,39.7993,15.0502
3348,299,134,120,45,40.1338,15.0502
3349,302,132,124,46,41.0596,15.2318
3350,298,129,120,49,40.2685,16.4430
3351,300,127,124,49,41.3333,16.3333
3352,297,118,126,53,42.4242,17.8451
3353,296,113,129,54,43.5811,18.2432
3354,295,105,135,55,45.7627,18.6441
3355,291,102,131,58,45.0172,19.9313
3356,291,103,129,59,44.3299,20.2749
3357,289,97,130,62,44.9827,21.4533
3358,289,94,126,69,43.5986,23.8754
3359,290,96,120,74,41.3793,25.5172
3360,290,91,123,76,42.4138,26.2069
3361,290,87,123,80,42.4138,27.5862
3362,288,81,120,87,41.6667,30.2083
3363,286,79,118,89,41.2587,31.1189
3364,282,76,115,91,40.7801,32.2695
3365,281,74,116,91,41.2811,32.3843
3366,277,71,114,92,41.1552,33.2130
3367,275,73,106,96,38.5455,34.9091
3368,273,71,106,96,38.8278,35.1648
3369,274,71,106,97,38.6861,35.4015
3370,275,72,103,100,37.4545,36.3636
3371,275,69,102,104,37.0909,37.8182
3372,271,65,97,109,35.7934,40.2214
3373,270,68,91,111,33.7037,41.1111
3374,264,66,84,114,31.8182,43.1818
3375,261,62,83,116,31.8008,44.4444
3376,261,62,79,120,30.2682,45.9770
3377,262,66,76,120,29.0076,45.8015
3378,262,67,71,124,27.0992,47.3282
3379,266,72,67,127,25.1880,47.7444
3380,265,71,65,129,24.5283,48.6792
3381,262,71,61,130,23.2824,49.6183
3382,261,74,54,133,20.6897,50.9579
3383,264,79,51,134,19.3182,50.7576
3384,263,78,49,136,18.6312,51.7110
3385,264,77,52,135,19.6970,51.1364
3386,262,78,47,137,17.9389,52.2901
3387,262,79,48,135,18.3206,51.5267
3388,260,81,46,133,17.6923,51.1538
3389,259,79,45,135,17.3745,52.1236
3390,261,83,44,134,16.8582,51.3410
3391,260,86,41,133,15.7692,51.1538
3392,259,86,38,135,14.6718,52.1236
3393,258,88,34,136,13.1783,52.7132
3394,260,93,34,133,13.0769,51.1538
3395,258,92,34,132,13.1783,51.1628
3396,258,96,35,127,13.5659,49.2248
3397,261,99,34,128,13.0268,49.0421
3398,262,103,33,126,12.5954,48.0916
3399,265,106,32,127,12.0755,47.9245
3400,268,111,30,127,11.1940,47.3881
3401,272,116,29,127,10.6618,46.6912
3402,274,120,29,125,10.5839,45.6204
3403,277,124,29,124,10.4693,44.7653
3404,279,129,30,120,10.7527,43.0108
3405,281,133,28,120,9.9644,42.7046
3406,283,135,30,118,10.6007,41.6961
3407,283,137,32,114,11.3074,40.2827
3408,284,139,31,114,10.9155,40.1408
3409,291,143,36,112,12.3711,38.4880
3410,293,151,38,104,12.9693,35.4949
3411,294,155,40,99,13.6054,33.6735
3412,295,158,40,97,13.5593,32.8814
3413,296,159,44,93,14.8649,31.4189
3414,298,163,49,86,16.4430,28.8591
3415,300,166,49,85,16.3333,28.3333
3416,300,163,53,84,17.6667,28.0000
3417,298,160,52,86,17.4497,28.8591
3418,300,161,54,85,18.0000,28.3333
3419,300,160,59,81,19.6667,27.0000
3420,300,158,62,80,20.6667,26.6667
3421,298,155,64,79,21.4765,26.5101
3422,300,155,69,76,23.0000,25.3333
3423,299,155,72,72,24.0803,24.0803
3424,297,156,72,69,24.2424,23.2323
3425,298,160,72,66,24.1611,22.1477
3426,297,156,76,65,25.5892,21.8855
3427,301,160,78,63,25.9136,20.9302
3428,300,158,80,62,26.6667,20.6667
3429,298,152,85,61,28.5235,20.4698
3430,295,153,84,58,28.4746,19.6610
3431,296,156,85,55,28.7162,18.5811
3432,298,152,93,53,31.2081,17.7852
3433,297,143,102,52,34.3434,17.5084
3434,294,142,103,49,35.0340,16.6667
3435,294,139,105,50,35.7143,17.0068
3436,294,137,107,50,36.3946,17.0068
3437,293,132,112,49,38.2253,16.7235
3438,293,128,113,52,38.5666,17.7474
3439,294,126,115,53,39.1156,18.0272
3440,294,123,116,55,39.4558,18.7075
3441,292,119,120,53,41.0959,18.1507
3442,295,118,123,54,41.6949,18.3051
3443,293,113,122,58,41.6382,19.7952
3444,293,109,128,56,43.6860,19.1126
3445,293,105,133,55,45.3925,18.7713
3446,292,102,133,57,45.5479,19.5205
3447,290,96,135,59,46.5517,20.3448
3448,289,91,138,60,47.7509,20.7612
3449,289,95,134,60,46.3668,20.7612
3450,285,91,130,64,45.6140,22.4561
3451,285,90,129,66,45.2632,23.1579
3452,287,88,131,68,45.6446,23.6934
3453,284,85,129,70,45.4225,24.6479
3454,282,84,124,74,43.9716,26.2411
3455,282,82,124,76,43.9716,26.9504
3456,280,77,124,79,44.2857,28.2143
3457,272,74,120,78,44.1176,28.6765
3458,271,71,118,82,43.5424,30.2583
3459,269,65,118,86,43.8662,31.9703
3460,267,67,116,84,43.4457,31.4607
3461,264,66,112,86,42.4242,32.5758
3462,264,67,108,89,40.9091,33.7121
3463,260,68,100,92,38.4615,35.3846
3464,257,65,97,95,37.7432,36.9650
3465,256,64,94,98,36.7188,38.2812
3466,253,64,86,103,33.9921,40.7115
3467,251,64,83,104,33.0677,41.4343
3468,250,65,80,105,32.0000,42.0000
3469,251,65,80,106,31.8725,42.2311
3470,250,67,76,107,30.4000,42.8000
3471,251,70,74,107,29.4821,42.6295
3472,252,70,73,109,28.9683,43.2540
3473,250,71,70,109,28.0000,43.6000
3474,250,72,61,117,24.4000,46.8000
3475,252,74,60,118,23.8095,46.8254
3476,250,75,55,120,22.0000,48.0000
3477,245,73,51,121,20.8163,49.3878
3478,243,75,45,123,18.5185,50.6173
3479,242,77,39,126,16.1157,52.0661
3480,246,84,38,124,15.4472,50.4065
3481,250,89,36,125,14.4000,50.0000
3482,250,89,36,125,14.4000,50.0000
3483,251,91,37,123,14.7410,49.0040
3484,255,93,38,124,14.9020,48.6275
3485,259,93,41,125,15.8301,48.2625
3486,264,99,39,126,14.7727,47.7273
3487,262,99,38,125,14.5038,47.7099
3488,263,101,37,125,14.0684,47.5285
3489,260,99,35,126,13.4615,48.4615
3490,259,104,33,122,12.7413,47.1042
3491,263,107,35,121,13.3080,46.0076
3492,265,109,35,121,13.2075,45.6604
3493,265,105,37,123,13.9623,46.4151
3494,267,110,36,121,13.4831,45.3184
3495,267,112,37,118,13.8577,44.1948
3496,266,110,37,119,13.9098,44.7368
3497,268,110,40,118,14.9254,44.0299
3498,267,110,41,116,15.3558,43.4457
3499,269,110,45,114,16.7286,42.3792
3500,270,110,47,113,17.4074,41.8519
3501,274,116,47,111,17.1533,40.5109
3502,275,118,50,107,18.1818,38.9091
3503,276,122,48,106,17.3913,38.4058
3504,275,127,45,103,16.3636,37.4545
3505,278,131,43,104,15.4676,37.4101
3506,277,130,47,100,16.9675,36.1011
3507,280,131,51,98,18.2143,35.0000
3508,280,133,52,95,18.5714,33.9286
3509,281,133,53,95,18.8612,33.8078
3510,283,133,57,93,20.1413,32.8622
3511,287,138,59,90,20.5575,31.3589
3512,288,135,63,90,21.8750,31.2500
3513,290,142,58,90,20.0000,31.0345
3514,292,146,58,88,19.8630,30.1370
3515,292,148,60,84,20.5479,28.7671
3516,293,149,60,84,20.4778,28.6689
3517,290,150,59,81,20.3448,27.9310
3518,289,154,58,77,20.0692,26.6436
3519,289,156,58,75,20.0692,25.9516
3520,289,157,57,75,19.7232,25.9516
3521,293,159,62,72,21.1604,24.5734
3522,289,154,65,70,22.4913,24.2215
3523,290,149,71,70,24.4828,24.1379
3524,292,149,75,68,25.6849,23.2877
3525,291,146,77,68,26.4605,23.3677
3526,290,143,84,63,28.9655,21.7241
3527,292,137,91,64,31.1644,21.9178
3528,295,137,94,64,31.8644,21.6949
3529,295,136,95,64,32.2034,21.6949
3530,293,137,94,62,32.0819,21.1604
3531,293,138,93,62,31.7406,21.1604
3532,294,137,93,64,31.6327,21.7687
3533,294,130,101,63,34.3537,21.4286
3534,300,134,104,62,34.6667,20.6667
3535,298,127,109,62,36.5772,20.8054
3536,297,121,114,62,38.3838,20.8754
3537,296,114,121,61,40.8784,20.6081
3538,298,108,129,61,43.2886,20.4698
3539,300,103,137,60,45.6667,20.0000
3540,298,98,140,60,46.9799,20.1342
3541,298,93,142,63,47.6510,21.1409
3542,297,91,143,63,48.1481,21.2121
3543,295,87,141,67,47.7966,22.7119
3544,294,83,143,68,48.6395,23.1293
3545,292,78,146,68,50.0000,23.2877
3546,290,76,140,74,48.2759,25.5172
3547,284,75,132,77,46.4789,27.1127
3548,281,74,127,80,45.1957,28.4698
3549,282,70,127,85,45.0355,30.1418
3550,279,71,122,86,43.7276,30.8244
3551,277,71,119,87,42.9603,31.4079
3552,277,65,122,90,44.0433,32.4910
3553,273,63,118,92,43.2234,33.6996
3554,270,63,113,94,41.8519,34.8148
3555,273,65,116,92,42.4908,33.6996
3556,271,66,110,95,40.5904,35.0554
3557,267,69,103,95,38.5768,35.5805
3558,264,67,98,99,37.1212,37.5000
3559,260,67,90,103,34.6154,39.6154
3560,260,69,85,106,32.6923,40.7692
3561,257,71,79,107,30.7393,41.6342
3562,251,72,73,106,29.0837,42.2311
3563,249,72,69,108,27.7108,43.3735
3564,246,70,63,113,25.6098,45.9350
3565,246,75,58,113,23.5772,45.9350
3566,244,73,55,116,22.5410,47.5410
3567,246,75,55,116,22.3577,47.1545
3568,243,77,53,113,21.8107,46.5021
3569,244,77,54,113,22.1311,46.3115
3570,244,79,52,113,21.3115,46.3115
3571,244,79,52,113,21.3115,46.3115
3572,246,84,45,117,18.2927,47.5610
3573,247,85,43,119,17.4089,48.1781
3574,248,83,45,120,18.1452,48.3871
3575,247,83,43,121,17.4089,48.9879
3576,247,84,39,124,15.7895,50.2024
3577,249,87,36,126,14.4578,50.6024
3578,248,90,35,123,14.1129,49.5968
3579,248,93,33,122,13.3065,49.1935
3580,252,99,34,119,13.4921,47.2222
3581,255,103,33,119,12.9412,46.6667
3582,256,105,34,117,13.2812,45.7031
3583,259,110,34,115,13.1274,44.4015
3584,263,117,34,112,12.9278,42.5856
3585,264,121,31,112,11.7424,42.4242
3586,261,122,26,113,9.9617,43.2950
3587,263,122,28,113,10.6464,42.9658
3588,263,123,27,113,10.2662,42.9658
3589,265,123,29,113,10.9434,42.6415
3590,268,126,29,113,10.8209,42.1642
3591,269,124,31,114,11.5242,42.3792
3592,270,126,32,112,11.8519,41.4815
3593,270,129,33,108,12.2222,40.0000
3594,271,131,32,108,11.8081,39.8524
3595,270,138,28,104,10.3704,38.5185
3596,276,142,33,101,11.9565,36.5942
3597,277,144,34,99,12.2744,35.7401
3598,281,149,38,94,13.5231,33.4520
3599,282,152,39,91,13.8298,32.2695
3600,284,156,40,88,14.0845,30.9859
3601,286,160,42,84,14.6853,29.3706
3602,285,161,42,82,14.7368,28.7719
3603,285,160,42,83,14.7368,29.1228
3604,289,165,42,82,14.5329,28.3737
3605,290,166,45,79,15.5172,27.2414
3606,293,168,48,77,16.3823,26.2799
3607,295,169,49,77,16.6102,26.1017
3608,296,173,50,73,16.8919,24.6622
3609,295,174,51,70,17.2881,23.7288
3610,297,177,54,66,18.1818,22.2222
3611,298,176,58,64,19.4631,21.4765
3612,300,174,64,62,21.3333,20.6667
3613,300,172,67,61,22.3333,20.3333
3614,300,164,75,61,25.0000,20.3333
3615,300,159,82,59,27.3333,19.6667
3616,299,160,83,56,27.7592,18.7291
3617,299,156,88,55,29.4314,18.3946
3618,302,155,96,51,31.7881,16.8874
3619,300,148,96,56,32.0000,18.6667
3620,300,142,101,57,33.6667,19.0000
3621,300,135,106,59,35.3333,19.6667
3622,299,131,109,59,36.4548,19.7324
3623,300,128,112,60,37.3333,20.0000
3624,299,125,119,55,39.7993,18.3946
3625,298,123,121,54,40.6040,18.1208
3626,299,117,129,53,43.1438,17.7258
3627,298,113,132,53,44.2953,17.7852
3628,298,112,134,52,44.9664,17.4497
3629,293,112,131,50,44.7099,17.0648
3630,295,109,133,53,45.0847,17.9661
3631,294,104,135,55,45.9184,18.7075
3632,290,102,133,55,45.8621,18.9655
3633,288,97,136,55,47.2222,19.0972
3634,283,94,130,59,45.9364,20.8481
3635,280,90,130,60,46.4286,21.4286
3636,278,86,130,62,46.7626,22.3022
3637,277,85,127,65,45.8484,23.4657
3638,274,85,123,66,44.8905,24.0876
3639,271,86,115,70,42.4354,25.8303
3640,269,84,113,72,42.0074,26.7658
3641,265,82,109,74,41.1321,27.9245
3642,265,84,105,76,39.6226,28.6792
3643,263,85,102,76,38.7833,28.8973
3644,261,77,103,81,39.4636,31.0345
3645,262,77,98,87,37.4046,33.2061
3646,259,77,94,88,36.2934,33.9768
3647,256,77,88,91,34.3750,35.5469
3648,256,75,89,92,34.7656,35.9375
3649,256,75,87,94,33.9844,36.7188
3650,255,74,86,95,33.7255,37.2549
3651,253,72,77,104,30.4348,41.1067
3652,252,73,76,103,30.1587,40.8730
3653,249,74,72,103,28.9157,41.3655
3654,247,73,69,105,27.9352,42.5101
3655,245,72,67,106,27.3469,43.2653
3656,243,73,63,107,25.9259,44.0329
3657,242,73,61,108,25.2066,44.6281
3658,239,70,58,111,24.2678,46.4435
3659,239,70,58,111,24.2678,46.4435
3660,239,67,60,112,25.1046,46.8619
3661,239,67,60,112,25.1046,46.8619
3662,240,69,60,111,25.0000,46.2500
3663,239,69,61,109,25.5230,45.6067
3664,238,71,56,111,23.5294,46.6387
3665,237,69,54,114,22.7848,48.1013
3666,239,72,53,114,22.1757,47.6987
3667,241,74,53,114,21.9917,47.3029
3668,242,77,53,112,21.9008,46.2810
3669,239,80,47,112,19.6653,46.8619
3670,238,79,45,114,18.9076,47.8992
3671,240,85,46,109,19.1667,45.4167
3672,239,84,45,110,18.8285,46.0251
3673,239,84,47,108,19.6653,45.1883
3674,239,83,48,108,20.0837,45.1883
3675,240,87,44,109,18.3333,45.4167
3676,241,88,43,110,17.8423,45.6432
3677,243,90,44,109,18.1070,44.8560
3678,244,91,44,109,18.0328,44.6721
3679,249,94,44,111,17.6707,44.5783
3680,247,93,45,109,18.2186,44.1296
3681,250,98,43,109,17.2000,43.6000
3682,252,105,40,107,15.8730,42.4603
3683,250,104,41,105,16.4000,42.0000
3684,254,107,41,106,16.1417,41.7323
3685,255,106,41,108,16.0784,42.3529
3686,256,111,41,104,16.0156,40.6250
3687,259,117,40,102,15.4440,39.3822
3688,260,117,41,102,15.7692,39.2308
3689,261,122,42,97,16.0920,37.1648
3690,261,122,44,95,16.8582,36.3985
3691,264,127,44,93,16.6667,35.2273
3692,265,130,45,90,16.9811,33.9623
3693,263,132,40,91,15.2091,34.6008
3694,263,136,39,88,14.8289,33.4601
3695,264,138,38,88,14.3939,33.3333
3696,265,143,39,83,14.7170,31.3208
3697,268,152,39,77,14.5522,28.7313
3698,271,157,37,77,13.6531,28.4133
3699,269,156,38,75,14.1264,27.8810
3700,272,156,39,77,14.3382,28.3088
3701,273,158,39,76,14.2857,27.8388
3702,275,160,41,74,14.9091,26.9091
3703,276,171,41,64,14.8551,23.1884
3704,278,170,43,65,15.4676,23.3813
3705,280,173,40,67,14.2857,23.9286
3706,282,174,40,68,14.1844,24.1135
3707,284,174,45,65,15.8451,22.8873
3708,286,176,45,65,15.7343,22.7273
3709,287,178,45,64,15.6794,22.2997
3710,293,180,49,64,16.7235,21.8430
3711,294,179,49,66,16.6667,22.4490
3712,297,173,59,65,19.8653,21.8855
3713,300,172,64,64,21.3333,21.3333
3714,299,164,71,64,23.7458,21.4047
3715,301,160,76,65,25.2492,21.5947
3716,301,159,80,62,26.5781,20.5980
3717,301,158,84,59,27.9070,19.6013
3718,300,150,91,59,30.3333,19.6667
3719,298,145,94,59,31.5436,19.7987
3720,299,144,95,60,31.7726,20.0669
3721,298,141,99,58,33.2215,19.4631
3722,300,140,103,57,34.3333,19.0000
3723,299,133,108,58,36.1204,19.3980
3724,300,128,116,56,38.6667,18.6667
3725,299,124,117,58,39.1304,19.3980
3726,297,119,121,57,40.7407,19.1919
3727,300,117,126,57,42.0000,19.0000
3728,297,113,125,59,42.0875,19.8653
3729,295,101,135,59,45.7627,20.0000
3730,294,96,137,61,46.5986,20.7483
3731,290,91,139,60,47.9310,20.6897
3732,288,85,138,65,47.9167,22.5694
3733,286,79,142,65,49.6503,22.7273
3734,282,76,139,67,49.2908,23.7589
3735,283,78,135,70,47.7032,24.7350
3736,282,77,136,69,48.2270,24.4681
3737,281,78,135,68,48.0427,24.1993
3738,278,77,130,71,46.7626,25.5396
3739,275,74,126,75,45.8182,27.2727
3740,274,68,130,76,47.4453,27.7372
3741,270,65,127,78,47.0370,28.8889
3742,269,58,127,84,47.2119,31.2268
3743,266,53,127,86,47.7444,32.3308
3744,266,49,124,93,46.6165,34.9624
3745,264,54,117,93,44.3182,35.2273
3746,264,55,115,94,43.5606,35.6061
3747,264,54,109,101,41.2879,38.2576
3748,265,56,108,101,40.7547,38.1132
3749,257,57,93,107,36.1868,41.6342
3750,255,56,90,109,35.2941,42.7451
3751,253,54,89,110,35.1779,43.4783
3752,252,58,84,110,33.3333,43.6508
3753,250,62,76,112,30.4000,44.8000
3754,245,61,69,115,28.1633,46.9388
3755,245,59,70,116,28.5714,47.3469
3756,242,58,65,119,26.8595,49.1736
3757,243,60,64,119,26.3374,48.9712
3758,243,63,62,118,25.5144,48.5597
3759,244,64,61,119,25.0000,48.7705
3760,244,67,59,118,24.1803,48.3607
3761,241,68,51,122,21.1618,50.6224
3762,241,70,49,122,20.3320,50.6224
3763,236,71,41,124,17.3729,52.5424
3764,236,75,36,125,15.2542,52.9661
3765,237,76,36,125,15.1899,52.7426
3766,239,77,36,126,15.0628,52.7197
3767,239,79,34,126,14.2259,52.7197
3768,240,79,33,128,13.7500,53.3333
3769,240,77,36,127,15.0000,52.9167
3770,240,78,35,127,14.5833,52.9167
3771,240,80,33,127,13.7500,52.9167
3772,240,83,31,126,12.9167,52.5000
3773,240,85,29,126,12.0833,52.5000
3774,244,89,28,127,11.4754,52.0492
3775,245,92,25,128,10.2041,52.2449
3776,247,95,23,129,9.3117,52.2267
3777,250,98,24,128,9.6000,51.2000
3778,250,99,22,129,8.8000,51.6000
3779,253,102,23,128,9.0909,50.5929
3780,256,110,21,125,8.2031,48.8281
3781,258,112,21,125,8.1395,48.4496
3782,262,117,22,123,8.3969,46.9466
3783,263,118,22,123,8.3650,46.7681
3784,264,122,23,119,8.7121,45.0758
3785,264,123,22,119,8.3333,45.0758
3786,265,126,22,117,8.3019,44.1509
3787,267,130,24,113,8.9888,42.3221
3788,269,131,25,113,9.2937,42.0074
3789,271,132,26,113,9.5941,41.6974
3790,271,134,24,113,8.8561,41.6974
3791,272,138,25,109,9.1912,40.0735
3792,273,140,26,107,9.5238,39.1941
3793,277,145,27,105,9.7473,37.9061
3794,281,155,27,99,9.6085,35.2313
3795,283,157,31,95,10.9541,33.5689
3796,287,165,34,88,11.8467,30.6620
3797,289,169,35,85,12.1107,29.4118
3798,293,171,37,85,12.6280,29.0102
3799,294,179,38,77,12.9252,26.1905
3800,297,177,43,77,14.4781,25.9259
3801,300,184,44,72,14.6667,24.0000
3802,300,187,45,68,15.0000,22.6667
3803,297,186,45,66,15.1515,22.2222
3804,298,184,49,65,16.4430,21.8121
3805,300,182,56,62,18.6667,20.6667
3806,299,178,62,59,20.7358,19.7324
3807,302,181,62,59,20.5298,19.5364
3808,301,178,67,56,22.2591,18.6047
3809,299,175,70,54,23.4114,18.0602
3810,302,179,70,53,23.1788,17.5497
3811,301,172,77,52,25.5814,17.2757
3812,301,169,80,52,26.5781,17.2757
3813,300,167,84,49,28.0000,16.3333
3814,300,163,91,46,30.3333,15.3333
3815,299,160,94,45,31.4381,15.0502
3816,301,151,103,47,34.2193,15.6146
3817,297,145,106,46,35.6902,15.4882
3818,298,142,111,45,37.2483,15.1007
3819,298,134,119,45,39.9329,15.1007
3820,296,127,124,45,41.8919,15.2027
3821,297,128,124,45,41.7508,15.1515
3822,296,120,130,46,43.9189,15.5405
3823,297,116,135,46,45.4545,15.4882
3824,294,115,134,45,45.5782,15.3061
3825,292,110,134,48,45.8904,16.4384
3826,289,112,129,48,44.6367,16.6090
3827,293,116,128,49,43.6860,16.7235
3828,292,114,128,50,43.8356,17.1233
3829,289,106,131,52,45.3287,17.9931
3830,291,102,134,55,46.0481,18.9003
3831,291,100,135,56,46.3918,19.2440
3832,289,97,135,57,46.7128,19.7232
3833,287,93,135,59,47.0383,20.5575
3834,286,88,137,61,47.9021,21.3287
3835,281,78,141,62,50.1779,22.0641
3836,278,73,137,68,49.2806,24.4604
3837,279,71,138,70,49.4624,25.0896
3838,274,71,133,70,48.5401,25.5474
3839,270,71,125,74,46.2963,27.4074
3840,269,75,117,77,43.4944,28.6245
3841,270,77,115,78,42.5926,28.8889
3842,265,81,108,76,40.7547,28.6792
3843,265,79,106,80,40.0000,30.1887
3844,263,81,101,81,38.4030,30.7985
3845,262,78,100,84,38.1679,32.0611
3846,263,77,99,87,37.6426,33.0798
3847,262,74,100,88,38.1679,33.5878
3848,262,75,96,91,36.6412,34.7328
3849,261,76,92,93,35.2490,35.6322
3850,260,76,86,98,33.0769,37.6923
3851,255,73,79,103,30.9804,40.3922
3852,254,73,76,105,29.9213,41.3386
3853,252,75,70,107,27.7778,42.4603
3854,252,74,69,109,27.3810,43.2540
3855,248,76,57,115,22.9839,46.3710
3856,248,82,48,118,19.3548,47.5806
3857,248,81,44,123,17.7419,49.5968
3858,246,80,42,124,17.0732,50.4065
3859,248,82,41,125,16.5323,50.4032
3860,249,84,39,126,15.6627,50.6024
3861,248,84,38,126,15.3226,50.8065
3862,248,86,33,129,13.3065,52.0161
3863,247,86,31,130,12.5506,52.6316
3864,249,89,30,130,12.0482,52.2088
3865,249,90,27,132,10.8434,53.0120
3866,250,91,26,133,10.4000,53.2000
3867,251,95,24,132,9.5618,52.5896
3868,253,101,23,129,9.0909,50.9881
3869,256,102,25,129,9.7656,50.3906
3870,258,104,23,131,8.9147,50.7752
3871,258,107,21,130,8.1395,50.3876
3872,257,110,19,128,7.3930,49.8054
3873,258,111,19,128,7.3643,49.6124
3874,257,113,18,126,7.0039,49.0272
3875,259,117,16,126,6.1776,48.6486
3876,260,118,16,126,6.1538,48.4615
3877,264,126,15,123,5.6818,46.5909
3878,266,129,14,123,5.2632,46.2406
3879,270,136,12,122,4.4444,45.1852
3880,273,140,13,120,4.7619,43.9560
3881,275,143,14,118,5.0909,42.9091
3882,280,150,16,114,5.7143,40.7143
3883,283,154,17,112,6.0071,39.5760
3884,284,156,18,110,6.3380,38.7324
3885,284,159,17,108,5.9859,38.0282
3886,285,162,16,107,5.6140,37.5439
3887,287,167,15,105,5.2265,36.5854
3888,289,176,15,98,5.1903,33.9100
3889,288,178,15,95,5.2083,32.9861
3890,292,182,15,95,5.1370,32.5342
3891,295,189,15,91,5.0847,30.8475
3892,302,198,17,87,5.6291,28.8079
3893,302,198,20,84,6.6225,27.8146
3894,302,198,20,84,6.6225,27.8146
3895,301,198,23,80,7.6412,26.5781
3896,301,199,24,78,7.9734,25.9136
3897,301,198,28,75,9.3023,24.9169
3898,300,198,30,72,10.0000,24.0000
3899,300,199,29,72,9.6667,24.0000
3900,300,201,29,70,9.6667,23.3333
3901,300,202,30,68,10.0000,22.6667
3902,299,207,29,63,9.6990,21.0702
3903,302,214,29,59,9.6026,19.5364
3904,301,214,29,58,9.6346,19.2691
3905,301,214,32,55,10.6312,18.2724
3906,301,211,36,54,11.9601,17.9402
3907,301,213,40,48,13.2890,15.9468
3908,301,211,47,43,15.6146,14.2857
3909,301,211,52,38,17.2757,12.6246
3910,299,207,54,38,18.0602,12.7090
3911,304,209,59,36,19.4079,11.8421
3912,303,208,61,34,20.1320,11.2211
3913,301,202,66,33,21.9269,10.9635
3914,301,203,67,31,22.2591,10.2990
3915,301,198,69,34,22.9236,11.2957
3916,301,196,72,33,23.9203,10.9635
3917,300,192,77,31,25.6667,10.3333
3918,300,185,82,33,27.3333,11.0000
3919,299,175,91,33,30.4348,11.0368
3920,300,167,100,33,33.3333,11.0000
3921,300,158,108,34,36.0000,11.3333
3922,300,153,113,34,37.6667,11.3333
3923,299,147,117,35,39.1304,11.7057
3924,300,142,123,35,41.0000,11.6667
3925,297,132,129,36,43.4343,12.1212
3926,297,123,136,38,45.7912,12.7946
3927,296,115,143,38,48.3108,12.8378
3928,292,107,144,41,49.3151,14.0411
3929,289,104,142,43,49.1349,14.8789
3930,289,102,145,42,50.1730,14.5329
3931,287,102,142,43,49.4774,14.9826
3932,287,102,142,43,49.4774,14.9826
3933,284,99,141,44,49.6479,15.4930
3934,286,96,142,48,49.6503,16.7832
3935,286,91,145,50,50.6993,17.4825
3936,282,91,140,51,49.6454,18.0851
3937,283,91,139,53,49.1166,18.7279
3938,280,84,139,57,49.6429,20.3571
3939,277,78,138,61,49.8195,22.0217
3940,274,75,132,67,48.1752,24.4526
3941,270,72,129,69,47.7778,25.5556
3942,263,72,122,69,46.3878,26.2357
3943,263,73,118,72,44.8669,27.3764
3944,261,70,116,75,44.4444,28.7356
3945,260,69,113,78,43.4615,30.0000
3946,255,68,103,84,40.3922,32.9412
3947,251,68,93,90,37.0518,35.8566
3948,251,70,86,95,34.2629,37.8486
3949,248,65,84,99,33.8710,39.9194
3950,246,65,81,100,32.9268,40.6504
3951,243,63,79,101,32.5103,41.5638
3952,242,62,77,103,31.8182,42.5620
3953,244,65,76,103,31.1475,42.2131
3954,244,64,74,106,30.3279,43.4426
3955,238,67,63,108,26.4706,45.3782
3956,240,69,64,107,26.6667,44.5833
3957,238,69,61,108,25.6303,45.3782
3958,235,69,58,108,24.6809,45.9574
3959,234,71,51,112,21.7949,47.8632
3960,228,70,45,113,19.7368,49.5614
3961,224,69,41,114,18.3036,50.8929
3962,223,68,40,115,17.9372,51.5695
3963,225,70,39,116,17.3333,51.5556
3964,226,70,38,118,16.8142,52.2124
3965,226,71,34,121,15.0442,53.5398
3966,228,75,34,119,14.9123,52.1930
3967,227,79,32,116,14.0969,51.1013
3968,227,79,33,115,14.5374,50.6608
3969,227,81,31,115,13.6564,50.6608
3970,227,84,30,113,13.2159,49.7797
3971,230,89,30,111,13.0435,48.2609
3972,229,89,27,113,11.7904,49.3450
3973,231,93,26,112,11.2554,48.4848
3974,233,96,25,112,10.7296,48.0687
3975,234,98,25,111,10.6838,47.4359
3976,237,101,24,112,10.1266,47.2574
3977,239,104,22,113,9.2050,47.2803
3978,240,108,20,112,8.3333,46.6667
3979,240,108,21,111,8.7500,46.2500
3980,242,116,18,108,7.4380,44.6281
3981,245,118,21,106,8.5714,43.2653
3982,245,118,21,106,8.5714,43.2653
3983,245,119,23,103,9.3878,42.0408
3984,245,118,23,104,9.3878,42.4490
3985,246,120,23,103,9.3496,41.8699
3986,248,126,22,100,8.8710,40.3226
3987,250,128,24,98,9.6000,39.2000
3988,252,130,24,98,9.5238,38.8889
3989,253,132,25,96,9.8814,37.9447
3990,256,138,26,92,10.1562,35.9375
3991,256,143,26,87,10.1562,33.9844
3992,257,148,28,81,10.8949,31.5175
3993,259,153,27,79,10.4247,30.5019
3994,260,155,27,78,10.3846,30.0000
3995,260,159,26,75,10.0000,28.8462
3996,263,164,27,72,10.2662,27.3764
3997,266,168,29,69,10.9023,25.9398
3998,266,172,32,62,12.0301,23.3083
3999,267,178,33,56,12.3596,20.9738
4000,268,183,34,51,12.6866,19.0299
4001,270,184,37,49,13.7037,18.1481
4002,270,183,39,48,14.4444,17.7778
4003,268,183,38,47,14.1791,17.5373
4004,272,186,41,45,15.0735,16.5441
4005,272,182,45,45,16.5441,16.5441
4006,276,183,50,43,18.1159,15.5797
4007,276,182,54,40,19.5652,14.4928
4008,275,178,55,42,20.0000,15.2727
4009,274,172,61,41,22.2628,14.9635
4010,274,167,66,41,24.0876,14.9635
4011,276,169,69,38,25.0000,13.7681
4012,278,168,71,39,25.5396,14.0288
4013,280,162,79,39,28.2143,13.9286
4014,283,163,83,37,29.3286,13.0742
4015,283,156,91,36,32.1555,12.7208
4016,284,156,94,34,33.0986,11.9718
4017,286,158,97,31,33.9161,10.8392
4018,285,151,103,31,36.1404,10.8772
4019,284,147,105,32,36.9718,11.2676
4020,284,143,109,32,38.3803,11.2676
4021,283,139,110,34,38.8693,12.0141
4022,284,135,115,34,40.4930,11.9718
4023,283,124,120,39,42.4028,13.7809
4024,283,119,124,40,43.8163,14.1343
4025,283,111,130,42,45.9364,14.8410
4026,282,111,128,43,45.3901,15.2482
4027,280,103,131,46,46.7857,16.4286
4028,280,102,132,46,47.1429,16.4286
4029,275,99,130,46,47.2727,16.7273
4030,271,96,127,48,46.8635,17.7122
4031,275,98,125,52,45.4545,18.9091
4032,276,94,128,54,46.3768,19.5652
4033,273,93,122,58,44.6886,21.2454
4034,273,93,119,61,43.5897,22.3443
4035,271,85,121,65,44.6494,23.9852
4036,268,82,121,65,45.1493,24.2537
4037,264,75,124,65,46.9697,24.6212
4038,264,73,125,66,47.3485,25.0000
4039,264,70,123,71,46.5909,26.8939
4040,262,67,123,72,46.9466,27.4809
4041,258,64,119,75,46.1240,29.0698
4042,256,64,118,74,46.0938,28.9062
4043,250,61,110,79,44.0000,31.6000
4044,249,58,109,82,43.7751,32.9317
4045,242,57,99,86,40.9091,35.5372
4046,241,51,99,91,41.0788,37.7593
4047,242,50,95,97,39.2562,40.0826
4048,240,50,91,99,37.9167,41.2500
4049,239,51,87,101,36.4017,42.2594
4050,237,52,83,102,35.0211,43.0380
4051,237,53,81,103,34.1772,43.4599
4052,237,53,79,105,33.3333,44.3038
4053,234,54,76,104,32.4786,44.4444
4054,233,52,77,104,33.0472,44.6352
4055,227,51,71,105,31.2775,46.2555
4056,226,53,68,105,30.0885,46.4602
4057,224,54,63,107,28.1250,47.7679
4058,220,59,53,108,24.0909,49.0909
4059,219,57,51,111,23.2877,50.6849
4060,222,62,51,109,22.9730,49.0991
4061,220,64,44,112,20.0000,50.9091
4062,221,67,41,113,18.5520,51.1312
4063,222,70,40,112,18.0180,50.4505
4064,222,70,40,112,18.0180,50.4505
4065,220,73,34,113,15.4545,51.3636
4066,224,77,32,115,14.2857,51.3393
4067,221,79,24,118,10.8597,53.3937
4068,223,80,25,118,11.2108,52.9148
4069,226,81,27,118,11.9469,52.2124
4070,228,83,27,118,11.8421,51.7544
4071,229,87,26,116,11.3537,50.6550
4072,228,87,24,117,10.5263,51.3158
4073,228,91,22,115,9.6491,50.4386
4074,227,91,21,115,9.2511,50.6608
4075,229,98,17,114,7.4236,49.7817
4076,233,105,17,111,7.2961,47.6395
4077,233,108,15,110,6.4378,47.2103
4078,233,111,15,107,6.4378,45.9227
4079,236,117,15,104,6.3559,44.0678
4080,236,119,14,103,5.9322,43.6441
4081,236,120,14,102,5.9322,43.2203
4082,238,125,14,99,5.8824,41.5966
4083,239,131,13,95,5.4393,39.7490
4084,243,137,12,94,4.9383,38.6831
4085,244,143,11,90,4.5082,36.8852
4086,244,144,14,86,5.7377,35.2459
4087,245,150,13,82,5.3061,33.4694
4088,246,152,13,81,5.2846,32.9268
4089,248,155,13,80,5.2419,32.2581
4090,246,156,12,78,4.8780,31.7073
4091,246,160,13,73,5.2846,29.6748
4092,250,165,14,71,5.6000,28.4000
4093,250,167,14,69,5.6000,27.6000
4094,252,169,13,70,5.1587,27.7778
4095,253,173,15,65,5.9289,25.6917
4096,254,177,15,62,5.9055,24.4094
4097,257,183,16,58,6.2257,22.5681
4098,257,188,16,53,6.2257,20.6226
4099,259,197,15,47,5.7915,18.1467
4100,259,199,15,45,5.7915,17.3745
4101,261,203,13,45,4.9808,17.2414
4102,263,204,15,44,5.7034,16.7300
4103,264,203,18,43,6.8182,16.2879
4104,266,205,20,41,7.5188,15.4135
4105,266,206,20,40,7.5188,15.0376
4106,269,208,21,40,7.8067,14.8699
4107,274,215,19,40,6.9343,14.5985
4108,275,216,20,39,7.2727,14.1818
4109,279,220,22,37,7.8853,13.2616
4110,282,223,24,35,8.5106,12.4113
4111,285,227,26,32,9.1228,11.2281
4112,288,230,25,33,8.6806,11.4583
4113,291,230,31,30,10.6529,10.3093
4114,293,231,33,29,11.2628,9.8976
4115,296,233,33,30,11.1486,10.1351
4116,299,232,37,30,12.3746,10.0334
4117,301,232,41,28,13.6213,9.3023
4118,300,230,44,26,14.6667,8.6667
4119,300,227,50,23,16.6667,7.6667
4120,300,220,57,23,19.0000,7.6667
4121,300,217,60,23,20.0000,7.6667
4122,300,214,62,24,20.6667,8.0000
4123,299,212,60,27,20.0669,9.0301
4124,302,213,62,27,20.5298,8.9404
4125,302,207,68,27,22.5166,8.9404
4126,301,202,73,26,24.2525,8.6379
4127,301,202,77,22,25.5814,7.3090
4128,301,196,82,23,27.2425,7.6412
4129,299,192,85,22,28.4281,7.3579
4130,297,184,91,22,30.6397,7.4074
4131,296,173,101,22,34.1216,7.4324
4132,296,171,103,22,34.7973,7.4324
4133,295,166,108,21,36.6102,7.1186
4134,293,159,112,22,38.2253,7.5085
4135,295,153,119,23,40.3390,7.7966
4136,296,152,121,23,40.8784,7.7703
4137,297,152,118,27,39.7306,9.0909
4138,300,143,128,29,42.6667,9.6667
4139,297,128,140,29,47.1380,9.7643
4140,292,122,139,31,47.6027,10.6164
4141,294,119,140,35,47.6190,11.9048
4142,292,108,146,38,50.0000,13.0137
4143,292,101,153,38,52.3973,13.0137
4144,290,100,152,38,52.4138,13.1034
4145,288,89,160,39,55.5556,13.5417
4146,286,85,160,41,55.9441,14.3357
4147,284,78,162,44,57.0423,15.4930
4148,283,73,162,48,57.2438,16.9611
4149,284,70,161,53,56.6901,18.6620
4150,282,69,156,57,55.3191,20.2128
4151,282,62,154,66,54.6099,23.4043
4152,280,62,147,71,52.5000,25.3571
4153,279,59,148,72,53.0466,25.8065
4154,275,57,143,75,52.0000,27.2727
4155,267,55,135,77,50.5618,28.8390
4156,267,52,134,81,50.1873,30.3371
4157,266,54,129,83,48.4962,31.2030
4158,264,52,125,87,47.3485,32.9545
4159,258,51,115,92,44.5736,35.6589
4160,255,51,104,100,40.7843,39.2157
4161,252,51,98,103,38.8889,40.8730
4162,249,51,92,106,36.9478,42.5703
4163,248,51,86,111,34.6774,44.7581
4164,247,52,83,112,33.6032,45.3441
4165,244,51,76,117,31.1475,47.9508
4166,245,55,69,121,28.1633,49.3878
4167,242,57,61,124,25.2066,51.2397
4168,241,61,56,124,23.2365,51.4523
4169,240,60,54,126,22.5000,52.5000
4170,239,60,49,130,20.5021,54.3933
4171,241,62,46,133,19.0871,55.1867
4172,237,62,41,134,17.2996,56.5401
4173,238,63,41,134,17.2269,56.3025
4174,236,65,35,136,14.8305,57.6271
4175,236,69,33,134,13.9831,56.7797
4176,237,72,30,135,12.6582,56.9620
4177,240,75,29,136,12.0833,56.6667
4178,243,78,27,138,11.1111,56.7901
4179,244,79,27,138,11.0656,56.5574
4180,247,83,23,141,9.3117,57.0850
4181,245,82,22,141,8.9796,57.5510
4182,248,85,21,142,8.4677,57.2581
4183,249,86,21,142,8.4337,57.0281
4184,253,90,21,142,8.3004,56.1265
4185,256,94,20,142,7.8125,55.4688
4186,258,97,20,141,7.7519,54.6512
4187,261,101,20,140,7.6628,53.6398
4188,264,104,21,139,7.9545,52.6515
4189,266,111,20,135,7.5188,50.7519
4190,268,116,18,134,6.7164,50.0000
4191,268,115,19,134,7.0896,50.0000
4192,272,120,19,133,6.9853,48.8971
4193,275,128,17,130,6.1818,47.2727
4194,277,131,19,127,6.8592,45.8484
4195,285,138,19,128,6.6667,44.9123
4196,286,139,18,129,6.2937,45.1049
4197,285,140,18,127,6.3158,44.5614
4198,288,144,20,124,6.9444,43.0556
4199,292,150,20,122,6.8493,41.7808
4200,291,153,20,118,6.8729,40.5498
4201,292,159,20,113,6.8493,38.6986
4202,295,162,22,111,7.4576,37.6271
4203,298,170,26,102,8.7248,34.2282
4204,300,176,25,99,8.3333,33.0000
4205,300,173,31,96,10.3333,32.0000
4206,299,170,35,94,11.7057,31.4381
4207,302,174,36,92,11.9205,30.4636
4208,302,175,37,90,12.2517,29.8013
4209,302,173,41,88,13.5762,29.1391
4210,302,172,46,84,15.2318,27.8146
4211,301,174,50,77,16.6113,25.5814
4212,301,176,56,69,18.6047,22.9236
4213,301,173,62,66,20.5980,21.9269
4214,300,174,64,62,21.3333,20.6667
4215,300,167,75,58,25.0000,19.3333
4216,300,165,78,57,26.0000,19.0000
4217,300,165,82,53,27.3333,17.6667
4218,299,167,84,48,28.0936,16.0535
4219,299,161,94,44,31.4381,14.7157
4220,300,158,99,43,33.0000,14.3333
4221,300,155,103,42,34.3333,14.0000
4222,300,154,106,40,35.3333,13.3333
4223,299,149,110,40,36.7893,13.3779
4224,300,147,112,41,37.3333,13.6667
4225,296,136,116,44,39.1892,14.8649
4226,296,136,117,43,39.5270,14.5270
4227,295,127,125,43,42.3729,14.5763
4228,293,120,130,43,44.3686,14.6758
4229,295,116,136,43,46.1017,14.5763
4230,293,110,141,42,48.1229,14.3345
4231,292,105,144,43,49.3151,14.7260
4232,293,106,143,44,48.8055,15.0171
4233,289,94,148,47,51.2111,16.2630
4234,288,95,146,47,50.6944,16.3194
4235,288,94,144,50,50.0000,17.3611
4236,282,92,137,53,48.5816,18.7943
4237,283,87,140,56,49.4700,19.7880
4238,283,86,140,57,49.4700,20.1413
4239,281,82,139,60,49.4662,21.3523
4240,278,76,135,67,48.5612,24.1007
4241,276,69,137,70,49.6377,25.3623
4242,277,71,135,71,48.7365,25.6318
4243,277,67,135,75,48.7365,27.0758
4244,273,64,133,76,48.7179,27.8388
4245,267,61,131,75,49.0637,28.0899
4246,264,61,123,80,46.5909,30.3030
4247,264,60,121,83,45.8333,31.4394
4248,261,57,115,89,44.0613,34.0996
4249,259,58,105,96,40.5405,37.0656
4250,260,54,106,100,40.7692,38.4615
4251,258,55,102,101,39.5349,39.1473
4252,259,58,96,105,37.0656,40.5405
4253,258,53,96,109,37.2093,42.2481
4254,250,51,87,112,34.8000,44.8000
4255,250,51,87,112,34.8000,44.8000
4256,249,53,84,112,33.7349,44.9799
4257,253,55,84,114,33.2016,45.0593
4258,252,56,80,116,31.7460,46.0317
4259,253,56,76,121,30.0395,47.8261
4260,249,54,75,120,30.1205,48.1928
4261,248,53,70,125,28.2258,50.4032
4262,247,52,65,130,26.3158,52.6316
4263,245,50,64,131,26.1224,53.4694
4264,246,50,61,135,24.7967,54.8780
4265,246,53,57,136,23.1707,55.2846
4266,246,52,57,137,23.1707,55.6911
4267,246,51,58,137,23.5772,55.6911
4268,246,50,57,139,23.1707,56.5041
4269,244,51,53,140,21.7213,57.3770
4270,243,53,49,141,20.1646,58.0247
4271,240,53,46,141,19.1667,58.7500
4272,242,57,45,140,18.5950,57.8512
4273,243,58,42,143,17.2840,58.8477
4274,243,61,39,143,16.0494,58.8477
4275,247,68,38,141,15.3846,57.0850
4276,249,72,38,139,15.2610,55.8233
4277,249,74,37,138,14.8594,55.4217
4278,249,77,36,136,14.4578,54.6185
4279,253,82,34,137,13.4387,54.1502
4280,255,86,33,136,12.9412,53.3333
4281,251,88,27,136,10.7570,54.1833
4282,254,91,28,135,11.0236,53.1496
4283,256,95,27,134,10.5469,52.3438
4284,257,102,25,130,9.7276,50.5837
4285,258,105,24,129,9.3023,50.0000
4286,260,108,24,128,9.2308,49.2308
4287,262,111,25,126,9.5420,48.0916
4288,261,115,23,123,8.8123,47.1264
4289,265,122,21,122,7.9245,46.0377
4290,265,124,20,121,7.5472,45.6604
4291,264,128,18,118,6.8182,44.6970
4292,268,139,18,111,6.7164,41.4179
4293,271,145,18,108,6.6421,39.8524
4294,272,149,16,107,5.8824,39.3382
4295,274,154,17,103,6.2044,37.5912
4296,275,157,15,103,5.4545,37.4545
4297,275,157,15,103,5.4545,37.4545
4298,279,167,14,98,5.0179,35.1254
4299,282,174,14,94,4.9645,33.3333
4300,286,185,14,87,4.8951,30.4196
4301,286,192,14,80,4.8951,27.9720
4302,289,196,16,77,5.5363,26.6436
4303,291,196,20,75,6.8729,25.7732
4304,293,202,20,71,6.8259,24.2321
4305,293,202,24,67,8.1911,22.8669
4306,291,206,23,62,7.9038,21.3058
4307,295,202,31,62,10.5085,21.0169
4308,294,201,30,63,10.2041,21.4286
4309,299,206,32,61,10.7023,20.4013
4310,301,207,34,60,11.2957,19.9336
4311,301,211,35,55,11.6279,18.2724
4312,301,206,41,54,13.6213,17.9402
4313,301,206,45,50,14.9502,16.6113
4314,301,206,49,46,16.2791,15.2824
4315,300,199,56,45,18.6667,15.0000
4316,300,198,61,41,20.3333,13.6667
4317,300,193,67,40,22.3333,13.3333
4318,300,191,70,39,23.3333,13.0000
4319,300,186,76,38,25.3333,12.6667
4320,300,185,80,35,26.6667,11.6667
4321,300,182,85,33,28.3333,11.0000
4322,300,175,91,34,30.3333,11.3333
4323,298,171,91,36,30.5369,12.0805
4324,300,169,94,37,31.3333,12.3333
4325,299,165,99,35,33.1104,11.7057
4326,300,163,101,36,33.6667,12.0000
4327,298,156,106,36,35.5705,12.0805
4328,296,153,104,39,35.1351,13.1757
4329,299,152,108,39,36.1204,13.0435
4330,303,149,111,43,36.6337,14.1914
4331,302,148,112,42,37.0861,13.9073
4332,300,145,114,41,38.0000,13.6667
4333,295,138,115,42,38.9831,14.2373
4334,294,132,118,44,40.1361,14.9660
4335,293,129,118,46,40.2730,15.6997
4336,290,122,121,47,41.7241,16.2069
4337,286,121,117,48,40.9091,16.7832
4338,285,117,118,50,41.4035,17.5439
4339,283,113,119,51,42.0495,18.0212
4340,283,107,122,54,43.1095,19.0813
4341,283,99,128,56,45.2297,19.7880
4342,281,92,130,59,46.2633,20.9964
4343,279,85,130,64,46.5950,22.9391
4344,281,81,135,65,48.0427,23.1317
4345,279,78,132,69,47.3118,24.7312
4346,278,73,131,74,47.1223,26.6187
4347,278,71,130,77,46.7626,27.6978
4348,276,71,125,80,45.2899,28.9855
4349,276,68,128,80,46.3768,28.9855
4350,278,71,125,82,44.9640,29.4964
4351,275,68,122,85,44.3636,30.9091
4352,275,64,124,87,45.0909,31.6364
4353,278,65,122,91,43.8849,32.7338
4354,274,65,112,97,40.8759,35.4015
4355,276,68,110,98,39.8551,35.5072
4356,274,67,106,101,38.6861,36.8613
4357,268,67,98,103,36.5672,38.4328
4358,264,63,97,104,36.7424,39.3939
4359,263,63,96,104,36.5019,39.5437
4360,253,64,87,102,34.3874,40.3162
4361,249,64,82,103,32.9317,41.3655
4362,245,66,72,107,29.3878,43.6735
4363,244,66,69,109,28.2787,44.6721
4364,242,69,63,110,26.0331,45.4545
4365,242,72,57,113,23.5537,46.6942
4366,241,73,52,116,21.5768,48.1328
4367,242,72,50,120,20.6612,49.5868
4368,241,72,47,122,19.5021,50.6224
4369,240,73,46,121,19.1667,50.4167
4370,236,71,41,124,17.3729,52.5424
4371,237,73,37,127,15.6118,53.5865
4372,239,74,36,129,15.0628,53.9749
4373,241,76,30,135,12.4481,56.0166
4374,240,78,28,134,11.6667,55.8333
4375,241,78,30,133,12.4481,55.1867
4376,244,82,29,133,11.8852,54.5082
4377,248,88,28,132,11.2903,53.2258
4378,249,92,26,131,10.4418,52.6104
4379,248,94,24,130,9.6774,52.4194
4380,249,96,25,128,10.0402,51.4056
4381,254,101,26,127,10.2362,50.0000
4382,254,108,20,126,7.8740,49.6063
4383,255,109,21,125,8.2353,49.0196
4384,261,113,23,125,8.8123,47.8927
4385,261,115,23,123,8.8123,47.1264
4386,264,121,22,121,8.3333,45.8333
4387,265,120,25,120,9.4340,45.2830
4388,266,123,25,118,9.3985,44.3609
4389,267,127,24,116,8.9888,43.4457
4390,270,130,26,114,9.6296,42.2222
4391,270,132,26,112,9.6296,41.4815
4392,270,134,26,110,9.6296,40.7407
4393,270,137,27,106,10.0000,39.2593
4394,274,144,26,104,9.4891,37.9562
4395,276,150,25,101,9.0580,36.5942
4396,277,152,25,100,9.0253,36.1011
4397,278,153,28,97,10.0719,34.8921
4398,279,160,27,92,9.6774,32.9749
4399,280,163,28,89,10.0000,31.7857
4400,282,169,28,85,9.9291,30.1418
4401,285,170,29,86,10.1754,30.1754
4402,286,174,28,84,9.7902,29.3706
4403,289,177,31,81,10.7266,28.0277
4404,291,182,30,79,10.3093,27.1478
4405,294,189,30,75,10.2041,25.5102
4406,297,200,29,68,9.7643,22.8956
4407,296,199,28,69,9.4595,23.3108
4408,299,205,26,68,8.6957,22.7425
4409,305,209,29,67,9.5082,21.9672
4410,303,208,29,66,9.5710,21.7822
4411,301,206,29,66,9.6346,21.9269
4412,301,204,31,66,10.2990,21.9269
4413,301,202,33,66,10.9635,21.9269
4414,301,203,38,60,12.6246,19.9336
4415,300,202,40,58,13.3333,19.3333
4416,299,201,41,57,13.7124,19.0635
4417,299,206,40,53,13.3779,17.7258
4418,302,210,43,49,14.2384,16.2252
4419,302,213,43,46,14.2384,15.2318
4420,301,206,51,44,16.9435,14.6179
4421,301,203,52,46,17.2757,15.2824
4422,299,204,52,43,17.3913,14.3813
4423,299,201,58,40,19.3980,13.3779
4424,303,202,60,41,19.8020,13.5314
4425,302,201,66,35,21.8543,11.5894
4426,302,196,72,34,23.8411,11.2583
4427,302,187,80,35,26.4901,11.5894
4428,302,183,85,34,28.1457,11.2583
4429,301,176,90,35,29.9003,11.6279
4430,299,170,95,34,31.7726,11.3712
4431,301,168,98,35,32.5581,11.6279
4432,300,157,108,35,36.0000,11.6667
4433,298,146,117,35,39.2617,11.7450
4434,299,142,125,32,41.8060,10.7023
4435,300,138,129,33,43.0000,11.0000
4436,297,132,131,34,44.1077,11.4478
4437,297,127,136,34,45.7912,11.4478
4438,299,121,143,35,47.8261,11.7057
4439,299,113,149,37,49.8328,12.3746
4440,297,104,154,39,51.8519,13.1313
4441,295,97,159,39,53.8983,13.2203
4442,295,91,163,41,55.2542,13.8983
4443,297,86,166,45,55.8923,15.1515
4444,298,80,172,46,57.7181,15.4362
4445,298,82,166,50,55.7047,16.7785
4446,294,79,160,55,54.4218,18.7075
4447,291,80,156,55,53.6082,18.9003
4448,287,73,155,59,54.0070,20.5575
4449,285,68,155,62,54.3860,21.7544
4450,279,67,148,64,53.0466,22.9391
4451,278,63,148,67,53.2374,24.1007
4452,275,63,141,71,51.2727,25.8182
4453,269,56,135,78,50.1859,28.9963
4454,269,52,134,83,49.8141,30.8550
4455,267,47,131,89,49.0637,33.3333
4456,266,45,128,93,48.1203,34.9624
4457,261,44,119,98,45.5939,37.5479
4458,259,44,115,100,44.4015,38.6100
4459,256,47,105,104,41.0156,40.6250
4460,253,46,98,109,38.7352,43.0830
4461,250,47,89,114,35.6000,45.6000
4462,249,47,81,121,32.5301,48.5944
4463,245,47,74,124,30.2041,50.6122
4464,242,47,67,128,27.6860,52.8926
4465,245,51,64,130,26.1224,53.0612
4466,249,52,65,132,26.1044,53.0120
4467,249,53,62,134,24.8996,53.8153
4468,249,50,63,136,25.3012,54.6185
4469,248,52,56,140,22.5806,56.4516
4470,246,51,52,143,21.1382,58.1301
4471,245,50,53,142,21.6327,57.9592
4472,245,52,50,143,20.4082,58.3673
4473,244,55,45,144,18.4426,59.0164
4474,244,58,37,149,15.1639,61.0656
4475,244,60,31,153,12.7049,62.7049
4476,244,61,30,153,12.2951,62.7049
4477,248,65,28,155,11.2903,62.5000
4478,250,68,26,156,10.4000,62.4000
4479,252,72,26,154,10.3175,61.1111
4480,256,75,25,156,9.7656,60.9375
4481,258,78,25,155,9.6899,60.0775
4482,259,79,26,154,10.0386,59.4595
4483,261,80,27,154,10.3448,59.0038
4484,268,89,25,154,9.3284,57.4627
4485,270,91,26,153,9.6296,56.6667
4486,275,92,28,155,10.1818,56.3636
4487,276,94,27,155,9.7826,56.1594
4488,277,97,24,156,8.6643,56.3177
4489,277,95,26,156,9.3863,56.3177
4490,279,97,26,156,9.3190,55.9140
4491,279,99,25,155,8.9606,55.5556
4492,281,104,22,155,7.8292,55.1601
4493,284,107,23,154,8.0986,54.2254
4494,286,111,23,152,8.0420,53.1469
4495,290,118,23,149,7.9310,51.3793
4496,290,120,22,148,7.5862,51.0345
4497,294,127,23,144,7.8231,48.9796
4498,295,130,27,138,9.1525,46.7797
4499,303,139,28,136,9.2409,44.8845
4500,303,141,28,134,9.2409,44.2244
4501,302,142,30,130,9.9338,43.0464
4502,301,144,30,127,9.9668,42.1927
4503,301,145,32,124,10.6312,41.1960
4504,300,148,32,120,10.6667,40.0000
4505,300,153,35,112,11.6667,37.3333
4506,299,157,34,108,11.3712,36.1204
4507,300,163,32,105,10.6667,35.0000
4508,299,163,35,101,11.7057,33.7793
4509,302,171,34,97,11.2583,32.1192
4510,300,172,33,95,11.0000,31.6667
4511,298,174,34,90,11.4094,30.2013
4512,300,182,35,83,11.6667,27.6667
4513,300,185,38,77,12.6667,25.6667
4514,299,191,38,70,12.7090,23.4114
4515,301,193,40,68,13.2890,22.5914
4516,301,197,40,64,13.2890,21.2625
4517,301,198,42,61,13.9535,20.2658
4518,297,194,44,59,14.8148,19.8653
4519,298,194,47,57,15.7718,19.1275
4520,299,195,48,56,16.0535,18.7291
4521,300,202,46,52,15.3333,17.3333
4522,300,200,49,51,16.3333,17.0000
4523,299,192,55,52,18.3946,17.3913
4524,301,189,61,51,20.2658,16.9435
4525,297,185,63,49,21.2121,16.4983
4526,297,188,65,44,21.8855,14.8148
4527,299,189,70,40,23.4114,13.3779
4528,300,186,76,38,25.3333,12.6667
4529,299,184,77,38,25.7525,12.7090
4530,302,177,88,37,29.1391,12.2517
4531,300,171,91,38,30.3333,12.6667
4532,299,166,96,37,32.1070,12.3746
4533,298,159,102,37,34.2282,12.4161
4534,299,150,110,39,36.7893,13.0435
4535,302,143,120,39,39.7351,12.9139
4536,301,141,121,39,40.1993,12.9568
4537,301,134,127,40,42.1927,13.2890
4538,297,128,130,39,43.7710,13.1313
4539,293,121,133,39,45.3925,13.3106
4540,293,118,135,40,46.0751,13.6519
4541,291,109,142,40,48.7973,13.7457
4542,291,104,147,40,50.5155,13.7457
4543,291,102,146,43,50.1718,14.7766
4544,289,99,147,43,50.8651,14.8789
4545,285,93,147,45,51.5789,15.7895
4546,282,87,149,46,52.8369,16.3121
4547,284,83,155,46,54.5775,16.1972
4548,280,79,152,49,54.2857,17.5000
4549,280,73,156,51,55.7143,18.2143
4550,280,74,149,57,53.2143,20.3571
4551,277,74,145,58,52.3466,20.9386
4552,276,66,150,60,54.3478,21.7391
4553,271,65,144,62,53.1365,22.8782
4554,270,63,139,68,51.4815,25.1852
4555,270,62,136,72,50.3704,26.6667
4556,266,61,131,74,49.2481,27.8195
4557,264,61,126,77,47.7273,29.1667
4558,263,61,120,82,45.6274,31.1787
4559,260,63,116,81,44.6154,31.1538
4560,256,61,110,85,42.9688,33.2031
4561,250,60,102,88,40.8000,35.2000
4562,247,56,99,92,40.0810,37.2470
4563,245,57,94,94,38.3673,38.3673
4564,243,57,89,97,36.6255,39.9177
4565,241,52,90,99,37.3444,41.0788
4566,237,53,83,101,35.0211,42.6160
4567,236,57,75,104,31.7797,44.0678
4568,233,58,69,106,29.6137,45.4936
4569,231,58,60,113,25.9740,48.9177
4570,231,57,60,114,25.9740,49.3506
4571,231,54,63,114,27.2727,49.3506
4572,230,57,58,115,25.2174,50.0000
4573,224,57,49,118,21.8750,52.6786
4574,223,60,46,117,20.6278,52.4664
4575,222,61,44,117,19.8198,52.7027
4576,221,61,41,119,18.5520,53.8462
4577,222,64,40,118,18.0180,53.1532
4578,224,64,40,120,17.8571,53.5714
4579,223,65,38,120,17.0404,53.8117
4580,222,64,39,119,17.5676,53.6036
4581,219,65,36,118,16.4384,53.8813
4582,221,65,37,119,16.7421,53.8462
4583,222,66,36,120,16.2162,54.0541
4584,225,70,34,121,15.1111,53.7778
4585,226,73,30,123,13.2743,54.4248
4586,229,79,27,123,11.7904,53.7118
4587,231,80,29,122,12.5541,52.8139
4588,233,83,29,121,12.4464,51.9313
4589,233,83,30,120,12.8755,51.5021
4590,230,83,28,119,12.1739,51.7391
4591,232,86,24,122,10.3448,52.5862
4592,235,91,23,121,9.7872,51.4894
4593,238,92,25,121,10.5042,50.8403
4594,239,93,26,120,10.8787,50.2092
4595,240,98,27,115,11.2500,47.9167
4596,241,101,27,113,11.2033,46.8880
4597,246,106,28,112,11.3821,45.5285
4598,246,106,29,111,11.7886,45.1220
4599,246,106,30,110,12.1951,44.7154
4600,245,108,31,106,12.6531,43.2653
4601,246,109,32,105,13.0081,42.6829
4602,247,116,32,99,12.9555,40.0810
4603,248,118,29,101,11.6935,40.7258
4604,249,123,29,97,11.6466,38.9558
4605,251,126,30,95,11.9522,37.8486
4606,254,135,30,89,11.8110,35.0394
4607,256,141,30,85,11.7188,33.2031
4608,257,144,30,83,11.6732,32.2957
4609,259,143,35,81,13.5135,31.2741
4610,260,149,36,75,13.8462,28.8462
4611,261,148,40,73,15.3257,27.9693
4612,264,152,41,71,15.5303,26.8939
4613,267,156,43,68,16.1049,25.4682
4614,270,158,46,66,17.0370,24.4444
4615,274,161,50,63,18.2482,22.9927
4616,274,165,49,60,17.8832,21.8978
4617,277,163,54,60,19.4946,21.6606
4618,282,167,57,58,20.2128,20.5674
4619,283,171,55,57,19.4346,20.1413
4620,285,171,59,55,20.7018,19.2982
4621,287,178,61,48,21.2544,16.7247
4622,290,178,62,50,21.3793,17.2414
4623,294,175,67,52,22.7891,17.6871
4624,296,170,76,50,25.6757,16.8919
4625,297,170,80,47,26.9360,15.8249
4626,298,167,85,46,28.5235,15.4362
4627,298,161,92,45,30.8725,15.1007
4628,300,158,98,44,32.6667,14.6667
4629,300,149,105,46,35.0000,15.3333
4630,296,144,105,47,35.4730,15.8784
4631,294,138,107,49,36.3946,16.6667
4632,293,134,110,49,37.5427,16.7235
4633,296,128,118,50,39.8649,16.8919
4634,297,128,117,52,39.3939,17.5084
4635,293,130,112,51,38.2253,17.4061
4636,293,123,120,50,40.9556,17.0648
4637,293,117,127,49,43.3447,16.7235
4638,295,116,128,51,43.3898,17.2881
4639,293,112,129,52,44.0273,17.7474
4640,291,99,140,52,48.1100,17.8694
4641,290,97,136,57,46.8966,19.6552
4642,288,93,137,58,47.5694,20.1389
4643,289,93,139,57,48.0969,19.7232
4644,287,94,133,60,46.3415,20.9059
4645,283,91,132,60,46.6431,21.2014
4646,281,89,131,61,46.6192,21.7082
4647,276,85,129,62,46.7391,22.4638
4648,276,82,128,66,46.3768,23.9130
4649,270,80,123,67,45.5556,24.8148
4650,267,78,120,69,44.9438,25.8427
4651,264,81,112,71,42.4242,26.8939
4652,263,79,110,74,41.8251,28.1369
4653,261,76,108,77,41.3793,29.5019
4654,258,76,99,83,38.3721,32.1705
4655,260,79,100,81,38.4615,31.1538
4656,262,77,99,86,37.7863,32.8244
4657,258,77,91,90,35.2713,34.8837
4658,255,75,87,93,34.1176,36.4706
4659,252,71,84,97,33.3333,38.4921
4660,250,69,81,100,32.4000,40.0000
4661,245,67,74,104,30.2041,42.4490
4662,245,65,75,105,30.6122,42.8571
4663,245,65,69,111,28.1633,45.3061
4664,243,65,67,111,27.5720,45.6790
4665,244,65,68,111,27.8689,45.4918
4666,241,67,63,111,26.1411,46.0581
4667,239,65,63,111,26.3598,46.4435
4668,239,67,56,116,23.4310,48.5356
4669,236,68,54,114,22.8814,48.3051
4670,239,71,53,115,22.1757,48.1172
4671,239,75,51,113,21.3389,47.2803
4672,237,74,51,112,21.5190,47.2574
4673,233,71,50,112,21.4592,48.0687
4674,233,74,49,110,21.0300,47.2103
4675,240,82,49,109,20.4167,45.4167
4676,240,84,45,111,18.7500,46.2500
4677,242,85,46,111,19.0083,45.8678
4678,243,84,46,113,18.9300,46.5021
4679,242,85,44,113,18.1818,46.6942
4680,241,84,41,116,17.0124,48.1328
4681,243,89,39,115,16.0494,47.3251
4682,244,86,43,115,17.6230,47.1311
4683,244,87,42,115,17.2131,47.1311
4684,247,87,44,116,17.8138,46.9636
4685,248,88,45,115,18.1452,46.3710
4686,251,94,43,114,17.1315,45.4183
4687,256,100,41,115,16.0156,44.9219
4688,256,98,44,114,17.1875,44.5312
4689,258,102,44,112,17.0543,43.4109
4690,258,106,43,109,16.6667,42.2481
4691,262,109,44,109,16.7939,41.6031
4692,265,108,48,109,18.1132,41.1321
4693,263,112,47,104,17.8707,39.5437
4694,263,110,47,106,17.8707,40.3042
4695,266,114,49,103,18.4211,38.7218
4696,266,117,51,98,19.1729,36.8421
4697,266,115,52,99,19.5489,37.2180
4698,266,112,56,98,21.0526,36.8421
4699,267,115,53,99,19.8502,37.0787
4700,269,120,54,95,20.0743,35.3160
4701,270,119,56,95,20.7407,35.1852
4702,270,123,54,93,20.0000,34.4444
4703,271,124,54,93,19.9262,34.3173
4704,269,127,52,90,19.3309,33.4572
4705,266,127,50,89,18.7970,33.4586
4706,266,131,52,83,19.5489,31.2030
4707,269,129,58,82,21.5613,30.4833
4708,271,134,59,78,21.7712,28.7823
4709,272,133,64,75,23.5294,27.5735
4710,272,137,63,72,23.1618,26.4706
4711,273,136,67,70,24.5421,25.6410
4712,274,139,67,68,24.4526,24.8175
4713,276,144,66,66,23.9130,23.9130
4714,278,146,66,66,23.7410,23.7410
4715,281,152,67,62,23.8434,22.0641
4716,279,150,68,61,24.3728,21.8638
4717,280,151,67,62,23.9286,22.1429
4718,280,152,67,61,23.9286,21.7857
4719,281,146,73,62,25.9786,22.0641
4720,284,147,80,57,28.1690,20.0704
4721,283,145,79,59,27.9152,20.8481
4722,284,147,77,60,27.1127,21.1268
4723,285,142,83,60,29.1228,21.0526
4724,288,140,87,61,30.2083,21.1806
4725,287,139,85,63,29.6167,21.9512
4726,288,138,87,63,30.2083,21.8750
4727,291,141,87,63,29.8969,21.6495
4728,290,140,85,65,29.3103,22.4138
4729,288,135,82,71,28.4722,24.6528
4730,291,133,89,69,30.5842,23.7113
4731,292,129,92,71,31.5068,24.3151
4732,295,127,98,70,33.2203,23.7288
4733,293,126,97,70,33.1058,23.8908
4734,292,125,100,67,34.2466,22.9452
4735,291,123,103,65,35.3952,22.3368
4736,289,116,107,66,37.0242,22.8374
4737,291,117,108,66,37.1134,22.6804
4738,289,112,112,65,38.7543,22.4913
4739,286,107,111,68,38.8112,23.7762
4740,285,102,111,72,38.9474,25.2632
4741,285,104,107,74,37.5439,25.9649
4742,289,105,109,75,37.7163,25.9516
4743,291,105,109,77,37.4570,26.4605
4744,293,104,106,83,36.1775,28.3276
4745,296,106,106,84,35.8108,28.3784
4746,297,104,111,82,37.3737,27.6094
4747,299,104,110,85,36.7893,28.4281
4748,300,96,118,86,39.3333,28.6667
4749,298,86,124,88,41.6107,29.5302
4750,297,84,122,91,41.0774,30.6397
4751,296,85,120,91,40.5405,30.7432
4752,294,82,117,95,39.7959,32.3129
4753,295,84,110,101,37.2881,34.2373
4754,296,80,114,102,38.5135,34.4595
4755,296,82,109,105,36.8243,35.4730
4756,298,87,103,108,34.5638,36.2416
4757,296,88,100,108,33.7838,36.4865
4758,295,83,103,109,34.9153,36.9492
4759,288,75,103,110,35.7639,38.1944
4760,288,76,97,115,33.6806,39.9306
4761,289,76,98,115,33.9100,39.7924
4762,287,72,97,118,33.7979,41.1150
4763,287,72,97,118,33.7979,41.1150
4764,286,73,92,121,32.1678,42.3077
4765,288,76,93,119,32.2917,41.3194
4766,288,72,96,120,33.3333,41.6667
4767,286,72,94,120,32.8671,41.9580
4768,285,72,92,121,32.2807,42.4561
4769,282,70,82,130,29.0780,46.0993
4770,282,73,75,134,26.5957,47.5177
4771,280,74,73,133,26.0714,47.5000
4772,279,74,70,135,25.0896,48.3871
4773,282,77,71,134,25.1773,47.5177
4774,282,79,68,135,24.1135,47.8723
4775,281,79,66,136,23.4875,48.3986
4776,283,79,69,135,24.3816,47.7032
4777,286,82,71,133,24.8252,46.5035
4778,283,79,68,136,24.0283,48.0565
4779,281,79,64,138,22.7758,49.1103
4780,278,78,63,137,22.6619,49.2806
4781,278,83,62,133,22.3022,47.8417
4782,277,80,63,134,22.7437,48.3755
4783,275,80,63,132,22.9091,48.0000
4784,276,85,61,130,22.1014,47.1014
4785,277,87,58,132,20.9386,47.6534
4786,279,91,54,134,19.3548,48.0287
4787,280,94,50,136,17.8571,48.5714
4788,284,102,48,134,16.9014,47.1831
4789,287,103,46,138,16.0279,48.0836
4790,290,104,47,139,16.2069,47.9310
4791,291,106,50,135,17.1821,46.3918
4792,294,112,50,132,17.0068,44.8980
4793,299,119,47,133,15.7191,44.4816
4794,302,119,50,133,16.5563,44.0397
4795,302,118,53,131,17.5497,43.3775
4796,302,122,51,129,16.8874,42.7152
4797,299,121,50,128,16.7224,42.8094
4798,299,121,48,130,16.0535,43.4783
4799,303,125,49,129,16.1716,42.5743
4800,301,123,48,130,15.9468,43.1894
4801,299,122,51,126,17.0569,42.1405
4802,300,125,50,125,16.6667,41.6667
4803,299,123,50,126,16.7224,42.1405
4804,301,128,51,122,16.9435,40.5316
4805,301,133,54,114,17.9402,37.8738
4806,301,129,59,113,19.6013,37.5415
4807,300,130,60,110,20.0000,36.6667
4808,300,126,66,108,22.0000,36.0000
4809,299,124,70,105,23.4114,35.1171
4810,299,124,67,108,22.4080,36.1204
4811,299,118,74,107,24.7492,35.7860
4812,300,122,77,101,25.6667,33.6667
4813,299,117,81,101,27.0903,33.7793
4814,298,113,86,99,28.8591,33.2215
4815,296,113,83,100,28.0405,33.7838
4816,296,114,87,95,29.3919,32.0946
4817,299,114,90,95,30.1003,31.7726
4818,302,115,93,94,30.7947,31.1258
4819,300,112,96,92,32.0000,30.6667
4820,299,107,100,92,33.4448,30.7692
4821,299,117,98,84,32.7759,28.0936
4822,300,118,103,79,34.3333,26.3333
4823,298,111,106,81,35.5705,27.1812
4824,298,108,109,81,36.5772,27.1812
4825,300,108,110,82,36.6667,27.3333
4826,299,108,110,81,36.7893,27.0903
4827,298,107,110,81,36.9128,27.1812
4828,299,103,113,83,37.7926,27.7592
4829,299,100,110,89,36.7893,29.7659
4830,299,100,112,87,37.4582,29.0970
4831,296,98,110,88,37.1622,29.7297
4832,294,101,107,86,36.3946,29.2517
4833,290,97,109,84,37.5862,28.9655
4834,288,96,106,86,36.8056,29.8611
4835,289,94,107,88,37.0242,30.4498
4836,287,92,105,90,36.5854,31.3589
4837,284,90,104,90,36.6197,31.6901
4838,284,87,106,91,37.3239,32.0423
4839,282,86,106,90,37.5887,31.9149
4840,279,85,104,90,37.2760,32.2581
4841,275,84,104,87,37.8182,31.6364
4842,271,80,105,86,38.7454,31.7343
4843,270,78,104,88,38.5185,32.5926
4844,269,77,99,93,36.8030,34.5725
4845,268,76,99,93,36.9403,34.7015
4846,268,78,97,93,36.1940,34.7015
4847,269,76,100,93,37.1747,34.5725
4848,270,80,98,92,36.2963,34.0741
4849,270,74,98,98,36.2963,36.2963
4850,269,74,96,99,35.6877,36.8030
4851,267,75,93,99,34.8315,37.0787
4852,268,77,91,100,33.9552,37.3134
4853,267,73,92,102,34.4569,38.2022
4854,262,72,87,103,33.2061,39.3130
4855,261,72,89,100,34.0996,38.3142
4856,263,73,87,103,33.0798,39.1635
4857,264,75,84,105,31.8182,39.7727
4858,262,72,81,109,30.9160,41.6031
4859,259,73,78,108,30.1158,41.6988
4860,258,74,76,108,29.4574,41.8605
4861,258,72,73,113,28.2946,43.7984
4862,253,74,69,110,27.2727,43.4783
4863,252,74,67,111,26.5873,44.0476
4864,251,74,64,113,25.4980,45.0199
4865,250,73,65,112,26.0000,44.8000
4866,246,71,61,114,24.7967,46.3415
4867,244,73,60,111,24.5902,45.4918
4868,243,72,57,114,23.4568,46.9136
4869,242,73,53,116,21.9008,47.9339
4870,243,76,51,116,20.9877,47.7366
4871,245,79,46,120,18.7755,48.9796
4872,246,80,48,118,19.5122,47.9675
4873,249,85,46,118,18.4739,47.3896
4874,250,86,43,121,17.2000,48.4000
4875,246,88,39,119,15.8537,48.3740
4876,247,91,38,118,15.3846,47.7733
4877,249,91,41,117,16.4659,46.9880
4878,248,93,38,117,15.3226,47.1774
4879,249,97,35,117,14.0562,46.9880
4880,250,98,36,116,14.4000,46.4000
4881,254,106,37,111,14.5669,43.7008
4882,256,110,34,112,13.2812,43.7500
4883,254,112,34,108,13.3858,42.5197
4884,255,114,34,107,13.3333,41.9608
4885,257,114,34,109,13.2296,42.4125
4886,257,114,36,107,14.0078,41.6342
4887,255,114,36,105,14.1176,41.1765
4888,258,120,35,103,13.5659,39.9225
4889,263,126,35,102,13.3080,38.7833
4890,268,131,37,100,13.8060,37.3134
4891,269,131,39,99,14.4981,36.8030
4892,269,128,41,100,15.2416,37.1747
4893,271,128,44,99,16.2362,36.5314
4894,271,129,44,98,16.2362,36.1624
4895,272,129,48,95,17.6471,34.9265
4896,273,131,52,90,19.0476,32.9670
4897,274,136,50,88,18.2482,32.1168
4898,277,140,50,87,18.0505,31.4079
4899,280,140,54,86,19.2857,30.7143
4900,283,144,55,84,19.4346,29.6820
4901,284,151,54,79,19.0141,27.8169
4902,285,153,56,76,19.6491,26.6667
4903,285,154,54,77,18.9474,27.0175
4904,287,152,61,74,21.2544,25.7840
4905,289,148,68,73,23.5294,25.2595
4906,288,147,70,71,24.3056,24.6528
4907,286,138,77,71,26.9231,24.8252
4908,287,138,80,69,27.8746,24.0418
4909,287,136,84,67,29.2683,23.3449
4910,289,134,89,66,30.7958,22.8374
4911,288,130,92,66,31.9444,22.9167
4912,287,129,91,67,31.7073,23.3449
4913,289,135,90,64,31.1419,22.1453
4914,290,135,91,64,31.3793,22.0690
4915,289,130,93,66,32.1799,22.8374
4916,289,125,97,67,33.5640,23.1834
4917,290,121,100,69,34.4828,23.7931
4918,290,118,104,68,35.8621,23.4483
4919,289,110,109,70,37.7163,24.2215
4920,290,112,110,68,37.9310,23.4483
4921,293,117,109,67,37.2014,22.8669
4922,293,118,108,67,36.8601,22.8669
4923,293,115,115,63,39.2491,21.5017
4924,293,113,116,64,39.5904,21.8430
4925,290,109,117,64,40.3448,22.0690
4926,291,109,114,68,39.1753,23.3677
4927,289,104,114,71,39.4464,24.5675
4928,286,104,106,76,37.0629,26.5734
4929,287,101,109,77,37.9791,26.8293
4930,284,99,108,77,38.0282,27.1127
4931,281,99,101,81,35.9431,28.8256
4932,281,96,103,82,36.6548,29.1815
4933,282,97,103,82,36.5248,29.0780
4934,281,96,105,80,37.3665,28.4698
4935,281,97,103,81,36.6548,28.8256
4936,278,91,104,83,37.4101,29.8561
4937,277,92,98,87,35.3791,31.4079
4938,274,89,97,88,35.4015,32.1168
4939,271,87,93,91,34.3173,33.5793
4940,270,85,90,95,33.3333,35.1852
4941,271,86,91,94,33.5793,34.6863
4942,271,86,92,93,33.9483,34.3173
4943,272,88,90,94,33.0882,34.5588
4944,266,83,86,97,32.3308,36.4662
4945,269,82,87,100,32.3420,37.1747
4946,265,81,81,103,30.5660,38.8679
4947,265,80,78,107,29.4340,40.3774
4948,266,80,79,107,29.6992,40.2256
4949,263,80,75,108,28.5171,41.0646
4950,263,78,75,110,28.5171,41.8251
4951,264,74,78,112,29.5455,42.4242
4952,262,73,77,112,29.3893,42.7481
4953,261,75,70,116,26.8199,44.4444
4954,261,74,72,115,27.5862,44.0613
4955,257,74,70,113,27.2374,43.9689
4956,258,72,71,115,27.5194,44.5736
4957,255,72,67,116,26.2745,45.4902
4958,258,76,65,117,25.1938,45.3488
4959,256,76,63,117,24.6094,45.7031
4960,255,76,61,118,23.9216,46.2745
4961,254,75,59,120,23.2283,47.2441
4962,256,78,60,118,23.4375,46.0938
4963,254,78,59,117,23.2283,46.0630
4964,254,81,58,115,22.8346,45.2756
4965,252,81,56,115,22.2222,45.6349
4966,248,81,52,115,20.9677,46.3710
4967,248,82,51,115,20.5645,46.3710
4968,251,87,49,115,19.5219,45.8167
4969,252,90,47,115,18.6508,45.6349
4970,251,92,45,114,17.9283,45.4183
4971,252,97,41,114,16.2698,45.2381
4972,251,96,41,114,16.3347,45.4183
4973,254,100,41,113,16.1417,44.4882
4974,253,100,40,113,15.8103,44.6640
4975,252,99,39,114,15.4762,45.2381
4976,253,102,35,116,13.8340,45.8498
4977,254,103,36,115,14.1732,45.2756
4978,255,108,38,109,14.9020,42.7451
4979,256,112,38,106,14.8438,41.4062
4980,257,116,41,100,15.9533,38.9105
4981,256,119,38,99,14.8438,38.6719
4982,256,121,37,98,14.4531,38.2812
4983,258,127,38,93,14.7287,36.0465
4984,260,129,40,91,15.3846,35.0000
4985,265,135,39,91,14.7170,34.3396
4986,266,136,39,91,14.6617,34.2105
4987,266,136,40,90,15.0376,33.8346
4988,267,136,43,88,16.1049,32.9588
4989,268,142,41,85,15.2985,31.7164
4990,268,142,43,83,16.0448,30.9701
4991,268,139,49,80,18.2836,29.8507
4992,269,141,52,76,19.3309,28.2528
4993,270,139,55,76,20.3704,28.1481
4994,270,138,56,76,20.7407,28.1481
4995,270,138,56,76,20.7407,28.1481
4996,270,138,60,72,22.2222,26.6667
4997,272,142,61,69,22.4265,25.3676
4998,273,143,63,67,23.0769,24.5421
4999,273,141,66,66,24.1758,24.1758
5000,274,141,67,66,24.4526,24.0876
5001,277,143,68,66,24.5487,23.8267
5002,283,148,71,64,25.0883,22.6148
5003,284,147,73,64,25.7042,22.5352
5004,284,147,73,64,25.7042,22.5352
5005,284,147,77,60,27.1127,21.1268
5006,286,141,84,61,29.3706,21.3287
5007,287,138,89,60,31.0105,20.9059
5008,287,138,90,59,31.3589,20.5575
5009,286,136,91,59,31.8182,20.6294
5010,291,136,97,58,33.3333,19.9313
5011,292,133,98,61,33.5616,20.8904
5012,288,132,94,62,32.6389,21.5278
5013,291,135,94,62,32.3024,21.3058
5014,291,135,95,61,32.6460,20.9622
5015,290,131,97,62,33.4483,21.3793
5016,293,130,101,62,34.4710,21.1604
5017,297,124,109,64,36.7003,21.5488
5018,297,118,113,66,38.0471,22.2222
5019,296,116,113,67,38.1757,22.6351
5020,296,111,117,68,39.5270,22.9730
5021,296,109,120,67,40.5405,22.6351
5022,298,110,118,70,39.5973,23.4899
5023,297,103,126,68,42.4242,22.8956
5024,296,96,132,68,44.5946,22.9730
5025,294,89,136,69,46.2585,23.4694
5026,291,81,136,74,46.7354,25.4296
5027,287,79,133,75,46.3415,26.1324
5028,285,79,132,74,46.3158,25.9649
5029,284,80,130,74,45.7746,26.0563
5030,283,77,130,76,45.9364,26.8551
5031,281,73,130,78,46.2633,27.7580
5032,279,68,128,83,45.8781,29.7491
5033,280,66,131,83,46.7857,29.6429
5034,279,63,132,84,47.3118,30.1075
5035,276,60,130,86,47.1014,31.1594
5036,274,60,127,87,46.3504,31.7518
5037,273,60,122,91,44.6886,33.3333
5038,270,61,110,99,40.7407,36.6667
5039,270,62,105,103,38.8889,38.1481
5040,266,60,100,106,37.5940,39.8496
5041,265,62,97,106,36.6038,40.0000
5042,264,58,96,110,36.3636,41.6667
5043,264,62,88,114,33.3333,43.1818
5044,263,64,80,119,30.4183,45.2471
5045,263,65,75,123,28.5171,46.7681
5046,262,62,71,129,27.0992,49.2366
5047,262,64,67,131,25.5725,50.0000
5048,263,62,67,134,25.4753,50.9506
5049,264,66,63,135,23.8636,51.1364
5050,261,66,59,136,22.6054,52.1073
5051,262,70,56,136,21.3740,51.9084
5052,258,71,49,138,18.9922,53.4884
5053,259,71,51,137,19.6911,52.8958
5054,262,75,47,140,17.9389,53.4351
5055,260,79,41,140,15.7692,53.8462
5056,262,82,41,139,15.6489,53.0534
5057,262,82,40,140,15.2672,53.4351
5058,262,81,41,140,15.6489,53.4351
5059,263,82,39,142,14.8289,53.9924
5060,265,85,39,141,14.7170,53.2075
5061,263,84,39,140,14.8289,53.2319
5062,265,87,37,141,13.9623,53.2075
5063,265,89,36,140,13.5849,52.8302
5064,266,93,35,138,13.1579,51.8797
5065,268,97,33,138,12.3134,51.4925
5066,270,99,31,140,11.4815,51.8519
5067,269,100,29,140,10.7807,52.0446
5068,271,103,27,141,9.9631,52.0295
5069,275,110,27,138,9.8182,50.1818
5070,276,114,27,135,9.7826,48.9130
5071,276,118,27,131,9.7826,47.4638
5072,278,125,26,127,9.3525,45.6835
5073,280,127,25,128,8.9286,45.7143
5074,284,134,25,125,8.8028,44.0141
5075,285,134,26,125,9.1228,43.8596
5076,287,138,25,124,8.7108,43.2056
5077,288,138,28,122,9.7222,42.3611
5078,291,147,26,118,8.9347,40.5498
5079,292,145,30,117,10.2740,40.0685
5080,293,145,33,115,11.2628,39.2491
5081,296,148,34,114,11.4865,38.5135
5082,297,152,32,113,10.7744,38.0471
5083,302,158,32,112,10.5960,37.0861
5084,302,162,33,107,10.9272,35.4305
5085,302,161,33,108,10.9272,35.7616
5086,301,160,35,106,11.6279,35.2159
5087,301,161,37,103,12.2924,34.2193
5088,301,159,39,103,12.9568,34.2193
5089,301,164,38,99,12.6246,32.8904
5090,301,171,40,90,13.2890,29.9003
5091,301,169,46,86,15.2824,28.5714
5092,300,170,46,84,15.3333,28.0000
5093,300,169,50,81,16.6667,27.0000
5094,300,166,54,80,18.0000,26.6667
5095,299,167,55,77,18.3946,25.7525
5096,302,172,59,71,19.5364,23.5099
5097,302,166,69,67,22.8477,22.1854
5098,302,162,76,64,25.1656,21.1921
5099,301,162,78,61,25.9136,20.2658
5100,298,154,82,62,27.5168,20.8054
5101,298,159,78,61,26.1745,20.4698
5102,302,161,81,60,26.8212,19.8675
5103,302,158,86,58,28.4768,19.2053
5104,300,160,84,56,28.0000,18.6667
5105,299,155,89,55,29.7659,18.3946
5106,299,156,91,52,30.4348,17.3913
5107,298,151,97,50,32.5503,16.7785
5108,302,151,101,50,33.4437,16.5563
5109,302,143,109,50,36.0927,16.5563
5110,302,132,119,51,39.4040,16.8874
5111,299,128,120,51,40.1338,17.0569
5112,303,127,123,53,40.5941,17.4917
5113,301,120,127,54,42.1927,17.9402
5114,301,114,133,54,44.1860,17.9402
5115,296,112,130,54,43.9189,18.2432
5116,296,107,134,55,45.2703,18.5811
5117,291,103,131,57,45.0172,19.5876
5118,285,102,123,60,43.1579,21.0526
5119,286,100,125,61,43.7063,21.3287
5120,280,97,121,62,43.2143,22.1429
5121,277,89,126,62,45.4874,22.3827
5122,277,86,127,64,45.8484,23.1047
5123,276,85,125,66,45.2899,23.9130
5124,278,78,131,69,47.1223,24.8201
5125,276,72,136,68,49.2754,24.6377
5126,274,70,136,68,49.6350,24.8175
5127,274,66,134,74,48.9051,27.0073
5128,274,67,130,77,47.4453,28.1022
5129,271,65,125,81,46.1255,29.8893
5130,263,66,115,82,43.7262,31.1787
5131,259,65,112,82,43.2432,31.6602
5132,258,62,111,85,43.0233,32.9457
5133,257,62,106,89,41.2451,34.6304
5134,253,64,99,90,39.1304,35.5731
5135,251,66,94,91,37.4502,36.2550
5136,248,67,87,94,35.0806,37.9032
5137,246,67,84,95,34.1463,38.6179
5138,244,66,80,98,32.7869,40.1639
5139,245,68,77,100,31.4286,40.8163
5140,245,70,73,102,29.7959,41.6327
5141,244,70,69,105,28.2787,43.0328
5142,243,67,66,110,27.1605,45.2675
5143,241,66,64,111,26.5560,46.0581
5144,239,68,59,112,24.6862,46.8619
5145,237,65,53,119,22.3629,50.2110
5146,234,66,50,118,21.3675,50.4274
5147,236,70,46,120,19.4915,50.8475
5148,240,74,44,122,18.3333,50.8333
5149,238,73,43,122,18.0672,51.2605
5150,236,74,42,120,17.7966,50.8475
5151,234,74,38,122,16.2393,52.1368
5152,233,78,37,118,15.8798,50.6438
5153,233,78,35,120,15.0215,51.5021
5154,234,79,36,119,15.3846,50.8547
5155,233,78,37,118,15.8798,50.6438
5156,235,80,38,117,16.1702,49.7872
5157,235,81,36,118,15.3191,50.2128
5158,238,81,40,117,16.8067,49.1597
5159,239,83,39,117,16.3180,48.9540
5160,241,86,37,118,15.3527,48.9627
5161,239,87,36,116,15.0628,48.5356
5162,239,88,37,114,15.4812,47.6987
5163,238,91,34,113,14.2857,47.4790
5164,240,95,33,112,13.7500,46.6667
5165,240,98,29,113,12.0833,47.0833
5166,241,101,29,111,12.0332,46.0581
5167,242,102,30,110,12.3967,45.4545
5168,245,100,37,108,15.1020,44.0816
5169,244,104,35,105,14.3443,43.0328
5170,245,107,36,102,14.6939,41.6327
5171,246,109,37,100,15.0407,40.6504
5172,252,116,37,99,14.6825,39.2857
5173,254,120,34,100,13.3858,39.3701
5174,256,121,37,98,14.4531,38.2812
5175,254,121,36,97,14.1732,38.1890
5176,254,127,33,94,12.9921,37.0079
5177,255,127,35,93,13.7255,36.4706
5178,257,129,33,95,12.8405,36.9650
5179,258,135,33,90,12.7907,34.8837
5180,260,136,37,87,14.2308,33.4615
5181,264,142,37,85,14.0152,32.1970
5182,266,145,39,82,14.6617,30.8271
5183,271,148,40,83,14.7601,30.6273
5184,272,148,44,80,16.1765,29.4118
5185,274,152,47,75,17.1533,27.3723
5186,275,151,52,72,18.9091,26.1818
5187,279,154,54,71,19.3548,25.4480
5188,278,154,54,70,19.4245,25.1799
5189,278,153,56,69,20.1439,24.8201
5190,279,154,57,68,20.4301,24.3728
5191,279,156,57,66,20.4301,23.6559
5192,281,161,57,63,20.2847,22.4199
5193,284,165,60,59,21.1268,20.7746
5194,283,171,58,54,20.4947,19.0813
5195,284,172,58,54,20.4225,19.0141
5196,285,173,60,52,21.0526,18.2456
5197,285,179,61,45,21.4035,15.7895
5198,287,182,62,43,21.6028,14.9826
5199,288,182,65,41,22.5694,14.2361
5200,290,182,68,40,23.4483,13.7931
