tick,total,susceptible,infected,immune,pct_infected,pct_immune
0,150,140,10,0,6.6667,0.0000
1,151,141,10,0,6.6225,0.0000
2,151,140,11,0,7.2848,0.0000
3,152,141,11,0,7.2368,0.0000
4,153,141,12,0,7.8431,0.0000
5,154,142,12,0,7.7922,0.0000
6,155,142,13,0,8.3871,0.0000
7,155,140,15,0,9.6774,0.0000
8,159,142,17,0,10.6918,0.0000
9,159,137,22,0,13.8365,0.0000
10,162,139,23,0,14.1975,0.0000
11,163,139,24,0,14.7239,0.0000
12,163,135,28,0,17.1779,0.0000
13,164,134,30,0,18.2927,0.0000
14,167,135,32,0,19.1617,0.0000
15,168,135,33,0,19.6429,0.0000
16,170,135,35,0,20.5882,0.0000
17,172,137,35,0,20.3488,0.0000
18,172,137,35,0,20.3488,0.0000
19,174,138,36,0,20.6897,0.0000
20,175,134,41,0,23.4286,0.0000
21,176,134,33,9,18.7500,5.1136
22,177,133,34,10,19.2090,5.6497
23,180,135,35,10,19.4444,5.5556
24,182,132,40,10,21.9780,5.4945
25,182,128,43,11,23.6264,6.0440
26,185,127,47,11,25.4054,5.9459
27,185,122,51,12,27.5676,6.4865
28,187,120,52,15,27.8075,8.0214
29,188,121,46,21,24.4681,11.1702
30,189,120,47,22,24.8677,11.6402
31,189,117,49,23,25.9259,12.1693
32,189,114,49,26,25.9259,13.7566
33,193,118,47,28,24.3523,14.5078
34,198,122,47,29,23.7374,14.6465
35,200,121,48,31,24.0000,15.5000
36,200,120,47,33,23.5000,16.5000
37,201,120,48,33,23.8806,16.4179
38,203,122,48,33,23.6453,16.2562
39,204,120,51,33,25.0000,16.1765
40,207,122,48,37,23.1884,17.8744
41,207,121,47,39,22.7053,18.8406
42,209,121,46,42,22.0096,20.0957
43,212,120,49,43,23.1132,20.2830
44,212,121,45,46,21.2264,21.6981
45,212,119,45,48,21.2264,22.6415
46,213,119,42,52,19.7183,24.4131
47,213,120,35,58,16.4319,27.2300
48,215,119,35,61,16.2791,28.3721
49,218,121,34,63,15.5963,28.8991
50,218,118,35,65,16.0550,29.8165
51,219,117,35,67,15.9817,30.5936
52,223,119,34,70,15.2466,31.3901
53,225,116,38,71,16.8889,31.5556
54,227,118,36,73,15.8590,32.1586
55,228,115,38,75,16.6667,32.8947
56,228,115,37,76,16.2281,33.3333
57,230,114,40,76,17.3913,33.0435
58,231,112,42,77,18.1818,33.3333
59,236,111,47,78,19.9153,33.0508
60,235,108,47,80,20.0000,34.0426
61,238,111,46,81,19.3277,34.0336
62,239,109,48,82,20.0837,34.3096
63,243,109,49,85,20.1646,34.9794
64,245,106,51,88,20.8163,35.9184
65,247,106,52,89,21.0526,36.0324
66,247,102,54,91,21.8623,36.8421
67,249,101,57,91,22.8916,36.5462
68,252,102,58,92,23.0159,36.5079
69,254,97,62,95,24.4094,37.4016
70,255,96,62,97,24.3137,38.0392
71,259,96,64,99,24.7104,38.2239
72,259,95,64,100,24.7104,38.6100
73,259,103,61,95,23.5521,36.6795
74,261,101,63,97,24.1379,37.1648
75,262,100,62,100,23.6641,38.1679
76,264,101,61,102,23.1061,38.6364
77,263,99,62,102,23.5741,38.7833
78,265,100,61,104,23.0189,39.2453
79,267,103,56,108,20.9738,40.4494
80,266,104,54,108,20.3008,40.6015
81,270,114,53,103,19.6296,38.1481
82,270,115,53,102,19.6296,37.7778
83,273,119,48,106,17.5824,38.8278
84,274,123,43,108,15.6934,39.4161
85,275,123,45,107,16.3636,38.9091
86,277,125,42,110,15.1625,39.7112
87,278,127,43,108,15.4676,38.8489
88,284,132,42,110,14.7887,38.7324
89,286,134,35,117,12.2378,40.9091
90,286,130,38,118,13.2867,41.2587
91,289,132,35,122,12.1107,42.2145
92,292,136,35,121,11.9863,41.4384
93,294,138,36,120,12.2449,40.8163
94,298,142,38,118,12.7517,39.5973
95,300,141,36,123,12.0000,41.0000
96,300,142,37,121,12.3333,40.3333
97,300,142,37,121,12.3333,40.3333
98,300,145,37,118,12.3333,39.3333
99,300,149,37,114,12.3333,38.0000
100,300,149,38,113,12.6667,37.6667
101,300,147,42,111,14.0000,37.0000
102,300,147,44,109,14.6667,36.3333
103,300,149,43,108,14.3333,36.0000
104,300,148,47,105,15.6667,35.0000
105,300,144,51,105,17.0000,35.0000
106,300,140,52,108,17.3333,36.0000
107,300,142,52,106,17.3333,35.3333
108,300,141,52,107,17.3333,35.6667
109,300,138,53,109,17.6667,36.3333
110,299,138,50,111,16.7224,37.1237
111,299,135,52,112,17.3913,37.4582
112,302,139,53,110,17.5497,36.4238
113,302,137,52,113,17.2185,37.4172
114,302,137,51,114,16.8874,37.7483
115,302,138,47,117,15.5629,38.7417
116,302,134,54,114,17.8808,37.7483
117,301,131,54,116,17.9402,38.5382
118,301,131,55,115,18.2724,38.2060
119,301,130,55,116,18.2724,38.5382
120,301,127,56,118,18.6047,39.2027
121,301,128,53,120,17.6080,39.8671
122,301,130,51,120,16.9435,39.8671
123,301,127,55,119,18.2724,39.5349
124,300,123,58,119,19.3333,39.6667
125,299,125,55,119,18.3946,39.7993
126,300,124,52,124,17.3333,41.3333
127,300,125,53,122,17.6667,40.6667
128,300,122,56,122,18.6667,40.6667
129,299,119,57,123,19.0635,41.1371
130,299,119,58,122,19.3980,40.8027
131,303,123,62,118,20.4620,38.9439
132,303,121,63,119,20.7921,39.2739
133,303,116,67,120,22.1122,39.6040
134,303,111,71,121,23.4323,39.9340
135,303,114,71,118,23.4323,38.9439
136,303,116,69,118,22.7723,38.9439
137,303,114,69,120,22.7723,39.6040
138,303,115,69,119,22.7723,39.2739
139,303,112,69,122,22.7723,40.2640
140,303,108,76,119,25.0825,39.2739
141,303,106,81,116,26.7327,38.2838
142,303,101,86,116,28.3828,38.2838
143,303,103,85,115,28.0528,37.9538
144,303,102,83,118,27.3927,38.9439
145,303,102,83,118,27.3927,38.9439
146,303,100,84,119,27.7228,39.2739
147,303,99,87,117,28.7129,38.6139
148,302,98,84,120,27.8146,39.7351
149,302,95,88,119,29.1391,39.4040
150,302,94,86,122,28.4768,40.3974
151,302,90,89,123,29.4702,40.7285
152,302,87,88,127,29.1391,42.0530
153,301,82,89,130,29.5681,43.1894
154,301,79,85,137,28.2392,45.5150
155,301,77,84,140,27.9070,46.5116
156,301,76,84,141,27.9070,46.8439
157,301,73,81,147,26.9103,48.8372
158,301,76,82,143,27.2425,47.5083
159,300,74,80,146,26.6667,48.6667
160,299,72,79,148,26.4214,49.4983
161,301,74,76,151,25.2492,50.1661
162,301,76,66,159,21.9269,52.8239
163,301,73,67,161,22.2591,53.4884
164,301,71,65,165,21.5947,54.8173
165,301,75,64,162,21.2625,53.8206
166,300,74,64,162,21.3333,54.0000
167,299,76,63,160,21.0702,53.5117
168,300,75,60,165,20.0000,55.0000
169,299,77,57,165,19.0635,55.1839
170,303,80,55,168,18.1518,55.4455
171,303,80,52,171,17.1617,56.4356
172,303,80,50,173,16.5017,57.0957
173,303,84,45,174,14.8515,57.4257
174,303,86,44,173,14.5215,57.0957
175,302,87,39,176,12.9139,58.2781
176,302,86,40,176,13.2450,58.2781
177,302,85,45,172,14.9007,56.9536
178,302,91,41,170,13.5762,56.2914
179,302,91,41,170,13.5762,56.2914
180,302,90,41,171,13.5762,56.6225
181,301,90,37,174,12.2924,57.8073
182,301,88,40,173,13.2890,57.4751
183,301,87,39,175,12.9568,58.1395
184,301,91,36,174,11.9601,57.8073
185,301,92,35,174,11.6279,57.8073
186,301,91,37,173,12.2924,57.4751
187,301,93,32,176,10.6312,58.4718
188,301,96,32,173,10.6312,57.4751
189,301,98,34,169,11.2957,56.1462
190,301,98,34,169,11.2957,56.1462
191,301,100,35,166,11.6279,55.1495
192,301,98,35,168,11.6279,55.8140
193,301,101,34,166,11.2957,55.1495
194,301,101,35,165,11.6279,54.8173
195,301,103,36,162,11.9601,53.8206
196,301,107,38,156,12.6246,51.8272
197,300,106,35,159,11.6667,53.0000
198,299,102,38,159,12.7090,53.1773
199,302,106,40,156,13.2450,51.6556
200,302,109,39,154,12.9139,50.9934
201,302,104,42,156,13.9073,51.6556
202,302,106,42,154,13.9073,50.9934
203,302,107,42,153,13.9073,50.6623
204,302,110,44,148,14.5695,49.0066
205,302,110,46,146,15.2318,48.3444
206,302,115,46,141,15.2318,46.6887
207,302,117,48,137,15.8940,45.3642
208,302,116,50,136,16.5563,45.0331
209,301,118,51,132,16.9435,43.8538
210,301,117,51,133,16.9435,44.1860
211,301,115,53,133,17.6080,44.1860
212,301,115,55,131,18.2724,43.5216
213,301,118,56,127,18.6047,42.1927
214,301,124,59,118,19.6013,39.2027
215,301,125,61,115,20.2658,38.2060
216,301,124,64,113,21.2625,37.5415
217,300,120,66,114,22.0000,38.0000
218,298,116,68,114,22.8188,38.2550
219,302,121,65,116,21.5232,38.4106
220,302,119,71,112,23.5099,37.0861
221,302,118,69,115,22.8477,38.0795
222,302,117,72,113,23.8411,37.4172
223,302,119,72,111,23.8411,36.7550
224,302,119,75,108,24.8344,35.7616
225,302,119,78,105,25.8278,34.7682
226,302,114,80,108,26.4901,35.7616
227,302,116,82,104,27.1523,34.4371
228,302,113,85,104,28.1457,34.4371
229,302,102,90,110,29.8013,36.4238
230,302,106,90,106,29.8013,35.0993
231,302,103,91,108,30.1325,35.7616
232,302,104,89,109,29.4702,36.0927
233,302,107,88,107,29.1391,35.4305
234,302,103,88,111,29.1391,36.7550
235,302,100,90,112,29.8013,37.0861
236,301,98,91,112,30.2326,37.2093
237,301,96,92,113,30.5648,37.5415
238,301,93,88,120,29.2359,39.8671
239,301,94,88,119,29.2359,39.5349
240,301,90,89,122,29.5681,40.5316
241,301,84,90,127,29.9003,42.1927
242,300,84,88,128,29.3333,42.6667
243,300,81,89,130,29.6667,43.3333
244,300,81,86,133,28.6667,44.3333
245,300,79,89,132,29.6667,44.0000
246,300,78,81,141,27.0000,47.0000
247,300,73,82,145,27.3333,48.3333
248,300,70,80,150,26.6667,50.0000
249,300,71,77,152,25.6667,50.6667
250,299,67,77,155,25.7525,51.8395
251,302,71,74,157,24.5033,51.9868
252,302,70,74,158,24.5033,52.3179
253,302,71,73,158,24.1722,52.3179
254,301,72,70,159,23.2558,52.8239
255,301,74,67,160,22.2591,53.1561
256,300,72,64,164,21.3333,54.6667
257,300,68,65,167,21.6667,55.6667
258,300,69,62,169,20.6667,56.3333
259,300,68,62,170,20.6667,56.6667
260,300,66,58,176,19.3333,58.6667
261,300,67,53,180,17.6667,60.0000
262,300,69,48,183,16.0000,61.0000
263,300,66,51,183,17.0000,61.0000
264,300,68,48,184,16.0000,61.3333
265,299,68,47,184,15.7191,61.5385
266,300,71,43,186,14.3333,62.0000
267,300,71,41,188,13.6667,62.6667
268,299,70,41,188,13.7124,62.8763
269,300,71,41,188,13.6667,62.6667
270,300,71,38,191,12.6667,63.6667
271,300,75,36,189,12.0000,63.0000
272,299,75,34,190,11.3712,63.5452
273,303,85,34,184,11.2211,60.7261
274,303,87,31,185,10.2310,61.0561
275,303,87,33,183,10.8911,60.3960
276,303,88,33,182,10.8911,60.0660
277,303,90,29,184,9.5710,60.7261
278,302,94,27,181,8.9404,59.9338
279,302,94,26,182,8.6093,60.2649
280,301,96,24,181,7.9734,60.1329
281,301,101,23,177,7.6412,58.8040
282,301,99,25,177,8.3056,58.8040
283,301,101,25,175,8.3056,58.1395
284,301,105,21,175,6.9767,58.1395
285,301,107,22,172,7.3090,57.1429
286,300,110,22,168,7.3333,56.0000
287,300,112,23,165,7.6667,55.0000
288,300,113,21,166,7.0000,55.3333
289,300,116,20,164,6.6667,54.6667
290,300,123,18,159,6.0000,53.0000
291,300,126,17,157,5.6667,52.3333
292,300,129,17,154,5.6667,51.3333
293,300,134,17,149,5.6667,49.6667
294,300,137,19,144,6.3333,48.0000
295,300,137,19,144,6.3333,48.0000
296,300,139,22,139,7.3333,46.3333
297,300,140,22,138,7.3333,46.0000
298,300,149,21,130,7.0000,43.3333
299,300,152,22,126,7.3333,42.0000
300,300,155,24,121,8.0000,40.3333
301,300,157,27,116,9.0000,38.6667
302,300,161,26,113,8.6667,37.6667
303,300,159,30,111,10.0000,37.0000
304,300,159,31,110,10.3333,36.6667
305,300,157,36,107,12.0000,35.6667
306,300,159,36,105,12.0000,35.0000
307,300,161,37,102,12.3333,34.0000
308,300,166,35,99,11.6667,33.0000
309,300,165,39,96,13.0000,32.0000
310,300,167,41,92,13.6667,30.6667
311,300,166,43,91,14.3333,30.3333
312,300,169,45,86,15.0000,28.6667
313,299,172,47,80,15.7191,26.7559
314,301,173,52,76,17.2757,25.2492
315,300,170,56,74,18.6667,24.6667
316,300,168,55,77,18.3333,25.6667
317,300,159,65,76,21.6667,25.3333
318,300,160,68,72,22.6667,24.0000
319,300,159,71,70,23.6667,23.3333
320,300,155,75,70,25.0000,23.3333
321,300,147,83,70,27.6667,23.3333
322,300,148,86,66,28.6667,22.0000
323,298,147,85,66,28.5235,22.1477
324,300,146,89,65,29.6667,21.6667
325,300,139,91,70,30.3333,23.3333
326,300,136,94,70,31.3333,23.3333
327,300,131,97,72,32.3333,24.0000
328,300,124,105,71,35.0000,23.6667
329,300,122,111,67,37.0000,22.3333
330,299,118,111,70,37.1237,23.4114
331,300,112,117,71,39.0000,23.6667
332,300,103,126,71,42.0000,23.6667
333,300,100,127,73,42.3333,24.3333
334,299,96,127,76,42.4749,25.4181
335,300,94,125,81,41.6667,27.0000
336,300,91,129,80,43.0000,26.6667
337,299,85,124,90,41.4716,30.1003
338,300,81,126,93,42.0000,31.0000
339,300,77,124,99,41.3333,33.0000
340,300,76,124,100,41.3333,33.3333
341,299,74,119,106,39.7993,35.4515
342,299,74,115,110,38.4615,36.7893
343,299,71,113,115,37.7926,38.4615
344,299,69,115,115,38.4615,38.4615
345,302,72,109,121,36.0927,40.0662
346,301,66,108,127,35.8804,42.1927
347,300,68,103,129,34.3333,43.0000
348,299,66,98,135,32.7759,45.1505
349,301,66,94,141,31.2292,46.8439
350,300,66,89,145,29.6667,48.3333
351,300,64,85,151,28.3333,50.3333
352,300,60,80,160,26.6667,53.3333
353,300,59,74,167,24.6667,55.6667
354,300,61,68,171,22.6667,57.0000
355,299,62,64,173,21.4047,57.8595
356,300,62,61,177,20.3333,59.0000
357,300,60,57,183,19.0000,61.0000
358,299,59,53,187,17.7258,62.5418
359,302,62,47,193,15.5629,63.9073
360,302,61,46,195,15.2318,64.5695
361,302,61,44,197,14.5695,65.2318
362,302,59,43,200,14.2384,66.2252
363,302,59,40,203,13.2450,67.2185
364,302,60,36,206,11.9205,68.2119
365,302,59,36,207,11.9205,68.5430
366,302,59,33,210,10.9272,69.5364
367,302,60,30,212,9.9338,70.1987
368,302,64,32,206,10.5960,68.2119
369,302,63,30,209,9.9338,69.2053
370,302,62,28,212,9.2715,70.1987
371,302,62,29,211,9.6026,69.8675
372,302,63,25,214,8.2781,70.8609
373,302,64,23,215,7.6159,71.1921
374,302,66,23,213,7.6159,70.5298
375,302,69,23,210,7.6159,69.5364
376,301,69,23,209,7.6412,69.4352
377,301,73,20,208,6.6445,69.1030
378,301,75,20,206,6.6445,68.4385
379,301,77,19,205,6.3123,68.1063
380,301,77,18,206,5.9801,68.4385
381,301,78,15,208,4.9834,69.1030
382,301,81,15,205,4.9834,68.1063
383,301,83,14,204,4.6512,67.7741
384,301,83,15,203,4.9834,67.4419
385,301,85,15,201,4.9834,66.7774
386,301,89,15,197,4.9834,65.4485
387,301,94,16,191,5.3156,63.4551
388,301,97,15,189,4.9834,62.7907
389,301,104,17,180,5.6478,59.8007
390,300,107,15,178,5.0000,59.3333
391,300,112,16,172,5.3333,57.3333
392,299,115,15,169,5.0167,56.5217
393,303,125,16,162,5.2805,53.4653
394,302,129,16,157,5.2980,51.9868
395,302,136,16,150,5.2980,49.6689
396,302,138,16,148,5.2980,49.0066
397,302,143,15,144,4.9669,47.6821
398,302,149,14,139,4.6358,46.0265
399,302,151,15,136,4.9669,45.0331
400,302,155,18,129,5.9603,42.7152
401,302,160,19,123,6.2914,40.7285
402,302,163,21,118,6.9536,39.0728
403,301,166,23,112,7.6412,37.2093
404,301,173,24,104,7.9734,34.5515
405,301,181,23,97,7.6412,32.2259
406,301,186,23,92,7.6412,30.5648
407,301,188,23,90,7.6412,29.9003
408,301,192,23,86,7.6412,28.5714
409,301,197,23,81,7.6412,26.9103
410,301,203,21,77,6.9767,25.5814
411,301,207,22,72,7.3090,23.9203
412,301,207,25,69,8.3056,22.9236
413,301,206,28,67,9.3023,22.2591
414,301,207,30,64,9.9668,21.2625
415,300,208,31,61,10.3333,20.3333
416,300,208,35,57,11.6667,19.0000
417,300,206,39,55,13.0000,18.3333
418,300,209,39,52,13.0000,17.3333
419,300,210,41,49,13.6667,16.3333
420,300,205,43,52,14.3333,17.3333
421,300,204,46,50,15.3333,16.6667
422,300,204,47,49,15.6667,16.3333
423,300,202,47,51,15.6667,17.0000
424,299,200,51,48,17.0569,16.0535
425,302,199,57,46,18.8742,15.2318
426,302,193,63,46,20.8609,15.2318
427,302,189,65,48,21.5232,15.8940
428,302,184,71,47,23.5099,15.5629
429,302,183,74,45,24.5033,14.9007
430,302,180,77,45,25.4967,14.9007
431,302,175,83,44,27.4834,14.5695
432,301,168,87,46,28.9037,15.2824
433,301,168,85,48,28.2392,15.9468
434,301,162,91,48,30.2326,15.9468
435,301,159,93,49,30.8970,16.2791
436,300,152,96,52,32.0000,17.3333
437,300,150,96,54,32.0000,18.0000
438,300,145,100,55,33.3333,18.3333
439,299,138,104,57,34.7826,19.0635
440,299,135,105,59,35.1171,19.7324
441,302,132,107,63,35.4305,20.8609
442,302,132,103,67,34.1060,22.1854
443,302,123,111,68,36.7550,22.5166
444,302,118,115,69,38.0795,22.8477
445,301,113,110,78,36.5449,25.9136
446,299,108,109,82,36.4548,27.4247
447,302,108,106,88,35.0993,29.1391
448,301,104,106,91,35.2159,30.2326
449,301,105,103,93,34.2193,30.8970
450,300,102,102,96,34.0000,32.0000
451,300,97,101,102,33.6667,34.0000
452,300,91,103,106,34.3333,35.3333
453,300,86,101,113,33.6667,37.6667
454,300,79,104,117,34.6667,39.0000
455,300,78,98,124,32.6667,41.3333
456,300,75,99,126,33.0000,42.0000
457,300,72,98,130,32.6667,43.3333
458,297,67,96,134,32.3232,45.1178
459,297,65,95,137,31.9865,46.1279
460,296,63,93,140,31.4189,47.2973
461,297,63,90,144,30.3030,48.4848
462,298,64,88,146,29.5302,48.9933
463,297,61,89,147,29.9663,49.4949
464,299,61,83,155,27.7592,51.8395
465,299,57,80,162,26.7559,54.1806
466,301,56,80,165,26.5781,54.8173
467,301,52,80,169,26.5781,56.1462
468,301,49,81,171,26.9103,56.8106
469,301,48,80,173,26.5781,57.4751
470,301,48,80,173,26.5781,57.4751
471,299,46,74,179,24.7492,59.8662
472,304,53,71,180,23.3553,59.2105
473,303,52,67,184,22.1122,60.7261
474,303,51,64,188,21.1221,62.0462
475,303,52,61,190,20.1320,62.7063
476,303,53,59,191,19.4719,63.0363
477,302,54,54,194,17.8808,64.2384
478,302,51,55,196,18.2119,64.9007
479,301,53,49,199,16.2791,66.1130
480,301,48,50,203,16.6113,67.4419
481,301,48,48,205,15.9468,68.1063
482,301,49,45,207,14.9502,68.7708
483,301,48,44,209,14.6179,69.4352
484,300,50,41,209,13.6667,69.6667
485,300,55,36,209,12.0000,69.6667
486,300,54,33,213,11.0000,71.0000
487,300,54,31,215,10.3333,71.6667
488,300,55,29,216,9.6667,72.0000
489,300,59,29,212,9.6667,70.6667
490,300,58,30,212,10.0000,70.6667
491,300,60,30,210,10.0000,70.0000
492,300,63,28,209,9.3333,69.6667
493,300,67,26,207,8.6667,69.0000
494,300,71,27,202,9.0000,67.3333
495,300,71,25,204,8.3333,68.0000
496,300,72,24,204,8.0000,68.0000
497,300,79,26,195,8.6667,65.0000
498,300,81,28,191,9.3333,63.6667
499,300,87,25,188,8.3333,62.6667
500,300,89,26,185,8.6667,61.6667
501,300,93,21,186,7.0000,62.0000
502,300,94,23,183,7.6667,61.0000
503,300,98,25,177,8.3333,59.0000
504,299,100,25,174,8.3612,58.1940
505,300,108,25,167,8.3333,55.6667
506,300,111,25,164,8.3333,54.6667
507,299,119,23,157,7.6923,52.5084
508,300,123,21,156,7.0000,52.0000
509,300,125,23,152,7.6667,50.6667
510,300,128,25,147,8.3333,49.0000
511,299,132,22,145,7.3579,48.4950
512,305,142,22,141,7.2131,46.2295
513,304,147,21,136,6.9079,44.7368
514,304,151,20,133,6.5789,43.7500
515,304,151,22,131,7.2368,43.0921
516,303,158,22,123,7.2607,40.5941
517,303,165,22,116,7.2607,38.2838
518,302,164,24,114,7.9470,37.7483
519,302,168,23,111,7.6159,36.7550
520,302,167,25,110,8.2781,36.4238
521,302,167,27,108,8.9404,35.7616
522,302,167,26,109,8.6093,36.0927
523,302,172,24,106,7.9470,35.0993
524,302,171,29,102,9.6026,33.7748
525,302,172,31,99,10.2649,32.7815
526,301,178,30,93,9.9668,30.8970
527,301,179,33,89,10.9635,29.5681
528,301,179,36,86,11.9601,28.5714
529,301,179,40,82,13.2890,27.2425
530,301,177,39,85,12.9568,28.2392
531,301,179,41,81,13.6213,26.9103
532,301,181,43,77,14.2857,25.5814
533,301,180,47,74,15.6146,24.5847
534,301,177,53,71,17.6080,23.5880
535,301,178,53,70,17.6080,23.2558
536,301,178,53,70,17.6080,23.2558
537,301,179,57,65,18.9369,21.5947
538,301,180,59,62,19.6013,20.5980
539,301,180,59,62,19.6013,20.5980
540,301,180,61,60,20.2658,19.9336
541,301,174,65,62,21.5947,20.5980
542,301,166,73,62,24.2525,20.5980
543,301,157,81,63,26.9103,20.9302
544,301,153,85,63,28.2392,20.9302
545,300,148,87,65,29.0000,21.6667
546,299,145,89,65,29.7659,21.7391
547,302,142,96,64,31.7881,21.1921
548,302,142,96,64,31.7881,21.1921
549,302,134,101,67,33.4437,22.1854
550,302,125,105,72,34.7682,23.8411
551,302,120,111,71,36.7550,23.5099
552,301,114,114,73,37.8738,24.2525
553,301,114,117,70,38.8704,23.2558
554,301,103,124,74,41.1960,24.5847
555,300,97,126,77,42.0000,25.6667
556,300,94,127,79,42.3333,26.3333
557,300,92,124,84,41.3333,28.0000
558,300,92,124,84,41.3333,28.0000
559,300,91,123,86,41.0000,28.6667
560,300,90,123,87,41.0000,29.0000
561,299,88,120,91,40.1338,30.4348
562,302,88,115,99,38.0795,32.7815
563,302,80,117,105,38.7417,34.7682
564,302,74,116,112,38.4106,37.0861
565,300,70,112,118,37.3333,39.3333
566,300,68,109,123,36.3333,41.0000
567,299,66,104,129,34.7826,43.1438
568,299,65,101,133,33.7793,44.4816
569,299,64,101,134,33.7793,44.8161
570,300,64,93,143,31.0000,47.6667
571,300,63,88,149,29.3333,49.6667
572,300,60,85,155,28.3333,51.6667
573,300,56,81,163,27.0000,54.3333
574,300,56,76,168,25.3333,56.0000
575,300,59,66,175,22.0000,58.3333
576,300,58,62,180,20.6667,60.0000
577,300,57,62,181,20.6667,60.3333
578,300,55,64,181,21.3333,60.3333
579,299,54,63,182,21.0702,60.8696
580,301,55,61,185,20.2658,61.4618
581,301,53,60,188,19.9336,62.4585
582,301,57,58,186,19.2691,61.7940
583,301,56,55,190,18.2724,63.1229
584,300,53,47,200,15.6667,66.6667
585,300,52,44,204,14.6667,68.0000
586,300,52,41,207,13.6667,69.0000
587,300,50,40,210,13.3333,70.0000
588,300,53,39,208,13.0000,69.3333
589,300,52,38,210,12.6667,70.0000
590,299,52,37,210,12.3746,70.2341
591,301,55,37,209,12.2924,69.4352
592,301,55,36,210,11.9601,69.7674
593,301,56,33,212,10.9635,70.4319
594,301,58,29,214,9.6346,71.0963
595,301,57,31,213,10.2990,70.7641
596,301,59,30,212,9.9668,70.4319
597,301,64,28,209,9.3023,69.4352
598,301,63,27,211,8.9701,70.0997
599,301,65,24,212,7.9734,70.4319
600,301,67,23,211,7.6412,70.0997
601,301,70,22,209,7.3090,69.4352
602,301,74,21,206,6.9767,68.4385
603,301,75,20,206,6.6445,68.4385
604,301,77,18,206,5.9801,68.4385
605,301,78,18,205,5.9801,68.1063
606,301,82,18,201,5.9801,66.7774
607,301,85,17,199,5.6478,66.1130
608,301,86,17,198,5.6478,65.7807
609,301,91,17,193,5.6478,64.1196
610,301,91,16,194,5.3156,64.4518
611,301,95,14,192,4.6512,63.7874
612,301,98,12,191,3.9867,63.4551
613,301,103,10,188,3.3223,62.4585
614,301,110,11,180,3.6545,59.8007
615,301,118,9,174,2.9900,57.8073
616,301,125,9,167,2.9900,55.4817
617,301,129,11,161,3.6545,53.4884
618,301,134,11,156,3.6545,51.8272
619,301,140,11,150,3.6545,49.8339
620,301,145,11,145,3.6545,48.1728
621,301,147,11,143,3.6545,47.5083
622,301,155,11,135,3.6545,44.8505
623,301,160,13,128,4.3189,42.5249
624,301,167,12,122,3.9867,40.5316
625,301,175,11,115,3.6545,38.2060
626,301,182,10,109,3.3223,36.2126
627,301,192,10,99,3.3223,32.8904
628,301,196,10,95,3.3223,31.5615
629,301,196,12,93,3.9867,30.8970
630,301,196,12,93,3.9867,30.8970
631,301,197,13,91,4.3189,30.2326
632,301,197,16,88,5.3156,29.2359
633,301,197,19,85,6.3123,28.2392
634,301,195,23,83,7.6412,27.5748
635,301,199,23,79,7.6412,26.2458
636,301,209,23,69,7.6412,22.9236
637,301,212,24,65,7.9734,21.5947
638,301,214,23,64,7.6412,21.2625
639,300,215,24,61,8.0000,20.3333
640,299,213,26,60,8.6957,20.0669
641,302,216,28,58,9.2715,19.2053
642,302,218,27,57,8.9404,18.8742
643,302,217,29,56,9.6026,18.5430
644,302,217,31,54,10.2649,17.8808
645,302,218,34,50,11.2583,16.5563
646,302,220,36,46,11.9205,15.2318
647,302,215,41,46,13.5762,15.2318
648,302,210,47,45,15.5629,14.9007
649,302,210,46,46,15.2318,15.2318
650,302,211,45,46,14.9007,15.2318
651,302,208,50,44,16.5563,14.5695
652,302,207,52,43,17.2185,14.2384
653,302,206,49,47,16.2252,15.5629
654,302,205,48,49,15.8940,16.2252
655,302,204,49,49,16.2252,16.2252
656,302,199,56,47,18.5430,15.5629
657,302,195,61,46,20.1987,15.2318
658,302,193,62,47,20.5298,15.5629
659,302,184,71,47,23.5099,15.5629
660,301,178,77,46,25.5814,15.2824
661,301,174,79,48,26.2458,15.9468
662,301,172,82,47,27.2425,15.6146
663,301,174,81,46,26.9103,15.2824
664,301,164,90,47,29.9003,15.6146
665,301,155,98,48,32.5581,15.9468
666,301,150,99,52,32.8904,17.2757
667,300,144,102,54,34.0000,18.0000
668,299,136,106,57,35.4515,19.0635
669,301,130,110,61,36.5449,20.2658
670,300,124,114,62,38.0000,20.6667
671,299,118,118,63,39.4649,21.0702
672,299,110,122,67,40.8027,22.4080
673,299,102,129,68,43.1438,22.7425
674,301,99,133,69,44.1860,22.9236
675,300,94,134,72,44.6667,24.0000
676,299,88,137,74,45.8194,24.7492
677,300,86,137,77,45.6667,25.6667
678,299,79,138,82,46.1538,27.4247
679,300,73,140,87,46.6667,29.0000
680,298,70,133,95,44.6309,31.8792
681,300,69,133,98,44.3333,32.6667
682,300,67,131,102,43.6667,34.0000
683,300,64,133,103,44.3333,34.3333
684,300,59,131,110,43.6667,36.6667
685,300,56,124,120,41.3333,40.0000
686,300,53,117,130,39.0000,43.3333
687,300,50,118,132,39.3333,44.0000
688,300,46,113,141,37.6667,47.0000
689,299,45,106,148,35.4515,49.4983
690,301,45,100,156,33.2226,51.8272
691,300,45,96,159,32.0000,53.0000
692,300,42,91,167,30.3333,55.6667
693,299,42,83,174,27.7592,58.1940
694,300,45,76,179,25.3333,59.6667
695,300,45,68,187,22.6667,62.3333
696,300,45,67,188,22.3333,62.6667
697,300,44,62,194,20.6667,64.6667
698,299,43,58,198,19.3980,66.2207
699,299,45,49,205,16.3880,68.5619
700,301,46,44,211,14.6179,70.0997
701,300,48,42,210,14.0000,70.0000
702,300,50,38,212,12.6667,70.6667
703,300,51,36,213,12.0000,71.0000
704,300,50,32,218,10.6667,72.6667
705,300,53,32,215,10.6667,71.6667
706,300,56,28,216,9.3333,72.0000
707,300,58,25,217,8.3333,72.3333
708,298,55,23,220,7.7181,73.8255
709,301,57,22,222,7.3090,73.7542
710,301,59,19,223,6.3123,74.0864
711,301,60,18,223,5.9801,74.0864
712,301,61,16,224,5.3156,74.4186
713,301,63,14,224,4.6512,74.4186
714,301,62,16,223,5.3156,74.0864
715,301,62,17,222,5.6478,73.7542
716,301,65,15,221,4.9834,73.4219
717,301,67,15,219,4.9834,72.7575
718,301,69,17,215,5.6478,71.4286
719,301,73,16,212,5.3156,70.4319
720,301,76,16,209,5.3156,69.4352
721,301,79,16,206,5.3156,68.4385
722,301,79,17,205,5.6478,68.1063
723,301,81,17,203,5.6478,67.4419
724,301,85,17,199,5.6478,66.1130
725,301,85,16,200,5.3156,66.4452
726,301,87,14,200,4.6512,66.4452
727,301,90,14,197,4.6512,65.4485
728,301,92,14,195,4.6512,64.7841
729,301,95,12,194,3.9867,64.4518
730,301,100,12,189,3.9867,62.7907
731,301,103,14,184,4.6512,61.1296
732,301,112,14,175,4.6512,58.1395
733,301,115,15,171,4.9834,56.8106
734,301,118,15,168,4.9834,55.8140
735,301,119,14,168,4.6512,55.8140
736,301,125,15,161,4.9834,53.4884
737,301,135,15,151,4.9834,50.1661
738,301,145,12,144,3.9867,47.8405
739,301,148,12,141,3.9867,46.8439
740,301,157,12,132,3.9867,43.8538
741,301,161,15,125,4.9834,41.5282
742,301,171,14,116,4.6512,38.5382
743,301,175,12,114,3.9867,37.8738
744,301,183,12,106,3.9867,35.2159
745,301,189,12,100,3.9867,33.2226
746,301,193,14,94,4.6512,31.2292
747,301,199,17,85,5.6478,28.2392
748,300,194,23,83,7.6667,27.6667
749,299,200,23,76,7.6923,25.4181
750,301,202,26,73,8.6379,24.2525
751,300,207,26,67,8.6667,22.3333
752,300,207,31,62,10.3333,20.6667
753,300,207,32,61,10.6667,20.3333
754,300,209,32,59,10.6667,19.6667
755,300,211,32,57,10.6667,19.0000
756,300,215,32,53,10.6667,17.6667
757,300,211,38,51,12.6667,17.0000
758,300,212,42,46,14.0000,15.3333
759,300,208,49,43,16.3333,14.3333
760,300,204,56,40,18.6667,13.3333
761,300,200,60,40,20.0000,13.3333
762,300,199,63,38,21.0000,12.6667
763,300,198,65,37,21.6667,12.3333
764,300,198,67,35,22.3333,11.6667
765,300,193,74,33,24.6667,11.0000
766,300,187,79,34,26.3333,11.3333
767,300,180,82,38,27.3333,12.6667
768,300,174,86,40,28.6667,13.3333
769,300,170,87,43,29.0000,14.3333
770,300,167,90,43,30.0000,14.3333
771,298,165,88,45,29.5302,15.1007
772,301,160,93,48,30.8970,15.9468
773,301,154,97,50,32.2259,16.6113
774,301,143,105,53,34.8837,17.6080
775,301,137,111,53,36.8771,17.6080
776,301,135,113,53,37.5415,17.6080
777,299,132,112,55,37.4582,18.3946
778,303,133,115,55,37.9538,18.1518
779,302,127,116,59,38.4106,19.5364
780,302,125,111,66,36.7550,21.8543
781,302,122,110,70,36.4238,23.1788
782,301,114,110,77,36.5449,25.5814
783,301,110,114,77,37.8738,25.5814
784,301,107,114,80,37.8738,26.5781
785,301,100,117,84,38.8704,27.9070
786,300,99,116,85,38.6667,28.3333
787,299,95,109,95,36.4548,31.7726
788,300,92,106,102,35.3333,34.0000
789,300,90,103,107,34.3333,35.6667
790,300,91,101,108,33.6667,36.0000
791,300,90,98,112,32.6667,37.3333
792,300,89,95,116,31.6667,38.6667
793,300,84,94,122,31.3333,40.6667
794,298,82,82,134,27.5168,44.9664
795,296,84,77,135,26.0135,45.6081
796,302,89,73,140,24.1722,46.3576
797,302,86,74,142,24.5033,47.0199
798,302,84,68,150,22.5166,49.6689
799,302,83,65,154,21.5232,50.9934
800,302,82,62,158,20.5298,52.3179
801,301,80,60,161,19.9336,53.4884
802,301,76,57,168,18.9369,55.8140
803,300,75,55,170,18.3333,56.6667
804,300,74,53,173,17.6667,57.6667
805,299,72,54,173,18.0602,57.8595
806,302,72,53,177,17.5497,58.6093
807,302,71,48,183,15.8940,60.5960
808,302,72,44,186,14.5695,61.5894
809,301,70,43,188,14.2857,62.4585
810,301,69,43,189,14.2857,62.7907
811,301,68,42,191,13.9535,63.4551
812,301,68,42,191,13.9535,63.4551
813,301,70,38,193,12.6246,64.1196
814,301,70,35,196,11.6279,65.1163
815,301,69,35,197,11.6279,65.4485
816,300,68,36,196,12.0000,65.3333
817,300,68,33,199,11.0000,66.3333
818,299,69,31,199,10.3679,66.5552
819,301,72,31,198,10.2990,65.7807
820,301,75,32,194,10.6312,64.4518
821,301,79,31,191,10.2990,63.4551
822,301,78,27,196,8.9701,65.1163
823,301,81,24,196,7.9734,65.1163
824,301,83,22,196,7.3090,65.1163
825,301,83,23,195,7.6412,64.7841
826,300,86,22,192,7.3333,64.0000
827,300,86,17,197,5.6667,65.6667
828,300,84,19,197,6.3333,65.6667
829,300,87,20,193,6.6667,64.3333
830,299,85,21,193,7.0234,64.5485
831,301,89,22,190,7.3090,63.1229
832,301,95,24,182,7.9734,60.4651
833,301,99,27,175,8.9701,58.1395
834,301,105,28,168,9.3023,55.8140
835,301,104,27,170,8.9701,56.4784
836,301,107,26,168,8.6379,55.8140
837,301,110,27,164,8.9701,54.4850
838,301,113,27,161,8.9701,53.4884
839,301,122,27,152,8.9701,50.4983
840,301,128,26,147,8.6379,48.8372
841,301,132,26,143,8.6379,47.5083
842,301,133,28,140,9.3023,46.5116
843,301,135,30,136,9.9668,45.1827
844,301,136,33,132,10.9635,43.8538
845,301,136,36,129,11.9601,42.8571
846,301,144,40,117,13.2890,38.8704
847,301,144,42,115,13.9535,38.2060
848,301,145,44,112,14.6179,37.2093
849,300,147,43,110,14.3333,36.6667
850,300,155,42,103,14.0000,34.3333
851,300,154,44,102,14.6667,34.0000
852,300,155,43,102,14.3333,34.0000
853,299,157,42,100,14.0468,33.4448
854,300,161,45,94,15.0000,31.3333
855,300,160,48,92,16.0000,30.6667
856,300,163,49,88,16.3333,29.3333
857,300,159,54,87,18.0000,29.0000
858,300,163,55,82,18.3333,27.3333
859,300,166,58,76,19.3333,25.3333
860,300,166,60,74,20.0000,24.6667
861,300,165,63,72,21.0000,24.0000
862,300,162,66,72,22.0000,24.0000
863,300,158,67,75,22.3333,25.0000
864,300,153,71,76,23.6667,25.3333
865,299,154,69,76,23.0769,25.4181
866,299,159,63,77,21.0702,25.7525
867,303,157,67,79,22.1122,26.0726
868,303,153,69,81,22.7723,26.7327
869,303,149,73,81,24.0924,26.7327
870,303,144,79,80,26.0726,26.4026
871,303,138,87,78,28.7129,25.7426
872,303,131,88,84,29.0429,27.7228
873,303,131,87,85,28.7129,28.0528
874,303,133,88,82,29.0429,27.0627
875,303,133,84,86,27.7228,28.3828
876,303,129,91,83,30.0330,27.3927
877,303,122,97,84,32.0132,27.7228
878,303,117,100,86,33.0033,28.3828
879,303,119,100,84,33.0033,27.7228
880,303,114,102,87,33.6634,28.7129
881,302,110,101,91,33.4437,30.1325
882,301,109,103,89,34.2193,29.5681
883,299,106,97,96,32.4415,32.1070
884,300,103,98,99,32.6667,33.0000
885,300,95,102,103,34.0000,34.3333
886,300,93,102,105,34.0000,35.0000
887,300,90,103,107,34.3333,35.6667
888,300,87,103,110,34.3333,36.6667
889,298,81,102,115,34.2282,38.5906
890,303,82,100,121,33.0033,39.9340
891,302,81,96,125,31.7881,41.3907
892,300,80,91,129,30.3333,43.0000
893,300,79,88,133,29.3333,44.3333
894,300,77,88,135,29.3333,45.0000
895,299,73,91,135,30.4348,45.1505
896,300,71,88,141,29.3333,47.0000
897,299,70,84,145,28.0936,48.4950
898,303,71,80,152,26.4026,50.1650
899,303,68,80,155,26.4026,51.1551
900,303,68,75,160,24.7525,52.8053
901,303,67,75,161,24.7525,53.1353
902,303,68,72,163,23.7624,53.7954
903,302,69,71,162,23.5099,53.6424
904,301,71,69,161,22.9236,53.4884
905,301,71,60,170,19.9336,56.4784
906,301,69,61,171,20.2658,56.8106
907,301,70,57,174,18.9369,57.8073
908,300,68,56,176,18.6667,58.6667
909,300,67,51,182,17.0000,60.6667
910,300,65,47,188,15.6667,62.6667
911,300,63,49,188,16.3333,62.6667
912,300,64,47,189,15.6667,63.0000
913,300,60,47,193,15.6667,64.3333
914,300,57,49,194,16.3333,64.6667
915,300,61,47,192,15.6667,64.0000
916,300,62,45,193,15.0000,64.3333
917,300,64,41,195,13.6667,65.0000
918,300,68,40,192,13.3333,64.0000
919,300,70,37,193,12.3333,64.3333
920,299,71,35,193,11.7057,64.5485
921,301,76,34,191,11.2957,63.4551
922,301,76,32,193,10.6312,64.1196
923,301,74,34,193,11.2957,64.1196
924,299,77,34,188,11.3712,62.8763
925,299,80,33,186,11.0368,62.2074
926,301,81,36,184,11.9601,61.1296
927,300,88,32,180,10.6667,60.0000
928,300,86,32,182,10.6667,60.6667
929,300,89,32,179,10.6667,59.6667
930,300,91,30,179,10.0000,59.6667
931,300,94,27,179,9.0000,59.6667
932,300,96,28,176,9.3333,58.6667
933,300,100,27,173,9.0000,57.6667
934,299,99,21,179,7.0234,59.8662
935,300,106,21,173,7.0000,57.6667
936,300,106,24,170,8.0000,56.6667
937,300,109,24,167,8.0000,55.6667
938,300,110,23,167,7.6667,55.6667
939,300,113,24,163,8.0000,54.3333
940,300,115,24,161,8.0000,53.6667
941,300,118,25,157,8.3333,52.3333
942,300,124,25,151,8.3333,50.3333
943,300,126,26,148,8.6667,49.3333
944,300,131,25,144,8.3333,48.0000
945,300,134,24,142,8.0000,47.3333
946,300,133,28,139,9.3333,46.3333
947,300,132,26,142,8.6667,47.3333
948,300,137,25,138,8.3333,46.0000
949,300,143,26,131,8.6667,43.6667
950,300,148,29,123,9.6667,41.0000
951,300,152,28,120,9.3333,40.0000
952,300,155,31,114,10.3333,38.0000
953,300,156,31,113,10.3333,37.6667
954,299,159,30,110,10.0334,36.7893
955,306,167,29,110,9.4771,35.9477
956,306,166,31,109,10.1307,35.6209
957,306,173,33,100,10.7843,32.6797
958,306,172,36,98,11.7647,32.0261
959,306,172,39,95,12.7451,31.0458
960,306,172,40,94,13.0719,30.7190
961,306,174,42,90,13.7255,29.4118
962,306,181,41,84,13.3987,27.4510
963,306,177,43,86,14.0523,28.1046
964,306,177,46,83,15.0327,27.1242
965,306,176,49,81,16.0131,26.4706
966,306,177,48,81,15.6863,26.4706
967,306,174,51,81,16.6667,26.4706
968,306,173,53,80,17.3203,26.1438
969,306,168,62,76,20.2614,24.8366
970,306,162,68,76,22.2222,24.8366
971,306,161,71,74,23.2026,24.1830
972,306,159,75,72,24.5098,23.5294
973,306,153,80,73,26.1438,23.8562
974,305,146,88,71,28.8525,23.2787
975,305,144,91,70,29.8361,22.9508
976,305,140,94,71,30.8197,23.2787
977,305,133,100,72,32.7869,23.6066
978,305,125,103,77,33.7705,25.2459
979,305,116,112,77,36.7213,25.2459
980,305,114,111,80,36.3934,26.2295
981,305,112,109,84,35.7377,27.5410
982,305,111,113,81,37.0492,26.5574
983,305,108,116,81,38.0328,26.5574
984,305,99,121,85,39.6721,27.8689
985,305,94,124,87,40.6557,28.5246
986,305,95,127,83,41.6393,27.2131
987,305,94,125,86,40.9836,28.1967
988,305,91,124,90,40.6557,29.5082
989,305,87,123,95,40.3279,31.1475
990,303,86,116,101,38.2838,33.3333
991,302,83,112,107,37.0861,35.4305
992,302,79,115,108,38.0795,35.7616
993,302,75,114,113,37.7483,37.4172
994,302,72,108,122,35.7616,40.3974
995,302,71,104,127,34.4371,42.0530
996,301,72,100,129,33.2226,42.8571
997,301,74,92,135,30.5648,44.8505
998,301,72,90,139,29.9003,46.1794
999,300,71,83,146,27.6667,48.6667
1000,299,70,75,154,25.0836,51.5050
1001,301,66,79,156,26.2458,51.8272
1002,301,63,79,159,26.2458,52.8239
1003,301,62,75,164,24.9169,54.4850
1004,301,61,70,170,23.2558,56.4784
1005,301,61,63,177,20.9302,58.8040
1006,301,57,62,182,20.5980,60.4651
1007,301,58,58,185,19.2691,61.4618
1008,301,59,56,186,18.6047,61.7940
1009,301,56,57,188,18.9369,62.4585
1010,301,57,53,191,17.6080,63.4551
1011,301,58,51,192,16.9435,63.7874
1012,301,57,48,196,15.9468,65.1163
1013,301,59,45,197,14.9502,65.4485
1014,301,57,43,201,14.2857,66.7774
1015,301,58,41,202,13.6213,67.1096
1016,301,56,41,204,13.6213,67.7741
1017,301,58,41,202,13.6213,67.1096
1018,301,59,39,203,12.9568,67.4419
1019,301,61,39,201,12.9568,66.7774
1020,301,62,34,205,11.2957,68.1063
1021,301,63,31,207,10.2990,68.7708
1022,301,64,26,211,8.6379,70.0997
1023,301,65,24,212,7.9734,70.4319
1024,301,65,24,212,7.9734,70.4319
1025,301,67,23,211,7.6412,70.0997
1026,301,67,20,214,6.6445,71.0963
1027,301,67,18,216,5.9801,71.7608
1028,301,68,19,214,6.3123,71.0963
1029,301,70,17,214,5.6478,71.0963
1030,301,75,15,211,4.9834,70.0997
1031,301,78,15,208,4.9834,69.1030
1032,301,83,14,204,4.6512,67.7741
1033,301,87,13,201,4.3189,66.7774
1034,301,87,11,203,3.6545,67.4419
1035,301,90,9,202,2.9900,67.1096
1036,301,94,8,199,2.6578,66.1130
1037,301,97,7,197,2.3256,65.4485
1038,301,99,7,195,2.3256,64.7841
1039,301,104,5,192,1.6611,63.7874
1040,301,108,5,188,1.6611,62.4585
1041,301,114,5,182,1.6611,60.4651
1042,301,122,4,175,1.3289,58.1395
1043,301,128,4,169,1.3289,56.1462
1044,301,130,3,168,0.9967,55.8140
1045,301,136,2,163,0.6645,54.1528
1046,301,145,2,154,0.6645,51.1628
1047,301,151,2,148,0.6645,49.1694
1048,301,155,2,144,0.6645,47.8405
1049,301,164,0,137,0.0000,45.5150
1050,301,168,0,133,0.0000,44.1860
1051,301,178,0,123,0.0000,40.8638
1052,301,188,0,113,0.0000,37.5415
1053,301,190,0,111,0.0000,36.8771
1054,301,193,0,108,0.0000,35.8804
1055,301,199,0,102,0.0000,33.8870
1056,301,205,0,96,0.0000,31.8937
1057,301,213,0,88,0.0000,29.2359
1058,301,218,0,83,0.0000,27.5748
1059,301,223,0,78,0.0000,25.9136
1060,301,226,0,75,0.0000,24.9169
1061,301,229,0,72,0.0000,23.9203
1062,300,232,0,68,0.0000,22.6667
1063,300,234,0,66,0.0000,22.0000
1064,300,239,0,61,0.0000,20.3333
1065,300,242,0,58,0.0000,19.3333
1066,300,247,0,53,0.0000,17.6667
1067,300,250,0,50,0.0000,16.6667
1068,300,252,0,48,0.0000,16.0000
1069,300,252,0,48,0.0000,16.0000
1070,300,255,0,45,0.0000,15.0000
1071,300,256,0,44,0.0000,14.6667
1072,300,261,0,39,0.0000,13.0000
1073,300,264,0,36,0.0000,12.0000
1074,300,270,0,30,0.0000,10.0000
1075,300,273,0,27,0.0000,9.0000
1076,300,274,0,26,0.0000,8.6667
1077,300,275,0,25,0.0000,8.3333
1078,300,278,0,22,0.0000,7.3333
1079,300,280,0,20,0.0000,6.6667
1080,300,281,0,19,0.0000,6.3333
1081,300,283,0,17,0.0000,5.6667
1082,300,285,0,15,0.0000,5.0000
1083,300,285,0,15,0.0000,5.0000
1084,300,286,0,14,0.0000,4.6667
1085,300,287,0,13,0.0000,4.3333
1086,300,289,0,11,0.0000,3.6667
1087,300,291,0,9,0.0000,3.0000
1088,300,292,0,8,0.0000,2.6667
1089,300,293,0,7,0.0000,2.3333
1090,300,293,0,7,0.0000,2.3333
1091,300,295,0,5,0.0000,1.6667
1092,300,295,0,5,0.0000,1.6667
1093,300,295,0,5,0.0000,1.6667
1094,300,296,0,4,0.0000,1.3333
1095,300,296,0,4,0.0000,1.3333
1096,300,297,0,3,0.0000,1.0000
1097,300,298,0,2,0.0000,0.6667
1098,300,298,0,2,0.0000,0.6667
1099,300,298,0,2,0.0000,0.6667
1100,300,298,0,2,0.0000,0.6667
1101,300,300,0,0,0.0000,0.0000
1102,300,300,0,0,0.0000,0.0000
1103,300,300,0,0,0.0000,0.0000
1104,300,300,0,0,0.0000,0.0000
1105,300,300,0,0,0.0000,0.0000
1106,300,300,0,0,0.0000,0.0000
1107,300,300,0,0,0.0000,0.0000
1108,300,300,0,0,0.0000,0.0000
1109,299,299,0,0,0.0000,0.0000
1110,301,301,0,0,0.0000,0.0000
1111,301,301,0,0,0.0000,0.0000
1112,300,300,0,0,0.0000,0.0000
1113,300,300,0,0,0.0000,0.0000
1114,300,300,0,0,0.0000,0.0000
1115,300,300,0,0,0.0000,0.0000
1116,300,300,0,0,0.0000,0.0000
1117,300,300,0,0,0.0000,0.0000
1118,300,300,0,0,0.0000,0.0000
1119,300,300,0,0,0.0000,0.0000
1120,300,300,0,0,0.0000,0.0000
1121,300,300,0,0,0.0000,0.0000
1122,300,300,0,0,0.0000,0.0000
1123,300,300,0,0,0.0000,0.0000
1124,300,300,0,0,0.0000,0.0000
1125,300,300,0,0,0.0000,0.0000
1126,300,300,0,0,0.0000,0.0000
1127,300,300,0,0,0.0000,0.0000
1128,300,300,0,0,0.0000,0.0000
1129,300,300,0,0,0.0000,0.0000
1130,300,300,0,0,0.0000,0.0000
1131,299,299,0,0,0.0000,0.0000
1132,304,304,0,0,0.0000,0.0000
1133,304,304,0,0,0.0000,0.0000
1134,304,304,0,0,0.0000,0.0000
1135,304,304,0,0,0.0000,0.0000
1136,304,304,0,0,0.0000,0.0000
1137,304,304,0,0,0.0000,0.0000
1138,304,304,0,0,0.0000,0.0000
1139,304,304,0,0,0.0000,0.0000
1140,304,304,0,0,0.0000,0.0000
1141,304,304,0,0,0.0000,0.0000
1142,304,304,0,0,0.0000,0.0000
1143,304,304,0,0,0.0000,0.0000
1144,304,304,0,0,0.0000,0.0000
1145,304,304,0,0,0.0000,0.0000
1146,304,304,0,0,0.0000,0.0000
1147,304,304,0,0,0.0000,0.0000
1148,304,304,0,0,0.0000,0.0000
1149,304,304,0,0,0.0000,0.0000
1150,304,304,0,0,0.0000,0.0000
1151,304,304,0,0,0.0000,0.0000
1152,304,304,0,0,0.0000,0.0000
1153,304,304,0,0,0.0000,0.0000
1154,304,304,0,0,0.0000,0.0000
1155,304,304,0,0,0.0000,0.0000
1156,304,304,0,0,0.0000,0.0000
1157,304,304,0,0,0.0000,0.0000
1158,304,304,0,0,0.0000,0.0000
1159,304,304,0,0,0.0000,0.0000
1160,304,304,0,0,0.0000,0.0000
1161,304,304,0,0,0.0000,0.0000
1162,304,304,0,0,0.0000,0.0000
1163,304,304,0,0,0.0000,0.0000
1164,304,304,0,0,0.0000,0.0000
1165,304,304,0,0,0.0000,0.0000
1166,304,304,0,0,0.0000,0.0000
1167,304,304,0,0,0.0000,0.0000
1168,304,304,0,0,0.0000,0.0000
1169,304,304,0,0,0.0000,0.0000
1170,304,304,0,0,0.0000,0.0000
1171,304,304,0,0,0.0000,0.0000
1172,304,304,0,0,0.0000,0.0000
1173,304,304,0,0,0.0000,0.0000
1174,304,304,0,0,0.0000,0.0000
1175,304,304,0,0,0.0000,0.0000
1176,304,304,0,0,0.0000,0.0000
1177,304,304,0,0,0.0000,0.0000
1178,304,304,0,0,0.0000,0.0000
1179,304,304,0,0,0.0000,0.0000
1180,304,304,0,0,0.0000,0.0000
1181,304,304,0,0,0.0000,0.0000
1182,304,304,0,0,0.0000,0.0000
1183,304,304,0,0,0.0000,0.0000
1184,304,304,0,0,0.0000,0.0000
1185,304,304,0,0,0.0000,0.0000
1186,304,304,0,0,0.0000,0.0000
1187,304,304,0,0,0.0000,0.0000
1188,304,304,0,0,0.0000,0.0000
1189,304,304,0,0,0.0000,0.0000
1190,304,304,0,0,0.0000,0.0000
1191,304,304,0,0,0.0000,0.0000
1192,304,304,0,0,0.0000,0.0000
1193,304,304,0,0,0.0000,0.0000
1194,304,304,0,0,0.0000,0.0000
1195,304,304,0,0,0.0000,0.0000
1196,304,304,0,0,0.0000,0.0000
1197,303,303,0,0,0.0000,0.0000
1198,303,303,0,0,0.0000,0.0000
1199,303,303,0,0,0.0000,0.0000
1200,303,303,0,0,0.0000,0.0000
1201,303,303,0,0,0.0000,0.0000
1202,303,303,0,0,0.0000,0.0000
1203,303,303,0,0,0.0000,0.0000
1204,303,303,0,0,0.0000,0.0000
1205,303,303,0,0,0.0000,0.0000
1206,303,303,0,0,0.0000,0.0000
1207,303,303,0,0,0.0000,0.0000
1208,303,303,0,0,0.0000,0.0000
1209,302,302,0,0,0.0000,0.0000
1210,302,302,0,0,0.0000,0.0000
1211,302,302,0,0,0.0000,0.0000
1212,301,301,0,0,0.0000,0.0000
1213,301,301,0,0,0.0000,0.0000
1214,301,301,0,0,0.0000,0.0000
1215,300,300,0,0,0.0000,0.0000
1216,300,300,0,0,0.0000,0.0000
1217,300,300,0,0,0.0000,0.0000
1218,300,300,0,0,0.0000,0.0000
1219,300,300,0,0,0.0000,0.0000
1220,300,300,0,0,0.0000,0.0000
1221,300,300,0,0,0.0000,0.0000
1222,300,300,0,0,0.0000,0.0000
1223,300,300,0,0,0.0000,0.0000
1224,299,299,0,0,0.0000,0.0000
1225,301,301,0,0,0.0000,0.0000
1226,301,301,0,0,0.0000,0.0000
1227,301,301,0,0,0.0000,0.0000
1228,301,301,0,0,0.0000,0.0000
1229,301,301,0,0,0.0000,0.0000
1230,301,301,0,0,0.0000,0.0000
1231,301,301,0,0,0.0000,0.0000
1232,301,301,0,0,0.0000,0.0000
1233,301,301,0,0,0.0000,0.0000
1234,301,301,0,0,0.0000,0.0000
1235,301,301,0,0,0.0000,0.0000
1236,301,301,0,0,0.0000,0.0000
1237,301,301,0,0,0.0000,0.0000
1238,301,301,0,0,0.0000,0.0000
1239,301,301,0,0,0.0000,0.0000
1240,301,301,0,0,0.0000,0.0000
1241,301,301,0,0,0.0000,0.0000
1242,301,301,0,0,0.0000,0.0000
1243,301,301,0,0,0.0000,0.0000
1244,301,301,0,0,0.0000,0.0000
1245,301,301,0,0,0.0000,0.0000
1246,301,301,0,0,0.0000,0.0000
1247,301,301,0,0,0.0000,0.0000
1248,301,301,0,0,0.0000,0.0000
1249,301,301,0,0,0.0000,0.0000
1250,301,301,0,0,0.0000,0.0000
1251,301,301,0,0,0.0000,0.0000
1252,301,301,0,0,0.0000,0.0000
1253,301,301,0,0,0.0000,0.0000
1254,301,301,0,0,0.0000,0.0000
1255,301,301,0,0,0.0000,0.0000
1256,301,301,0,0,0.0000,0.0000
1257,301,301,0,0,0.0000,0.0000
1258,301,301,0,0,0.0000,0.0000
1259,301,301,0,0,0.0000,0.0000
1260,301,301,0,0,0.0000,0.0000
1261,301,301,0,0,0.0000,0.0000
1262,301,301,0,0,0.0000,0.0000
1263,301,301,0,0,0.0000,0.0000
1264,301,301,0,0,0.0000,0.0000
1265,301,301,0,0,0.0000,0.0000
1266,301,301,0,0,0.0000,0.0000
1267,301,301,0,0,0.0000,0.0000
1268,301,301,0,0,0.0000,0.0000
1269,301,301,0,0,0.0000,0.0000
1270,300,300,0,0,0.0000,0.0000
1271,300,300,0,0,0.0000,0.0000
1272,300,300,0,0,0.0000,0.0000
1273,300,300,0,0,0.0000,0.0000
1274,300,300,0,0,0.0000,0.0000
1275,300,300,0,0,0.0000,0.0000
1276,299,299,0,0,0.0000,0.0000
1277,301,301,0,0,0.0000,0.0000
1278,301,301,0,0,0.0000,0.0000
1279,301,301,0,0,0.0000,0.0000
1280,301,301,0,0,0.0000,0.0000
1281,301,301,0,0,0.0000,0.0000
1282,301,301,0,0,0.0000,0.0000
1283,301,301,0,0,0.0000,0.0000
1284,301,301,0,0,0.0000,0.0000
1285,301,301,0,0,0.0000,0.0000
1286,301,301,0,0,0.0000,0.0000
1287,301,301,0,0,0.0000,0.0000
1288,301,301,0,0,0.0000,0.0000
1289,301,301,0,0,0.0000,0.0000
1290,301,301,0,0,0.0000,0.0000
1291,301,301,0,0,0.0000,0.0000
1292,301,301,0,0,0.0000,0.0000
1293,301,301,0,0,0.0000,0.0000
1294,301,301,0,0,0.0000,0.0000
1295,301,301,0,0,0.0000,0.0000
1296,301,301,0,0,0.0000,0.0000
1297,301,301,0,0,0.0000,0.0000
1298,301,301,0,0,0.0000,0.0000
1299,301,301,0,0,0.0000,0.0000
1300,301,301,0,0,0.0000,0.0000
1301,301,301,0,0,0.0000,0.0000
1302,301,301,0,0,0.0000,0.0000
1303,301,301,0,0,0.0000,0.0000
1304,301,301,0,0,0.0000,0.0000
1305,301,301,0,0,0.0000,0.0000
1306,301,301,0,0,0.0000,0.0000
1307,301,301,0,0,0.0000,0.0000
1308,301,301,0,0,0.0000,0.0000
1309,301,301,0,0,0.0000,0.0000
1310,301,301,0,0,0.0000,0.0000
1311,301,301,0,0,0.0000,0.0000
1312,301,301,0,0,0.0000,0.0000
1313,301,301,0,0,0.0000,0.0000
1314,301,301,0,0,0.0000,0.0000
1315,301,301,0,0,0.0000,0.0000
1316,301,301,0,0,0.0000,0.0000
1317,301,301,0,0,0.0000,0.0000
1318,301,301,0,0,0.0000,0.0000
1319,300,300,0,0,0.0000,0.0000
1320,300,300,0,0,0.0000,0.0000
1321,300,300,0,0,0.0000,0.0000
1322,300,300,0,0,0.0000,0.0000
1323,300,300,0,0,0.0000,0.0000
1324,300,300,0,0,0.0000,0.0000
1325,299,299,0,0,0.0000,0.0000
1326,303,303,0,0,0.0000,0.0000
1327,303,303,0,0,0.0000,0.0000
1328,303,303,0,0,0.0000,0.0000
1329,303,303,0,0,0.0000,0.0000
1330,303,303,0,0,0.0000,0.0000
1331,303,303,0,0,0.0000,0.0000
1332,303,303,0,0,0.0000,0.0000
1333,303,303,0,0,0.0000,0.0000
1334,303,303,0,0,0.0000,0.0000
1335,303,303,0,0,0.0000,0.0000
1336,303,303,0,0,0.0000,0.0000
1337,303,303,0,0,0.0000,0.0000
1338,303,303,0,0,0.0000,0.0000
1339,303,303,0,0,0.0000,0.0000
1340,303,303,0,0,0.0000,0.0000
1341,303,303,0,0,0.0000,0.0000
1342,303,303,0,0,0.0000,0.0000
1343,303,303,0,0,0.0000,0.0000
1344,303,303,0,0,0.0000,0.0000
1345,303,303,0,0,0.0000,0.0000
1346,303,303,0,0,0.0000,0.0000
1347,303,303,0,0,0.0000,0.0000
1348,303,303,0,0,0.0000,0.0000
1349,303,303,0,0,0.0000,0.0000
1350,303,303,0,0,0.0000,0.0000
1351,303,303,0,0,0.0000,0.0000
1352,302,302,0,0,0.0000,0.0000
1353,302,302,0,0,0.0000,0.0000
1354,302,302,0,0,0.0000,0.0000
1355,302,302,0,0,0.0000,0.0000
1356,302,302,0,0,0.0000,0.0000
1357,302,302,0,0,0.0000,0.0000
1358,302,302,0,0,0.0000,0.0000
1359,302,302,0,0,0.0000,0.0000
1360,302,302,0,0,0.0000,0.0000
1361,301,301,0,0,0.0000,0.0000
1362,301,301,0,0,0.0000,0.0000
1363,301,301,0,0,0.0000,0.0000
1364,301,301,0,0,0.0000,0.0000
1365,301,301,0,0,0.0000,0.0000
1366,301,301,0,0,0.0000,0.0000
1367,301,301,0,0,0.0000,0.0000
1368,301,301,0,0,0.0000,0.0000
1369,301,301,0,0,0.0000,0.0000
1370,301,301,0,0,0.0000,0.0000
1371,301,301,0,0,0.0000,0.0000
1372,301,301,0,0,0.0000,0.0000
1373,301,301,0,0,0.0000,0.0000
1374,301,301,0,0,0.0000,0.0000
1375,301,301,0,0,0.0000,0.0000
1376,300,300,0,0,0.0000,0.0000
1377,300,300,0,0,0.0000,0.0000
1378,300,300,0,0,0.0000,0.0000
1379,300,300,0,0,0.0000,0.0000
1380,300,300,0,0,0.0000,0.0000
1381,300,300,0,0,0.0000,0.0000
1382,300,300,0,0,0.0000,0.0000
1383,300,300,0,0,0.0000,0.0000
1384,300,300,0,0,0.0000,0.0000
1385,300,300,0,0,0.0000,0.0000
1386,300,300,0,0,0.0000,0.0000
1387,300,300,0,0,0.0000,0.0000
1388,300,300,0,0,0.0000,0.0000
1389,300,300,0,0,0.0000,0.0000
1390,300,300,0,0,0.0000,0.0000
1391,300,300,0,0,0.0000,0.0000
1392,300,300,0,0,0.0000,0.0000
1393,300,300,0,0,0.0000,0.0000
1394,300,300,0,0,0.0000,0.0000
1395,300,300,0,0,0.0000,0.0000
1396,300,300,0,0,0.0000,0.0000
1397,300,300,0,0,0.0000,0.0000
1398,300,300,0,0,0.0000,0.0000
1399,300,300,0,0,0.0000,0.0000
1400,300,300,0,0,0.0000,0.0000
1401,300,300,0,0,0.0000,0.0000
1402,300,300,0,0,0.0000,0.0000
1403,300,300,0,0,0.0000,0.0000
1404,300,300,0,0,0.0000,0.0000
1405,300,300,0,0,0.0000,0.0000
1406,300,300,0,0,0.0000,0.0000
1407,300,300,0,0,0.0000,0.0000
1408,300,300,0,0,0.0000,0.0000
1409,300,300,0,0,0.0000,0.0000
1410,300,300,0,0,0.0000,0.0000
1411,300,300,0,0,0.0000,0.0000
1412,300,300,0,0,0.0000,0.0000
1413,300,300,0,0,0.0000,0.0000
1414,300,300,0,0,0.0000,0.0000
1415,300,300,0,0,0.0000,0.0000
1416,300,300,0,0,0.0000,0.0000
1417,300,300,0,0,0.0000,0.0000
1418,300,300,0,0,0.0000,0.0000
1419,300,300,0,0,0.0000,0.0000
1420,300,300,0,0,0.0000,0.0000
1421,300,300,0,0,0.0000,0.0000
1422,300,300,0,0,0.0000,0.0000
1423,300,300,0,0,0.0000,0.0000
1424,300,300,0,0,0.0000,0.0000
1425,300,300,0,0,0.0000,0.0000
1426,300,300,0,0,0.0000,0.0000
1427,300,300,0,0,0.0000,0.0000
1428,300,300,0,0,0.0000,0.0000
1429,300,300,0,0,0.0000,0.0000
1430,300,300,0,0,0.0000,0.0000
1431,300,300,0,0,0.0000,0.0000
1432,300,300,0,0,0.0000,0.0000
1433,300,300,0,0,0.0000,0.0000
1434,300,300,0,0,0.0000,0.0000
1435,300,300,0,0,0.0000,0.0000
1436,300,300,0,0,0.0000,0.0000
1437,300,300,0,0,0.0000,0.0000
1438,300,300,0,0,0.0000,0.0000
1439,300,300,0,0,0.0000,0.0000
1440,300,300,0,0,0.0000,0.0000
1441,300,300,0,0,0.0000,0.0000
1442,300,300,0,0,0.0000,0.0000
1443,300,300,0,0,0.0000,0.0000
1444,300,300,0,0,0.0000,0.0000
1445,300,300,0,0,0.0000,0.0000
1446,300,300,0,0,0.0000,0.0000
1447,300,300,0,0,0.0000,0.0000
1448,300,300,0,0,0.0000,0.0000
1449,300,300,0,0,0.0000,0.0000
1450,300,300,0,0,0.0000,0.0000
1451,300,300,0,0,0.0000,0.0000
1452,300,300,0,0,0.0000,0.0000
1453,300,300,0,0,0.0000,0.0000
1454,299,299,0,0,0.0000,0.0000
1455,302,302,0,0,0.0000,0.0000
1456,302,302,0,0,0.0000,0.0000
1457,302,302,0,0,0.0000,0.0000
1458,302,302,0,0,0.0000,0.0000
1459,302,302,0,0,0.0000,0.0000
1460,302,302,0,0,0.0000,0.0000
1461,302,302,0,0,0.0000,0.0000
1462,302,302,0,0,0.0000,0.0000
1463,302,302,0,0,0.0000,0.0000
1464,302,302,0,0,0.0000,0.0000
1465,302,302,0,0,0.0000,0.0000
1466,302,302,0,0,0.0000,0.0000
1467,302,302,0,0,0.0000,0.0000
1468,302,302,0,0,0.0000,0.0000
1469,302,302,0,0,0.0000,0.0000
1470,302,302,0,0,0.0000,0.0000
1471,301,301,0,0,0.0000,0.0000
1472,301,301,0,0,0.0000,0.0000
1473,301,301,0,0,0.0000,0.0000
1474,301,301,0,0,0.0000,0.0000
1475,301,301,0,0,0.0000,0.0000
1476,301,301,0,0,0.0000,0.0000
1477,301,301,0,0,0.0000,0.0000
1478,301,301,0,0,0.0000,0.0000
1479,301,301,0,0,0.0000,0.0000
1480,301,301,0,0,0.0000,0.0000
1481,301,301,0,0,0.0000,0.0000
1482,301,301,0,0,0.0000,0.0000
1483,301,301,0,0,0.0000,0.0000
1484,301,301,0,0,0.0000,0.0000
1485,301,301,0,0,0.0000,0.0000
1486,301,301,0,0,0.0000,0.0000
1487,301,301,0,0,0.0000,0.0000
1488,301,301,0,0,0.0000,0.0000
1489,301,301,0,0,0.0000,0.0000
1490,301,301,0,0,0.0000,0.0000
1491,301,301,0,0,0.0000,0.0000
1492,301,301,0,0,0.0000,0.0000
1493,301,301,0,0,0.0000,0.0000
1494,301,301,0,0,0.0000,0.0000
1495,301,301,0,0,0.0000,0.0000
1496,301,301,0,0,0.0000,0.0000
1497,301,301,0,0,0.0000,0.0000
1498,301,301,0,0,0.0000,0.0000
1499,301,301,0,0,0.0000,0.0000
1500,301,301,0,0,0.0000,0.0000
1501,301,301,0,0,0.0000,0.0000
1502,301,301,0,0,0.0000,0.0000
1503,301,301,0,0,0.0000,0.0000
1504,301,301,0,0,0.0000,0.0000
1505,301,301,0,0,0.0000,0.0000
1506,301,301,0,0,0.0000,0.0000
1507,301,301,0,0,0.0000,0.0000
1508,301,301,0,0,0.0000,0.0000
1509,301,301,0,0,0.0000,0.0000
1510,301,301,0,0,0.0000,0.0000
1511,301,301,0,0,0.0000,0.0000
1512,301,301,0,0,0.0000,0.0000
1513,301,301,0,0,0.0000,0.0000
1514,301,301,0,0,0.0000,0.0000
1515,301,301,0,0,0.0000,0.0000
1516,301,301,0,0,0.0000,0.0000
1517,301,301,0,0,0.0000,0.0000
1518,301,301,0,0,0.0000,0.0000
1519,301,301,0,0,0.0000,0.0000
1520,301,301,0,0,0.0000,0.0000
1521,301,301,0,0,0.0000,0.0000
1522,301,301,0,0,0.0000,0.0000
1523,301,301,0,0,0.0000,0.0000
1524,301,301,0,0,0.0000,0.0000
1525,301,301,0,0,0.0000,0.0000
1526,301,301,0,0,0.0000,0.0000
1527,301,301,0,0,0.0000,0.0000
1528,301,301,0,0,0.0000,0.0000
1529,301,301,0,0,0.0000,0.0000
1530,301,301,0,0,0.0000,0.0000
1531,301,301,0,0,0.0000,0.0000
1532,301,301,0,0,0.0000,0.0000
1533,301,301,0,0,0.0000,0.0000
1534,301,301,0,0,0.0000,0.0000
1535,300,300,0,0,0.0000,0.0000
1536,300,300,0,0,0.0000,0.0000
1537,300,300,0,0,0.0000,0.0000
1538,300,300,0,0,0.0000,0.0000
1539,300,300,0,0,0.0000,0.0000
1540,300,300,0,0,0.0000,0.0000
1541,300,300,0,0,0.0000,0.0000
1542,300,300,0,0,0.0000,0.0000
1543,300,300,0,0,0.0000,0.0000
1544,300,300,0,0,0.0000,0.0000
1545,299,299,0,0,0.0000,0.0000
1546,303,303,0,0,0.0000,0.0000
1547,303,303,0,0,0.0000,0.0000
1548,303,303,0,0,0.0000,0.0000
1549,303,303,0,0,0.0000,0.0000
1550,303,303,0,0,0.0000,0.0000
1551,303,303,0,0,0.0000,0.0000
1552,303,303,0,0,0.0000,0.0000
1553,303,303,0,0,0.0000,0.0000
1554,303,303,0,0,0.0000,0.0000
1555,303,303,0,0,0.0000,0.0000
1556,303,303,0,0,0.0000,0.0000
1557,303,303,0,0,0.0000,0.0000
1558,303,303,0,0,0.0000,0.0000
1559,303,303,0,0,0.0000,0.0000
1560,303,303,0,0,0.0000,0.0000
1561,303,303,0,0,0.0000,0.0000
1562,303,303,0,0,0.0000,0.0000
1563,303,303,0,0,0.0000,0.0000
1564,303,303,0,0,0.0000,0.0000
1565,303,303,0,0,0.0000,0.0000
1566,303,303,0,0,0.0000,0.0000
1567,303,303,0,0,0.0000,0.0000
1568,303,303,0,0,0.0000,0.0000
1569,303,303,0,0,0.0000,0.0000
1570,303,303,0,0,0.0000,0.0000
1571,303,303,0,0,0.0000,0.0000
1572,303,303,0,0,0.0000,0.0000
1573,303,303,0,0,0.0000,0.0000
1574,303,303,0,0,0.0000,0.0000
1575,303,303,0,0,0.0000,0.0000
1576,303,303,0,0,0.0000,0.0000
1577,303,303,0,0,0.0000,0.0000
1578,303,303,0,0,0.0000,0.0000
1579,303,303,0,0,0.0000,0.0000
1580,303,303,0,0,0.0000,0.0000
1581,303,303,0,0,0.0000,0.0000
1582,303,303,0,0,0.0000,0.0000
1583,303,303,0,0,0.0000,0.0000
1584,303,303,0,0,0.0000,0.0000
1585,303,303,0,0,0.0000,0.0000
1586,303,303,0,0,0.0000,0.0000
1587,303,303,0,0,0.0000,0.0000
1588,303,303,0,0,0.0000,0.0000
1589,303,303,0,0,0.0000,0.0000
1590,303,303,0,0,0.0000,0.0000
1591,303,303,0,0,0.0000,0.0000
1592,303,303,0,0,0.0000,0.0000
1593,303,303,0,0,0.0000,0.0000
1594,303,303,0,0,0.0000,0.0000
1595,303,303,0,0,0.0000,0.0000
1596,303,303,0,0,0.0000,0.0000
1597,303,303,0,0,0.0000,0.0000
1598,303,303,0,0,0.0000,0.0000
1599,303,303,0,0,0.0000,0.0000
1600,303,303,0,0,0.0000,0.0000
1601,303,303,0,0,0.0000,0.0000
1602,303,303,0,0,0.0000,0.0000
1603,303,303,0,0,0.0000,0.0000
1604,303,303,0,0,0.0000,0.0000
1605,303,303,0,0,0.0000,0.0000
1606,303,303,0,0,0.0000,0.0000
1607,303,303,0,0,0.0000,0.0000
1608,303,303,0,0,0.0000,0.0000
1609,303,303,0,0,0.0000,0.0000
1610,303,303,0,0,0.0000,0.0000
1611,303,303,0,0,0.0000,0.0000
1612,303,303,0,0,0.0000,0.0000
1613,303,303,0,0,0.0000,0.0000
1614,303,303,0,0,0.0000,0.0000
1615,303,303,0,0,0.0000,0.0000
1616,303,303,0,0,0.0000,0.0000
1617,303,303,0,0,0.0000,0.0000
1618,303,303,0,0,0.0000,0.0000
1619,303,303,0,0,0.0000,0.0000
1620,303,303,0,0,0.0000,0.0000
1621,303,303,0,0,0.0000,0.0000
1622,303,303,0,0,0.0000,0.0000
1623,303,303,0,0,0.0000,0.0000
1624,303,303,0,0,0.0000,0.0000
1625,303,303,0,0,0.0000,0.0000
1626,303,303,0,0,0.0000,0.0000
1627,303,303,0,0,0.0000,0.0000
1628,303,303,0,0,0.0000,0.0000
1629,302,302,0,0,0.0000,0.0000
1630,302,302,0,0,0.0000,0.0000
1631,302,302,0,0,0.0000,0.0000
1632,302,302,0,0,0.0000,0.0000
1633,302,302,0,0,0.0000,0.0000
1634,302,302,0,0,0.0000,0.0000
1635,302,302,0,0,0.0000,0.0000
1636,302,302,0,0,0.0000,0.0000
1637,302,302,0,0,0.0000,0.0000
1638,302,302,0,0,0.0000,0.0000
1639,302,302,0,0,0.0000,0.0000
1640,302,302,0,0,0.0000,0.0000
1641,302,302,0,0,0.0000,0.0000
1642,302,302,0,0,0.0000,0.0000
1643,302,302,0,0,0.0000,0.0000
1644,302,302,0,0,0.0000,0.0000
1645,302,302,0,0,0.0000,0.0000
1646,302,302,0,0,0.0000,0.0000
1647,302,302,0,0,0.0000,0.0000
1648,302,302,0,0,0.0000,0.0000
1649,302,302,0,0,0.0000,0.0000
1650,302,302,0,0,0.0000,0.0000
1651,302,302,0,0,0.0000,0.0000
1652,302,302,0,0,0.0000,0.0000
1653,302,302,0,0,0.0000,0.0000
1654,302,302,0,0,0.0000,0.0000
1655,302,302,0,0,0.0000,0.0000
1656,302,302,0,0,0.0000,0.0000
1657,302,302,0,0,0.0000,0.0000
1658,301,301,0,0,0.0000,0.0000
1659,301,301,0,0,0.0000,0.0000
1660,301,301,0,0,0.0000,0.0000
1661,301,301,0,0,0.0000,0.0000
1662,301,301,0,0,0.0000,0.0000
1663,301,301,0,0,0.0000,0.0000
1664,301,301,0,0,0.0000,0.0000
1665,301,301,0,0,0.0000,0.0000
1666,301,301,0,0,0.0000,0.0000
1667,301,301,0,0,0.0000,0.0000
1668,301,301,0,0,0.0000,0.0000
1669,301,301,0,0,0.0000,0.0000
1670,301,301,0,0,0.0000,0.0000
1671,301,301,0,0,0.0000,0.0000
1672,301,301,0,0,0.0000,0.0000
1673,301,301,0,0,0.0000,0.0000
1674,301,301,0,0,0.0000,0.0000
1675,301,301,0,0,0.0000,0.0000
1676,301,301,0,0,0.0000,0.0000
1677,301,301,0,0,0.0000,0.0000
1678,301,301,0,0,0.0000,0.0000
1679,301,301,0,0,0.0000,0.0000
1680,301,301,0,0,0.0000,0.0000
1681,301,301,0,0,0.0000,0.0000
1682,300,300,0,0,0.0000,0.0000
1683,300,300,0,0,0.0000,0.0000
1684,300,300,0,0,0.0000,0.0000
1685,300,300,0,0,0.0000,0.0000
1686,300,300,0,0,0.0000,0.0000
1687,300,300,0,0,0.0000,0.0000
1688,300,300,0,0,0.0000,0.0000
1689,300,300,0,0,0.0000,0.0000
1690,300,300,0,0,0.0000,0.0000
1691,299,299,0,0,0.0000,0.0000
1692,301,301,0,0,0.0000,0.0000
1693,301,301,0,0,0.0000,0.0000
1694,301,301,0,0,0.0000,0.0000
1695,301,301,0,0,0.0000,0.0000
1696,301,301,0,0,0.0000,0.0000
1697,301,301,0,0,0.0000,0.0000
1698,301,301,0,0,0.0000,0.0000
1699,301,301,0,0,0.0000,0.0000
1700,301,301,0,0,0.0000,0.0000
1701,301,301,0,0,0.0000,0.0000
1702,301,301,0,0,0.0000,0.0000
1703,301,301,0,0,0.0000,0.0000
1704,301,301,0,0,0.0000,0.0000
1705,301,301,0,0,0.0000,0.0000
1706,301,301,0,0,0.0000,0.0000
1707,301,301,0,0,0.0000,0.0000
1708,301,301,0,0,0.0000,0.0000
1709,301,301,0,0,0.0000,0.0000
1710,301,301,0,0,0.0000,0.0000
1711,301,301,0,0,0.0000,0.0000
1712,301,301,0,0,0.0000,0.0000
1713,301,301,0,0,0.0000,0.0000
1714,301,301,0,0,0.0000,0.0000
1715,301,301,0,0,0.0000,0.0000
1716,301,301,0,0,0.0000,0.0000
1717,301,301,0,0,0.0000,0.0000
1718,301,301,0,0,0.0000,0.0000
1719,301,301,0,0,0.0000,0.0000
1720,301,301,0,0,0.0000,0.0000
1721,301,301,0,0,0.0000,0.0000
1722,301,301,0,0,0.0000,0.0000
1723,301,301,0,0,0.0000,0.0000
1724,301,301,0,0,0.0000,0.0000
1725,301,301,0,0,0.0000,0.0000
1726,301,301,0,0,0.0000,0.0000
1727,301,301,0,0,0.0000,0.0000
1728,301,301,0,0,0.0000,0.0000
1729,301,301,0,0,0.0000,0.0000
1730,301,301,0,0,0.0000,0.0000
1731,301,301,0,0,0.0000,0.0000
1732,301,301,0,0,0.0000,0.0000
1733,301,301,0,0,0.0000,0.0000
1734,301,301,0,0,0.0000,0.0000
1735,301,301,0,0,0.0000,0.0000
1736,301,301,0,0,0.0000,0.0000
1737,301,301,0,0,0.0000,0.0000
1738,301,301,0,0,0.0000,0.0000
1739,301,301,0,0,0.0000,0.0000
1740,301,301,0,0,0.0000,0.0000
1741,301,301,0,0,0.0000,0.0000
1742,301,301,0,0,0.0000,0.0000
1743,301,301,0,0,0.0000,0.0000
1744,301,301,0,0,0.0000,0.0000
1745,301,301,0,0,0.0000,0.0000
1746,301,301,0,0,0.0000,0.0000
1747,301,301,0,0,0.0000,0.0000
1748,301,301,0,0,0.0000,0.0000
1749,301,301,0,0,0.0000,0.0000
1750,301,301,0,0,0.0000,0.0000
1751,301,301,0,0,0.0000,0.0000
1752,301,301,0,0,0.0000,0.0000
1753,300,300,0,0,0.0000,0.0000
1754,300,300,0,0,0.0000,0.0000
1755,300,300,0,0,0.0000,0.0000
1756,300,300,0,0,0.0000,0.0000
1757,300,300,0,0,0.0000,0.0000
1758,300,300,0,0,0.0000,0.0000
1759,300,300,0,0,0.0000,0.0000
1760,299,299,0,0,0.0000,0.0000
1761,302,302,0,0,0.0000,0.0000
1762,302,302,0,0,0.0000,0.0000
1763,302,302,0,0,0.0000,0.0000
1764,302,302,0,0,0.0000,0.0000
1765,302,302,0,0,0.0000,0.0000
1766,302,302,0,0,0.0000,0.0000
1767,301,301,0,0,0.0000,0.0000
1768,301,301,0,0,0.0000,0.0000
1769,301,301,0,0,0.0000,0.0000
1770,301,301,0,0,0.0000,0.0000
1771,301,301,0,0,0.0000,0.0000
1772,301,301,0,0,0.0000,0.0000
1773,301,301,0,0,0.0000,0.0000
1774,301,301,0,0,0.0000,0.0000
1775,301,301,0,0,0.0000,0.0000
1776,301,301,0,0,0.0000,0.0000
1777,301,301,0,0,0.0000,0.0000
1778,301,301,0,0,0.0000,0.0000
1779,301,301,0,0,0.0000,0.0000
1780,301,301,0,0,0.0000,0.0000
1781,301,301,0,0,0.0000,0.0000
1782,301,301,0,0,0.0000,0.0000
1783,301,301,0,0,0.0000,0.0000
1784,301,301,0,0,0.0000,0.0000
1785,301,301,0,0,0.0000,0.0000
1786,301,301,0,0,0.0000,0.0000
1787,301,301,0,0,0.0000,0.0000
1788,301,301,0,0,0.0000,0.0000
1789,301,301,0,0,0.0000,0.0000
1790,301,301,0,0,0.0000,0.0000
1791,301,301,0,0,0.0000,0.0000
1792,301,301,0,0,0.0000,0.0000
1793,301,301,0,0,0.0000,0.0000
1794,301,301,0,0,0.0000,0.0000
1795,301,301,0,0,0.0000,0.0000
1796,301,301,0,0,0.0000,0.0000
1797,301,301,0,0,0.0000,0.0000
1798,301,301,0,0,0.0000,0.0000
1799,301,301,0,0,0.0000,0.0000
1800,301,301,0,0,0.0000,0.0000
1801,301,301,0,0,0.0000,0.0000
1802,301,301,0,0,0.0000,0.0000
1803,301,301,0,0,0.0000,0.0000
1804,301,301,0,0,0.0000,0.0000
1805,301,301,0,0,0.0000,0.0000
1806,301,301,0,0,0.0000,0.0000
1807,301,301,0,0,0.0000,0.0000
1808,301,301,0,0,0.0000,0.0000
1809,301,301,0,0,0.0000,0.0000
1810,301,301,0,0,0.0000,0.0000
1811,301,301,0,0,0.0000,0.0000
1812,301,301,0,0,0.0000,0.0000
1813,301,301,0,0,0.0000,0.0000
1814,301,301,0,0,0.0000,0.0000
1815,301,301,0,0,0.0000,0.0000
1816,301,301,0,0,0.0000,0.0000
1817,301,301,0,0,0.0000,0.0000
1818,301,301,0,0,0.0000,0.0000
1819,301,301,0,0,0.0000,0.0000
1820,301,301,0,0,0.0000,0.0000
1821,301,301,0,0,0.0000,0.0000
1822,301,301,0,0,0.0000,0.0000
1823,301,301,0,0,0.0000,0.0000
1824,301,301,0,0,0.0000,0.0000
1825,301,301,0,0,0.0000,0.0000
1826,301,301,0,0,0.0000,0.0000
1827,301,301,0,0,0.0000,0.0000
1828,301,301,0,0,0.0000,0.0000
1829,301,301,0,0,0.0000,0.0000
1830,301,301,0,0,0.0000,0.0000
1831,301,301,0,0,0.0000,0.0000
1832,300,300,0,0,0.0000,0.0000
1833,299,299,0,0,0.0000,0.0000
1834,301,301,0,0,0.0000,0.0000
1835,301,301,0,0,0.0000,0.0000
1836,301,301,0,0,0.0000,0.0000
1837,301,301,0,0,0.0000,0.0000
1838,301,301,0,0,0.0000,0.0000
1839,301,301,0,0,0.0000,0.0000
1840,301,301,0,0,0.0000,0.0000
1841,301,301,0,0,0.0000,0.0000
1842,301,301,0,0,0.0000,0.0000
1843,301,301,0,0,0.0000,0.0000
1844,301,301,0,0,0.0000,0.0000
1845,301,301,0,0,0.0000,0.0000
1846,301,301,0,0,0.0000,0.0000
1847,301,301,0,0,0.0000,0.0000
1848,301,301,0,0,0.0000,0.0000
1849,301,301,0,0,0.0000,0.0000
1850,301,301,0,0,0.0000,0.0000
1851,301,301,0,0,0.0000,0.0000
1852,301,301,0,0,0.0000,0.0000
1853,301,301,0,0,0.0000,0.0000
1854,301,301,0,0,0.0000,0.0000
1855,301,301,0,0,0.0000,0.0000
1856,301,301,0,0,0.0000,0.0000
1857,301,301,0,0,0.0000,0.0000
1858,301,301,0,0,0.0000,0.0000
1859,301,301,0,0,0.0000,0.0000
1860,301,301,0,0,0.0000,0.0000
1861,301,301,0,0,0.0000,0.0000
1862,301,301,0,0,0.0000,0.0000
1863,301,301,0,0,0.0000,0.0000
1864,301,301,0,0,0.0000,0.0000
1865,301,301,0,0,0.0000,0.0000
1866,301,301,0,0,0.0000,0.0000
1867,301,301,0,0,0.0000,0.0000
1868,301,301,0,0,0.0000,0.0000
1869,301,301,0,0,0.0000,0.0000
1870,301,301,0,0,0.0000,0.0000
1871,301,301,0,0,0.0000,0.0000
1872,301,301,0,0,0.0000,0.0000
1873,301,301,0,0,0.0000,0.0000
1874,300,300,0,0,0.0000,0.0000
1875,300,300,0,0,0.0000,0.0000
1876,300,300,0,0,0.0000,0.0000
1877,300,300,0,0,0.0000,0.0000
1878,300,300,0,0,0.0000,0.0000
1879,300,300,0,0,0.0000,0.0000
1880,300,300,0,0,0.0000,0.0000
1881,300,300,0,0,0.0000,0.0000
1882,300,300,0,0,0.0000,0.0000
1883,300,300,0,0,0.0000,0.0000
1884,300,300,0,0,0.0000,0.0000
1885,300,300,0,0,0.0000,0.0000
1886,300,300,0,0,0.0000,0.0000
1887,300,300,0,0,0.0000,0.0000
1888,300,300,0,0,0.0000,0.0000
1889,300,300,0,0,0.0000,0.0000
1890,300,300,0,0,0.0000,0.0000
1891,300,300,0,0,0.0000,0.0000
1892,300,300,0,0,0.0000,0.0000
1893,300,300,0,0,0.0000,0.0000
1894,300,300,0,0,0.0000,0.0000
1895,300,300,0,0,0.0000,0.0000
1896,300,300,0,0,0.0000,0.0000
1897,300,300,0,0,0.0000,0.0000
1898,300,300,0,0,0.0000,0.0000
1899,300,300,0,0,0.0000,0.0000
1900,300,300,0,0,0.0000,0.0000
1901,300,300,0,0,0.0000,0.0000
1902,300,300,0,0,0.0000,0.0000
1903,300,300,0,0,0.0000,0.0000
1904,299,299,0,0,0.0000,0.0000
1905,304,304,0,0,0.0000,0.0000
1906,304,304,0,0,0.0000,0.0000
1907,304,304,0,0,0.0000,0.0000
1908,304,304,0,0,0.0000,0.0000
1909,304,304,0,0,0.0000,0.0000
1910,304,304,0,0,0.0000,0.0000
1911,304,304,0,0,0.0000,0.0000
1912,304,304,0,0,0.0000,0.0000
1913,304,304,0,0,0.0000,0.0000
1914,304,304,0,0,0.0000,0.0000
1915,304,304,0,0,0.0000,0.0000
1916,304,304,0,0,0.0000,0.0000
1917,304,304,0,0,0.0000,0.0000
1918,304,304,0,0,0.0000,0.0000
1919,304,304,0,0,0.0000,0.0000
1920,304,304,0,0,0.0000,0.0000
1921,304,304,0,0,0.0000,0.0000
1922,303,303,0,0,0.0000,0.0000
1923,303,303,0,0,0.0000,0.0000
1924,303,303,0,0,0.0000,0.0000
1925,303,303,0,0,0.0000,0.0000
1926,303,303,0,0,0.0000,0.0000
1927,303,303,0,0,0.0000,0.0000
1928,303,303,0,0,0.0000,0.0000
1929,303,303,0,0,0.0000,0.0000
1930,303,303,0,0,0.0000,0.0000
1931,303,303,0,0,0.0000,0.0000
1932,303,303,0,0,0.0000,0.0000
1933,303,303,0,0,0.0000,0.0000
1934,303,303,0,0,0.0000,0.0000
1935,303,303,0,0,0.0000,0.0000
1936,303,303,0,0,0.0000,0.0000
1937,303,303,0,0,0.0000,0.0000
1938,303,303,0,0,0.0000,0.0000
1939,303,303,0,0,0.0000,0.0000
1940,303,303,0,0,0.0000,0.0000
1941,303,303,0,0,0.0000,0.0000
1942,303,303,0,0,0.0000,0.0000
1943,303,303,0,0,0.0000,0.0000
1944,303,303,0,0,0.0000,0.0000
1945,303,303,0,0,0.0000,0.0000
1946,303,303,0,0,0.0000,0.0000
1947,303,303,0,0,0.0000,0.0000
1948,303,303,0,0,0.0000,0.0000
1949,303,303,0,0,0.0000,0.0000
1950,303,303,0,0,0.0000,0.0000
1951,303,303,0,0,0.0000,0.0000
1952,303,303,0,0,0.0000,0.0000
1953,303,303,0,0,0.0000,0.0000
1954,303,303,0,0,0.0000,0.0000
1955,303,303,0,0,0.0000,0.0000
1956,303,303,0,0,0.0000,0.0000
1957,303,303,0,0,0.0000,0.0000
1958,303,303,0,0,0.0000,0.0000
1959,303,303,0,0,0.0000,0.0000
1960,303,303,0,0,0.0000,0.0000
1961,303,303,0,0,0.0000,0.0000
1962,303,303,0,0,0.0000,0.0000
1963,303,303,0,0,0.0000,0.0000
1964,303,303,0,0,0.0000,0.0000
1965,303,303,0,0,0.0000,0.0000
1966,303,303,0,0,0.0000,0.0000
1967,303,303,0,0,0.0000,0.0000
1968,303,303,0,0,0.0000,0.0000
1969,303,303,0,0,0.0000,0.0000
1970,302,302,0,0,0.0000,0.0000
1971,302,302,0,0,0.0000,0.0000
1972,302,302,0,0,0.0000,0.0000
1973,302,302,0,0,0.0000,0.0000
1974,302,302,0,0,0.0000,0.0000
1975,302,302,0,0,0.0000,0.0000
1976,302,302,0,0,0.0000,0.0000
1977,302,302,0,0,0.0000,0.0000
1978,302,302,0,0,0.0000,0.0000
1979,302,302,0,0,0.0000,0.0000
1980,302,302,0,0,0.0000,0.0000
1981,302,302,0,0,0.0000,0.0000
1982,302,302,0,0,0.0000,0.0000
1983,302,302,0,0,0.0000,0.0000
1984,302,302,0,0,0.0000,0.0000
1985,302,302,0,0,0.0000,0.0000
1986,302,302,0,0,0.0000,0.0000
1987,302,302,0,0,0.0000,0.0000
1988,302,302,0,0,0.0000,0.0000
1989,302,302,0,0,0.0000,0.0000
1990,301,301,0,0,0.0000,0.0000
1991,301,301,0,0,0.0000,0.0000
1992,301,301,0,0,0.0000,0.0000
1993,301,301,0,0,0.0000,0.0000
1994,301,301,0,0,0.0000,0.0000
1995,301,301,0,0,0.0000,0.0000
1996,301,301,0,0,0.0000,0.0000
1997,301,301,0,0,0.0000,0.0000
1998,301,301,0,0,0.0000,0.0000
1999,301,301,0,0,0.0000,0.0000
2000,301,301,0,0,0.0000,0.0000
2001,301,301,0,0,0.0000,0.0000
2002,301,301,0,0,0.0000,0.0000
2003,301,301,0,0,0.0000,0.0000
2004,301,301,0,0,0.0000,0.0000
2005,301,301,0,0,0.0000,0.0000
2006,301,301,0,0,0.0000,0.0000
2007,301,301,0,0,0.0000,0.0000
2008,300,300,0,0,0.0000,0.0000
2009,300,300,0,0,0.0000,0.0000
2010,300,300,0,0,0.0000,0.0000
2011,300,300,0,0,0.0000,0.0000
2012,300,300,0,0,0.0000,0.0000
2013,300,300,0,0,0.0000,0.0000
2014,300,300,0,0,0.0000,0.0000
2015,300,300,0,0,0.0000,0.0000
2016,300,300,0,0,0.0000,0.0000
2017,300,300,0,0,0.0000,0.0000
2018,300,300,0,0,0.0000,0.0000
2019,300,300,0,0,0.0000,0.0000
2020,300,300,0,0,0.0000,0.0000
2021,300,300,0,0,0.0000,0.0000
2022,300,300,0,0,0.0000,0.0000
2023,300,300,0,0,0.0000,0.0000
2024,300,300,0,0,0.0000,0.0000
2025,299,299,0,0,0.0000,0.0000
2026,306,306,0,0,0.0000,0.0000
2027,306,306,0,0,0.0000,0.0000
2028,306,306,0,0,0.0000,0.0000
2029,306,306,0,0,0.0000,0.0000
2030,306,306,0,0,0.0000,0.0000
2031,306,306,0,0,0.0000,0.0000
2032,306,306,0,0,0.0000,0.0000
2033,305,305,0,0,0.0000,0.0000
2034,305,305,0,0,0.0000,0.0000
2035,305,305,0,0,0.0000,0.0000
2036,305,305,0,0,0.0000,0.0000
2037,305,305,0,0,0.0000,0.0000
2038,305,305,0,0,0.0000,0.0000
2039,305,305,0,0,0.0000,0.0000
2040,305,305,0,0,0.0000,0.0000
2041,305,305,0,0,0.0000,0.0000
2042,305,305,0,0,0.0000,0.0000
2043,305,305,0,0,0.0000,0.0000
2044,305,305,0,0,0.0000,0.0000
2045,305,305,0,0,0.0000,0.0000
2046,305,305,0,0,0.0000,0.0000
2047,305,305,0,0,0.0000,0.0000
2048,305,305,0,0,0.0000,0.0000
2049,305,305,0,0,0.0000,0.0000
2050,305,305,0,0,0.0000,0.0000
2051,305,305,0,0,0.0000,0.0000
2052,305,305,0,0,0.0000,0.0000
2053,305,305,0,0,0.0000,0.0000
2054,305,305,0,0,0.0000,0.0000
2055,305,305,0,0,0.0000,0.0000
2056,305,305,0,0,0.0000,0.0000
2057,305,305,0,0,0.0000,0.0000
2058,305,305,0,0,0.0000,0.0000
2059,304,304,0,0,0.0000,0.0000
2060,304,304,0,0,0.0000,0.0000
2061,304,304,0,0,0.0000,0.0000
2062,304,304,0,0,0.0000,0.0000
2063,304,304,0,0,0.0000,0.0000
2064,304,304,0,0,0.0000,0.0000
2065,304,304,0,0,0.0000,0.0000
2066,304,304,0,0,0.0000,0.0000
2067,304,304,0,0,0.0000,0.0000
2068,304,304,0,0,0.0000,0.0000
2069,303,303,0,0,0.0000,0.0000
2070,303,303,0,0,0.0000,0.0000
2071,303,303,0,0,0.0000,0.0000
2072,303,303,0,0,0.0000,0.0000
2073,303,303,0,0,0.0000,0.0000
2074,303,303,0,0,0.0000,0.0000
2075,303,303,0,0,0.0000,0.0000
2076,303,303,0,0,0.0000,0.0000
2077,303,303,0,0,0.0000,0.0000
2078,303,303,0,0,0.0000,0.0000
2079,303,303,0,0,0.0000,0.0000
2080,303,303,0,0,0.0000,0.0000
2081,303,303,0,0,0.0000,0.0000
2082,303,303,0,0,0.0000,0.0000
2083,303,303,0,0,0.0000,0.0000
2084,303,303,0,0,0.0000,0.0000
2085,303,303,0,0,0.0000,0.0000
2086,303,303,0,0,0.0000,0.0000
2087,303,303,0,0,0.0000,0.0000
2088,303,303,0,0,0.0000,0.0000
2089,303,303,0,0,0.0000,0.0000
2090,303,303,0,0,0.0000,0.0000
2091,303,303,0,0,0.0000,0.0000
2092,303,303,0,0,0.0000,0.0000
2093,303,303,0,0,0.0000,0.0000
2094,303,303,0,0,0.0000,0.0000
2095,303,303,0,0,0.0000,0.0000
2096,303,303,0,0,0.0000,0.0000
2097,303,303,0,0,0.0000,0.0000
2098,303,303,0,0,0.0000,0.0000
2099,303,303,0,0,0.0000,0.0000
2100,303,303,0,0,0.0000,0.0000
2101,303,303,0,0,0.0000,0.0000
2102,303,303,0,0,0.0000,0.0000
2103,303,303,0,0,0.0000,0.0000
2104,303,303,0,0,0.0000,0.0000
2105,303,303,0,0,0.0000,0.0000
2106,303,303,0,0,0.0000,0.0000
2107,303,303,0,0,0.0000,0.0000
2108,303,303,0,0,0.0000,0.0000
2109,303,303,0,0,0.0000,0.0000
2110,303,303,0,0,0.0000,0.0000
2111,303,303,0,0,0.0000,0.0000
2112,303,303,0,0,0.0000,0.0000
2113,303,303,0,0,0.0000,0.0000
2114,303,303,0,0,0.0000,0.0000
2115,303,303,0,0,0.0000,0.0000
2116,303,303,0,0,0.0000,0.0000
2117,303,303,0,0,0.0000,0.0000
2118,303,303,0,0,0.0000,0.0000
2119,303,303,0,0,0.0000,0.0000
2120,303,303,0,0,0.0000,0.0000
2121,303,303,0,0,0.0000,0.0000
2122,303,303,0,0,0.0000,0.0000
2123,303,303,0,0,0.0000,0.0000
2124,303,303,0,0,0.0000,0.0000
2125,303,303,0,0,0.0000,0.0000
2126,303,303,0,0,0.0000,0.0000
2127,302,302,0,0,0.0000,0.0000
2128,302,302,0,0,0.0000,0.0000
2129,302,302,0,0,0.0000,0.0000
2130,302,302,0,0,0.0000,0.0000
2131,302,302,0,0,0.0000,0.0000
2132,302,302,0,0,0.0000,0.0000
2133,302,302,0,0,0.0000,0.0000
2134,301,301,0,0,0.0000,0.0000
2135,301,301,0,0,0.0000,0.0000
2136,301,301,0,0,0.0000,0.0000
2137,301,301,0,0,0.0000,0.0000
2138,301,301,0,0,0.0000,0.0000
2139,301,301,0,0,0.0000,0.0000
2140,301,301,0,0,0.0000,0.0000
2141,301,301,0,0,0.0000,0.0000
2142,301,301,0,0,0.0000,0.0000
2143,301,301,0,0,0.0000,0.0000
2144,301,301,0,0,0.0000,0.0000
2145,301,301,0,0,0.0000,0.0000
2146,301,301,0,0,0.0000,0.0000
2147,301,301,0,0,0.0000,0.0000
2148,301,301,0,0,0.0000,0.0000
2149,301,301,0,0,0.0000,0.0000
2150,301,301,0,0,0.0000,0.0000
2151,301,301,0,0,0.0000,0.0000
2152,301,301,0,0,0.0000,0.0000
2153,301,301,0,0,0.0000,0.0000
2154,301,301,0,0,0.0000,0.0000
2155,301,301,0,0,0.0000,0.0000
2156,301,301,0,0,0.0000,0.0000
2157,301,301,0,0,0.0000,0.0000
2158,301,301,0,0,0.0000,0.0000
2159,301,301,0,0,0.0000,0.0000
2160,301,301,0,0,0.0000,0.0000
2161,301,301,0,0,0.0000,0.0000
2162,301,301,0,0,0.0000,0.0000
2163,301,301,0,0,0.0000,0.0000
2164,301,301,0,0,0.0000,0.0000
2165,301,301,0,0,0.0000,0.0000
2166,301,301,0,0,0.0000,0.0000
2167,301,301,0,0,0.0000,0.0000
2168,301,301,0,0,0.0000,0.0000
2169,301,301,0,0,0.0000,0.0000
2170,301,301,0,0,0.0000,0.0000
2171,301,301,0,0,0.0000,0.0000
2172,301,301,0,0,0.0000,0.0000
2173,301,301,0,0,0.0000,0.0000
2174,301,301,0,0,0.0000,0.0000
2175,301,301,0,0,0.0000,0.0000
2176,301,301,0,0,0.0000,0.0000
2177,301,301,0,0,0.0000,0.0000
2178,301,301,0,0,0.0000,0.0000
2179,301,301,0,0,0.0000,0.0000
2180,301,301,0,0,0.0000,0.0000
2181,301,301,0,0,0.0000,0.0000
2182,301,301,0,0,0.0000,0.0000
2183,301,301,0,0,0.0000,0.0000
2184,301,301,0,0,0.0000,0.0000
2185,301,301,0,0,0.0000,0.0000
2186,301,301,0,0,0.0000,0.0000
2187,301,301,0,0,0.0000,0.0000
2188,301,301,0,0,0.0000,0.0000
2189,301,301,0,0,0.0000,0.0000
2190,301,301,0,0,0.0000,0.0000
2191,301,301,0,0,0.0000,0.0000
2192,301,301,0,0,0.0000,0.0000
2193,301,301,0,0,0.0000,0.0000
2194,301,301,0,0,0.0000,0.0000
2195,301,301,0,0,0.0000,0.0000
2196,301,301,0,0,0.0000,0.0000
2197,301,301,0,0,0.0000,0.0000
2198,301,301,0,0,0.0000,0.0000
2199,301,301,0,0,0.0000,0.0000
2200,301,301,0,0,0.0000,0.0000
2201,301,301,0,0,0.0000,0.0000
2202,301,301,0,0,0.0000,0.0000
2203,301,301,0,0,0.0000,0.0000
2204,301,301,0,0,0.0000,0.0000
2205,301,301,0,0,0.0000,0.0000
2206,301,301,0,0,0.0000,0.0000
2207,301,301,0,0,0.0000,0.0000
2208,301,301,0,0,0.0000,0.0000
2209,301,301,0,0,0.0000,0.0000
2210,301,301,0,0,0.0000,0.0000
2211,301,301,0,0,0.0000,0.0000
2212,301,301,0,0,0.0000,0.0000
2213,301,301,0,0,0.0000,0.0000
2214,301,301,0,0,0.0000,0.0000
2215,301,301,0,0,0.0000,0.0000
2216,301,301,0,0,0.0000,0.0000
2217,301,301,0,0,0.0000,0.0000
2218,301,301,0,0,0.0000,0.0000
2219,301,301,0,0,0.0000,0.0000
2220,301,301,0,0,0.0000,0.0000
2221,301,301,0,0,0.0000,0.0000
2222,301,301,0,0,0.0000,0.0000
2223,301,301,0,0,0.0000,0.0000
2224,301,301,0,0,0.0000,0.0000
2225,301,301,0,0,0.0000,0.0000
2226,301,301,0,0,0.0000,0.0000
2227,301,301,0,0,0.0000,0.0000
2228,301,301,0,0,0.0000,0.0000
2229,301,301,0,0,0.0000,0.0000
2230,301,301,0,0,0.0000,0.0000
2231,301,301,0,0,0.0000,0.0000
2232,301,301,0,0,0.0000,0.0000
2233,301,301,0,0,0.0000,0.0000
2234,301,301,0,0,0.0000,0.0000
2235,301,301,0,0,0.0000,0.0000
2236,301,301,0,0,0.0000,0.0000
2237,301,301,0,0,0.0000,0.0000
2238,301,301,0,0,0.0000,0.0000
2239,301,301,0,0,0.0000,0.0000
2240,301,301,0,0,0.0000,0.0000
2241,301,301,0,0,0.0000,0.0000
2242,301,301,0,0,0.0000,0.0000
2243,301,301,0,0,0.0000,0.0000
2244,301,301,0,0,0.0000,0.0000
2245,301,301,0,0,0.0000,0.0000
2246,301,301,0,0,0.0000,0.0000
2247,301,301,0,0,0.0000,0.0000
2248,301,301,0,0,0.0000,0.0000
2249,301,301,0,0,0.0000,0.0000
2250,301,301,0,0,0.0000,0.0000
2251,301,301,0,0,0.0000,0.0000
2252,301,301,0,0,0.0000,0.0000
2253,301,301,0,0,0.0000,0.0000
2254,301,301,0,0,0.0000,0.0000
2255,301,301,0,0,0.0000,0.0000
2256,301,301,0,0,0.0000,0.0000
2257,301,301,0,0,0.0000,0.0000
2258,301,301,0,0,0.0000,0.0000
2259,301,301,0,0,0.0000,0.0000
2260,301,301,0,0,0.0000,0.0000
2261,301,301,0,0,0.0000,0.0000
2262,301,301,0,0,0.0000,0.0000
2263,301,301,0,0,0.0000,0.0000
2264,301,301,0,0,0.0000,0.0000
2265,301,301,0,0,0.0000,0.0000
2266,301,301,0,0,0.0000,0.0000
2267,301,301,0,0,0.0000,0.0000
2268,301,301,0,0,0.0000,0.0000
2269,301,301,0,0,0.0000,0.0000
2270,301,301,0,0,0.0000,0.0000
2271,301,301,0,0,0.0000,0.0000
2272,301,301,0,0,0.0000,0.0000
2273,301,301,0,0,0.0000,0.0000
2274,301,301,0,0,0.0000,0.0000
2275,301,301,0,0,0.0000,0.0000
2276,301,301,0,0,0.0000,0.0000
2277,301,301,0,0,0.0000,0.0000
2278,301,301,0,0,0.0000,0.0000
2279,301,301,0,0,0.0000,0.0000
2280,301,301,0,0,0.0000,0.0000
2281,301,301,0,0,0.0000,0.0000
2282,301,301,0,0,0.0000,0.0000
2283,300,300,0,0,0.0000,0.0000
2284,300,300,0,0,0.0000,0.0000
2285,300,300,0,0,0.0000,0.0000
2286,300,300,0,0,0.0000,0.0000
2287,300,300,0,0,0.0000,0.0000
2288,300,300,0,0,0.0000,0.0000
2289,300,300,0,0,0.0000,0.0000
2290,300,300,0,0,0.0000,0.0000
2291,300,300,0,0,0.0000,0.0000
2292,300,300,0,0,0.0000,0.0000
2293,300,300,0,0,0.0000,0.0000
2294,300,300,0,0,0.0000,0.0000
2295,300,300,0,0,0.0000,0.0000
2296,300,300,0,0,0.0000,0.0000
2297,300,300,0,0,0.0000,0.0000
2298,300,300,0,0,0.0000,0.0000
2299,300,300,0,0,0.0000,0.0000
2300,300,300,0,0,0.0000,0.0000
2301,300,300,0,0,0.0000,0.0000
2302,300,300,0,0,0.0000,0.0000
2303,300,300,0,0,0.0000,0.0000
2304,300,300,0,0,0.0000,0.0000
2305,300,300,0,0,0.0000,0.0000
2306,300,300,0,0,0.0000,0.0000
2307,300,300,0,0,0.0000,0.0000
2308,300,300,0,0,0.0000,0.0000
2309,300,300,0,0,0.0000,0.0000
2310,300,300,0,0,0.0000,0.0000
2311,300,300,0,0,0.0000,0.0000
2312,300,300,0,0,0.0000,0.0000
2313,300,300,0,0,0.0000,0.0000
2314,300,300,0,0,0.0000,0.0000
2315,300,300,0,0,0.0000,0.0000
2316,300,300,0,0,0.0000,0.0000
2317,300,300,0,0,0.0000,0.0000
2318,300,300,0,0,0.0000,0.0000
2319,300,300,0,0,0.0000,0.0000
2320,300,300,0,0,0.0000,0.0000
2321,300,300,0,0,0.0000,0.0000
2322,300,300,0,0,0.0000,0.0000
2323,300,300,0,0,0.0000,0.0000
2324,300,300,0,0,0.0000,0.0000
2325,300,300,0,0,0.0000,0.0000
2326,300,300,0,0,0.0000,0.0000
2327,300,300,0,0,0.0000,0.0000
2328,300,300,0,0,0.0000,0.0000
2329,300,300,0,0,0.0000,0.0000
2330,300,300,0,0,0.0000,0.0000
2331,300,300,0,0,0.0000,0.0000
2332,300,300,0,0,0.0000,0.0000
2333,300,300,0,0,0.0000,0.0000
2334,300,300,0,0,0.0000,0.0000
2335,300,300,0,0,0.0000,0.0000
2336,300,300,0,0,0.0000,0.0000
2337,300,300,0,0,0.0000,0.0000
2338,300,300,0,0,0.0000,0.0000
2339,300,300,0,0,0.0000,0.0000
2340,299,299,0,0,0.0000,0.0000
2341,301,301,0,0,0.0000,0.0000
2342,301,301,0,0,0.0000,0.0000
2343,301,301,0,0,0.0000,0.0000
2344,301,301,0,0,0.0000,0.0000
2345,301,301,0,0,0.0000,0.0000
2346,301,301,0,0,0.0000,0.0000
2347,301,301,0,0,0.0000,0.0000
2348,301,301,0,0,0.0000,0.0000
2349,301,301,0,0,0.0000,0.0000
2350,301,301,0,0,0.0000,0.0000
2351,301,301,0,0,0.0000,0.0000
2352,301,301,0,0,0.0000,0.0000
2353,301,301,0,0,0.0000,0.0000
2354,301,301,0,0,0.0000,0.0000
2355,301,301,0,0,0.0000,0.0000
2356,301,301,0,0,0.0000,0.0000
2357,301,301,0,0,0.0000,0.0000
2358,301,301,0,0,0.0000,0.0000
2359,301,301,0,0,0.0000,0.0000
2360,301,301,0,0,0.0000,0.0000
2361,301,301,0,0,0.0000,0.0000
2362,301,301,0,0,0.0000,0.0000
2363,301,301,0,0,0.0000,0.0000
2364,301,301,0,0,0.0000,0.0000
2365,301,301,0,0,0.0000,0.0000
2366,300,300,0,0,0.0000,0.0000
2367,300,300,0,0,0.0000,0.0000
2368,300,300,0,0,0.0000,0.0000
2369,300,300,0,0,0.0000,0.0000
2370,300,300,0,0,0.0000,0.0000
2371,300,300,0,0,0.0000,0.0000
2372,300,300,0,0,0.0000,0.0000
2373,300,300,0,0,0.0000,0.0000
2374,300,300,0,0,0.0000,0.0000
2375,300,300,0,0,0.0000,0.0000
2376,300,300,0,0,0.0000,0.0000
2377,300,300,0,0,0.0000,0.0000
2378,300,300,0,0,0.0000,0.0000
2379,300,300,0,0,0.0000,0.0000
2380,300,300,0,0,0.0000,0.0000
2381,300,300,0,0,0.0000,0.0000
2382,300,300,0,0,0.0000,0.0000
2383,300,300,0,0,0.0000,0.0000
2384,300,300,0,0,0.0000,0.0000
2385,300,300,0,0,0.0000,0.0000
2386,300,300,0,0,0.0000,0.0000
2387,300,300,0,0,0.0000,0.0000
2388,300,300,0,0,0.0000,0.0000
2389,300,300,0,0,0.0000,0.0000
2390,300,300,0,0,0.0000,0.0000
2391,300,300,0,0,0.0000,0.0000
2392,300,300,0,0,0.0000,0.0000
2393,300,300,0,0,0.0000,0.0000
2394,300,300,0,0,0.0000,0.0000
2395,300,300,0,0,0.0000,0.0000
2396,300,300,0,0,0.0000,0.0000
2397,300,300,0,0,0.0000,0.0000
2398,300,300,0,0,0.0000,0.0000
2399,300,300,0,0,0.0000,0.0000
2400,300,300,0,0,0.0000,0.0000
2401,300,300,0,0,0.0000,0.0000
2402,300,300,0,0,0.0000,0.0000
2403,300,300,0,0,0.0000,0.0000
2404,300,300,0,0,0.0000,0.0000
2405,300,300,0,0,0.0000,0.0000
2406,300,300,0,0,0.0000,0.0000
2407,300,300,0,0,0.0000,0.0000
2408,300,300,0,0,0.0000,0.0000
2409,300,300,0,0,0.0000,0.0000
2410,300,300,0,0,0.0000,0.0000
2411,300,300,0,0,0.0000,0.0000
2412,300,300,0,0,0.0000,0.0000
2413,300,300,0,0,0.0000,0.0000
2414,300,300,0,0,0.0000,0.0000
2415,300,300,0,0,0.0000,0.0000
2416,300,300,0,0,0.0000,0.0000
2417,300,300,0,0,0.0000,0.0000
2418,300,300,0,0,0.0000,0.0000
2419,300,300,0,0,0.0000,0.0000
2420,300,300,0,0,0.0000,0.0000
2421,300,300,0,0,0.0000,0.0000
2422,300,300,0,0,0.0000,0.0000
2423,300,300,0,0,0.0000,0.0000
2424,300,300,0,0,0.0000,0.0000
2425,300,300,0,0,0.0000,0.0000
2426,300,300,0,0,0.0000,0.0000
2427,300,300,0,0,0.0000,0.0000
2428,300,300,0,0,0.0000,0.0000
2429,300,300,0,0,0.0000,0.0000
2430,300,300,0,0,0.0000,0.0000
2431,300,300,0,0,0.0000,0.0000
2432,300,300,0,0,0.0000,0.0000
2433,300,300,0,0,0.0000,0.0000
2434,300,300,0,0,0.0000,0.0000
2435,300,300,0,0,0.0000,0.0000
2436,299,299,0,0,0.0000,0.0000
2437,300,300,0,0,0.0000,0.0000
2438,300,300,0,0,0.0000,0.0000
2439,300,300,0,0,0.0000,0.0000
2440,300,300,0,0,0.0000,0.0000
2441,300,300,0,0,0.0000,0.0000
2442,300,300,0,0,0.0000,0.0000
2443,300,300,0,0,0.0000,0.0000
2444,300,300,0,0,0.0000,0.0000
2445,300,300,0,0,0.0000,0.0000
2446,300,300,0,0,0.0000,0.0000
2447,300,300,0,0,0.0000,0.0000
2448,300,300,0,0,0.0000,0.0000
2449,300,300,0,0,0.0000,0.0000
2450,300,300,0,0,0.0000,0.0000
2451,300,300,0,0,0.0000,0.0000
2452,300,300,0,0,0.0000,0.0000
2453,300,300,0,0,0.0000,0.0000
2454,300,300,0,0,0.0000,0.0000
2455,300,300,0,0,0.0000,0.0000
2456,299,299,0,0,0.0000,0.0000
2457,301,301,0,0,0.0000,0.0000
2458,301,301,0,0,0.0000,0.0000
2459,301,301,0,0,0.0000,0.0000
2460,301,301,0,0,0.0000,0.0000
2461,301,301,0,0,0.0000,0.0000
2462,301,301,0,0,0.0000,0.0000
2463,301,301,0,0,0.0000,0.0000
2464,301,301,0,0,0.0000,0.0000
2465,301,301,0,0,0.0000,0.0000
2466,301,301,0,0,0.0000,0.0000
2467,301,301,0,0,0.0000,0.0000
2468,301,301,0,0,0.0000,0.0000
2469,301,301,0,0,0.0000,0.0000
2470,301,301,0,0,0.0000,0.0000
2471,301,301,0,0,0.0000,0.0000
2472,301,301,0,0,0.0000,0.0000
2473,301,301,0,0,0.0000,0.0000
2474,301,301,0,0,0.0000,0.0000
2475,301,301,0,0,0.0000,0.0000
2476,301,301,0,0,0.0000,0.0000
2477,301,301,0,0,0.0000,0.0000
2478,301,301,0,0,0.0000,0.0000
2479,301,301,0,0,0.0000,0.0000
2480,301,301,0,0,0.0000,0.0000
2481,301,301,0,0,0.0000,0.0000
2482,301,301,0,0,0.0000,0.0000
2483,301,301,0,0,0.0000,0.0000
2484,301,301,0,0,0.0000,0.0000
2485,301,301,0,0,0.0000,0.0000
2486,301,301,0,0,0.0000,0.0000
2487,301,301,0,0,0.0000,0.0000
2488,301,301,0,0,0.0000,0.0000
2489,301,301,0,0,0.0000,0.0000
2490,301,301,0,0,0.0000,0.0000
2491,301,301,0,0,0.0000,0.0000
2492,301,301,0,0,0.0000,0.0000
2493,301,301,0,0,0.0000,0.0000
2494,301,301,0,0,0.0000,0.0000
2495,301,301,0,0,0.0000,0.0000
2496,301,301,0,0,0.0000,0.0000
2497,301,301,0,0,0.0000,0.0000
2498,301,301,0,0,0.0000,0.0000
2499,301,301,0,0,0.0000,0.0000
2500,301,301,0,0,0.0000,0.0000
2501,301,301,0,0,0.0000,0.0000
2502,301,301,0,0,0.0000,0.0000
2503,301,301,0,0,0.0000,0.0000
2504,301,301,0,0,0.0000,0.0000
2505,301,301,0,0,0.0000,0.0000
2506,301,301,0,0,0.0000,0.0000
2507,301,301,0,0,0.0000,0.0000
2508,301,301,0,0,0.0000,0.0000
2509,301,301,0,0,0.0000,0.0000
2510,301,301,0,0,0.0000,0.0000
2511,301,301,0,0,0.0000,0.0000
2512,301,301,0,0,0.0000,0.0000
2513,301,301,0,0,0.0000,0.0000
2514,301,301,0,0,0.0000,0.0000
2515,301,301,0,0,0.0000,0.0000
2516,301,301,0,0,0.0000,0.0000
2517,301,301,0,0,0.0000,0.0000
2518,301,301,0,0,0.0000,0.0000
2519,300,300,0,0,0.0000,0.0000
2520,300,300,0,0,0.0000,0.0000
2521,300,300,0,0,0.0000,0.0000
2522,300,300,0,0,0.0000,0.0000
2523,300,300,0,0,0.0000,0.0000
2524,300,300,0,0,0.0000,0.0000
2525,300,300,0,0,0.0000,0.0000
2526,300,300,0,0,0.0000,0.0000
2527,299,299,0,0,0.0000,0.0000
2528,300,300,0,0,0.0000,0.0000
2529,300,300,0,0,0.0000,0.0000
2530,300,300,0,0,0.0000,0.0000
2531,300,300,0,0,0.0000,0.0000
2532,300,300,0,0,0.0000,0.0000
2533,300,300,0,0,0.0000,0.0000
2534,300,300,0,0,0.0000,0.0000
2535,300,300,0,0,0.0000,0.0000
2536,300,300,0,0,0.0000,0.0000
2537,300,300,0,0,0.0000,0.0000
2538,300,300,0,0,0.0000,0.0000
2539,300,300,0,0,0.0000,0.0000
2540,300,300,0,0,0.0000,0.0000
2541,300,300,0,0,0.0000,0.0000
2542,300,300,0,0,0.0000,0.0000
2543,300,300,0,0,0.0000,0.0000
2544,300,300,0,0,0.0000,0.0000
2545,300,300,0,0,0.0000,0.0000
2546,300,300,0,0,0.0000,0.0000
2547,300,300,0,0,0.0000,0.0000
2548,300,300,0,0,0.0000,0.0000
2549,300,300,0,0,0.0000,0.0000
2550,300,300,0,0,0.0000,0.0000
2551,300,300,0,0,0.0000,0.0000
2552,300,300,0,0,0.0000,0.0000
2553,300,300,0,0,0.0000,0.0000
2554,300,300,0,0,0.0000,0.0000
2555,300,300,0,0,0.0000,0.0000
2556,300,300,0,0,0.0000,0.0000
2557,300,300,0,0,0.0000,0.0000
2558,299,299,0,0,0.0000,0.0000
2559,301,301,0,0,0.0000,0.0000
2560,301,301,0,0,0.0000,0.0000
2561,301,301,0,0,0.0000,0.0000
2562,301,301,0,0,0.0000,0.0000
2563,301,301,0,0,0.0000,0.0000
2564,301,301,0,0,0.0000,0.0000
2565,301,301,0,0,0.0000,0.0000
2566,301,301,0,0,0.0000,0.0000
2567,301,301,0,0,0.0000,0.0000
2568,301,301,0,0,0.0000,0.0000
2569,301,301,0,0,0.0000,0.0000
2570,301,301,0,0,0.0000,0.0000
2571,301,301,0,0,0.0000,0.0000
2572,301,301,0,0,0.0000,0.0000
2573,301,301,0,0,0.0000,0.0000
2574,301,301,0,0,0.0000,0.0000
2575,301,301,0,0,0.0000,0.0000
2576,301,301,0,0,0.0000,0.0000
2577,301,301,0,0,0.0000,0.0000
2578,301,301,0,0,0.0000,0.0000
2579,301,301,0,0,0.0000,0.0000
2580,301,301,0,0,0.0000,0.0000
2581,301,301,0,0,0.0000,0.0000
2582,301,301,0,0,0.0000,0.0000
2583,301,301,0,0,0.0000,0.0000
2584,301,301,0,0,0.0000,0.0000
2585,301,301,0,0,0.0000,0.0000
2586,301,301,0,0,0.0000,0.0000
2587,301,301,0,0,0.0000,0.0000
2588,301,301,0,0,0.0000,0.0000
2589,301,301,0,0,0.0000,0.0000
2590,301,301,0,0,0.0000,0.0000
2591,300,300,0,0,0.0000,0.0000
2592,300,300,0,0,0.0000,0.0000
2593,300,300,0,0,0.0000,0.0000
2594,300,300,0,0,0.0000,0.0000
2595,299,299,0,0,0.0000,0.0000
2596,304,304,0,0,0.0000,0.0000
2597,304,304,0,0,0.0000,0.0000
2598,304,304,0,0,0.0000,0.0000
2599,304,304,0,0,0.0000,0.0000
2600,304,304,0,0,0.0000,0.0000
2601,304,304,0,0,0.0000,0.0000
2602,304,304,0,0,0.0000,0.0000
2603,304,304,0,0,0.0000,0.0000
2604,303,303,0,0,0.0000,0.0000
2605,302,302,0,0,0.0000,0.0000
2606,301,301,0,0,0.0000,0.0000
2607,301,301,0,0,0.0000,0.0000
2608,299,299,0,0,0.0000,0.0000
2609,302,302,0,0,0.0000,0.0000
2610,300,300,0,0,0.0000,0.0000
2611,299,299,0,0,0.0000,0.0000
2612,304,304,0,0,0.0000,0.0000
2613,304,304,0,0,0.0000,0.0000
2614,302,302,0,0,0.0000,0.0000
2615,301,301,0,0,0.0000,0.0000
2616,299,299,0,0,0.0000,0.0000
2617,303,303,0,0,0.0000,0.0000
2618,303,303,0,0,0.0000,0.0000
2619,302,302,0,0,0.0000,0.0000
2620,302,302,0,0,0.0000,0.0000
2621,300,300,0,0,0.0000,0.0000
2622,299,299,0,0,0.0000,0.0000
2623,298,298,0,0,0.0000,0.0000
2624,301,301,0,0,0.0000,0.0000
2625,301,301,0,0,0.0000,0.0000
2626,300,300,0,0,0.0000,0.0000
2627,300,300,0,0,0.0000,0.0000
2628,298,298,0,0,0.0000,0.0000
2629,302,302,0,0,0.0000,0.0000
2630,302,302,0,0,0.0000,0.0000
2631,302,302,0,0,0.0000,0.0000
2632,302,302,0,0,0.0000,0.0000
2633,299,299,0,0,0.0000,0.0000
2634,300,300,0,0,0.0000,0.0000
2635,298,298,0,0,0.0000,0.0000
2636,299,299,0,0,0.0000,0.0000
2637,299,299,0,0,0.0000,0.0000
2638,305,305,0,0,0.0000,0.0000
2639,304,304,0,0,0.0000,0.0000
2640,302,302,0,0,0.0000,0.0000
2641,301,301,0,0,0.0000,0.0000
2642,299,299,0,0,0.0000,0.0000
2643,298,298,0,0,0.0000,0.0000
2644,298,298,0,0,0.0000,0.0000
2645,301,301,0,0,0.0000,0.0000
2646,301,301,0,0,0.0000,0.0000
2647,301,301,0,0,0.0000,0.0000
2648,299,299,0,0,0.0000,0.0000
2649,301,301,0,0,0.0000,0.0000
2650,301,301,0,0,0.0000,0.0000
2651,300,300,0,0,0.0000,0.0000
2652,298,298,0,0,0.0000,0.0000
2653,299,299,0,0,0.0000,0.0000
2654,301,301,0,0,0.0000,0.0000
2655,301,301,0,0,0.0000,0.0000
2656,301,301,0,0,0.0000,0.0000
2657,299,299,0,0,0.0000,0.0000
2658,299,299,0,0,0.0000,0.0000
2659,301,301,0,0,0.0000,0.0000
2660,301,301,0,0,0.0000,0.0000
2661,299,299,0,0,0.0000,0.0000
2662,300,300,0,0,0.0000,0.0000
2663,299,299,0,0,0.0000,0.0000
2664,299,299,0,0,0.0000,0.0000
2665,301,301,0,0,0.0000,0.0000
2666,301,301,0,0,0.0000,0.0000
2667,300,300,0,0,0.0000,0.0000
2668,298,298,0,0,0.0000,0.0000
2669,303,303,0,0,0.0000,0.0000
2670,302,302,0,0,0.0000,0.0000
2671,299,299,0,0,0.0000,0.0000
2672,302,302,0,0,0.0000,0.0000
2673,301,301,0,0,0.0000,0.0000
2674,299,299,0,0,0.0000,0.0000
2675,302,302,0,0,0.0000,0.0000
2676,301,301,0,0,0.0000,0.0000
2677,301,301,0,0,0.0000,0.0000
2678,300,300,0,0,0.0000,0.0000
2679,300,300,0,0,0.0000,0.0000
2680,300,300,0,0,0.0000,0.0000
2681,296,296,0,0,0.0000,0.0000
2682,299,299,0,0,0.0000,0.0000
2683,304,304,0,0,0.0000,0.0000
2684,304,304,0,0,0.0000,0.0000
2685,303,303,0,0,0.0000,0.0000
2686,302,302,0,0,0.0000,0.0000
2687,301,301,0,0,0.0000,0.0000
2688,295,295,0,0,0.0000,0.0000
2689,298,298,0,0,0.0000,0.0000
2690,302,302,0,0,0.0000,0.0000
2691,300,300,0,0,0.0000,0.0000
2692,299,299,0,0,0.0000,0.0000
2693,300,300,0,0,0.0000,0.0000
2694,297,297,0,0,0.0000,0.0000
2695,300,300,0,0,0.0000,0.0000
2696,300,300,0,0,0.0000,0.0000
2697,300,300,0,0,0.0000,0.0000
2698,300,300,0,0,0.0000,0.0000
2699,300,300,0,0,0.0000,0.0000
2700,300,300,0,0,0.0000,0.0000
2701,300,300,0,0,0.0000,0.0000
2702,300,300,0,0,0.0000,0.0000
2703,300,300,0,0,0.0000,0.0000
2704,300,300,0,0,0.0000,0.0000
2705,300,300,0,0,0.0000,0.0000
2706,300,300,0,0,0.0000,0.0000
2707,300,300,0,0,0.0000,0.0000
2708,300,300,0,0,0.0000,0.0000
2709,300,300,0,0,0.0000,0.0000
2710,300,300,0,0,0.0000,0.0000
2711,300,300,0,0,0.0000,0.0000
2712,298,298,0,0,0.0000,0.0000
2713,299,299,0,0,0.0000,0.0000
2714,301,301,0,0,0.0000,0.0000
2715,301,301,0,0,0.0000,0.0000
2716,301,301,0,0,0.0000,0.0000
2717,301,301,0,0,0.0000,0.0000
2718,301,301,0,0,0.0000,0.0000
2719,301,301,0,0,0.0000,0.0000
2720,301,301,0,0,0.0000,0.0000
2721,301,301,0,0,0.0000,0.0000
2722,301,301,0,0,0.0000,0.0000
2723,301,301,0,0,0.0000,0.0000
2724,301,301,0,0,0.0000,0.0000
2725,301,301,0,0,0.0000,0.0000
2726,300,300,0,0,0.0000,0.0000
2727,300,300,0,0,0.0000,0.0000
2728,300,300,0,0,0.0000,0.0000
2729,300,300,0,0,0.0000,0.0000
2730,300,300,0,0,0.0000,0.0000
2731,298,298,0,0,0.0000,0.0000
2732,300,300,0,0,0.0000,0.0000
2733,300,300,0,0,0.0000,0.0000
2734,300,300,0,0,0.0000,0.0000
2735,300,300,0,0,0.0000,0.0000
2736,300,300,0,0,0.0000,0.0000
2737,300,300,0,0,0.0000,0.0000
2738,300,300,0,0,0.0000,0.0000
2739,300,300,0,0,0.0000,0.0000
2740,300,300,0,0,0.0000,0.0000
2741,300,300,0,0,0.0000,0.0000
2742,300,300,0,0,0.0000,0.0000
2743,300,300,0,0,0.0000,0.0000
2744,300,300,0,0,0.0000,0.0000
2745,300,300,0,0,0.0000,0.0000
2746,300,300,0,0,0.0000,0.0000
2747,300,300,0,0,0.0000,0.0000
2748,300,300,0,0,0.0000,0.0000
2749,300,300,0,0,0.0000,0.0000
2750,300,300,0,0,0.0000,0.0000
2751,300,300,0,0,0.0000,0.0000
2752,300,300,0,0,0.0000,0.0000
2753,300,300,0,0,0.0000,0.0000
2754,300,300,0,0,0.0000,0.0000
2755,300,300,0,0,0.0000,0.0000
2756,300,300,0,0,0.0000,0.0000
2757,300,300,0,0,0.0000,0.0000
2758,300,300,0,0,0.0000,0.0000
2759,300,300,0,0,0.0000,0.0000
2760,300,300,0,0,0.0000,0.0000
2761,299,299,0,0,0.0000,0.0000
2762,304,304,0,0,0.0000,0.0000
2763,304,304,0,0,0.0000,0.0000
2764,304,304,0,0,0.0000,0.0000
2765,304,304,0,0,0.0000,0.0000
2766,304,304,0,0,0.0000,0.0000
2767,304,304,0,0,0.0000,0.0000
2768,303,303,0,0,0.0000,0.0000
2769,303,303,0,0,0.0000,0.0000
2770,302,302,0,0,0.0000,0.0000
2771,302,302,0,0,0.0000,0.0000
2772,302,302,0,0,0.0000,0.0000
2773,302,302,0,0,0.0000,0.0000
2774,302,302,0,0,0.0000,0.0000
2775,302,302,0,0,0.0000,0.0000
2776,302,302,0,0,0.0000,0.0000
2777,302,302,0,0,0.0000,0.0000
2778,302,302,0,0,0.0000,0.0000
2779,302,302,0,0,0.0000,0.0000
2780,302,302,0,0,0.0000,0.0000
2781,302,302,0,0,0.0000,0.0000
2782,302,302,0,0,0.0000,0.0000
2783,302,302,0,0,0.0000,0.0000
2784,302,302,0,0,0.0000,0.0000
2785,302,302,0,0,0.0000,0.0000
2786,302,302,0,0,0.0000,0.0000
2787,302,302,0,0,0.0000,0.0000
2788,302,302,0,0,0.0000,0.0000
2789,302,302,0,0,0.0000,0.0000
2790,302,302,0,0,0.0000,0.0000
2791,302,302,0,0,0.0000,0.0000
2792,302,302,0,0,0.0000,0.0000
2793,302,302,0,0,0.0000,0.0000
2794,302,302,0,0,0.0000,0.0000
2795,302,302,0,0,0.0000,0.0000
2796,302,302,0,0,0.0000,0.0000
2797,302,302,0,0,0.0000,0.0000
2798,302,302,0,0,0.0000,0.0000
2799,300,300,0,0,0.0000,0.0000
2800,300,300,0,0,0.0000,0.0000
2801,300,300,0,0,0.0000,0.0000
2802,300,300,0,0,0.0000,0.0000
2803,300,300,0,0,0.0000,0.0000
2804,300,300,0,0,0.0000,0.0000
2805,300,300,0,0,0.0000,0.0000
2806,300,300,0,0,0.0000,0.0000
2807,300,300,0,0,0.0000,0.0000
2808,300,300,0,0,0.0000,0.0000
2809,300,300,0,0,0.0000,0.0000
2810,300,300,0,0,0.0000,0.0000
2811,300,300,0,0,0.0000,0.0000
2812,300,300,0,0,0.0000,0.0000
2813,300,300,0,0,0.0000,0.0000
2814,300,300,0,0,0.0000,0.0000
2815,300,300,0,0,0.0000,0.0000
2816,300,300,0,0,0.0000,0.0000
2817,300,300,0,0,0.0000,0.0000
2818,300,300,0,0,0.0000,0.0000
2819,297,297,0,0,0.0000,0.0000
2820,300,300,0,0,0.0000,0.0000
2821,300,300,0,0,0.0000,0.0000
2822,300,300,0,0,0.0000,0.0000
2823,300,300,0,0,0.0000,0.0000
2824,300,300,0,0,0.0000,0.0000
2825,300,300,0,0,0.0000,0.0000
2826,300,300,0,0,0.0000,0.0000
2827,300,300,0,0,0.0000,0.0000
2828,300,300,0,0,0.0000,0.0000
2829,300,300,0,0,0.0000,0.0000
2830,300,300,0,0,0.0000,0.0000
2831,300,300,0,0,0.0000,0.0000
2832,300,300,0,0,0.0000,0.0000
2833,300,300,0,0,0.0000,0.0000
2834,300,300,0,0,0.0000,0.0000
2835,300,300,0,0,0.0000,0.0000
2836,300,300,0,0,0.0000,0.0000
2837,300,300,0,0,0.0000,0.0000
2838,300,300,0,0,0.0000,0.0000
2839,300,300,0,0,0.0000,0.0000
2840,300,300,0,0,0.0000,0.0000
2841,300,300,0,0,0.0000,0.0000
2842,300,300,0,0,0.0000,0.0000
2843,300,300,0,0,0.0000,0.0000
2844,300,300,0,0,0.0000,0.0000
2845,300,300,0,0,0.0000,0.0000
2846,300,300,0,0,0.0000,0.0000
2847,300,300,0,0,0.0000,0.0000
2848,300,300,0,0,0.0000,0.0000
2849,300,300,0,0,0.0000,0.0000
2850,300,300,0,0,0.0000,0.0000
2851,299,299,0,0,0.0000,0.0000
2852,301,301,0,0,0.0000,0.0000
2853,301,301,0,0,0.0000,0.0000
2854,301,301,0,0,0.0000,0.0000
2855,301,301,0,0,0.0000,0.0000
2856,301,301,0,0,0.0000,0.0000
2857,301,301,0,0,0.0000,0.0000
2858,301,301,0,0,0.0000,0.0000
2859,301,301,0,0,0.0000,0.0000
2860,301,301,0,0,0.0000,0.0000
2861,301,301,0,0,0.0000,0.0000
2862,301,301,0,0,0.0000,0.0000
2863,301,301,0,0,0.0000,0.0000
2864,301,301,0,0,0.0000,0.0000
2865,301,301,0,0,0.0000,0.0000
2866,301,301,0,0,0.0000,0.0000
2867,301,301,0,0,0.0000,0.0000
2868,301,301,0,0,0.0000,0.0000
2869,300,300,0,0,0.0000,0.0000
2870,300,300,0,0,0.0000,0.0000
2871,300,300,0,0,0.0000,0.0000
2872,300,300,0,0,0.0000,0.0000
2873,298,298,0,0,0.0000,0.0000
2874,302,302,0,0,0.0000,0.0000
2875,302,302,0,0,0.0000,0.0000
2876,302,302,0,0,0.0000,0.0000
2877,302,302,0,0,0.0000,0.0000
2878,302,302,0,0,0.0000,0.0000
2879,302,302,0,0,0.0000,0.0000
2880,302,302,0,0,0.0000,0.0000
2881,302,302,0,0,0.0000,0.0000
2882,302,302,0,0,0.0000,0.0000
2883,302,302,0,0,0.0000,0.0000
2884,302,302,0,0,0.0000,0.0000
2885,302,302,0,0,0.0000,0.0000
2886,302,302,0,0,0.0000,0.0000
2887,302,302,0,0,0.0000,0.0000
2888,302,302,0,0,0.0000,0.0000
2889,302,302,0,0,0.0000,0.0000
2890,302,302,0,0,0.0000,0.0000
2891,302,302,0,0,0.0000,0.0000
2892,302,302,0,0,0.0000,0.0000
2893,302,302,0,0,0.0000,0.0000
2894,302,302,0,0,0.0000,0.0000
2895,302,302,0,0,0.0000,0.0000
2896,302,302,0,0,0.0000,0.0000
2897,302,302,0,0,0.0000,0.0000
2898,302,302,0,0,0.0000,0.0000
2899,302,302,0,0,0.0000,0.0000
2900,302,302,0,0,0.0000,0.0000
2901,302,302,0,0,0.0000,0.0000
2902,302,302,0,0,0.0000,0.0000
2903,302,302,0,0,0.0000,0.0000
2904,302,302,0,0,0.0000,0.0000
2905,302,302,0,0,0.0000,0.0000
2906,302,302,0,0,0.0000,0.0000
2907,302,302,0,0,0.0000,0.0000
2908,302,302,0,0,0.0000,0.0000
2909,302,302,0,0,0.0000,0.0000
2910,302,302,0,0,0.0000,0.0000
2911,302,302,0,0,0.0000,0.0000
2912,302,302,0,0,0.0000,0.0000
2913,302,302,0,0,0.0000,0.0000
2914,301,301,0,0,0.0000,0.0000
2915,301,301,0,0,0.0000,0.0000
2916,301,301,0,0,0.0000,0.0000
2917,301,301,0,0,0.0000,0.0000
2918,301,301,0,0,0.0000,0.0000
2919,301,301,0,0,0.0000,0.0000
2920,301,301,0,0,0.0000,0.0000
2921,301,301,0,0,0.0000,0.0000
2922,301,301,0,0,0.0000,0.0000
2923,301,301,0,0,0.0000,0.0000
2924,300,300,0,0,0.0000,0.0000
2925,300,300,0,0,0.0000,0.0000
2926,300,300,0,0,0.0000,0.0000
2927,300,300,0,0,0.0000,0.0000
2928,300,300,0,0,0.0000,0.0000
2929,300,300,0,0,0.0000,0.0000
2930,300,300,0,0,0.0000,0.0000
2931,300,300,0,0,0.0000,0.0000
2932,300,300,0,0,0.0000,0.0000
2933,300,300,0,0,0.0000,0.0000
2934,300,300,0,0,0.0000,0.0000
2935,298,298,0,0,0.0000,0.0000
2936,298,298,0,0,0.0000,0.0000
2937,302,302,0,0,0.0000,0.0000
2938,301,301,0,0,0.0000,0.0000
2939,301,301,0,0,0.0000,0.0000
2940,301,301,0,0,0.0000,0.0000
2941,301,301,0,0,0.0000,0.0000
2942,300,300,0,0,0.0000,0.0000
2943,300,300,0,0,0.0000,0.0000
2944,300,300,0,0,0.0000,0.0000
2945,298,298,0,0,0.0000,0.0000
2946,303,303,0,0,0.0000,0.0000
2947,303,303,0,0,0.0000,0.0000
2948,303,303,0,0,0.0000,0.0000
2949,301,301,0,0,0.0000,0.0000
2950,301,301,0,0,0.0000,0.0000
2951,301,301,0,0,0.0000,0.0000
2952,301,301,0,0,0.0000,0.0000
2953,301,301,0,0,0.0000,0.0000
2954,301,301,0,0,0.0000,0.0000
2955,301,301,0,0,0.0000,0.0000
2956,299,299,0,0,0.0000,0.0000
2957,304,304,0,0,0.0000,0.0000
2958,304,304,0,0,0.0000,0.0000
2959,302,302,0,0,0.0000,0.0000
2960,302,302,0,0,0.0000,0.0000
2961,302,302,0,0,0.0000,0.0000
2962,302,302,0,0,0.0000,0.0000
2963,302,302,0,0,0.0000,0.0000
2964,302,302,0,0,0.0000,0.0000
2965,302,302,0,0,0.0000,0.0000
2966,302,302,0,0,0.0000,0.0000
2967,302,302,0,0,0.0000,0.0000
2968,302,302,0,0,0.0000,0.0000
2969,302,302,0,0,0.0000,0.0000
2970,302,302,0,0,0.0000,0.0000
2971,302,302,0,0,0.0000,0.0000
2972,302,302,0,0,0.0000,0.0000
2973,302,302,0,0,0.0000,0.0000
2974,302,302,0,0,0.0000,0.0000
2975,302,302,0,0,0.0000,0.0000
2976,302,302,0,0,0.0000,0.0000
2977,302,302,0,0,0.0000,0.0000
2978,302,302,0,0,0.0000,0.0000
2979,302,302,0,0,0.0000,0.0000
2980,302,302,0,0,0.0000,0.0000
2981,302,302,0,0,0.0000,0.0000
2982,302,302,0,0,0.0000,0.0000
2983,302,302,0,0,0.0000,0.0000
2984,302,302,0,0,0.0000,0.0000
2985,302,302,0,0,0.0000,0.0000
2986,302,302,0,0,0.0000,0.0000
2987,302,302,0,0,0.0000,0.0000
2988,302,302,0,0,0.0000,0.0000
2989,302,302,0,0,0.0000,0.0000
2990,302,302,0,0,0.0000,0.0000
2991,302,302,0,0,0.0000,0.0000
2992,302,302,0,0,0.0000,0.0000
2993,298,298,0,0,0.0000,0.0000
2994,301,301,0,0,0.0000,0.0000
2995,301,301,0,0,0.0000,0.0000
2996,301,301,0,0,0.0000,0.0000
2997,301,301,0,0,0.0000,0.0000
2998,301,301,0,0,0.0000,0.0000
2999,301,301,0,0,0.0000,0.0000
3000,301,301,0,0,0.0000,0.0000
3001,301,301,0,0,0.0000,0.0000
3002,301,301,0,0,0.0000,0.0000
3003,301,301,0,0,0.0000,0.0000
3004,301,301,0,0,0.0000,0.0000
3005,301,301,0,0,0.0000,0.0000
3006,301,301,0,0,0.0000,0.0000
3007,301,301,0,0,0.0000,0.0000
3008,301,301,0,0,0.0000,0.0000
3009,301,301,0,0,0.0000,0.0000
3010,301,301,0,0,0.0000,0.0000
3011,301,301,0,0,0.0000,0.0000
3012,301,301,0,0,0.0000,0.0000
3013,301,301,0,0,0.0000,0.0000
3014,301,301,0,0,0.0000,0.0000
3015,301,301,0,0,0.0000,0.0000
3016,301,301,0,0,0.0000,0.0000
3017,301,301,0,0,0.0000,0.0000
3018,301,301,0,0,0.0000,0.0000
3019,301,301,0,0,0.0000,0.0000
3020,301,301,0,0,0.0000,0.0000
3021,301,301,0,0,0.0000,0.0000
3022,301,301,0,0,0.0000,0.0000
3023,301,301,0,0,0.0000,0.0000
3024,301,301,0,0,0.0000,0.0000
3025,299,299,0,0,0.0000,0.0000
3026,302,302,0,0,0.0000,0.0000
3027,302,302,0,0,0.0000,0.0000
3028,302,302,0,0,0.0000,0.0000
3029,302,302,0,0,0.0000,0.0000
3030,302,302,0,0,0.0000,0.0000
3031,302,302,0,0,0.0000,0.0000
3032,302,302,0,0,0.0000,0.0000
3033,302,302,0,0,0.0000,0.0000
3034,302,302,0,0,0.0000,0.0000
3035,302,302,0,0,0.0000,0.0000
3036,302,302,0,0,0.0000,0.0000
3037,302,302,0,0,0.0000,0.0000
3038,302,302,0,0,0.0000,0.0000
3039,302,302,0,0,0.0000,0.0000
3040,302,302,0,0,0.0000,0.0000
3041,299,299,0,0,0.0000,0.0000
3042,300,300,0,0,0.0000,0.0000
3043,300,300,0,0,0.0000,0.0000
3044,300,300,0,0,0.0000,0.0000
3045,300,300,0,0,0.0000,0.0000
3046,300,300,0,0,0.0000,0.0000
3047,297,297,0,0,0.0000,0.0000
3048,300,300,0,0,0.0000,0.0000
3049,300,300,0,0,0.0000,0.0000
3050,300,300,0,0,0.0000,0.0000
3051,300,300,0,0,0.0000,0.0000
3052,300,300,0,0,0.0000,0.0000
3053,300,300,0,0,0.0000,0.0000
3054,300,300,0,0,0.0000,0.0000
3055,300,300,0,0,0.0000,0.0000
3056,300,300,0,0,0.0000,0.0000
3057,300,300,0,0,0.0000,0.0000
3058,300,300,0,0,0.0000,0.0000
3059,300,300,0,0,0.0000,0.0000
3060,299,299,0,0,0.0000,0.0000
3061,304,304,0,0,0.0000,0.0000
3062,304,304,0,0,0.0000,0.0000
3063,304,304,0,0,0.0000,0.0000
3064,301,301,0,0,0.0000,0.0000
3065,301,301,0,0,0.0000,0.0000
3066,299,299,0,0,0.0000,0.0000
3067,302,302,0,0,0.0000,0.0000
3068,302,302,0,0,0.0000,0.0000
3069,302,302,0,0,0.0000,0.0000
3070,302,302,0,0,0.0000,0.0000
3071,302,302,0,0,0.0000,0.0000
3072,297,297,0,0,0.0000,0.0000
3073,301,301,0,0,0.0000,0.0000
3074,301,301,0,0,0.0000,0.0000
3075,301,301,0,0,0.0000,0.0000
3076,301,301,0,0,0.0000,0.0000
3077,301,301,0,0,0.0000,0.0000
3078,301,301,0,0,0.0000,0.0000
3079,301,301,0,0,0.0000,0.0000
3080,301,301,0,0,0.0000,0.0000
3081,301,301,0,0,0.0000,0.0000
3082,301,301,0,0,0.0000,0.0000
3083,301,301,0,0,0.0000,0.0000
3084,301,301,0,0,0.0000,0.0000
3085,301,301,0,0,0.0000,0.0000
3086,301,301,0,0,0.0000,0.0000
3087,301,301,0,0,0.0000,0.0000
3088,301,301,0,0,0.0000,0.0000
3089,301,301,0,0,0.0000,0.0000
3090,301,301,0,0,0.0000,0.0000
3091,301,301,0,0,0.0000,0.0000
3092,301,301,0,0,0.0000,0.0000
3093,301,301,0,0,0.0000,0.0000
3094,301,301,0,0,0.0000,0.0000
3095,301,301,0,0,0.0000,0.0000
3096,301,301,0,0,0.0000,0.0000
3097,301,301,0,0,0.0000,0.0000
3098,301,301,0,0,0.0000,0.0000
3099,301,301,0,0,0.0000,0.0000
3100,301,301,0,0,0.0000,0.0000
3101,301,301,0,0,0.0000,0.0000
3102,301,301,0,0,0.0000,0.0000
3103,301,301,0,0,0.0000,0.0000
3104,301,301,0,0,0.0000,0.0000
3105,301,301,0,0,0.0000,0.0000
3106,301,301,0,0,0.0000,0.0000
3107,301,301,0,0,0.0000,0.0000
3108,300,300,0,0,0.0000,0.0000
3109,300,300,0,0,0.0000,0.0000
3110,300,300,0,0,0.0000,0.0000
3111,300,300,0,0,0.0000,0.0000
3112,295,295,0,0,0.0000,0.0000
3113,297,297,0,0,0.0000,0.0000
3114,300,300,0,0,0.0000,0.0000
3115,300,300,0,0,0.0000,0.0000
3116,300,300,0,0,0.0000,0.0000
3117,300,300,0,0,0.0000,0.0000
3118,300,300,0,0,0.0000,0.0000
3119,300,300,0,0,0.0000,0.0000
3120,300,300,0,0,0.0000,0.0000
3121,300,300,0,0,0.0000,0.0000
3122,300,300,0,0,0.0000,0.0000
3123,300,300,0,0,0.0000,0.0000
3124,300,300,0,0,0.0000,0.0000
3125,300,300,0,0,0.0000,0.0000
3126,300,300,0,0,0.0000,0.0000
3127,300,300,0,0,0.0000,0.0000
3128,300,300,0,0,0.0000,0.0000
3129,300,300,0,0,0.0000,0.0000
3130,300,300,0,0,0.0000,0.0000
3131,300,300,0,0,0.0000,0.0000
3132,300,300,0,0,0.0000,0.0000
3133,300,300,0,0,0.0000,0.0000
3134,300,300,0,0,0.0000,0.0000
3135,300,300,0,0,0.0000,0.0000
3136,300,300,0,0,0.0000,0.0000
3137,300,300,0,0,0.0000,0.0000
3138,300,300,0,0,0.0000,0.0000
3139,300,300,0,0,0.0000,0.0000
3140,300,300,0,0,0.0000,0.0000
3141,300,300,0,0,0.0000,0.0000
3142,300,300,0,0,0.0000,0.0000
3143,300,300,0,0,0.0000,0.0000
3144,300,300,0,0,0.0000,0.0000
3145,300,300,0,0,0.0000,0.0000
3146,300,300,0,0,0.0000,0.0000
3147,297,297,0,0,0.0000,0.0000
3148,303,303,0,0,0.0000,0.0000
3149,303,303,0,0,0.0000,0.0000
3150,303,303,0,0,0.0000,0.0000
3151,303,303,0,0,0.0000,0.0000
3152,303,303,0,0,0.0000,0.0000
3153,303,303,0,0,0.0000,0.0000
3154,303,303,0,0,0.0000,0.0000
3155,303,303,0,0,0.0000,0.0000
3156,303,303,0,0,0.0000,0.0000
3157,303,303,0,0,0.0000,0.0000
3158,303,303,0,0,0.0000,0.0000
3159,303,303,0,0,0.0000,0.0000
3160,303,303,0,0,0.0000,0.0000
3161,303,303,0,0,0.0000,0.0000
3162,302,302,0,0,0.0000,0.0000
3163,302,302,0,0,0.0000,0.0000
3164,302,302,0,0,0.0000,0.0000
3165,302,302,0,0,0.0000,0.0000
3166,302,302,0,0,0.0000,0.0000
3167,302,302,0,0,0.0000,0.0000
3168,302,302,0,0,0.0000,0.0000
3169,301,301,0,0,0.0000,0.0000
3170,300,300,0,0,0.0000,0.0000
3171,300,300,0,0,0.0000,0.0000
3172,300,300,0,0,0.0000,0.0000
3173,300,300,0,0,0.0000,0.0000
3174,300,300,0,0,0.0000,0.0000
3175,300,300,0,0,0.0000,0.0000
3176,300,300,0,0,0.0000,0.0000
3177,300,300,0,0,0.0000,0.0000
3178,300,300,0,0,0.0000,0.0000
3179,300,300,0,0,0.0000,0.0000
3180,298,298,0,0,0.0000,0.0000
3181,302,302,0,0,0.0000,0.0000
3182,302,302,0,0,0.0000,0.0000
3183,302,302,0,0,0.0000,0.0000
3184,302,302,0,0,0.0000,0.0000
3185,302,302,0,0,0.0000,0.0000
3186,302,302,0,0,0.0000,0.0000
3187,302,302,0,0,0.0000,0.0000
3188,302,302,0,0,0.0000,0.0000
3189,302,302,0,0,0.0000,0.0000
3190,302,302,0,0,0.0000,0.0000
3191,300,300,0,0,0.0000,0.0000
3192,300,300,0,0,0.0000,0.0000
3193,300,300,0,0,0.0000,0.0000
3194,300,300,0,0,0.0000,0.0000
3195,300,300,0,0,0.0000,0.0000
3196,300,300,0,0,0.0000,0.0000
3197,300,300,0,0,0.0000,0.0000
3198,300,300,0,0,0.0000,0.0000
3199,300,300,0,0,0.0000,0.0000
3200,300,300,0,0,0.0000,0.0000
3201,300,300,0,0,0.0000,0.0000
3202,300,300,0,0,0.0000,0.0000
3203,300,300,0,0,0.0000,0.0000
3204,300,300,0,0,0.0000,0.0000
3205,300,300,0,0,0.0000,0.0000
3206,300,300,0,0,0.0000,0.0000
3207,300,300,0,0,0.0000,0.0000
3208,300,300,0,0,0.0000,0.0000
3209,300,300,0,0,0.0000,0.0000
3210,300,300,0,0,0.0000,0.0000
3211,300,300,0,0,0.0000,0.0000
3212,300,300,0,0,0.0000,0.0000
3213,300,300,0,0,0.0000,0.0000
3214,300,300,0,0,0.0000,0.0000
3215,300,300,0,0,0.0000,0.0000
3216,300,300,0,0,0.0000,0.0000
3217,300,300,0,0,0.0000,0.0000
3218,300,300,0,0,0.0000,0.0000
3219,300,300,0,0,0.0000,0.0000
3220,300,300,0,0,0.0000,0.0000
3221,300,300,0,0,0.0000,0.0000
3222,300,300,0,0,0.0000,0.0000
3223,300,300,0,0,0.0000,0.0000
3224,300,300,0,0,0.0000,0.0000
3225,300,300,0,0,0.0000,0.0000
3226,300,300,0,0,0.0000,0.0000
3227,300,300,0,0,0.0000,0.0000
3228,300,300,0,0,0.0000,0.0000
3229,300,300,0,0,0.0000,0.0000
3230,300,300,0,0,0.0000,0.0000
3231,300,300,0,0,0.0000,0.0000
3232,300,300,0,0,0.0000,0.0000
3233,300,300,0,0,0.0000,0.0000
3234,300,300,0,0,0.0000,0.0000
3235,300,300,0,0,0.0000,0.0000
3236,300,300,0,0,0.0000,0.0000
3237,300,300,0,0,0.0000,0.0000
3238,300,300,0,0,0.0000,0.0000
3239,300,300,0,0,0.0000,0.0000
3240,300,300,0,0,0.0000,0.0000
3241,298,298,0,0,0.0000,0.0000
3242,300,300,0,0,0.0000,0.0000
3243,300,300,0,0,0.0000,0.0000
3244,300,300,0,0,0.0000,0.0000
3245,300,300,0,0,0.0000,0.0000
3246,300,300,0,0,0.0000,0.0000
3247,300,300,0,0,0.0000,0.0000
3248,300,300,0,0,0.0000,0.0000
3249,300,300,0,0,0.0000,0.0000
3250,300,300,0,0,0.0000,0.0000
3251,300,300,0,0,0.0000,0.0000
3252,300,300,0,0,0.0000,0.0000
3253,300,300,0,0,0.0000,0.0000
3254,300,300,0,0,0.0000,0.0000
3255,300,300,0,0,0.0000,0.0000
3256,300,300,0,0,0.0000,0.0000
3257,300,300,0,0,0.0000,0.0000
3258,300,300,0,0,0.0000,0.0000
3259,300,300,0,0,0.0000,0.0000
3260,300,300,0,0,0.0000,0.0000
3261,300,300,0,0,0.0000,0.0000
3262,300,300,0,0,0.0000,0.0000
3263,300,300,0,0,0.0000,0.0000
3264,300,300,0,0,0.0000,0.0000
3265,300,300,0,0,0.0000,0.0000
3266,300,300,0,0,0.0000,0.0000
3267,300,300,0,0,0.0000,0.0000
3268,300,300,0,0,0.0000,0.0000
3269,299,299,0,0,0.0000,0.0000
3270,302,302,0,0,0.0000,0.0000
3271,302,302,0,0,0.0000,0.0000
3272,301,301,0,0,0.0000,0.0000
3273,301,301,0,0,0.0000,0.0000
3274,298,298,0,0,0.0000,0.0000
3275,300,300,0,0,0.0000,0.0000
3276,300,300,0,0,0.0000,0.0000
3277,299,299,0,0,0.0000,0.0000
3278,302,302,0,0,0.0000,0.0000
3279,300,300,0,0,0.0000,0.0000
3280,300,300,0,0,0.0000,0.0000
3281,298,298,0,0,0.0000,0.0000
3282,302,302,0,0,0.0000,0.0000
3283,302,302,0,0,0.0000,0.0000
3284,302,302,0,0,0.0000,0.0000
3285,302,302,0,0,0.0000,0.0000
3286,302,302,0,0,0.0000,0.0000
3287,302,302,0,0,0.0000,0.0000
3288,302,302,0,0,0.0000,0.0000
3289,302,302,0,0,0.0000,0.0000
3290,300,300,0,0,0.0000,0.0000
3291,300,300,0,0,0.0000,0.0000
3292,300,300,0,0,0.0000,0.0000
3293,300,300,0,0,0.0000,0.0000
3294,299,299,0,0,0.0000,0.0000
3295,301,301,0,0,0.0000,0.0000
3296,301,301,0,0,0.0000,0.0000
3297,301,301,0,0,0.0000,0.0000
3298,301,301,0,0,0.0000,0.0000
3299,299,299,0,0,0.0000,0.0000
3300,300,300,0,0,0.0000,0.0000
3301,300,300,0,0,0.0000,0.0000
3302,300,300,0,0,0.0000,0.0000
3303,300,300,0,0,0.0000,0.0000
3304,300,300,0,0,0.0000,0.0000
3305,300,300,0,0,0.0000,0.0000
3306,300,300,0,0,0.0000,0.0000
3307,300,300,0,0,0.0000,0.0000
3308,300,300,0,0,0.0000,0.0000
3309,298,298,0,0,0.0000,0.0000
3310,303,303,0,0,0.0000,0.0000
3311,303,303,0,0,0.0000,0.0000
3312,303,303,0,0,0.0000,0.0000
3313,303,303,0,0,0.0000,0.0000
3314,303,303,0,0,0.0000,0.0000
3315,303,303,0,0,0.0000,0.0000
3316,303,303,0,0,0.0000,0.0000
3317,303,303,0,0,0.0000,0.0000
3318,303,303,0,0,0.0000,0.0000
3319,303,303,0,0,0.0000,0.0000
3320,303,303,0,0,0.0000,0.0000
3321,303,303,0,0,0.0000,0.0000
3322,303,303,0,0,0.0000,0.0000
3323,303,303,0,0,0.0000,0.0000
3324,303,303,0,0,0.0000,0.0000
3325,303,303,0,0,0.0000,0.0000
3326,303,303,0,0,0.0000,0.0000
3327,303,303,0,0,0.0000,0.0000
3328,303,303,0,0,0.0000,0.0000
3329,303,303,0,0,0.0000,0.0000
3330,303,303,0,0,0.0000,0.0000
3331,303,303,0,0,0.0000,0.0000
3332,303,303,0,0,0.0000,0.0000
3333,303,303,0,0,0.0000,0.0000
3334,303,303,0,0,0.0000,0.0000
3335,303,303,0,0,0.0000,0.0000
3336,303,303,0,0,0.0000,0.0000
3337,303,303,0,0,0.0000,0.0000
3338,303,303,0,0,0.0000,0.0000
3339,303,303,0,0,0.0000,0.0000
3340,303,303,0,0,0.0000,0.0000
3341,303,303,0,0,0.0000,0.0000
3342,303,303,0,0,0.0000,0.0000
3343,303,303,0,0,0.0000,0.0000
3344,303,303,0,0,0.0000,0.0000
3345,303,303,0,0,0.0000,0.0000
3346,303,303,0,0,0.0000,0.0000
3347,303,303,0,0,0.0000,0.0000
3348,303,303,0,0,0.0000,0.0000
3349,303,303,0,0,0.0000,0.0000
3350,301,301,0,0,0.0000,0.0000
3351,301,301,0,0,0.0000,0.0000
3352,301,301,0,0,0.0000,0.0000
3353,301,301,0,0,0.0000,0.0000
3354,301,301,0,0,0.0000,0.0000
3355,301,301,0,0,0.0000,0.0000
3356,301,301,0,0,0.0000,0.0000
3357,301,301,0,0,0.0000,0.0000
3358,301,301,0,0,0.0000,0.0000
3359,301,301,0,0,0.0000,0.0000
3360,301,301,0,0,0.0000,0.0000
3361,301,301,0,0,0.0000,0.0000
3362,301,301,0,0,0.0000,0.0000
3363,301,301,0,0,0.0000,0.0000
3364,301,301,0,0,0.0000,0.0000
3365,301,301,0,0,0.0000,0.0000
3366,301,301,0,0,0.0000,0.0000
3367,301,301,0,0,0.0000,0.0000
3368,301,301,0,0,0.0000,0.0000
3369,301,301,0,0,0.0000,0.0000
3370,301,301,0,0,0.0000,0.0000
3371,301,301,0,0,0.0000,0.0000
3372,298,298,0,0,0.0000,0.0000
3373,302,302,0,0,0.0000,0.0000
3374,302,302,0,0,0.0000,0.0000
3375,302,302,0,0,0.0000,0.0000
3376,302,302,0,0,0.0000,0.0000
3377,302,302,0,0,0.0000,0.0000
3378,299,299,0,0,0.0000,0.0000
3379,302,302,0,0,0.0000,0.0000
3380,302,302,0,0,0.0000,0.0000
3381,302,302,0,0,0.0000,0.0000
3382,302,302,0,0,0.0000,0.0000
3383,302,302,0,0,0.0000,0.0000
3384,302,302,0,0,0.0000,0.0000
3385,302,302,0,0,0.0000,0.0000
3386,302,302,0,0,0.0000,0.0000
3387,302,302,0,0,0.0000,0.0000
3388,301,301,0,0,0.0000,0.0000
3389,301,301,0,0,0.0000,0.0000
3390,301,301,0,0,0.0000,0.0000
3391,301,301,0,0,0.0000,0.0000
3392,301,301,0,0,0.0000,0.0000
3393,301,301,0,0,0.0000,0.0000
3394,301,301,0,0,0.0000,0.0000
3395,301,301,0,0,0.0000,0.0000
3396,296,296,0,0,0.0000,0.0000
3397,298,298,0,0,0.0000,0.0000
3398,303,303,0,0,0.0000,0.0000
3399,303,303,0,0,0.0000,0.0000
3400,303,303,0,0,0.0000,0.0000
3401,303,303,0,0,0.0000,0.0000
3402,303,303,0,0,0.0000,0.0000
3403,303,303,0,0,0.0000,0.0000
3404,303,303,0,0,0.0000,0.0000
3405,303,303,0,0,0.0000,0.0000
3406,300,300,0,0,0.0000,0.0000
3407,300,300,0,0,0.0000,0.0000
3408,300,300,0,0,0.0000,0.0000
3409,300,300,0,0,0.0000,0.0000
3410,300,300,0,0,0.0000,0.0000
3411,300,300,0,0,0.0000,0.0000
3412,300,300,0,0,0.0000,0.0000
3413,300,300,0,0,0.0000,0.0000
3414,300,300,0,0,0.0000,0.0000
3415,300,300,0,0,0.0000,0.0000
3416,300,300,0,0,0.0000,0.0000
3417,300,300,0,0,0.0000,0.0000
3418,300,300,0,0,0.0000,0.0000
3419,298,298,0,0,0.0000,0.0000
3420,304,304,0,0,0.0000,0.0000
3421,304,304,0,0,0.0000,0.0000
3422,304,304,0,0,0.0000,0.0000
3423,304,304,0,0,0.0000,0.0000
3424,304,304,0,0,0.0000,0.0000
3425,304,304,0,0,0.0000,0.0000
3426,304,304,0,0,0.0000,0.0000
3427,304,304,0,0,0.0000,0.0000
3428,304,304,0,0,0.0000,0.0000
3429,304,304,0,0,0.0000,0.0000
3430,304,304,0,0,0.0000,0.0000
3431,303,303,0,0,0.0000,0.0000
3432,303,303,0,0,0.0000,0.0000
3433,303,303,0,0,0.0000,0.0000
3434,303,303,0,0,0.0000,0.0000
3435,303,303,0,0,0.0000,0.0000
3436,303,303,0,0,0.0000,0.0000
3437,303,303,0,0,0.0000,0.0000
3438,303,303,0,0,0.0000,0.0000
3439,303,303,0,0,0.0000,0.0000
3440,303,303,0,0,0.0000,0.0000
3441,303,303,0,0,0.0000,0.0000
3442,303,303,0,0,0.0000,0.0000
3443,303,303,0,0,0.0000,0.0000
3444,303,303,0,0,0.0000,0.0000
3445,303,303,0,0,0.0000,0.0000
3446,303,303,0,0,0.0000,0.0000
3447,303,303,0,0,0.0000,0.0000
3448,303,303,0,0,0.0000,0.0000
3449,303,303,0,0,0.0000,0.0000
3450,303,303,0,0,0.0000,0.0000
3451,303,303,0,0,0.0000,0.0000
3452,303,303,0,0,0.0000,0.0000
3453,303,303,0,0,0.0000,0.0000
3454,302,302,0,0,0.0000,0.0000
3455,302,302,0,0,0.0000,0.0000
3456,302,302,0,0,0.0000,0.0000
3457,302,302,0,0,0.0000,0.0000
3458,302,302,0,0,0.0000,0.0000
3459,302,302,0,0,0.0000,0.0000
3460,302,302,0,0,0.0000,0.0000
3461,302,302,0,0,0.0000,0.0000
3462,302,302,0,0,0.0000,0.0000
3463,302,302,0,0,0.0000,0.0000
3464,302,302,0,0,0.0000,0.0000
3465,302,302,0,0,0.0000,0.0000
3466,300,300,0,0,0.0000,0.0000
3467,297,297,0,0,0.0000,0.0000
3468,299,299,0,0,0.0000,0.0000
3469,301,301,0,0,0.0000,0.0000
3470,301,301,0,0,0.0000,0.0000
3471,301,301,0,0,0.0000,0.0000
3472,301,301,0,0,0.0000,0.0000
3473,301,301,0,0,0.0000,0.0000
3474,301,301,0,0,0.0000,0.0000
3475,301,301,0,0,0.0000,0.0000
3476,301,301,0,0,0.0000,0.0000
3477,301,301,0,0,0.0000,0.0000
3478,301,301,0,0,0.0000,0.0000
3479,301,301,0,0,0.0000,0.0000
3480,301,301,0,0,0.0000,0.0000
3481,301,301,0,0,0.0000,0.0000
3482,301,301,0,0,0.0000,0.0000
3483,301,301,0,0,0.0000,0.0000
3484,300,300,0,0,0.0000,0.0000
3485,300,300,0,0,0.0000,0.0000
3486,300,300,0,0,0.0000,0.0000
3487,300,300,0,0,0.0000,0.0000
3488,300,300,0,0,0.0000,0.0000
3489,300,300,0,0,0.0000,0.0000
3490,295,295,0,0,0.0000,0.0000
3491,300,300,0,0,0.0000,0.0000
3492,300,300,0,0,0.0000,0.0000
3493,300,300,0,0,0.0000,0.0000
3494,300,300,0,0,0.0000,0.0000
3495,300,300,0,0,0.0000,0.0000
3496,299,299,0,0,0.0000,0.0000
3497,306,306,0,0,0.0000,0.0000
3498,302,302,0,0,0.0000,0.0000
3499,302,302,0,0,0.0000,0.0000
3500,302,302,0,0,0.0000,0.0000
3501,302,302,0,0,0.0000,0.0000
3502,302,302,0,0,0.0000,0.0000
3503,302,302,0,0,0.0000,0.0000
3504,302,302,0,0,0.0000,0.0000
3505,302,302,0,0,0.0000,0.0000
3506,302,302,0,0,0.0000,0.0000
3507,302,302,0,0,0.0000,0.0000
3508,302,302,0,0,0.0000,0.0000
3509,302,302,0,0,0.0000,0.0000
3510,302,302,0,0,0.0000,0.0000
3511,302,302,0,0,0.0000,0.0000
3512,302,302,0,0,0.0000,0.0000
3513,302,302,0,0,0.0000,0.0000
3514,302,302,0,0,0.0000,0.0000
3515,302,302,0,0,0.0000,0.0000
3516,302,302,0,0,0.0000,0.0000
3517,302,302,0,0,0.0000,0.0000
3518,302,302,0,0,0.0000,0.0000
3519,302,302,0,0,0.0000,0.0000
3520,302,302,0,0,0.0000,0.0000
3521,300,300,0,0,0.0000,0.0000
3522,300,300,0,0,0.0000,0.0000
3523,300,300,0,0,0.0000,0.0000
3524,300,300,0,0,0.0000,0.0000
3525,299,299,0,0,0.0000,0.0000
3526,299,299,0,0,0.0000,0.0000
3527,301,301,0,0,0.0000,0.0000
3528,301,301,0,0,0.0000,0.0000
3529,301,301,0,0,0.0000,0.0000
3530,301,301,0,0,0.0000,0.0000
3531,301,301,0,0,0.0000,0.0000
3532,301,301,0,0,0.0000,0.0000
3533,301,301,0,0,0.0000,0.0000
3534,301,301,0,0,0.0000,0.0000
3535,300,300,0,0,0.0000,0.0000
3536,300,300,0,0,0.0000,0.0000
3537,300,300,0,0,0.0000,0.0000
3538,300,300,0,0,0.0000,0.0000
3539,300,300,0,0,0.0000,0.0000
3540,300,300,0,0,0.0000,0.0000
3541,300,300,0,0,0.0000,0.0000
3542,300,300,0,0,0.0000,0.0000
3543,300,300,0,0,0.0000,0.0000
3544,300,300,0,0,0.0000,0.0000
3545,300,300,0,0,0.0000,0.0000
3546,300,300,0,0,0.0000,0.0000
3547,300,300,0,0,0.0000,0.0000
3548,300,300,0,0,0.0000,0.0000
3549,300,300,0,0,0.0000,0.0000
3550,300,300,0,0,0.0000,0.0000
3551,300,300,0,0,0.0000,0.0000
3552,300,300,0,0,0.0000,0.0000
3553,300,300,0,0,0.0000,0.0000
3554,300,300,0,0,0.0000,0.0000
3555,293,293,0,0,0.0000,0.0000
3556,295,295,0,0,0.0000,0.0000
3557,299,299,0,0,0.0000,0.0000
3558,301,301,0,0,0.0000,0.0000
3559,301,301,0,0,0.0000,0.0000
3560,301,301,0,0,0.0000,0.0000
3561,301,301,0,0,0.0000,0.0000
3562,301,301,0,0,0.0000,0.0000
3563,301,301,0,0,0.0000,0.0000
3564,301,301,0,0,0.0000,0.0000
3565,301,301,0,0,0.0000,0.0000
3566,301,301,0,0,0.0000,0.0000
3567,301,301,0,0,0.0000,0.0000
3568,301,301,0,0,0.0000,0.0000
3569,301,301,0,0,0.0000,0.0000
3570,301,301,0,0,0.0000,0.0000
3571,301,301,0,0,0.0000,0.0000
3572,301,301,0,0,0.0000,0.0000
3573,301,301,0,0,0.0000,0.0000
3574,301,301,0,0,0.0000,0.0000
3575,301,301,0,0,0.0000,0.0000
3576,301,301,0,0,0.0000,0.0000
3577,301,301,0,0,0.0000,0.0000
3578,301,301,0,0,0.0000,0.0000
3579,301,301,0,0,0.0000,0.0000
3580,301,301,0,0,0.0000,0.0000
3581,301,301,0,0,0.0000,0.0000
3582,301,301,0,0,0.0000,0.0000
3583,301,301,0,0,0.0000,0.0000
3584,301,301,0,0,0.0000,0.0000
3585,301,301,0,0,0.0000,0.0000
3586,301,301,0,0,0.0000,0.0000
3587,301,301,0,0,0.0000,0.0000
3588,301,301,0,0,0.0000,0.0000
3589,301,301,0,0,0.0000,0.0000
3590,301,301,0,0,0.0000,0.0000
3591,301,301,0,0,0.0000,0.0000
3592,301,301,0,0,0.0000,0.0000
3593,301,301,0,0,0.0000,0.0000
3594,301,301,0,0,0.0000,0.0000
3595,301,301,0,0,0.0000,0.0000
3596,301,301,0,0,0.0000,0.0000
3597,301,301,0,0,0.0000,0.0000
3598,301,301,0,0,0.0000,0.0000
3599,301,301,0,0,0.0000,0.0000
3600,301,301,0,0,0.0000,0.0000
3601,299,299,0,0,0.0000,0.0000
3602,302,302,0,0,0.0000,0.0000
3603,302,302,0,0,0.0000,0.0000
3604,302,302,0,0,0.0000,0.0000
3605,302,302,0,0,0.0000,0.0000
3606,302,302,0,0,0.0000,0.0000
3607,302,302,0,0,0.0000,0.0000
3608,302,302,0,0,0.0000,0.0000
3609,302,302,0,0,0.0000,0.0000
3610,302,302,0,0,0.0000,0.0000
3611,302,302,0,0,0.0000,0.0000
3612,302,302,0,0,0.0000,0.0000
3613,302,302,0,0,0.0000,0.0000
3614,302,302,0,0,0.0000,0.0000
3615,302,302,0,0,0.0000,0.0000
3616,302,302,0,0,0.0000,0.0000
3617,302,302,0,0,0.0000,0.0000
3618,302,302,0,0,0.0000,0.0000
3619,302,302,0,0,0.0000,0.0000
3620,302,302,0,0,0.0000,0.0000
3621,302,302,0,0,0.0000,0.0000
3622,302,302,0,0,0.0000,0.0000
3623,302,302,0,0,0.0000,0.0000
3624,302,302,0,0,0.0000,0.0000
3625,302,302,0,0,0.0000,0.0000
3626,302,302,0,0,0.0000,0.0000
3627,302,302,0,0,0.0000,0.0000
3628,302,302,0,0,0.0000,0.0000
3629,302,302,0,0,0.0000,0.0000
3630,302,302,0,0,0.0000,0.0000
3631,302,302,0,0,0.0000,0.0000
3632,302,302,0,0,0.0000,0.0000
3633,302,302,0,0,0.0000,0.0000
3634,302,302,0,0,0.0000,0.0000
3635,302,302,0,0,0.0000,0.0000
3636,302,302,0,0,0.0000,0.0000
3637,302,302,0,0,0.0000,0.0000
3638,302,302,0,0,0.0000,0.0000
3639,302,302,0,0,0.0000,0.0000
3640,302,302,0,0,0.0000,0.0000
3641,302,302,0,0,0.0000,0.0000
3642,302,302,0,0,0.0000,0.0000
3643,302,302,0,0,0.0000,0.0000
3644,302,302,0,0,0.0000,0.0000
3645,302,302,0,0,0.0000,0.0000
3646,302,302,0,0,0.0000,0.0000
3647,302,302,0,0,0.0000,0.0000
3648,302,302,0,0,0.0000,0.0000
3649,302,302,0,0,0.0000,0.0000
3650,302,302,0,0,0.0000,0.0000
3651,302,302,0,0,0.0000,0.0000
3652,302,302,0,0,0.0000,0.0000
3653,302,302,0,0,0.0000,0.0000
3654,302,302,0,0,0.0000,0.0000
3655,302,302,0,0,0.0000,0.0000
3656,302,302,0,0,0.0000,0.0000
3657,302,302,0,0,0.0000,0.0000
3658,302,302,0,0,0.0000,0.0000
3659,302,302,0,0,0.0000,0.0000
3660,302,302,0,0,0.0000,0.0000
3661,302,302,0,0,0.0000,0.0000
3662,302,302,0,0,0.0000,0.0000
3663,302,302,0,0,0.0000,0.0000
3664,302,302,0,0,0.0000,0.0000
3665,302,302,0,0,0.0000,0.0000
3666,302,302,0,0,0.0000,0.0000
3667,302,302,0,0,0.0000,0.0000
3668,302,302,0,0,0.0000,0.0000
3669,302,302,0,0,0.0000,0.0000
3670,302,302,0,0,0.0000,0.0000
3671,302,302,0,0,0.0000,0.0000
3672,302,302,0,0,0.0000,0.0000
3673,302,302,0,0,0.0000,0.0000
3674,302,302,0,0,0.0000,0.0000
3675,302,302,0,0,0.0000,0.0000
3676,302,302,0,0,0.0000,0.0000
3677,302,302,0,0,0.0000,0.0000
3678,302,302,0,0,0.0000,0.0000
3679,302,302,0,0,0.0000,0.0000
3680,302,302,0,0,0.0000,0.0000
3681,302,302,0,0,0.0000,0.0000
3682,302,302,0,0,0.0000,0.0000
3683,302,302,0,0,0.0000,0.0000
3684,302,302,0,0,0.0000,0.0000
3685,302,302,0,0,0.0000,0.0000
3686,302,302,0,0,0.0000,0.0000
3687,302,302,0,0,0.0000,0.0000
3688,302,302,0,0,0.0000,0.0000
3689,302,302,0,0,0.0000,0.0000
3690,302,302,0,0,0.0000,0.0000
3691,302,302,0,0,0.0000,0.0000
3692,302,302,0,0,0.0000,0.0000
3693,302,302,0,0,0.0000,0.0000
3694,302,302,0,0,0.0000,0.0000
3695,302,302,0,0,0.0000,0.0000
3696,302,302,0,0,0.0000,0.0000
3697,302,302,0,0,0.0000,0.0000
3698,302,302,0,0,0.0000,0.0000
3699,302,302,0,0,0.0000,0.0000
3700,302,302,0,0,0.0000,0.0000
3701,302,302,0,0,0.0000,0.0000
3702,302,302,0,0,0.0000,0.0000
3703,302,302,0,0,0.0000,0.0000
3704,302,302,0,0,0.0000,0.0000
3705,302,302,0,0,0.0000,0.0000
3706,302,302,0,0,0.0000,0.0000
3707,302,302,0,0,0.0000,0.0000
3708,302,302,0,0,0.0000,0.0000
3709,302,302,0,0,0.0000,0.0000
3710,300,300,0,0,0.0000,0.0000
3711,300,300,0,0,0.0000,0.0000
3712,300,300,0,0,0.0000,0.0000
3713,300,300,0,0,0.0000,0.0000
3714,300,300,0,0,0.0000,0.0000
3715,300,300,0,0,0.0000,0.0000
3716,300,300,0,0,0.0000,0.0000
3717,300,300,0,0,0.0000,0.0000
3718,300,300,0,0,0.0000,0.0000
3719,300,300,0,0,0.0000,0.0000
3720,300,300,0,0,0.0000,0.0000
3721,300,300,0,0,0.0000,0.0000
3722,300,300,0,0,0.0000,0.0000
3723,300,300,0,0,0.0000,0.0000
3724,300,300,0,0,0.0000,0.0000
3725,300,300,0,0,0.0000,0.0000
3726,300,300,0,0,0.0000,0.0000
3727,300,300,0,0,0.0000,0.0000
3728,300,300,0,0,0.0000,0.0000
3729,300,300,0,0,0.0000,0.0000
3730,300,300,0,0,0.0000,0.0000
3731,300,300,0,0,0.0000,0.0000
3732,295,295,0,0,0.0000,0.0000
3733,297,297,0,0,0.0000,0.0000
3734,303,303,0,0,0.0000,0.0000
3735,303,303,0,0,0.0000,0.0000
3736,303,303,0,0,0.0000,0.0000
3737,303,303,0,0,0.0000,0.0000
3738,303,303,0,0,0.0000,0.0000
3739,303,303,0,0,0.0000,0.0000
3740,303,303,0,0,0.0000,0.0000
3741,303,303,0,0,0.0000,0.0000
3742,303,303,0,0,0.0000,0.0000
3743,303,303,0,0,0.0000,0.0000
3744,303,303,0,0,0.0000,0.0000
3745,303,303,0,0,0.0000,0.0000
3746,303,303,0,0,0.0000,0.0000
3747,303,303,0,0,0.0000,0.0000
3748,303,303,0,0,0.0000,0.0000
3749,303,303,0,0,0.0000,0.0000
3750,303,303,0,0,0.0000,0.0000
3751,303,303,0,0,0.0000,0.0000
3752,303,303,0,0,0.0000,0.0000
3753,303,303,0,0,0.0000,0.0000
3754,303,303,0,0,0.0000,0.0000
3755,303,303,0,0,0.0000,0.0000
3756,303,303,0,0,0.0000,0.0000
3757,303,303,0,0,0.0000,0.0000
3758,303,303,0,0,0.0000,0.0000
3759,303,303,0,0,0.0000,0.0000
3760,303,303,0,0,0.0000,0.0000
3761,303,303,0,0,0.0000,0.0000
3762,303,303,0,0,0.0000,0.0000
3763,303,303,0,0,0.0000,0.0000
3764,303,303,0,0,0.0000,0.0000
3765,303,303,0,0,0.0000,0.0000
3766,303,303,0,0,0.0000,0.0000
3767,303,303,0,0,0.0000,0.0000
3768,303,303,0,0,0.0000,0.0000
3769,303,303,0,0,0.0000,0.0000
3770,303,303,0,0,0.0000,0.0000
3771,303,303,0,0,0.0000,0.0000
3772,303,303,0,0,0.0000,0.0000
3773,303,303,0,0,0.0000,0.0000
3774,303,303,0,0,0.0000,0.0000
3775,303,303,0,0,0.0000,0.0000
3776,303,303,0,0,0.0000,0.0000
3777,303,303,0,0,0.0000,0.0000
3778,303,303,0,0,0.0000,0.0000
3779,303,303,0,0,0.0000,0.0000
3780,303,303,0,0,0.0000,0.0000
3781,303,303,0,0,0.0000,0.0000
3782,303,303,0,0,0.0000,0.0000
3783,303,303,0,0,0.0000,0.0000
3784,303,303,0,0,0.0000,0.0000
3785,303,303,0,0,0.0000,0.0000
3786,303,303,0,0,0.0000,0.0000
3787,303,303,0,0,0.0000,0.0000
3788,303,303,0,0,0.0000,0.0000
3789,303,303,0,0,0.0000,0.0000
3790,303,303,0,0,0.0000,0.0000
3791,303,303,0,0,0.0000,0.0000
3792,303,303,0,0,0.0000,0.0000
3793,303,303,0,0,0.0000,0.0000
3794,303,303,0,0,0.0000,0.0000
3795,303,303,0,0,0.0000,0.0000
3796,303,303,0,0,0.0000,0.0000
3797,303,303,0,0,0.0000,0.0000
3798,303,303,0,0,0.0000,0.0000
3799,303,303,0,0,0.0000,0.0000
3800,303,303,0,0,0.0000,0.0000
3801,303,303,0,0,0.0000,0.0000
3802,303,303,0,0,0.0000,0.0000
3803,303,303,0,0,0.0000,0.0000
3804,303,303,0,0,0.0000,0.0000
3805,303,303,0,0,0.0000,0.0000
3806,303,303,0,0,0.0000,0.0000
3807,303,303,0,0,0.0000,0.0000
3808,303,303,0,0,0.0000,0.0000
3809,303,303,0,0,0.0000,0.0000
3810,303,303,0,0,0.0000,0.0000
3811,303,303,0,0,0.0000,0.0000
3812,303,303,0,0,0.0000,0.0000
3813,303,303,0,0,0.0000,0.0000
3814,303,303,0,0,0.0000,0.0000
3815,303,303,0,0,0.0000,0.0000
3816,303,303,0,0,0.0000,0.0000
3817,303,303,0,0,0.0000,0.0000
3818,303,303,0,0,0.0000,0.0000
3819,303,303,0,0,0.0000,0.0000
3820,303,303,0,0,0.0000,0.0000
3821,303,303,0,0,0.0000,0.0000
3822,303,303,0,0,0.0000,0.0000
3823,303,303,0,0,0.0000,0.0000
3824,303,303,0,0,0.0000,0.0000
3825,301,301,0,0,0.0000,0.0000
3826,301,301,0,0,0.0000,0.0000
3827,301,301,0,0,0.0000,0.0000
3828,301,301,0,0,0.0000,0.0000
3829,301,301,0,0,0.0000,0.0000
3830,301,301,0,0,0.0000,0.0000
3831,301,301,0,0,0.0000,0.0000
3832,301,301,0,0,0.0000,0.0000
3833,301,301,0,0,0.0000,0.0000
3834,301,301,0,0,0.0000,0.0000
3835,301,301,0,0,0.0000,0.0000
3836,301,301,0,0,0.0000,0.0000
3837,301,301,0,0,0.0000,0.0000
3838,301,301,0,0,0.0000,0.0000
3839,301,301,0,0,0.0000,0.0000
3840,301,301,0,0,0.0000,0.0000
3841,301,301,0,0,0.0000,0.0000
3842,301,301,0,0,0.0000,0.0000
3843,301,301,0,0,0.0000,0.0000
3844,301,301,0,0,0.0000,0.0000
3845,301,301,0,0,0.0000,0.0000
3846,301,301,0,0,0.0000,0.0000
3847,301,301,0,0,0.0000,0.0000
3848,301,301,0,0,0.0000,0.0000
3849,301,301,0,0,0.0000,0.0000
3850,301,301,0,0,0.0000,0.0000
3851,301,301,0,0,0.0000,0.0000
3852,301,301,0,0,0.0000,0.0000
3853,301,301,0,0,0.0000,0.0000
3854,301,301,0,0,0.0000,0.0000
3855,301,301,0,0,0.0000,0.0000
3856,301,301,0,0,0.0000,0.0000
3857,301,301,0,0,0.0000,0.0000
3858,301,301,0,0,0.0000,0.0000
3859,301,301,0,0,0.0000,0.0000
3860,301,301,0,0,0.0000,0.0000
3861,301,301,0,0,0.0000,0.0000
3862,301,301,0,0,0.0000,0.0000
3863,301,301,0,0,0.0000,0.0000
3864,301,301,0,0,0.0000,0.0000
3865,301,301,0,0,0.0000,0.0000
3866,301,301,0,0,0.0000,0.0000
3867,301,301,0,0,0.0000,0.0000
3868,301,301,0,0,0.0000,0.0000
3869,301,301,0,0,0.0000,0.0000
3870,301,301,0,0,0.0000,0.0000
3871,301,301,0,0,0.0000,0.0000
3872,301,301,0,0,0.0000,0.0000
3873,301,301,0,0,0.0000,0.0000
3874,301,301,0,0,0.0000,0.0000
3875,301,301,0,0,0.0000,0.0000
3876,301,301,0,0,0.0000,0.0000
3877,299,299,0,0,0.0000,0.0000
3878,304,304,0,0,0.0000,0.0000
3879,304,304,0,0,0.0000,0.0000
3880,304,304,0,0,0.0000,0.0000
3881,304,304,0,0,0.0000,0.0000
3882,304,304,0,0,0.0000,0.0000
3883,304,304,0,0,0.0000,0.0000
3884,304,304,0,0,0.0000,0.0000
3885,304,304,0,0,0.0000,0.0000
3886,304,304,0,0,0.0000,0.0000
3887,304,304,0,0,0.0000,0.0000
3888,304,304,0,0,0.0000,0.0000
3889,304,304,0,0,0.0000,0.0000
3890,304,304,0,0,0.0000,0.0000
3891,304,304,0,0,0.0000,0.0000
3892,304,304,0,0,0.0000,0.0000
3893,304,304,0,0,0.0000,0.0000
3894,304,304,0,0,0.0000,0.0000
3895,304,304,0,0,0.0000,0.0000
3896,304,304,0,0,0.0000,0.0000
3897,304,304,0,0,0.0000,0.0000
3898,304,304,0,0,0.0000,0.0000
3899,304,304,0,0,0.0000,0.0000
3900,304,304,0,0,0.0000,0.0000
3901,304,304,0,0,0.0000,0.0000
3902,304,304,0,0,0.0000,0.0000
3903,304,304,0,0,0.0000,0.0000
3904,304,304,0,0,0.0000,0.0000
3905,304,304,0,0,0.0000,0.0000
3906,304,304,0,0,0.0000,0.0000
3907,304,304,0,0,0.0000,0.0000
3908,304,304,0,0,0.0000,0.0000
3909,304,304,0,0,0.0000,0.0000
3910,304,304,0,0,0.0000,0.0000
3911,304,304,0,0,0.0000,0.0000
3912,304,304,0,0,0.0000,0.0000
3913,304,304,0,0,0.0000,0.0000
3914,304,304,0,0,0.0000,0.0000
3915,304,304,0,0,0.0000,0.0000
3916,304,304,0,0,0.0000,0.0000
3917,304,304,0,0,0.0000,0.0000
3918,304,304,0,0,0.0000,0.0000
3919,304,304,0,0,0.0000,0.0000
3920,304,304,0,0,0.0000,0.0000
3921,304,304,0,0,0.0000,0.0000
3922,304,304,0,0,0.0000,0.0000
3923,304,304,0,0,0.0000,0.0000
3924,304,304,0,0,0.0000,0.0000
3925,304,304,0,0,0.0000,0.0000
3926,300,300,0,0,0.0000,0.0000
3927,300,300,0,0,0.0000,0.0000
3928,300,300,0,0,0.0000,0.0000
3929,300,300,0,0,0.0000,0.0000
3930,300,300,0,0,0.0000,0.0000
3931,300,300,0,0,0.0000,0.0000
3932,300,300,0,0,0.0000,0.0000
3933,300,300,0,0,0.0000,0.0000
3934,300,300,0,0,0.0000,0.0000
3935,300,300,0,0,0.0000,0.0000
3936,300,300,0,0,0.0000,0.0000
3937,300,300,0,0,0.0000,0.0000
3938,300,300,0,0,0.0000,0.0000
3939,300,300,0,0,0.0000,0.0000
3940,300,300,0,0,0.0000,0.0000
3941,300,300,0,0,0.0000,0.0000
3942,300,300,0,0,0.0000,0.0000
3943,300,300,0,0,0.0000,0.0000
3944,300,300,0,0,0.0000,0.0000
3945,300,300,0,0,0.0000,0.0000
3946,300,300,0,0,0.0000,0.0000
3947,300,300,0,0,0.0000,0.0000
3948,300,300,0,0,0.0000,0.0000
3949,300,300,0,0,0.0000,0.0000
3950,300,300,0,0,0.0000,0.0000
3951,300,300,0,0,0.0000,0.0000
3952,300,300,0,0,0.0000,0.0000
3953,300,300,0,0,0.0000,0.0000
3954,300,300,0,0,0.0000,0.0000
3955,300,300,0,0,0.0000,0.0000
3956,300,300,0,0,0.0000,0.0000
3957,300,300,0,0,0.0000,0.0000
3958,300,300,0,0,0.0000,0.0000
3959,300,300,0,0,0.0000,0.0000
3960,300,300,0,0,0.0000,0.0000
3961,300,300,0,0,0.0000,0.0000
3962,300,300,0,0,0.0000,0.0000
3963,300,300,0,0,0.0000,0.0000
3964,300,300,0,0,0.0000,0.0000
3965,300,300,0,0,0.0000,0.0000
3966,300,300,0,0,0.0000,0.0000
3967,300,300,0,0,0.0000,0.0000
3968,300,300,0,0,0.0000,0.0000
3969,300,300,0,0,0.0000,0.0000
3970,300,300,0,0,0.0000,0.0000
3971,300,300,0,0,0.0000,0.0000
3972,300,300,0,0,0.0000,0.0000
3973,300,300,0,0,0.0000,0.0000
3974,300,300,0,0,0.0000,0.0000
3975,300,300,0,0,0.0000,0.0000
3976,300,300,0,0,0.0000,0.0000
3977,300,300,0,0,0.0000,0.0000
3978,300,300,0,0,0.0000,0.0000
3979,300,300,0,0,0.0000,0.0000
3980,300,300,0,0,0.0000,0.0000
3981,300,300,0,0,0.0000,0.0000
3982,300,300,0,0,0.0000,0.0000
3983,300,300,0,0,0.0000,0.0000
3984,300,300,0,0,0.0000,0.0000
3985,300,300,0,0,0.0000,0.0000
3986,300,300,0,0,0.0000,0.0000
3987,300,300,0,0,0.0000,0.0000
3988,300,300,0,0,0.0000,0.0000
3989,300,300,0,0,0.0000,0.0000
3990,300,300,0,0,0.0000,0.0000
3991,300,300,0,0,0.0000,0.0000
3992,300,300,0,0,0.0000,0.0000
3993,300,300,0,0,0.0000,0.0000
3994,300,300,0,0,0.0000,0.0000
3995,300,300,0,0,0.0000,0.0000
3996,300,300,0,0,0.0000,0.0000
3997,300,300,0,0,0.0000,0.0000
3998,300,300,0,0,0.0000,0.0000
3999,300,300,0,0,0.0000,0.0000
4000,300,300,0,0,0.0000,0.0000
4001,300,300,0,0,0.0000,0.0000
4002,300,300,0,0,0.0000,0.0000
4003,300,300,0,0,0.0000,0.0000
4004,300,300,0,0,0.0000,0.0000
4005,300,300,0,0,0.0000,0.0000
4006,300,300,0,0,0.0000,0.0000
4007,300,300,0,0,0.0000,0.0000
4008,300,300,0,0,0.0000,0.0000
4009,300,300,0,0,0.0000,0.0000
4010,300,300,0,0,0.0000,0.0000
4011,300,300,0,0,0.0000,0.0000
4012,300,300,0,0,0.0000,0.0000
4013,300,300,0,0,0.0000,0.0000
4014,300,300,0,0,0.0000,0.0000
4015,300,300,0,0,0.0000,0.0000
4016,300,300,0,0,0.0000,0.0000
4017,300,300,0,0,0.0000,0.0000
4018,300,300,0,0,0.0000,0.0000
4019,300,300,0,0,0.0000,0.0000
4020,300,300,0,0,0.0000,0.0000
4021,300,300,0,0,0.0000,0.0000
4022,300,300,0,0,0.0000,0.0000
4023,300,300,0,0,0.0000,0.0000
4024,300,300,0,0,0.0000,0.0000
4025,300,300,0,0,0.0000,0.0000
4026,300,300,0,0,0.0000,0.0000
4027,300,300,0,0,0.0000,0.0000
4028,300,300,0,0,0.0000,0.0000
4029,300,300,0,0,0.0000,0.0000
4030,300,300,0,0,0.0000,0.0000
4031,300,300,0,0,0.0000,0.0000
4032,300,300,0,0,0.0000,0.0000
4033,300,300,0,0,0.0000,0.0000
4034,300,300,0,0,0.0000,0.0000
4035,300,300,0,0,0.0000,0.0000
4036,300,300,0,0,0.0000,0.0000
4037,300,300,0,0,0.0000,0.0000
4038,300,300,0,0,0.0000,0.0000
4039,300,300,0,0,0.0000,0.0000
4040,300,300,0,0,0.0000,0.0000
4041,300,300,0,0,0.0000,0.0000
4042,300,300,0,0,0.0000,0.0000
4043,300,300,0,0,0.0000,0.0000
4044,300,300,0,0,0.0000,0.0000
4045,300,300,0,0,0.0000,0.0000
4046,300,300,0,0,0.0000,0.0000
4047,300,300,0,0,0.0000,0.0000
4048,300,300,0,0,0.0000,0.0000
4049,300,300,0,0,0.0000,0.0000
4050,300,300,0,0,0.0000,0.0000
4051,300,300,0,0,0.0000,0.0000
4052,300,300,0,0,0.0000,0.0000
4053,300,300,0,0,0.0000,0.0000
4054,300,300,0,0,0.0000,0.0000
4055,297,297,0,0,0.0000,0.0000
4056,298,298,0,0,0.0000,0.0000
4057,303,303,0,0,0.0000,0.0000
4058,303,303,0,0,0.0000,0.0000
4059,303,303,0,0,0.0000,0.0000
4060,303,303,0,0,0.0000,0.0000
4061,303,303,0,0,0.0000,0.0000
4062,303,303,0,0,0.0000,0.0000
4063,303,303,0,0,0.0000,0.0000
4064,303,303,0,0,0.0000,0.0000
4065,303,303,0,0,0.0000,0.0000
4066,303,303,0,0,0.0000,0.0000
4067,303,303,0,0,0.0000,0.0000
4068,303,303,0,0,0.0000,0.0000
4069,303,303,0,0,0.0000,0.0000
4070,303,303,0,0,0.0000,0.0000
4071,303,303,0,0,0.0000,0.0000
4072,303,303,0,0,0.0000,0.0000
4073,303,303,0,0,0.0000,0.0000
4074,303,303,0,0,0.0000,0.0000
4075,303,303,0,0,0.0000,0.0000
4076,303,303,0,0,0.0000,0.0000
4077,303,303,0,0,0.0000,0.0000
4078,303,303,0,0,0.0000,0.0000
4079,303,303,0,0,0.0000,0.0000
4080,303,303,0,0,0.0000,0.0000
4081,303,303,0,0,0.0000,0.0000
4082,303,303,0,0,0.0000,0.0000
4083,303,303,0,0,0.0000,0.0000
4084,303,303,0,0,0.0000,0.0000
4085,303,303,0,0,0.0000,0.0000
4086,303,303,0,0,0.0000,0.0000
4087,303,303,0,0,0.0000,0.0000
4088,303,303,0,0,0.0000,0.0000
4089,303,303,0,0,0.0000,0.0000
4090,303,303,0,0,0.0000,0.0000
4091,303,303,0,0,0.0000,0.0000
4092,303,303,0,0,0.0000,0.0000
4093,303,303,0,0,0.0000,0.0000
4094,303,303,0,0,0.0000,0.0000
4095,303,303,0,0,0.0000,0.0000
4096,303,303,0,0,0.0000,0.0000
4097,303,303,0,0,0.0000,0.0000
4098,303,303,0,0,0.0000,0.0000
4099,303,303,0,0,0.0000,0.0000
4100,303,303,0,0,0.0000,0.0000
4101,303,303,0,0,0.0000,0.0000
4102,303,303,0,0,0.0000,0.0000
4103,303,303,0,0,0.0000,0.0000
4104,303,303,0,0,0.0000,0.0000
4105,303,303,0,0,0.0000,0.0000
4106,303,303,0,0,0.0000,0.0000
4107,303,303,0,0,0.0000,0.0000
4108,303,303,0,0,0.0000,0.0000
4109,303,303,0,0,0.0000,0.0000
4110,303,303,0,0,0.0000,0.0000
4111,303,303,0,0,0.0000,0.0000
4112,303,303,0,0,0.0000,0.0000
4113,303,303,0,0,0.0000,0.0000
4114,303,303,0,0,0.0000,0.0000
4115,303,303,0,0,0.0000,0.0000
4116,303,303,0,0,0.0000,0.0000
4117,303,303,0,0,0.0000,0.0000
4118,303,303,0,0,0.0000,0.0000
4119,303,303,0,0,0.0000,0.0000
4120,303,303,0,0,0.0000,0.0000
4121,303,303,0,0,0.0000,0.0000
4122,303,303,0,0,0.0000,0.0000
4123,303,303,0,0,0.0000,0.0000
4124,303,303,0,0,0.0000,0.0000
4125,303,303,0,0,0.0000,0.0000
4126,303,303,0,0,0.0000,0.0000
4127,303,303,0,0,0.0000,0.0000
4128,303,303,0,0,0.0000,0.0000
4129,303,303,0,0,0.0000,0.0000
4130,303,303,0,0,0.0000,0.0000
4131,303,303,0,0,0.0000,0.0000
4132,303,303,0,0,0.0000,0.0000
4133,303,303,0,0,0.0000,0.0000
4134,303,303,0,0,0.0000,0.0000
4135,303,303,0,0,0.0000,0.0000
4136,303,303,0,0,0.0000,0.0000
4137,303,303,0,0,0.0000,0.0000
4138,303,303,0,0,0.0000,0.0000
4139,303,303,0,0,0.0000,0.0000
4140,303,303,0,0,0.0000,0.0000
4141,303,303,0,0,0.0000,0.0000
4142,303,303,0,0,0.0000,0.0000
4143,303,303,0,0,0.0000,0.0000
4144,303,303,0,0,0.0000,0.0000
4145,303,303,0,0,0.0000,0.0000
4146,299,299,0,0,0.0000,0.0000
4147,304,304,0,0,0.0000,0.0000
4148,304,304,0,0,0.0000,0.0000
4149,304,304,0,0,0.0000,0.0000
4150,304,304,0,0,0.0000,0.0000
4151,304,304,0,0,0.0000,0.0000
4152,304,304,0,0,0.0000,0.0000
4153,304,304,0,0,0.0000,0.0000
4154,304,304,0,0,0.0000,0.0000
4155,304,304,0,0,0.0000,0.0000
4156,304,304,0,0,0.0000,0.0000
4157,304,304,0,0,0.0000,0.0000
4158,304,304,0,0,0.0000,0.0000
4159,304,304,0,0,0.0000,0.0000
4160,304,304,0,0,0.0000,0.0000
4161,304,304,0,0,0.0000,0.0000
4162,304,304,0,0,0.0000,0.0000
4163,304,304,0,0,0.0000,0.0000
4164,304,304,0,0,0.0000,0.0000
4165,304,304,0,0,0.0000,0.0000
4166,304,304,0,0,0.0000,0.0000
4167,304,304,0,0,0.0000,0.0000
4168,304,304,0,0,0.0000,0.0000
4169,304,304,0,0,0.0000,0.0000
4170,304,304,0,0,0.0000,0.0000
4171,304,304,0,0,0.0000,0.0000
4172,304,304,0,0,0.0000,0.0000
4173,304,304,0,0,0.0000,0.0000
4174,304,304,0,0,0.0000,0.0000
4175,304,304,0,0,0.0000,0.0000
4176,304,304,0,0,0.0000,0.0000
4177,304,304,0,0,0.0000,0.0000
4178,304,304,0,0,0.0000,0.0000
4179,304,304,0,0,0.0000,0.0000
4180,304,304,0,0,0.0000,0.0000
4181,304,304,0,0,0.0000,0.0000
4182,304,304,0,0,0.0000,0.0000
4183,304,304,0,0,0.0000,0.0000
4184,304,304,0,0,0.0000,0.0000
4185,304,304,0,0,0.0000,0.0000
4186,304,304,0,0,0.0000,0.0000
4187,304,304,0,0,0.0000,0.0000
4188,304,304,0,0,0.0000,0.0000
4189,304,304,0,0,0.0000,0.0000
4190,304,304,0,0,0.0000,0.0000
4191,304,304,0,0,0.0000,0.0000
4192,304,304,0,0,0.0000,0.0000
4193,304,304,0,0,0.0000,0.0000
4194,304,304,0,0,0.0000,0.0000
4195,304,304,0,0,0.0000,0.0000
4196,304,304,0,0,0.0000,0.0000
4197,304,304,0,0,0.0000,0.0000
4198,304,304,0,0,0.0000,0.0000
4199,304,304,0,0,0.0000,0.0000
4200,304,304,0,0,0.0000,0.0000
4201,304,304,0,0,0.0000,0.0000
4202,304,304,0,0,0.0000,0.0000
4203,304,304,0,0,0.0000,0.0000
4204,304,304,0,0,0.0000,0.0000
4205,304,304,0,0,0.0000,0.0000
4206,304,304,0,0,0.0000,0.0000
4207,304,304,0,0,0.0000,0.0000
4208,304,304,0,0,0.0000,0.0000
4209,304,304,0,0,0.0000,0.0000
4210,304,304,0,0,0.0000,0.0000
4211,304,304,0,0,0.0000,0.0000
4212,304,304,0,0,0.0000,0.0000
4213,304,304,0,0,0.0000,0.0000
4214,304,304,0,0,0.0000,0.0000
4215,304,304,0,0,0.0000,0.0000
4216,304,304,0,0,0.0000,0.0000
4217,304,304,0,0,0.0000,0.0000
4218,304,304,0,0,0.0000,0.0000
4219,304,304,0,0,0.0000,0.0000
4220,304,304,0,0,0.0000,0.0000
4221,304,304,0,0,0.0000,0.0000
4222,304,304,0,0,0.0000,0.0000
4223,304,304,0,0,0.0000,0.0000
4224,304,304,0,0,0.0000,0.0000
4225,304,304,0,0,0.0000,0.0000
4226,304,304,0,0,0.0000,0.0000
4227,304,304,0,0,0.0000,0.0000
4228,304,304,0,0,0.0000,0.0000
4229,304,304,0,0,0.0000,0.0000
4230,304,304,0,0,0.0000,0.0000
4231,304,304,0,0,0.0000,0.0000
4232,304,304,0,0,0.0000,0.0000
4233,304,304,0,0,0.0000,0.0000
4234,304,304,0,0,0.0000,0.0000
4235,304,304,0,0,0.0000,0.0000
4236,304,304,0,0,0.0000,0.0000
4237,304,304,0,0,0.0000,0.0000
4238,304,304,0,0,0.0000,0.0000
4239,304,304,0,0,0.0000,0.0000
4240,304,304,0,0,0.0000,0.0000
4241,304,304,0,0,0.0000,0.0000
4242,304,304,0,0,0.0000,0.0000
4243,304,304,0,0,0.0000,0.0000
4244,304,304,0,0,0.0000,0.0000
4245,304,304,0,0,0.0000,0.0000
4246,304,304,0,0,0.0000,0.0000
4247,304,304,0,0,0.0000,0.0000
4248,304,304,0,0,0.0000,0.0000
4249,304,304,0,0,0.0000,0.0000
4250,304,304,0,0,0.0000,0.0000
4251,304,304,0,0,0.0000,0.0000
4252,304,304,0,0,0.0000,0.0000
4253,304,304,0,0,0.0000,0.0000
4254,304,304,0,0,0.0000,0.0000
4255,304,304,0,0,0.0000,0.0000
4256,304,304,0,0,0.0000,0.0000
4257,304,304,0,0,0.0000,0.0000
4258,304,304,0,0,0.0000,0.0000
4259,304,304,0,0,0.0000,0.0000
4260,304,304,0,0,0.0000,0.0000
4261,304,304,0,0,0.0000,0.0000
4262,304,304,0,0,0.0000,0.0000
4263,304,304,0,0,0.0000,0.0000
4264,304,304,0,0,0.0000,0.0000
4265,304,304,0,0,0.0000,0.0000
4266,304,304,0,0,0.0000,0.0000
4267,304,304,0,0,0.0000,0.0000
4268,304,304,0,0,0.0000,0.0000
4269,304,304,0,0,0.0000,0.0000
4270,304,304,0,0,0.0000,0.0000
4271,304,304,0,0,0.0000,0.0000
4272,304,304,0,0,0.0000,0.0000
4273,304,304,0,0,0.0000,0.0000
4274,304,304,0,0,0.0000,0.0000
4275,304,304,0,0,0.0000,0.0000
4276,304,304,0,0,0.0000,0.0000
4277,304,304,0,0,0.0000,0.0000
4278,304,304,0,0,0.0000,0.0000
4279,304,304,0,0,0.0000,0.0000
4280,304,304,0,0,0.0000,0.0000
4281,304,304,0,0,0.0000,0.0000
4282,304,304,0,0,0.0000,0.0000
4283,304,304,0,0,0.0000,0.0000
4284,304,304,0,0,0.0000,0.0000
4285,304,304,0,0,0.0000,0.0000
4286,304,304,0,0,0.0000,0.0000
4287,304,304,0,0,0.0000,0.0000
4288,304,304,0,0,0.0000,0.0000
4289,304,304,0,0,0.0000,0.0000
4290,304,304,0,0,0.0000,0.0000
4291,304,304,0,0,0.0000,0.0000
4292,302,302,0,0,0.0000,0.0000
4293,302,302,0,0,0.0000,0.0000
4294,302,302,0,0,0.0000,0.0000
4295,302,302,0,0,0.0000,0.0000
4296,302,302,0,0,0.0000,0.0000
4297,302,302,0,0,0.0000,0.0000
4298,302,302,0,0,0.0000,0.0000
4299,302,302,0,0,0.0000,0.0000
4300,302,302,0,0,0.0000,0.0000
4301,302,302,0,0,0.0000,0.0000
4302,302,302,0,0,0.0000,0.0000
4303,302,302,0,0,0.0000,0.0000
4304,302,302,0,0,0.0000,0.0000
4305,302,302,0,0,0.0000,0.0000
4306,302,302,0,0,0.0000,0.0000
4307,302,302,0,0,0.0000,0.0000
4308,302,302,0,0,0.0000,0.0000
4309,302,302,0,0,0.0000,0.0000
4310,302,302,0,0,0.0000,0.0000
4311,302,302,0,0,0.0000,0.0000
4312,302,302,0,0,0.0000,0.0000
4313,302,302,0,0,0.0000,0.0000
4314,302,302,0,0,0.0000,0.0000
4315,302,302,0,0,0.0000,0.0000
4316,302,302,0,0,0.0000,0.0000
4317,302,302,0,0,0.0000,0.0000
4318,302,302,0,0,0.0000,0.0000
4319,302,302,0,0,0.0000,0.0000
4320,302,302,0,0,0.0000,0.0000
4321,302,302,0,0,0.0000,0.0000
4322,302,302,0,0,0.0000,0.0000
4323,302,302,0,0,0.0000,0.0000
4324,302,302,0,0,0.0000,0.0000
4325,302,302,0,0,0.0000,0.0000
4326,302,302,0,0,0.0000,0.0000
4327,302,302,0,0,0.0000,0.0000
4328,302,302,0,0,0.0000,0.0000
4329,302,302,0,0,0.0000,0.0000
4330,302,302,0,0,0.0000,0.0000
4331,302,302,0,0,0.0000,0.0000
4332,302,302,0,0,0.0000,0.0000
4333,302,302,0,0,0.0000,0.0000
4334,302,302,0,0,0.0000,0.0000
4335,302,302,0,0,0.0000,0.0000
4336,302,302,0,0,0.0000,0.0000
4337,302,302,0,0,0.0000,0.0000
4338,302,302,0,0,0.0000,0.0000
4339,302,302,0,0,0.0000,0.0000
4340,302,302,0,0,0.0000,0.0000
4341,302,302,0,0,0.0000,0.0000
4342,302,302,0,0,0.0000,0.0000
4343,302,302,0,0,0.0000,0.0000
4344,302,302,0,0,0.0000,0.0000
4345,302,302,0,0,0.0000,0.0000
4346,302,302,0,0,0.0000,0.0000
4347,302,302,0,0,0.0000,0.0000
4348,302,302,0,0,0.0000,0.0000
4349,302,302,0,0,0.0000,0.0000
4350,302,302,0,0,0.0000,0.0000
4351,302,302,0,0,0.0000,0.0000
4352,302,302,0,0,0.0000,0.0000
4353,302,302,0,0,0.0000,0.0000
4354,302,302,0,0,0.0000,0.0000
4355,302,302,0,0,0.0000,0.0000
4356,302,302,0,0,0.0000,0.0000
4357,302,302,0,0,0.0000,0.0000
4358,302,302,0,0,0.0000,0.0000
4359,302,302,0,0,0.0000,0.0000
4360,302,302,0,0,0.0000,0.0000
4361,299,299,0,0,0.0000,0.0000
4362,301,301,0,0,0.0000,0.0000
4363,301,301,0,0,0.0000,0.0000
4364,301,301,0,0,0.0000,0.0000
4365,301,301,0,0,0.0000,0.0000
4366,301,301,0,0,0.0000,0.0000
4367,301,301,0,0,0.0000,0.0000
4368,301,301,0,0,0.0000,0.0000
4369,301,301,0,0,0.0000,0.0000
4370,301,301,0,0,0.0000,0.0000
4371,301,301,0,0,0.0000,0.0000
4372,301,301,0,0,0.0000,0.0000
4373,301,301,0,0,0.0000,0.0000
4374,301,301,0,0,0.0000,0.0000
4375,301,301,0,0,0.0000,0.0000
4376,301,301,0,0,0.0000,0.0000
4377,301,301,0,0,0.0000,0.0000
4378,301,301,0,0,0.0000,0.0000
4379,301,301,0,0,0.0000,0.0000
4380,301,301,0,0,0.0000,0.0000
4381,301,301,0,0,0.0000,0.0000
4382,301,301,0,0,0.0000,0.0000
4383,301,301,0,0,0.0000,0.0000
4384,301,301,0,0,0.0000,0.0000
4385,301,301,0,0,0.0000,0.0000
4386,301,301,0,0,0.0000,0.0000
4387,301,301,0,0,0.0000,0.0000
4388,301,301,0,0,0.0000,0.0000
4389,301,301,0,0,0.0000,0.0000
4390,301,301,0,0,0.0000,0.0000
4391,301,301,0,0,0.0000,0.0000
4392,301,301,0,0,0.0000,0.0000
4393,301,301,0,0,0.0000,0.0000
4394,301,301,0,0,0.0000,0.0000
4395,301,301,0,0,0.0000,0.0000
4396,301,301,0,0,0.0000,0.0000
4397,301,301,0,0,0.0000,0.0000
4398,301,301,0,0,0.0000,0.0000
4399,301,301,0,0,0.0000,0.0000
4400,301,301,0,0,0.0000,0.0000
4401,301,301,0,0,0.0000,0.0000
4402,301,301,0,0,0.0000,0.0000
4403,301,301,0,0,0.0000,0.0000
4404,301,301,0,0,0.0000,0.0000
4405,301,301,0,0,0.0000,0.0000
4406,301,301,0,0,0.0000,0.0000
4407,301,301,0,0,0.0000,0.0000
4408,301,301,0,0,0.0000,0.0000
4409,301,301,0,0,0.0000,0.0000
4410,301,301,0,0,0.0000,0.0000
4411,301,301,0,0,0.0000,0.0000
4412,301,301,0,0,0.0000,0.0000
4413,301,301,0,0,0.0000,0.0000
4414,301,301,0,0,0.0000,0.0000
4415,301,301,0,0,0.0000,0.0000
4416,301,301,0,0,0.0000,0.0000
4417,301,301,0,0,0.0000,0.0000
4418,301,301,0,0,0.0000,0.0000
4419,301,301,0,0,0.0000,0.0000
4420,301,301,0,0,0.0000,0.0000
4421,301,301,0,0,0.0000,0.0000
4422,301,301,0,0,0.0000,0.0000
4423,301,301,0,0,0.0000,0.0000
4424,301,301,0,0,0.0000,0.0000
4425,301,301,0,0,0.0000,0.0000
4426,301,301,0,0,0.0000,0.0000
4427,301,301,0,0,0.0000,0.0000
4428,301,301,0,0,0.0000,0.0000
4429,301,301,0,0,0.0000,0.0000
4430,301,301,0,0,0.0000,0.0000
4431,301,301,0,0,0.0000,0.0000
4432,301,301,0,0,0.0000,0.0000
4433,301,301,0,0,0.0000,0.0000
4434,299,299,0,0,0.0000,0.0000
4435,302,302,0,0,0.0000,0.0000
4436,302,302,0,0,0.0000,0.0000
4437,302,302,0,0,0.0000,0.0000
4438,302,302,0,0,0.0000,0.0000
4439,302,302,0,0,0.0000,0.0000
4440,302,302,0,0,0.0000,0.0000
4441,302,302,0,0,0.0000,0.0000
4442,302,302,0,0,0.0000,0.0000
4443,302,302,0,0,0.0000,0.0000
4444,302,302,0,0,0.0000,0.0000
4445,302,302,0,0,0.0000,0.0000
4446,302,302,0,0,0.0000,0.0000
4447,302,302,0,0,0.0000,0.0000
4448,302,302,0,0,0.0000,0.0000
4449,302,302,0,0,0.0000,0.0000
4450,302,302,0,0,0.0000,0.0000
4451,302,302,0,0,0.0000,0.0000
4452,302,302,0,0,0.0000,0.0000
4453,302,302,0,0,0.0000,0.0000
4454,302,302,0,0,0.0000,0.0000
4455,302,302,0,0,0.0000,0.0000
4456,302,302,0,0,0.0000,0.0000
4457,302,302,0,0,0.0000,0.0000
4458,302,302,0,0,0.0000,0.0000
4459,302,302,0,0,0.0000,0.0000
4460,302,302,0,0,0.0000,0.0000
4461,302,302,0,0,0.0000,0.0000
4462,302,302,0,0,0.0000,0.0000
4463,302,302,0,0,0.0000,0.0000
4464,302,302,0,0,0.0000,0.0000
4465,302,302,0,0,0.0000,0.0000
4466,302,302,0,0,0.0000,0.0000
4467,302,302,0,0,0.0000,0.0000
4468,302,302,0,0,0.0000,0.0000
4469,302,302,0,0,0.0000,0.0000
4470,302,302,0,0,0.0000,0.0000
4471,302,302,0,0,0.0000,0.0000
4472,302,302,0,0,0.0000,0.0000
4473,302,302,0,0,0.0000,0.0000
4474,302,302,0,0,0.0000,0.0000
4475,302,302,0,0,0.0000,0.0000
4476,302,302,0,0,0.0000,0.0000
4477,302,302,0,0,0.0000,0.0000
4478,302,302,0,0,0.0000,0.0000
4479,302,302,0,0,0.0000,0.0000
4480,302,302,0,0,0.0000,0.0000
4481,302,302,0,0,0.0000,0.0000
4482,302,302,0,0,0.0000,0.0000
4483,302,302,0,0,0.0000,0.0000
4484,302,302,0,0,0.0000,0.0000
4485,302,302,0,0,0.0000,0.0000
4486,302,302,0,0,0.0000,0.0000
4487,302,302,0,0,0.0000,0.0000
4488,302,302,0,0,0.0000,0.0000
4489,302,302,0,0,0.0000,0.0000
4490,302,302,0,0,0.0000,0.0000
4491,302,302,0,0,0.0000,0.0000
4492,302,302,0,0,0.0000,0.0000
4493,302,302,0,0,0.0000,0.0000
4494,302,302,0,0,0.0000,0.0000
4495,302,302,0,0,0.0000,0.0000
4496,302,302,0,0,0.0000,0.0000
4497,302,302,0,0,0.0000,0.0000
4498,302,302,0,0,0.0000,0.0000
4499,302,302,0,0,0.0000,0.0000
4500,302,302,0,0,0.0000,0.0000
4501,302,302,0,0,0.0000,0.0000
4502,302,302,0,0,0.0000,0.0000
4503,302,302,0,0,0.0000,0.0000
4504,302,302,0,0,0.0000,0.0000
4505,297,297,0,0,0.0000,0.0000
4506,300,300,0,0,0.0000,0.0000
4507,300,300,0,0,0.0000,0.0000
4508,300,300,0,0,0.0000,0.0000
4509,300,300,0,0,0.0000,0.0000
4510,300,300,0,0,0.0000,0.0000
4511,300,300,0,0,0.0000,0.0000
4512,300,300,0,0,0.0000,0.0000
4513,300,300,0,0,0.0000,0.0000
4514,300,300,0,0,0.0000,0.0000
4515,300,300,0,0,0.0000,0.0000
4516,300,300,0,0,0.0000,0.0000
4517,300,300,0,0,0.0000,0.0000
4518,300,300,0,0,0.0000,0.0000
4519,300,300,0,0,0.0000,0.0000
4520,300,300,0,0,0.0000,0.0000
4521,300,300,0,0,0.0000,0.0000
4522,300,300,0,0,0.0000,0.0000
4523,300,300,0,0,0.0000,0.0000
4524,300,300,0,0,0.0000,0.0000
4525,300,300,0,0,0.0000,0.0000
4526,300,300,0,0,0.0000,0.0000
4527,300,300,0,0,0.0000,0.0000
4528,300,300,0,0,0.0000,0.0000
4529,300,300,0,0,0.0000,0.0000
4530,300,300,0,0,0.0000,0.0000
4531,300,300,0,0,0.0000,0.0000
4532,300,300,0,0,0.0000,0.0000
4533,300,300,0,0,0.0000,0.0000
4534,300,300,0,0,0.0000,0.0000
4535,300,300,0,0,0.0000,0.0000
4536,300,300,0,0,0.0000,0.0000
4537,300,300,0,0,0.0000,0.0000
4538,300,300,0,0,0.0000,0.0000
4539,300,300,0,0,0.0000,0.0000
4540,300,300,0,0,0.0000,0.0000
4541,300,300,0,0,0.0000,0.0000
4542,300,300,0,0,0.0000,0.0000
4543,300,300,0,0,0.0000,0.0000
4544,300,300,0,0,0.0000,0.0000
4545,300,300,0,0,0.0000,0.0000
4546,300,300,0,0,0.0000,0.0000
4547,300,300,0,0,0.0000,0.0000
4548,300,300,0,0,0.0000,0.0000
4549,300,300,0,0,0.0000,0.0000
4550,300,300,0,0,0.0000,0.0000
4551,300,300,0,0,0.0000,0.0000
4552,300,300,0,0,0.0000,0.0000
4553,300,300,0,0,0.0000,0.0000
4554,300,300,0,0,0.0000,0.0000
4555,300,300,0,0,0.0000,0.0000
4556,300,300,0,0,0.0000,0.0000
4557,300,300,0,0,0.0000,0.0000
4558,300,300,0,0,0.0000,0.0000
4559,300,300,0,0,0.0000,0.0000
4560,300,300,0,0,0.0000,0.0000
4561,300,300,0,0,0.0000,0.0000
4562,300,300,0,0,0.0000,0.0000
4563,300,300,0,0,0.0000,0.0000
4564,300,300,0,0,0.0000,0.0000
4565,300,300,0,0,0.0000,0.0000
4566,300,300,0,0,0.0000,0.0000
4567,300,300,0,0,0.0000,0.0000
4568,300,300,0,0,0.0000,0.0000
4569,300,300,0,0,0.0000,0.0000
4570,300,300,0,0,0.0000,0.0000
4571,300,300,0,0,0.0000,0.0000
4572,300,300,0,0,0.0000,0.0000
4573,300,300,0,0,0.0000,0.0000
4574,300,300,0,0,0.0000,0.0000
4575,300,300,0,0,0.0000,0.0000
4576,300,300,0,0,0.0000,0.0000
4577,300,300,0,0,0.0000,0.0000
4578,300,300,0,0,0.0000,0.0000
4579,300,300,0,0,0.0000,0.0000
4580,300,300,0,0,0.0000,0.0000
4581,300,300,0,0,0.0000,0.0000
4582,300,300,0,0,0.0000,0.0000
4583,300,300,0,0,0.0000,0.0000
4584,300,300,0,0,0.0000,0.0000
4585,300,300,0,0,0.0000,0.0000
4586,300,300,0,0,0.0000,0.0000
4587,300,300,0,0,0.0000,0.0000
4588,300,300,0,0,0.0000,0.0000
4589,300,300,0,0,0.0000,0.0000
4590,300,300,0,0,0.0000,0.0000
4591,300,300,0,0,0.0000,0.0000
4592,300,300,0,0,0.0000,0.0000
4593,300,300,0,0,0.0000,0.0000
4594,300,300,0,0,0.0000,0.0000
4595,300,300,0,0,0.0000,0.0000
4596,300,300,0,0,0.0000,0.0000
4597,300,300,0,0,0.0000,0.0000
4598,300,300,0,0,0.0000,0.0000
4599,300,300,0,0,0.0000,0.0000
4600,300,300,0,0,0.0000,0.0000
4601,300,300,0,0,0.0000,0.0000
4602,300,300,0,0,0.0000,0.0000
4603,300,300,0,0,0.0000,0.0000
4604,300,300,0,0,0.0000,0.0000
4605,300,300,0,0,0.0000,0.0000
4606,300,300,0,0,0.0000,0.0000
4607,300,300,0,0,0.0000,0.0000
4608,300,300,0,0,0.0000,0.0000
4609,300,300,0,0,0.0000,0.0000
4610,300,300,0,0,0.0000,0.0000
4611,300,300,0,0,0.0000,0.0000
4612,300,300,0,0,0.0000,0.0000
4613,300,300,0,0,0.0000,0.0000
4614,300,300,0,0,0.0000,0.0000
4615,300,300,0,0,0.0000,0.0000
4616,300,300,0,0,0.0000,0.0000
4617,300,300,0,0,0.0000,0.0000
4618,300,300,0,0,0.0000,0.0000
4619,300,300,0,0,0.0000,0.0000
4620,300,300,0,0,0.0000,0.0000
4621,300,300,0,0,0.0000,0.0000
4622,300,300,0,0,0.0000,0.0000
4623,300,300,0,0,0.0000,0.0000
4624,300,300,0,0,0.0000,0.0000
4625,300,300,0,0,0.0000,0.0000
4626,293,293,0,0,0.0000,0.0000
4627,295,295,0,0,0.0000,0.0000
4628,298,298,0,0,0.0000,0.0000
4629,298,298,0,0,0.0000,0.0000
4630,301,301,0,0,0.0000,0.0000
4631,301,301,0,0,0.0000,0.0000
4632,301,301,0,0,0.0000,0.0000
4633,301,301,0,0,0.0000,0.0000
4634,301,301,0,0,0.0000,0.0000
4635,301,301,0,0,0.0000,0.0000
4636,301,301,0,0,0.0000,0.0000
4637,301,301,0,0,0.0000,0.0000
4638,301,301,0,0,0.0000,0.0000
4639,301,301,0,0,0.0000,0.0000
4640,301,301,0,0,0.0000,0.0000
4641,301,301,0,0,0.0000,0.0000
4642,301,301,0,0,0.0000,0.0000
4643,301,301,0,0,0.0000,0.0000
4644,301,301,0,0,0.0000,0.0000
4645,301,301,0,0,0.0000,0.0000
4646,301,301,0,0,0.0000,0.0000
4647,301,301,0,0,0.0000,0.0000
4648,301,301,0,0,0.0000,0.0000
4649,301,301,0,0,0.0000,0.0000
4650,301,301,0,0,0.0000,0.0000
4651,301,301,0,0,0.0000,0.0000
4652,301,301,0,0,0.0000,0.0000
4653,301,301,0,0,0.0000,0.0000
4654,301,301,0,0,0.0000,0.0000
4655,301,301,0,0,0.0000,0.0000
4656,301,301,0,0,0.0000,0.0000
4657,301,301,0,0,0.0000,0.0000
4658,301,301,0,0,0.0000,0.0000
4659,301,301,0,0,0.0000,0.0000
4660,301,301,0,0,0.0000,0.0000
4661,301,301,0,0,0.0000,0.0000
4662,301,301,0,0,0.0000,0.0000
4663,301,301,0,0,0.0000,0.0000
4664,301,301,0,0,0.0000,0.0000
4665,301,301,0,0,0.0000,0.0000
4666,301,301,0,0,0.0000,0.0000
4667,301,301,0,0,0.0000,0.0000
4668,301,301,0,0,0.0000,0.0000
4669,301,301,0,0,0.0000,0.0000
4670,301,301,0,0,0.0000,0.0000
4671,301,301,0,0,0.0000,0.0000
4672,301,301,0,0,0.0000,0.0000
4673,301,301,0,0,0.0000,0.0000
4674,301,301,0,0,0.0000,0.0000
4675,301,301,0,0,0.0000,0.0000
4676,301,301,0,0,0.0000,0.0000
4677,301,301,0,0,0.0000,0.0000
4678,301,301,0,0,0.0000,0.0000
4679,301,301,0,0,0.0000,0.0000
4680,301,301,0,0,0.0000,0.0000
4681,301,301,0,0,0.0000,0.0000
4682,301,301,0,0,0.0000,0.0000
4683,301,301,0,0,0.0000,0.0000
4684,301,301,0,0,0.0000,0.0000
4685,301,301,0,0,0.0000,0.0000
4686,301,301,0,0,0.0000,0.0000
4687,301,301,0,0,0.0000,0.0000
4688,301,301,0,0,0.0000,0.0000
4689,301,301,0,0,0.0000,0.0000
4690,301,301,0,0,0.0000,0.0000
4691,301,301,0,0,0.0000,0.0000
4692,301,301,0,0,0.0000,0.0000
4693,301,301,0,0,0.0000,0.0000
4694,301,301,0,0,0.0000,0.0000
4695,301,301,0,0,0.0000,0.0000
4696,301,301,0,0,0.0000,0.0000
4697,301,301,0,0,0.0000,0.0000
4698,301,301,0,0,0.0000,0.0000
4699,301,301,0,0,0.0000,0.0000
4700,301,301,0,0,0.0000,0.0000
4701,301,301,0,0,0.0000,0.0000
4702,301,301,0,0,0.0000,0.0000
4703,301,301,0,0,0.0000,0.0000
4704,301,301,0,0,0.0000,0.0000
4705,301,301,0,0,0.0000,0.0000
4706,301,301,0,0,0.0000,0.0000
4707,301,301,0,0,0.0000,0.0000
4708,301,301,0,0,0.0000,0.0000
4709,301,301,0,0,0.0000,0.0000
4710,301,301,0,0,0.0000,0.0000
4711,301,301,0,0,0.0000,0.0000
4712,301,301,0,0,0.0000,0.0000
4713,301,301,0,0,0.0000,0.0000
4714,301,301,0,0,0.0000,0.0000
4715,301,301,0,0,0.0000,0.0000
4716,301,301,0,0,0.0000,0.0000
4717,301,301,0,0,0.0000,0.0000
4718,301,301,0,0,0.0000,0.0000
4719,301,301,0,0,0.0000,0.0000
4720,301,301,0,0,0.0000,0.0000
4721,301,301,0,0,0.0000,0.0000
4722,301,301,0,0,0.0000,0.0000
4723,301,301,0,0,0.0000,0.0000
4724,301,301,0,0,0.0000,0.0000
4725,301,301,0,0,0.0000,0.0000
4726,301,301,0,0,0.0000,0.0000
4727,301,301,0,0,0.0000,0.0000
4728,301,301,0,0,0.0000,0.0000
4729,301,301,0,0,0.0000,0.0000
4730,301,301,0,0,0.0000,0.0000
4731,301,301,0,0,0.0000,0.0000
4732,301,301,0,0,0.0000,0.0000
4733,301,301,0,0,0.0000,0.0000
4734,301,301,0,0,0.0000,0.0000
4735,301,301,0,0,0.0000,0.0000
4736,301,301,0,0,0.0000,0.0000
4737,301,301,0,0,0.0000,0.0000
4738,301,301,0,0,0.0000,0.0000
4739,301,301,0,0,0.0000,0.0000
4740,301,301,0,0,0.0000,0.0000
4741,301,301,0,0,0.0000,0.0000
4742,301,301,0,0,0.0000,0.0000
4743,301,301,0,0,0.0000,0.0000
4744,301,301,0,0,0.0000,0.0000
4745,301,301,0,0,0.0000,0.0000
4746,301,301,0,0,0.0000,0.0000
4747,301,301,0,0,0.0000,0.0000
4748,301,301,0,0,0.0000,0.0000
4749,301,301,0,0,0.0000,0.0000
4750,301,301,0,0,0.0000,0.0000
4751,301,301,0,0,0.0000,0.0000
4752,301,301,0,0,0.0000,0.0000
4753,301,301,0,0,0.0000,0.0000
4754,301,301,0,0,0.0000,0.0000
4755,301,301,0,0,0.0000,0.0000
4756,301,301,0,0,0.0000,0.0000
4757,301,301,0,0,0.0000,0.0000
4758,301,301,0,0,0.0000,0.0000
4759,301,301,0,0,0.0000,0.0000
4760,301,301,0,0,0.0000,0.0000
4761,301,301,0,0,0.0000,0.0000
4762,301,301,0,0,0.0000,0.0000
4763,301,301,0,0,0.0000,0.0000
4764,301,301,0,0,0.0000,0.0000
4765,301,301,0,0,0.0000,0.0000
4766,301,301,0,0,0.0000,0.0000
4767,301,301,0,0,0.0000,0.0000
4768,301,301,0,0,0.0000,0.0000
4769,301,301,0,0,0.0000,0.0000
4770,301,301,0,0,0.0000,0.0000
4771,301,301,0,0,0.0000,0.0000
4772,301,301,0,0,0.0000,0.0000
4773,301,301,0,0,0.0000,0.0000
4774,301,301,0,0,0.0000,0.0000
4775,301,301,0,0,0.0000,0.0000
4776,301,301,0,0,0.0000,0.0000
4777,301,301,0,0,0.0000,0.0000
4778,301,301,0,0,0.0000,0.0000
4779,301,301,0,0,0.0000,0.0000
4780,301,301,0,0,0.0000,0.0000
4781,301,301,0,0,0.0000,0.0000
4782,301,301,0,0,0.0000,0.0000
4783,301,301,0,0,0.0000,0.0000
4784,301,301,0,0,0.0000,0.0000
4785,301,301,0,0,0.0000,0.0000
4786,301,301,0,0,0.0000,0.0000
4787,301,301,0,0,0.0000,0.0000
4788,301,301,0,0,0.0000,0.0000
4789,301,301,0,0,0.0000,0.0000
4790,301,301,0,0,0.0000,0.0000
4791,301,301,0,0,0.0000,0.0000
4792,301,301,0,0,0.0000,0.0000
4793,301,301,0,0,0.0000,0.0000
4794,301,301,0,0,0.0000,0.0000
4795,301,301,0,0,0.0000,0.0000
4796,301,301,0,0,0.0000,0.0000
4797,301,301,0,0,0.0000,0.0000
4798,301,301,0,0,0.0000,0.0000
4799,301,301,0,0,0.0000,0.0000
4800,301,301,0,0,0.0000,0.0000
4801,301,301,0,0,0.0000,0.0000
4802,301,301,0,0,0.0000,0.0000
4803,301,301,0,0,0.0000,0.0000
4804,301,301,0,0,0.0000,0.0000
4805,301,301,0,0,0.0000,0.0000
4806,301,301,0,0,0.0000,0.0000
4807,301,301,0,0,0.0000,0.0000
4808,301,301,0,0,0.0000,0.0000
4809,301,301,0,0,0.0000,0.0000
4810,301,301,0,0,0.0000,0.0000
4811,301,301,0,0,0.0000,0.0000
4812,301,301,0,0,0.0000,0.0000
4813,301,301,0,0,0.0000,0.0000
4814,301,301,0,0,0.0000,0.0000
4815,301,301,0,0,0.0000,0.0000
4816,301,301,0,0,0.0000,0.0000
4817,301,301,0,0,0.0000,0.0000
4818,301,301,0,0,0.0000,0.0000
4819,301,301,0,0,0.0000,0.0000
4820,301,301,0,0,0.0000,0.0000
4821,301,301,0,0,0.0000,0.0000
4822,301,301,0,0,0.0000,0.0000
4823,301,301,0,0,0.0000,0.0000
4824,301,301,0,0,0.0000,0.0000
4825,301,301,0,0,0.0000,0.0000
4826,301,301,0,0,0.0000,0.0000
4827,301,301,0,0,0.0000,0.0000
4828,301,301,0,0,0.0000,0.0000
4829,301,301,0,0,0.0000,0.0000
4830,301,301,0,0,0.0000,0.0000
4831,301,301,0,0,0.0000,0.0000
4832,301,301,0,0,0.0000,0.0000
4833,301,301,0,0,0.0000,0.0000
4834,301,301,0,0,0.0000,0.0000
4835,301,301,0,0,0.0000,0.0000
4836,301,301,0,0,0.0000,0.0000
4837,301,301,0,0,0.0000,0.0000
4838,301,301,0,0,0.0000,0.0000
4839,301,301,0,0,0.0000,0.0000
4840,301,301,0,0,0.0000,0.0000
4841,301,301,0,0,0.0000,0.0000
4842,301,301,0,0,0.0000,0.0000
4843,301,301,0,0,0.0000,0.0000
4844,301,301,0,0,0.0000,0.0000
4845,301,301,0,0,0.0000,0.0000
4846,301,301,0,0,0.0000,0.0000
4847,301,301,0,0,0.0000,0.0000
4848,301,301,0,0,0.0000,0.0000
4849,301,301,0,0,0.0000,0.0000
4850,301,301,0,0,0.0000,0.0000
4851,301,301,0,0,0.0000,0.0000
4852,301,301,0,0,0.0000,0.0000
4853,301,301,0,0,0.0000,0.0000
4854,301,301,0,0,0.0000,0.0000
4855,301,301,0,0,0.0000,0.0000
4856,301,301,0,0,0.0000,0.0000
4857,301,301,0,0,0.0000,0.0000
4858,301,301,0,0,0.0000,0.0000
4859,301,301,0,0,0.0000,0.0000
4860,301,301,0,0,0.0000,0.0000
4861,301,301,0,0,0.0000,0.0000
4862,301,301,0,0,0.0000,0.0000
4863,301,301,0,0,0.0000,0.0000
4864,301,301,0,0,0.0000,0.0000
4865,301,301,0,0,0.0000,0.0000
4866,301,301,0,0,0.0000,0.0000
4867,301,301,0,0,0.0000,0.0000
4868,301,301,0,0,0.0000,0.0000
4869,301,301,0,0,0.0000,0.0000
4870,301,301,0,0,0.0000,0.0000
4871,301,301,0,0,0.0000,0.0000
4872,301,301,0,0,0.0000,0.0000
4873,301,301,0,0,0.0000,0.0000
4874,301,301,0,0,0.0000,0.0000
4875,301,301,0,0,0.0000,0.0000
4876,301,301,0,0,0.0000,0.0000
4877,301,301,0,0,0.0000,0.0000
4878,301,301,0,0,0.0000,0.0000
4879,301,301,0,0,0.0000,0.0000
4880,301,301,0,0,0.0000,0.0000
4881,301,301,0,0,0.0000,0.0000
4882,301,301,0,0,0.0000,0.0000
4883,301,301,0,0,0.0000,0.0000
4884,301,301,0,0,0.0000,0.0000
4885,301,301,0,0,0.0000,0.0000
4886,301,301,0,0,0.0000,0.0000
4887,301,301,0,0,0.0000,0.0000
4888,301,301,0,0,0.0000,0.0000
4889,301,301,0,0,0.0000,0.0000
4890,301,301,0,0,0.0000,0.0000
4891,301,301,0,0,0.0000,0.0000
4892,301,301,0,0,0.0000,0.0000
4893,301,301,0,0,0.0000,0.0000
4894,301,301,0,0,0.0000,0.0000
4895,301,301,0,0,0.0000,0.0000
4896,301,301,0,0,0.0000,0.0000
4897,301,301,0,0,0.0000,0.0000
4898,301,301,0,0,0.0000,0.0000
4899,301,301,0,0,0.0000,0.0000
4900,301,301,0,0,0.0000,0.0000
4901,301,301,0,0,0.0000,0.0000
4902,301,301,0,0,0.0000,0.0000
4903,301,301,0,0,0.0000,0.0000
4904,301,301,0,0,0.0000,0.0000
4905,301,301,0,0,0.0000,0.0000
4906,301,301,0,0,0.0000,0.0000
4907,301,301,0,0,0.0000,0.0000
4908,301,301,0,0,0.0000,0.0000
4909,301,301,0,0,0.0000,0.0000
4910,301,301,0,0,0.0000,0.0000
4911,301,301,0,0,0.0000,0.0000
4912,301,301,0,0,0.0000,0.0000
4913,301,301,0,0,0.0000,0.0000
4914,301,301,0,0,0.0000,0.0000
4915,301,301,0,0,0.0000,0.0000
4916,301,301,0,0,0.0000,0.0000
4917,301,301,0,0,0.0000,0.0000
4918,301,301,0,0,0.0000,0.0000
4919,301,301,0,0,0.0000,0.0000
4920,301,301,0,0,0.0000,0.0000
4921,301,301,0,0,0.0000,0.0000
4922,301,301,0,0,0.0000,0.0000
4923,301,301,0,0,0.0000,0.0000
4924,301,301,0,0,0.0000,0.0000
4925,301,301,0,0,0.0000,0.0000
4926,301,301,0,0,0.0000,0.0000
4927,301,301,0,0,0.0000,0.0000
4928,301,301,0,0,0.0000,0.0000
4929,301,301,0,0,0.0000,0.0000
4930,301,301,0,0,0.0000,0.0000
4931,301,301,0,0,0.0000,0.0000
4932,301,301,0,0,0.0000,0.0000
4933,301,301,0,0,0.0000,0.0000
4934,301,301,0,0,0.0000,0.0000
4935,301,301,0,0,0.0000,0.0000
4936,301,301,0,0,0.0000,0.0000
4937,301,301,0,0,0.0000,0.0000
4938,301,301,0,0,0.0000,0.0000
4939,301,301,0,0,0.0000,0.0000
4940,301,301,0,0,0.0000,0.0000
4941,299,299,0,0,0.0000,0.0000
4942,302,302,0,0,0.0000,0.0000
4943,302,302,0,0,0.0000,0.0000
4944,302,302,0,0,0.0000,0.0000
4945,302,302,0,0,0.0000,0.0000
4946,302,302,0,0,0.0000,0.0000
4947,302,302,0,0,0.0000,0.0000
4948,302,302,0,0,0.0000,0.0000
4949,302,302,0,0,0.0000,0.0000
4950,302,302,0,0,0.0000,0.0000
4951,302,302,0,0,0.0000,0.0000
4952,302,302,0,0,0.0000,0.0000
4953,302,302,0,0,0.0000,0.0000
4954,302,302,0,0,0.0000,0.0000
4955,302,302,0,0,0.0000,0.0000
4956,302,302,0,0,0.0000,0.0000
4957,302,302,0,0,0.0000,0.0000
4958,302,302,0,0,0.0000,0.0000
4959,302,302,0,0,0.0000,0.0000
4960,302,302,0,0,0.0000,0.0000
4961,302,302,0,0,0.0000,0.0000
4962,302,302,0,0,0.0000,0.0000
4963,302,302,0,0,0.0000,0.0000
4964,302,302,0,0,0.0000,0.0000
4965,302,302,0,0,0.0000,0.0000
4966,302,302,0,0,0.0000,0.0000
4967,302,302,0,0,0.0000,0.0000
4968,302,302,0,0,0.0000,0.0000
4969,302,302,0,0,0.0000,0.0000
4970,302,302,0,0,0.0000,0.0000
4971,302,302,0,0,0.0000,0.0000
4972,302,302,0,0,0.0000,0.0000
4973,302,302,0,0,0.0000,0.0000
4974,302,302,0,0,0.0000,0.0000
4975,302,302,0,0,0.0000,0.0000
4976,302,302,0,0,0.0000,0.0000
4977,302,302,0,0,0.0000,0.0000
4978,302,302,0,0,0.0000,0.0000
4979,302,302,0,0,0.0000,0.0000
4980,302,302,0,0,0.0000,0.0000
4981,302,302,0,0,0.0000,0.0000
4982,302,302,0,0,0.0000,0.0000
4983,302,302,0,0,0.0000,0.0000
4984,302,302,0,0,0.0000,0.0000
4985,302,302,0,0,0.0000,0.0000
4986,302,302,0,0,0.0000,0.0000
4987,302,302,0,0,0.0000,0.0000
4988,302,302,0,0,0.0000,0.0000
4989,302,302,0,0,0.0000,0.0000
4990,302,302,0,0,0.0000,0.0000
4991,302,302,0,0,0.0000,0.0000
4992,302,302,0,0,0.0000,0.0000
4993,302,302,0,0,0.0000,0.0000
4994,302,302,0,0,0.0000,0.0000
4995,302,302,0,0,0.0000,0.0000
4996,302,302,0,0,0.0000,0.0000
4997,302,302,0,0,0.0000,0.0000
4998,302,302,0,0,0.0000,0.0000
4999,302,302,0,0,0.0000,0.0000
5000,302,302,0,0,0.0000,0.0000
5001,302,302,0,0,0.0000,0.0000
5002,302,302,0,0,0.0000,0.0000
5003,302,302,0,0,0.0000,0.0000
5004,302,302,0,0,0.0000,0.0000
5005,302,302,0,0,0.0000,0.0000
5006,302,302,0,0,0.0000,0.0000
5007,302,302,0,0,0.0000,0.0000
5008,302,302,0,0,0.0000,0.0000
5009,302,302,0,0,0.0000,0.0000
5010,302,302,0,0,0.0000,0.0000
5011,302,302,0,0,0.0000,0.0000
5012,302,302,0,0,0.0000,0.0000
5013,302,302,0,0,0.0000,0.0000
5014,302,302,0,0,0.0000,0.0000
5015,302,302,0,0,0.0000,0.0000
5016,302,302,0,0,0.0000,0.0000
5017,302,302,0,0,0.0000,0.0000
5018,302,302,0,0,0.0000,0.0000
5019,302,302,0,0,0.0000,0.0000
5020,302,302,0,0,0.0000,0.0000
5021,302,302,0,0,0.0000,0.0000
5022,302,302,0,0,0.0000,0.0000
5023,302,302,0,0,0.0000,0.0000
5024,302,302,0,0,0.0000,0.0000
5025,302,302,0,0,0.0000,0.0000
5026,302,302,0,0,0.0000,0.0000
5027,302,302,0,0,0.0000,0.0000
5028,302,302,0,0,0.0000,0.0000
5029,302,302,0,0,0.0000,0.0000
5030,302,302,0,0,0.0000,0.0000
5031,302,302,0,0,0.0000,0.0000
5032,302,302,0,0,0.0000,0.0000
5033,302,302,0,0,0.0000,0.0000
5034,302,302,0,0,0.0000,0.0000
5035,302,302,0,0,0.0000,0.0000
5036,302,302,0,0,0.0000,0.0000
5037,301,301,0,0,0.0000,0.0000
5038,301,301,0,0,0.0000,0.0000
5039,301,301,0,0,0.0000,0.0000
5040,301,301,0,0,0.0000,0.0000
5041,301,301,0,0,0.0000,0.0000
5042,301,301,0,0,0.0000,0.0000
5043,301,301,0,0,0.0000,0.0000
5044,301,301,0,0,0.0000,0.0000
5045,301,301,0,0,0.0000,0.0000
5046,301,301,0,0,0.0000,0.0000
5047,301,301,0,0,0.0000,0.0000
5048,301,301,0,0,0.0000,0.0000
5049,301,301,0,0,0.0000,0.0000
5050,301,301,0,0,0.0000,0.0000
5051,301,301,0,0,0.0000,0.0000
5052,301,301,0,0,0.0000,0.0000
5053,301,301,0,0,0.0000,0.0000
5054,301,301,0,0,0.0000,0.0000
5055,301,301,0,0,0.0000,0.0000
5056,301,301,0,0,0.0000,0.0000
5057,299,299,0,0,0.0000,0.0000
5058,302,302,0,0,0.0000,0.0000
5059,302,302,0,0,0.0000,0.0000
5060,302,302,0,0,0.0000,0.0000
5061,302,302,0,0,0.0000,0.0000
5062,302,302,0,0,0.0000,0.0000
5063,302,302,0,0,0.0000,0.0000
5064,302,302,0,0,0.0000,0.0000
5065,302,302,0,0,0.0000,0.0000
5066,302,302,0,0,0.0000,0.0000
5067,302,302,0,0,0.0000,0.0000
5068,302,302,0,0,0.0000,0.0000
5069,302,302,0,0,0.0000,0.0000
5070,302,302,0,0,0.0000,0.0000
5071,302,302,0,0,0.0000,0.0000
5072,302,302,0,0,0.0000,0.0000
5073,302,302,0,0,0.0000,0.0000
5074,302,302,0,0,0.0000,0.0000
5075,302,302,0,0,0.0000,0.0000
5076,302,302,0,0,0.0000,0.0000
5077,302,302,0,0,0.0000,0.0000
5078,302,302,0,0,0.0000,0.0000
5079,302,302,0,0,0.0000,0.0000
5080,302,302,0,0,0.0000,0.0000
5081,302,302,0,0,0.0000,0.0000
5082,302,302,0,0,0.0000,0.0000
5083,302,302,0,0,0.0000,0.0000
5084,302,302,0,0,0.0000,0.0000
5085,302,302,0,0,0.0000,0.0000
5086,302,302,0,0,0.0000,0.0000
5087,302,302,0,0,0.0000,0.0000
5088,302,302,0,0,0.0000,0.0000
5089,302,302,0,0,0.0000,0.0000
5090,302,302,0,0,0.0000,0.0000
5091,302,302,0,0,0.0000,0.0000
5092,302,302,0,0,0.0000,0.0000
5093,302,302,0,0,0.0000,0.0000
5094,302,302,0,0,0.0000,0.0000
5095,302,302,0,0,0.0000,0.0000
5096,302,302,0,0,0.0000,0.0000
5097,302,302,0,0,0.0000,0.0000
5098,302,302,0,0,0.0000,0.0000
5099,302,302,0,0,0.0000,0.0000
5100,302,302,0,0,0.0000,0.0000
5101,302,302,0,0,0.0000,0.0000
5102,302,302,0,0,0.0000,0.0000
5103,302,302,0,0,0.0000,0.0000
5104,302,302,0,0,0.0000,0.0000
5105,302,302,0,0,0.0000,0.0000
5106,302,302,0,0,0.0000,0.0000
5107,302,302,0,0,0.0000,0.0000
5108,302,302,0,0,0.0000,0.0000
5109,302,302,0,0,0.0000,0.0000
5110,302,302,0,0,0.0000,0.0000
5111,302,302,0,0,0.0000,0.0000
5112,302,302,0,0,0.0000,0.0000
5113,302,302,0,0,0.0000,0.0000
5114,302,302,0,0,0.0000,0.0000
5115,302,302,0,0,0.0000,0.0000
5116,302,302,0,0,0.0000,0.0000
5117,302,302,0,0,0.0000,0.0000
5118,302,302,0,0,0.0000,0.0000
5119,302,302,0,0,0.0000,0.0000
5120,302,302,0,0,0.0000,0.0000
5121,302,302,0,0,0.0000,0.0000
5122,302,302,0,0,0.0000,0.0000
5123,302,302,0,0,0.0000,0.0000
5124,302,302,0,0,0.0000,0.0000
5125,302,302,0,0,0.0000,0.0000
5126,302,302,0,0,0.0000,0.0000
5127,302,302,0,0,0.0000,0.0000
5128,301,301,0,0,0.0000,0.0000
5129,301,301,0,0,0.0000,0.0000
5130,301,301,0,0,0.0000,0.0000
5131,301,301,0,0,0.0000,0.0000
5132,301,301,0,0,0.0000,0.0000
5133,301,301,0,0,0.0000,0.0000
5134,301,301,0,0,0.0000,0.0000
5135,301,301,0,0,0.0000,0.0000
5136,301,301,0,0,0.0000,0.0000
5137,301,301,0,0,0.0000,0.0000
5138,301,301,0,0,0.0000,0.0000
5139,301,301,0,0,0.0000,0.0000
5140,301,301,0,0,0.0000,0.0000
5141,301,301,0,0,0.0000,0.0000
5142,301,301,0,0,0.0000,0.0000
5143,301,301,0,0,0.0000,0.0000
5144,301,301,0,0,0.0000,0.0000
5145,301,301,0,0,0.0000,0.0000
5146,301,301,0,0,0.0000,0.0000
5147,301,301,0,0,0.0000,0.0000
5148,301,301,0,0,0.0000,0.0000
5149,301,301,0,0,0.0000,0.0000
5150,301,301,0,0,0.0000,0.0000
5151,301,301,0,0,0.0000,0.0000
5152,301,301,0,0,0.0000,0.0000
5153,301,301,0,0,0.0000,0.0000
5154,301,301,0,0,0.0000,0.0000
5155,301,301,0,0,0.0000,0.0000
5156,301,301,0,0,0.0000,0.0000
5157,301,301,0,0,0.0000,0.0000
5158,301,301,0,0,0.0000,0.0000
5159,299,299,0,0,0.0000,0.0000
5160,300,300,0,0,0.0000,0.0000
5161,300,300,0,0,0.0000,0.0000
5162,300,300,0,0,0.0000,0.0000
5163,300,300,0,0,0.0000,0.0000
5164,300,300,0,0,0.0000,0.0000
5165,300,300,0,0,0.0000,0.0000
5166,300,300,0,0,0.0000,0.0000
5167,300,300,0,0,0.0000,0.0000
5168,300,300,0,0,0.0000,0.0000
5169,300,300,0,0,0.0000,0.0000
5170,300,300,0,0,0.0000,0.0000
5171,300,300,0,0,0.0000,0.0000
5172,300,300,0,0,0.0000,0.0000
5173,300,300,0,0,0.0000,0.0000
5174,300,300,0,0,0.0000,0.0000
5175,300,300,0,0,0.0000,0.0000
5176,300,300,0,0,0.0000,0.0000
5177,300,300,0,0,0.0000,0.0000
5178,300,300,0,0,0.0000,0.0000
5179,300,300,0,0,0.0000,0.0000
5180,300,300,0,0,0.0000,0.0000
5181,300,300,0,0,0.0000,0.0000
5182,300,300,0,0,0.0000,0.0000
5183,300,300,0,0,0.0000,0.0000
5184,300,300,0,0,0.0000,0.0000
5185,300,300,0,0,0.0000,0.0000
5186,300,300,0,0,0.0000,0.0000
5187,300,300,0,0,0.0000,0.0000
5188,300,300,0,0,0.0000,0.0000
5189,300,300,0,0,0.0000,0.0000
5190,300,300,0,0,0.0000,0.0000
5191,300,300,0,0,0.0000,0.0000
5192,300,300,0,0,0.0000,0.0000
5193,300,300,0,0,0.0000,0.0000
5194,300,300,0,0,0.0000,0.0000
5195,300,300,0,0,0.0000,0.0000
5196,295,295,0,0,0.0000,0.0000
5197,297,297,0,0,0.0000,0.0000
5198,300,300,0,0,0.0000,0.0000
5199,300,300,0,0,0.0000,0.0000
5200,300,300,0,0,0.0000,0.0000
