tick,total,susceptible,infected,immune,pct_infected,pct_immune
0,150,111,10,29,6.6667,19.3333
1,152,110,13,29,8.5526,19.0789
2,153,111,13,29,8.4967,18.9542
3,153,110,14,29,9.1503,18.9542
4,155,112,14,29,9.0323,18.7097
5,156,113,14,29,8.9744,18.5897
6,157,114,14,29,8.9172,18.4713
7,158,115,14,29,8.8608,18.3544
8,160,117,14,29,8.7500,18.1250
9,161,118,14,29,8.6957,18.0124
10,163,120,14,29,8.5890,17.7914
11,163,120,14,29,8.5890,17.7914
12,165,121,15,29,9.0909,17.5758
13,165,119,17,29,10.3030,17.5758
14,168,121,18,29,10.7143,17.2619
15,169,120,20,29,11.8343,17.1598
16,169,120,20,29,11.8343,17.1598
17,171,121,21,29,12.2807,16.9591
18,176,122,25,29,14.2045,16.4773
19,179,121,29,29,16.2011,16.2011
20,180,121,30,29,16.6667,16.1111
21,180,124,19,37,10.5556,20.5556
22,181,125,17,39,9.3923,21.5470
23,182,123,20,39,10.9890,21.4286
24,185,124,21,40,11.3514,21.6216
25,186,123,23,40,12.3656,21.5054
26,187,124,23,40,12.2995,21.3904
27,187,124,23,40,12.2995,21.3904
28,188,123,25,40,13.2979,21.2766
29,189,123,26,40,13.7566,21.1640
30,190,124,26,40,13.6842,21.0526
31,193,123,30,40,15.5440,20.7254
32,197,124,32,41,16.2437,20.8122
33,199,126,31,42,15.5779,21.1055
34,200,125,32,43,16.0000,21.5000
35,201,126,31,44,15.4229,21.8905
36,203,128,31,44,15.2709,21.6749
37,203,126,33,44,16.2562,21.6749
38,202,126,30,46,14.8515,22.7723
39,203,127,27,49,13.3005,24.1379
40,203,128,24,51,11.8227,25.1232
41,208,132,25,51,12.0192,24.5192
42,209,131,27,51,12.9187,24.4019
43,210,132,26,52,12.3810,24.7619
44,209,131,24,54,11.4833,25.8373
45,211,133,23,55,10.9005,26.0664
46,213,135,23,55,10.7981,25.8216
47,215,137,23,55,10.6977,25.5814
48,216,137,23,56,10.6481,25.9259
49,220,140,22,58,10.0000,26.3636
50,223,139,26,58,11.6592,26.0090
51,224,138,25,61,11.1607,27.2321
52,226,169,21,36,9.2920,15.9292
53,226,168,22,36,9.7345,15.9292
54,229,170,22,37,9.6070,16.1572
55,229,171,20,38,8.7336,16.5939
56,232,173,20,39,8.6207,16.8103
57,234,175,18,41,7.6923,17.5214
58,237,177,19,41,8.0169,17.2996
59,240,179,19,42,7.9167,17.5000
60,243,177,24,42,9.8765,17.2840
61,246,177,26,43,10.5691,17.4797
62,249,177,29,43,11.6466,17.2691
63,249,176,28,45,11.2450,18.0723
64,250,175,28,47,11.2000,18.8000
65,253,175,31,47,12.2530,18.5771
66,254,174,33,47,12.9921,18.5039
67,257,172,38,47,14.7860,18.2879
68,265,174,44,47,16.6038,17.7358
69,266,172,46,48,17.2932,18.0451
70,268,168,52,48,19.4030,17.9104
71,272,170,49,53,18.0147,19.4853
72,275,166,56,53,20.3636,19.2727
73,280,173,62,45,22.1429,16.0714
74,284,176,64,44,22.5352,15.4930
75,287,178,64,45,22.2997,15.6794
76,289,173,72,44,24.9135,15.2249
77,289,169,76,44,26.2976,15.2249
78,289,161,84,44,29.0657,15.2249
79,289,156,89,44,30.7958,15.2249
80,293,155,91,47,31.0580,16.0410
81,293,151,91,51,31.0580,17.4061
82,294,145,96,53,32.6531,18.0272
83,294,136,103,55,35.0340,18.7075
84,298,132,111,55,37.2483,18.4564
85,301,130,116,55,38.5382,18.2724
86,300,125,118,57,39.3333,19.0000
87,299,119,121,59,40.4682,19.7324
88,297,112,122,63,41.0774,21.2121
89,298,111,121,66,40.6040,22.1477
90,295,110,118,67,40.0000,22.7119
91,294,106,121,67,41.1565,22.7891
92,297,107,122,68,41.0774,22.8956
93,299,105,120,74,40.1338,24.7492
94,298,103,118,77,39.5973,25.8389
95,298,102,120,76,40.2685,25.5034
96,300,98,126,76,42.0000,25.3333
97,299,90,127,82,42.4749,27.4247
98,300,87,123,90,41.0000,30.0000
99,300,80,122,98,40.6667,32.6667
100,299,77,122,100,40.8027,33.4448
101,300,81,121,98,40.3333,32.6667
102,298,78,118,102,39.5973,34.2282
103,296,80,110,106,37.1622,35.8108
104,299,83,109,107,36.4548,35.7860
105,299,81,101,117,33.7793,39.1304
106,299,82,96,121,32.1070,40.4682
107,299,80,93,126,31.1037,42.1405
108,300,82,91,127,30.3333,42.3333
109,300,83,84,133,28.0000,44.3333
110,300,83,81,136,27.0000,45.3333
111,300,80,81,139,27.0000,46.3333
112,299,77,79,143,26.4214,47.8261
113,300,81,72,147,24.0000,49.0000
114,300,75,75,150,25.0000,50.0000
115,300,76,72,152,24.0000,50.6667
116,299,75,74,150,24.7492,50.1672
117,300,74,65,161,21.6667,53.6667
118,300,68,63,169,21.0000,56.3333
119,298,65,61,172,20.4698,57.7181
120,299,67,57,175,19.0635,58.5284
121,299,64,57,178,19.0635,59.5318
122,299,64,57,178,19.0635,59.5318
123,300,71,53,176,17.6667,58.6667
124,300,70,51,179,17.0000,59.6667
125,300,69,48,183,16.0000,61.0000
126,297,69,46,182,15.4882,61.2795
127,298,72,45,181,15.1007,60.7383
128,301,74,42,185,13.9535,61.4618
129,301,71,45,185,14.9502,61.4618
130,300,70,45,185,15.0000,61.6667
131,300,69,43,188,14.3333,62.6667
132,300,71,41,188,13.6667,62.6667
133,299,74,40,185,13.3779,61.8729
134,302,79,36,187,11.9205,61.9205
135,302,80,36,186,11.9205,61.5894
136,301,81,33,187,10.9635,62.1262
137,300,80,33,187,11.0000,62.3333
138,299,83,26,190,8.6957,63.5452
139,302,89,23,190,7.6159,62.9139
140,300,92,22,186,7.3333,62.0000
141,299,94,21,184,7.0234,61.5385
142,302,100,18,184,5.9603,60.9272
143,301,102,18,181,5.9801,60.1329
144,301,104,19,178,6.3123,59.1362
145,301,109,17,175,5.6478,58.1395
146,300,112,16,172,5.3333,57.3333
147,300,110,18,172,6.0000,57.3333
148,300,111,18,171,6.0000,57.0000
149,300,116,19,165,6.3333,55.0000
150,299,122,19,158,6.3545,52.8428
151,300,128,21,151,7.0000,50.3333
152,300,130,21,149,7.0000,49.6667
153,300,129,21,150,7.0000,50.0000
154,299,131,22,146,7.3579,48.8294
155,301,136,25,140,8.3056,46.5116
156,301,140,25,136,8.3056,45.1827
157,301,149,26,126,8.6379,41.8605
158,300,154,24,122,8.0000,40.6667
159,300,160,24,116,8.0000,38.6667
160,300,161,25,114,8.3333,38.0000
161,299,168,24,107,8.0268,35.7860
162,303,173,26,104,8.5809,34.3234
163,303,176,26,101,8.5809,33.3333
164,303,179,26,98,8.5809,32.3432
165,303,183,27,93,8.9109,30.6931
166,303,183,30,90,9.9010,29.7030
167,302,187,29,86,9.6026,28.4768
168,301,187,27,87,8.9701,28.9037
169,301,198,27,76,8.9701,25.2492
170,300,202,27,71,9.0000,23.6667
171,300,201,31,68,10.3333,22.6667
172,299,202,30,67,10.0334,22.4080
173,300,204,32,64,10.6667,21.3333
174,300,200,34,66,11.3333,22.0000
175,299,200,35,64,11.7057,21.4047
176,302,204,34,64,11.2583,21.1921
177,302,206,34,62,11.2583,20.5298
178,302,204,36,62,11.9205,20.5298
179,302,201,39,62,12.9139,20.5298
180,302,201,42,59,13.9073,19.5364
181,302,196,46,60,15.2318,19.8675
182,302,194,46,62,15.2318,20.5298
183,302,194,48,60,15.8940,19.8675
184,302,195,50,57,16.5563,18.8742
185,301,190,55,56,18.2724,18.6047
186,300,185,62,53,20.6667,17.6667
187,299,180,66,53,22.0736,17.7258
188,299,180,68,51,22.7425,17.0569
189,302,180,72,50,23.8411,16.5563
190,302,182,74,46,24.5033,15.2318
191,301,178,77,46,25.5814,15.2824
192,301,173,80,48,26.5781,15.9468
193,300,169,81,50,27.0000,16.6667
194,300,167,85,48,28.3333,16.0000
195,298,160,87,51,29.1946,17.1141
196,301,157,92,52,30.5648,17.2757
197,301,155,95,51,31.5615,16.9435
198,300,146,101,53,33.6667,17.6667
199,300,141,105,54,35.0000,18.0000
200,299,136,106,57,35.4515,19.0635
201,300,128,111,61,37.0000,20.3333
202,297,118,118,61,39.7306,20.5387
203,297,116,120,61,40.4040,20.5387
204,299,114,124,61,41.4716,20.4013
205,300,102,134,64,44.6667,21.3333
206,297,97,129,71,43.4343,23.9057
207,296,95,128,73,43.2432,24.6622
208,296,93,128,75,43.2432,25.3378
209,295,88,129,78,43.7288,26.4407
210,295,85,131,79,44.4068,26.7797
211,295,81,130,84,44.0678,28.4746
212,297,80,128,89,43.0976,29.9663
213,295,79,125,91,42.3729,30.8475
214,297,76,128,93,43.0976,31.3131
215,299,75,126,98,42.1405,32.7759
216,298,69,126,103,42.2819,34.5638
217,299,68,125,106,41.8060,35.4515
218,299,66,121,112,40.4682,37.4582
219,298,65,119,114,39.9329,38.2550
220,297,65,114,118,38.3838,39.7306
221,297,63,112,122,37.7104,41.0774
222,297,67,105,125,35.3535,42.0875
223,300,67,99,134,33.0000,44.6667
224,299,65,99,135,33.1104,45.1505
225,300,60,100,140,33.3333,46.6667
226,297,62,91,144,30.6397,48.4848
227,298,63,86,149,28.8591,50.0000
228,303,70,84,149,27.7228,49.1749
229,301,67,83,151,27.5748,50.1661
230,299,64,81,154,27.0903,51.5050
231,299,65,75,159,25.0836,53.1773
232,302,69,74,159,24.5033,52.6490
233,298,67,70,161,23.4899,54.0268
234,297,68,71,158,23.9057,53.1987
235,298,71,67,160,22.4832,53.6913
236,298,72,62,164,20.8054,55.0336
237,300,73,61,166,20.3333,55.3333
238,298,71,60,167,20.1342,56.0403
239,302,73,59,170,19.5364,56.2914
240,301,71,55,175,18.2724,58.1395
241,300,69,54,177,18.0000,59.0000
242,300,69,53,178,17.6667,59.3333
243,298,71,51,176,17.1141,59.0604
244,301,75,53,173,17.6080,57.4751
245,300,76,47,177,15.6667,59.0000
246,300,76,44,180,14.6667,60.0000
247,300,79,44,177,14.6667,59.0000
248,300,76,45,179,15.0000,59.6667
249,300,75,43,182,14.3333,60.6667
250,300,74,44,182,14.6667,60.6667
251,300,74,43,183,14.3333,61.0000
252,299,76,43,180,14.3813,60.2007
253,300,80,43,177,14.3333,59.0000
254,299,80,40,179,13.3779,59.8662
255,299,76,42,181,14.0468,60.5351
256,303,77,46,180,15.1815,59.4059
257,303,80,46,177,15.1815,58.4158
258,301,86,43,172,14.2857,57.1429
259,301,88,43,170,14.2857,56.4784
260,299,88,42,169,14.0468,56.5217
261,299,91,40,168,13.3779,56.1873
262,303,97,39,167,12.8713,55.1155
263,303,102,39,162,12.8713,53.4653
264,301,106,37,158,12.2924,52.4917
265,301,109,35,157,11.6279,52.1595
266,301,107,38,156,12.6246,51.8272
267,301,113,37,151,12.2924,50.1661
268,299,118,34,147,11.3712,49.1639
269,303,123,35,145,11.5512,47.8548
270,301,128,33,140,10.9635,46.5116
271,301,128,35,138,11.6279,45.8472
272,300,130,37,133,12.3333,44.3333
273,299,132,36,131,12.0401,43.8127
274,299,138,36,125,12.0401,41.8060
275,301,147,35,119,11.6279,39.5349
276,301,149,31,121,10.2990,40.1993
277,301,154,30,117,9.9668,38.8704
278,301,157,32,112,10.6312,37.2093
279,301,159,35,107,11.6279,35.5482
280,300,158,36,106,12.0000,35.3333
281,299,160,36,103,12.0401,34.4482
282,301,165,36,100,11.9601,33.2226
283,301,166,40,95,13.2890,31.5615
284,301,163,43,95,14.2857,31.5615
285,301,162,47,92,15.6146,30.5648
286,298,162,43,93,14.4295,31.2081
287,300,163,47,90,15.6667,30.0000
288,300,159,55,86,18.3333,28.6667
289,299,160,54,85,18.0602,28.4281
290,298,159,55,84,18.4564,28.1879
291,302,167,54,81,17.8808,26.8212
292,301,166,58,77,19.2691,25.5814
293,300,164,60,76,20.0000,25.3333
294,299,164,60,75,20.0669,25.0836
295,304,163,65,76,21.3816,25.0000
296,304,155,73,76,24.0132,25.0000
297,303,157,76,70,25.0825,23.1023
298,303,158,79,66,26.0726,21.7822
299,303,154,80,69,26.4026,22.7723
300,302,151,81,70,26.8212,23.1788
301,301,150,82,69,27.2425,22.9236
302,301,141,92,68,30.5648,22.5914
303,301,137,97,67,32.2259,22.2591
304,300,132,99,69,33.0000,23.0000
305,297,126,101,70,34.0067,23.5690
306,300,124,108,68,36.0000,22.6667
307,300,126,108,66,36.0000,22.0000
308,299,117,111,71,37.1237,23.7458
309,300,114,111,75,37.0000,25.0000
310,299,106,119,74,39.7993,24.7492
311,298,100,123,75,41.2752,25.1678
312,302,103,125,74,41.3907,24.5033
313,299,100,123,76,41.1371,25.4181
314,300,99,124,77,41.3333,25.6667
315,300,93,125,82,41.6667,27.3333
316,296,91,119,86,40.2027,29.0541
317,296,94,116,86,39.1892,29.0541
318,296,91,117,88,39.5270,29.7297
319,297,90,116,91,39.0572,30.6397
320,298,87,118,93,39.5973,31.2081
321,302,87,119,96,39.4040,31.7881
322,300,81,118,101,39.3333,33.6667
323,298,78,112,108,37.5839,36.2416
324,299,77,108,114,36.1204,38.1271
325,299,77,108,114,36.1204,38.1271
326,301,77,106,118,35.2159,39.2027
327,300,77,101,122,33.6667,40.6667
328,299,73,105,121,35.1171,40.4682
329,298,71,102,125,34.2282,41.9463
330,296,72,94,130,31.7568,43.9189
331,297,71,89,137,29.9663,46.1279
332,298,71,89,138,29.8658,46.3087
333,301,72,89,140,29.5681,46.5116
334,300,70,86,144,28.6667,48.0000
335,298,70,80,148,26.8456,49.6644
336,299,73,76,150,25.4181,50.1672
337,301,69,82,150,27.2425,49.8339
338,300,67,82,151,27.3333,50.3333
339,299,67,78,154,26.0870,51.5050
340,297,69,74,154,24.9158,51.8519
341,299,71,72,156,24.0803,52.1739
342,297,71,66,160,22.2222,53.8721
343,297,72,62,163,20.8754,54.8822
344,302,79,57,166,18.8742,54.9669
345,299,80,53,166,17.7258,55.5184
346,298,80,49,169,16.4430,56.7114
347,304,84,51,169,16.7763,55.5921
348,302,81,47,174,15.5629,57.6159
349,301,79,45,177,14.9502,58.8040
350,301,78,43,180,14.2857,59.8007
351,300,80,40,180,13.3333,60.0000
352,299,83,36,180,12.0401,60.2007
353,301,87,36,178,11.9601,59.1362
354,300,84,37,179,12.3333,59.6667
355,300,82,39,179,13.0000,59.6667
356,300,82,42,176,14.0000,58.6667
357,299,82,40,177,13.3779,59.1973
358,299,84,35,180,11.7057,60.2007
359,301,85,37,179,12.2924,59.4684
360,300,89,37,174,12.3333,58.0000
361,300,90,41,169,13.6667,56.3333
362,299,90,37,172,12.3746,57.5251
363,301,93,38,170,12.6246,56.4784
364,301,94,38,169,12.6246,56.1462
365,301,96,40,165,13.2890,54.8173
366,301,96,42,163,13.9535,54.1528
367,301,97,42,162,13.9535,53.8206
368,299,101,39,159,13.0435,53.1773
369,304,107,37,160,12.1711,52.6316
370,304,106,41,157,13.4868,51.6447
371,303,109,40,154,13.2013,50.8251
372,303,111,42,150,13.8614,49.5050
373,303,109,47,147,15.5116,48.5149
374,300,112,46,142,15.3333,47.3333
375,298,116,46,136,15.4362,45.6376
376,299,113,54,132,18.0602,44.1472
377,298,113,53,132,17.7852,44.2953
378,301,118,53,130,17.6080,43.1894
379,301,123,53,125,17.6080,41.5282
380,301,127,53,121,17.6080,40.1993
381,299,131,52,116,17.3913,38.7960
382,301,135,51,115,16.9435,38.2060
383,301,140,53,108,17.6080,35.8804
384,301,139,57,105,18.9369,34.8837
385,300,137,61,102,20.3333,34.0000
386,300,136,63,101,21.0000,33.6667
387,298,136,64,98,21.4765,32.8859
388,298,132,70,96,23.4899,32.2148
389,299,128,75,96,25.0836,32.1070
390,300,131,71,98,23.6667,32.6667
391,300,126,78,96,26.0000,32.0000
392,299,124,78,97,26.0870,32.4415
393,299,116,86,97,28.7625,32.4415
394,302,122,86,94,28.4768,31.1258
395,301,121,85,95,28.2392,31.5615
396,298,119,85,94,28.5235,31.5436
397,298,116,84,98,28.1879,32.8859
398,300,115,88,97,29.3333,32.3333
399,298,110,93,95,31.2081,31.8792
400,300,114,96,90,32.0000,30.0000
401,300,114,99,87,33.0000,29.0000
402,299,111,103,85,34.4482,28.4281
403,303,110,108,85,35.6436,28.0528
404,303,109,110,84,36.3036,27.7228
405,300,103,111,86,37.0000,28.6667
406,299,99,113,87,37.7926,29.0970
407,300,98,114,88,38.0000,29.3333
408,296,93,111,92,37.5000,31.0811
409,299,92,113,94,37.7926,31.4381
410,299,92,115,92,38.4615,30.7692
411,301,90,112,99,37.2093,32.8904
412,301,85,114,102,37.8738,33.8870
413,298,81,113,104,37.9195,34.8993
414,300,86,106,108,35.3333,36.0000
415,299,83,106,110,35.4515,36.7893
416,297,84,99,114,33.3333,38.3838
417,299,86,96,117,32.1070,39.1304
418,300,85,94,121,31.3333,40.3333
419,297,87,88,122,29.6296,41.0774
420,300,88,86,126,28.6667,42.0000
421,299,90,86,123,28.7625,41.1371
422,299,89,82,128,27.4247,42.8094
423,298,85,81,132,27.1812,44.2953
424,298,85,76,137,25.5034,45.9732
425,302,87,73,142,24.1722,47.0199
426,299,87,68,144,22.7425,48.1605
427,304,93,65,146,21.3816,48.0263
428,303,95,59,149,19.4719,49.1749
429,302,93,59,150,19.5364,49.6689
430,302,91,57,154,18.8742,50.9934
431,301,92,52,157,17.2757,52.1595
432,299,90,51,158,17.0569,52.8428
433,300,88,49,163,16.3333,54.3333
434,300,89,49,162,16.3333,54.0000
435,298,90,47,161,15.7718,54.0268
436,300,90,47,163,15.6667,54.3333
437,300,89,48,163,16.0000,54.3333
438,300,90,48,162,16.0000,54.0000
439,300,91,45,164,15.0000,54.6667
440,298,92,41,165,13.7584,55.3691
441,302,95,41,166,13.5762,54.9669
442,302,98,40,164,13.2450,54.3046
443,302,98,37,167,12.2517,55.2980
444,301,98,33,170,10.9635,56.4784
445,301,100,32,169,10.6312,56.1462
446,301,101,31,169,10.2990,56.1462
447,301,103,33,165,10.9635,54.8173
448,300,104,34,162,11.3333,54.0000
449,300,107,35,158,11.6667,52.6667
450,299,109,31,159,10.3679,53.1773
451,303,113,30,160,9.9010,52.8053
452,302,113,28,161,9.2715,53.3113
453,302,112,27,163,8.9404,53.9735
454,302,111,27,164,8.9404,54.3046
455,302,114,26,162,8.6093,53.6424
456,302,115,27,160,8.9404,52.9801
457,302,116,27,159,8.9404,52.6490
458,302,116,29,157,9.6026,51.9868
459,302,117,29,156,9.6026,51.6556
460,302,120,29,153,9.6026,50.6623
461,302,123,30,149,9.9338,49.3377
462,302,124,31,147,10.2649,48.6755
463,301,128,33,140,10.9635,46.5116
464,301,130,33,138,10.9635,45.8472
465,301,131,33,137,10.9635,45.5150
466,301,139,32,130,10.6312,43.1894
467,299,140,30,129,10.0334,43.1438
468,304,148,29,127,9.5395,41.7763
469,304,150,28,126,9.2105,41.4474
470,304,152,28,124,9.2105,40.7895
471,304,154,30,120,9.8684,39.4737
472,304,158,32,114,10.5263,37.5000
473,303,157,30,116,9.9010,38.2838
474,303,157,34,112,11.2211,36.9637
475,303,157,38,108,12.5413,35.6436
476,302,162,37,103,12.2517,34.1060
477,300,164,39,97,13.0000,32.3333
478,298,162,41,95,13.7584,31.8792
479,300,166,42,92,14.0000,30.6667
480,300,168,44,88,14.6667,29.3333
481,300,168,46,86,15.3333,28.6667
482,299,170,47,82,15.7191,27.4247
483,302,177,47,78,15.5629,25.8278
484,302,168,55,79,18.2119,26.1589
485,302,170,58,74,19.2053,24.5033
486,302,169,60,73,19.8675,24.1722
487,301,160,69,72,22.9236,23.9203
488,300,159,70,71,23.3333,23.6667
489,300,154,74,72,24.6667,24.0000
490,300,154,76,70,25.3333,23.3333
491,300,151,79,70,26.3333,23.3333
492,300,148,81,71,27.0000,23.6667
493,300,144,86,70,28.6667,23.3333
494,299,138,91,70,30.4348,23.4114
495,296,139,87,70,29.3919,23.6486
496,296,140,90,66,30.4054,22.2973
497,298,140,93,65,31.2081,21.8121
498,300,137,94,69,31.3333,23.0000
499,300,130,100,70,33.3333,23.3333
500,299,122,104,73,34.7826,24.4147
501,300,122,104,74,34.6667,24.6667
502,300,120,106,74,35.3333,24.6667
503,300,118,108,74,36.0000,24.6667
504,298,113,110,75,36.9128,25.1678
505,297,109,110,78,37.0370,26.2626
506,298,104,116,78,38.9262,26.1745
507,296,100,116,80,39.1892,27.0270
508,295,95,116,84,39.3220,28.4746
509,300,100,118,82,39.3333,27.3333
510,299,89,126,84,42.1405,28.0936
511,302,84,131,87,43.3775,28.8079
512,300,79,130,91,43.3333,30.3333
513,299,76,130,93,43.4783,31.1037
514,299,73,127,99,42.4749,33.1104
515,300,74,121,105,40.3333,35.0000
516,298,72,121,105,40.6040,35.2349
517,300,71,119,110,39.6667,36.6667
518,299,66,121,112,40.4682,37.4582
519,302,67,118,117,39.0728,38.7417
520,301,67,112,122,37.2093,40.5316
521,297,65,110,122,37.0370,41.0774
522,298,65,109,124,36.5772,41.6107
523,299,64,107,128,35.7860,42.8094
524,301,63,108,130,35.8804,43.1894
525,299,63,102,134,34.1137,44.8161
526,297,61,95,141,31.9865,47.4747
527,294,61,88,145,29.9320,49.3197
528,292,58,85,149,29.1096,51.0274
529,292,57,82,153,28.0822,52.3973
530,293,60,73,160,24.9147,54.6075
531,295,62,67,166,22.7119,56.2712
532,299,66,59,174,19.7324,58.1940
533,301,68,59,174,19.6013,57.8073
534,301,69,54,178,17.9402,59.1362
535,301,66,56,179,18.6047,59.4684
536,299,64,57,178,19.0635,59.5318
537,304,67,60,177,19.7368,58.2237
538,301,68,53,180,17.6080,59.8007
539,301,64,54,183,17.9402,60.7973
540,301,60,55,186,18.2724,61.7940
541,300,60,53,187,17.6667,62.3333
542,299,57,51,191,17.0569,63.8796
543,299,60,49,190,16.3880,63.5452
544,297,60,50,187,16.8350,62.9630
545,301,59,52,190,17.2757,63.1229
546,301,57,55,189,18.2724,62.7907
547,299,60,52,187,17.3913,62.5418
548,299,56,55,188,18.3946,62.8763
549,300,57,53,190,17.6667,63.3333
550,300,61,55,184,18.3333,61.3333
551,300,61,55,184,18.3333,61.3333
552,300,62,55,183,18.3333,61.0000
553,300,63,55,182,18.3333,60.6667
554,300,64,56,180,18.6667,60.0000
555,300,63,56,181,18.6667,60.3333
556,299,63,56,180,18.7291,60.2007
557,303,69,55,179,18.1518,59.0759
558,303,67,58,178,19.1419,58.7459
559,303,68,57,178,18.8119,58.7459
560,302,70,57,175,18.8742,57.9470
561,301,69,55,177,18.2724,58.8040
562,301,70,55,176,18.2724,58.4718
563,300,71,54,175,18.0000,58.3333
564,300,74,55,171,18.3333,57.0000
565,300,76,48,176,16.0000,58.6667
566,298,79,47,172,15.7718,57.7181
567,300,86,47,167,15.6667,55.6667
568,299,85,46,168,15.3846,56.1873
569,300,92,43,165,14.3333,55.0000
570,300,93,44,163,14.6667,54.3333
571,299,96,44,159,14.7157,53.1773
572,300,102,43,155,14.3333,51.6667
573,300,101,45,154,15.0000,51.3333
574,300,103,47,150,15.6667,50.0000
575,297,107,44,146,14.8148,49.1582
576,298,105,47,146,15.7718,48.9933
577,296,111,43,142,14.5270,47.9730
578,298,121,38,139,12.7517,46.6443
579,302,128,38,136,12.5828,45.0331
580,302,131,37,134,12.2517,44.3709
581,301,134,35,132,11.6279,43.8538
582,301,141,36,124,11.9601,41.1960
583,300,145,37,118,12.3333,39.3333
584,297,150,37,110,12.4579,37.0370
585,297,150,38,109,12.7946,36.7003
586,297,151,41,105,13.8047,35.3535
587,299,149,46,104,15.3846,34.7826
588,301,150,47,104,15.6146,34.5515
589,301,148,48,105,15.9468,34.8837
590,301,150,48,103,15.9468,34.2193
591,301,150,49,102,16.2791,33.8870
592,300,154,47,99,15.6667,33.0000
593,299,155,45,99,15.0502,33.1104
594,300,161,43,96,14.3333,32.0000
595,299,160,44,95,14.7157,31.7726
596,300,159,46,95,15.3333,31.6667
597,299,159,45,95,15.0502,31.7726
598,300,157,49,94,16.3333,31.3333
599,298,157,50,91,16.7785,30.5369
600,302,159,53,90,17.5497,29.8013
601,302,156,58,88,19.2053,29.1391
602,301,152,60,89,19.9336,29.5681
603,301,145,66,90,21.9269,29.9003
604,301,144,66,91,21.9269,30.2326
605,301,138,72,91,23.9203,30.2326
606,300,133,76,91,25.3333,30.3333
607,297,129,75,93,25.2525,31.3131
608,297,130,73,94,24.5791,31.6498
609,297,133,72,92,24.2424,30.9764
610,300,137,71,92,23.6667,30.6667
611,299,131,78,90,26.0870,30.1003
612,301,131,81,89,26.9103,29.5681
613,301,131,83,87,27.5748,28.9037
614,300,128,86,86,28.6667,28.6667
615,300,125,89,86,29.6667,28.6667
616,299,120,93,86,31.1037,28.7625
617,299,129,90,80,30.1003,26.7559
618,300,125,96,79,32.0000,26.3333
619,299,120,98,81,32.7759,27.0903
620,301,117,102,82,33.8870,27.2425
621,300,116,102,82,34.0000,27.3333
622,300,117,96,87,32.0000,29.0000
623,300,108,101,91,33.6667,30.3333
624,299,106,98,95,32.7759,31.7726
625,299,105,96,98,32.1070,32.7759
626,302,105,92,105,30.4636,34.7682
627,300,103,90,107,30.0000,35.6667
628,300,99,93,108,31.0000,36.0000
629,300,95,96,109,32.0000,36.3333
630,300,95,100,105,33.3333,35.0000
631,298,92,98,108,32.8859,36.2416
632,299,90,98,111,32.7759,37.1237
633,301,90,101,110,33.5548,36.5449
634,300,87,101,112,33.6667,37.3333
635,300,82,103,115,34.3333,38.3333
636,299,77,104,118,34.7826,39.4649
637,299,76,101,122,33.7793,40.8027
638,301,79,97,125,32.2259,41.5282
639,300,77,93,130,31.0000,43.3333
640,299,76,91,132,30.4348,44.1472
641,304,80,86,138,28.2895,45.3947
642,304,81,86,137,28.2895,45.0658
643,302,81,84,137,27.8146,45.3642
644,298,78,79,141,26.5101,47.3154
645,303,84,77,142,25.4125,46.8647
646,302,85,71,146,23.5099,48.3444
647,302,78,75,149,24.8344,49.3377
648,300,78,73,149,24.3333,49.6667
649,297,77,71,149,23.9057,50.1684
650,299,78,67,154,22.4080,51.5050
651,301,80,63,158,20.9302,52.4917
652,301,79,58,164,19.2691,54.4850
653,299,79,53,167,17.7258,55.8528
654,300,79,51,170,17.0000,56.6667
655,299,82,47,170,15.7191,56.8562
656,301,85,45,171,14.9502,56.8106
657,300,86,40,174,13.3333,58.0000
658,299,88,38,173,12.7090,57.8595
659,300,90,39,171,13.0000,57.0000
660,300,92,37,171,12.3333,57.0000
661,299,94,36,169,12.0401,56.5217
662,304,100,34,170,11.1842,55.9211
663,304,99,36,169,11.8421,55.5921
664,301,99,34,168,11.2957,55.8140
665,301,97,33,171,10.9635,56.8106
666,301,95,34,172,11.2957,57.1429
667,300,97,32,171,10.6667,57.0000
668,299,98,27,174,9.0301,58.1940
669,305,105,24,176,7.8689,57.7049
670,303,104,24,175,7.9208,57.7558
671,303,107,23,173,7.5908,57.0957
672,303,108,24,171,7.9208,56.4356
673,303,109,25,169,8.2508,55.7756
674,303,115,24,164,7.9208,54.1254
675,303,119,24,160,7.9208,52.8053
676,302,126,22,154,7.2848,50.9934
677,302,128,23,151,7.6159,50.0000
678,302,133,25,144,8.2781,47.6821
679,301,136,24,141,7.9734,46.8439
680,300,138,22,140,7.3333,46.6667
681,300,140,22,138,7.3333,46.0000
682,300,140,23,137,7.6667,45.6667
683,300,142,25,133,8.3333,44.3333
684,300,144,27,129,9.0000,43.0000
685,300,141,29,130,9.6667,43.3333
686,300,142,28,130,9.3333,43.3333
687,300,146,27,127,9.0000,42.3333
688,300,149,27,124,9.0000,41.3333
689,300,149,31,120,10.3333,40.0000
690,299,152,32,115,10.7023,38.4615
691,302,158,32,112,10.5960,37.0861
692,302,161,32,109,10.5960,36.0927
693,302,168,29,105,9.6026,34.7682
694,302,167,31,104,10.2649,34.4371
695,302,168,31,103,10.2649,34.1060
696,301,169,34,98,11.2957,32.5581
697,301,170,35,96,11.6279,31.8937
698,300,172,36,92,12.0000,30.6667
699,300,174,36,90,12.0000,30.0000
700,300,173,38,89,12.6667,29.6667
701,299,173,39,87,13.0435,29.0970
702,300,176,42,82,14.0000,27.3333
703,299,178,41,80,13.7124,26.7559
704,300,181,45,74,15.0000,24.6667
705,299,182,44,73,14.7157,24.4147
706,304,189,43,72,14.1447,23.6842
707,304,183,52,69,17.1053,22.6974
708,304,183,55,66,18.0921,21.7105
709,303,185,55,63,18.1518,20.7921
710,302,184,54,64,17.8808,21.1921
711,301,181,58,62,19.2691,20.5980
712,300,178,62,60,20.6667,20.0000
713,300,172,70,58,23.3333,19.3333
714,299,172,70,57,23.4114,19.0635
715,303,171,75,57,24.7525,18.8119
716,302,165,77,60,25.4967,19.8675
717,302,161,83,58,27.4834,19.2053
718,301,157,86,58,28.5714,19.2691
719,300,156,87,57,29.0000,19.0000
720,299,156,88,55,29.4314,18.3946
721,302,157,91,54,30.1325,17.8808
722,301,153,91,57,30.2326,18.9369
723,301,149,92,60,30.5648,19.9336
724,301,146,94,61,31.2292,20.2658
725,299,134,101,64,33.7793,21.4047
726,301,123,113,65,37.5415,21.5947
727,301,119,115,67,38.2060,22.2591
728,299,116,112,71,37.4582,23.7458
729,299,114,113,72,37.7926,24.0803
730,300,108,118,74,39.3333,24.6667
731,300,101,122,77,40.6667,25.6667
732,299,97,121,81,40.4682,27.0903
733,297,95,119,83,40.0673,27.9461
734,298,95,115,88,38.5906,29.5302
735,300,91,120,89,40.0000,29.6667
736,296,87,118,91,39.8649,30.7432
737,302,92,115,95,38.0795,31.4570
738,302,90,114,98,37.7483,32.4503
739,302,84,118,100,39.0728,33.1126
740,302,79,121,102,40.0662,33.7748
741,302,74,122,106,40.3974,35.0993
742,300,72,118,110,39.3333,36.6667
743,298,70,117,111,39.2617,37.2483
744,297,67,117,113,39.3939,38.0471
745,297,68,110,119,37.0370,40.0673
746,298,68,101,129,33.8926,43.2886
747,302,71,95,136,31.4570,45.0331
748,299,67,91,141,30.4348,47.1572
749,300,66,92,142,30.6667,47.3333
750,300,66,89,145,29.6667,48.3333
751,299,68,79,152,26.4214,50.8361
752,296,66,76,154,25.6757,52.0270
753,296,66,74,156,25.0000,52.7027
754,296,67,71,158,23.9865,53.3784
755,296,69,70,157,23.6486,53.0405
756,295,67,63,165,21.3559,55.9322
757,294,68,62,164,21.0884,55.7823
758,296,70,63,163,21.2838,55.0676
759,300,73,59,168,19.6667,56.0000
760,298,72,54,172,18.1208,57.7181
761,298,73,48,177,16.1074,59.3960
762,298,75,47,176,15.7718,59.0604
763,299,75,42,182,14.0468,60.8696
764,301,78,39,184,12.9568,61.1296
765,301,77,36,188,11.9601,62.4585
766,301,76,37,188,12.2924,62.4585
767,301,76,35,190,11.6279,63.1229
768,300,78,34,188,11.3333,62.6667
769,299,79,28,192,9.3645,64.2140
770,301,82,27,192,8.9701,63.7874
771,301,83,27,191,8.9701,63.4551
772,301,85,26,190,8.6379,63.1229
773,300,87,25,188,8.3333,62.6667
774,300,88,24,188,8.0000,62.6667
775,300,90,25,185,8.3333,61.6667
776,300,91,25,184,8.3333,61.3333
777,299,93,23,183,7.6923,61.2040
778,298,97,19,182,6.3758,61.0738
779,297,102,17,178,5.7239,59.9327
780,297,106,16,175,5.3872,58.9226
781,302,113,15,174,4.9669,57.6159
782,302,115,15,172,4.9669,56.9536
783,301,117,15,169,4.9834,56.1462
784,301,121,17,163,5.6478,54.1528
785,301,124,16,161,5.3156,53.4884
786,300,128,15,157,5.0000,52.3333
787,300,129,16,155,5.3333,51.6667
788,299,131,16,152,5.3512,50.8361
789,300,135,19,146,6.3333,48.6667
790,300,139,19,142,6.3333,47.3333
791,300,141,20,139,6.6667,46.3333
792,300,144,20,136,6.6667,45.3333
793,300,147,20,133,6.6667,44.3333
794,299,150,20,129,6.6890,43.1438
795,301,153,21,127,6.9767,42.1927
796,300,155,18,127,6.0000,42.3333
797,300,163,19,118,6.3333,39.3333
798,300,172,19,109,6.3333,36.3333
799,300,177,22,101,7.3333,33.6667
800,300,180,22,98,7.3333,32.6667
801,300,182,22,96,7.3333,32.0000
802,300,184,24,92,8.0000,30.6667
803,300,192,25,83,8.3333,27.6667
804,300,192,25,83,8.3333,27.6667
805,300,188,31,81,10.3333,27.0000
806,300,189,31,80,10.3333,26.6667
807,300,189,32,79,10.6667,26.3333
808,300,195,32,73,10.6667,24.3333
809,299,192,36,71,12.0401,23.7458
810,303,195,36,72,11.8812,23.7624
811,303,196,40,67,13.2013,22.1122
812,303,198,42,63,13.8614,20.7921
813,303,201,45,57,14.8515,18.8119
814,303,197,48,58,15.8416,19.1419
815,302,200,50,52,16.5563,17.2185
816,302,201,51,50,16.8874,16.5563
817,302,198,58,46,19.2053,15.2318
818,301,191,64,46,21.2625,15.2824
819,301,187,69,45,22.9236,14.9502
820,299,186,67,46,22.4080,15.3846
821,299,189,69,41,23.0769,13.7124
822,303,192,70,41,23.1023,13.5314
823,302,188,73,41,24.1722,13.5762
824,302,182,79,41,26.1589,13.5762
825,302,177,81,44,26.8212,14.5695
826,301,173,84,44,27.9070,14.6179
827,300,168,89,43,29.6667,14.3333
828,300,159,98,43,32.6667,14.3333
829,299,157,100,42,33.4448,14.0468
830,304,158,99,47,32.5658,15.4605
831,303,150,105,48,34.6535,15.8416
832,302,144,108,50,35.7616,16.5563
833,301,133,118,50,39.2027,16.6113
834,300,126,121,53,40.3333,17.6667
835,299,120,122,57,40.8027,19.0635
836,301,119,122,60,40.5316,19.9336
837,300,107,132,61,44.0000,20.3333
838,298,103,130,65,43.6242,21.8121
839,295,99,126,70,42.7119,23.7288
840,294,97,123,74,41.8367,25.1701
841,294,88,132,74,44.8980,25.1701
842,296,87,134,75,45.2703,25.3378
843,296,81,136,79,45.9459,26.6892
844,299,75,142,82,47.4916,27.4247
845,298,77,136,85,45.6376,28.5235
846,297,75,132,90,44.4444,30.3030
847,299,78,128,93,42.8094,31.1037
848,298,75,121,102,40.6040,34.2282
849,297,72,122,103,41.0774,34.6801
850,299,74,118,107,39.4649,35.7860
851,298,73,115,110,38.5906,36.9128
852,298,75,110,113,36.9128,37.9195
853,295,75,101,119,34.2373,40.3390
854,295,72,96,127,32.5424,43.0508
855,295,70,92,133,31.1864,45.0847
856,295,69,92,134,31.1864,45.4237
857,297,70,92,135,30.9764,45.4545
858,295,71,80,144,27.1186,48.8136
859,295,68,82,145,27.7966,49.1525
860,297,70,80,147,26.9360,49.4949
861,299,70,78,151,26.0870,50.5017
862,297,71,74,152,24.9158,51.1785
863,301,75,68,158,22.5914,52.4917
864,299,72,66,161,22.0736,53.8462
865,299,73,62,164,20.7358,54.8495
866,301,74,63,164,20.9302,54.4850
867,301,73,63,165,20.9302,54.8173
868,301,72,59,170,19.6013,56.4784
869,301,72,56,173,18.6047,57.4751
870,301,71,54,176,17.9402,58.4718
871,301,70,54,177,17.9402,58.8040
872,298,71,50,177,16.7785,59.3960
873,300,73,50,177,16.6667,59.0000
874,299,73,49,177,16.3880,59.1973
875,301,76,44,181,14.6179,60.1329
876,301,76,41,184,13.6213,61.1296
877,300,80,37,183,12.3333,61.0000
878,298,83,35,180,11.7450,60.4027
879,298,82,36,180,12.0805,60.4027
880,300,83,32,185,10.6667,61.6667
881,298,82,30,186,10.0671,62.4161
882,301,91,30,180,9.9668,59.8007
883,301,90,30,181,9.9668,60.1329
884,299,93,27,179,9.0301,59.8662
885,297,92,26,179,8.7542,60.2694
886,297,93,27,177,9.0909,59.5960
887,299,100,24,175,8.0268,58.5284
888,304,108,23,173,7.5658,56.9079
889,303,110,22,171,7.2607,56.4356
890,302,112,23,167,7.6159,55.2980
891,302,117,23,162,7.6159,53.6424
892,302,120,22,160,7.2848,52.9801
893,301,119,22,160,7.3090,53.1561
894,301,121,22,158,7.3090,52.4917
895,301,122,24,155,7.9734,51.4950
896,301,125,24,152,7.9734,50.4983
897,300,123,29,148,9.6667,49.3333
898,300,124,33,143,11.0000,47.6667
899,299,125,35,139,11.7057,46.4883
900,301,137,36,128,11.9601,42.5249
901,300,137,34,129,11.3333,43.0000
902,300,141,34,125,11.3333,41.6667
903,299,142,33,124,11.0368,41.4716
904,300,146,34,120,11.3333,40.0000
905,300,149,36,115,12.0000,38.3333
906,300,155,36,109,12.0000,36.3333
907,299,160,35,104,11.7057,34.7826
908,301,160,40,101,13.2890,33.5548
909,301,159,43,99,14.2857,32.8904
910,301,165,46,90,15.2824,29.9003
911,300,163,47,90,15.6667,30.0000
912,300,163,51,86,17.0000,28.6667
913,300,163,52,85,17.3333,28.3333
914,300,161,58,81,19.3333,27.0000
915,299,164,59,76,19.7324,25.4181
916,299,165,62,72,20.7358,24.0803
917,301,165,65,71,21.5947,23.5880
918,300,164,61,75,20.3333,25.0000
919,298,162,60,76,20.1342,25.5034
920,299,162,65,72,21.7391,24.0803
921,304,167,67,70,22.0395,23.0263
922,304,167,71,66,23.3553,21.7105
923,304,164,73,67,24.0132,22.0395
924,303,159,79,65,26.0726,21.4521
925,303,153,83,67,27.3927,22.1122
926,302,149,85,68,28.1457,22.5166
927,301,146,90,65,29.9003,21.5947
928,301,147,92,62,30.5648,20.5980
929,300,145,92,63,30.6667,21.0000
930,300,139,94,67,31.3333,22.3333
931,299,133,98,68,32.7759,22.7425
932,298,139,94,65,31.5436,21.8121
933,298,135,97,66,32.5503,22.1477
934,298,132,97,69,32.5503,23.1544
935,301,134,97,70,32.2259,23.2558
936,301,135,95,71,31.5615,23.5880
937,301,133,91,77,30.2326,25.5814
938,301,130,94,77,31.2292,25.5814
939,299,127,95,77,31.7726,25.7525
940,298,119,98,81,32.8859,27.1812
941,301,114,103,84,34.2193,27.9070
942,301,107,108,86,35.8804,28.5714
943,298,101,108,89,36.2416,29.8658
944,297,99,109,89,36.7003,29.9663
945,298,98,108,92,36.2416,30.8725
946,299,100,99,100,33.1104,33.4448
947,304,98,105,101,34.5395,33.2237
948,304,93,103,108,33.8816,35.5263
949,302,93,101,108,33.4437,35.7616
950,301,87,101,113,33.5548,37.5415
951,298,82,101,115,33.8926,38.5906
952,298,80,99,119,33.2215,39.9329
953,297,80,99,118,33.3333,39.7306
954,297,78,96,123,32.3232,41.4141
955,298,76,97,125,32.5503,41.9463
956,303,79,100,124,33.0033,40.9241
957,303,78,101,124,33.3333,40.9241
958,301,78,97,126,32.2259,41.8605
959,300,75,98,127,32.6667,42.3333
960,299,68,97,134,32.4415,44.8161
961,297,65,94,138,31.6498,46.4646
962,295,63,88,144,29.8305,48.8136
963,294,62,84,148,28.5714,50.3401
964,294,63,80,151,27.2109,51.3605
965,294,64,77,153,26.1905,52.0408
966,296,64,78,154,26.3514,52.0270
967,298,66,74,158,24.8322,53.0201
968,298,64,73,161,24.4966,54.0268
969,299,65,71,163,23.7458,54.5151
970,300,71,68,161,22.6667,53.6667
971,296,70,65,161,21.9595,54.3919
972,299,76,62,161,20.7358,53.8462
973,304,80,64,160,21.0526,52.6316
974,302,79,62,161,20.5298,53.3113
975,301,80,58,163,19.2691,54.1528
976,298,78,56,164,18.7919,55.0336
977,298,80,53,165,17.7852,55.3691
978,300,80,56,164,18.6667,54.6667
979,298,78,55,165,18.4564,55.3691
980,300,78,55,167,18.3333,55.6667
981,299,82,48,169,16.0535,56.5217
982,301,86,47,168,15.6146,55.8140
983,299,84,46,169,15.3846,56.5217
984,299,88,45,166,15.0502,55.5184
985,301,90,45,166,14.9502,55.1495
986,301,90,46,165,15.2824,54.8173
987,300,93,42,165,14.0000,55.0000
988,299,94,41,164,13.7124,54.8495
989,301,104,38,159,12.6246,52.8239
990,301,102,40,159,13.2890,52.8239
991,301,99,42,160,13.9535,53.1561
992,301,104,40,157,13.2890,52.1595
993,300,106,40,154,13.3333,51.3333
994,300,106,42,152,14.0000,50.6667
995,299,108,42,149,14.0468,49.8328
996,300,111,39,150,13.0000,50.0000
997,300,110,41,149,13.6667,49.6667
998,299,118,38,143,12.7090,47.8261
999,300,120,37,143,12.3333,47.6667
1000,299,125,36,138,12.0401,46.1538
1001,298,126,35,137,11.7450,45.9732
1002,299,130,37,132,12.3746,44.1472
1003,302,134,34,134,11.2583,44.3709
1004,302,136,35,131,11.5894,43.3775
1005,301,135,36,130,11.9601,43.1894
1006,300,139,33,128,11.0000,42.6667
1007,300,142,34,124,11.3333,41.3333
1008,300,138,36,126,12.0000,42.0000
1009,300,138,37,125,12.3333,41.6667
1010,300,139,40,121,13.3333,40.3333
1011,297,139,37,121,12.4579,40.7407
1012,296,146,35,115,11.8243,38.8514
1013,299,153,35,111,11.7057,37.1237
1014,301,159,36,106,11.9601,35.2159
1015,301,163,35,103,11.6279,34.2193
1016,301,164,36,101,11.9601,33.5548
1017,300,165,36,99,12.0000,33.0000
1018,300,164,37,99,12.3333,33.0000
1019,299,164,41,94,13.7124,31.4381
1020,302,168,43,91,14.2384,30.1325
1021,302,170,43,89,14.2384,29.4702
1022,301,174,42,85,13.9535,28.2392
1023,301,172,43,86,14.2857,28.5714
1024,301,167,49,85,16.2791,28.2392
1025,301,166,48,87,15.9468,28.9037
1026,301,164,50,87,16.6113,28.9037
1027,300,167,50,83,16.6667,27.6667
1028,299,167,48,84,16.0535,28.0936
1029,297,164,52,81,17.5084,27.2727
1030,299,164,53,82,17.7258,27.4247
1031,300,163,55,82,18.3333,27.3333
1032,300,158,62,80,20.6667,26.6667
1033,300,159,66,75,22.0000,25.0000
1034,300,157,70,73,23.3333,24.3333
1035,300,150,77,73,25.6667,24.3333
1036,300,142,84,74,28.0000,24.6667
1037,300,140,86,74,28.6667,24.6667
1038,300,131,94,75,31.3333,25.0000
1039,297,128,96,73,32.3232,24.5791
1040,297,126,97,74,32.6599,24.9158
1041,300,126,99,75,33.0000,25.0000
1042,300,125,101,74,33.6667,24.6667
1043,299,121,107,71,35.7860,23.7458
1044,296,115,107,74,36.1486,25.0000
1045,296,112,109,75,36.8243,25.3378
1046,298,108,114,76,38.2550,25.5034
1047,299,104,119,76,39.7993,25.4181
1048,300,99,127,74,42.3333,24.6667
1049,299,97,127,75,42.4749,25.0836
1050,298,93,130,75,43.6242,25.1678
1051,300,90,133,77,44.3333,25.6667
1052,297,89,132,76,44.4444,25.5892
1053,293,85,130,78,44.3686,26.6212
1054,293,76,134,83,45.7338,28.3276
1055,294,74,134,86,45.5782,29.2517
1056,294,75,129,90,43.8776,30.6122
1057,292,74,124,94,42.4658,32.1918
1058,296,74,125,97,42.2297,32.7703
1059,295,71,117,107,39.6610,36.2712
1060,296,68,120,108,40.5405,36.4865
1061,298,66,120,112,40.2685,37.5839
1062,299,62,121,116,40.4682,38.7960
1063,301,66,118,117,39.2027,38.8704
1064,299,66,109,124,36.4548,41.4716
1065,298,62,110,126,36.9128,42.2819
1066,301,64,108,129,35.8804,42.8571
1067,300,62,106,132,35.3333,44.0000
1068,299,62,94,143,31.4381,47.8261
1069,298,58,95,145,31.8792,48.6577
1070,300,59,95,146,31.6667,48.6667
1071,298,57,90,151,30.2013,50.6711
1072,298,56,85,157,28.5235,52.6846
1073,299,53,89,157,29.7659,52.5084
1074,299,51,85,163,28.4281,54.5151
1075,301,56,74,171,24.5847,56.8106
1076,301,54,74,173,24.5847,57.4751
1077,301,54,75,172,24.9169,57.1429
1078,299,50,74,175,24.7492,58.5284
1079,303,55,70,178,23.1023,58.7459
1080,301,54,65,182,21.5947,60.4651
1081,300,52,63,185,21.0000,61.6667
1082,298,53,60,185,20.1342,62.0805
1083,300,56,56,188,18.6667,62.6667
1084,300,57,55,188,18.3333,62.6667
1085,299,57,52,190,17.3913,63.5452
1086,300,60,49,191,16.3333,63.6667
1087,300,59,48,193,16.0000,64.3333
1088,300,59,46,195,15.3333,65.0000
1089,299,60,44,195,14.7157,65.2174
1090,302,66,42,194,13.9073,64.2384
1091,302,65,41,196,13.5762,64.9007
1092,302,68,38,196,12.5828,64.9007
1093,301,71,33,197,10.9635,65.4485
1094,301,70,31,200,10.2990,66.4452
1095,301,70,27,204,8.9701,67.7741
1096,301,75,26,200,8.6379,66.4452
1097,301,75,23,203,7.6412,67.4419
1098,301,77,20,204,6.6445,67.7741
1099,301,76,19,206,6.3123,68.4385
1100,300,77,18,205,6.0000,68.3333
1101,300,78,18,204,6.0000,68.0000
1102,299,80,15,204,5.0167,68.2274
1103,299,85,14,200,4.6823,66.8896
1104,302,89,14,199,4.6358,65.8940
1105,302,90,15,197,4.9669,65.2318
1106,301,94,15,192,4.9834,63.7874
1107,301,101,15,185,4.9834,61.4618
1108,300,105,13,182,4.3333,60.6667
1109,299,108,12,179,4.0134,59.8662
1110,300,116,11,173,3.6667,57.6667
1111,300,125,12,163,4.0000,54.3333
1112,299,128,10,161,3.3445,53.8462
1113,300,132,11,157,3.6667,52.3333
1114,299,136,10,153,3.3445,51.1706
1115,303,143,10,150,3.3003,49.5050
1116,303,150,11,142,3.6304,46.8647
1117,303,151,12,140,3.9604,46.2046
1118,303,155,12,136,3.9604,44.8845
1119,303,159,12,132,3.9604,43.5644
1120,303,171,12,120,3.9604,39.6040
1121,303,174,11,118,3.6304,38.9439
1122,303,175,12,116,3.9604,38.2838
1123,303,179,13,111,4.2904,36.6337
1124,303,185,13,105,4.2904,34.6535
1125,303,187,13,103,4.2904,33.9934
1126,302,192,12,98,3.9735,32.4503
1127,302,203,12,87,3.9735,28.8079
1128,302,206,11,85,3.6424,28.1457
1129,302,206,11,85,3.6424,28.1457
1130,302,210,11,81,3.6424,26.8212
1131,302,213,12,77,3.9735,25.4967
1132,301,217,13,71,4.3189,23.5880
1133,301,218,14,69,4.6512,22.9236
1134,301,219,15,67,4.9834,22.2591
1135,301,224,15,62,4.9834,20.5980
1136,301,225,15,61,4.9834,20.2658
1137,299,228,13,58,4.3478,19.3980
1138,303,234,12,57,3.9604,18.8119
1139,303,237,12,54,3.9604,17.8218
1140,303,239,13,51,4.2904,16.8317
1141,302,239,15,48,4.9669,15.8940
1142,302,238,18,46,5.9603,15.2318
1143,301,240,18,43,5.9801,14.2857
1144,300,241,19,40,6.3333,13.3333
1145,300,245,19,36,6.3333,12.0000
1146,300,244,22,34,7.3333,11.3333
1147,300,245,25,30,8.3333,10.0000
1148,300,244,27,29,9.0000,9.6667
1149,300,245,30,25,10.0000,8.3333
1150,299,246,31,22,10.3679,7.3579
1151,300,241,39,20,13.0000,6.6667
1152,300,237,40,23,13.3333,7.6667
1153,300,237,40,23,13.3333,7.6667
1154,300,236,43,21,14.3333,7.0000
1155,299,230,48,21,16.0535,7.0234
1156,300,228,51,21,17.0000,7.0000
1157,300,215,64,21,21.3333,7.0000
1158,300,208,71,21,23.6667,7.0000
1159,300,202,77,21,25.6667,7.0000
1160,299,201,79,19,26.4214,6.3545
1161,303,203,81,19,26.7327,6.2706
1162,301,195,87,19,28.9037,6.3123
1163,300,190,90,20,30.0000,6.6667
1164,300,186,93,21,31.0000,7.0000
1165,300,181,97,22,32.3333,7.3333
1166,298,175,100,23,33.5570,7.7181
1167,300,168,108,24,36.0000,8.0000
1168,299,162,110,27,36.7893,9.0301
1169,300,157,115,28,38.3333,9.3333
1170,300,155,114,31,38.0000,10.3333
1171,299,151,115,33,38.4615,11.0368
1172,298,141,117,40,39.2617,13.4228
1173,300,139,122,39,40.6667,13.0000
1174,299,131,128,40,42.8094,13.3779
1175,299,126,128,45,42.8094,15.0502
1176,300,120,130,50,43.3333,16.6667
1177,298,116,129,53,43.2886,17.7852
1178,296,113,121,62,40.8784,20.9459
1179,295,113,115,67,38.9831,22.7119
1180,298,112,118,68,39.5973,22.8188
1181,297,107,119,71,40.0673,23.9057
1182,299,100,125,74,41.8060,24.7492
1183,301,97,121,83,40.1993,27.5748
1184,299,93,120,86,40.1338,28.7625
1185,301,89,124,88,41.1960,29.2359
1186,300,81,124,95,41.3333,31.6667
1187,300,77,121,102,40.3333,34.0000
1188,299,70,122,107,40.8027,35.7860
1189,296,66,118,112,39.8649,37.8378
1190,297,63,119,115,40.0673,38.7205
1191,297,60,121,116,40.7407,39.0572
1192,296,60,115,121,38.8514,40.8784
1193,296,56,115,125,38.8514,42.2297
1194,298,54,111,133,37.2483,44.6309
1195,300,56,103,141,34.3333,47.0000
1196,299,55,96,148,32.1070,49.4983
1197,299,54,95,150,31.7726,50.1672
1198,296,52,91,153,30.7432,51.6892
1199,300,50,96,154,32.0000,51.3333
1200,300,50,92,158,30.6667,52.6667
1201,300,47,90,163,30.0000,54.3333
1202,299,46,86,167,28.7625,55.8528
1203,297,43,79,175,26.5993,58.9226
1204,296,46,73,177,24.6622,59.7973
1205,295,45,72,178,24.4068,60.3390
1206,296,48,64,184,21.6216,62.1622
1207,301,53,56,192,18.6047,63.7874
1208,300,51,55,194,18.3333,64.6667
1209,298,51,48,199,16.1074,66.7785
1210,301,53,47,201,15.6146,66.7774
1211,299,50,42,207,14.0468,69.2308
1212,302,52,40,210,13.2450,69.5364
1213,302,52,40,210,13.2450,69.5364
1214,299,53,33,213,11.0368,71.2375
1215,302,58,31,213,10.2649,70.5298
1216,302,60,31,211,10.2649,69.8675
1217,302,60,30,212,9.9338,70.1987
1218,301,60,27,214,8.9701,71.0963
1219,298,61,24,213,8.0537,71.4765
1220,298,66,21,211,7.0470,70.8054
1221,299,68,20,211,6.6890,70.5686
1222,304,77,17,210,5.5921,69.0789
1223,304,79,17,208,5.5921,68.4211
1224,304,85,15,204,4.9342,67.1053
1225,303,85,14,204,4.6205,67.3267
1226,303,86,13,204,4.2904,67.3267
1227,303,90,14,199,4.6205,65.6766
1228,303,93,14,196,4.6205,64.6865
1229,303,96,14,193,4.6205,63.6964
1230,303,106,15,182,4.9505,60.0660
1231,301,111,11,179,3.6545,59.4684
1232,301,111,13,177,4.3189,58.8040
1233,301,115,11,175,3.6545,58.1395
1234,301,118,11,172,3.6545,57.1429
1235,301,127,11,163,3.6545,54.1528
1236,301,130,11,160,3.6545,53.1561
1237,301,132,11,158,3.6545,52.4917
1238,301,139,11,151,3.6545,50.1661
1239,300,146,10,144,3.3333,48.0000
1240,300,151,10,139,3.3333,46.3333
1241,300,155,11,134,3.6667,44.6667
1242,300,158,12,130,4.0000,43.3333
1243,300,159,12,129,4.0000,43.0000
1244,299,164,11,124,3.6789,41.4716
1245,301,169,12,120,3.9867,39.8671
1246,300,176,12,112,4.0000,37.3333
1247,300,184,12,104,4.0000,34.6667
1248,299,191,11,97,3.6789,32.4415
1249,301,195,9,97,2.9900,32.2259
1250,301,199,9,93,2.9900,30.8970
1251,301,200,8,93,2.6578,30.8970
1252,300,203,8,89,2.6667,29.6667
1253,300,207,8,85,2.6667,28.3333
1254,300,211,8,81,2.6667,27.0000
1255,300,218,9,73,3.0000,24.3333
1256,300,223,9,68,3.0000,22.6667
1257,300,225,9,66,3.0000,22.0000
1258,300,230,10,60,3.3333,20.0000
1259,300,238,10,52,3.3333,17.3333
1260,300,240,10,50,3.3333,16.6667
1261,300,244,10,46,3.3333,15.3333
1262,300,245,11,44,3.6667,14.6667
1263,300,251,10,39,3.3333,13.0000
1264,300,253,10,37,3.3333,12.3333
1265,300,252,11,37,3.6667,12.3333
1266,299,256,11,32,3.6789,10.7023
1267,304,261,11,32,3.6184,10.5263
1268,304,259,13,32,4.2763,10.5263
1269,304,259,15,30,4.9342,9.8684
1270,304,262,15,27,4.9342,8.8816
1271,304,260,17,27,5.5921,8.8816
1272,304,261,16,27,5.2632,8.8816
1273,304,258,20,26,6.5789,8.5526
1274,304,257,22,25,7.2368,8.2237
1275,304,257,22,25,7.2368,8.2237
1276,304,259,23,22,7.5658,7.2368
1277,304,259,23,22,7.5658,7.2368
1278,304,258,24,22,7.8947,7.2368
1279,303,256,25,22,8.2508,7.2607
1280,303,257,26,20,8.5809,6.6007
1281,303,253,30,20,9.9010,6.6007
1282,302,253,28,21,9.2715,6.9536
1283,302,252,31,19,10.2649,6.2914
1284,302,248,34,20,11.2583,6.6225
1285,302,246,38,18,12.5828,5.9603
1286,301,244,38,19,12.6246,6.3123
1287,301,238,44,19,14.6179,6.3123
1288,301,230,50,21,16.6113,6.9767
1289,300,224,54,22,18.0000,7.3333
1290,300,219,59,22,19.6667,7.3333
1291,300,215,63,22,21.0000,7.3333
1292,299,213,63,23,21.0702,7.6923
1293,299,212,64,23,21.4047,7.6923
1294,298,204,69,25,23.1544,8.3893
1295,299,203,68,28,22.7425,9.3645
1296,301,195,78,28,25.9136,9.3023
1297,301,193,78,30,25.9136,9.9668
1298,301,188,83,30,27.5748,9.9668
1299,301,181,89,31,29.5681,10.2990
1300,300,175,93,32,31.0000,10.6667
1301,298,173,93,32,31.2081,10.7383
1302,298,166,99,33,33.2215,11.0738
1303,299,158,107,34,35.7860,11.3712
1304,301,151,115,35,38.2060,11.6279
1305,300,138,123,39,41.0000,13.0000
1306,300,130,130,40,43.3333,13.3333
1307,299,123,134,42,44.8161,14.0468
1308,299,121,130,48,43.4783,16.0535
1309,298,113,132,53,44.2953,17.7852
1310,297,106,134,57,45.1178,19.1919
1311,298,97,141,60,47.3154,20.1342
1312,299,94,142,63,47.4916,21.0702
1313,299,91,143,65,47.8261,21.7391
1314,301,91,141,69,46.8439,22.9236
1315,301,88,138,75,45.8472,24.9169
1316,299,84,137,78,45.8194,26.0870
1317,299,84,133,82,44.4816,27.4247
1318,300,81,136,83,45.3333,27.6667
1319,298,76,133,89,44.6309,29.8658
1320,299,72,135,92,45.1505,30.7692
1321,300,70,133,97,44.3333,32.3333
1322,300,67,132,101,44.0000,33.6667
1323,299,64,125,110,41.8060,36.7893
1324,297,60,119,118,40.0673,39.7306
1325,295,53,114,128,38.6441,43.3898
1326,296,50,111,135,37.5000,45.6081
1327,296,54,103,139,34.7973,46.9595
1328,298,52,102,144,34.2282,48.3221
1329,300,53,96,151,32.0000,50.3333
1330,300,51,89,160,29.6667,53.3333
1331,297,48,84,165,28.2828,55.5556
1332,296,47,78,171,26.3514,57.7703
1333,298,49,77,172,25.8389,57.7181
1334,299,52,71,176,23.7458,58.8629
1335,302,55,69,178,22.8477,58.9404
1336,302,55,65,182,21.5232,60.2649
1337,302,53,64,185,21.1921,61.2583
1338,301,51,64,186,21.2625,61.7940
1339,301,50,59,192,19.6013,63.7874
1340,301,51,54,196,17.9402,65.1163
1341,301,53,49,199,16.2791,66.1130
1342,301,52,49,200,16.2791,66.4452
1343,299,52,45,202,15.0502,67.5585
1344,298,53,41,204,13.7584,68.4564
1345,300,55,35,210,11.6667,70.0000
1346,300,56,30,214,10.0000,71.3333
1347,299,59,27,213,9.0301,71.2375
1348,302,59,27,216,8.9404,71.5232
1349,301,58,27,216,8.9701,71.7608
1350,299,58,25,216,8.3612,72.2408
1351,300,58,25,217,8.3333,72.3333
1352,298,59,22,217,7.3826,72.8188
1353,298,61,22,215,7.3826,72.1477
1354,303,66,22,215,7.2607,70.9571
1355,303,65,25,213,8.2508,70.2970
1356,303,65,25,213,8.2508,70.2970
1357,303,67,26,210,8.5809,69.3069
1358,302,67,25,210,8.2781,69.5364
1359,301,69,23,209,7.6412,69.4352
1360,301,74,24,203,7.9734,67.4419
1361,301,79,24,198,7.9734,65.7807
1362,301,83,23,195,7.6412,64.7841
1363,301,83,26,192,8.6379,63.7874
1364,301,82,30,189,9.9668,62.7907
1365,301,84,30,187,9.9668,62.1262
1366,301,87,31,183,10.2990,60.7973
1367,301,93,30,178,9.9668,59.1362
1368,301,97,29,175,9.6346,58.1395
1369,300,101,27,172,9.0000,57.3333
1370,299,100,27,172,9.0301,57.5251
1371,302,109,28,165,9.2715,54.6358
1372,301,111,27,163,8.9701,54.1528
1373,301,115,28,158,9.3023,52.4917
1374,301,118,28,155,9.3023,51.4950
1375,299,122,30,147,10.0334,49.1639
1376,303,131,33,139,10.8911,45.8746
1377,301,140,31,130,10.2990,43.1894
1378,301,144,33,124,10.9635,41.1960
1379,301,146,36,119,11.9601,39.5349
1380,301,148,39,114,12.9568,37.8738
1381,300,155,38,107,12.6667,35.6667
1382,300,162,40,98,13.3333,32.6667
1383,299,164,41,94,13.7124,31.4381
1384,299,167,41,91,13.7124,30.4348
1385,301,169,41,91,13.6213,30.2326
1386,301,170,45,86,14.9502,28.5714
1387,300,168,47,85,15.6667,28.3333
1388,300,169,51,80,17.0000,26.6667
1389,300,167,56,77,18.6667,25.6667
1390,300,164,58,78,19.3333,26.0000
1391,300,167,61,72,20.3333,24.0000
1392,300,168,65,67,21.6667,22.3333
1393,299,170,66,63,22.0736,21.0702
1394,300,168,69,63,23.0000,21.0000
1395,300,164,74,62,24.6667,20.6667
1396,300,162,73,65,24.3333,21.6667
1397,300,162,76,62,25.3333,20.6667
1398,298,162,80,56,26.8456,18.7919
1399,298,161,82,55,27.5168,18.4564
1400,300,158,87,55,29.0000,18.3333
1401,298,150,94,54,31.5436,18.1208
1402,297,143,99,55,33.3333,18.5185
1403,297,140,103,54,34.6801,18.1818
1404,297,132,110,55,37.0370,18.5185
1405,301,132,111,58,36.8771,19.2691
1406,301,122,119,60,39.5349,19.9336
1407,300,114,124,62,41.3333,20.6667
1408,299,109,127,63,42.4749,21.0702
1409,299,104,131,64,43.8127,21.4047
1410,298,99,130,69,43.6242,23.1544
1411,298,98,131,69,43.9597,23.1544
1412,298,92,132,74,44.2953,24.8322
1413,299,91,133,75,44.4816,25.0836
1414,300,87,136,77,45.3333,25.6667
1415,299,83,136,80,45.4849,26.7559
1416,296,79,135,82,45.6081,27.7027
1417,296,78,134,84,45.2703,28.3784
1418,298,73,134,91,44.9664,30.5369
1419,301,75,133,93,44.1860,30.8970
1420,299,69,132,98,44.1472,32.7759
1421,300,70,129,101,43.0000,33.6667
1422,296,67,121,108,40.8784,36.4865
1423,297,63,122,112,41.0774,37.7104
1424,297,62,115,120,38.7205,40.4040
1425,296,62,111,123,37.5000,41.5541
1426,294,61,103,130,35.0340,44.2177
1427,293,62,96,135,32.7645,46.0751
1428,294,63,93,138,31.6327,46.9388
1429,294,65,87,142,29.5918,48.2993
1430,294,67,81,146,27.5510,49.6599
1431,294,68,75,151,25.5102,51.3605
1432,296,66,78,152,26.3514,51.3514
1433,295,64,73,158,24.7458,53.5593
1434,296,64,70,162,23.6486,54.7297
1435,296,64,65,167,21.9595,56.4189
1436,296,66,63,167,21.2838,56.4189
1437,298,67,60,171,20.1342,57.3826
1438,298,67,57,174,19.1275,58.3893
1439,299,69,53,177,17.7258,59.1973
1440,300,69,49,182,16.3333,60.6667
1441,299,67,47,185,15.7191,61.8729
1442,302,73,45,184,14.9007,60.9272
1443,302,72,42,188,13.9073,62.2517
1444,301,73,36,192,11.9601,63.7874
1445,300,74,32,194,10.6667,64.6667
1446,300,75,31,194,10.3333,64.6667
1447,300,76,30,194,10.0000,64.6667
1448,299,79,31,189,10.3679,63.2107
1449,299,82,31,186,10.3679,62.2074
1450,300,83,29,188,9.6667,62.6667
1451,300,84,28,188,9.3333,62.6667
1452,300,87,24,189,8.0000,63.0000
1453,300,87,24,189,8.0000,63.0000
1454,300,88,20,192,6.6667,64.0000
1455,300,87,20,193,6.6667,64.3333
1456,300,89,19,192,6.3333,64.0000
1457,300,92,17,191,5.6667,63.6667
1458,300,95,14,191,4.6667,63.6667
1459,300,97,14,189,4.6667,63.0000
1460,300,99,11,190,3.6667,63.3333
1461,299,102,9,188,3.0100,62.8763
1462,303,112,9,182,2.9703,60.0660
1463,303,113,8,182,2.6403,60.0660
1464,303,118,7,178,2.3102,58.7459
1465,303,120,7,176,2.3102,58.0858
1466,303,122,8,173,2.6403,57.0957
1467,303,125,8,170,2.6403,56.1056
1468,303,127,7,169,2.3102,55.7756
1469,302,130,5,167,1.6556,55.2980
1470,302,137,5,160,1.6556,52.9801
1471,302,140,6,156,1.9868,51.6556
1472,301,146,5,150,1.6611,49.8339
1473,301,151,4,146,1.3289,48.5050
1474,301,158,5,138,1.6611,45.8472
1475,301,162,5,134,1.6611,44.5183
1476,300,171,3,126,1.0000,42.0000
1477,300,174,3,123,1.0000,41.0000
1478,300,182,3,115,1.0000,38.3333
1479,300,188,3,109,1.0000,36.3333
1480,300,192,3,105,1.0000,35.0000
1481,300,196,4,100,1.3333,33.3333
1482,300,201,5,94,1.6667,31.3333
1483,300,206,5,89,1.6667,29.6667
1484,300,206,6,88,2.0000,29.3333
1485,300,213,6,81,2.0000,27.0000
1486,300,216,6,78,2.0000,26.0000
1487,300,221,7,72,2.3333,24.0000
1488,300,223,8,69,2.6667,23.0000
1489,300,226,10,64,3.3333,21.3333
1490,300,227,12,61,4.0000,20.3333
1491,300,231,12,57,4.0000,19.0000
1492,299,236,11,52,3.6789,17.3913
1493,303,242,12,49,3.9604,16.1716
1494,303,243,12,48,3.9604,15.8416
1495,303,245,14,44,4.6205,14.5215
1496,303,250,14,39,4.6205,12.8713
1497,303,252,15,36,4.9505,11.8812
1498,303,251,17,35,5.6106,11.5512
1499,303,250,19,34,6.2706,11.2211
1500,303,250,20,33,6.6007,10.8911
1501,303,248,22,33,7.2607,10.8911
1502,303,248,22,33,7.2607,10.8911
1503,303,248,24,31,7.9208,10.2310
1504,303,248,28,27,9.2409,8.9109
1505,303,245,31,27,10.2310,8.9109
1506,303,244,36,23,11.8812,7.5908
1507,302,241,39,22,12.9139,7.2848
1508,302,240,40,22,13.2450,7.2848
1509,302,235,46,21,15.2318,6.9536
1510,301,235,46,20,15.2824,6.6445
1511,301,230,51,20,16.9435,6.6445
1512,301,226,58,17,19.2691,5.6478
1513,301,224,61,16,20.2658,5.3156
1514,301,214,70,17,23.2558,5.6478
1515,301,210,73,18,24.2525,5.9801
1516,301,206,77,18,25.5814,5.9801
1517,301,199,83,19,27.5748,6.3123
1518,301,191,90,20,29.9003,6.6445
1519,301,184,95,22,31.5615,7.3090
1520,301,174,105,22,34.8837,7.3090
1521,301,169,109,23,36.2126,7.6412
1522,301,162,115,24,38.2060,7.9734
1523,300,152,123,25,41.0000,8.3333
1524,298,138,132,28,44.2953,9.3960
1525,299,137,133,29,44.4816,9.6990
1526,300,132,137,31,45.6667,10.3333
1527,297,124,139,34,46.8013,11.4478
1528,297,121,140,36,47.1380,12.1212
1529,297,117,141,39,47.4747,13.1313
1530,297,114,138,45,46.4646,15.1515
1531,300,101,153,46,51.0000,15.3333
1532,295,94,151,50,51.1864,16.9492
1533,296,89,153,54,51.6892,18.2432
1534,294,84,152,58,51.7007,19.7279
1535,297,87,147,63,49.4949,21.2121
1536,297,82,150,65,50.5051,21.8855
1537,299,82,148,69,49.4983,23.0769
1538,298,75,147,76,49.3289,25.5034
1539,298,71,143,84,47.9866,28.1879
1540,298,67,140,91,46.9799,30.5369
1541,299,68,133,98,44.4816,32.7759
1542,299,67,131,101,43.8127,33.7793
1543,298,64,131,103,43.9597,34.5638
1544,296,59,122,115,41.2162,38.8514
1545,298,61,114,123,38.2550,41.2752
1546,298,60,110,128,36.9128,42.9530
1547,300,61,106,133,35.3333,44.3333
1548,298,60,99,139,33.2215,46.6443
1549,303,65,97,141,32.0132,46.5347
1550,302,62,96,144,31.7881,47.6821
1551,299,60,85,154,28.4281,51.5050
1552,300,59,80,161,26.6667,53.6667
1553,299,58,72,169,24.0803,56.5217
1554,299,61,68,170,22.7425,56.8562
1555,300,63,65,172,21.6667,57.3333
1556,296,62,60,174,20.2703,58.7838
1557,300,66,57,177,19.0000,59.0000
1558,298,66,51,181,17.1141,60.7383
1559,299,68,45,186,15.0502,62.2074
1560,301,71,40,190,13.2890,63.1229
1561,300,71,38,191,12.6667,63.6667
1562,300,72,36,192,12.0000,64.0000
1563,299,71,33,195,11.0368,65.2174
1564,297,72,25,200,8.4175,67.3401
1565,299,74,24,201,8.0268,67.2241
1566,300,77,23,200,7.6667,66.6667
1567,299,79,20,200,6.6890,66.8896
1568,300,81,20,199,6.6667,66.3333
1569,300,82,19,199,6.3333,66.3333
1570,300,83,17,200,5.6667,66.6667
1571,299,85,14,200,4.6823,66.8896
1572,301,88,13,200,4.3189,66.4452
1573,299,88,13,198,4.3478,66.2207
1574,301,92,11,198,3.6545,65.7807
1575,301,93,11,197,3.6545,65.4485
1576,301,96,11,194,3.6545,64.4518
1577,301,98,9,194,2.9900,64.4518
1578,301,97,12,192,3.9867,63.7874
1579,301,100,12,189,3.9867,62.7907
1580,300,102,12,186,4.0000,62.0000
1581,300,104,11,185,3.6667,61.6667
1582,299,109,11,179,3.6789,59.8662
1583,304,115,11,178,3.6184,58.5526
1584,304,118,11,175,3.6184,57.5658
1585,304,122,11,171,3.6184,56.2500
1586,304,126,11,167,3.6184,54.9342
1587,303,129,12,162,3.9604,53.4653
1588,303,131,12,160,3.9604,52.8053
1589,303,134,12,157,3.9604,51.8152
1590,303,142,12,149,3.9604,49.1749
1591,303,146,16,141,5.2805,46.5347
1592,303,152,17,134,5.6106,44.2244
1593,303,159,15,129,4.9505,42.5743
1594,303,161,16,126,5.2805,41.5842
1595,303,163,16,124,5.2805,40.9241
1596,303,175,16,112,5.2805,36.9637
1597,303,182,17,104,5.6106,34.3234
1598,301,186,16,99,5.3156,32.8904
1599,301,191,16,94,5.3156,31.2292
1600,300,197,15,88,5.0000,29.3333
1601,300,198,16,86,5.3333,28.6667
1602,300,201,15,84,5.0000,28.0000
1603,300,210,15,75,5.0000,25.0000
1604,300,217,15,68,5.0000,22.6667
1605,300,222,17,61,5.6667,20.3333
1606,300,224,18,58,6.0000,19.3333
1607,300,226,16,58,5.3333,19.3333
1608,300,226,18,56,6.0000,18.6667
1609,300,228,20,52,6.6667,17.3333
1610,300,228,23,49,7.6667,16.3333
1611,300,232,23,45,7.6667,15.0000
1612,300,235,22,43,7.3333,14.3333
1613,300,232,27,41,9.0000,13.6667
1614,300,232,30,38,10.0000,12.6667
1615,300,233,31,36,10.3333,12.0000
1616,300,234,35,31,11.6667,10.3333
1617,300,234,36,30,12.0000,10.0000
1618,300,231,38,31,12.6667,10.3333
1619,300,230,39,31,13.0000,10.3333
1620,300,225,44,31,14.6667,10.3333
1621,300,223,47,30,15.6667,10.0000
1622,299,218,53,28,17.7258,9.3645
1623,303,220,57,26,18.8119,8.5809
1624,303,216,61,26,20.1320,8.5809
1625,303,211,66,26,21.7822,8.5809
1626,302,205,69,28,22.8477,9.2715
1627,302,198,76,28,25.1656,9.2715
1628,301,196,77,28,25.5814,9.3023
1629,301,191,81,29,26.9103,9.6346
1630,301,181,91,29,30.2326,9.6346
1631,300,175,92,33,30.6667,11.0000
1632,300,168,96,36,32.0000,12.0000
1633,299,163,98,38,32.7759,12.7090
1634,301,157,105,39,34.8837,12.9568
1635,301,146,112,43,37.2093,14.2857
1636,301,135,121,45,40.1993,14.9502
1637,301,129,125,47,41.5282,15.6146
1638,301,125,127,49,42.1927,16.2791
1639,300,118,132,50,44.0000,16.6667
1640,300,115,129,56,43.0000,18.6667
1641,300,107,135,58,45.0000,19.3333
1642,298,102,135,61,45.3020,20.4698
1643,299,93,142,64,47.4916,21.4047
1644,301,85,148,68,49.1694,22.5914
1645,298,79,150,69,50.3356,23.1544
1646,300,80,146,74,48.6667,24.6667
1647,300,74,147,79,49.0000,26.3333
1648,297,72,140,85,47.1380,28.6195
1649,298,69,140,89,46.9799,29.8658
1650,299,69,135,95,45.1505,31.7726
1651,296,66,130,100,43.9189,33.7838
1652,295,68,121,106,41.0169,35.9322
1653,298,68,122,108,40.9396,36.2416
1654,296,62,119,115,40.2027,38.8514
1655,296,60,115,121,38.8514,40.8784
1656,296,59,108,129,36.4865,43.5811
1657,295,60,97,138,32.8814,46.7797
1658,299,61,95,143,31.7726,47.8261
1659,301,64,91,146,30.2326,48.5050
1660,301,62,91,148,30.2326,49.1694
1661,299,60,88,151,29.4314,50.5017
1662,302,65,80,157,26.4901,51.9868
1663,300,67,70,163,23.3333,54.3333
1664,300,65,68,167,22.6667,55.6667
1665,297,64,57,176,19.1919,59.2593
1666,298,62,56,180,18.7919,60.4027
1667,300,64,55,181,18.3333,60.3333
1668,299,63,53,183,17.7258,61.2040
1669,299,64,51,184,17.0569,61.5385
1670,298,65,47,186,15.7718,62.4161
1671,299,67,46,186,15.3846,62.2074
1672,301,70,45,186,14.9502,61.7940
1673,300,70,44,186,14.6667,62.0000
1674,300,67,39,194,13.0000,64.6667
1675,299,66,35,198,11.7057,66.2207
1676,301,69,33,199,10.9635,66.1130
1677,301,68,32,201,10.6312,66.7774
1678,301,70,31,200,10.2990,66.4452
1679,299,70,28,201,9.3645,67.2241
1680,302,73,27,202,8.9404,66.8874
1681,302,76,24,202,7.9470,66.8874
1682,302,75,24,203,7.9470,67.2185
1683,302,79,24,199,7.9470,65.8940
1684,302,81,23,198,7.6159,65.5629
1685,301,84,20,197,6.6445,65.4485
1686,300,82,22,196,7.3333,65.3333
1687,300,86,18,196,6.0000,65.3333
1688,299,88,18,193,6.0201,64.5485
1689,299,89,19,191,6.3545,63.8796
1690,304,96,18,190,5.9211,62.5000
1691,304,97,17,190,5.5921,62.5000
1692,303,103,16,184,5.2805,60.7261
1693,303,105,17,181,5.6106,59.7360
1694,302,106,18,178,5.9603,58.9404
1695,301,109,16,176,5.3156,58.4718
1696,300,113,15,172,5.0000,57.3333
1697,299,116,14,169,4.6823,56.5217
1698,302,123,15,164,4.9669,54.3046
1699,302,128,14,160,4.6358,52.9801
1700,302,132,16,154,5.2980,50.9934
1701,302,136,15,151,4.9669,50.0000
1702,302,142,15,145,4.9669,48.0132
1703,302,144,18,140,5.9603,46.3576
1704,302,148,20,134,6.6225,44.3709
1705,302,146,23,133,7.6159,44.0397
1706,301,153,20,128,6.6445,42.5249
1707,301,157,23,121,7.6412,40.1993
1708,301,164,23,114,7.6412,37.8738
1709,301,173,24,104,7.9734,34.5515
1710,301,175,25,101,8.3056,33.5548
1711,301,179,26,96,8.6379,31.8937
1712,301,179,28,94,9.3023,31.2292
1713,301,177,33,91,10.9635,30.2326
1714,300,181,33,86,11.0000,28.6667
1715,300,186,36,78,12.0000,26.0000
1716,300,190,39,71,13.0000,23.6667
1717,300,195,43,62,14.3333,20.6667
1718,300,198,44,58,14.6667,19.3333
1719,299,193,50,56,16.7224,18.7291
1720,300,195,50,55,16.6667,18.3333
1721,300,191,54,55,18.0000,18.3333
1722,300,189,58,53,19.3333,17.6667
1723,300,187,61,52,20.3333,17.3333
1724,299,179,66,54,22.0736,18.0602
1725,300,171,72,57,24.0000,19.0000
1726,300,175,74,51,24.6667,17.0000
1727,298,172,79,47,26.5101,15.7718
1728,298,167,84,47,28.1879,15.7718
1729,299,161,93,45,31.1037,15.0502
1730,302,160,98,44,32.4503,14.5695
1731,302,152,106,44,35.0993,14.5695
1732,302,145,113,44,37.4172,14.5695
1733,302,143,113,46,37.4172,15.2318
1734,301,139,116,46,38.5382,15.2824
1735,300,131,119,50,39.6667,16.6667
1736,300,123,127,50,42.3333,16.6667
1737,299,121,128,50,42.8094,16.7224
1738,302,117,132,53,43.7086,17.5497
1739,300,118,130,52,43.3333,17.3333
1740,299,118,127,54,42.4749,18.0602
1741,300,114,129,57,43.0000,19.0000
1742,299,104,137,58,45.8194,19.3980
1743,301,96,144,61,47.8405,20.2658
1744,301,90,142,69,47.1761,22.9236
1745,301,87,139,75,46.1794,24.9169
1746,300,83,134,83,44.6667,27.6667
1747,298,75,136,87,45.6376,29.1946
1748,301,77,132,92,43.8538,30.5648
1749,298,73,129,96,43.2886,32.2148
1750,297,65,132,100,44.4444,33.6700
1751,293,60,126,107,43.0034,36.5188
1752,292,62,120,110,41.0959,37.6712
1753,290,59,118,113,40.6897,38.9655
1754,290,62,113,115,38.9655,39.6552
1755,291,64,109,118,37.4570,40.5498
1756,291,62,103,126,35.3952,43.2990
1757,288,61,98,129,34.0278,44.7917
1758,286,64,95,127,33.2168,44.4056
1759,288,62,93,133,32.2917,46.1806
1760,291,63,93,135,31.9588,46.3918
1761,295,65,93,137,31.5254,46.4407
1762,294,66,80,148,27.2109,50.3401
1763,295,65,75,155,25.4237,52.5424
1764,293,65,68,160,23.2082,54.6075
1765,294,61,70,163,23.8095,55.4422
1766,297,61,72,164,24.2424,55.2189
1767,295,62,65,168,22.0339,56.9492
1768,295,63,60,172,20.3390,58.3051
1769,297,66,56,175,18.8552,58.9226
1770,298,65,52,181,17.4497,60.7383
1771,306,70,50,186,16.3399,60.7843
1772,304,67,48,189,15.7895,62.1711
1773,302,67,45,190,14.9007,62.9139
1774,302,68,45,189,14.9007,62.5828
1775,302,69,43,190,14.2384,62.9139
1776,302,69,42,191,13.9073,63.2450
1777,302,72,39,191,12.9139,63.2450
1778,302,73,39,190,12.9139,62.9139
1779,302,71,39,192,12.9139,63.5762
1780,300,72,36,192,12.0000,64.0000
1781,300,71,35,194,11.6667,64.6667
1782,299,70,35,194,11.7057,64.8829
1783,301,72,35,194,11.6279,64.4518
1784,300,73,33,194,11.0000,64.6667
1785,299,77,31,191,10.3679,63.8796
1786,300,78,25,197,8.3333,65.6667
1787,300,81,26,193,8.6667,64.3333
1788,299,81,27,191,9.0301,63.8796
1789,300,82,30,188,10.0000,62.6667
1790,300,84,30,186,10.0000,62.0000
1791,299,87,28,184,9.3645,61.5385
1792,300,88,25,187,8.3333,62.3333
1793,299,91,23,185,7.6923,61.8729
1794,303,94,25,184,8.2508,60.7261
1795,303,98,25,180,8.2508,59.4059
1796,302,105,24,173,7.9470,57.2848
1797,302,107,28,167,9.2715,55.2980
1798,302,114,28,160,9.2715,52.9801
1799,302,119,26,157,8.6093,51.9868
1800,301,123,26,152,8.6379,50.4983
1801,301,124,28,149,9.3023,49.5017
1802,301,126,29,146,9.6346,48.5050
1803,300,133,28,139,9.3333,46.3333
1804,300,133,31,136,10.3333,45.3333
1805,300,136,31,133,10.3333,44.3333
1806,300,136,33,131,11.0000,43.6667
1807,300,135,36,129,12.0000,43.0000
1808,300,141,37,122,12.3333,40.6667
1809,299,140,38,121,12.7090,40.4682
1810,303,144,38,121,12.5413,39.9340
1811,303,150,37,116,12.2112,38.2838
1812,303,153,36,114,11.8812,37.6238
1813,303,151,39,113,12.8713,37.2937
1814,302,162,38,102,12.5828,33.7748
1815,302,168,39,95,12.9139,31.4570
1816,302,171,40,91,13.2450,30.1325
1817,302,171,41,90,13.5762,29.8013
1818,302,173,40,89,13.2450,29.4702
1819,302,173,43,86,14.2384,28.4768
1820,302,173,47,82,15.5629,27.1523
1821,302,172,49,81,16.2252,26.8212
1822,301,174,51,76,16.9435,25.2492
1823,299,173,54,72,18.0602,24.0803
1824,304,179,56,69,18.4211,22.6974
1825,303,175,60,68,19.8020,22.4422
1826,301,172,60,69,19.9336,22.9236
1827,301,165,66,70,21.9269,23.2558
1828,301,165,66,70,21.9269,23.2558
1829,300,160,71,69,23.6667,23.0000
1830,299,156,72,71,24.0803,23.7458
1831,300,157,74,69,24.6667,23.0000
1832,300,154,79,67,26.3333,22.3333
1833,299,153,80,66,26.7559,22.0736
1834,301,152,82,67,27.2425,22.2591
1835,301,148,85,68,28.2392,22.5914
1836,300,144,89,67,29.6667,22.3333
1837,299,138,95,66,31.7726,22.0736
1838,300,140,98,62,32.6667,20.6667
1839,300,133,104,63,34.6667,21.0000
1840,299,129,103,67,34.4482,22.4080
1841,298,122,107,69,35.9060,23.1544
1842,300,121,110,69,36.6667,23.0000
1843,300,117,110,73,36.6667,24.3333
1844,297,113,111,73,37.3737,24.5791
1845,299,109,117,73,39.1304,24.4147
1846,302,109,115,78,38.0795,25.8278
1847,301,106,115,80,38.2060,26.5781
1848,297,102,112,83,37.7104,27.9461
1849,297,95,112,90,37.7104,30.3030
1850,298,96,107,95,35.9060,31.8792
1851,299,97,107,95,35.7860,31.7726
1852,300,94,109,97,36.3333,32.3333
1853,298,90,109,99,36.5772,33.2215
1854,298,83,114,101,38.2550,33.8926
1855,299,76,120,103,40.1338,34.4482
1856,299,72,118,109,39.4649,36.4548
1857,300,66,123,111,41.0000,37.0000
1858,298,63,119,116,39.9329,38.9262
1859,296,61,118,117,39.8649,39.5270
1860,295,58,116,121,39.3220,41.0169
1861,294,60,114,120,38.7755,40.8163
1862,295,60,111,124,37.6271,42.0339
1863,296,58,112,126,37.8378,42.5676
1864,294,59,106,129,36.0544,43.8776
1865,294,60,97,137,32.9932,46.5986
1866,292,60,94,138,32.1918,47.2603
1867,296,63,93,140,31.4189,47.2973
1868,295,64,89,142,30.1695,48.1356
1869,294,66,83,145,28.2313,49.3197
1870,296,70,79,147,26.6892,49.6622
1871,297,70,81,146,27.2727,49.1582
1872,297,69,79,149,26.5993,50.1684
1873,296,66,80,150,27.0270,50.6757
1874,301,73,73,155,24.2525,51.4950
1875,298,73,63,162,21.1409,54.3624
1876,297,75,55,167,18.5185,56.2290
1877,298,74,54,170,18.1208,57.0470
1878,295,73,48,174,16.2712,58.9831
1879,296,77,46,173,15.5405,58.4459
1880,298,83,40,175,13.4228,58.7248
1881,298,86,39,173,13.0872,58.0537
1882,301,92,37,172,12.2924,57.1429
1883,300,89,35,176,11.6667,58.6667
1884,299,87,33,179,11.0368,59.8662
1885,303,89,35,179,11.5512,59.0759
1886,303,89,36,178,11.8812,58.7459
1887,302,90,34,178,11.2583,58.9404
1888,302,88,36,178,11.9205,58.9404
1889,302,88,36,178,11.9205,58.9404
1890,302,88,38,176,12.5828,58.2781
1891,301,88,37,176,12.2924,58.4718
1892,301,88,38,175,12.6246,58.1395
1893,299,88,38,173,12.7090,57.8595
1894,300,90,36,174,12.0000,58.0000
1895,300,91,39,170,13.0000,56.6667
1896,300,93,41,166,13.6667,55.3333
1897,300,90,43,167,14.3333,55.6667
1898,299,94,43,162,14.3813,54.1806
1899,301,96,42,163,13.9535,54.1528
1900,301,100,42,159,13.9535,52.8239
1901,301,103,45,153,14.9502,50.8306
1902,301,107,46,148,15.2824,49.1694
1903,300,107,46,147,15.3333,49.0000
1904,300,106,47,147,15.6667,49.0000
1905,300,108,46,146,15.3333,48.6667
1906,300,108,46,146,15.3333,48.6667
1907,300,109,46,145,15.3333,48.3333
1908,300,112,49,139,16.3333,46.3333
1909,300,111,51,138,17.0000,46.0000
1910,300,113,54,133,18.0000,44.3333
1911,299,111,55,133,18.3946,44.4816
1912,300,114,55,131,18.3333,43.6667
1913,299,114,55,130,18.3946,43.4783
1914,304,122,55,127,18.0921,41.7763
1915,304,124,53,127,17.4342,41.7763
1916,303,128,52,123,17.1617,40.5941
1917,300,133,49,118,16.3333,39.3333
1918,300,136,48,116,16.0000,38.6667
1919,299,136,48,115,16.0535,38.4615
1920,302,136,53,113,17.5497,37.4172
1921,302,140,53,109,17.5497,36.0927
1922,301,138,55,108,18.2724,35.8804
1923,301,136,56,109,18.6047,36.2126
1924,299,138,53,108,17.7258,36.1204
1925,300,138,56,106,18.6667,35.3333
1926,299,143,55,101,18.3946,33.7793
1927,300,150,55,95,18.3333,31.6667
1928,300,155,55,90,18.3333,30.0000
1929,300,154,56,90,18.6667,30.0000
1930,299,155,55,89,18.3946,29.7659
1931,305,158,57,90,18.6885,29.5082
1932,305,161,55,89,18.0328,29.1803
1933,305,158,56,91,18.3607,29.8361
1934,304,150,64,90,21.0526,29.6053
1935,304,150,66,88,21.7105,28.9474
1936,304,147,71,86,23.3553,28.2895
1937,304,144,75,85,24.6711,27.9605
1938,304,144,72,88,23.6842,28.9474
1939,304,140,77,87,25.3289,28.6184
1940,303,138,75,90,24.7525,29.7030
1941,303,135,75,93,24.7525,30.6931
1942,303,126,82,95,27.0627,31.3531
1943,301,123,83,95,27.5748,31.5615
1944,300,118,88,94,29.3333,31.3333
1945,299,115,87,97,29.0970,32.4415
1946,300,114,89,97,29.6667,32.3333
1947,300,110,94,96,31.3333,32.0000
1948,300,106,96,98,32.0000,32.6667
1949,300,102,100,98,33.3333,32.6667
1950,299,98,97,104,32.4415,34.7826
1951,302,97,102,103,33.7748,34.1060
1952,301,92,104,105,34.5515,34.8837
1953,300,91,102,107,34.0000,35.6667
1954,299,88,102,109,34.1137,36.4548
1955,299,85,100,114,33.4448,38.1271
1956,297,81,102,114,34.3434,38.3838
1957,302,88,97,117,32.1192,38.7417
1958,301,91,94,116,31.2292,38.5382
1959,299,89,95,115,31.7726,38.4615
1960,301,89,94,118,31.2292,39.2027
1961,301,88,93,120,30.8970,39.8671
1962,297,88,85,124,28.6195,41.7508
1963,298,89,85,124,28.5235,41.6107
1964,300,93,81,126,27.0000,42.0000
1965,299,90,80,129,26.7559,43.1438
1966,302,88,86,128,28.4768,42.3841
1967,302,88,84,130,27.8146,43.0464
1968,299,87,79,133,26.4214,44.4816
1969,300,89,77,134,25.6667,44.6667
1970,299,87,76,136,25.4181,45.4849
1971,301,88,72,141,23.9203,46.8439
1972,299,87,69,143,23.0769,47.8261
1973,302,90,68,144,22.5166,47.6821
1974,301,92,65,144,21.5947,47.8405
1975,300,88,67,145,22.3333,48.3333
1976,298,88,61,149,20.4698,50.0000
1977,298,89,59,150,19.7987,50.3356
1978,305,92,63,150,20.6557,49.1803
1979,305,93,62,150,20.3279,49.1803
1980,305,92,60,153,19.6721,50.1639
1981,304,94,60,150,19.7368,49.3421
1982,304,92,64,148,21.0526,48.6842
1983,304,89,68,147,22.3684,48.3553
1984,303,89,68,146,22.4422,48.1848
1985,303,91,63,149,20.7921,49.1749
1986,301,90,59,152,19.6013,50.4983
1987,300,91,56,153,18.6667,51.0000
1988,299,89,57,153,19.0635,51.1706
1989,301,89,59,153,19.6013,50.8306
1990,300,91,56,153,18.6667,51.0000
1991,298,89,55,154,18.4564,51.6779
1992,300,91,57,152,19.0000,50.6667
1993,299,90,59,150,19.7324,50.1672
1994,301,92,60,149,19.9336,49.5017
1995,301,93,56,152,18.6047,50.4983
1996,301,92,56,153,18.6047,50.8306
1997,300,94,55,151,18.3333,50.3333
1998,299,94,55,150,18.3946,50.1672
1999,303,98,52,153,17.1617,50.4950
2000,303,99,54,150,17.8218,49.5050
2001,302,100,52,150,17.2185,49.6689
2002,302,102,55,145,18.2119,48.0132
2003,301,103,49,149,16.2791,49.5017
2004,298,101,48,149,16.1074,50.0000
2005,301,103,49,149,16.2791,49.5017
2006,300,103,51,146,17.0000,48.6667
2007,300,106,52,142,17.3333,47.3333
2008,299,107,52,140,17.3913,46.8227
2009,300,112,51,137,17.0000,45.6667
2010,300,113,49,138,16.3333,46.0000
2011,297,111,48,138,16.1616,46.4646
2012,300,113,49,138,16.3333,46.0000
2013,300,116,47,137,15.6667,45.6667
2014,299,117,48,134,16.0535,44.8161
2015,302,120,48,134,15.8940,44.3709
2016,302,122,49,131,16.2252,43.3775
2017,301,120,53,128,17.6080,42.5249
2018,301,120,54,127,17.9402,42.1927
2019,301,124,54,123,17.9402,40.8638
2020,300,124,55,121,18.3333,40.3333
2021,299,129,53,117,17.7258,39.1304
2022,303,135,53,115,17.4917,37.9538
2023,303,141,49,113,16.1716,37.2937
2024,302,138,53,111,17.5497,36.7550
2025,301,136,53,112,17.6080,37.2093
2026,299,138,50,111,16.7224,37.1237
2027,299,136,52,111,17.3913,37.1237
2028,301,138,57,106,18.9369,35.2159
2029,300,135,60,105,20.0000,35.0000
2030,300,132,62,106,20.6667,35.3333
2031,300,128,66,106,22.0000,35.3333
2032,300,129,67,104,22.3333,34.6667
2033,299,125,69,105,23.0769,35.1171
2034,305,128,71,106,23.2787,34.7541
2035,305,129,70,106,22.9508,34.7541
2036,303,131,66,106,21.7822,34.9835
2037,303,133,68,102,22.4422,33.6634
2038,301,132,68,101,22.5914,33.5548
2039,301,130,71,100,23.5880,33.2226
2040,300,123,77,100,25.6667,33.3333
2041,299,120,78,101,26.0870,33.7793
2042,303,127,79,97,26.0726,32.0132
2043,301,122,84,95,27.9070,31.5615
2044,301,119,85,97,28.2392,32.2259
2045,301,115,85,101,28.2392,33.5548
2046,301,112,88,101,29.2359,33.5548
2047,301,115,85,101,28.2392,33.5548
2048,301,116,83,102,27.5748,33.8870
2049,300,111,83,106,27.6667,35.3333
2050,300,104,86,110,28.6667,36.6667
2051,298,104,85,109,28.5235,36.5772
2052,301,104,83,114,27.5748,37.8738
2053,301,97,87,117,28.9037,38.8704
2054,300,94,85,121,28.3333,40.3333
2055,300,95,89,116,29.6667,38.6667
2056,300,91,95,114,31.6667,38.0000
2057,300,92,94,114,31.3333,38.0000
2058,299,89,95,115,31.7726,38.4615
2059,296,87,94,115,31.7568,38.8514
2060,293,85,90,118,30.7167,40.2730
2061,295,83,92,120,31.1864,40.6780
2062,299,86,94,119,31.4381,39.7993
2063,302,88,90,124,29.8013,41.0596
2064,300,86,90,124,30.0000,41.3333
2065,298,82,92,124,30.8725,41.6107
2066,297,81,93,123,31.3131,41.4141
2067,298,79,95,124,31.8792,41.6107
2068,300,81,96,123,32.0000,41.0000
2069,299,76,98,125,32.7759,41.8060
2070,303,78,96,129,31.6832,42.5743
2071,302,77,93,132,30.7947,43.7086
2072,301,71,95,135,31.5615,44.8505
2073,301,67,94,140,31.2292,46.5116
2074,300,63,92,145,30.6667,48.3333
2075,299,63,92,144,30.7692,48.1605
2076,298,63,90,145,30.2013,48.6577
2077,299,64,89,146,29.7659,48.8294
2078,301,65,89,147,29.5681,48.8372
2079,300,64,87,149,29.0000,49.6667
2080,299,65,85,149,28.4281,49.8328
2081,300,64,80,156,26.6667,52.0000
2082,300,63,80,157,26.6667,52.3333
2083,298,62,80,156,26.8456,52.3490
2084,298,62,78,158,26.1745,53.0201
2085,297,63,75,159,25.2525,53.5354
2086,296,64,71,161,23.9865,54.3919
2087,300,66,70,164,23.3333,54.6667
2088,299,68,68,163,22.7425,54.5151
2089,299,70,63,166,21.0702,55.5184
2090,299,72,59,168,19.7324,56.1873
2091,301,77,57,167,18.9369,55.4817
2092,299,77,54,168,18.0602,56.1873
2093,302,81,50,171,16.5563,56.6225
2094,298,79,44,175,14.7651,58.7248
2095,299,80,40,179,13.3779,59.8662
2096,302,87,39,176,12.9139,58.2781
2097,302,91,36,175,11.9205,57.9470
2098,302,92,35,175,11.5894,57.9470
2099,299,95,31,173,10.3679,57.8595
2100,303,99,34,170,11.2211,56.1056
2101,303,101,36,166,11.8812,54.7855
2102,301,101,37,163,12.2924,54.1528
2103,299,102,36,161,12.0401,53.8462
2104,301,108,34,159,11.2957,52.8239
2105,301,107,39,155,12.9568,51.4950
2106,301,113,37,151,12.2924,50.1661
2107,301,113,35,153,11.6279,50.8306
2108,301,113,31,157,10.2990,52.1595
2109,301,115,32,154,10.6312,51.1628
2110,301,116,30,155,9.9668,51.4950
2111,301,118,29,154,9.6346,51.1628
2112,301,118,32,151,10.6312,50.1661
2113,301,119,34,148,11.2957,49.1694
2114,300,119,34,147,11.3333,49.0000
2115,299,124,34,141,11.3712,47.1572
2116,300,125,37,138,12.3333,46.0000
2117,299,126,38,135,12.7090,45.1505
2118,301,127,40,134,13.2890,44.5183
2119,301,127,43,131,14.2857,43.5216
2120,299,126,41,132,13.7124,44.1472
2121,302,129,41,132,13.5762,43.7086
2122,301,131,40,130,13.2890,43.1894
2123,301,133,40,128,13.2890,42.5249
2124,301,135,40,126,13.2890,41.8605
2125,300,140,40,120,13.3333,40.0000
2126,298,145,36,117,12.0805,39.2617
2127,301,147,40,114,13.2890,37.8738
2128,301,146,42,113,13.9535,37.5415
2129,301,146,46,109,15.2824,36.2126
2130,300,147,47,106,15.6667,35.3333
2131,300,146,52,102,17.3333,34.0000
2132,300,147,52,101,17.3333,33.6667
2133,299,152,50,97,16.7224,32.4415
2134,302,153,53,96,17.5497,31.7881
2135,301,150,55,96,18.2724,31.8937
2136,300,150,58,92,19.3333,30.6667
2137,299,148,60,91,20.0669,30.4348
2138,302,155,60,87,19.8675,28.8079
2139,301,160,55,86,18.2724,28.5714
2140,300,161,55,84,18.3333,28.0000
2141,299,161,56,82,18.7291,27.4247
2142,300,163,57,80,19.0000,26.6667
2143,300,158,62,80,20.6667,26.6667
2144,299,156,65,78,21.7391,26.0870
2145,302,160,66,76,21.8543,25.1656
2146,302,158,72,72,23.8411,23.8411
2147,302,158,74,70,24.5033,23.1788
2148,301,152,76,73,25.2492,24.2525
2149,300,152,75,73,25.0000,24.3333
2150,299,149,78,72,26.0870,24.0803
2151,298,146,81,71,27.1812,23.8255
2152,300,144,83,73,27.6667,24.3333
2153,300,137,90,73,30.0000,24.3333
2154,298,134,90,74,30.2013,24.8322
2155,300,130,92,78,30.6667,26.0000
2156,299,127,95,77,31.7726,25.7525
2157,299,130,91,78,30.4348,26.0870
2158,300,124,97,79,32.3333,26.3333
2159,300,121,102,77,34.0000,25.6667
2160,300,124,103,73,34.3333,24.3333
2161,299,122,102,75,34.1137,25.0836
2162,300,122,101,77,33.6667,25.6667
2163,299,119,98,82,32.7759,27.4247
2164,299,119,97,83,32.4415,27.7592
2165,301,114,100,87,33.2226,28.9037
2166,300,107,104,89,34.6667,29.6667
2167,295,103,102,90,34.5763,30.5085
2168,296,97,106,93,35.8108,31.4189
2169,298,96,104,98,34.8993,32.8859
2170,300,96,102,102,34.0000,34.0000
2171,298,93,100,105,33.5570,35.2349
2172,298,90,102,106,34.2282,35.5705
2173,299,93,97,109,32.4415,36.4548
2174,296,93,93,110,31.4189,37.1622
2175,298,93,91,114,30.5369,38.2550
2176,299,91,93,115,31.1037,38.4615
2177,302,92,90,120,29.8013,39.7351
2178,300,92,88,120,29.3333,40.0000
2179,297,86,85,126,28.6195,42.4242
2180,297,84,86,127,28.9562,42.7609
2181,299,85,86,128,28.7625,42.8094
2182,302,84,86,132,28.4768,43.7086
2183,300,83,83,134,27.6667,44.6667
2184,298,80,83,135,27.8523,45.3020
2185,298,84,78,136,26.1745,45.6376
2186,303,89,76,138,25.0825,45.5446
2187,300,87,70,143,23.3333,47.6667
2188,297,84,66,147,22.2222,49.4949
2189,295,84,62,149,21.0169,50.5085
2190,294,83,63,148,21.4286,50.3401
2191,295,85,63,147,21.3559,49.8305
2192,295,79,64,152,21.6949,51.5254
2193,295,78,64,153,21.6949,51.8644
2194,294,81,60,153,20.4082,52.0408
2195,296,83,60,153,20.2703,51.6892
2196,299,83,56,160,18.7291,53.5117
2197,299,85,55,159,18.3946,53.1773
2198,301,79,62,160,20.5980,53.1561
2199,300,78,59,163,19.6667,54.3333
2200,299,81,55,163,18.3946,54.5151
2201,300,84,55,161,18.3333,53.6667
2202,300,82,55,163,18.3333,54.3333
2203,300,82,55,163,18.3333,54.3333
2204,299,82,55,162,18.3946,54.1806
2205,297,80,56,161,18.8552,54.2088
2206,298,83,57,158,19.1275,53.0201
2207,300,87,58,155,19.3333,51.6667
2208,298,86,57,155,19.1275,52.0134
2209,301,89,58,154,19.2691,51.1628
2210,300,91,57,152,19.0000,50.6667
2211,300,87,57,156,19.0000,52.0000
2212,299,83,56,160,18.7291,53.5117
2213,300,86,53,161,17.6667,53.6667
2214,299,86,56,157,18.7291,52.5084
2215,302,93,58,151,19.2053,50.0000
2216,301,91,59,151,19.6013,50.1661
2217,300,92,60,148,20.0000,49.3333
2218,299,94,59,146,19.7324,48.8294
2219,302,93,60,149,19.8675,49.3377
2220,302,93,61,148,20.1987,49.0066
2221,302,97,61,144,20.1987,47.6821
2222,301,99,61,141,20.2658,46.8439
2223,301,98,63,140,20.9302,46.5116
2224,300,100,61,139,20.3333,46.3333
2225,299,104,60,135,20.0669,45.1505
2226,303,112,58,133,19.1419,43.8944
2227,303,115,58,130,19.1419,42.9043
2228,303,115,59,129,19.4719,42.5743
2229,303,114,63,126,20.7921,41.5842
2230,303,113,66,124,21.7822,40.9241
2231,301,118,63,120,20.9302,39.8671
2232,301,118,62,121,20.5980,40.1993
2233,301,115,61,125,20.2658,41.5282
2234,301,116,61,124,20.2658,41.1960
2235,300,113,61,126,20.3333,42.0000
2236,300,111,62,127,20.6667,42.3333
2237,300,110,64,126,21.3333,42.0000
2238,299,111,66,122,22.0736,40.8027
2239,302,117,62,123,20.5298,40.7285
2240,302,119,61,122,20.1987,40.3974
2241,302,119,63,120,20.8609,39.7351
2242,302,114,65,123,21.5232,40.7285
2243,301,116,64,121,21.2625,40.1993
2244,300,119,64,117,21.3333,39.0000
2245,300,118,66,116,22.0000,38.6667
2246,299,119,66,114,22.0736,38.1271
2247,302,121,67,114,22.1854,37.7483
2248,302,123,68,111,22.5166,36.7550
2249,302,114,72,116,23.8411,38.4106
2250,302,112,71,119,23.5099,39.4040
2251,302,116,71,115,23.5099,38.0795
2252,302,114,75,113,24.8344,37.4172
2253,302,112,75,115,24.8344,38.0795
2254,300,110,76,114,25.3333,38.0000
2255,300,108,74,118,24.6667,39.3333
2256,299,109,72,118,24.0803,39.4649
2257,300,109,70,121,23.3333,40.3333
2258,298,104,70,124,23.4899,41.6107
2259,301,108,69,124,22.9236,41.1960
2260,301,109,67,125,22.2591,41.5282
2261,300,105,67,128,22.3333,42.6667
2262,299,105,64,130,21.4047,43.4783
2263,302,109,67,126,22.1854,41.7219
2264,302,107,71,124,23.5099,41.0596
2265,302,106,72,124,23.8411,41.0596
2266,301,103,71,127,23.5880,42.1927
2267,301,100,73,128,24.2525,42.5249
2268,301,96,73,132,24.2525,43.8538
2269,301,95,70,136,23.2558,45.1827
2270,300,90,70,140,23.3333,46.6667
2271,299,90,71,138,23.7458,46.1538
2272,299,87,75,137,25.0836,45.8194
2273,301,87,74,140,24.5847,46.5116
2274,300,83,74,143,24.6667,47.6667
2275,299,81,74,144,24.7492,48.1605
2276,300,84,74,142,24.6667,47.3333
2277,300,85,73,142,24.3333,47.3333
2278,298,83,72,143,24.1611,47.9866
2279,301,88,71,142,23.5880,47.1761
2280,301,85,76,140,25.2492,46.5116
2281,301,84,75,142,24.9169,47.1761
2282,299,83,74,142,24.7492,47.4916
2283,300,85,73,142,24.3333,47.3333
2284,299,87,68,144,22.7425,48.1605
2285,300,91,69,140,23.0000,46.6667
2286,298,93,65,140,21.8121,46.9799
2287,301,96,64,141,21.2625,46.8439
2288,300,95,64,141,21.3333,47.0000
2289,300,97,62,141,20.6667,47.0000
2290,300,92,63,145,21.0000,48.3333
2291,298,97,60,141,20.1342,47.3154
2292,301,102,60,139,19.9336,46.1794
2293,299,103,54,142,18.0602,47.4916
2294,302,109,50,143,16.5563,47.3510
2295,301,109,45,147,14.9502,48.8372
2296,300,106,47,147,15.6667,49.0000
2297,300,107,48,145,16.0000,48.3333
2298,300,104,48,148,16.0000,49.3333
2299,300,102,50,148,16.6667,49.3333
2300,300,102,51,147,17.0000,49.0000
2301,298,108,46,144,15.4362,48.3221
2302,301,113,47,141,15.6146,46.8439
2303,301,112,47,142,15.6146,47.1761
2304,301,111,48,142,15.9468,47.1761
2305,301,113,48,140,15.9468,46.5116
2306,301,112,49,140,16.2791,46.5116
2307,301,113,52,136,17.2757,45.1827
2308,301,112,51,138,16.9435,45.8472
2309,301,114,50,137,16.6113,45.5150
2310,300,117,45,138,15.0000,46.0000
2311,297,115,45,137,15.1515,46.1279
2312,298,117,46,135,15.4362,45.3020
2313,300,120,47,133,15.6667,44.3333
2314,300,121,48,131,16.0000,43.6667
2315,300,117,53,130,17.6667,43.3333
2316,299,117,52,130,17.3913,43.4783
2317,298,119,52,127,17.4497,42.6174
2318,300,119,52,129,17.3333,43.0000
2319,300,118,53,129,17.6667,43.0000
2320,299,121,52,126,17.3913,42.1405
2321,301,126,53,122,17.6080,40.5316
2322,301,128,56,117,18.6047,38.8704
2323,300,124,58,118,19.3333,39.3333
2324,300,122,60,118,20.0000,39.3333
2325,299,122,61,116,20.4013,38.7960
2326,302,125,62,115,20.5298,38.0795
2327,301,123,64,114,21.2625,37.8738
2328,301,120,65,116,21.5947,38.5382
2329,300,122,62,116,20.6667,38.6667
2330,300,119,67,114,22.3333,38.0000
2331,300,112,73,115,24.3333,38.3333
2332,300,109,74,117,24.6667,39.0000
2333,299,111,74,114,24.7492,38.1271
2334,298,109,74,115,24.8322,38.5906
2335,300,108,78,114,26.0000,38.0000
2336,299,111,75,113,25.0836,37.7926
2337,300,111,74,115,24.6667,38.3333
2338,300,111,77,112,25.6667,37.3333
2339,299,115,72,112,24.0803,37.4582
2340,302,115,75,112,24.8344,37.0861
2341,302,115,76,111,25.1656,36.7550
2342,301,117,74,110,24.5847,36.5449
2343,301,116,74,111,24.5847,36.8771
2344,298,113,73,112,24.4966,37.5839
2345,301,121,71,109,23.5880,36.2126
2346,301,125,68,108,22.5914,35.8804
2347,301,126,67,108,22.2591,35.8804
2348,301,118,73,110,24.2525,36.5449
2349,301,115,74,112,24.5847,37.2093
2350,301,113,78,110,25.9136,36.5449
2351,298,110,75,113,25.1678,37.9195
2352,298,111,70,117,23.4899,39.2617
2353,300,114,70,116,23.3333,38.6667
2354,299,112,70,117,23.4114,39.1304
2355,301,110,74,117,24.5847,38.8704
2356,299,110,69,120,23.0769,40.1338
2357,301,113,67,121,22.2591,40.1993
2358,301,110,69,122,22.9236,40.5316
2359,301,109,71,121,23.5880,40.1993
2360,301,111,68,122,22.5914,40.5316
2361,300,111,67,122,22.3333,40.6667
2362,300,114,65,121,21.6667,40.3333
2363,299,113,62,124,20.7358,41.4716
2364,303,115,62,126,20.4620,41.5842
2365,302,115,62,125,20.5298,41.3907
2366,301,111,65,125,21.5947,41.5282
2367,301,111,62,128,20.5980,42.5249
2368,300,111,60,129,20.0000,43.0000
2369,300,108,55,137,18.3333,45.6667
2370,300,110,54,136,18.0000,45.3333
2371,298,111,49,138,16.4430,46.3087
2372,298,114,47,137,15.7718,45.9732
2373,298,115,47,136,15.7718,45.6376
2374,300,116,47,137,15.6667,45.6667
2375,299,117,43,139,14.3813,46.4883
2376,298,115,42,141,14.0940,47.3154
2377,300,119,41,140,13.6667,46.6667
2378,298,121,38,139,12.7517,46.6443
2379,300,124,36,140,12.0000,46.6667
2380,300,125,37,138,12.3333,46.0000
2381,300,124,38,138,12.6667,46.0000
2382,299,124,36,139,12.0401,46.4883
2383,301,124,40,137,13.2890,45.5150
2384,301,123,41,137,13.6213,45.5150
2385,301,123,41,137,13.6213,45.5150
2386,299,123,37,139,12.3746,46.4883
2387,303,126,38,139,12.5413,45.8746
2388,303,128,40,135,13.2013,44.5545
2389,303,129,38,136,12.5413,44.8845
2390,303,125,41,137,13.5314,45.2145
2391,301,129,39,133,12.9568,44.1860
2392,301,130,40,131,13.2890,43.5216
2393,300,132,39,129,13.0000,43.0000
2394,300,134,39,127,13.0000,42.3333
2395,300,137,39,124,13.0000,41.3333
2396,299,136,40,123,13.3779,41.1371
2397,303,138,41,124,13.5314,40.9241
2398,303,139,43,121,14.1914,39.9340
2399,301,143,41,117,13.6213,38.8704
2400,301,142,45,114,14.9502,37.8738
2401,299,143,42,114,14.0468,38.1271
2402,301,144,44,113,14.6179,37.5415
2403,301,147,44,110,14.6179,36.5449
2404,298,153,39,106,13.0872,35.5705
2405,299,154,39,106,13.0435,35.4515
2406,301,156,41,104,13.6213,34.5515
2407,300,153,44,103,14.6667,34.3333
2408,300,156,42,102,14.0000,34.0000
2409,300,156,43,101,14.3333,33.6667
2410,299,155,43,101,14.3813,33.7793
2411,300,151,47,102,15.6667,34.0000
2412,299,155,46,98,15.3846,32.7759
2413,299,154,49,96,16.3880,32.1070
2414,301,157,50,94,16.6113,31.2292
2415,300,156,53,91,17.6667,30.3333
2416,300,154,58,88,19.3333,29.3333
2417,300,149,60,91,20.0000,30.3333
2418,299,148,59,92,19.7324,30.7692
2419,300,153,56,91,18.6667,30.3333
2420,299,154,57,88,19.0635,29.4314
2421,298,160,56,82,18.7919,27.5168
2422,300,160,59,81,19.6667,27.0000
2423,298,157,63,78,21.1409,26.1745
2424,299,152,69,78,23.0769,26.0870
2425,300,151,71,78,23.6667,26.0000
2426,300,149,72,79,24.0000,26.3333
2427,299,149,71,79,23.7458,26.4214
2428,302,151,75,76,24.8344,25.1656
2429,301,150,75,76,24.9169,25.2492
2430,300,143,81,76,27.0000,25.3333
2431,298,142,79,77,26.5101,25.8389
2432,299,141,79,79,26.4214,26.4214
2433,302,136,87,79,28.8079,26.1589
2434,302,129,94,79,31.1258,26.1589
2435,302,122,97,83,32.1192,27.4834
2436,299,115,102,82,34.1137,27.4247
2437,299,113,97,89,32.4415,29.7659
2438,301,115,99,87,32.8904,28.9037
2439,300,110,104,86,34.6667,28.6667
2440,300,106,108,86,36.0000,28.6667
2441,299,109,105,85,35.1171,28.4281
2442,300,104,110,86,36.6667,28.6667
2443,300,99,109,92,36.3333,30.6667
2444,300,88,115,97,38.3333,32.3333
2445,296,85,112,99,37.8378,33.4459
2446,296,84,113,99,38.1757,33.4459
2447,295,82,114,99,38.6441,33.5593
2448,293,82,111,100,37.8840,34.1297
2449,294,85,110,99,37.4150,33.6735
2450,294,83,108,103,36.7347,35.0340
2451,294,77,109,108,37.0748,36.7347
2452,296,77,108,111,36.4865,37.5000
2453,299,80,102,117,34.1137,39.1304
2454,300,78,101,121,33.6667,40.3333
2455,298,77,94,127,31.5436,42.6174
2456,297,78,86,133,28.9562,44.7811
2457,300,79,86,135,28.6667,45.0000
2458,298,76,85,137,28.5235,45.9732
2459,299,75,84,140,28.0936,46.8227
2460,299,77,79,143,26.4214,47.8261
2461,303,81,81,141,26.7327,46.5347
2462,302,81,78,143,25.8278,47.3510
2463,301,79,77,145,25.5814,48.1728
2464,297,76,72,149,24.2424,50.1684
2465,297,77,64,156,21.5488,52.5253
2466,297,77,64,156,21.5488,52.5253
2467,298,75,65,158,21.8121,53.0201
2468,300,75,63,162,21.0000,54.0000
2469,297,77,61,159,20.5387,53.5354
2470,302,80,65,157,21.5232,51.9868
2471,300,80,60,160,20.0000,53.3333
2472,300,77,58,165,19.3333,55.0000
2473,300,75,60,165,20.0000,55.0000
2474,298,76,58,164,19.4631,55.0336
2475,301,77,57,167,18.9369,55.4817
2476,301,76,56,169,18.6047,56.1462
2477,300,74,57,169,19.0000,56.3333
2478,300,73,55,172,18.3333,57.3333
2479,299,76,54,169,18.0602,56.5217
2480,302,75,56,171,18.5430,56.6225
2481,301,73,56,172,18.6047,57.1429
2482,300,74,54,172,18.0000,57.3333
2483,300,77,51,172,17.0000,57.3333
2484,300,79,50,171,16.6667,57.0000
2485,297,80,48,169,16.1616,56.9024
2486,303,84,51,168,16.8317,55.4455
2487,302,88,47,167,15.5629,55.2980
2488,302,88,47,167,15.5629,55.2980
2489,300,94,45,161,15.0000,53.6667
2490,299,91,46,162,15.3846,54.1806
2491,299,89,48,162,16.0535,54.1806
2492,301,91,45,165,14.9502,54.8173
2493,301,93,44,164,14.6179,54.4850
2494,300,91,45,164,15.0000,54.6667
2495,300,98,43,159,14.3333,53.0000
2496,299,103,41,155,13.7124,51.8395
2497,302,103,45,154,14.9007,50.9934
2498,301,103,43,155,14.2857,51.4950
2499,301,100,45,156,14.9502,51.8272
2500,300,101,43,156,14.3333,52.0000
2501,299,100,42,157,14.0468,52.5084
2502,301,105,40,156,13.2890,51.8272
2503,301,110,40,151,13.2890,50.1661
2504,301,111,42,148,13.9535,49.1694
2505,301,117,43,141,14.2857,46.8439
2506,300,121,42,137,14.0000,45.6667
2507,300,125,42,133,14.0000,44.3333
2508,300,130,45,125,15.0000,41.6667
2509,300,133,45,122,15.0000,40.6667
2510,299,134,43,122,14.3813,40.8027
2511,299,137,41,121,13.7124,40.4682
2512,301,144,41,116,13.6213,38.5382
2513,301,143,42,116,13.9535,38.5382
2514,301,143,44,114,14.6179,37.8738
2515,300,143,45,112,15.0000,37.3333
2516,300,147,46,107,15.3333,35.6667
2517,296,151,44,101,14.8649,34.1216
2518,300,154,43,103,14.3333,34.3333
2519,298,154,41,103,13.7584,34.5638
2520,302,159,43,100,14.2384,33.1126
2521,302,158,44,100,14.5695,33.1126
2522,299,154,45,100,15.0502,33.4448
2523,301,160,45,96,14.9502,31.8937
2524,301,164,44,93,14.6179,30.8970
2525,301,162,47,92,15.6146,30.5648
2526,301,159,50,92,16.6113,30.5648
2527,300,157,54,89,18.0000,29.6667
2528,298,158,50,90,16.7785,30.2013
2529,298,157,52,89,17.4497,29.8658
2530,300,164,51,85,17.0000,28.3333
2531,300,164,53,83,17.6667,27.6667
2532,300,164,53,83,17.6667,27.6667
2533,300,164,53,83,17.6667,27.6667
2534,300,160,57,83,19.0000,27.6667
2535,299,157,60,82,20.0669,27.4247
2536,301,158,60,83,19.9336,27.5748
2537,299,158,56,85,18.7291,28.4281
2538,299,154,59,86,19.7324,28.7625
2539,303,160,61,82,20.1320,27.0627
2540,302,158,59,85,19.5364,28.1457
2541,302,156,62,84,20.5298,27.8146
2542,302,157,63,82,20.8609,27.1523
2543,301,151,65,85,21.5947,28.2392
2544,301,151,67,83,22.2591,27.5748
2545,300,150,65,85,21.6667,28.3333
2546,300,145,71,84,23.6667,28.0000
2547,297,141,71,85,23.9057,28.6195
2548,298,142,71,85,23.8255,28.5235
2549,302,138,79,85,26.1589,28.1457
2550,302,135,83,84,27.4834,27.8146
2551,302,132,87,83,28.8079,27.4834
2552,302,127,92,83,30.4636,27.4834
2553,302,123,96,83,31.7881,27.4834
2554,302,118,102,82,33.7748,27.1523
2555,299,114,98,87,32.7759,29.0970
2556,300,107,104,89,34.6667,29.6667
2557,299,105,104,90,34.7826,30.1003
2558,301,104,107,90,35.5482,29.9003
2559,299,100,110,89,36.7893,29.7659
2560,300,100,112,88,37.3333,29.3333
2561,300,101,109,90,36.3333,30.0000
2562,299,96,111,92,37.1237,30.7692
2563,301,96,114,91,37.8738,30.2326
2564,300,91,115,94,38.3333,31.3333
2565,299,89,116,94,38.7960,31.4381
2566,299,89,116,94,38.7960,31.4381
2567,299,85,113,101,37.7926,33.7793
2568,299,82,113,104,37.7926,34.7826
2569,300,80,111,109,37.0000,36.3333
2570,297,76,111,110,37.3737,37.0370
2571,296,77,107,112,36.1486,37.8378
2572,295,73,109,113,36.9492,38.3051
2573,297,75,101,121,34.0067,40.7407
2574,296,70,100,126,33.7838,42.5676
2575,296,66,99,131,33.4459,44.2568
2576,297,68,93,136,31.3131,45.7912
2577,298,70,89,139,29.8658,46.6443
2578,297,71,87,139,29.2929,46.8013
2579,300,75,82,143,27.3333,47.6667
2580,298,76,80,142,26.8456,47.6510
2581,300,76,81,143,27.0000,47.6667
2582,300,72,84,144,28.0000,48.0000
2583,298,70,78,150,26.1745,50.3356
2584,302,73,74,155,24.5033,51.3245
2585,301,72,74,155,24.5847,51.4950
2586,300,72,72,156,24.0000,52.0000
2587,299,72,70,157,23.4114,52.5084
2588,302,73,68,161,22.5166,53.3113
2589,301,74,62,165,20.5980,54.8173
2590,300,75,59,166,19.6667,55.3333
2591,300,72,58,170,19.3333,56.6667
2592,299,73,58,168,19.3980,56.1873
2593,299,73,56,170,18.7291,56.8562
2594,300,73,57,170,19.0000,56.6667
2595,297,75,51,171,17.1717,57.5758
2596,298,77,47,174,15.7718,58.3893
2597,302,82,49,171,16.2252,56.6225
2598,300,80,50,170,16.6667,56.6667
2599,300,82,50,168,16.6667,56.0000
2600,300,80,51,169,17.0000,56.3333
2601,298,79,50,169,16.7785,56.7114
2602,299,80,50,169,16.7224,56.5217
2603,304,83,49,172,16.1184,56.5789
2604,304,85,47,172,15.4605,56.5789
2605,303,85,48,170,15.8416,56.1056
2606,303,87,43,173,14.1914,57.0957
2607,303,91,44,168,14.5215,55.4455
2608,302,92,41,169,13.5762,55.9603
2609,301,90,42,169,13.9535,56.1462
2610,301,89,44,168,14.6179,55.8140
2611,301,89,43,169,14.2857,56.1462
2612,300,88,41,171,13.6667,57.0000
2613,300,90,40,170,13.3333,56.6667
2614,300,93,37,170,12.3333,56.6667
2615,300,91,39,170,13.0000,56.6667
2616,300,91,43,166,14.3333,55.3333
2617,300,91,41,168,13.6667,56.0000
2618,300,93,40,167,13.3333,55.6667
2619,300,99,40,161,13.3333,53.6667
2620,300,101,39,160,13.0000,53.3333
2621,300,104,39,157,13.0000,52.3333
2622,299,107,38,154,12.7090,51.5050
2623,300,112,35,153,11.6667,51.0000
2624,299,112,35,152,11.7057,50.8361
2625,297,119,34,144,11.4478,48.4848
2626,299,125,35,139,11.7057,46.4883
2627,305,137,33,135,10.8197,44.2623
2628,305,138,39,128,12.7869,41.9672
2629,305,138,41,126,13.4426,41.3115
2630,303,140,37,126,12.2112,41.5842
2631,302,137,43,122,14.2384,40.3974
2632,302,139,42,121,13.9073,40.0662
2633,301,135,45,121,14.9502,40.1993
2634,301,135,47,119,15.6146,39.5349
2635,300,140,44,116,14.6667,38.6667
2636,300,146,43,111,14.3333,37.0000
2637,299,142,46,111,15.3846,37.1237
2638,301,141,51,109,16.9435,36.2126
2639,300,138,56,106,18.6667,35.3333
2640,300,142,58,100,19.3333,33.3333
2641,300,140,65,95,21.6667,31.6667
2642,299,139,65,95,21.7391,31.7726
2643,301,140,70,91,23.2558,30.2326
2644,301,140,71,90,23.5880,29.9003
2645,300,137,76,87,25.3333,29.0000
2646,300,133,79,88,26.3333,29.3333
2647,299,134,81,84,27.0903,28.0936
2648,299,131,85,83,28.4281,27.7592
2649,303,127,90,86,29.7030,28.3828
2650,303,120,95,88,31.3531,29.0429
2651,303,116,96,91,31.6832,30.0330
2652,303,113,98,92,32.3432,30.3630
2653,301,111,97,93,32.2259,30.8970
2654,300,110,97,93,32.3333,31.0000
2655,299,111,98,90,32.7759,30.1003
2656,302,113,101,88,33.4437,29.1391
2657,300,112,99,89,33.0000,29.6667
2658,297,114,95,88,31.9865,29.6296
2659,296,112,92,92,31.0811,31.0811
2660,297,110,94,93,31.6498,31.3131
2661,300,113,91,96,30.3333,32.0000
2662,300,110,88,102,29.3333,34.0000
2663,299,109,87,103,29.0970,34.4482
2664,298,107,89,102,29.8658,34.2282
2665,303,107,92,104,30.3630,34.3234
2666,300,109,88,103,29.3333,34.3333
2667,299,104,92,103,30.7692,34.4482
2668,300,104,89,107,29.6667,35.6667
2669,297,102,83,112,27.9461,37.7104
2670,300,104,79,117,26.3333,39.0000
2671,298,105,74,119,24.8322,39.9329
2672,299,105,75,119,25.0836,39.7993
2673,297,103,76,118,25.5892,39.7306
2674,298,105,72,121,24.1611,40.6040
2675,300,106,76,118,25.3333,39.3333
2676,300,107,72,121,24.0000,40.3333
2677,300,105,71,124,23.6667,41.3333
2678,299,100,75,124,25.0836,41.4716
2679,301,95,81,125,26.9103,41.5282
2680,298,90,78,130,26.1745,43.6242
2681,299,93,77,129,25.7525,43.1438
2682,301,96,75,130,24.9169,43.1894
2683,301,94,75,132,24.9169,43.8538
2684,300,91,76,133,25.3333,44.3333
2685,299,89,72,138,24.0803,46.1538
2686,304,93,68,143,22.3684,47.0395
2687,304,92,70,142,23.0263,46.7105
2688,302,89,69,144,22.8477,47.6821
2689,301,86,72,143,23.9203,47.5083
2690,301,83,73,145,24.2525,48.1728
2691,301,82,73,146,24.2525,48.5050
2692,300,79,71,150,23.6667,50.0000
2693,300,80,65,155,21.6667,51.6667
2694,300,82,64,154,21.3333,51.3333
2695,300,80,65,155,21.6667,51.6667
2696,299,81,61,157,20.4013,52.5084
2697,299,80,60,159,20.0669,53.1773
2698,300,80,61,159,20.3333,53.0000
2699,297,79,53,165,17.8451,55.5556
2700,297,81,49,167,16.4983,56.2290
2701,298,86,48,164,16.1074,55.0336
2702,299,88,48,163,16.0535,54.5151
2703,302,93,50,159,16.5563,52.6490
2704,301,91,51,159,16.9435,52.8239
2705,300,92,49,159,16.3333,53.0000
2706,299,90,49,160,16.3880,53.5117
2707,303,95,47,161,15.5116,53.1353
2708,302,93,44,165,14.5695,54.6358
2709,301,94,40,167,13.2890,55.4817
2710,300,97,37,166,12.3333,55.3333
2711,298,100,36,162,12.0805,54.3624
2712,297,102,36,159,12.1212,53.5354
2713,300,110,35,155,11.6667,51.6667
2714,300,113,37,150,12.3333,50.0000
2715,299,115,37,147,12.3746,49.1639
2716,302,118,38,146,12.5828,48.3444
2717,302,120,38,144,12.5828,47.6821
2718,302,120,40,142,13.2450,47.0199
2719,302,119,41,142,13.5762,47.0199
2720,301,118,44,139,14.6179,46.1794
2721,300,125,43,132,14.3333,44.0000
2722,299,129,45,125,15.0502,41.8060
2723,302,131,48,123,15.8940,40.7285
2724,300,130,49,121,16.3333,40.3333
2725,300,128,48,124,16.0000,41.3333
2726,298,130,47,121,15.7718,40.6040
2727,298,129,47,122,15.7718,40.9396
2728,299,133,47,119,15.7191,39.7993
2729,303,138,48,117,15.8416,38.6139
2730,302,138,47,117,15.5629,38.7417
2731,302,137,49,116,16.2252,38.4106
2732,301,138,51,112,16.9435,37.2093
2733,300,135,53,112,17.6667,37.3333
2734,299,133,55,111,18.3946,37.1237
2735,300,132,59,109,19.6667,36.3333
2736,300,134,58,108,19.3333,36.0000
2737,300,138,59,103,19.6667,34.3333
2738,299,143,56,100,18.7291,33.4448
2739,299,143,56,100,18.7291,33.4448
2740,304,148,56,100,18.4211,32.8947
2741,303,143,60,100,19.8020,33.0033
2742,303,141,65,97,21.4521,32.0132
2743,302,139,62,101,20.5298,33.4437
2744,301,139,64,98,21.2625,32.5581
2745,299,140,66,93,22.0736,31.1037
2746,301,143,64,94,21.2625,31.2292
2747,301,138,68,95,22.5914,31.5615
2748,301,133,76,92,25.2492,30.5648
2749,301,133,75,93,24.9169,30.8970
2750,301,133,76,92,25.2492,30.5648
2751,301,137,76,88,25.2492,29.2359
2752,301,130,83,88,27.5748,29.2359
2753,300,125,86,89,28.6667,29.6667
2754,299,122,85,92,28.4281,30.7692
2755,299,120,82,97,27.4247,32.4415
2756,300,118,86,96,28.6667,32.0000
2757,299,113,92,94,30.7692,31.4381
2758,303,114,97,92,32.0132,30.3630
2759,303,113,98,92,32.3432,30.3630
2760,303,107,105,91,34.6535,30.0330
2761,301,107,105,89,34.8837,29.5681
2762,300,106,103,91,34.3333,30.3333
2763,298,103,101,94,33.8926,31.5436
2764,297,95,106,96,35.6902,32.3232
2765,297,94,105,98,35.3535,32.9966
2766,299,92,107,100,35.7860,33.4448
2767,300,90,107,103,35.6667,34.3333
2768,298,87,104,107,34.8993,35.9060
2769,297,88,101,108,34.0067,36.3636
2770,302,85,108,109,35.7616,36.0927
2771,302,83,109,110,36.0927,36.4238
2772,300,81,105,114,35.0000,38.0000
2773,300,80,101,119,33.6667,39.6667
2774,297,77,96,124,32.3232,41.7508
2775,296,77,94,125,31.7568,42.2297
2776,297,77,92,128,30.9764,43.0976
2777,299,82,89,128,29.7659,42.8094
2778,300,85,84,131,28.0000,43.6667
2779,298,85,81,132,27.1812,44.2953
2780,297,82,80,135,26.9360,45.4545
2781,297,84,74,139,24.9158,46.8013
2782,300,84,74,142,24.6667,47.3333
2783,300,83,75,142,25.0000,47.3333
2784,298,78,72,148,24.1611,49.6644
2785,299,81,68,150,22.7425,50.1672
2786,300,86,63,151,21.0000,50.3333
2787,299,85,61,153,20.4013,51.1706
2788,301,90,58,153,19.2691,50.8306
2789,301,86,59,156,19.6013,51.8272
2790,301,85,56,160,18.6047,53.1561
2791,300,84,52,164,17.3333,54.6667
2792,300,87,51,162,17.0000,54.0000
2793,300,88,49,163,16.3333,54.3333
2794,300,86,50,164,16.6667,54.6667
2795,298,90,48,160,16.1074,53.6913
2796,298,89,49,160,16.4430,53.6913
2797,302,94,44,164,14.5695,54.3046
2798,301,95,44,162,14.6179,53.8206
2799,301,97,43,161,14.2857,53.4884
2800,299,96,40,163,13.3779,54.5151
2801,303,104,39,160,12.8713,52.8053
2802,303,104,35,164,11.5512,54.1254
2803,302,106,33,163,10.9272,53.9735
2804,300,110,27,163,9.0000,54.3333
2805,300,112,25,163,8.3333,54.3333
2806,300,116,24,160,8.0000,53.3333
2807,300,120,24,156,8.0000,52.0000
2808,300,121,25,154,8.3333,51.3333
2809,299,119,25,155,8.3612,51.8395
2810,302,122,22,158,7.2848,52.3179
2811,302,124,20,158,6.6225,52.3179
2812,302,127,18,157,5.9603,51.9868
2813,302,129,17,156,5.6291,51.6556
2814,302,131,20,151,6.6225,50.0000
2815,299,135,16,148,5.3512,49.4983
2816,303,140,16,147,5.2805,48.5149
2817,303,138,21,144,6.9307,47.5248
2818,302,140,20,142,6.6225,47.0199
2819,302,143,21,138,6.9536,45.6954
2820,302,143,24,135,7.9470,44.7020
2821,302,145,25,132,8.2781,43.7086
2822,301,145,26,130,8.6379,43.1894
2823,301,147,27,127,8.9701,42.1927
2824,301,151,28,122,9.3023,40.5316
2825,301,155,28,118,9.3023,39.2027
2826,301,157,31,113,10.2990,37.5415
2827,301,158,32,111,10.6312,36.8771
2828,301,160,33,108,10.9635,35.8804
2829,301,164,31,106,10.2990,35.2159
2830,301,162,35,104,11.6279,34.5515
2831,301,161,38,102,12.6246,33.8870
2832,301,164,39,98,12.9568,32.5581
2833,301,164,45,92,14.9502,30.5648
2834,301,166,46,89,15.2824,29.5681
2835,300,162,49,89,16.3333,29.6667
2836,299,169,47,83,15.7191,27.7592
2837,302,170,49,83,16.2252,27.4834
2838,302,170,50,82,16.5563,27.1523
2839,302,165,56,81,18.5430,26.8212
2840,301,164,57,80,18.9369,26.5781
2841,299,163,59,77,19.7324,25.7525
2842,297,168,57,72,19.1919,24.2424
2843,301,174,61,66,20.2658,21.9269
2844,301,174,61,66,20.2658,21.9269
2845,301,171,65,65,21.5947,21.5947
2846,301,166,69,66,22.9236,21.9269
2847,301,163,72,66,23.9203,21.9269
2848,301,159,76,66,25.2492,21.9269
2849,301,162,77,62,25.5814,20.5980
2850,298,155,79,64,26.5101,21.4765
2851,299,153,82,64,27.4247,21.4047
2852,298,152,83,63,27.8523,21.1409
2853,300,150,85,65,28.3333,21.6667
2854,299,148,88,63,29.4314,21.0702
2855,300,144,90,66,30.0000,22.0000
2856,299,140,97,62,32.4415,20.7358
2857,303,141,100,62,33.0033,20.4620
2858,303,135,103,65,33.9934,21.4521
2859,300,131,103,66,34.3333,22.0000
2860,299,127,100,72,33.4448,24.0803
2861,299,125,103,71,34.4482,23.7458
2862,299,125,105,69,35.1171,23.0769
2863,300,126,105,69,35.0000,23.0000
2864,299,121,110,68,36.7893,22.7425
2865,297,116,113,68,38.0471,22.8956
2866,298,111,114,73,38.2550,24.4966
2867,299,109,113,77,37.7926,25.7525
2868,299,106,117,76,39.1304,25.4181
2869,299,106,112,81,37.4582,27.0903
2870,300,102,111,87,37.0000,29.0000
2871,300,99,112,89,37.3333,29.6667
2872,298,97,109,92,36.5772,30.8725
2873,300,87,118,95,39.3333,31.6667
2874,299,83,116,100,38.7960,33.4448
2875,299,81,112,106,37.4582,35.4515
2876,301,78,111,112,36.8771,37.2093
2877,299,74,111,114,37.1237,38.1271
2878,299,72,107,120,35.7860,40.1338
2879,297,70,106,121,35.6902,40.7407
2880,299,70,104,125,34.7826,41.8060
2881,299,70,106,123,35.4515,41.1371
2882,298,70,100,128,33.5570,42.9530
2883,299,73,95,131,31.7726,43.8127
2884,298,71,93,134,31.2081,44.9664
2885,300,73,87,140,29.0000,46.6667
2886,299,70,86,143,28.7625,47.8261
2887,300,73,79,148,26.3333,49.3333
2888,299,70,79,150,26.4214,50.1672
2889,299,72,77,150,25.7525,50.1672
2890,301,74,74,153,24.5847,50.8306
2891,300,73,72,155,24.0000,51.6667
2892,300,69,74,157,24.6667,52.3333
2893,298,68,68,162,22.8188,54.3624
2894,299,71,63,165,21.0702,55.1839
2895,302,74,58,170,19.2053,56.2914
2896,300,76,54,170,18.0000,56.6667
2897,297,75,50,172,16.8350,57.9125
2898,296,77,46,173,15.5405,58.4459
2899,297,78,45,174,15.1515,58.5859
2900,301,82,41,178,13.6213,59.1362
2901,301,83,41,177,13.6213,58.8040
2902,299,84,39,176,13.0435,58.8629
2903,300,86,38,176,12.6667,58.6667
2904,300,86,38,176,12.6667,58.6667
2905,298,87,36,175,12.0805,58.7248
2906,299,89,36,174,12.0401,58.1940
2907,301,94,36,171,11.9601,56.8106
2908,301,92,36,173,11.9601,57.4751
2909,301,93,35,173,11.6279,57.4751
2910,300,97,32,171,10.6667,57.0000
2911,300,97,34,169,11.3333,56.3333
2912,296,103,27,166,9.1216,56.0811
2913,297,106,26,165,8.7542,55.5556
2914,300,110,25,165,8.3333,55.0000
2915,300,110,25,165,8.3333,55.0000
2916,300,111,25,164,8.3333,54.6667
2917,300,112,23,165,7.6667,55.0000
2918,300,114,26,160,8.6667,53.3333
2919,300,119,23,158,7.6667,52.6667
2920,300,118,23,159,7.6667,53.0000
2921,300,123,23,154,7.6667,51.3333
2922,300,129,22,149,7.3333,49.6667
2923,300,128,25,147,8.3333,49.0000
2924,300,130,25,145,8.3333,48.3333
2925,300,132,25,143,8.3333,47.6667
2926,298,135,25,138,8.3893,46.3087
2927,297,142,23,132,7.7441,44.4444
2928,299,151,20,128,6.6890,42.8094
2929,301,155,21,125,6.9767,41.5282
2930,301,157,24,120,7.9734,39.8671
2931,301,157,26,118,8.6379,39.2027
2932,300,159,26,115,8.6667,38.3333
2933,300,157,29,114,9.6667,38.0000
2934,300,161,32,107,10.6667,35.6667
2935,299,163,31,105,10.3679,35.1171
2936,301,168,31,102,10.2990,33.8870
2937,301,171,34,96,11.2957,31.8937
2938,300,171,36,93,12.0000,31.0000
2939,300,174,38,88,12.6667,29.3333
2940,300,176,38,86,12.6667,28.6667
2941,300,176,40,84,13.3333,28.0000
2942,300,175,45,80,15.0000,26.6667
2943,300,177,43,80,14.3333,26.6667
2944,300,178,44,78,14.6667,26.0000
2945,299,181,46,72,15.3846,24.0803
2946,300,185,45,70,15.0000,23.3333
2947,300,187,48,65,16.0000,21.6667
2948,300,186,51,63,17.0000,21.0000
2949,299,184,55,60,18.3946,20.0669
2950,299,186,55,58,18.3946,19.3980
2951,300,185,56,59,18.6667,19.6667
2952,299,183,61,55,20.4013,18.3946
2953,301,177,68,56,22.5914,18.6047
2954,301,173,71,57,23.5880,18.9369
2955,301,164,79,58,26.2458,19.2691
2956,300,159,84,57,28.0000,19.0000
2957,300,157,86,57,28.6667,19.0000
2958,299,150,91,58,30.4348,19.3980
2959,300,148,93,59,31.0000,19.6667
2960,297,143,98,56,32.9966,18.8552
2961,297,141,101,55,34.0067,18.5185
2962,301,142,100,59,33.2226,19.6013
2963,300,136,104,60,34.6667,20.0000
2964,300,133,107,60,35.6667,20.0000
2965,300,129,110,61,36.6667,20.3333
2966,299,126,110,63,36.7893,21.0702
2967,299,121,116,62,38.7960,20.7358
2968,299,111,123,65,41.1371,21.7391
2969,299,105,128,66,42.8094,22.0736
2970,300,99,132,69,44.0000,23.0000
2971,300,95,135,70,45.0000,23.3333
2972,299,90,133,76,44.4816,25.4181
2973,295,87,131,77,44.4068,26.1017
2974,295,83,135,77,45.7627,26.1017
2975,294,83,131,80,44.5578,27.2109
2976,294,83,124,87,42.1769,29.5918
2977,295,82,124,89,42.0339,30.1695
2978,292,77,124,91,42.4658,31.1644
2979,291,76,118,97,40.5498,33.3333
2980,291,74,116,101,39.8625,34.7079
2981,291,71,114,106,39.1753,36.4261
2982,288,69,109,110,37.8472,38.1944
2983,287,64,112,111,39.0244,38.6760
2984,287,64,107,116,37.2822,40.4181
2985,287,63,105,119,36.5854,41.4634
2986,288,62,103,123,35.7639,42.7083
2987,290,61,105,124,36.2069,42.7586
2988,289,62,96,131,33.2180,45.3287
2989,291,61,90,140,30.9278,48.1100
2990,290,61,81,148,27.9310,51.0345
2991,290,62,75,153,25.8621,52.7586
2992,290,63,70,157,24.1379,54.1379
2993,292,64,68,160,23.2877,54.7945
2994,293,64,65,164,22.1843,55.9727
2995,292,68,60,164,20.5479,56.1644
2996,291,67,59,165,20.2749,56.7010
2997,296,72,53,171,17.9054,57.7703
2998,297,72,51,174,17.1717,58.5859
2999,300,75,49,176,16.3333,58.6667
3000,299,72,50,177,16.7224,59.1973
3001,299,72,47,180,15.7191,60.2007
3002,300,74,43,183,14.3333,61.0000
3003,299,78,38,183,12.7090,61.2040
3004,302,81,35,186,11.5894,61.5894
3005,302,81,34,187,11.2583,61.9205
3006,302,83,32,187,10.5960,61.9205
3007,299,85,28,186,9.3645,62.2074
3008,300,87,26,187,8.6667,62.3333
3009,300,87,25,188,8.3333,62.6667
3010,300,87,26,187,8.6667,62.3333
3011,300,89,24,187,8.0000,62.3333
3012,300,89,21,190,7.0000,63.3333
3013,300,89,21,190,7.0000,63.3333
3014,298,95,19,184,6.3758,61.7450
3015,299,97,18,184,6.0201,61.5385
3016,303,103,18,182,5.9406,60.0660
3017,303,102,19,182,6.2706,60.0660
3018,301,104,18,179,5.9801,59.4684
3019,301,102,20,179,6.6445,59.4684
3020,301,104,19,178,6.3123,59.1362
3021,301,106,17,178,5.6478,59.1362
3022,301,109,17,175,5.6478,58.1395
3023,301,113,17,171,5.6478,56.8106
3024,301,121,17,163,5.6478,54.1528
3025,300,121,16,163,5.3333,54.3333
3026,300,122,17,161,5.6667,53.6667
3027,299,125,16,158,5.3512,52.8428
3028,304,137,18,149,5.9211,49.0132
3029,304,140,17,147,5.5921,48.3553
3030,304,142,16,146,5.2632,48.0263
3031,304,148,14,142,4.6053,46.7105
3032,304,154,14,136,4.6053,44.7368
3033,304,156,17,131,5.5921,43.0921
3034,303,161,16,126,5.2805,41.5842
3035,303,159,19,125,6.2706,41.2541
3036,302,165,18,119,5.9603,39.4040
3037,302,164,22,116,7.2848,38.4106
3038,301,168,19,114,6.3123,37.8738
3039,301,167,20,114,6.6445,37.8738
3040,301,172,21,108,6.9767,35.8804
3041,301,180,21,100,6.9767,33.2226
3042,301,185,23,93,7.6412,30.8970
3043,301,192,23,86,7.6412,28.5714
3044,301,195,25,81,8.3056,26.9103
3045,300,194,29,77,9.6667,25.6667
3046,300,196,32,72,10.6667,24.0000
3047,300,198,32,70,10.6667,23.3333
3048,300,198,33,69,11.0000,23.0000
3049,300,202,34,64,11.3333,21.3333
3050,300,204,37,59,12.3333,19.6667
3051,300,204,39,57,13.0000,19.0000
3052,300,202,42,56,14.0000,18.6667
3053,299,199,47,53,15.7191,17.7258
3054,299,199,49,51,16.3880,17.0569
3055,302,203,50,49,16.5563,16.2252
3056,302,201,55,46,18.2119,15.2318
3057,302,194,63,45,20.8609,14.9007
3058,302,189,68,45,22.5166,14.9007
3059,302,180,77,45,25.4967,14.9007
3060,302,174,81,47,26.8212,15.5629
3061,302,171,84,47,27.8146,15.5629
3062,302,165,91,46,30.1325,15.2318
3063,302,163,93,46,30.7947,15.2318
3064,302,158,99,45,32.7815,14.9007
3065,302,156,101,45,33.4437,14.9007
3066,299,147,105,47,35.1171,15.7191
3067,303,141,114,48,37.6238,15.8416
3068,303,136,118,49,38.9439,16.1716
3069,303,131,122,50,40.2640,16.5017
3070,303,121,130,52,42.9043,17.1617
3071,303,112,137,54,45.2145,17.8218
3072,303,109,140,54,46.2046,17.8218
3073,303,104,143,56,47.1947,18.4818
3074,303,99,142,62,46.8647,20.4620
3075,302,93,145,64,48.0132,21.1921
3076,301,85,150,66,49.8339,21.9269
3077,298,79,149,70,50.0000,23.4899
3078,297,71,149,77,50.1684,25.9259
3079,300,65,150,85,50.0000,28.3333
3080,294,61,143,90,48.6395,30.6122
3081,293,60,140,93,47.7816,31.7406
3082,295,59,140,96,47.4576,32.5424
3083,296,59,139,98,46.9595,33.1081
3084,295,57,136,102,46.1017,34.5763
3085,294,56,130,108,44.2177,36.7347
3086,294,50,134,110,45.5782,37.4150
3087,293,48,127,118,43.3447,40.2730
3088,292,45,120,127,41.0959,43.4932
3089,293,45,117,131,39.9317,44.7099
3090,292,44,111,137,38.0137,46.9178
3091,288,44,104,140,36.1111,48.6111
3092,287,46,96,145,33.4495,50.5226
3093,289,44,99,146,34.2561,50.5190
3094,290,45,92,153,31.7241,52.7586
3095,291,43,89,159,30.5842,54.6392
3096,300,51,87,162,29.0000,54.0000
3097,298,49,81,168,27.1812,56.3758
3098,298,49,73,176,24.4966,59.0604
3099,298,50,66,182,22.1477,61.0738
3100,299,55,60,184,20.0669,61.5385
3101,301,59,59,183,19.6013,60.7973
3102,299,59,52,188,17.3913,62.8763
3103,301,60,52,189,17.2757,62.7907
3104,301,60,48,193,15.9468,64.1196
3105,301,60,44,197,14.6179,65.4485
3106,300,61,39,200,13.0000,66.6667
3107,299,63,37,199,12.3746,66.5552
3108,300,64,35,201,11.6667,67.0000
3109,299,65,32,202,10.7023,67.5585
3110,301,70,31,200,10.2990,66.4452
3111,299,70,28,201,9.3645,67.2241
3112,304,77,26,201,8.5526,66.1184
3113,304,76,26,202,8.5526,66.4474
3114,304,76,21,207,6.9079,68.0921
3115,304,76,22,206,7.2368,67.7632
3116,302,76,20,206,6.6225,68.2119
3117,302,77,19,206,6.2914,68.2119
3118,302,79,18,205,5.9603,67.8808
3119,302,81,15,206,4.9669,68.2119
3120,302,83,14,205,4.6358,67.8808
3121,302,84,14,204,4.6358,67.5497
3122,302,86,14,202,4.6358,66.8874
3123,302,86,17,199,5.6291,65.8940
3124,302,87,17,198,5.6291,65.5629
3125,302,89,20,193,6.6225,63.9073
3126,302,92,22,188,7.2848,62.2517
3127,302,94,22,186,7.2848,61.5894
3128,302,95,23,184,7.6159,60.9272
3129,302,99,23,180,7.6159,59.6026
3130,302,106,23,173,7.6159,57.2848
3131,302,114,23,165,7.6159,54.6358
3132,301,117,22,162,7.3090,53.8206
3133,300,121,20,159,6.6667,53.0000
3134,300,123,21,156,7.0000,52.0000
3135,299,126,20,153,6.6890,51.1706
3136,302,134,18,150,5.9603,49.6689
3137,301,139,18,144,5.9801,47.8405
3138,301,139,20,142,6.6445,47.1761
3139,301,146,21,134,6.9767,44.5183
3140,301,154,22,125,7.3090,41.5282
3141,301,154,25,122,8.3056,40.5316
3142,301,160,27,114,8.9701,37.8738
3143,300,161,30,109,10.0000,36.3333
3144,300,166,29,105,9.6667,35.0000
3145,300,164,31,105,10.3333,35.0000
3146,299,171,28,100,9.3645,33.4448
3147,303,179,29,95,9.5710,31.3531
3148,303,177,34,92,11.2211,30.3630
3149,301,182,33,86,10.9635,28.5714
3150,301,186,37,78,12.2924,25.9136
3151,301,190,40,71,13.2890,23.5880
3152,301,187,45,69,14.9502,22.9236
3153,301,184,48,69,15.9468,22.9236
3154,301,187,49,65,16.2791,21.5947
3155,300,186,50,64,16.6667,21.3333
3156,299,185,54,60,18.0602,20.0669
3157,299,185,58,56,19.3980,18.7291
3158,301,192,57,52,18.9369,17.2757
3159,301,182,68,51,22.5914,16.9435
3160,301,177,75,49,24.9169,16.2791
3161,301,174,76,51,25.2492,16.9435
3162,300,166,82,52,27.3333,17.3333
3163,298,166,81,51,27.1812,17.1141
3164,301,162,90,49,29.9003,16.2791
3165,299,159,91,49,30.4348,16.3880
3166,300,162,95,43,31.6667,14.3333
3167,299,161,95,43,31.7726,14.3813
3168,301,154,103,44,34.2193,14.6179
3169,301,148,108,45,35.8804,14.9502
3170,300,138,117,45,39.0000,15.0000
3171,299,137,118,44,39.4649,14.7157
3172,300,130,123,47,41.0000,15.6667
3173,300,125,125,50,41.6667,16.6667
3174,297,114,132,51,44.4444,17.1717
3175,297,106,140,51,47.1380,17.1717
3176,297,100,145,52,48.8215,17.5084
3177,298,93,149,56,50.0000,18.7919
3178,297,89,151,57,50.8418,19.1919
3179,298,87,148,63,49.6644,21.1409
3180,298,81,148,69,49.6644,23.1544
3181,298,83,140,75,46.9799,25.1678
3182,298,79,141,78,47.3154,26.1745
3183,297,74,140,83,47.1380,27.9461
3184,297,76,137,84,46.1279,28.2828
3185,294,75,128,91,43.5374,30.9524
3186,294,72,127,95,43.1973,32.3129
3187,295,67,129,99,43.7288,33.5593
3188,297,68,125,104,42.0875,35.0168
3189,295,60,126,109,42.7119,36.9492
3190,294,58,120,116,40.8163,39.4558
3191,293,58,113,122,38.5666,41.6382
3192,296,54,112,130,37.8378,43.9189
3193,296,57,106,133,35.8108,44.9324
3194,296,58,98,140,33.1081,47.2973
3195,297,60,88,149,29.6296,50.1684
3196,298,63,80,155,26.8456,52.0134
3197,299,68,71,160,23.7458,53.5117
3198,297,67,70,160,23.5690,53.8721
3199,300,69,69,162,23.0000,54.0000
3200,295,69,64,162,21.6949,54.9153
3201,298,72,63,163,21.1409,54.6980
3202,299,74,58,167,19.3980,55.8528
3203,300,76,55,169,18.3333,56.3333
3204,299,72,55,172,18.3946,57.5251
3205,300,69,57,174,19.0000,58.0000
3206,298,69,55,174,18.4564,58.3893
3207,296,70,48,178,16.2162,60.1351
3208,298,69,49,180,16.4430,60.4027
3209,299,73,41,185,13.7124,61.8729
3210,300,77,36,187,12.0000,62.3333
3211,300,77,35,188,11.6667,62.6667
3212,299,74,36,189,12.0401,63.2107
3213,298,77,34,187,11.4094,62.7517
3214,301,82,33,186,10.9635,61.7940
3215,301,83,33,185,10.9635,61.4618
3216,300,84,31,185,10.3333,61.6667
3217,300,86,30,184,10.0000,61.3333
3218,300,82,32,186,10.6667,62.0000
3219,300,82,30,188,10.0000,62.6667
3220,300,82,31,187,10.3333,62.3333
3221,300,84,30,186,10.0000,62.0000
3222,300,83,31,186,10.3333,62.0000
3223,300,84,32,184,10.6667,61.3333
3224,300,88,31,181,10.3333,60.3333
3225,297,91,26,180,8.7542,60.6061
3226,307,100,26,181,8.4691,58.9577
3227,307,100,25,182,8.1433,59.2834
3228,307,99,27,181,8.7948,58.9577
3229,307,102,26,179,8.4691,58.3062
3230,307,104,26,177,8.4691,57.6547
3231,307,110,25,172,8.1433,56.0261
3232,307,114,26,167,8.4691,54.3974
3233,307,121,21,165,6.8404,53.7459
3234,307,124,21,162,6.8404,52.7687
3235,307,128,22,157,7.1661,51.1401
3236,307,130,23,154,7.4919,50.1629
3237,307,138,22,147,7.1661,47.8827
3238,306,140,22,144,7.1895,47.0588
3239,306,145,20,141,6.5359,46.0784
3240,306,150,19,137,6.2092,44.7712
3241,306,154,19,133,6.2092,43.4641
3242,306,161,18,127,5.8824,41.5033
3243,306,166,18,122,5.8824,39.8693
3244,306,173,18,115,5.8824,37.5817
3245,305,177,18,110,5.9016,36.0656
3246,305,183,15,107,4.9180,35.0820
3247,305,191,16,98,5.2459,32.1311
3248,305,199,13,93,4.2623,30.4918
3249,305,206,13,86,4.2623,28.1967
3250,304,208,13,83,4.2763,27.3026
3251,304,211,13,80,4.2763,26.3158
3252,304,211,11,82,3.6184,26.9737
3253,304,210,13,81,4.2763,26.6447
3254,304,213,14,77,4.6053,25.3289
3255,304,212,16,76,5.2632,25.0000
3256,304,213,19,72,6.2500,23.6842
3257,303,212,21,70,6.9307,23.1023
3258,303,212,21,70,6.9307,23.1023
3259,303,215,20,68,6.6007,22.4422
3260,303,213,24,66,7.9208,21.7822
3261,303,214,26,63,8.5809,20.7921
3262,303,213,30,60,9.9010,19.8020
3263,303,209,34,60,11.2211,19.8020
3264,303,206,38,59,12.5413,19.4719
3265,303,204,42,57,13.8614,18.8119
3266,303,197,50,56,16.5017,18.4818
3267,303,194,53,56,17.4917,18.4818
3268,303,184,63,56,20.7921,18.4818
3269,303,182,67,54,22.1122,17.8218
3270,303,180,71,52,23.4323,17.1617
3271,303,181,72,50,23.7624,16.5017
3272,303,176,79,48,26.0726,15.8416
3273,303,171,85,47,28.0528,15.5116
3274,302,165,90,47,29.8013,15.5629
3275,301,161,91,49,30.2326,16.2791
3276,299,157,94,48,31.4381,16.0535
3277,300,154,99,47,33.0000,15.6667
3278,300,151,102,47,34.0000,15.6667
3279,299,144,108,47,36.1204,15.7191
3280,301,144,108,49,35.8804,16.2791
3281,300,138,114,48,38.0000,16.0000
3282,299,133,114,52,38.1271,17.3913
3283,301,128,117,56,38.8704,18.6047
3284,299,121,120,58,40.1338,19.3980
3285,300,124,121,55,40.3333,18.3333
3286,296,121,114,61,38.5135,20.6081
3287,298,118,117,63,39.2617,21.1409
3288,297,114,113,70,38.0471,23.5690
3289,297,112,112,73,37.7104,24.5791
3290,296,109,113,74,38.1757,25.0000
3291,296,108,114,74,38.5135,25.0000
3292,296,106,113,77,38.1757,26.0135
3293,297,101,116,80,39.0572,26.9360
3294,299,98,115,86,38.4615,28.7625
3295,298,92,115,91,38.5906,30.5369
3296,300,91,115,94,38.3333,31.3333
3297,298,85,115,98,38.5906,32.8859
3298,298,85,113,100,37.9195,33.5570
3299,296,79,111,106,37.5000,35.8108
3300,297,81,108,108,36.3636,36.3636
3301,302,80,111,111,36.7550,36.7550
3302,297,75,107,115,36.0269,38.7205
3303,295,70,104,121,35.2542,41.0169
3304,294,70,100,124,34.0136,42.1769
3305,292,70,94,128,32.1918,43.8356
3306,293,69,94,130,32.0819,44.3686
3307,295,69,92,134,31.1864,45.4237
3308,295,68,87,140,29.4915,47.4576
3309,297,68,88,141,29.6296,47.4747
3310,297,68,85,144,28.6195,48.4848
3311,300,70,86,144,28.6667,48.0000
3312,298,69,80,149,26.8456,50.0000
3313,297,68,77,152,25.9259,51.1785
3314,297,65,75,157,25.2525,52.8620
3315,299,67,71,161,23.7458,53.8462
3316,301,68,66,167,21.9269,55.4817
3317,300,66,64,170,21.3333,56.6667
3318,300,64,63,173,21.0000,57.6667
3319,297,63,57,177,19.1919,59.5960
3320,297,62,56,179,18.8552,60.2694
3321,301,65,57,179,18.9369,59.4684
3322,299,65,48,186,16.0535,62.2074
3323,300,68,43,189,14.3333,63.0000
3324,298,66,43,189,14.4295,63.4228
3325,300,66,44,190,14.6667,63.3333
3326,299,66,43,190,14.3813,63.5452
3327,301,69,43,189,14.2857,62.7907
3328,301,68,41,192,13.6213,63.7874
3329,301,70,39,192,12.9568,63.7874
3330,301,71,38,192,12.6246,63.7874
3331,301,70,37,194,12.2924,64.4518
3332,300,72,36,192,12.0000,64.0000
3333,300,71,36,193,12.0000,64.3333
3334,298,75,32,191,10.7383,64.0940
3335,300,81,30,189,10.0000,63.0000
3336,299,83,29,187,9.6990,62.5418
3337,304,88,29,187,9.5395,61.5132
3338,304,89,32,183,10.5263,60.1974
3339,304,91,30,183,9.8684,60.1974
3340,304,98,29,177,9.5395,58.2237
3341,303,101,26,176,8.5809,58.0858
3342,303,102,28,173,9.2409,57.0957
3343,303,103,29,171,9.5710,56.4356
3344,302,106,28,168,9.2715,55.6291
3345,301,109,27,165,8.9701,54.8173
3346,301,116,27,158,8.9701,52.4917
3347,301,122,25,154,8.3056,51.1628
3348,301,124,25,152,8.3056,50.4983
3349,301,126,27,148,8.9701,49.1694
3350,301,129,29,143,9.6346,47.5083
3351,301,134,28,139,9.3023,46.1794
3352,301,136,30,135,9.9668,44.8505
3353,301,135,31,135,10.2990,44.8505
3354,301,137,33,131,10.9635,43.5216
3355,301,142,34,125,11.2957,41.5282
3356,301,143,36,122,11.9601,40.5316
3357,301,143,38,120,12.6246,39.8671
3358,300,143,36,121,12.0000,40.3333
3359,300,144,38,118,12.6667,39.3333
3360,300,147,41,112,13.6667,37.3333
3361,300,148,41,111,13.6667,37.0000
3362,300,150,41,109,13.6667,36.3333
3363,300,150,42,108,14.0000,36.0000
3364,298,150,45,103,15.1007,34.5638
3365,300,151,49,100,16.3333,33.3333
3366,300,151,54,95,18.0000,31.6667
3367,300,155,55,90,18.3333,30.0000
3368,300,159,58,83,19.3333,27.6667
3369,298,154,62,82,20.8054,27.5168
3370,301,155,67,79,22.2591,26.2458
3371,300,155,68,77,22.6667,25.6667
3372,300,155,69,76,23.0000,25.3333
3373,299,149,71,79,23.7458,26.4214
3374,301,156,72,73,23.9203,24.2525
3375,301,152,78,71,25.9136,23.5880
3376,299,143,83,73,27.7592,24.4147
3377,300,143,83,74,27.6667,24.6667
3378,297,135,87,75,29.2929,25.2525
3379,297,136,86,75,28.9562,25.2525
3380,299,137,90,72,30.1003,24.0803
3381,301,139,90,72,29.9003,23.9203
3382,301,136,94,71,31.2292,23.5880
3383,300,134,97,69,32.3333,23.0000
3384,299,132,97,70,32.4415,23.4114
3385,297,123,102,72,34.3434,24.2424
3386,298,123,102,73,34.2282,24.4966
3387,300,121,104,75,34.6667,25.0000
3388,300,117,108,75,36.0000,25.0000
3389,300,112,109,79,36.3333,26.3333
3390,298,112,105,81,35.2349,27.1812
3391,299,111,105,83,35.1171,27.7592
3392,298,108,108,82,36.2416,27.5168
3393,300,109,108,83,36.0000,27.6667
3394,298,104,107,87,35.9060,29.1946
3395,297,98,110,89,37.0370,29.9663
3396,297,98,100,99,33.6700,33.3333
3397,298,94,104,100,34.8993,33.5570
3398,299,95,97,107,32.4415,35.7860
3399,297,92,98,107,32.9966,36.0269
3400,299,94,100,105,33.4448,35.1171
3401,298,90,100,108,33.5570,36.2416
3402,300,89,97,114,32.3333,38.0000
3403,298,88,96,114,32.2148,38.2550
3404,301,88,99,114,32.8904,37.8738
3405,301,83,98,120,32.5581,39.8671
3406,299,79,95,125,31.7726,41.8060
3407,300,78,95,127,31.6667,42.3333
3408,296,76,92,128,31.0811,43.2432
3409,295,77,89,129,30.1695,43.7288
3410,296,80,86,130,29.0541,43.9189
3411,296,79,88,129,29.7297,43.5811
3412,292,76,83,133,28.4247,45.5479
3413,295,79,80,136,27.1186,46.1017
3414,293,81,75,137,25.5973,46.7577
3415,293,78,72,143,24.5734,48.8055
3416,293,76,73,144,24.9147,49.1468
3417,291,75,68,148,23.3677,50.8591
3418,295,78,68,149,23.0508,50.5085
3419,298,79,68,151,22.8188,50.6711
3420,302,83,65,154,21.5232,50.9934
3421,302,82,64,156,21.1921,51.6556
3422,302,81,62,159,20.5298,52.6490
3423,301,79,62,160,20.5980,53.1561
3424,301,80,59,162,19.6013,53.8206
3425,300,81,56,163,18.6667,54.3333
3426,299,78,53,168,17.7258,56.1873
3427,301,82,48,171,15.9468,56.8106
3428,301,80,48,173,15.9468,57.4751
3429,300,80,47,173,15.6667,57.6667
3430,299,80,47,172,15.7191,57.5251
3431,304,84,46,174,15.1316,57.2368
3432,303,79,46,178,15.1815,58.7459
3433,303,77,49,177,16.1716,58.4158
3434,303,76,51,176,16.8317,58.0858
3435,303,76,50,177,16.5017,58.4158
3436,303,77,49,177,16.1716,58.4158
3437,302,79,45,178,14.9007,58.9404
3438,302,81,45,176,14.9007,58.2781
3439,302,83,46,173,15.2318,57.2848
3440,301,84,44,173,14.6179,57.4751
3441,301,90,44,167,14.6179,55.4817
3442,299,92,42,165,14.0468,55.1839
3443,301,97,41,163,13.6213,54.1528
3444,301,95,41,165,13.6213,54.8173
3445,300,98,40,162,13.3333,54.0000
3446,300,99,41,160,13.6667,53.3333
3447,300,100,39,161,13.0000,53.6667
3448,300,112,37,151,12.3333,50.3333
3449,299,112,36,151,12.0401,50.5017
3450,302,120,36,146,11.9205,48.3444
3451,302,121,37,144,12.2517,47.6821
3452,300,120,33,147,11.0000,49.0000
3453,299,123,28,148,9.3645,49.4983
3454,303,133,27,143,8.9109,47.1947
3455,303,132,29,142,9.5710,46.8647
3456,303,132,29,142,9.5710,46.8647
3457,303,136,31,136,10.2310,44.8845
3458,303,134,38,131,12.5413,43.2343
3459,303,131,41,131,13.5314,43.2343
3460,303,132,41,130,13.5314,42.9043
3461,303,134,42,127,13.8614,41.9142
3462,303,134,44,125,14.5215,41.2541
3463,303,133,46,124,15.1815,40.9241
3464,303,135,46,122,15.1815,40.2640
3465,303,132,50,121,16.5017,39.9340
3466,302,132,51,119,16.8874,39.4040
3467,302,133,56,113,18.5430,37.4172
3468,301,131,58,112,19.2691,37.2093
3469,301,132,63,106,20.9302,35.2159
3470,300,128,64,108,21.3333,36.0000
3471,300,128,65,107,21.6667,35.6667
3472,299,129,65,105,21.7391,35.1171
3473,300,127,72,101,24.0000,33.6667
3474,299,122,79,98,26.4214,32.7759
3475,301,119,86,96,28.5714,31.8937
3476,301,117,90,94,29.9003,31.2292
3477,300,117,90,93,30.0000,31.0000
3478,300,119,90,91,30.0000,30.3333
3479,298,120,86,92,28.8591,30.8725
3480,299,121,88,90,29.4314,30.1003
3481,299,114,94,91,31.4381,30.4348
3482,300,112,97,91,32.3333,30.3333
3483,300,108,100,92,33.3333,30.6667
3484,300,103,108,89,36.0000,29.6667
3485,298,97,111,90,37.2483,30.2013
3486,300,94,111,95,37.0000,31.6667
3487,298,91,111,96,37.2483,32.2148
3488,304,96,111,97,36.5132,31.9079
3489,304,96,111,97,36.5132,31.9079
3490,304,93,110,101,36.1842,33.2237
3491,301,89,111,101,36.8771,33.5548
3492,301,87,114,100,37.8738,33.2226
3493,300,84,115,101,38.3333,33.6667
3494,297,82,106,109,35.6902,36.7003
3495,295,84,98,113,33.2203,38.3051
3496,297,82,102,113,34.3434,38.0471
3497,296,84,96,116,32.4324,39.1892
3498,298,83,98,117,32.8859,39.2617
3499,299,85,97,117,32.4415,39.1304
3500,298,84,98,116,32.8859,38.9262
3501,296,84,93,119,31.4189,40.2027
3502,292,87,86,119,29.4521,40.7534
3503,293,87,84,122,28.6689,41.6382
3504,292,87,80,125,27.3973,42.8082
3505,290,85,78,127,26.8966,43.7931
3506,288,82,78,128,27.0833,44.4444
3507,287,80,76,131,26.4808,45.6446
3508,290,81,76,133,26.2069,45.8621
3509,289,81,76,132,26.2976,45.6747
3510,290,82,74,134,25.5172,46.2069
3511,294,87,71,136,24.1497,46.2585
3512,295,88,70,137,23.7288,46.4407
3513,297,86,72,139,24.2424,46.8013
3514,297,81,76,140,25.5892,47.1380
3515,300,83,75,142,25.0000,47.3333
3516,300,82,74,144,24.6667,48.0000
3517,300,82,72,146,24.0000,48.6667
3518,299,82,69,148,23.0769,49.4983
3519,300,82,66,152,22.0000,50.6667
3520,300,82,64,154,21.3333,51.3333
3521,299,81,60,158,20.0669,52.8428
3522,303,82,66,155,21.7822,51.1551
3523,303,83,66,154,21.7822,50.8251
3524,302,82,65,155,21.5232,51.3245
3525,301,81,60,160,19.9336,53.1561
3526,298,76,59,163,19.7987,54.6980
3527,297,76,56,165,18.8552,55.5556
3528,300,80,55,165,18.3333,55.0000
3529,299,82,49,168,16.3880,56.1873
3530,299,84,50,165,16.7224,55.1839
3531,302,90,52,160,17.2185,52.9801
3532,301,91,48,162,15.9468,53.8206
3533,300,92,47,161,15.6667,53.6667
3534,299,92,44,163,14.7157,54.5151
3535,302,99,39,164,12.9139,54.3046
3536,302,100,37,165,12.2517,54.6358
3537,302,100,36,166,11.9205,54.9669
3538,301,104,36,161,11.9601,53.4884
3539,301,105,37,159,12.2924,52.8239
3540,301,106,38,157,12.6246,52.1595
3541,301,108,40,153,13.2890,50.8306
3542,299,110,40,149,13.3779,49.8328
3543,302,112,40,150,13.2450,49.6689
3544,301,110,41,150,13.6213,49.8339
3545,300,108,43,149,14.3333,49.6667
3546,300,115,40,145,13.3333,48.3333
3547,300,119,41,140,13.6667,46.6667
3548,299,119,41,139,13.7124,46.4883
3549,300,120,44,136,14.6667,45.3333
3550,300,122,42,136,14.0000,45.3333
3551,298,124,40,134,13.4228,44.9664
3552,299,122,44,133,14.7157,44.4816
3553,302,126,47,129,15.5629,42.7152
3554,301,124,49,128,16.2791,42.5249
3555,301,127,48,126,15.9468,41.8605
3556,300,128,51,121,17.0000,40.3333
3557,300,131,52,117,17.3333,39.0000
3558,300,131,53,116,17.6667,38.6667
3559,300,131,57,112,19.0000,37.3333
3560,299,131,58,110,19.3980,36.7893
3561,302,126,65,111,21.5232,36.7550
3562,301,125,64,112,21.2625,37.2093
3563,299,126,65,108,21.7391,36.1204
3564,300,127,66,107,22.0000,35.6667
3565,300,125,68,107,22.6667,35.6667
3566,300,125,67,108,22.3333,36.0000
3567,300,122,70,108,23.3333,36.0000
3568,299,123,72,104,24.0803,34.7826
3569,298,126,71,101,23.8255,33.8926
3570,300,128,71,101,23.6667,33.6667
3571,300,129,75,96,25.0000,32.0000
3572,300,128,75,97,25.0000,32.3333
3573,300,124,80,96,26.6667,32.0000
3574,300,120,80,100,26.6667,33.3333
3575,299,115,82,102,27.4247,34.1137
3576,301,114,86,101,28.5714,33.5548
3577,300,113,87,100,29.0000,33.3333
3578,299,114,86,99,28.7625,33.1104
3579,300,114,87,99,29.0000,33.0000
3580,298,110,89,99,29.8658,33.2215
3581,299,119,85,95,28.4281,31.7726
3582,302,118,84,100,27.8146,33.1126
3583,301,115,86,100,28.5714,33.2226
3584,301,117,84,100,27.9070,33.2226
3585,297,114,84,99,28.2828,33.3333
3586,296,112,86,98,29.0541,33.1081
3587,299,117,86,96,28.7625,32.1070
3588,301,118,87,96,28.9037,31.8937
3589,300,116,87,97,29.0000,32.3333
3590,300,107,94,99,31.3333,33.0000
3591,299,104,94,101,31.4381,33.7793
3592,301,99,100,102,33.2226,33.8870
3593,301,94,100,107,33.2226,35.5482
3594,300,90,100,110,33.3333,36.6667
3595,299,92,95,112,31.7726,37.4582
3596,299,89,93,117,31.1037,39.1304
3597,301,86,95,120,31.5615,39.8671
3598,299,86,95,118,31.7726,39.4649
3599,299,85,97,117,32.4415,39.1304
3600,300,86,94,120,31.3333,40.0000
3601,300,82,97,121,32.3333,40.3333
3602,299,81,98,120,32.7759,40.1338
3603,299,82,94,123,31.4381,41.1371
3604,304,85,92,127,30.2632,41.7763
3605,302,83,92,127,30.4636,42.0530
3606,300,78,91,131,30.3333,43.6667
3607,300,75,92,133,30.6667,44.3333
3608,300,73,94,133,31.3333,44.3333
3609,297,71,91,135,30.6397,45.4545
3610,297,66,93,138,31.3131,46.4646
3611,296,63,90,143,30.4054,48.3108
3612,297,66,80,151,26.9360,50.8418
3613,297,69,79,149,26.5993,50.1684
3614,296,70,78,148,26.3514,50.0000
3615,296,73,72,151,24.3243,51.0135
3616,299,76,71,152,23.7458,50.8361
3617,299,74,72,153,24.0803,51.1706
3618,300,77,67,156,22.3333,52.0000
3619,300,76,65,159,21.6667,53.0000
3620,299,75,62,162,20.7358,54.1806
3621,301,78,59,164,19.6013,54.4850
3622,298,77,58,163,19.4631,54.6980
3623,302,81,57,164,18.8742,54.3046
3624,302,80,60,162,19.8675,53.6424
3625,301,83,56,162,18.6047,53.8206
3626,299,85,54,160,18.0602,53.5117
3627,301,88,51,162,16.9435,53.8206
3628,298,86,50,162,16.7785,54.3624
3629,300,94,46,160,15.3333,53.3333
3630,298,95,42,161,14.0940,54.0268
3631,300,97,41,162,13.6667,54.0000
3632,299,96,42,161,14.0468,53.8462
3633,300,98,41,161,13.6667,53.6667
3634,299,103,41,155,13.7124,51.8395
3635,303,106,42,155,13.8614,51.1551
3636,303,109,42,152,13.8614,50.1650
3637,303,110,38,155,12.5413,51.1551
3638,303,111,36,156,11.8812,51.4851
3639,303,114,35,154,11.5512,50.8251
3640,303,115,34,154,11.2211,50.8251
3641,303,118,34,151,11.2211,49.8350
3642,302,118,30,154,9.9338,50.9934
3643,302,119,31,152,10.2649,50.3311
3644,302,120,31,151,10.2649,50.0000
3645,301,123,31,147,10.2990,48.8372
3646,301,127,31,143,10.2990,47.5083
3647,300,132,29,139,9.6667,46.3333
3648,300,136,29,135,9.6667,45.0000
3649,299,138,27,134,9.0301,44.8161
3650,301,143,27,131,8.9701,43.5216
3651,300,143,24,133,8.0000,44.3333
3652,300,145,24,131,8.0000,43.6667
3653,298,145,22,131,7.3826,43.9597
3654,299,146,24,129,8.0268,43.1438
3655,303,152,25,126,8.2508,41.5842
3656,302,152,27,123,8.9404,40.7285
3657,301,153,26,122,8.6379,40.5316
3658,301,157,27,117,8.9701,38.8704
3659,300,160,26,114,8.6667,38.0000
3660,299,159,27,113,9.0301,37.7926
3661,300,161,30,109,10.0000,36.3333
3662,299,157,36,106,12.0401,35.4515
3663,303,166,33,104,10.8911,34.3234
3664,303,173,34,96,11.2211,31.6832
3665,303,172,34,97,11.2211,32.0132
3666,303,173,34,96,11.2211,31.6832
3667,303,174,36,93,11.8812,30.6931
3668,303,174,39,90,12.8713,29.7030
3669,303,175,40,88,13.2013,29.0429
3670,303,181,39,83,12.8713,27.3927
3671,303,184,41,78,13.5314,25.7426
3672,302,183,43,76,14.2384,25.1656
3673,302,178,50,74,16.5563,24.5033
3674,302,171,56,75,18.5430,24.8344
3675,302,167,60,75,19.8675,24.8344
3676,302,167,58,77,19.2053,25.4967
3677,302,160,66,76,21.8543,25.1656
3678,302,157,71,74,23.5099,24.5033
3679,302,156,75,71,24.8344,23.5099
3680,301,152,79,70,26.2458,23.2558
3681,300,151,80,69,26.6667,23.0000
3682,298,146,83,69,27.8523,23.1544
3683,302,147,85,70,28.1457,23.1788
3684,302,147,86,69,28.4768,22.8477
3685,301,143,89,69,29.5681,22.9236
3686,301,138,93,70,30.8970,23.2558
3687,301,134,97,70,32.2259,23.2558
3688,299,132,97,70,32.4415,23.4114
3689,301,132,99,70,32.8904,23.2558
3690,300,127,105,68,35.0000,22.6667
3691,299,120,111,68,37.1237,22.7425
3692,303,120,115,68,37.9538,22.4422
3693,302,118,109,75,36.0927,24.8344
3694,300,120,106,74,35.3333,24.6667
3695,296,118,104,74,35.1351,25.0000
3696,296,110,110,76,37.1622,25.6757
3697,295,102,116,77,39.3220,26.1017
3698,294,96,115,83,39.1156,28.2313
3699,297,89,121,87,40.7407,29.2929
3700,297,83,126,88,42.4242,29.6296
3701,294,82,122,90,41.4966,30.6122
3702,298,81,121,96,40.6040,32.2148
3703,297,81,119,97,40.0673,32.6599
3704,296,81,118,97,39.8649,32.7703
3705,296,81,115,100,38.8514,33.7838
3706,296,72,121,103,40.8784,34.7973
3707,297,75,114,108,38.3838,36.3636
3708,296,74,114,108,38.5135,36.4865
3709,299,74,111,114,37.1237,38.1271
3710,299,70,110,119,36.7893,39.7993
3711,301,70,105,126,34.8837,41.8605
3712,300,66,103,131,34.3333,43.6667
3713,300,64,101,135,33.6667,45.0000
3714,299,63,100,136,33.4448,45.4849
3715,298,64,99,135,33.2215,45.3020
3716,298,64,97,137,32.5503,45.9732
3717,296,60,92,144,31.0811,48.6486
3718,291,59,84,148,28.8660,50.8591
3719,289,58,79,152,27.3356,52.5952
3720,288,58,73,157,25.3472,54.5139
3721,285,59,68,158,23.8596,55.4386
3722,285,62,64,159,22.4561,55.7895
3723,285,62,63,160,22.1053,56.1404
3724,287,65,59,163,20.5575,56.7944
3725,288,65,60,163,20.8333,56.5972
3726,290,68,54,168,18.6207,57.9310
3727,292,68,55,169,18.8356,57.8767
3728,297,74,55,168,18.5185,56.5657
3729,302,82,53,167,17.5497,55.2980
3730,301,77,53,171,17.6080,56.8106
3731,301,76,53,172,17.6080,57.1429
3732,300,73,51,176,17.0000,58.6667
3733,300,72,51,177,17.0000,59.0000
3734,298,73,51,174,17.1141,58.3893
3735,298,78,50,170,16.7785,57.0470
3736,299,79,48,172,16.0535,57.5251
3737,298,81,41,176,13.7584,59.0604
3738,300,84,40,176,13.3333,58.6667
3739,300,81,42,177,14.0000,59.0000
3740,299,79,40,180,13.3779,60.2007
3741,304,86,41,177,13.4868,58.2237
3742,304,84,41,179,13.4868,58.8816
3743,304,85,40,179,13.1579,58.8816
3744,304,87,40,177,13.1579,58.2237
3745,304,93,42,169,13.8158,55.5921
3746,303,95,41,167,13.5314,55.1155
3747,303,95,40,168,13.2013,55.4455
3748,302,97,36,169,11.9205,55.9603
3749,302,100,36,166,11.9205,54.9669
3750,301,106,34,161,11.2957,53.4884
3751,301,111,30,160,9.9668,53.1561
3752,301,110,30,161,9.9668,53.4884
3753,301,111,32,158,10.6312,52.4917
3754,300,115,32,153,10.6667,51.0000
3755,300,115,34,151,11.3333,50.3333
3756,299,114,35,150,11.7057,50.1672
3757,305,123,36,146,11.8033,47.8689
3758,305,122,39,144,12.7869,47.2131
3759,305,125,41,139,13.4426,45.5738
3760,303,126,36,141,11.8812,46.5347
3761,302,130,37,135,12.2517,44.7020
3762,302,135,33,134,10.9272,44.3709
3763,302,139,35,128,11.5894,42.3841
3764,302,142,37,123,12.2517,40.7285
3765,302,144,39,119,12.9139,39.4040
3766,302,144,37,121,12.2517,40.0662
3767,302,143,40,119,13.2450,39.4040
3768,301,146,39,116,12.9568,38.5382
3769,301,154,39,108,12.9568,35.8804
3770,301,157,41,103,13.6213,34.2193
3771,301,157,45,99,14.9502,32.8904
3772,300,159,46,95,15.3333,31.6667
3773,300,156,49,95,16.3333,31.6667
3774,298,155,49,94,16.4430,31.5436
3775,298,145,58,95,19.4631,31.8792
3776,301,149,60,92,19.9336,30.5648
3777,300,148,60,92,20.0000,30.6667
3778,299,153,58,88,19.3980,29.4314
3779,299,150,62,87,20.7358,29.0970
3780,299,146,66,87,22.0736,29.0970
3781,299,143,70,86,23.4114,28.7625
3782,300,145,72,83,24.0000,27.6667
3783,298,138,79,81,26.5101,27.1812
3784,299,138,83,78,27.7592,26.0870
3785,300,133,89,78,29.6667,26.0000
3786,300,128,93,79,31.0000,26.3333
3787,300,124,95,81,31.6667,27.0000
3788,300,119,101,80,33.6667,26.6667
3789,300,119,107,74,35.6667,24.6667
3790,300,117,108,75,36.0000,25.0000
3791,299,117,105,77,35.1171,25.7525
3792,303,121,108,74,35.6436,24.4224
3793,302,109,115,78,38.0795,25.8278
3794,301,110,114,77,37.8738,25.5814
3795,298,104,115,79,38.5906,26.5101
3796,298,100,111,87,37.2483,29.1946
3797,301,100,112,89,37.2093,29.5681
3798,300,100,112,88,37.3333,29.3333
3799,300,100,111,89,37.0000,29.6667
3800,300,98,110,92,36.6667,30.6667
3801,297,92,109,96,36.7003,32.3232
3802,299,92,110,97,36.7893,32.4415
3803,298,93,109,96,36.5772,32.2148
3804,298,94,106,98,35.5705,32.8859
3805,300,93,105,102,35.0000,34.0000
3806,294,92,100,102,34.0136,34.6939
3807,295,93,96,106,32.5424,35.9322
3808,298,93,95,110,31.8792,36.9128
3809,297,93,90,114,30.3030,38.3838
3810,296,91,87,118,29.3919,39.8649
3811,295,92,86,117,29.1525,39.6610
3812,296,90,88,118,29.7297,39.8649
3813,296,88,83,125,28.0405,42.2297
3814,296,91,79,126,26.6892,42.5676
3815,298,90,80,128,26.8456,42.9530
3816,304,92,77,135,25.3289,44.4079
3817,303,91,71,141,23.4323,46.5347
3818,303,91,74,138,24.4224,45.5446
3819,301,88,74,139,24.5847,46.1794
3820,301,84,73,144,24.2525,47.8405
3821,301,81,73,147,24.2525,48.8372
3822,300,79,70,151,23.3333,50.3333
3823,299,77,68,154,22.7425,51.5050
3824,304,83,60,161,19.7368,52.9605
3825,304,84,58,162,19.0789,53.2895
3826,303,84,59,160,19.4719,52.8053
3827,303,84,58,161,19.1419,53.1353
3828,303,85,54,164,17.8218,54.1254
3829,303,84,53,166,17.4917,54.7855
3830,302,85,54,163,17.8808,53.9735
3831,302,83,54,165,17.8808,54.6358
3832,302,81,55,166,18.2119,54.9669
3833,302,80,51,171,16.8874,56.6225
3834,302,80,50,172,16.5563,56.9536
3835,301,78,48,175,15.9468,58.1395
3836,300,77,47,176,15.6667,58.6667
3837,298,79,44,175,14.7651,58.7248
3838,300,81,44,175,14.6667,58.3333
3839,297,80,42,175,14.1414,58.9226
3840,299,81,40,178,13.3779,59.5318
3841,301,83,38,180,12.6246,59.8007
3842,298,81,38,179,12.7517,60.0671
3843,302,86,38,178,12.5828,58.9404
3844,302,86,39,177,12.9139,58.6093
3845,302,90,39,173,12.9139,57.2848
3846,302,90,40,172,13.2450,56.9536
3847,301,91,38,172,12.6246,57.1429
3848,301,98,39,164,12.9568,54.4850
3849,301,99,40,162,13.2890,53.8206
3850,301,99,39,163,12.9568,54.1528
3851,301,101,35,165,11.6279,54.8173
3852,300,108,31,161,10.3333,53.6667
3853,299,111,30,158,10.0334,52.8428
3854,304,116,32,156,10.5263,51.3158
3855,304,116,32,156,10.5263,51.3158
3856,304,120,33,151,10.8553,49.6711
3857,304,124,32,148,10.5263,48.6842
3858,304,125,33,146,10.8553,48.0263
3859,304,128,32,144,10.5263,47.3684
3860,304,132,31,141,10.1974,46.3816
3861,304,133,33,138,10.8553,45.3947
3862,304,136,35,133,11.5132,43.7500
3863,303,134,31,138,10.2310,45.5446
3864,303,134,34,135,11.2211,44.5545
3865,302,139,35,128,11.5894,42.3841
3866,301,140,37,124,12.2924,41.1960
3867,301,140,38,123,12.6246,40.8638
3868,301,145,39,117,12.9568,38.8704
3869,300,150,38,112,12.6667,37.3333
3870,299,150,38,111,12.7090,37.1237
3871,300,148,41,111,13.6667,37.0000
3872,300,149,45,106,15.0000,35.3333
3873,300,150,47,103,15.6667,34.3333
3874,300,150,49,101,16.3333,33.6667
3875,299,150,49,100,16.3880,33.4448
3876,301,157,52,92,17.2757,30.5648
3877,301,160,52,89,17.2757,29.5681
3878,300,156,54,90,18.0000,30.0000
3879,300,154,59,87,19.6667,29.0000
3880,300,151,64,85,21.3333,28.3333
3881,299,151,65,83,21.7391,27.7592
3882,300,151,65,84,21.6667,28.0000
3883,299,149,66,84,22.0736,28.0936
3884,302,145,73,84,24.1722,27.8146
3885,301,145,76,80,25.2492,26.5781
3886,299,138,82,79,27.4247,26.4214
3887,299,137,84,78,28.0936,26.0870
3888,301,136,86,79,28.5714,26.2458
3889,301,131,91,79,30.2326,26.2458
3890,301,125,97,79,32.2259,26.2458
3891,299,123,99,77,33.1104,25.7525
3892,299,124,100,75,33.4448,25.0836
3893,301,122,105,74,34.8837,24.5847
3894,300,119,104,77,34.6667,25.6667
3895,297,121,101,75,34.0067,25.2525
3896,300,118,105,77,35.0000,25.6667
3897,299,112,110,77,36.7893,25.7525
3898,299,111,111,77,37.1237,25.7525
3899,301,110,114,77,37.8738,25.5814
3900,296,102,114,80,38.5135,27.0270
3901,300,100,117,83,39.0000,27.6667
3902,299,100,116,83,38.7960,27.7592
3903,298,100,117,81,39.2617,27.1812
3904,299,99,119,81,39.7993,27.0903
3905,299,97,113,89,37.7926,29.7659
3906,298,94,111,93,37.2483,31.2081
3907,298,95,108,95,36.2416,31.8792
3908,297,90,106,101,35.6902,34.0067
3909,296,90,104,102,35.1351,34.4595
3910,299,93,98,108,32.7759,36.1204
3911,301,93,98,110,32.5581,36.5449
3912,299,92,96,111,32.1070,37.1237
3913,301,95,93,113,30.8970,37.5415
3914,301,92,91,118,30.2326,39.2027
3915,300,96,89,115,29.6667,38.3333
3916,300,88,95,117,31.6667,39.0000
3917,299,88,90,121,30.1003,40.4682
3918,299,86,86,127,28.7625,42.4749
3919,299,87,83,129,27.7592,43.1438
3920,303,91,78,134,25.7426,44.2244
3921,300,91,69,140,23.0000,46.6667
3922,300,84,74,142,24.6667,47.3333
3923,300,80,75,145,25.0000,48.3333
3924,299,79,68,152,22.7425,50.8361
3925,302,79,70,153,23.1788,50.6623
3926,300,78,66,156,22.0000,52.0000
3927,300,77,66,157,22.0000,52.3333
3928,299,75,66,158,22.0736,52.8428
3929,298,73,64,161,21.4765,54.0268
3930,302,78,63,161,20.8609,53.3113
3931,300,78,60,162,20.0000,54.0000
3932,299,77,59,163,19.7324,54.5151
3933,299,79,57,163,19.0635,54.5151
3934,301,79,60,162,19.9336,53.8206
3935,300,78,61,161,20.3333,53.6667
3936,299,78,57,164,19.0635,54.8495
3937,302,79,57,166,18.8742,54.9669
3938,301,79,56,166,18.6047,55.1495
3939,301,79,55,167,18.2724,55.4817
3940,301,79,57,165,18.9369,54.8173
3941,301,79,56,166,18.6047,55.1495
3942,301,77,56,168,18.6047,55.8140
3943,299,75,51,173,17.0569,57.8595
3944,301,78,51,172,16.9435,57.1429
3945,299,77,50,172,16.7224,57.5251
3946,302,83,47,172,15.5629,56.9536
3947,301,84,45,172,14.9502,57.1429
3948,301,82,46,173,15.2824,57.4751
3949,301,79,48,174,15.9468,57.8073
3950,301,76,49,176,16.2791,58.4718
3951,301,78,49,174,16.2791,57.8073
3952,301,76,53,172,17.6080,57.1429
3953,300,76,53,171,17.6667,57.0000
3954,300,72,58,170,19.3333,56.6667
3955,298,74,54,170,18.1208,57.0470
3956,301,80,51,170,16.9435,56.4784
3957,300,88,49,163,16.3333,54.3333
3958,299,91,48,160,16.0535,53.5117
3959,302,99,46,157,15.2318,51.9868
3960,302,105,44,153,14.5695,50.6623
3961,302,104,45,153,14.9007,50.6623
3962,301,108,45,148,14.9502,49.1694
3963,300,111,43,146,14.3333,48.6667
3964,299,111,44,144,14.7157,48.1605
3965,301,118,42,141,13.9535,46.8439
3966,301,121,43,137,14.2857,45.5150
3967,301,118,48,135,15.9468,44.8505
3968,301,120,48,133,15.9468,44.1860
3969,300,123,44,133,14.6667,44.3333
3970,299,129,42,128,14.0468,42.8094
3971,301,136,39,126,12.9568,41.8605
3972,301,141,39,121,12.9568,40.1993
3973,300,146,35,119,11.6667,39.6667
3974,299,144,34,121,11.3712,40.4682
3975,301,151,31,119,10.2990,39.5349
3976,301,158,31,112,10.2990,37.2093
3977,301,158,33,110,10.9635,36.5449
3978,301,162,33,106,10.9635,35.2159
3979,300,162,35,103,11.6667,34.3333
3980,300,163,35,102,11.6667,34.0000
3981,299,166,31,102,10.3679,34.1137
3982,302,171,30,101,9.9338,33.4437
3983,302,168,32,102,10.5960,33.7748
3984,302,169,33,100,10.9272,33.1126
3985,301,169,31,101,10.2990,33.5548
3986,301,168,32,101,10.6312,33.5548
3987,300,166,33,101,11.0000,33.6667
3988,299,169,32,98,10.7023,32.7759
3989,303,175,33,95,10.8911,31.3531
3990,303,176,32,95,10.5611,31.3531
3991,303,176,34,93,11.2211,30.6931
3992,303,175,36,92,11.8812,30.3630
3993,303,176,35,92,11.5512,30.3630
3994,302,178,34,90,11.2583,29.8013
3995,302,183,32,87,10.5960,28.8079
3996,302,179,36,87,11.9205,28.8079
3997,302,178,38,86,12.5828,28.4768
3998,302,178,39,85,12.9139,28.1457
3999,302,176,42,84,13.9073,27.8146
4000,301,175,43,83,14.2857,27.5748
4001,301,168,52,81,17.2757,26.9103
4002,301,170,53,78,17.6080,25.9136
4003,301,165,58,78,19.2691,25.9136
4004,300,162,59,79,19.6667,26.3333
4005,300,160,60,80,20.0000,26.6667
4006,299,153,66,80,22.0736,26.7559
4007,299,153,67,79,22.4080,26.4214
4008,303,157,67,79,22.1122,26.0726
4009,303,155,69,79,22.7723,26.0726
4010,303,154,71,78,23.4323,25.7426
4011,302,148,77,77,25.4967,25.4967
4012,302,145,79,78,26.1589,25.8278
4013,302,146,81,75,26.8212,24.8344
4014,302,136,90,76,29.8013,25.1656
4015,302,132,96,74,31.7881,24.5033
4016,302,127,100,75,33.1126,24.8344
4017,302,120,104,78,34.4371,25.8278
4018,302,116,105,81,34.7682,26.8212
4019,301,111,107,83,35.5482,27.5748
4020,300,106,112,82,37.3333,27.3333
4021,296,109,103,84,34.7973,28.3784
4022,295,104,107,84,36.2712,28.4746
4023,295,98,115,82,38.9831,27.7966
4024,299,103,109,87,36.4548,29.0970
4025,303,107,109,87,35.9736,28.7129
4026,301,108,106,87,35.2159,28.9037
4027,300,108,104,88,34.6667,29.3333
4028,300,103,105,92,35.0000,30.6667
4029,299,97,109,93,36.4548,31.1037
4030,300,98,108,94,36.0000,31.3333
4031,299,93,107,99,35.7860,33.1104
4032,300,92,104,104,34.6667,34.6667
4033,300,94,103,103,34.3333,34.3333
4034,300,88,103,109,34.3333,36.3333
4035,298,86,97,115,32.5503,38.5906
4036,299,84,94,121,31.4381,40.4682
4037,299,85,90,124,30.1003,41.4716
4038,300,86,88,126,29.3333,42.0000
4039,298,85,84,129,28.1879,43.2886
4040,300,90,79,131,26.3333,43.6667
4041,299,84,83,132,27.7592,44.1472
4042,299,85,82,132,27.4247,44.1472
4043,294,82,70,142,23.8095,48.2993
4044,298,86,69,143,23.1544,47.9866
4045,299,86,68,145,22.7425,48.4950
4046,301,88,65,148,21.5947,49.1694
4047,301,86,68,147,22.5914,48.8372
4048,300,86,67,147,22.3333,49.0000
4049,297,84,62,151,20.8754,50.8418
4050,298,88,58,152,19.4631,51.0067
4051,299,86,57,156,19.0635,52.1739
4052,299,85,58,156,19.3980,52.1739
4053,301,84,59,158,19.6013,52.4917
4054,300,82,58,160,19.3333,53.3333
4055,298,83,53,162,17.7852,54.3624
4056,301,85,51,165,16.9435,54.8173
4057,300,87,49,164,16.3333,54.6667
4058,299,83,52,164,17.3913,54.8495
4059,301,87,48,166,15.9468,55.1495
4060,301,89,48,164,15.9468,54.4850
4061,301,91,45,165,14.9502,54.8173
4062,301,91,42,168,13.9535,55.8140
4063,301,90,42,169,13.9535,56.1462
4064,300,89,44,167,14.6667,55.6667
4065,299,87,43,169,14.3813,56.5217
4066,302,91,42,169,13.9073,55.9603
4067,302,88,44,170,14.5695,56.2914
4068,301,89,41,171,13.6213,56.8106
4069,301,89,44,168,14.6179,55.8140
4070,301,93,43,165,14.2857,54.8173
4071,301,93,41,167,13.6213,55.4817
4072,301,92,41,168,13.6213,55.8140
4073,300,98,37,165,12.3333,55.0000
4074,299,98,36,165,12.0401,55.1839
4075,301,98,37,166,12.2924,55.1495
4076,298,104,34,160,11.4094,53.6913
4077,299,107,37,155,12.3746,51.8395
4078,300,112,32,156,10.6667,52.0000
4079,300,113,33,154,11.0000,51.3333
4080,300,117,32,151,10.6667,50.3333
4081,300,117,32,151,10.6667,50.3333
4082,300,118,33,149,11.0000,49.6667
4083,300,123,32,145,10.6667,48.3333
4084,300,128,29,143,9.6667,47.6667
4085,299,129,28,142,9.3645,47.4916
4086,300,136,27,137,9.0000,45.6667
4087,299,144,23,132,7.6923,44.1472
4088,302,154,20,128,6.6225,42.3841
4089,302,158,20,124,6.6225,41.0596
4090,301,161,17,123,5.6478,40.8638
4091,301,164,18,119,5.9801,39.5349
4092,300,167,19,114,6.3333,38.0000
4093,300,165,21,114,7.0000,38.0000
4094,299,165,21,113,7.0234,37.7926
4095,300,178,19,103,6.3333,34.3333
4096,300,176,21,103,7.0000,34.3333
4097,300,178,22,100,7.3333,33.3333
4098,300,182,20,98,6.6667,32.6667
4099,300,182,21,97,7.0000,32.3333
4100,300,182,21,97,7.0000,32.3333
4101,300,184,22,94,7.3333,31.3333
4102,300,187,23,90,7.6667,30.0000
4103,300,189,24,87,8.0000,29.0000
4104,300,189,26,85,8.6667,28.3333
4105,300,189,28,83,9.3333,27.6667
4106,299,188,30,81,10.0334,27.0903
4107,301,189,33,79,10.9635,26.2458
4108,301,191,36,74,11.9601,24.5847
4109,300,187,41,72,13.6667,24.0000
4110,300,185,44,71,14.6667,23.6667
4111,300,185,46,69,15.3333,23.0000
4112,300,185,45,70,15.0000,23.3333
4113,300,186,46,68,15.3333,22.6667
4114,300,182,50,68,16.6667,22.6667
4115,300,181,53,66,17.6667,22.0000
4116,300,176,58,66,19.3333,22.0000
4117,300,175,58,67,19.3333,22.3333
4118,300,172,62,66,20.6667,22.0000
4119,299,167,67,65,22.4080,21.7391
4120,300,163,74,63,24.6667,21.0000
4121,300,156,81,63,27.0000,21.0000
4122,300,152,85,63,28.3333,21.0000
4123,300,148,92,60,30.6667,20.0000
4124,298,145,93,60,31.2081,20.1342
4125,298,145,95,58,31.8792,19.4631
4126,298,142,97,59,32.5503,19.7987
4127,299,139,98,62,32.7759,20.7358
4128,299,136,101,62,33.7793,20.7358
4129,298,134,99,65,33.2215,21.8121
4130,297,135,100,62,33.6700,20.8754
4131,298,136,98,64,32.8859,21.4765
4132,298,128,104,66,34.8993,22.1477
4133,299,127,107,65,35.7860,21.7391
4134,299,125,103,71,34.4482,23.7458
4135,301,125,105,71,34.8837,23.5880
4136,299,128,100,71,33.4448,23.7458
4137,301,129,97,75,32.2259,24.9169
4138,299,121,102,76,34.1137,25.4181
4139,299,123,95,81,31.7726,27.0903
4140,301,125,94,82,31.2292,27.2425
4141,300,116,94,90,31.3333,30.0000
4142,299,113,95,91,31.7726,30.4348
4143,295,111,89,95,30.1695,32.2034
4144,294,106,89,99,30.2721,33.6735
4145,293,103,90,100,30.7167,34.1297
4146,296,101,90,105,30.4054,35.4730
4147,296,97,91,108,30.7432,36.4865
4148,299,95,92,112,30.7692,37.4582
4149,298,92,92,114,30.8725,38.2550
4150,298,88,97,113,32.5503,37.9195
4151,296,87,94,115,31.7568,38.8514
4152,296,86,93,117,31.4189,39.5270
4153,294,85,89,120,30.2721,40.8163
4154,295,87,85,123,28.8136,41.6949
4155,297,81,92,124,30.9764,41.7508
4156,295,80,91,124,30.8475,42.0339
4157,297,78,94,125,31.6498,42.0875
4158,298,79,90,129,30.2013,43.2886
4159,299,81,85,133,28.4281,44.4816
4160,299,79,87,133,29.0970,44.4816
4161,299,78,81,140,27.0903,46.8227
4162,299,79,76,144,25.4181,48.1605
4163,299,81,73,145,24.4147,48.4950
4164,298,82,73,143,24.4966,47.9866
4165,300,84,70,146,23.3333,48.6667
4166,299,84,68,147,22.7425,49.1639
4167,300,83,65,152,21.6667,50.6667
4168,299,81,63,155,21.0702,51.8395
4169,299,85,58,156,19.3980,52.1739
4170,299,87,51,161,17.0569,53.8462
4171,299,86,50,163,16.7224,54.5151
4172,297,82,53,162,17.8451,54.5455
4173,300,85,52,163,17.3333,54.3333
4174,300,85,52,163,17.3333,54.3333
4175,299,82,53,164,17.7258,54.8495
4176,298,85,46,167,15.4362,56.0403
4177,302,87,46,169,15.2318,55.9603
4178,302,86,47,169,15.5629,55.9603
4179,301,89,47,165,15.6146,54.8173
4180,301,87,47,167,15.6146,55.4817
4181,300,86,48,166,16.0000,55.3333
4182,300,87,48,165,16.0000,55.0000
4183,300,88,47,165,15.6667,55.0000
4184,299,91,46,162,15.3846,54.1806
4185,305,96,43,166,14.0984,54.4262
4186,305,100,43,162,14.0984,53.1148
4187,304,98,41,165,13.4868,54.2763
4188,302,98,41,163,13.5762,53.9735
4189,302,99,45,158,14.9007,52.3179
4190,302,101,45,156,14.9007,51.6556
4191,301,109,43,149,14.2857,49.5017
4192,299,110,40,149,13.3779,49.8328
4193,303,121,42,140,13.8614,46.2046
4194,303,121,44,138,14.5215,45.5446
4195,303,121,47,135,15.5116,44.5545
4196,302,124,45,133,14.9007,44.0397
4197,302,123,48,131,15.8940,43.3775
4198,298,127,43,128,14.4295,42.9530
4199,299,130,44,125,14.7157,41.8060
4200,301,135,43,123,14.2857,40.8638
4201,301,135,45,121,14.9502,40.1993
4202,300,133,44,123,14.6667,41.0000
4203,300,132,47,121,15.6667,40.3333
4204,300,134,47,119,15.6667,39.6667
4205,300,136,49,115,16.3333,38.3333
4206,299,137,49,113,16.3880,37.7926
4207,299,139,48,112,16.0535,37.4582
4208,301,139,47,115,15.6146,38.2060
4209,300,140,43,117,14.3333,39.0000
4210,299,141,44,114,14.7157,38.1271
4211,300,143,48,109,16.0000,36.3333
4212,300,143,45,112,15.0000,37.3333
4213,300,143,50,107,16.6667,35.6667
4214,300,145,49,106,16.3333,35.3333
4215,299,146,45,108,15.0502,36.1204
4216,299,141,50,108,16.7224,36.1204
4217,302,147,48,107,15.8940,35.4305
4218,301,151,47,103,15.6146,34.2193
4219,300,151,49,100,16.3333,33.3333
4220,299,152,51,96,17.0569,32.1070
4221,298,155,51,92,17.1141,30.8725
4222,300,162,49,89,16.3333,29.6667
4223,300,163,49,88,16.3333,29.3333
4224,298,159,50,89,16.7785,29.8658
4225,298,158,52,88,17.4497,29.5302
4226,298,157,53,88,17.7852,29.5302
4227,301,159,54,88,17.9402,29.2359
4228,300,157,57,86,19.0000,28.6667
4229,300,152,65,83,21.6667,27.6667
4230,298,148,70,80,23.4899,26.8456
4231,299,145,71,83,23.7458,27.7592
4232,301,144,75,82,24.9169,27.2425
4233,299,139,78,82,26.0870,27.4247
4234,297,135,79,83,26.5993,27.9461
4235,297,135,82,80,27.6094,26.9360
4236,297,131,85,81,28.6195,27.2727
4237,297,129,90,78,30.3030,26.2626
4238,297,123,97,77,32.6599,25.9259
4239,297,120,101,76,34.0067,25.5892
4240,299,122,101,76,33.7793,25.4181
4241,300,118,104,78,34.6667,26.0000
4242,297,112,106,79,35.6902,26.5993
4243,299,109,111,79,37.1237,26.4214
4244,299,103,118,78,39.4649,26.0870
4245,304,96,126,82,41.4474,26.9737
4246,303,89,132,82,43.5644,27.0627
4247,302,86,135,81,44.7020,26.8212
4248,302,85,133,84,44.0397,27.8146
4249,300,80,130,90,43.3333,30.0000
4250,298,79,127,92,42.6174,30.8725
4251,298,74,127,97,42.6174,32.5503
4252,299,73,128,98,42.8094,32.7759
4253,296,69,126,101,42.5676,34.1216
4254,295,71,122,102,41.3559,34.5763
4255,298,74,117,107,39.2617,35.9060
4256,296,73,114,109,38.5135,36.8243
4257,295,68,115,112,38.9831,37.9661
4258,294,67,108,119,36.7347,40.4762
4259,295,69,104,122,35.2542,41.3559
4260,295,69,100,126,33.8983,42.7119
4261,296,68,102,126,34.4595,42.5676
4262,295,67,98,130,33.2203,44.0678
4263,295,67,90,138,30.5085,46.7797
4264,293,67,88,138,30.0341,47.0990
4265,290,67,79,144,27.2414,49.6552
4266,289,68,74,147,25.6055,50.8651
4267,290,75,67,148,23.1034,51.0345
4268,291,75,65,151,22.3368,51.8900
4269,291,79,59,153,20.2749,52.5773
4270,292,78,60,154,20.5479,52.7397
4271,293,78,60,155,20.4778,52.9010
4272,297,81,57,159,19.1919,53.5354
4273,294,78,55,161,18.7075,54.7619
4274,294,80,52,162,17.6871,55.1020
4275,297,82,55,160,18.5185,53.8721
4276,298,82,56,160,18.7919,53.6913
4277,299,84,51,164,17.0569,54.8495
4278,302,88,50,164,16.5563,54.3046
4279,301,89,49,163,16.2791,54.1528
4280,301,90,49,162,16.2791,53.8206
4281,301,87,50,164,16.6113,54.4850
4282,300,86,45,169,15.0000,56.3333
4283,300,86,46,168,15.3333,56.0000
4284,300,87,42,171,14.0000,57.0000
4285,300,88,41,171,13.6667,57.0000
4286,300,88,40,172,13.3333,57.3333
4287,299,87,39,173,13.0435,57.8595
4288,299,86,40,173,13.3779,57.8595
4289,300,85,42,173,14.0000,57.6667
4290,299,83,43,173,14.3813,57.8595
4291,299,82,44,173,14.7157,57.8595
4292,304,88,41,175,13.4868,57.5658
4293,304,89,40,175,13.1579,57.5658
4294,304,88,38,178,12.5000,58.5526
4295,304,87,38,179,12.5000,58.8816
4296,304,88,37,179,12.1711,58.8816
4297,303,89,38,176,12.5413,58.0858
4298,303,88,39,176,12.8713,58.0858
4299,303,89,38,176,12.5413,58.0858
4300,302,91,39,172,12.9139,56.9536
4301,301,94,40,167,13.2890,55.4817
4302,300,97,40,163,13.3333,54.3333
4303,300,101,42,157,14.0000,52.3333
4304,300,103,41,156,13.6667,52.0000
4305,299,103,44,152,14.7157,50.8361
4306,302,109,43,150,14.2384,49.6689
4307,302,114,44,144,14.5695,47.6821
4308,302,116,43,143,14.2384,47.3510
4309,302,118,41,143,13.5762,47.3510
4310,300,124,39,137,13.0000,45.6667
4311,300,127,38,135,12.6667,45.0000
4312,300,130,38,132,12.6667,44.0000
4313,300,131,39,130,13.0000,43.3333
4314,300,135,40,125,13.3333,41.6667
4315,299,138,41,120,13.7124,40.1338
4316,301,138,44,119,14.6179,39.5349
4317,301,137,52,112,17.2757,37.2093
4318,300,140,51,109,17.0000,36.3333
4319,300,144,53,103,17.6667,34.3333
4320,299,143,56,100,18.7291,33.4448
4321,301,148,54,99,17.9402,32.8904
4322,301,147,56,98,18.6047,32.5581
4323,300,148,55,97,18.3333,32.3333
4324,300,150,56,94,18.6667,31.3333
4325,299,148,54,97,18.0602,32.4415
4326,300,150,57,93,19.0000,31.0000
4327,300,147,59,94,19.6667,31.3333
4328,300,144,62,94,20.6667,31.3333
4329,300,144,65,91,21.6667,30.3333
4330,300,143,66,91,22.0000,30.3333
4331,300,144,65,91,21.6667,30.3333
4332,300,141,66,93,22.0000,31.0000
4333,298,139,68,91,22.8188,30.5369
4334,300,145,69,86,23.0000,28.6667
4335,299,141,71,87,23.7458,29.0970
4336,300,144,71,85,23.6667,28.3333
4337,299,139,72,88,24.0803,29.4314
4338,300,142,68,90,22.6667,30.0000
4339,298,140,68,90,22.8188,30.2013
4340,300,140,68,92,22.6667,30.6667
4341,298,138,68,92,22.8188,30.8725
4342,300,139,68,93,22.6667,31.0000
4343,299,138,70,91,23.4114,30.4348
4344,302,140,72,90,23.8411,29.8013
4345,300,138,74,88,24.6667,29.3333
4346,300,139,72,89,24.0000,29.6667
4347,300,132,78,90,26.0000,30.0000
4348,300,127,84,89,28.0000,29.6667
4349,300,121,86,93,28.6667,31.0000
4350,300,116,88,96,29.3333,32.0000
4351,299,113,91,95,30.4348,31.7726
4352,298,107,97,94,32.5503,31.5436
4353,299,104,98,97,32.7759,32.4415
4354,301,101,101,99,33.5548,32.8904
4355,301,97,102,102,33.8870,33.8870
4356,300,98,100,102,33.3333,34.0000
4357,300,96,94,110,31.3333,36.6667
4358,298,91,97,110,32.5503,36.9128
4359,299,86,101,112,33.7793,37.4582
4360,300,88,100,112,33.3333,37.3333
4361,300,87,100,113,33.3333,37.6667
4362,298,84,102,112,34.2282,37.5839
4363,299,85,101,113,33.7793,37.7926
4364,300,83,104,113,34.6667,37.6667
4365,300,78,105,117,35.0000,39.0000
4366,299,72,110,117,36.7893,39.1304
4367,295,70,108,117,36.6102,39.6610
4368,293,67,105,121,35.8362,41.2969
4369,294,69,99,126,33.6735,42.8571
4370,295,69,99,127,33.5593,43.0508
4371,296,69,95,132,32.0946,44.5946
4372,294,66,93,135,31.6327,45.9184
4373,294,68,90,136,30.6122,46.2585
4374,294,67,87,140,29.5918,47.6190
4375,294,68,85,141,28.9116,47.9592
4376,294,64,88,142,29.9320,48.2993
4377,297,68,90,139,30.3030,46.8013
4378,297,67,87,143,29.2929,48.1481
4379,298,70,81,147,27.1812,49.3289
4380,302,74,78,150,25.8278,49.6689
4381,302,75,74,153,24.5033,50.6623
4382,302,76,71,155,23.5099,51.3245
4383,302,76,69,157,22.8477,51.9868
4384,301,77,66,158,21.9269,52.4917
4385,300,75,61,164,20.3333,54.6667
4386,299,73,57,169,19.0635,56.5217
4387,299,75,54,170,18.0602,56.8562
4388,301,76,52,173,17.2757,57.4751
4389,301,80,49,172,16.2791,57.1429
4390,300,84,45,171,15.0000,57.0000
4391,300,83,45,172,15.0000,57.3333
4392,299,86,42,171,14.0468,57.1906
4393,302,89,38,175,12.5828,57.9470
4394,301,91,35,175,11.6279,58.1395
4395,299,92,32,175,10.7023,58.5284
4396,302,96,33,173,10.9272,57.2848
4397,301,96,26,179,8.6379,59.4684
4398,301,100,24,177,7.9734,58.8040
4399,301,100,26,175,8.6379,58.1395
4400,301,102,24,175,7.9734,58.1395
4401,301,106,24,171,7.9734,56.8106
4402,301,109,25,167,8.3056,55.4817
4403,300,109,24,167,8.0000,55.6667
4404,300,109,23,168,7.6667,56.0000
4405,300,113,21,166,7.0000,55.3333
4406,299,116,19,164,6.3545,54.8495
4407,300,119,19,162,6.3333,54.0000
4408,299,120,19,160,6.3545,53.5117
4409,302,133,16,153,5.2980,50.6623
4410,302,135,15,152,4.9669,50.3311
4411,302,137,13,152,4.3046,50.3311
4412,301,138,13,150,4.3189,49.8339
4413,301,141,14,146,4.6512,48.5050
4414,301,141,14,146,4.6512,48.5050
4415,301,144,14,143,4.6512,47.5083
4416,300,147,12,141,4.0000,47.0000
4417,300,152,12,136,4.0000,45.3333
4418,300,151,13,136,4.3333,45.3333
4419,300,153,12,135,4.0000,45.0000
4420,300,159,10,131,3.3333,43.6667
4421,300,165,10,125,3.3333,41.6667
4422,299,169,9,121,3.0100,40.4682
4423,303,177,9,117,2.9703,38.6139
4424,303,177,12,114,3.9604,37.6238
4425,303,182,12,109,3.9604,35.9736
4426,303,185,13,105,4.2904,34.6535
4427,303,188,13,102,4.2904,33.6634
4428,303,188,14,101,4.6205,33.3333
4429,303,187,15,101,4.9505,33.3333
4430,303,190,16,97,5.2805,32.0132
4431,303,194,17,92,5.6106,30.3630
4432,303,196,19,88,6.2706,29.0429
4433,303,201,18,84,5.9406,27.7228
4434,303,204,17,82,5.6106,27.0627
4435,302,207,16,79,5.2980,26.1589
4436,302,210,17,75,5.6291,24.8344
4437,302,214,19,69,6.2914,22.8477
4438,301,216,21,64,6.9767,21.2625
4439,301,219,22,60,7.3090,19.9336
4440,301,222,23,56,7.6412,18.6047
4441,301,221,28,52,9.3023,17.2757
4442,301,224,29,48,9.6346,15.9468
4443,301,222,33,46,10.9635,15.2824
4444,301,224,31,46,10.2990,15.2824
4445,301,223,35,43,11.6279,14.2857
4446,301,220,40,41,13.2890,13.6213
4447,300,212,48,40,16.0000,13.3333
4448,299,207,51,41,17.0569,13.7124
4449,299,206,56,37,18.7291,12.3746
4450,302,207,61,34,20.1987,11.2583
4451,301,201,67,33,22.2591,10.9635
4452,300,196,71,33,23.6667,11.0000
4453,300,189,79,32,26.3333,10.6667
4454,300,181,87,32,29.0000,10.6667
4455,300,174,94,32,31.3333,10.6667
4456,300,170,98,32,32.6667,10.6667
4457,300,163,106,31,35.3333,10.3333
4458,299,155,113,31,37.7926,10.3679
4459,301,149,120,32,39.8671,10.6312
4460,300,145,123,32,41.0000,10.6667
4461,300,138,128,34,42.6667,11.3333
4462,299,129,136,34,45.4849,11.3712
4463,300,121,145,34,48.3333,11.3333
4464,300,112,152,36,50.6667,12.0000
4465,300,107,153,40,51.0000,13.3333
4466,299,103,155,41,51.8395,13.7124
4467,297,97,152,48,51.1785,16.1616
4468,296,93,152,51,51.3514,17.2297
4469,295,92,149,54,50.5085,18.3051
4470,296,82,156,58,52.7027,19.5946
4471,296,81,152,63,51.3514,21.2838
4472,297,78,154,65,51.8519,21.8855
4473,300,76,151,73,50.3333,24.3333
4474,299,68,150,81,50.1672,27.0903
4475,296,63,148,85,50.0000,28.7162
4476,297,59,152,86,51.1785,28.9562
4477,299,58,152,89,50.8361,29.7659
4478,302,63,141,98,46.6887,32.4503
4479,300,62,133,105,44.3333,35.0000
4480,299,62,127,110,42.4749,36.7893
4481,299,55,131,113,43.8127,37.7926
4482,302,55,124,123,41.0596,40.7285
4483,300,52,114,134,38.0000,44.6667
4484,298,50,108,140,36.2416,46.9799
4485,298,48,103,147,34.5638,49.3289
4486,301,51,100,150,33.2226,49.8339
4487,300,50,97,153,32.3333,51.0000
4488,298,47,92,159,30.8725,53.3557
4489,299,45,89,165,29.7659,55.1839
4490,299,47,83,169,27.7592,56.5217
4491,299,47,77,175,25.7525,58.5284
4492,299,45,74,180,24.7492,60.2007
4493,297,43,72,182,24.2424,61.2795
4494,298,44,66,188,22.1477,63.0872
4495,301,47,59,195,19.6013,64.7841
4496,301,46,57,198,18.9369,65.7807
4497,299,43,55,201,18.3946,67.2241
4498,299,45,52,202,17.3913,67.5585
4499,300,46,51,203,17.0000,67.6667
4500,299,44,53,202,17.7258,67.5585
4501,301,45,51,205,16.9435,68.1063
4502,299,44,46,209,15.3846,69.8997
4503,301,45,44,212,14.6179,70.4319
4504,300,45,44,211,14.6667,70.3333
4505,299,44,40,215,13.3779,71.9064
4506,300,46,38,216,12.6667,72.0000
4507,300,45,39,216,13.0000,72.0000
4508,300,43,38,219,12.6667,73.0000
4509,300,43,37,220,12.3333,73.3333
4510,299,44,35,220,11.7057,73.5786
4511,305,52,35,218,11.4754,71.4754
4512,305,53,33,219,10.8197,71.8033
4513,304,56,30,218,9.8684,71.7105
4514,303,55,29,219,9.5710,72.2772
4515,303,57,28,218,9.2409,71.9472
4516,302,58,26,218,8.6093,72.1854
4517,302,62,21,219,6.9536,72.5166
4518,302,63,21,218,6.9536,72.1854
4519,302,70,21,211,6.9536,69.8675
4520,302,74,19,209,6.2914,69.2053
4521,301,77,17,207,5.6478,68.7708
4522,301,80,16,205,5.3156,68.1063
4523,301,87,15,199,4.9834,66.1130
4524,301,91,13,197,4.3189,65.4485
4525,300,99,11,190,3.6667,63.3333
4526,300,107,11,182,3.6667,60.6667
4527,300,111,11,178,3.6667,59.3333
4528,300,112,8,180,2.6667,60.0000
4529,300,115,7,178,2.3333,59.3333
4530,300,123,8,169,2.6667,56.3333
4531,300,129,9,162,3.0000,54.0000
4532,300,135,8,157,2.6667,52.3333
4533,300,140,8,152,2.6667,50.6667
4534,300,150,7,143,2.3333,47.6667
4535,300,161,6,133,2.0000,44.3333
4536,299,165,7,127,2.3411,42.4749
4537,305,178,8,119,2.6230,39.0164
4538,305,182,7,116,2.2951,38.0328
4539,305,185,7,113,2.2951,37.0492
4540,305,190,8,107,2.6230,35.0820
4541,305,194,10,101,3.2787,33.1148
4542,305,198,10,97,3.2787,31.8033
4543,305,201,12,92,3.9344,30.1639
4544,305,205,14,86,4.5902,28.1967
4545,305,206,15,84,4.9180,27.5410
4546,305,211,16,78,5.2459,25.5738
4547,305,216,18,71,5.9016,23.2787
4548,305,219,19,67,6.2295,21.9672
4549,305,220,23,62,7.5410,20.3279
4550,305,218,26,61,8.5246,20.0000
4551,305,215,29,61,9.5082,20.0000
4552,305,213,30,62,9.8361,20.3279
4553,305,218,30,57,9.8361,18.6885
4554,305,218,34,53,11.1475,17.3770
4555,305,219,36,50,11.8033,16.3934
4556,304,217,37,50,12.1711,16.4474
4557,304,217,41,46,13.4868,15.1316
4558,303,215,43,45,14.1914,14.8515
4559,303,211,47,45,15.5116,14.8515
4560,303,212,49,42,16.1716,13.8614
4561,303,212,50,41,16.5017,13.5314
4562,302,206,56,40,18.5430,13.2450
4563,301,204,56,41,18.6047,13.6213
4564,301,202,58,41,19.2691,13.6213
4565,301,200,61,40,20.2658,13.2890
4566,301,197,64,40,21.2625,13.2890
4567,301,191,70,40,23.2558,13.2890
4568,301,187,74,40,24.5847,13.2890
4569,301,186,79,36,26.2458,11.9601
4570,299,183,77,39,25.7525,13.0435
4571,301,183,77,41,25.5814,13.6213
4572,298,180,77,41,25.8389,13.7584
4573,301,175,86,40,28.5714,13.2890
4574,301,172,89,40,29.5681,13.2890
4575,300,168,90,42,30.0000,14.0000
4576,299,164,94,41,31.4381,13.7124
4577,300,164,93,43,31.0000,14.3333
4578,300,158,97,45,32.3333,15.0000
4579,300,152,100,48,33.3333,16.0000
4580,298,149,103,46,34.5638,15.4362
4581,298,142,110,46,36.9128,15.4362
4582,298,135,113,50,37.9195,16.7785
4583,298,129,115,54,38.5906,18.1208
4584,299,127,116,56,38.7960,18.7291
4585,301,126,116,59,38.5382,19.6013
4586,300,121,115,64,38.3333,21.3333
4587,299,115,119,65,39.7993,21.7391
4588,295,112,116,67,39.3220,22.7119
4589,295,110,111,74,37.6271,25.0847
4590,294,104,115,75,39.1156,25.5102
4591,296,101,115,80,38.8514,27.0270
4592,297,98,117,82,39.3939,27.6094
4593,299,93,116,90,38.7960,30.1003
4594,301,93,114,94,37.8738,31.2292
4595,299,89,111,99,37.1237,33.1104
4596,301,84,117,100,38.8704,33.2226
4597,300,81,114,105,38.0000,35.0000
4598,297,79,111,107,37.3737,36.0269
4599,294,75,108,111,36.7347,37.7551
4600,298,79,104,115,34.8993,38.5906
4601,300,78,100,122,33.3333,40.6667
4602,297,71,99,127,33.3333,42.7609
4603,294,71,91,132,30.9524,44.8980
4604,296,72,91,133,30.7432,44.9324
4605,297,71,89,137,29.9663,46.1279
4606,299,70,88,141,29.4314,47.1572
4607,299,65,90,144,30.1003,48.1605
4608,299,63,88,148,29.4314,49.4983
4609,302,62,90,150,29.8013,49.6689
4610,301,61,85,155,28.2392,51.4950
4611,300,59,81,160,27.0000,53.3333
4612,298,58,78,162,26.1745,54.3624
4613,299,58,75,166,25.0836,55.5184
4614,298,59,71,168,23.8255,56.3758
4615,298,58,72,168,24.1611,56.3758
4616,300,61,69,170,23.0000,56.6667
4617,299,61,63,175,21.0702,58.5284
4618,303,67,60,176,19.8020,58.0858
4619,301,67,59,175,19.6013,58.1395
4620,301,67,56,178,18.6047,59.1362
4621,299,67,54,178,18.0602,59.5318
4622,300,72,47,181,15.6667,60.3333
4623,300,71,48,181,16.0000,60.3333
4624,300,72,48,180,16.0000,60.0000
4625,300,70,47,183,15.6667,61.0000
4626,300,72,44,184,14.6667,61.3333
4627,299,73,40,186,13.3779,62.2074
4628,300,76,33,191,11.0000,63.6667
4629,300,79,31,190,10.3333,63.3333
4630,298,81,27,190,9.0604,63.7584
4631,300,86,26,188,8.6667,62.6667
4632,300,85,26,189,8.6667,63.0000
4633,300,86,26,188,8.6667,62.6667
4634,300,89,24,187,8.0000,62.3333
4635,300,92,23,185,7.6667,61.6667
4636,299,95,20,184,6.6890,61.5385
4637,303,102,18,183,5.9406,60.3960
4638,303,108,17,178,5.6106,58.7459
4639,303,110,17,176,5.6106,58.0858
4640,303,110,18,175,5.9406,57.7558
4641,303,116,16,171,5.2805,56.4356
4642,303,118,16,169,5.2805,55.7756
4643,302,121,16,165,5.2980,54.6358
4644,302,123,15,164,4.9669,54.3046
4645,302,130,14,158,4.6358,52.3179
4646,302,134,13,155,4.3046,51.3245
4647,301,140,11,150,3.6545,49.8339
4648,301,141,11,149,3.6545,49.5017
4649,301,146,11,144,3.6545,47.8405
4650,301,147,12,142,3.9867,47.1761
4651,301,151,12,138,3.9867,45.8472
4652,301,156,10,135,3.3223,44.8505
4653,301,162,10,129,3.3223,42.8571
4654,301,166,11,124,3.6545,41.1960
4655,301,171,11,119,3.6545,39.5349
4656,301,170,13,118,4.3189,39.2027
4657,301,169,18,114,5.9801,37.8738
4658,301,173,18,110,5.9801,36.5449
4659,301,173,21,107,6.9767,35.5482
4660,301,178,19,104,6.3123,34.5515
4661,301,178,21,102,6.9767,33.8870
4662,300,179,24,97,8.0000,32.3333
4663,300,183,24,93,8.0000,31.0000
4664,300,185,24,91,8.0000,30.3333
4665,300,185,28,87,9.3333,29.0000
4666,300,184,31,85,10.3333,28.3333
4667,300,182,34,84,11.3333,28.0000
4668,300,181,39,80,13.0000,26.6667
4669,300,187,39,74,13.0000,24.6667
4670,300,186,43,71,14.3333,23.6667
4671,300,184,44,72,14.6667,24.0000
4672,300,188,45,67,15.0000,22.3333
4673,300,181,53,66,17.6667,22.0000
4674,300,183,57,60,19.0000,20.0000
4675,300,182,58,60,19.3333,20.0000
4676,298,180,58,60,19.4631,20.1342
4677,299,185,56,58,18.7291,19.3980
4678,299,183,61,55,20.4013,18.3946
4679,303,191,60,52,19.8020,17.1617
4680,303,194,62,47,20.4620,15.5116
4681,303,193,64,46,21.1221,15.1815
4682,303,187,70,46,23.1023,15.1815
4683,302,185,70,47,23.1788,15.5629
4684,302,181,75,46,24.8344,15.2318
4685,302,179,74,49,24.5033,16.2252
4686,302,171,82,49,27.1523,16.2252
4687,301,167,85,49,28.2392,16.2791
4688,301,165,86,50,28.5714,16.6113
4689,300,163,86,51,28.6667,17.0000
4690,298,160,87,51,29.1946,17.1141
4691,300,154,93,53,31.0000,17.6667
4692,300,147,100,53,33.3333,17.6667
4693,296,146,96,54,32.4324,18.2432
4694,297,146,95,56,31.9865,18.8552
4695,298,143,98,57,32.8859,19.1275
4696,299,141,101,57,33.7793,19.0635
4697,300,139,104,57,34.6667,19.0000
4698,297,128,111,58,37.3737,19.5286
4699,299,122,117,60,39.1304,20.0669
4700,301,118,123,60,40.8638,19.9336
4701,300,109,129,62,43.0000,20.6667
4702,298,107,126,65,42.2819,21.8121
4703,299,101,124,74,41.4716,24.7492
4704,299,98,127,74,42.4749,24.7492
4705,298,94,129,75,43.2886,25.1678
4706,299,90,127,82,42.4749,27.4247
4707,299,85,127,87,42.4749,29.0970
4708,304,86,128,90,42.1053,29.6053
4709,303,76,131,96,43.2343,31.6832
4710,303,72,133,98,43.8944,32.3432
4711,301,68,128,105,42.5249,34.8837
4712,300,65,127,108,42.3333,36.0000
4713,299,62,125,112,41.8060,37.4582
4714,300,60,124,116,41.3333,38.6667
4715,300,58,124,118,41.3333,39.3333
4716,296,56,119,121,40.2027,40.8784
4717,296,56,117,123,39.5270,41.5541
4718,298,54,113,131,37.9195,43.9597
4719,297,54,106,137,35.6902,46.1279
4720,293,53,97,143,33.1058,48.8055
4721,296,56,93,147,31.4189,49.6622
4722,297,57,88,152,29.6296,51.1785
4723,297,57,81,159,27.2727,53.5354
4724,298,58,77,163,25.8389,54.6980
4725,302,57,76,169,25.1656,55.9603
4726,299,56,73,170,24.4147,56.8562
4727,300,61,68,171,22.6667,57.0000
4728,299,61,63,175,21.0702,58.5284
4729,299,64,53,182,17.7258,60.8696
4730,303,69,47,187,15.5116,61.7162
4731,302,69,46,187,15.2318,61.9205
4732,301,70,43,188,14.2857,62.4585
4733,298,70,37,191,12.4161,64.0940
4734,303,77,35,191,11.5512,63.0363
4735,302,75,36,191,11.9205,63.2450
4736,300,74,35,191,11.6667,63.6667
4737,299,76,35,188,11.7057,62.8763
4738,298,79,32,187,10.7383,62.7517
4739,300,82,29,189,9.6667,63.0000
4740,300,84,29,187,9.6667,62.3333
4741,299,87,27,185,9.0301,61.8729
4742,301,89,28,184,9.3023,61.1296
4743,301,91,25,185,8.3056,61.4618
4744,301,92,24,185,7.9734,61.4618
4745,300,96,20,184,6.6667,61.3333
4746,300,97,18,185,6.0000,61.6667
4747,300,99,17,184,5.6667,61.3333
4748,300,100,16,184,5.3333,61.3333
4749,300,101,17,182,5.6667,60.6667
4750,300,102,18,180,6.0000,60.0000
4751,300,105,18,177,6.0000,59.0000
4752,298,105,16,177,5.3691,59.3960
4753,301,111,15,175,4.9834,58.1395
4754,300,114,14,172,4.6667,57.3333
4755,300,123,12,165,4.0000,55.0000
4756,300,125,8,167,2.6667,55.6667
4757,300,126,8,166,2.6667,55.3333
4758,300,133,7,160,2.3333,53.3333
4759,300,139,7,154,2.3333,51.3333
4760,300,142,7,151,2.3333,50.3333
4761,300,148,6,146,2.0000,48.6667
4762,300,150,6,144,2.0000,48.0000
4763,300,157,5,138,1.6667,46.0000
4764,300,162,5,133,1.6667,44.3333
4765,300,166,5,129,1.6667,43.0000
4766,300,170,5,125,1.6667,41.6667
4767,300,173,4,123,1.3333,41.0000
4768,300,177,4,119,1.3333,39.6667
4769,300,180,4,116,1.3333,38.6667
4770,300,188,2,110,0.6667,36.6667
4771,300,194,2,104,0.6667,34.6667
4772,300,200,2,98,0.6667,32.6667
4773,300,204,2,94,0.6667,31.3333
4774,300,208,3,89,1.0000,29.6667
4775,300,216,3,81,1.0000,27.0000
4776,300,220,3,77,1.0000,25.6667
4777,300,226,3,71,1.0000,23.6667
4778,300,227,3,70,1.0000,23.3333
4779,300,230,3,67,1.0000,22.3333
4780,299,235,2,62,0.6689,20.7358
4781,303,246,3,54,0.9901,17.8218
4782,303,251,3,49,0.9901,16.1716
4783,303,253,3,47,0.9901,15.5116
4784,303,255,3,45,0.9901,14.8515
4785,303,259,3,41,0.9901,13.5314
4786,303,261,3,39,0.9901,12.8713
4787,303,263,4,36,1.3201,11.8812
4788,303,263,5,35,1.6502,11.5512
4789,303,263,5,35,1.6502,11.5512
4790,303,265,5,33,1.6502,10.8911
4791,303,269,5,29,1.6502,9.5710
4792,303,270,5,28,1.6502,9.2409
4793,303,271,5,27,1.6502,8.9109
4794,303,271,5,27,1.6502,8.9109
4795,303,274,4,25,1.3201,8.2508
4796,303,275,4,24,1.3201,7.9208
4797,303,278,4,21,1.3201,6.9307
4798,303,281,4,18,1.3201,5.9406
4799,302,282,3,17,0.9934,5.6291
4800,302,283,3,16,0.9934,5.2980
4801,302,283,2,17,0.6623,5.6291
4802,302,283,2,17,0.6623,5.6291
4803,302,283,2,17,0.6623,5.6291
4804,302,283,2,17,0.6623,5.6291
4805,302,283,2,17,0.6623,5.6291
4806,302,282,3,17,0.9934,5.6291
4807,302,284,3,15,0.9934,4.9669
4808,302,288,2,12,0.6623,3.9735
4809,302,289,1,12,0.3311,3.9735
4810,302,290,1,11,0.3311,3.6424
4811,302,290,1,11,0.3311,3.6424
4812,302,291,1,10,0.3311,3.3113
4813,302,292,1,9,0.3311,2.9801
4814,302,292,1,9,0.3311,2.9801
4815,302,293,1,8,0.3311,2.6490
4816,302,292,2,8,0.6623,2.6490
4817,302,291,3,8,0.9934,2.6490
4818,302,291,3,8,0.9934,2.6490
4819,302,291,4,7,1.3245,2.3179
4820,302,288,7,7,2.3179,2.3179
4821,302,287,8,7,2.6490,2.3179
4822,302,287,10,5,3.3113,1.6556
4823,302,286,11,5,3.6424,1.6556
4824,302,284,13,5,4.3046,1.6556
4825,302,282,15,5,4.9669,1.6556
4826,301,281,15,5,4.9834,1.6611
4827,301,276,20,5,6.6445,1.6611
4828,301,274,22,5,7.3090,1.6611
4829,301,273,23,5,7.6412,1.6611
4830,301,272,25,4,8.3056,1.3289
4831,301,270,27,4,8.9701,1.3289
4832,301,270,27,4,8.9701,1.3289
4833,301,269,28,4,9.3023,1.3289
4834,301,266,31,4,10.2990,1.3289
4835,301,262,35,4,11.6279,1.3289
4836,301,261,36,4,11.9601,1.3289
4837,301,257,39,5,12.9568,1.6611
4838,301,255,40,6,13.2890,1.9934
4839,300,249,45,6,15.0000,2.0000
4840,300,241,52,7,17.3333,2.3333
4841,299,230,60,9,20.0669,3.0100
4842,303,229,65,9,21.4521,2.9703
4843,303,224,68,11,22.4422,3.6304
4844,302,216,73,13,24.1722,4.3046
4845,302,212,76,14,25.1656,4.6358
4846,302,207,80,15,26.4901,4.9669
4847,301,205,79,17,26.2458,5.6478
4848,301,195,85,21,28.2392,6.9767
4849,301,190,89,22,29.5681,7.3090
4850,300,184,93,23,31.0000,7.6667
4851,300,174,102,24,34.0000,8.0000
4852,300,170,105,25,35.0000,8.3333
4853,300,167,108,25,36.0000,8.3333
4854,300,162,112,26,37.3333,8.6667
4855,298,155,114,29,38.2550,9.7315
4856,297,150,118,29,39.7306,9.7643
4857,299,140,129,30,43.1438,10.0334
4858,299,134,130,35,43.4783,11.7057
4859,299,130,133,36,44.4816,12.0401
4860,299,125,135,39,45.1505,13.0435
4861,296,119,132,45,44.5946,15.2027
4862,294,111,132,51,44.8980,17.3469
4863,294,103,135,56,45.9184,19.0476
4864,295,94,138,63,46.7797,21.3559
4865,293,86,141,66,48.1229,22.5256
4866,292,85,135,72,46.2329,24.6575
4867,296,80,143,73,48.3108,24.6622
4868,295,75,141,79,47.7966,26.7797
4869,293,74,136,83,46.4164,28.3276
4870,294,69,139,86,47.2789,29.2517
4871,294,62,137,95,46.5986,32.3129
4872,298,64,134,100,44.9664,33.5570
4873,297,59,135,103,45.4545,34.6801
4874,300,59,132,109,44.0000,36.3333
4875,299,55,132,112,44.1472,37.4582
4876,299,56,126,117,42.1405,39.1304
4877,297,55,122,120,41.0774,40.4040
4878,295,55,111,129,37.6271,43.7288
4879,296,52,111,133,37.5000,44.9324
4880,296,51,107,138,36.1486,46.6216
4881,297,51,102,144,34.3434,48.4848
4882,301,51,100,150,33.2226,49.8339
4883,298,48,90,160,30.2013,53.6913
4884,297,48,84,165,28.2828,55.5556
4885,297,51,74,172,24.9158,57.9125
4886,296,50,72,174,24.3243,58.7838
4887,298,52,70,176,23.4899,59.0604
4888,298,48,64,186,21.4765,62.4161
4889,305,56,60,189,19.6721,61.9672
4890,304,55,58,191,19.0789,62.8289
4891,302,55,49,198,16.2252,65.5629
4892,301,55,46,200,15.2824,66.4452
4893,300,57,41,202,13.6667,67.3333
4894,299,56,40,203,13.3779,67.8930
4895,302,60,38,204,12.5828,67.5497
4896,302,61,35,206,11.5894,68.2119
4897,302,62,34,206,11.2583,68.2119
4898,302,63,31,208,10.2649,68.8742
4899,299,66,27,206,9.0301,68.8963
4900,300,72,24,204,8.0000,68.0000
4901,300,73,23,204,7.6667,68.0000
4902,300,74,21,205,7.0000,68.3333
4903,299,74,18,207,6.0201,69.2308
4904,301,79,16,206,5.3156,68.4385
4905,301,79,17,205,5.6478,68.1063
4906,300,80,15,205,5.0000,68.3333
4907,300,83,13,204,4.3333,68.0000
4908,300,82,14,204,4.6667,68.0000
4909,298,83,10,205,3.3557,68.7919
4910,299,90,8,201,2.6756,67.2241
4911,301,92,9,200,2.9900,66.4452
4912,301,96,9,196,2.9900,65.1163
4913,301,102,9,190,2.9900,63.1229
4914,301,107,9,185,2.9900,61.4618
4915,301,112,9,180,2.9900,59.8007
4916,300,119,7,174,2.3333,58.0000
4917,300,122,7,171,2.3333,57.0000
4918,300,128,7,165,2.3333,55.0000
4919,300,129,7,164,2.3333,54.6667
4920,300,135,6,159,2.0000,53.0000
4921,300,137,8,155,2.6667,51.6667
4922,300,139,9,152,3.0000,50.6667
4923,300,147,9,144,3.0000,48.0000
4924,300,151,10,139,3.3333,46.3333
4925,300,154,10,136,3.3333,45.3333
4926,299,159,10,130,3.3445,43.4783
4927,301,163,11,127,3.6545,42.1927
4928,301,167,11,123,3.6545,40.8638
4929,301,167,14,120,4.6512,39.8671
4930,301,175,15,111,4.9834,36.8771
4931,301,178,15,108,4.9834,35.8804
4932,301,182,16,103,5.3156,34.2193
4933,301,187,16,98,5.3156,32.5581
4934,301,192,16,93,5.3156,30.8970
4935,301,199,19,83,6.3123,27.5748
4936,301,203,20,78,6.6445,25.9136
4937,301,206,24,71,7.9734,23.5880
4938,301,205,27,69,8.9701,22.9236
4939,301,205,29,67,9.6346,22.2591
4940,301,213,31,57,10.2990,18.9369
4941,300,215,31,54,10.3333,18.0000
4942,299,214,34,51,11.3712,17.0569
4943,305,225,36,44,11.8033,14.4262
4944,304,226,36,42,11.8421,13.8158
4945,304,227,39,38,12.8289,12.5000
4946,304,225,42,37,13.8158,12.1711
4947,304,227,41,36,13.4868,11.8421
4948,304,226,46,32,15.1316,10.5263
4949,303,224,46,33,15.1815,10.8911
4950,303,223,49,31,16.1716,10.2310
4951,302,218,54,30,17.8808,9.9338
4952,302,216,57,29,18.8742,9.6026
4953,302,214,59,29,19.5364,9.6026
4954,301,206,67,28,22.2591,9.3023
4955,301,202,73,26,24.2525,8.6379
4956,301,197,76,28,25.2492,9.3023
4957,301,191,80,30,26.5781,9.9668
4958,300,187,82,31,27.3333,10.3333
4959,299,186,81,32,27.0903,10.7023
4960,303,184,84,35,27.7228,11.5512
4961,303,183,87,33,28.7129,10.8911
4962,302,182,86,34,28.4768,11.2583
4963,301,176,88,37,29.2359,12.2924
4964,301,167,96,38,31.8937,12.6246
4965,299,160,99,40,33.1104,13.3779
4966,301,155,106,40,35.2159,13.2890
4967,300,151,108,41,36.0000,13.6667
4968,299,149,108,42,36.1204,14.0468
4969,301,145,112,44,37.2093,14.6179
4970,300,138,113,49,37.6667,16.3333
4971,300,127,120,53,40.0000,17.6667
4972,300,115,130,55,43.3333,18.3333
4973,298,108,133,57,44.6309,19.1275
4974,297,101,133,63,44.7811,21.2121
4975,296,97,131,68,44.2568,22.9730
4976,298,99,127,72,42.6174,24.1611
4977,298,95,127,76,42.6174,25.5034
4978,296,95,122,79,41.2162,26.6892
4979,296,92,123,81,41.5541,27.3649
4980,294,85,126,83,42.8571,28.2313
4981,294,82,127,85,43.1973,28.9116
4982,294,79,127,88,43.1973,29.9320
4983,297,78,129,90,43.4343,30.3030
4984,295,76,124,95,42.0339,32.2034
4985,295,75,118,102,40.0000,34.5763
4986,294,78,109,107,37.0748,36.3946
4987,293,77,105,111,35.8362,37.8840
4988,296,76,107,113,36.1486,38.1757
4989,295,75,105,115,35.5932,38.9831
4990,296,74,98,124,33.1081,41.8919
4991,296,74,94,128,31.7568,43.2432
4992,296,74,84,138,28.3784,46.6216
4993,297,75,75,147,25.2525,49.4949
4994,298,74,69,155,23.1544,52.0134
4995,301,76,64,161,21.2625,53.4884
4996,301,76,62,163,20.5980,54.1528
4997,300,74,62,164,20.6667,54.6667
4998,299,73,58,168,19.3980,56.1873
4999,299,70,59,170,19.7324,56.8562
5000,300,72,55,173,18.3333,57.6667
5001,299,73,49,177,16.3880,59.1973
5002,300,75,46,179,15.3333,59.6667
5003,298,74,43,181,14.4295,60.7383
5004,298,72,42,184,14.0940,61.7450
5005,299,76,39,184,13.0435,61.5385
5006,299,78,38,183,12.7090,61.2040
5007,304,84,36,184,11.8421,60.5263
5008,303,83,37,183,12.2112,60.3960
5009,302,84,34,184,11.2583,60.9272
5010,301,85,33,183,10.9635,60.7973
5011,301,84,36,181,11.9601,60.1329
5012,299,84,35,180,11.7057,60.2007
5013,301,85,35,181,11.6279,60.1329
5014,300,86,32,182,10.6667,60.6667
5015,300,87,32,181,10.6667,60.3333
5016,300,86,33,181,11.0000,60.3333
5017,300,89,33,178,11.0000,59.3333
5018,298,88,32,178,10.7383,59.7315
5019,301,92,30,179,9.9668,59.4684
5020,301,92,29,180,9.6346,59.8007
5021,301,94,28,179,9.3023,59.4684
5022,301,98,28,175,9.3023,58.1395
5023,301,101,28,172,9.3023,57.1429
5024,301,102,29,170,9.6346,56.4784
5025,300,101,29,170,9.6667,56.6667
5026,300,107,29,164,9.6667,54.6667
5027,300,112,30,158,10.0000,52.6667
5028,300,115,29,156,9.6667,52.0000
5029,300,117,30,153,10.0000,51.0000
5030,300,117,32,151,10.6667,50.3333
5031,300,118,30,152,10.0000,50.6667
5032,298,120,26,152,8.7248,51.0067
5033,301,123,27,151,8.9701,50.1661
5034,301,125,28,148,9.3023,49.1694
5035,300,128,26,146,8.6667,48.6667
5036,300,128,29,143,9.6667,47.6667
5037,300,134,30,136,10.0000,45.3333
5038,300,139,30,131,10.0000,43.6667
5039,300,141,31,128,10.3333,42.6667
5040,300,141,32,127,10.6667,42.3333
5041,300,142,32,126,10.6667,42.0000
5042,300,149,34,117,11.3333,39.0000
5043,300,151,34,115,11.3333,38.3333
5044,299,158,36,105,12.0401,35.1171
5045,301,169,36,96,11.9601,31.8937
5046,301,176,35,90,11.6279,29.9003
5047,300,178,38,84,12.6667,28.0000
5048,300,179,40,81,13.3333,27.0000
5049,300,177,41,82,13.6667,27.3333
5050,300,180,39,81,13.0000,27.0000
5051,300,181,41,78,13.6667,26.0000
5052,299,181,42,76,14.0468,25.4181
5053,300,182,48,70,16.0000,23.3333
5054,300,174,56,70,18.6667,23.3333
5055,300,166,66,68,22.0000,22.6667
5056,299,163,71,65,23.7458,21.7391
5057,301,159,75,67,24.9169,22.2591
5058,301,155,76,70,25.2492,23.2558
5059,301,151,82,68,27.2425,22.5914
5060,300,149,83,68,27.6667,22.6667
5061,299,146,87,66,29.0970,22.0736
5062,301,141,94,66,31.2292,21.9269
5063,301,139,94,68,31.2292,22.5914
5064,300,138,94,68,31.3333,22.6667
5065,299,132,100,67,33.4448,22.4080
5066,302,134,102,66,33.7748,21.8543
5067,302,131,105,66,34.7682,21.8543
5068,302,128,107,67,35.4305,22.1854
5069,301,123,108,70,35.8804,23.2558
5070,301,117,113,71,37.5415,23.5880
5071,300,111,119,70,39.6667,23.3333
5072,300,112,118,70,39.3333,23.3333
5073,300,110,119,71,39.6667,23.6667
5074,298,107,111,80,37.2483,26.8456
5075,297,102,109,86,36.7003,28.9562
5076,296,98,105,93,35.4730,31.4189
5077,297,99,105,93,35.3535,31.3131
5078,293,94,101,98,34.4710,33.4471
5079,293,90,101,102,34.4710,34.8123
5080,294,88,101,105,34.3537,35.7143
5081,298,86,104,108,34.8993,36.2416
5082,301,89,102,110,33.8870,36.5449
5083,296,85,100,111,33.7838,37.5000
5084,297,82,105,110,35.3535,37.0370
5085,296,79,106,111,35.8108,37.5000
5086,294,77,103,114,35.0340,38.7755
5087,297,79,100,118,33.6700,39.7306
5088,296,77,101,118,34.1216,39.8649
5089,295,74,100,121,33.8983,41.0169
5090,292,74,95,123,32.5342,42.1233
5091,292,76,90,126,30.8219,43.1507
5092,295,80,86,129,29.1525,43.7288
5093,295,78,86,131,29.1525,44.4068
5094,300,76,89,135,29.6667,45.0000
5095,299,76,87,136,29.0970,45.4849
5096,298,76,80,142,26.8456,47.6510
5097,302,81,78,143,25.8278,47.3510
5098,301,81,76,144,25.2492,47.8405
5099,299,80,73,146,24.4147,48.8294
5100,299,80,68,151,22.7425,50.5017
5101,300,81,66,153,22.0000,51.0000
5102,299,83,63,153,21.0702,51.1706
5103,300,86,56,158,18.6667,52.6667
5104,297,84,54,159,18.1818,53.5354
5105,302,90,45,167,14.9007,55.2980
5106,302,91,46,165,15.2318,54.6358
5107,302,89,44,169,14.5695,55.9603
5108,301,86,45,170,14.9502,56.4784
5109,301,89,40,172,13.2890,57.1429
5110,300,91,39,170,13.0000,56.6667
5111,300,91,37,172,12.3333,57.3333
5112,300,91,36,173,12.0000,57.6667
5113,299,92,34,173,11.3712,57.8595
5114,301,95,30,176,9.9668,58.4718
5115,300,98,25,177,8.3333,59.0000
5116,300,100,23,177,7.6667,59.0000
5117,300,100,22,178,7.3333,59.3333
5118,300,100,22,178,7.3333,59.3333
5119,300,100,23,177,7.6667,59.0000
5120,299,101,23,175,7.6923,58.5284
5121,305,110,23,172,7.5410,56.3934
5122,305,111,21,173,6.8852,56.7213
5123,305,111,22,172,7.2131,56.3934
5124,305,110,24,171,7.8689,56.0656
5125,305,111,24,170,7.8689,55.7377
5126,304,121,23,160,7.5658,52.6316
5127,303,127,21,155,6.9307,51.1551
5128,301,134,20,147,6.6445,48.8372
5129,300,135,19,146,6.3333,48.6667
5130,300,139,20,141,6.6667,47.0000
5131,300,140,22,138,7.3333,46.0000
5132,300,144,22,134,7.3333,44.6667
5133,300,146,24,130,8.0000,43.3333
5134,300,148,25,127,8.3333,42.3333
5135,299,150,26,123,8.6957,41.1371
5136,303,153,29,121,9.5710,39.9340
5137,303,154,30,119,9.9010,39.2739
5138,303,155,32,116,10.5611,38.2838
5139,300,159,30,111,10.0000,37.0000
5140,300,158,31,111,10.3333,37.0000
5141,300,160,32,108,10.6667,36.0000
5142,300,162,32,106,10.6667,35.3333
5143,300,162,36,102,12.0000,34.0000
5144,300,163,36,101,12.0000,33.6667
5145,300,166,33,101,11.0000,33.6667
5146,300,170,33,97,11.0000,32.3333
5147,300,172,33,95,11.0000,31.6667
5148,300,177,34,89,11.3333,29.6667
5149,300,176,36,88,12.0000,29.3333
5150,300,176,38,86,12.6667,28.6667
5151,298,175,37,86,12.4161,28.8591
5152,300,178,41,81,13.6667,27.0000
5153,298,180,40,78,13.4228,26.1745
5154,299,183,41,75,13.7124,25.0836
5155,302,191,41,70,13.5762,23.1788
5156,301,186,46,69,15.2824,22.9236
5157,301,189,48,64,15.9468,21.2625
5158,300,183,53,64,17.6667,21.3333
5159,300,185,54,61,18.0000,20.3333
5160,300,182,58,60,19.3333,20.0000
5161,298,182,59,57,19.7987,19.1275
5162,300,184,59,57,19.6667,19.0000
5163,300,180,65,55,21.6667,18.3333
5164,299,177,65,57,21.7391,19.0635
5165,301,178,65,58,21.5947,19.2691
5166,301,178,69,54,22.9236,17.9402
5167,300,176,74,50,24.6667,16.6667
5168,300,176,75,49,25.0000,16.3333
5169,299,175,76,48,25.4181,16.0535
5170,299,174,76,49,25.4181,16.3880
5171,303,172,79,52,26.0726,17.1617
5172,303,165,84,54,27.7228,17.8218
5173,303,161,84,58,27.7228,19.1419
5174,303,161,86,56,28.3828,18.4818
5175,303,154,92,57,30.3630,18.8119
5176,302,149,94,59,31.1258,19.5364
5177,299,145,94,60,31.4381,20.0669
5178,299,137,96,66,32.1070,22.0736
5179,299,133,98,68,32.7759,22.7425
5180,301,131,100,70,33.2226,23.2558
5181,299,124,102,73,34.1137,24.4147
5182,300,116,109,75,36.3333,25.0000
5183,300,110,111,79,37.0000,26.3333
5184,299,104,116,79,38.7960,26.4214
5185,299,103,114,82,38.1271,27.4247
5186,300,101,116,83,38.6667,27.6667
5187,299,96,115,88,38.4615,29.4314
5188,297,90,117,90,39.3939,30.3030
5189,297,85,122,90,41.0774,30.3030
5190,297,82,123,92,41.4141,30.9764
5191,300,83,118,99,39.3333,33.0000
5192,300,80,116,104,38.6667,34.6667
5193,299,77,114,108,38.1271,36.1204
5194,298,75,114,109,38.2550,36.5772
5195,298,69,114,115,38.2550,38.5906
5196,299,67,114,118,38.1271,39.4649
5197,297,64,116,117,39.0572,39.3939
5198,297,62,112,123,37.7104,41.4141
5199,293,58,109,126,37.2014,43.0034
5200,293,56,102,135,34.8123,46.0751
