tick,total,susceptible,infected,immune,pct_infected,pct_immune
0,150,83,10,57,6.6667,38.0000
1,152,85,10,57,6.5789,37.5000
2,154,86,11,57,7.1429,37.0130
3,154,86,11,57,7.1429,37.0130
4,154,86,11,57,7.1429,37.0130
5,156,88,11,57,7.0513,36.5385
6,159,91,11,57,6.9182,35.8491
7,159,89,13,57,8.1761,35.8491
8,160,89,14,57,8.7500,35.6250
9,164,93,14,57,8.5366,34.7561
10,166,93,16,57,9.6386,34.3373
11,168,94,17,57,10.1190,33.9286
12,170,96,17,57,10.0000,33.5294
13,171,97,17,57,9.9415,33.3333
14,173,98,18,57,10.4046,32.9480
15,173,97,19,57,10.9827,32.9480
16,176,99,20,57,11.3636,32.3864
17,176,99,20,57,11.3636,32.3864
18,176,97,22,57,12.5000,32.3864
19,176,96,23,57,13.0682,32.3864
20,176,95,24,57,13.6364,32.3864
21,174,97,14,63,8.0460,36.2069
22,174,97,14,63,8.0460,36.2069
23,175,98,13,64,7.4286,36.5714
24,177,100,13,64,7.3446,36.1582
25,182,105,13,64,7.1429,35.1648
26,181,104,13,64,7.1823,35.3591
27,183,104,14,65,7.6503,35.5191
28,184,104,13,67,7.0652,36.4130
29,186,106,13,67,6.9892,36.0215
30,188,108,13,67,6.9149,35.6383
31,190,110,12,68,6.3158,35.7895
32,191,111,11,69,5.7592,36.1257
33,192,111,12,69,6.2500,35.9375
34,192,110,13,69,6.7708,35.9375
35,195,113,11,71,5.6410,36.4103
36,196,114,10,72,5.1020,36.7347
37,196,112,12,72,6.1224,36.7347
38,198,114,11,73,5.5556,36.8687
39,200,115,11,74,5.5000,37.0000
40,201,115,11,75,5.4726,37.3134
41,203,116,11,76,5.4187,37.4384
42,204,116,12,76,5.8824,37.2549
43,207,117,14,76,6.7633,36.7150
44,207,116,15,76,7.2464,36.7150
45,207,116,15,76,7.2464,36.7150
46,212,121,15,76,7.0755,35.8491
47,213,122,15,76,7.0423,35.6808
48,212,121,14,77,6.6038,36.3208
49,213,121,15,77,7.0423,36.1502
50,216,124,15,77,6.9444,35.6481
51,220,128,14,78,6.3636,35.4545
52,222,186,15,21,6.7568,9.4595
53,222,186,15,21,6.7568,9.4595
54,228,192,15,21,6.5789,9.2105
55,230,191,17,22,7.3913,9.5652
56,232,191,19,22,8.1897,9.4828
57,231,190,19,22,8.2251,9.5238
58,234,190,21,23,8.9744,9.8291
59,237,192,22,23,9.2827,9.7046
60,238,191,22,25,9.2437,10.5042
61,240,191,24,25,10.0000,10.4167
62,241,192,23,26,9.5436,10.7884
63,243,193,23,27,9.4650,11.1111
64,246,195,23,28,9.3496,11.3821
65,249,198,22,29,8.8353,11.6466
66,252,199,24,29,9.5238,11.5079
67,252,197,26,29,10.3175,11.5079
68,255,198,28,29,10.9804,11.3725
69,258,202,26,30,10.0775,11.6279
70,262,203,29,30,11.0687,11.4504
71,264,198,36,30,13.6364,11.3636
72,266,197,38,31,14.2857,11.6541
73,272,208,39,25,14.3382,9.1912
74,273,207,41,25,15.0183,9.1575
75,275,209,40,26,14.5455,9.4545
76,273,204,41,28,15.0183,10.2564
77,275,202,45,28,16.3636,10.1818
78,278,204,45,29,16.1871,10.4317
79,281,206,45,30,16.0142,10.6762
80,283,201,53,29,18.7279,10.2473
81,283,197,55,31,19.4346,10.9541
82,287,201,54,32,18.8153,11.1498
83,289,201,57,31,19.7232,10.7266
84,289,191,66,32,22.8374,11.0727
85,291,189,70,32,24.0550,10.9966
86,292,188,71,33,24.3151,11.3014
87,297,190,76,31,25.5892,10.4377
88,296,187,78,31,26.3514,10.4730
89,297,177,87,33,29.2929,11.1111
90,298,169,95,34,31.8792,11.4094
91,301,167,97,37,32.2259,12.2924
92,298,162,97,39,32.5503,13.0872
93,300,158,102,40,34.0000,13.3333
94,300,152,107,41,35.6667,13.6667
95,300,144,113,43,37.6667,14.3333
96,300,140,114,46,38.0000,15.3333
97,300,128,123,49,41.0000,16.3333
98,298,123,124,51,41.6107,17.1141
99,300,122,125,53,41.6667,17.6667
100,298,122,122,54,40.9396,18.1208
101,300,120,116,64,38.6667,21.3333
102,300,117,118,65,39.3333,21.6667
103,300,113,123,64,41.0000,21.3333
104,299,110,114,75,38.1271,25.0836
105,300,108,114,78,38.0000,26.0000
106,298,104,113,81,37.9195,27.1812
107,299,104,113,82,37.7926,27.4247
108,299,103,112,84,37.4582,28.0936
109,299,96,112,91,37.4582,30.4348
110,294,92,105,97,35.7143,32.9932
111,295,86,107,102,36.2712,34.5763
112,295,85,106,104,35.9322,35.2542
113,298,85,102,111,34.2282,37.2483
114,302,87,101,114,33.4437,37.7483
115,301,86,96,119,31.8937,39.5349
116,299,86,88,125,29.4314,41.8060
117,299,87,82,130,27.4247,43.4783
118,298,86,80,132,26.8456,44.2953
119,300,84,81,135,27.0000,45.0000
120,299,81,81,137,27.0903,45.8194
121,300,80,80,140,26.6667,46.6667
122,300,74,83,143,27.6667,47.6667
123,298,69,85,144,28.5235,48.3221
124,300,69,83,148,27.6667,49.3333
125,299,69,80,150,26.7559,50.1672
126,300,65,81,154,27.0000,51.3333
127,299,64,82,153,27.4247,51.1706
128,298,66,78,154,26.1745,51.6779
129,300,68,75,157,25.0000,52.3333
130,299,67,72,160,24.0803,53.5117
131,296,68,66,162,22.2973,54.7297
132,296,69,62,165,20.9459,55.7432
133,299,71,61,167,20.4013,55.8528
134,299,71,58,170,19.3980,56.8562
135,303,74,58,171,19.1419,56.4356
136,303,75,58,170,19.1419,56.1056
137,302,73,57,172,18.8742,56.9536
138,302,74,55,173,18.2119,57.2848
139,299,74,51,174,17.0569,58.1940
140,301,74,49,178,16.2791,59.1362
141,301,75,47,179,15.6146,59.4684
142,299,77,42,180,14.0468,60.2007
143,299,82,38,179,12.7090,59.8662
144,302,88,34,180,11.2583,59.6026
145,301,89,34,178,11.2957,59.1362
146,300,90,32,178,10.6667,59.3333
147,298,92,26,180,8.7248,60.4027
148,302,96,28,178,9.2715,58.9404
149,302,99,28,175,9.2715,57.9470
150,301,101,25,175,8.3056,58.1395
151,301,103,23,175,7.6412,58.1395
152,301,105,20,176,6.6445,58.4718
153,300,114,19,167,6.3333,55.6667
154,300,111,21,168,7.0000,56.0000
155,300,109,21,170,7.0000,56.6667
156,300,120,20,160,6.6667,53.3333
157,300,123,19,158,6.3333,52.6667
158,299,124,19,156,6.3545,52.1739
159,303,130,19,154,6.2706,50.8251
160,302,131,18,153,5.9603,50.6623
161,302,137,17,148,5.6291,49.0066
162,302,144,16,142,5.2980,47.0199
163,302,147,18,137,5.9603,45.3642
164,302,149,18,135,5.9603,44.7020
165,302,156,18,128,5.9603,42.3841
166,302,159,18,125,5.9603,41.3907
167,302,164,18,120,5.9603,39.7351
168,302,170,19,113,6.2914,37.4172
169,302,176,16,110,5.2980,36.4238
170,302,177,16,109,5.2980,36.0927
171,302,180,16,106,5.2980,35.0993
172,302,180,18,104,5.9603,34.4371
173,302,181,21,100,6.9536,33.1126
174,302,182,19,101,6.2914,33.4437
175,302,182,20,100,6.6225,33.1126
176,301,186,19,96,6.3123,31.8937
177,301,186,21,94,6.9767,31.2292
178,301,185,24,92,7.9734,30.5648
179,300,184,24,92,8.0000,30.6667
180,300,186,25,89,8.3333,29.6667
181,300,188,26,86,8.6667,28.6667
182,300,192,25,83,8.3333,27.6667
183,299,196,23,80,7.6923,26.7559
184,300,199,24,77,8.0000,25.6667
185,300,199,29,72,9.6667,24.0000
186,300,200,32,68,10.6667,22.6667
187,299,199,33,67,11.0368,22.4080
188,301,200,35,66,11.6279,21.9269
189,301,199,37,65,12.2924,21.5947
190,301,195,43,63,14.2857,20.9302
191,301,193,47,61,15.6146,20.2658
192,301,195,50,56,16.6113,18.6047
193,300,196,47,57,15.6667,19.0000
194,300,195,51,54,17.0000,18.0000
195,300,193,53,54,17.6667,18.0000
196,300,188,61,51,20.3333,17.0000
197,300,185,62,53,20.6667,17.6667
198,299,177,70,52,23.4114,17.3913
199,301,183,68,50,22.5914,16.6113
200,301,177,73,51,24.2525,16.9435
201,301,177,73,51,24.2525,16.9435
202,301,176,75,50,24.9169,16.6113
203,301,176,77,48,25.5814,15.9468
204,301,175,81,45,26.9103,14.9502
205,301,170,84,47,27.9070,15.6146
206,297,169,79,49,26.5993,16.4983
207,302,173,82,47,27.1523,15.5629
208,300,166,86,48,28.6667,16.0000
209,300,159,92,49,30.6667,16.3333
210,298,151,96,51,32.2148,17.1141
211,298,147,96,55,32.2148,18.4564
212,298,142,99,57,33.2215,19.1275
213,297,137,103,57,34.6801,19.1919
214,300,134,107,59,35.6667,19.6667
215,297,126,111,60,37.3737,20.2020
216,296,122,112,62,37.8378,20.9459
217,300,118,115,67,38.3333,22.3333
218,300,115,114,71,38.0000,23.6667
219,297,111,112,74,37.7104,24.9158
220,299,112,111,76,37.1237,25.4181
221,297,110,111,76,37.3737,25.5892
222,297,105,114,78,38.3838,26.2626
223,297,98,121,78,40.7407,26.2626
224,298,98,118,82,39.5973,27.5168
225,298,93,120,85,40.2685,28.5235
226,301,96,120,85,39.8671,28.2392
227,301,95,119,87,39.5349,28.9037
228,300,89,121,90,40.3333,30.0000
229,298,85,117,96,39.2617,32.2148
230,301,85,112,104,37.2093,34.5515
231,300,83,109,108,36.3333,36.0000
232,298,77,108,113,36.2416,37.9195
233,295,76,103,116,34.9153,39.3220
234,299,77,101,121,33.7793,40.4682
235,298,78,93,127,31.2081,42.6174
236,299,80,89,130,29.7659,43.4783
237,300,76,87,137,29.0000,45.6667
238,299,74,80,145,26.7559,48.4950
239,299,73,77,149,25.7525,49.8328
240,304,78,76,150,25.0000,49.3421
241,304,77,74,153,24.3421,50.3289
242,302,75,72,155,23.8411,51.3245
243,299,69,70,160,23.4114,53.5117
244,301,67,69,165,22.9236,54.8173
245,301,70,67,164,22.2591,54.4850
246,299,66,66,167,22.0736,55.8528
247,299,70,63,166,21.0702,55.5184
248,301,70,61,170,20.2658,56.4784
249,300,72,56,172,18.6667,57.3333
250,300,71,55,174,18.3333,58.0000
251,299,69,56,174,18.7291,58.1940
252,300,71,53,176,17.6667,58.6667
253,299,68,53,178,17.7258,59.5318
254,300,69,51,180,17.0000,60.0000
255,296,67,49,180,16.5541,60.8108
256,296,68,46,182,15.5405,61.4865
257,298,70,47,181,15.7718,60.7383
258,299,77,43,179,14.3813,59.8662
259,301,79,43,179,14.2857,59.4684
260,300,80,41,179,13.6667,59.6667
261,298,79,42,177,14.0940,59.3960
262,299,79,45,175,15.0502,58.5284
263,299,85,41,173,13.7124,57.8595
264,302,87,41,174,13.5762,57.6159
265,302,88,39,175,12.9139,57.9470
266,300,88,39,173,13.0000,57.6667
267,300,85,42,173,14.0000,57.6667
268,300,86,43,171,14.3333,57.0000
269,298,90,42,166,14.0940,55.7047
270,298,91,45,162,15.1007,54.3624
271,301,95,44,162,14.6179,53.8206
272,299,96,41,162,13.7124,54.1806
273,301,100,40,161,13.2890,53.4884
274,299,100,40,159,13.3779,53.1773
275,300,98,43,159,14.3333,53.0000
276,300,101,44,155,14.6667,51.6667
277,298,104,42,152,14.0940,51.0067
278,300,110,41,149,13.6667,49.6667
279,300,112,42,146,14.0000,48.6667
280,299,115,42,142,14.0468,47.4916
281,303,122,44,137,14.5215,45.2145
282,302,130,38,134,12.5828,44.3709
283,302,132,39,131,12.9139,43.3775
284,302,134,41,127,13.5762,42.0530
285,300,133,42,125,14.0000,41.6667
286,299,135,44,120,14.7157,40.1338
287,303,144,44,115,14.5215,37.9538
288,302,145,42,115,13.9073,38.0795
289,301,149,42,110,13.9535,36.5449
290,301,156,41,104,13.6213,34.5515
291,300,157,40,103,13.3333,34.3333
292,300,156,41,103,13.6667,34.3333
293,300,159,41,100,13.6667,33.3333
294,300,160,42,98,14.0000,32.6667
295,299,164,40,95,13.3779,31.7726
296,299,169,38,92,12.7090,30.7692
297,302,171,41,90,13.5762,29.8013
298,302,170,45,87,14.9007,28.8079
299,301,169,46,86,15.2824,28.5714
300,301,171,49,81,16.2791,26.9103
301,301,168,54,79,17.9402,26.2458
302,301,165,59,77,19.6013,25.5814
303,301,162,64,75,21.2625,24.9169
304,301,161,66,74,21.9269,24.5847
305,298,160,64,74,21.4765,24.8322
306,296,159,64,73,21.6216,24.6622
307,296,155,66,75,22.2973,25.3378
308,296,150,71,75,23.9865,25.3378
309,297,150,73,74,24.5791,24.9158
310,297,147,75,75,25.2525,25.2525
311,298,143,78,77,26.1745,25.8389
312,302,137,89,76,29.4702,25.1656
313,302,134,90,78,29.8013,25.8278
314,302,133,90,79,29.8013,26.1589
315,302,134,91,77,30.1325,25.4967
316,301,132,95,74,31.5615,24.5847
317,301,125,105,71,34.8837,23.5880
318,301,121,105,75,34.8837,24.9169
319,301,116,107,78,35.5482,25.9136
320,301,108,114,79,37.8738,26.2458
321,300,99,115,86,38.3333,28.6667
322,299,92,120,87,40.1338,29.0970
323,301,93,119,89,39.5349,29.5681
324,300,89,119,92,39.6667,30.6667
325,298,83,121,94,40.6040,31.5436
326,298,80,123,95,41.2752,31.8792
327,298,77,124,97,41.6107,32.5503
328,297,74,122,101,41.0774,34.0067
329,296,71,121,104,40.8784,35.1351
330,296,71,120,105,40.5405,35.4730
331,295,62,126,107,42.7119,36.2712
332,293,62,117,114,39.9317,38.9078
333,292,62,109,121,37.3288,41.4384
334,295,65,114,116,38.6441,39.3220
335,296,67,113,116,38.1757,39.1892
336,300,66,117,117,39.0000,39.0000
337,300,64,110,126,36.6667,42.0000
338,299,62,105,132,35.1171,44.1472
339,301,63,107,131,35.5482,43.5216
340,296,65,100,131,33.7838,44.2568
341,297,69,92,136,30.9764,45.7912
342,299,72,86,141,28.7625,47.1572
343,301,76,81,144,26.9103,47.8405
344,299,76,79,144,26.4214,48.1605
345,300,76,77,147,25.6667,49.0000
346,298,74,70,154,23.4899,51.6779
347,304,82,66,156,21.7105,51.3158
348,303,80,67,156,22.1122,51.4851
349,302,80,64,158,21.1921,52.3179
350,300,77,63,160,21.0000,53.3333
351,298,77,56,165,18.7919,55.3691
352,297,75,54,168,18.1818,56.5657
353,300,78,56,166,18.6667,55.3333
354,297,73,56,168,18.8552,56.5657
355,298,75,54,169,18.1208,56.7114
356,297,74,53,170,17.8451,57.2391
357,298,78,49,171,16.4430,57.3826
358,301,80,49,172,16.2791,57.1429
359,300,79,49,172,16.3333,57.3333
360,300,79,49,172,16.3333,57.3333
361,300,80,47,173,15.6667,57.6667
362,299,83,43,173,14.3813,57.8595
363,301,83,44,174,14.6179,57.8073
364,301,82,45,174,14.9502,57.8073
365,300,84,43,173,14.3333,57.6667
366,299,85,40,174,13.3779,58.1940
367,303,88,39,176,12.8713,58.0858
368,302,86,39,177,12.9139,58.6093
369,302,86,37,179,12.2517,59.2715
370,301,87,38,176,12.6246,58.4718
371,301,89,40,172,13.2890,57.1429
372,301,92,39,170,12.9568,56.4784
373,301,95,41,165,13.6213,54.8173
374,297,96,36,165,12.1212,55.5556
375,298,99,37,162,12.4161,54.3624
376,299,103,37,159,12.3746,53.1773
377,300,108,36,156,12.0000,52.0000
378,299,110,35,154,11.7057,51.5050
379,300,113,32,155,10.6667,51.6667
380,300,112,35,153,11.6667,51.0000
381,300,114,35,151,11.6667,50.3333
382,300,114,37,149,12.3333,49.6667
383,300,113,38,149,12.6667,49.6667
384,299,117,38,144,12.7090,48.1605
385,302,124,40,138,13.2450,45.6954
386,301,123,40,138,13.2890,45.8472
387,301,125,39,137,12.9568,45.5150
388,301,127,38,136,12.6246,45.1827
389,300,135,38,127,12.6667,42.3333
390,300,140,39,121,13.0000,40.3333
391,299,139,38,122,12.7090,40.8027
392,302,145,37,120,12.2517,39.7351
393,301,149,39,113,12.9568,37.5415
394,301,155,36,110,11.9601,36.5449
395,300,158,37,105,12.3333,35.0000
396,300,156,38,106,12.6667,35.3333
397,300,158,39,103,13.0000,34.3333
398,300,163,40,97,13.3333,32.3333
399,300,166,40,94,13.3333,31.3333
400,300,167,41,92,13.6667,30.6667
401,298,167,37,94,12.4161,31.5436
402,299,169,37,93,12.3746,31.1037
403,302,177,37,88,12.2517,29.1391
404,299,175,39,85,13.0435,28.4281
405,301,176,39,86,12.9568,28.5714
406,301,176,39,86,12.9568,28.5714
407,301,174,42,85,13.9535,28.2392
408,301,175,45,81,14.9502,26.9103
409,301,176,45,80,14.9502,26.5781
410,300,176,45,79,15.0000,26.3333
411,300,172,49,79,16.3333,26.3333
412,300,171,51,78,17.0000,26.0000
413,299,168,53,78,17.7258,26.0870
414,300,167,58,75,19.3333,25.0000
415,300,168,58,74,19.3333,24.6667
416,299,164,61,74,20.4013,24.7492
417,301,163,60,78,19.9336,25.9136
418,301,162,63,76,20.9302,25.2492
419,300,158,67,75,22.3333,25.0000
420,300,155,71,74,23.6667,24.6667
421,300,147,80,73,26.6667,24.3333
422,300,143,84,73,28.0000,24.3333
423,300,142,84,74,28.0000,24.6667
424,299,140,85,74,28.4281,24.7492
425,301,139,85,77,28.2392,25.5814
426,299,137,86,76,28.7625,25.4181
427,302,137,90,75,29.8013,24.8344
428,301,135,91,75,30.2326,24.9169
429,300,128,96,76,32.0000,25.3333
430,300,127,96,77,32.0000,25.6667
431,299,127,95,77,31.7726,25.7525
432,299,124,96,79,32.1070,26.4214
433,299,121,97,81,32.4415,27.0903
434,298,115,99,84,33.2215,28.1879
435,297,114,99,84,33.3333,28.2828
436,298,112,102,84,34.2282,28.1879
437,299,111,102,86,34.1137,28.7625
438,300,109,103,88,34.3333,29.3333
439,298,106,100,92,33.5570,30.8725
440,298,107,96,95,32.2148,31.8792
441,299,104,98,97,32.7759,32.4415
442,300,103,90,107,30.0000,35.6667
443,299,103,90,106,30.1003,35.4515
444,297,102,91,104,30.6397,35.0168
445,301,102,91,108,30.2326,35.8804
446,300,99,93,108,31.0000,36.0000
447,299,95,90,114,30.1003,38.1271
448,299,93,93,113,31.1037,37.7926
449,297,93,91,113,30.6397,38.0471
450,296,90,91,115,30.7432,38.8514
451,297,90,92,115,30.9764,38.7205
452,297,87,93,117,31.3131,39.3939
453,298,89,93,116,31.2081,38.9262
454,299,88,92,119,30.7692,39.7993
455,296,86,90,120,30.4054,40.5405
456,299,84,91,124,30.4348,41.4716
457,299,84,87,128,29.0970,42.8094
458,300,86,88,126,29.3333,42.0000
459,300,85,85,130,28.3333,43.3333
460,299,82,84,133,28.0936,44.4816
461,301,84,84,133,27.9070,44.1860
462,297,84,79,134,26.5993,45.1178
463,298,85,77,136,25.8389,45.6376
464,299,85,79,135,26.4214,45.1505
465,302,88,76,138,25.1656,45.6954
466,300,86,72,142,24.0000,47.3333
467,300,84,71,145,23.6667,48.3333
468,300,81,69,150,23.0000,50.0000
469,299,82,69,148,23.0769,49.4983
470,304,87,67,150,22.0395,49.3421
471,303,86,64,153,21.1221,50.4950
472,301,85,61,155,20.2658,51.4950
473,301,84,57,160,18.9369,53.1561
474,299,84,55,160,18.3946,53.5117
475,300,86,52,162,17.3333,54.0000
476,300,86,49,165,16.3333,55.0000
477,299,90,46,163,15.3846,54.5151
478,299,89,43,167,14.3813,55.8528
479,303,92,45,166,14.8515,54.7855
480,303,90,48,165,15.8416,54.4554
481,301,89,45,167,14.9502,55.4817
482,301,89,46,166,15.2824,55.1495
483,300,87,49,164,16.3333,54.6667
484,299,90,48,161,16.0535,53.8462
485,301,95,47,159,15.6146,52.8239
486,300,96,47,157,15.6667,52.3333
487,299,96,45,158,15.0502,52.8428
488,301,100,43,158,14.2857,52.4917
489,301,103,37,161,12.2924,53.4884
490,300,102,38,160,12.6667,53.3333
491,299,107,36,156,12.0401,52.1739
492,299,108,39,152,13.0435,50.8361
493,300,111,38,151,12.6667,50.3333
494,300,120,38,142,12.6667,47.3333
495,299,120,37,142,12.3746,47.4916
496,299,116,41,142,13.7124,47.4916
497,303,120,45,138,14.8515,45.5446
498,302,122,44,136,14.5695,45.0331
499,300,128,43,129,14.3333,43.0000
500,300,129,39,132,13.0000,44.0000
501,299,130,37,132,12.3746,44.1472
502,306,139,35,132,11.4379,43.1373
503,306,139,32,135,10.4575,44.1176
504,305,139,31,135,10.1639,44.2623
505,305,138,35,132,11.4754,43.2787
506,305,142,35,128,11.4754,41.9672
507,304,141,35,128,11.5132,42.1053
508,304,140,39,125,12.8289,41.1184
509,304,144,40,120,13.1579,39.4737
510,303,146,39,118,12.8713,38.9439
511,303,148,39,116,12.8713,38.2838
512,302,149,39,114,12.9139,37.7483
513,300,148,40,112,13.3333,37.3333
514,298,147,41,110,13.7584,36.9128
515,299,148,43,108,14.3813,36.1204
516,301,148,43,110,14.2857,36.5449
517,300,149,45,106,15.0000,35.3333
518,300,153,39,108,13.0000,36.0000
519,300,155,41,104,13.6667,34.6667
520,300,157,44,99,14.6667,33.0000
521,300,158,46,96,15.3333,32.0000
522,300,157,49,94,16.3333,31.3333
523,300,159,51,90,17.0000,30.0000
524,299,157,54,88,18.0602,29.4314
525,301,164,53,84,17.6080,27.9070
526,301,160,57,84,18.9369,27.9070
527,301,160,59,82,19.6013,27.2425
528,300,161,57,82,19.0000,27.3333
529,300,160,59,81,19.6667,27.0000
530,300,162,61,77,20.3333,25.6667
531,300,155,66,79,22.0000,26.3333
532,300,153,69,78,23.0000,26.0000
533,300,152,71,77,23.6667,25.6667
534,300,146,75,79,25.0000,26.3333
535,300,143,74,83,24.6667,27.6667
536,300,139,77,84,25.6667,28.0000
537,300,132,83,85,27.6667,28.3333
538,299,127,86,86,28.7625,28.7625
539,299,128,88,83,29.4314,27.7592
540,303,129,89,85,29.3729,28.0528
541,302,128,92,82,30.4636,27.1523
542,302,121,98,83,32.4503,27.4834
543,300,117,100,83,33.3333,27.6667
544,300,113,101,86,33.6667,28.6667
545,299,108,105,86,35.1171,28.7625
546,301,110,103,88,34.2193,29.2359
547,300,106,104,90,34.6667,30.0000
548,299,101,106,92,35.4515,30.7692
549,300,95,110,95,36.6667,31.6667
550,299,92,111,96,37.1237,32.1070
551,303,92,112,99,36.9637,32.6733
552,300,92,109,99,36.3333,33.0000
553,299,83,116,100,38.7960,33.4448
554,301,86,113,102,37.5415,33.8870
555,300,87,110,103,36.6667,34.3333
556,298,85,109,104,36.5772,34.8993
557,295,80,109,106,36.9492,35.9322
558,297,79,103,115,34.6801,38.7205
559,299,83,101,115,33.7793,38.4615
560,303,84,103,116,33.9934,38.2838
561,300,82,97,121,32.3333,40.3333
562,296,79,93,124,31.4189,41.8919
563,296,82,88,126,29.7297,42.5676
564,297,83,85,129,28.6195,43.4343
565,296,79,85,132,28.7162,44.5946
566,296,77,80,139,27.0270,46.9595
567,299,78,83,138,27.7592,46.1538
568,301,77,82,142,27.2425,47.1761
569,299,77,78,144,26.0870,48.1605
570,297,81,75,141,25.2525,47.4747
571,298,82,75,141,25.1678,47.3154
572,297,84,71,142,23.9057,47.8114
573,295,85,64,146,21.6949,49.4915
574,297,88,58,151,19.5286,50.8418
575,298,89,58,151,19.4631,50.6711
576,300,93,53,154,17.6667,51.3333
577,299,92,52,155,17.3913,51.8395
578,298,92,51,155,17.1141,52.0134
579,299,90,55,154,18.3946,51.5050
580,302,95,55,152,18.2119,50.3311
581,300,94,56,150,18.6667,50.0000
582,299,95,52,152,17.3913,50.8361
583,299,94,54,151,18.0602,50.5017
584,300,93,55,152,18.3333,50.6667
585,299,93,56,150,18.7291,50.1672
586,300,95,55,150,18.3333,50.0000
587,300,95,57,148,19.0000,49.3333
588,299,97,51,151,17.0569,50.5017
589,301,101,47,153,15.6146,50.8306
590,301,100,50,151,16.6113,50.1661
591,300,99,45,156,15.0000,52.0000
592,300,102,45,153,15.0000,51.0000
593,300,102,48,150,16.0000,50.0000
594,300,103,48,149,16.0000,49.6667
595,300,100,51,149,17.0000,49.6667
596,300,102,52,146,17.3333,48.6667
597,299,101,54,144,18.0602,48.1605
598,298,102,52,144,17.4497,48.3221
599,300,108,50,142,16.6667,47.3333
600,298,109,45,144,15.1007,48.3221
601,300,113,43,144,14.3333,48.0000
602,300,113,45,142,15.0000,47.3333
603,300,112,49,139,16.3333,46.3333
604,299,113,47,139,15.7191,46.4883
605,299,112,47,140,15.7191,46.8227
606,301,117,46,138,15.2824,45.8472
607,300,121,43,136,14.3333,45.3333
608,300,124,42,134,14.0000,44.6667
609,300,126,42,132,14.0000,44.0000
610,299,134,40,125,13.3779,41.8060
611,298,134,41,123,13.7584,41.2752
612,299,137,41,121,13.7124,40.4682
613,300,140,42,118,14.0000,39.3333
614,300,141,41,118,13.6667,39.3333
615,299,142,41,116,13.7124,38.7960
616,300,146,40,114,13.3333,38.0000
617,299,146,41,112,13.7124,37.4582
618,301,150,44,107,14.6179,35.5482
619,300,150,43,107,14.3333,35.6667
620,300,154,45,101,15.0000,33.6667
621,299,153,47,99,15.7191,33.1104
622,300,158,45,97,15.0000,32.3333
623,300,156,47,97,15.6667,32.3333
624,298,156,44,98,14.7651,32.8859
625,299,160,41,98,13.7124,32.7759
626,302,168,41,93,13.5762,30.7947
627,301,164,42,95,13.9535,31.5615
628,301,167,42,92,13.9535,30.5648
629,301,167,45,89,14.9502,29.5681
630,301,169,45,87,14.9502,28.9037
631,301,166,45,90,14.9502,29.9003
632,301,167,45,89,14.9502,29.5681
633,301,165,46,90,15.2824,29.9003
634,300,164,47,89,15.6667,29.6667
635,298,163,46,89,15.4362,29.8658
636,301,166,47,88,15.6146,29.2359
637,300,164,47,89,15.6667,29.6667
638,300,163,48,89,16.0000,29.6667
639,300,162,48,90,16.0000,30.0000
640,300,165,48,87,16.0000,29.0000
641,297,164,49,84,16.4983,28.2828
642,297,162,51,84,17.1717,28.2828
643,298,165,54,79,18.1208,26.5101
644,299,163,55,81,18.3946,27.0903
645,301,161,57,83,18.9369,27.5748
646,301,158,59,84,19.6013,27.9070
647,301,154,62,85,20.5980,28.2392
648,301,148,64,89,21.2625,29.5681
649,300,144,67,89,22.3333,29.6667
650,299,145,68,86,22.7425,28.7625
651,302,147,70,85,23.1788,28.1457
652,301,145,73,83,24.2525,27.5748
653,300,143,74,83,24.6667,27.6667
654,300,141,76,83,25.3333,27.6667
655,300,134,79,87,26.3333,29.0000
656,300,133,82,85,27.3333,28.3333
657,300,129,86,85,28.6667,28.3333
658,299,127,87,85,29.0970,28.4281
659,300,126,89,85,29.6667,28.3333
660,299,125,88,86,29.4314,28.7625
661,301,123,90,88,29.9003,29.2359
662,301,120,89,92,29.5681,30.5648
663,301,115,93,93,30.8970,30.8970
664,300,101,103,96,34.3333,32.0000
665,299,100,102,97,34.1137,32.4415
666,300,99,103,98,34.3333,32.6667
667,298,99,100,99,33.5570,33.2215
668,301,98,101,102,33.5548,33.8870
669,299,95,101,103,33.7793,34.4482
670,303,99,99,105,32.6733,34.6535
671,303,95,103,105,33.9934,34.6535
672,302,87,106,109,35.0993,36.0927
673,300,87,102,111,34.0000,37.0000
674,299,86,101,112,33.7793,37.4582
675,301,84,102,115,33.8870,38.2060
676,299,82,102,115,34.1137,38.4615
677,298,87,95,116,31.8792,38.9262
678,301,85,96,120,31.8937,39.8671
679,300,83,94,123,31.3333,41.0000
680,300,80,95,125,31.6667,41.6667
681,300,76,97,127,32.3333,42.3333
682,299,75,91,133,30.4348,44.4816
683,302,80,87,135,28.8079,44.7020
684,297,78,81,138,27.2727,46.4646
685,295,77,76,142,25.7627,48.1356
686,296,74,80,142,27.0270,47.9730
687,296,74,79,143,26.6892,48.3108
688,298,73,76,149,25.5034,50.0000
689,301,78,73,150,24.2525,49.8339
690,301,78,72,151,23.9203,50.1661
691,301,81,70,150,23.2558,49.8339
692,300,81,65,154,21.6667,51.3333
693,298,79,63,156,21.1409,52.3490
694,301,81,62,158,20.5980,52.4917
695,301,77,63,161,20.9302,53.4884
696,299,79,60,160,20.0669,53.5117
697,301,82,57,162,18.9369,53.8206
698,300,79,59,162,19.6667,54.0000
699,298,78,57,163,19.1275,54.6980
700,300,82,55,163,18.3333,54.3333
701,298,81,50,167,16.7785,56.0403
702,302,86,49,167,16.2252,55.2980
703,302,83,51,168,16.8874,55.6291
704,302,82,54,166,17.8808,54.9669
705,302,83,50,169,16.5563,55.9603
706,299,82,49,168,16.3880,56.1873
707,298,85,46,167,15.4362,56.0403
708,298,85,48,165,16.1074,55.3691
709,302,91,46,165,15.2318,54.6358
710,302,90,49,163,16.2252,53.9735
711,302,91,48,163,15.8940,53.9735
712,301,92,47,162,15.6146,53.8206
713,301,89,50,162,16.6113,53.8206
714,300,94,49,157,16.3333,52.3333
715,299,95,47,157,15.7191,52.5084
716,300,98,47,155,15.6667,51.6667
717,299,100,45,154,15.0502,51.5050
718,301,104,47,150,15.6146,49.8339
719,299,104,45,150,15.0502,50.1672
720,303,113,42,148,13.8614,48.8449
721,302,113,42,147,13.9073,48.6755
722,302,116,43,143,14.2384,47.3510
723,302,116,43,143,14.2384,47.3510
724,301,114,47,140,15.6146,46.5116
725,300,114,47,139,15.6667,46.3333
726,300,114,48,138,16.0000,46.0000
727,299,117,45,137,15.0502,45.8194
728,301,120,45,136,14.9502,45.1827
729,301,123,46,132,15.2824,43.8538
730,301,125,47,129,15.6146,42.8571
731,298,129,43,126,14.4295,42.2819
732,299,131,44,124,14.7157,41.4716
733,300,133,42,125,14.0000,41.6667
734,299,136,42,121,14.0468,40.4682
735,300,138,46,116,15.3333,38.6667
736,300,141,45,114,15.0000,38.0000
737,300,144,46,110,15.3333,36.6667
738,300,144,46,110,15.3333,36.6667
739,299,142,46,111,15.3846,37.1237
740,299,149,45,105,15.0502,35.1171
741,302,153,47,102,15.5629,33.7748
742,301,156,46,99,15.2824,32.8904
743,301,156,48,97,15.9468,32.2259
744,301,162,43,96,14.2857,31.8937
745,301,161,44,96,14.6179,31.8937
746,301,162,41,98,13.6213,32.5581
747,300,165,40,95,13.3333,31.6667
748,300,161,46,93,15.3333,31.0000
749,299,163,45,91,15.0502,30.4348
750,300,162,46,92,15.3333,30.6667
751,300,160,50,90,16.6667,30.0000
752,300,162,51,87,17.0000,29.0000
753,299,160,53,86,17.7258,28.7625
754,299,156,57,86,19.0635,28.7625
755,302,154,61,87,20.1987,28.8079
756,301,152,59,90,19.6013,29.9003
757,301,151,64,86,21.2625,28.5714
758,301,150,64,87,21.2625,28.9037
759,300,149,65,86,21.6667,28.6667
760,299,146,65,88,21.7391,29.4314
761,300,146,68,86,22.6667,28.6667
762,300,141,73,86,24.3333,28.6667
763,299,136,78,85,26.0870,28.4281
764,304,138,82,84,26.9737,27.6316
765,303,135,85,83,28.0528,27.3927
766,302,131,87,84,28.8079,27.8146
767,302,127,92,83,30.4636,27.4834
768,301,123,93,85,30.8970,28.2392
769,300,122,93,85,31.0000,28.3333
770,299,117,94,88,31.4381,29.4314
771,298,116,92,90,30.8725,30.2013
772,299,111,98,90,32.7759,30.1003
773,301,109,101,91,33.5548,30.2326
774,299,106,98,95,32.7759,31.7726
775,300,105,99,96,33.0000,32.0000
776,300,101,98,101,32.6667,33.6667
777,299,99,97,103,32.4415,34.4482
778,301,99,98,104,32.5581,34.5515
779,300,95,100,105,33.3333,35.0000
780,299,93,103,103,34.4482,34.4482
781,300,90,103,107,34.3333,35.6667
782,299,90,101,108,33.7793,36.1204
783,299,94,93,112,31.1037,37.4582
784,300,92,92,116,30.6667,38.6667
785,298,90,91,117,30.5369,39.2617
786,296,89,89,118,30.0676,39.8649
787,297,87,90,120,30.3030,40.4040
788,295,86,87,122,29.4915,41.3559
789,295,84,89,122,30.1695,41.3559
790,295,82,91,122,30.8475,41.3559
791,297,82,89,126,29.9663,42.4242
792,296,81,85,130,28.7162,43.9189
793,293,79,77,137,26.2799,46.7577
794,296,82,75,139,25.3378,46.9595
795,299,83,75,141,25.0836,47.1572
796,302,89,71,142,23.5099,47.0199
797,302,91,67,144,22.1854,47.6821
798,301,91,67,143,22.2591,47.5083
799,300,89,66,145,22.0000,48.3333
800,300,87,61,152,20.3333,50.6667
801,297,87,58,152,19.5286,51.1785
802,302,94,56,152,18.5430,50.3311
803,302,94,56,152,18.5430,50.3311
804,301,95,54,152,17.9402,50.4983
805,299,96,51,152,17.0569,50.8361
806,301,99,48,154,15.9468,51.1628
807,299,97,47,155,15.7191,51.8395
808,304,106,44,154,14.4737,50.6579
809,303,103,45,155,14.8515,51.1551
810,302,103,42,157,13.9073,51.9868
811,301,104,38,159,12.6246,52.8239
812,301,102,40,159,13.2890,52.8239
813,301,101,41,159,13.6213,52.8239
814,300,102,39,159,13.0000,53.0000
815,300,103,37,160,12.3333,53.3333
816,300,103,36,161,12.0000,53.6667
817,300,102,37,161,12.3333,53.6667
818,300,103,34,163,11.3333,54.3333
819,299,102,34,163,11.3712,54.5151
820,299,104,32,163,10.7023,54.5151
821,299,107,31,161,10.3679,53.8462
822,299,109,31,159,10.3679,53.1773
823,302,115,32,155,10.5960,51.3245
824,302,115,35,152,11.5894,50.3311
825,302,115,37,150,12.2517,49.6689
826,302,119,34,149,11.2583,49.3377
827,302,120,33,149,10.9272,49.3377
828,300,124,32,144,10.6667,48.0000
829,300,126,32,142,10.6667,47.3333
830,298,128,29,141,9.7315,47.3154
831,300,135,28,137,9.3333,45.6667
832,299,134,25,140,8.3612,46.8227
833,303,140,27,136,8.9109,44.8845
834,303,141,28,134,9.2409,44.2244
835,303,143,31,129,10.2310,42.5743
836,303,145,33,125,10.8911,41.2541
837,303,147,33,123,10.8911,40.5941
838,303,148,34,121,11.2211,39.9340
839,303,146,38,119,12.5413,39.2739
840,302,148,38,116,12.5828,38.4106
841,301,145,41,115,13.6213,38.2060
842,299,145,41,113,13.7124,37.7926
843,301,149,45,107,14.9502,35.5482
844,298,150,44,104,14.7651,34.8993
845,301,159,45,97,14.9502,32.2259
846,299,158,47,94,15.7191,31.4381
847,301,159,50,92,16.6113,30.5648
848,301,159,55,87,18.2724,28.9037
849,300,156,60,84,20.0000,28.0000
850,300,154,65,81,21.6667,27.0000
851,300,149,72,79,24.0000,26.3333
852,300,154,73,73,24.3333,24.3333
853,299,154,74,71,24.7492,23.7458
854,302,157,75,70,24.8344,23.1788
855,300,154,74,72,24.6667,24.0000
856,298,149,78,71,26.1745,23.8255
857,300,151,78,71,26.0000,23.6667
858,300,149,81,70,27.0000,23.3333
859,300,150,81,69,27.0000,23.0000
860,299,150,80,69,26.7559,23.0769
861,300,148,83,69,27.6667,23.0000
862,299,146,83,70,27.7592,23.4114
863,302,148,86,68,28.4768,22.5166
864,301,146,86,69,28.5714,22.9236
865,301,143,88,70,29.2359,23.2558
866,299,138,92,69,30.7692,23.0769
867,302,142,91,69,30.1325,22.8477
868,302,135,95,72,31.4570,23.8411
869,300,132,92,76,30.6667,25.3333
870,300,130,91,79,30.3333,26.3333
871,299,125,92,82,30.7692,27.4247
872,303,128,90,85,29.7030,28.0528
873,303,122,95,86,31.3531,28.3828
874,302,121,93,88,30.7947,29.1391
875,302,115,97,90,32.1192,29.8013
876,299,110,97,92,32.4415,30.7692
877,295,106,96,93,32.5424,31.5254
878,295,109,93,93,31.5254,31.5254
879,297,108,96,93,32.3232,31.3131
880,299,108,98,93,32.7759,31.1037
881,300,106,100,94,33.3333,31.3333
882,298,102,98,98,32.8859,32.8859
883,298,100,98,100,32.8859,33.5570
884,301,103,98,100,32.5581,33.2226
885,301,101,97,103,32.2259,34.2193
886,299,100,95,104,31.7726,34.7826
887,299,99,92,108,30.7692,36.1204
888,299,97,94,108,31.4381,36.1204
889,299,97,87,115,29.0970,38.4615
890,299,99,84,116,28.0936,38.7960
891,300,98,82,120,27.3333,40.0000
892,299,96,78,125,26.0870,41.8060
893,300,95,75,130,25.0000,43.3333
894,299,86,82,131,27.4247,43.8127
895,300,86,81,133,27.0000,44.3333
896,299,83,78,138,26.0870,46.1538
897,301,84,76,141,25.2492,46.8439
898,299,81,75,143,25.0836,47.8261
899,302,84,73,145,24.1722,48.0132
900,301,83,70,148,23.2558,49.1694
901,301,82,70,149,23.2558,49.5017
902,301,79,68,154,22.5914,51.1628
903,301,77,64,160,21.2625,53.1561
904,301,76,62,163,20.5980,54.1528
905,300,71,64,165,21.3333,55.0000
906,300,73,60,167,20.0000,55.6667
907,300,73,61,166,20.3333,55.3333
908,299,71,60,168,20.0669,56.1873
909,301,73,59,169,19.6013,56.1462
910,300,69,63,168,21.0000,56.0000
911,298,71,61,166,20.4698,55.7047
912,299,70,62,167,20.7358,55.8528
913,301,72,62,167,20.5980,55.4817
914,300,74,56,170,18.6667,56.6667
915,300,75,51,174,17.0000,58.0000
916,300,75,51,174,17.0000,58.0000
917,300,76,50,174,16.6667,58.0000
918,299,73,49,177,16.3880,59.1973
919,300,74,52,174,17.3333,58.0000
920,300,77,52,171,17.3333,57.0000
921,300,81,52,167,17.3333,55.6667
922,300,87,50,163,16.6667,54.3333
923,300,87,51,162,17.0000,54.0000
924,299,89,52,158,17.3913,52.8428
925,302,95,49,158,16.2252,52.3179
926,300,97,47,156,15.6667,52.0000
927,300,100,46,154,15.3333,51.3333
928,300,99,46,155,15.3333,51.6667
929,300,97,48,155,16.0000,51.6667
930,298,98,42,158,14.0940,53.0201
931,302,104,40,158,13.2450,52.3179
932,300,100,42,158,14.0000,52.6667
933,299,101,42,156,14.0468,52.1739
934,301,108,41,152,13.6213,50.4983
935,300,108,40,152,13.3333,50.6667
936,300,110,41,149,13.6667,49.6667
937,300,112,40,148,13.3333,49.3333
938,299,112,41,146,13.7124,48.8294
939,301,118,37,146,12.2924,48.5050
940,300,116,37,147,12.3333,49.0000
941,300,125,37,138,12.3333,46.0000
942,300,125,38,137,12.6667,45.6667
943,300,126,39,135,13.0000,45.0000
944,299,129,39,131,13.0435,43.8127
945,302,133,41,128,13.5762,42.3841
946,302,132,43,127,14.2384,42.0530
947,302,127,50,125,16.5563,41.3907
948,302,131,51,120,16.8874,39.7351
949,302,133,49,120,16.2252,39.7351
950,302,127,54,121,17.8808,40.0662
951,302,128,55,119,18.2119,39.4040
952,302,130,54,118,17.8808,39.0728
953,302,129,55,118,18.2119,39.0728
954,302,132,56,114,18.5430,37.7483
955,302,136,58,108,19.2053,35.7616
956,300,136,59,105,19.6667,35.0000
957,300,131,65,104,21.6667,34.6667
958,299,132,67,100,22.4080,33.4448
959,299,131,68,100,22.7425,33.4448
960,297,129,70,98,23.5690,32.9966
961,299,132,73,94,24.4147,31.4381
962,300,131,75,94,25.0000,31.3333
963,300,129,76,95,25.3333,31.6667
964,300,130,74,96,24.6667,32.0000
965,299,130,70,99,23.4114,33.1104
966,300,135,72,93,24.0000,31.0000
967,298,139,68,91,22.8188,30.5369
968,299,139,68,92,22.7425,30.7692
969,299,137,70,92,23.4114,30.7692
970,300,137,69,94,23.0000,31.3333
971,299,133,68,98,22.7425,32.7759
972,301,131,71,99,23.5880,32.8904
973,301,125,77,99,25.5814,32.8904
974,300,126,75,99,25.0000,33.0000
975,297,124,76,97,25.5892,32.6599
976,299,124,79,96,26.4214,32.1070
977,299,126,75,98,25.0836,32.7759
978,298,123,75,100,25.1678,33.5570
979,301,126,73,102,24.2525,33.8870
980,298,124,72,102,24.1611,34.2282
981,302,126,73,103,24.1722,34.1060
982,299,128,71,100,23.7458,33.4448
983,302,128,75,99,24.8344,32.7815
984,302,126,77,99,25.4967,32.7815
985,302,121,81,100,26.8212,33.1126
986,301,114,87,100,28.9037,33.2226
987,298,110,88,100,29.5302,33.5570
988,301,110,90,101,29.9003,33.5548
989,299,106,93,100,31.1037,33.4448
990,299,103,96,100,32.1070,33.4448
991,300,106,94,100,31.3333,33.3333
992,300,105,93,102,31.0000,34.0000
993,297,100,88,109,29.6296,36.7003
994,299,101,89,109,29.7659,36.4548
995,300,96,96,108,32.0000,36.0000
996,300,96,95,109,31.6667,36.3333
997,299,93,97,109,32.4415,36.4548
998,296,93,91,112,30.7432,37.8378
999,298,94,92,112,30.8725,37.5839
1000,300,95,91,114,30.3333,38.0000
1001,300,97,89,114,29.6667,38.0000
1002,299,93,91,115,30.4348,38.4615
1003,300,93,90,117,30.0000,39.0000
1004,300,91,90,119,30.0000,39.6667
1005,298,92,88,118,29.5302,39.5973
1006,298,89,85,124,28.5235,41.6107
1007,297,85,83,129,27.9461,43.4343
1008,300,85,84,131,28.0000,43.6667
1009,299,83,78,138,26.0870,46.1538
1010,297,80,77,140,25.9259,47.1380
1011,299,80,77,142,25.7525,47.4916
1012,300,79,76,145,25.3333,48.3333
1013,299,75,77,147,25.7525,49.1639
1014,298,75,76,147,25.5034,49.3289
1015,301,77,72,152,23.9203,50.4983
1016,298,77,70,151,23.4899,50.6711
1017,302,86,68,148,22.5166,49.0066
1018,300,83,67,150,22.3333,50.0000
1019,300,85,68,147,22.6667,49.0000
1020,300,86,70,144,23.3333,48.0000
1021,299,87,68,144,22.7425,48.1605
1022,299,87,69,143,23.0769,47.8261
1023,298,91,66,141,22.1477,47.3154
1024,300,98,61,141,20.3333,47.0000
1025,298,97,59,142,19.7987,47.6510
1026,299,101,57,141,19.0635,47.1572
1027,300,103,54,143,18.0000,47.6667
1028,299,100,54,145,18.0602,48.4950
1029,299,102,51,146,17.0569,48.8294
1030,300,103,50,147,16.6667,49.0000
1031,298,105,47,146,15.7718,48.9933
1032,299,108,46,145,15.3846,48.4950
1033,301,111,44,146,14.6179,48.5050
1034,301,111,45,145,14.9502,48.1728
1035,299,111,42,146,14.0468,48.8294
1036,302,113,42,147,13.9073,48.6755
1037,301,112,42,147,13.9535,48.8372
1038,300,107,46,147,15.3333,49.0000
1039,299,108,43,148,14.3813,49.4983
1040,302,108,47,147,15.5629,48.6755
1041,302,109,44,149,14.5695,49.3377
1042,302,106,45,151,14.9007,50.0000
1043,301,110,43,148,14.2857,49.1694
1044,300,113,43,144,14.3333,48.0000
1045,300,118,45,137,15.0000,45.6667
1046,300,117,44,139,14.6667,46.3333
1047,300,116,46,138,15.3333,46.0000
1048,299,117,45,137,15.0502,45.8194
1049,303,123,44,136,14.5215,44.8845
1050,301,122,44,135,14.6179,44.8505
1051,301,119,47,135,15.6146,44.8505
1052,301,117,49,135,16.2791,44.8505
1053,301,116,51,134,16.9435,44.5183
1054,300,117,53,130,17.6667,43.3333
1055,299,114,56,129,18.7291,43.1438
1056,301,118,58,125,19.2691,41.5282
1057,301,114,63,124,20.9302,41.1960
1058,298,114,65,119,21.8121,39.9329
1059,300,118,64,118,21.3333,39.3333
1060,299,116,64,119,21.4047,39.7993
1061,301,122,68,111,22.5914,36.8771
1062,300,118,72,110,24.0000,36.6667
1063,299,120,71,108,23.7458,36.1204
1064,302,124,72,106,23.8411,35.0993
1065,301,121,76,104,25.2492,34.5515
1066,301,115,81,105,26.9103,34.8837
1067,300,118,82,100,27.3333,33.3333
1068,298,116,85,97,28.5235,32.5503
1069,299,116,87,96,29.0970,32.1070
1070,301,118,89,94,29.5681,31.2292
1071,299,113,90,96,30.1003,32.1070
1072,300,115,85,100,28.3333,33.3333
1073,300,113,87,100,29.0000,33.3333
1074,299,110,92,97,30.7692,32.4415
1075,300,109,91,100,30.3333,33.3333
1076,299,108,91,100,30.4348,33.4448
1077,303,113,88,102,29.0429,33.6634
1078,303,111,85,107,28.0528,35.3135
1079,301,108,84,109,27.9070,36.2126
1080,301,108,84,109,27.9070,36.2126
1081,300,108,83,109,27.6667,36.3333
1082,297,111,80,106,26.9360,35.6902
1083,298,116,75,107,25.1678,35.9060
1084,300,115,80,105,26.6667,35.0000
1085,299,116,76,107,25.4181,35.7860
1086,303,120,75,108,24.7525,35.6436
1087,301,117,75,109,24.9169,36.2126
1088,299,115,74,110,24.7492,36.7893
1089,300,117,73,110,24.3333,36.6667
1090,299,116,71,112,23.7458,37.4582
1091,297,119,67,111,22.5589,37.3737
1092,301,123,64,114,21.2625,37.8738
1093,300,119,68,113,22.6667,37.6667
1094,300,116,68,116,22.6667,38.6667
1095,298,112,68,118,22.8188,39.5973
1096,299,109,69,121,23.0769,40.4682
1097,299,105,71,123,23.7458,41.1371
1098,302,106,76,120,25.1656,39.7351
1099,299,102,73,124,24.4147,41.4716
1100,299,104,72,123,24.0803,41.1371
1101,300,102,74,124,24.6667,41.3333
1102,300,101,75,124,25.0000,41.3333
1103,299,96,79,124,26.4214,41.4716
1104,305,100,81,124,26.5574,40.6557
1105,304,100,80,124,26.3158,40.7895
1106,304,96,82,126,26.9737,41.4474
1107,302,93,85,124,28.1457,41.0596
1108,301,90,83,128,27.5748,42.5249
1109,300,86,83,131,27.6667,43.6667
1110,300,86,84,130,28.0000,43.3333
1111,298,86,86,126,28.8591,42.2819
1112,300,90,88,122,29.3333,40.6667
1113,299,88,85,126,28.4281,42.1405
1114,301,94,79,128,26.2458,42.5249
1115,299,92,76,131,25.4181,43.8127
1116,303,97,74,132,24.4224,43.5644
1117,300,91,72,137,24.0000,45.6667
1118,300,87,76,137,25.3333,45.6667
1119,300,83,75,142,25.0000,47.3333
1120,299,80,75,144,25.0836,48.1605
1121,301,81,73,147,24.2525,48.8372
1122,300,78,76,146,25.3333,48.6667
1123,300,77,71,152,23.6667,50.6667
1124,300,81,71,148,23.6667,49.3333
1125,298,79,71,148,23.8255,49.6644
1126,302,80,72,150,23.8411,49.6689
1127,299,80,72,147,24.0803,49.1639
1128,299,80,70,149,23.4114,49.8328
1129,299,84,69,146,23.0769,48.8294
1130,302,94,66,142,21.8543,47.0199
1131,300,95,64,141,21.3333,47.0000
1132,299,93,67,139,22.4080,46.4883
1133,299,93,69,137,23.0769,45.8194
1134,301,89,75,137,24.9169,45.5150
1135,300,89,77,134,25.6667,44.6667
1136,300,84,79,137,26.3333,45.6667
1137,300,86,81,133,27.0000,44.3333
1138,298,88,75,135,25.1678,45.3020
1139,298,92,72,134,24.1611,44.9664
1140,298,89,75,134,25.1678,44.9664
1141,300,93,72,135,24.0000,45.0000
1142,299,94,69,136,23.0769,45.4849
1143,298,97,65,136,21.8121,45.6376
1144,300,101,64,135,21.3333,45.0000
1145,299,100,66,133,22.0736,44.4816
1146,299,105,63,131,21.0702,43.8127
1147,299,109,59,131,19.7324,43.8127
1148,301,117,54,130,17.9402,43.1894
1149,301,114,57,130,18.9369,43.1894
1150,300,111,59,130,19.6667,43.3333
1151,300,111,63,126,21.0000,42.0000
1152,297,106,64,127,21.5488,42.7609
1153,300,108,61,131,20.3333,43.6667
1154,299,106,60,133,20.0669,44.4816
1155,301,108,59,134,19.6013,44.5183
1156,300,110,56,134,18.6667,44.6667
1157,298,109,52,137,17.4497,45.9732
1158,299,109,55,135,18.3946,45.1505
1159,301,108,54,139,17.9402,46.1794
1160,300,109,54,137,18.0000,45.6667
1161,299,110,54,135,18.0602,45.1505
1162,300,110,56,134,18.6667,44.6667
1163,300,107,57,136,19.0000,45.3333
1164,299,104,59,136,19.7324,45.4849
1165,299,108,56,135,18.7291,45.1505
1166,304,114,57,133,18.7500,43.7500
1167,304,112,62,130,20.3947,42.7632
1168,304,111,64,129,21.0526,42.4342
1169,304,111,68,125,22.3684,41.1184
1170,303,112,64,127,21.1221,41.9142
1171,302,116,63,123,20.8609,40.7285
1172,302,114,62,126,20.5298,41.7219
1173,297,118,55,124,18.5185,41.7508
1174,301,119,55,127,18.2724,42.1927
1175,301,127,52,122,17.2757,40.5316
1176,301,124,55,122,18.2724,40.5316
1177,300,124,56,120,18.6667,40.0000
1178,300,124,57,119,19.0000,39.6667
1179,300,122,58,120,19.3333,40.0000
1180,298,124,56,118,18.7919,39.5973
1181,297,122,55,120,18.5185,40.4040
1182,297,121,58,118,19.5286,39.7306
1183,303,126,58,119,19.1419,39.2739
1184,303,125,59,119,19.4719,39.2739
1185,303,122,62,119,20.4620,39.2739
1186,303,117,65,121,21.4521,39.9340
1187,302,114,61,127,20.1987,42.0530
1188,302,114,64,124,21.1921,41.0596
1189,302,112,62,128,20.5298,42.3841
1190,300,116,60,124,20.0000,41.3333
1191,300,115,63,122,21.0000,40.6667
1192,299,116,60,123,20.0669,41.1371
1193,301,118,63,120,20.9302,39.8671
1194,301,118,65,118,21.5947,39.2027
1195,301,119,64,118,21.2625,39.2027
1196,301,116,68,117,22.5914,38.8704
1197,300,109,72,119,24.0000,39.6667
1198,298,107,74,117,24.8322,39.2617
1199,299,109,74,116,24.7492,38.7960
1200,301,111,73,117,24.2525,38.8704
1201,300,110,74,116,24.6667,38.6667
1202,300,107,74,119,24.6667,39.6667
1203,298,102,75,121,25.1678,40.6040
1204,298,99,79,120,26.5101,40.2685
1205,298,107,77,114,25.8389,38.2550
1206,299,109,77,113,25.7525,37.7926
1207,299,109,76,114,25.4181,38.1271
1208,298,112,74,112,24.8322,37.5839
1209,298,112,76,110,25.5034,36.9128
1210,301,111,78,112,25.9136,37.2093
1211,301,114,78,109,25.9136,36.2126
1212,300,115,76,109,25.3333,36.3333
1213,300,110,82,108,27.3333,36.0000
1214,298,109,78,111,26.1745,37.2483
1215,300,111,78,111,26.0000,37.0000
1216,300,109,76,115,25.3333,38.3333
1217,298,109,72,117,24.1611,39.2617
1218,299,110,69,120,23.0769,40.1338
1219,301,111,70,120,23.2558,39.8671
1220,300,107,69,124,23.0000,41.3333
1221,300,103,73,124,24.3333,41.3333
1222,297,103,72,122,24.2424,41.0774
1223,297,103,73,121,24.5791,40.7407
1224,294,107,67,120,22.7891,40.8163
1225,297,110,67,120,22.5589,40.4040
1226,294,109,67,118,22.7891,40.1361
1227,294,108,71,115,24.1497,39.1156
1228,294,105,72,117,24.4898,39.7959
1229,295,104,69,122,23.3898,41.3559
1230,297,106,68,123,22.8956,41.4141
1231,296,105,70,121,23.6486,40.8784
1232,298,106,72,120,24.1611,40.2685
1233,297,108,70,119,23.5690,40.0673
1234,297,109,68,120,22.8956,40.4040
1235,298,112,69,117,23.1544,39.2617
1236,297,107,74,116,24.9158,39.0572
1237,301,112,73,116,24.2525,38.5382
1238,301,110,74,117,24.5847,38.8704
1239,301,112,76,113,25.2492,37.5415
1240,301,107,79,115,26.2458,38.2060
1241,301,110,74,117,24.5847,38.8704
1242,299,110,71,118,23.7458,39.4649
1243,301,108,73,120,24.2525,39.8671
1244,298,110,69,119,23.1544,39.9329
1245,303,111,71,121,23.4323,39.9340
1246,303,112,68,123,22.4422,40.5941
1247,302,110,66,126,21.8543,41.7219
1248,302,107,67,128,22.1854,42.3841
1249,301,105,67,129,22.2591,42.8571
1250,300,104,67,129,22.3333,43.0000
1251,300,104,67,129,22.3333,43.0000
1252,300,105,67,128,22.3333,42.6667
1253,297,104,64,129,21.5488,43.4343
1254,299,105,68,126,22.7425,42.1405
1255,299,106,69,124,23.0769,41.4716
1256,299,104,67,128,22.4080,42.8094
1257,301,101,69,131,22.9236,43.5216
1258,300,102,68,130,22.6667,43.3333
1259,299,98,71,130,23.7458,43.4783
1260,301,97,71,133,23.5880,44.1860
1261,301,99,71,131,23.5880,43.5216
1262,300,98,72,130,24.0000,43.3333
1263,299,97,72,130,24.0803,43.4783
1264,300,96,75,129,25.0000,43.0000
1265,299,95,73,131,24.4147,43.8127
1266,304,101,74,129,24.3421,42.4342
1267,301,97,77,127,25.5814,42.1927
1268,301,99,73,129,24.2525,42.8571
1269,301,103,74,124,24.5847,41.1960
1270,298,96,80,122,26.8456,40.9396
1271,298,93,81,124,27.1812,41.6107
1272,300,96,84,120,28.0000,40.0000
1273,299,94,84,121,28.0936,40.4682
1274,301,96,83,122,27.5748,40.5316
1275,299,95,80,124,26.7559,41.4716
1276,300,95,80,125,26.6667,41.6667
1277,299,94,81,124,27.0903,41.4716
1278,300,96,79,125,26.3333,41.6667
1279,299,95,73,131,24.4147,43.8127
1280,299,93,76,130,25.4181,43.4783
1281,301,99,73,129,24.2525,42.8571
1282,301,101,72,128,23.9203,42.5249
1283,301,102,71,128,23.5880,42.5249
1284,301,99,71,131,23.5880,43.5216
1285,300,97,71,132,23.6667,44.0000
1286,298,96,71,131,23.8255,43.9597
1287,301,98,70,133,23.2558,44.1860
1288,301,97,69,135,22.9236,44.8505
1289,301,93,73,135,24.2525,44.8505
1290,297,95,68,134,22.8956,45.1178
1291,296,97,63,136,21.2838,45.9459
1292,298,100,58,140,19.4631,46.9799
1293,299,107,59,133,19.7324,44.4816
1294,300,107,60,133,20.0000,44.3333
1295,300,105,62,133,20.6667,44.3333
1296,298,104,60,134,20.1342,44.9664
1297,300,108,57,135,19.0000,45.0000
1298,299,107,58,134,19.3980,44.8161
1299,299,112,57,130,19.0635,43.4783
1300,301,116,57,128,18.9369,42.5249
1301,301,117,56,128,18.6047,42.5249
1302,300,114,57,129,19.0000,43.0000
1303,300,116,58,126,19.3333,42.0000
1304,298,114,59,125,19.7987,41.9463
1305,300,119,56,125,18.6667,41.6667
1306,299,118,55,126,18.3946,42.1405
1307,296,117,52,127,17.5676,42.9054
1308,297,122,52,123,17.5084,41.4141
1309,298,122,56,120,18.7919,40.2685
1310,299,124,52,123,17.3913,41.1371
1311,300,123,57,120,19.0000,40.0000
1312,300,126,55,119,18.3333,39.6667
1313,300,122,58,120,19.3333,40.0000
1314,298,119,58,121,19.4631,40.6040
1315,298,116,61,121,20.4698,40.6040
1316,298,117,58,123,19.4631,41.2752
1317,301,121,58,122,19.2691,40.5316
1318,301,118,57,126,18.9369,41.8605
1319,301,117,57,127,18.9369,42.1927
1320,301,122,56,123,18.6047,40.8638
1321,301,119,58,124,19.2691,41.1960
1322,301,118,56,127,18.6047,42.1927
1323,300,118,58,124,19.3333,41.3333
1324,299,118,56,125,18.7291,41.8060
1325,302,121,57,124,18.8742,41.0596
1326,302,123,57,122,18.8742,40.3974
1327,300,125,55,120,18.3333,40.0000
1328,300,125,58,117,19.3333,39.0000
1329,300,124,56,120,18.6667,40.0000
1330,300,122,57,121,19.0000,40.3333
1331,300,128,54,118,18.0000,39.3333
1332,298,127,54,117,18.1208,39.2617
1333,301,132,55,114,18.2724,37.8738
1334,301,131,52,118,17.2757,39.2027
1335,301,131,49,121,16.2791,40.1993
1336,298,135,46,117,15.4362,39.2617
1337,298,133,49,116,16.4430,38.9262
1338,299,133,47,119,15.7191,39.7993
1339,300,136,48,116,16.0000,38.6667
1340,300,134,51,115,17.0000,38.3333
1341,300,131,54,115,18.0000,38.3333
1342,300,129,55,116,18.3333,38.6667
1343,300,130,57,113,19.0000,37.6667
1344,300,129,60,111,20.0000,37.0000
1345,300,126,62,112,20.6667,37.3333
1346,297,123,64,110,21.5488,37.0370
1347,300,127,65,108,21.6667,36.0000
1348,299,126,64,109,21.4047,36.4548
1349,303,132,64,107,21.1221,35.3135
1350,302,132,65,105,21.5232,34.7682
1351,301,128,67,106,22.2591,35.2159
1352,299,129,65,105,21.7391,35.1171
1353,302,134,63,105,20.8609,34.7682
1354,302,136,61,105,20.1987,34.7682
1355,302,132,64,106,21.1921,35.0993
1356,302,131,64,107,21.1921,35.4305
1357,301,130,64,107,21.2625,35.5482
1358,298,128,64,106,21.4765,35.5705
1359,298,129,64,105,21.4765,35.2349
1360,298,129,63,106,21.1409,35.5705
1361,298,127,60,111,20.1342,37.2483
1362,301,135,57,109,18.9369,36.2126
1363,301,135,55,111,18.2724,36.8771
1364,299,137,53,109,17.7258,36.4548
1365,296,134,49,113,16.5541,38.1757
1366,298,134,53,111,17.7852,37.2483
1367,301,140,47,114,15.6146,37.8738
1368,301,136,52,113,17.2757,37.5415
1369,300,137,50,113,16.6667,37.6667
1370,299,139,52,108,17.3913,36.1204
1371,301,137,52,112,17.2757,37.2093
1372,301,134,55,112,18.2724,37.2093
1373,301,133,55,113,18.2724,37.5415
1374,301,134,59,108,19.6013,35.8804
1375,300,132,60,108,20.0000,36.0000
1376,299,132,59,108,19.7324,36.1204
1377,300,130,62,108,20.6667,36.0000
1378,300,127,62,111,20.6667,37.0000
1379,299,128,58,113,19.3980,37.7926
1380,303,128,64,111,21.1221,36.6337
1381,301,128,63,110,20.9302,36.5449
1382,300,128,64,108,21.3333,36.0000
1383,300,128,68,104,22.6667,34.6667
1384,300,127,70,103,23.3333,34.3333
1385,300,127,69,104,23.0000,34.6667
1386,300,129,68,103,22.6667,34.3333
1387,300,128,70,102,23.3333,34.0000
1388,298,124,68,106,22.8188,35.5705
1389,298,124,68,106,22.8188,35.5705
1390,298,126,69,103,23.1544,34.5638
1391,297,124,69,104,23.2323,35.0168
1392,301,127,66,108,21.9269,35.8804
1393,301,119,73,109,24.2525,36.2126
1394,300,120,72,108,24.0000,36.0000
1395,299,118,71,110,23.7458,36.7893
1396,298,121,70,107,23.4899,35.9060
1397,301,123,69,109,22.9236,36.2126
1398,300,119,69,112,23.0000,37.3333
1399,299,118,68,113,22.7425,37.7926
1400,299,115,75,109,25.0836,36.4548
1401,300,119,70,111,23.3333,37.0000
1402,299,114,71,114,23.7458,38.1271
1403,299,117,70,112,23.4114,37.4582
1404,301,115,70,116,23.2558,38.5382
1405,301,117,71,113,23.5880,37.5415
1406,300,119,68,113,22.6667,37.6667
1407,297,118,65,114,21.8855,38.3838
1408,299,120,63,116,21.0702,38.7960
1409,300,120,64,116,21.3333,38.6667
1410,299,112,71,116,23.7458,38.7960
1411,305,118,70,117,22.9508,38.3607
1412,304,116,69,119,22.6974,39.1447
1413,300,119,63,118,21.0000,39.3333
1414,299,120,61,118,20.4013,39.4649
1415,302,119,63,120,20.8609,39.7351
1416,301,118,64,119,21.2625,39.5349
1417,301,118,70,113,23.2558,37.5415
1418,299,112,71,116,23.7458,38.7960
1419,298,113,73,112,24.4966,37.5839
1420,298,115,71,112,23.8255,37.5839
1421,298,111,73,114,24.4966,38.2550
1422,300,111,73,116,24.3333,38.6667
1423,298,115,69,114,23.1544,38.2550
1424,300,116,70,114,23.3333,38.0000
1425,299,115,69,115,23.0769,38.4615
1426,304,115,73,116,24.0132,38.1579
1427,304,114,75,115,24.6711,37.8289
1428,303,111,77,115,25.4125,37.9538
1429,302,108,79,115,26.1589,38.0795
1430,300,108,76,116,25.3333,38.6667
1431,300,106,74,120,24.6667,40.0000
1432,299,105,71,123,23.7458,41.1371
1433,302,109,73,120,24.1722,39.7351
1434,301,106,74,121,24.5847,40.1993
1435,301,102,75,124,24.9169,41.1960
1436,301,96,77,128,25.5814,42.5249
1437,299,96,73,130,24.4147,43.4783
1438,300,98,73,129,24.3333,43.0000
1439,299,99,72,128,24.0803,42.8094
1440,298,103,71,124,23.8255,41.6107
1441,302,105,70,127,23.1788,42.0530
1442,299,103,67,129,22.4080,43.1438
1443,299,101,70,128,23.4114,42.8094
1444,302,106,69,127,22.8477,42.0530
1445,302,102,74,126,24.5033,41.7219
1446,300,102,72,126,24.0000,42.0000
1447,300,99,75,126,25.0000,42.0000
1448,300,97,76,127,25.3333,42.3333
1449,300,96,74,130,24.6667,43.3333
1450,299,95,75,129,25.0836,43.1438
1451,300,90,78,132,26.0000,44.0000
1452,299,86,79,134,26.4214,44.8161
1453,302,89,80,133,26.4901,44.0397
1454,301,90,81,130,26.9103,43.1894
1455,298,88,78,132,26.1745,44.2953
1456,299,92,75,132,25.0836,44.1472
1457,297,91,74,132,24.9158,44.4444
1458,297,91,74,132,24.9158,44.4444
1459,299,92,75,132,25.0836,44.1472
1460,302,98,74,130,24.5033,43.0464
1461,299,96,73,130,24.4147,43.4783
1462,302,96,74,132,24.5033,43.7086
1463,302,95,75,132,24.8344,43.7086
1464,301,98,72,131,23.9203,43.5216
1465,299,98,73,128,24.4147,42.8094
1466,302,100,72,130,23.8411,43.0464
1467,300,101,73,126,24.3333,42.0000
1468,300,97,71,132,23.6667,44.0000
1469,299,92,71,136,23.7458,45.4849
1470,300,94,72,134,24.0000,44.6667
1471,297,89,70,138,23.5690,46.4646
1472,299,92,68,139,22.7425,46.4883
1473,303,97,67,139,22.1122,45.8746
1474,302,96,67,139,22.1854,46.0265
1475,300,97,65,138,21.6667,46.0000
1476,300,99,65,136,21.6667,45.3333
1477,300,101,63,136,21.0000,45.3333
1478,298,99,64,135,21.4765,45.3020
1479,299,101,59,139,19.7324,46.4883
1480,299,103,59,137,19.7324,45.8194
1481,302,103,63,136,20.8609,45.0331
1482,300,103,60,137,20.0000,45.6667
1483,299,107,60,132,20.0669,44.1472
1484,301,111,60,130,19.9336,43.1894
1485,301,106,63,132,20.9302,43.8538
1486,299,107,58,134,19.3980,44.8161
1487,300,111,54,135,18.0000,45.0000
1488,296,114,50,132,16.8919,44.5946
1489,298,115,54,129,18.1208,43.2886
1490,299,119,50,130,16.7224,43.4783
1491,298,120,47,131,15.7718,43.9597
1492,297,117,50,130,16.8350,43.7710
1493,301,123,49,129,16.2791,42.8571
1494,301,121,51,129,16.9435,42.8571
1495,299,116,52,131,17.3913,43.8127
1496,302,119,56,127,18.5430,42.0530
1497,302,119,57,126,18.8742,41.7219
1498,302,118,59,125,19.5364,41.3907
1499,301,117,60,124,19.9336,41.1960
1500,301,117,61,123,20.2658,40.8638
1501,301,118,61,122,20.2658,40.5316
1502,300,116,62,122,20.6667,40.6667
1503,300,115,64,121,21.3333,40.3333
1504,300,113,67,120,22.3333,40.0000
1505,300,114,65,121,21.6667,40.3333
1506,299,113,65,121,21.7391,40.4682
1507,301,114,68,119,22.5914,39.5349
1508,301,115,71,115,23.5880,38.2060
1509,301,114,71,116,23.5880,38.5382
1510,301,114,68,119,22.5914,39.5349
1511,300,113,69,118,23.0000,39.3333
1512,298,113,67,118,22.4832,39.5973
1513,300,116,67,117,22.3333,39.0000
1514,300,114,69,117,23.0000,39.0000
1515,297,114,65,118,21.8855,39.7306
1516,297,120,59,118,19.8653,39.7306
1517,301,124,58,119,19.2691,39.5349
1518,301,122,63,116,20.9302,38.5382
1519,301,119,62,120,20.5980,39.8671
1520,299,121,63,115,21.0702,38.4615
1521,301,124,63,114,20.9302,37.8738
1522,301,123,60,118,19.9336,39.2027
1523,299,124,59,116,19.7324,38.7960
1524,301,127,57,117,18.9369,38.8704
1525,300,129,56,115,18.6667,38.3333
1526,299,128,58,113,19.3980,37.7926
1527,301,127,60,114,19.9336,37.8738
1528,300,123,60,117,20.0000,39.0000
1529,300,123,61,116,20.3333,38.6667
1530,300,120,62,118,20.6667,39.3333
1531,300,123,61,116,20.3333,38.6667
1532,299,115,65,119,21.7391,39.7993
1533,301,116,66,119,21.9269,39.5349
1534,301,118,66,117,21.9269,38.8704
1535,300,116,66,118,22.0000,39.3333
1536,299,116,65,118,21.7391,39.4649
1537,301,112,73,116,24.2525,38.5382
1538,298,112,71,115,23.8255,38.5906
1539,298,114,71,113,23.8255,37.9195
1540,300,115,70,115,23.3333,38.3333
1541,300,113,72,115,24.0000,38.3333
1542,300,117,70,113,23.3333,37.6667
1543,300,115,73,112,24.3333,37.3333
1544,300,112,72,116,24.0000,38.6667
1545,298,109,75,114,25.1678,38.2550
1546,299,109,77,113,25.7525,37.7926
1547,299,108,77,114,25.7525,38.1271
1548,300,107,76,117,25.3333,39.0000
1549,299,104,77,118,25.7525,39.4649
1550,299,105,74,120,24.7492,40.1338
1551,299,107,74,118,24.7492,39.4649
1552,302,107,74,121,24.5033,40.0662
1553,301,106,76,119,25.2492,39.5349
1554,300,100,81,119,27.0000,39.6667
1555,300,98,84,118,28.0000,39.3333
1556,300,98,82,120,27.3333,40.0000
1557,298,101,78,119,26.1745,39.9329
1558,299,101,77,121,25.7525,40.4682
1559,302,104,74,124,24.5033,41.0596
1560,300,104,69,127,23.0000,42.3333
1561,299,99,73,127,24.4147,42.4749
1562,299,101,75,123,25.0836,41.1371
1563,301,99,77,125,25.5814,41.5282
1564,301,98,77,126,25.5814,41.8605
1565,300,94,76,130,25.3333,43.3333
1566,298,94,73,131,24.4966,43.9597
1567,302,99,70,133,23.1788,44.0397
1568,302,96,74,132,24.5033,43.7086
1569,301,93,75,133,24.9169,44.1860
1570,300,94,74,132,24.6667,44.0000
1571,300,95,75,130,25.0000,43.3333
1572,299,93,74,132,24.7492,44.1472
1573,300,95,73,132,24.3333,44.0000
1574,300,97,73,130,24.3333,43.3333
1575,298,97,65,136,21.8121,45.6376
1576,301,102,64,135,21.2625,44.8505
1577,301,100,68,133,22.5914,44.1860
1578,301,97,68,136,22.5914,45.1827
1579,301,100,68,133,22.5914,44.1860
1580,301,96,74,131,24.5847,43.5216
1581,300,93,77,130,25.6667,43.3333
1582,299,93,72,134,24.0803,44.8161
1583,297,92,71,134,23.9057,45.1178
1584,296,93,69,134,23.3108,45.2703
1585,296,90,66,140,22.2973,47.2973
1586,300,94,68,138,22.6667,46.0000
1587,300,94,68,138,22.6667,46.0000
1588,299,95,65,139,21.7391,46.4883
1589,298,95,59,144,19.7987,48.3221
1590,298,94,63,141,21.1409,47.3154
1591,298,96,61,141,20.4698,47.3154
1592,298,96,63,139,21.1409,46.6443
1593,298,96,61,141,20.4698,47.3154
1594,301,101,60,140,19.9336,46.5116
1595,299,99,62,138,20.7358,46.1538
1596,300,103,60,137,20.0000,45.6667
1597,299,101,60,138,20.0669,46.1538
1598,301,104,57,140,18.9369,46.5116
1599,301,102,61,138,20.2658,45.8472
1600,300,102,61,137,20.3333,45.6667
1601,298,99,59,140,19.7987,46.9799
1602,298,99,61,138,20.4698,46.3087
1603,298,97,62,139,20.8054,46.6443
1604,300,102,60,138,20.0000,46.0000
1605,300,103,60,137,20.0000,45.6667
1606,298,102,57,139,19.1275,46.6443
1607,301,103,60,138,19.9336,45.8472
1608,299,101,64,134,21.4047,44.8161
1609,301,96,73,132,24.2525,43.8538
1610,300,95,74,131,24.6667,43.6667
1611,299,93,75,131,25.0836,43.8127
1612,305,97,79,129,25.9016,42.2951
1613,305,93,82,130,26.8852,42.6230
1614,305,92,82,131,26.8852,42.9508
1615,305,90,85,130,27.8689,42.6230
1616,305,90,85,130,27.8689,42.6230
1617,305,92,86,127,28.1967,41.6393
1618,304,94,84,126,27.6316,41.4474
1619,304,95,83,126,27.3026,41.4474
1620,304,94,85,125,27.9605,41.1184
1621,304,92,86,126,28.2895,41.4474
1622,303,88,85,130,28.0528,42.9043
1623,302,85,85,132,28.1457,43.7086
1624,301,88,83,130,27.5748,43.1894
1625,300,90,82,128,27.3333,42.6667
1626,300,89,85,126,28.3333,42.0000
1627,300,94,83,123,27.6667,41.0000
1628,300,96,81,123,27.0000,41.0000
1629,299,91,79,129,26.4214,43.1438
1630,301,91,77,133,25.5814,44.1860
1631,300,89,74,137,24.6667,45.6667
1632,299,86,74,139,24.7492,46.4883
1633,299,86,68,145,22.7425,48.4950
1634,299,91,64,144,21.4047,48.1605
1635,301,88,69,144,22.9236,47.8405
1636,300,88,68,144,22.6667,48.0000
1637,299,91,69,139,23.0769,46.4883
1638,301,91,71,139,23.5880,46.1794
1639,300,91,71,138,23.6667,46.0000
1640,299,87,74,138,24.7492,46.1538
1641,299,91,69,139,23.0769,46.4883
1642,302,93,63,146,20.8609,48.3444
1643,300,93,62,145,20.6667,48.3333
1644,300,90,64,146,21.3333,48.6667
1645,300,90,66,144,22.0000,48.0000
1646,300,92,62,146,20.6667,48.6667
1647,300,90,63,147,21.0000,49.0000
1648,298,89,64,145,21.4765,48.6577
1649,301,93,63,145,20.9302,48.1728
1650,300,95,60,145,20.0000,48.3333
1651,299,93,58,148,19.3980,49.4983
1652,302,97,58,147,19.2053,48.6755
1653,302,100,56,146,18.5430,48.3444
1654,302,99,58,145,19.2053,48.0132
1655,300,100,52,148,17.3333,49.3333
1656,300,98,53,149,17.6667,49.6667
1657,299,96,54,149,18.0602,49.8328
1658,302,96,58,148,19.2053,49.0066
1659,302,91,60,151,19.8675,50.0000
1660,300,91,55,154,18.3333,51.3333
1661,300,91,51,158,17.0000,52.6667
1662,300,92,51,157,17.0000,52.3333
1663,300,94,51,155,17.0000,51.6667
1664,300,93,50,157,16.6667,52.3333
1665,299,94,49,156,16.3880,52.1739
1666,301,96,49,156,16.2791,51.8272
1667,301,98,47,156,15.6146,51.8272
1668,301,99,49,153,16.2791,50.8306
1669,300,99,45,156,15.0000,52.0000
1670,300,99,47,154,15.6667,51.3333
1671,299,103,46,150,15.3846,50.1672
1672,300,103,46,151,15.3333,50.3333
1673,300,105,44,151,14.6667,50.3333
1674,300,108,46,146,15.3333,48.6667
1675,300,108,48,144,16.0000,48.0000
1676,299,106,47,146,15.7191,48.8294
1677,301,110,43,148,14.2857,49.1694
1678,301,110,42,149,13.9535,49.5017
1679,298,114,34,150,11.4094,50.3356
1680,300,119,33,148,11.0000,49.3333
1681,300,125,33,142,11.0000,47.3333
1682,300,129,36,135,12.0000,45.0000
1683,300,132,36,132,12.0000,44.0000
1684,298,134,34,130,11.4094,43.6242
1685,299,139,36,124,12.0401,41.4716
1686,300,143,38,119,12.6667,39.6667
1687,300,140,42,118,14.0000,39.3333
1688,300,137,47,116,15.6667,38.6667
1689,299,135,48,116,16.0535,38.7960
1690,301,136,47,118,15.6146,39.2027
1691,301,136,47,118,15.6146,39.2027
1692,301,134,49,118,16.2791,39.2027
1693,301,132,57,112,18.9369,37.2093
1694,301,137,57,107,18.9369,35.5482
1695,301,134,58,109,19.2691,36.2126
1696,301,133,56,112,18.6047,37.2093
1697,301,132,57,112,18.9369,37.2093
1698,301,134,59,108,19.6013,35.8804
1699,300,129,63,108,21.0000,36.0000
1700,300,126,65,109,21.6667,36.3333
1701,300,123,71,106,23.6667,35.3333
1702,300,124,73,103,24.3333,34.3333
1703,299,126,72,101,24.0803,33.7793
1704,303,128,75,100,24.7525,33.0033
1705,303,130,75,98,24.7525,32.3432
1706,302,124,78,100,25.8278,33.1126
1707,297,125,75,97,25.2525,32.6599
1708,297,127,75,95,25.2525,31.9865
1709,296,126,73,97,24.6622,32.7703
1710,298,131,72,95,24.1611,31.8792
1711,299,131,75,93,25.0836,31.1037
1712,301,136,73,92,24.2525,30.5648
1713,298,137,69,92,23.1544,30.8725
1714,297,136,66,95,22.2222,31.9865
1715,301,136,69,96,22.9236,31.8937
1716,300,131,75,94,25.0000,31.3333
1717,300,126,78,96,26.0000,32.0000
1718,300,123,81,96,27.0000,32.0000
1719,299,117,86,96,28.7625,32.1070
1720,301,115,85,101,28.2392,33.5548
1721,300,113,85,102,28.3333,34.0000
1722,300,107,89,104,29.6667,34.6667
1723,299,106,88,105,29.4314,35.1171
1724,300,103,93,104,31.0000,34.6667
1725,299,102,95,102,31.7726,34.1137
1726,298,100,96,102,32.2148,34.2282
1727,298,101,92,105,30.8725,35.2349
1728,300,103,92,105,30.6667,35.0000
1729,300,99,95,106,31.6667,35.3333
1730,299,96,99,104,33.1104,34.7826
1731,299,101,97,101,32.4415,33.7793
1732,302,102,99,101,32.7815,33.4437
1733,302,93,106,103,35.0993,34.1060
1734,300,88,107,105,35.6667,35.0000
1735,300,86,109,105,36.3333,35.0000
1736,296,83,103,110,34.7973,37.1622
1737,298,85,99,114,33.2215,38.2550
1738,299,80,100,119,33.4448,39.7993
1739,300,83,95,122,31.6667,40.6667
1740,298,77,94,127,31.5436,42.6174
1741,301,81,89,131,29.5681,43.5216
1742,300,83,87,130,29.0000,43.3333
1743,296,82,82,132,27.7027,44.5946
1744,296,82,81,133,27.3649,44.9324
1745,296,82,77,137,26.0135,46.2838
1746,295,83,77,135,26.1017,45.7627
1747,300,90,75,135,25.0000,45.0000
1748,300,91,75,134,25.0000,44.6667
1749,299,91,72,136,24.0803,45.4849
1750,302,93,65,144,21.5232,47.6821
1751,301,93,63,145,20.9302,48.1728
1752,299,91,63,145,21.0702,48.4950
1753,301,91,61,149,20.2658,49.5017
1754,298,89,56,153,18.7919,51.3423
1755,300,88,58,154,19.3333,51.3333
1756,299,85,58,156,19.3980,52.1739
1757,298,86,58,154,19.4631,51.6779
1758,300,88,55,157,18.3333,52.3333
1759,299,83,58,158,19.3980,52.8428
1760,302,88,57,157,18.8742,51.9868
1761,301,90,53,158,17.6080,52.4917
1762,301,87,57,157,18.9369,52.1595
1763,299,87,56,156,18.7291,52.1739
1764,300,90,55,155,18.3333,51.6667
1765,300,93,53,154,17.6667,51.3333
1766,300,97,51,152,17.0000,50.6667
1767,300,98,49,153,16.3333,51.0000
1768,300,99,47,154,15.6667,51.3333
1769,300,102,45,153,15.0000,51.0000
1770,300,103,45,152,15.0000,50.6667
1771,300,103,46,151,15.3333,50.3333
1772,300,106,47,147,15.6667,49.0000
1773,297,111,41,145,13.8047,48.8215
1774,298,113,41,144,13.7584,48.3221
1775,301,118,37,146,12.2924,48.5050
1776,299,119,33,147,11.0368,49.1639
1777,299,122,31,146,10.3679,48.8294
1778,298,122,28,148,9.3960,49.6644
1779,300,129,27,144,9.0000,48.0000
1780,296,132,22,142,7.4324,47.9730
1781,298,137,22,139,7.3826,46.6443
1782,301,139,18,144,5.9801,47.8405
1783,300,141,17,142,5.6667,47.3333
1784,300,141,18,141,6.0000,47.0000
1785,299,143,16,140,5.3512,46.8227
1786,302,148,16,138,5.2980,45.6954
1787,302,147,18,137,5.9603,45.3642
1788,302,153,17,132,5.6291,43.7086
1789,302,156,18,128,5.9603,42.3841
1790,302,160,18,124,5.9603,41.0596
1791,302,161,20,121,6.6225,40.0662
1792,300,166,18,116,6.0000,38.6667
1793,299,168,20,111,6.6890,37.1237
1794,301,171,20,110,6.6445,36.5449
1795,301,175,19,107,6.3123,35.5482
1796,301,175,22,104,7.3090,34.5515
1797,301,179,22,100,7.3090,33.2226
1798,300,178,22,100,7.3333,33.3333
1799,300,180,23,97,7.6667,32.3333
1800,300,182,25,93,8.3333,31.0000
1801,300,185,25,90,8.3333,30.0000
1802,299,188,29,82,9.6990,27.4247
1803,302,191,29,82,9.6026,27.1523
1804,302,191,30,81,9.9338,26.8212
1805,302,192,32,78,10.5960,25.8278
1806,302,197,32,73,10.5960,24.1722
1807,302,198,33,71,10.9272,23.5099
1808,302,198,34,70,11.2583,23.1788
1809,302,198,34,70,11.2583,23.1788
1810,301,202,33,66,10.9635,21.9269
1811,301,200,36,65,11.9601,21.5947
1812,300,194,40,66,13.3333,22.0000
1813,298,195,40,63,13.4228,21.1409
1814,299,195,41,63,13.7124,21.0702
1815,306,202,41,63,13.3987,20.5882
1816,306,198,44,64,14.3791,20.9150
1817,305,200,44,61,14.4262,20.0000
1818,305,199,47,59,15.4098,19.3443
1819,303,199,48,56,15.8416,18.4818
1820,303,198,50,55,16.5017,18.1518
1821,303,198,52,53,17.1617,17.4917
1822,303,191,59,53,19.4719,17.4917
1823,303,187,59,57,19.4719,18.8119
1824,302,182,62,58,20.5298,19.2053
1825,302,180,67,55,22.1854,18.2119
1826,301,177,70,54,23.2558,17.9402
1827,301,180,71,50,23.5880,16.6113
1828,301,175,75,51,24.9169,16.9435
1829,301,171,79,51,26.2458,16.9435
1830,301,169,82,50,27.2425,16.6113
1831,301,167,82,52,27.2425,17.2757
1832,300,163,83,54,27.6667,18.0000
1833,300,162,78,60,26.0000,20.0000
1834,300,164,79,57,26.3333,19.0000
1835,300,159,85,56,28.3333,18.6667
1836,298,152,90,56,30.2013,18.7919
1837,299,147,93,59,31.1037,19.7324
1838,300,134,105,61,35.0000,20.3333
1839,298,128,108,62,36.2416,20.8054
1840,302,128,110,64,36.4238,21.1921
1841,302,121,117,64,38.7417,21.1921
1842,302,114,118,70,39.0728,23.1788
1843,301,110,115,76,38.2060,25.2492
1844,301,111,113,77,37.5415,25.5814
1845,297,107,108,82,36.3636,27.6094
1846,297,103,109,85,36.7003,28.6195
1847,294,100,109,85,37.0748,28.9116
1848,298,99,112,87,37.5839,29.1946
1849,298,93,111,94,37.2483,31.5436
1850,298,86,115,97,38.5906,32.5503
1851,299,79,119,101,39.7993,33.7793
1852,300,79,116,105,38.6667,35.0000
1853,299,74,120,105,40.1338,35.1171
1854,302,73,122,107,40.3974,35.4305
1855,301,70,122,109,40.5316,36.2126
1856,300,70,114,116,38.0000,38.6667
1857,299,66,113,120,37.7926,40.1338
1858,298,67,100,131,33.5570,43.9597
1859,300,69,97,134,32.3333,44.6667
1860,298,65,98,135,32.8859,45.3020
1861,297,63,92,142,30.9764,47.8114
1862,297,65,86,146,28.9562,49.1582
1863,298,63,87,148,29.1946,49.6644
1864,298,64,84,150,28.1879,50.3356
1865,303,69,86,148,28.3828,48.8449
1866,302,68,80,154,26.4901,50.9934
1867,300,67,77,156,25.6667,52.0000
1868,299,69,74,156,24.7492,52.1739
1869,301,71,69,161,22.9236,53.4884
1870,300,70,64,166,21.3333,55.3333
1871,298,67,57,174,19.1275,58.3893
1872,297,67,53,177,17.8451,59.5960
1873,301,72,52,177,17.2757,58.8040
1874,298,73,44,181,14.7651,60.7383
1875,300,80,43,177,14.3333,59.0000
1876,299,81,39,179,13.0435,59.8662
1877,298,78,40,180,13.4228,60.4027
1878,300,81,39,180,13.0000,60.0000
1879,299,78,40,181,13.3779,60.5351
1880,302,83,37,182,12.2517,60.2649
1881,302,83,36,183,11.9205,60.5960
1882,301,81,35,185,11.6279,61.4618
1883,301,84,29,188,9.6346,62.4585
1884,300,86,29,185,9.6667,61.6667
1885,300,91,30,179,10.0000,59.6667
1886,300,92,28,180,9.3333,60.0000
1887,299,88,31,180,10.3679,60.2007
1888,306,96,30,180,9.8039,58.8235
1889,306,100,29,177,9.4771,57.8431
1890,305,101,29,175,9.5082,57.3770
1891,304,100,29,175,9.5395,57.5658
1892,304,100,28,176,9.2105,57.8947
1893,304,99,30,175,9.8684,57.5658
1894,304,105,31,168,10.1974,55.2632
1895,304,112,31,161,10.1974,52.9605
1896,304,109,36,159,11.8421,52.3026
1897,303,111,37,155,12.2112,51.1551
1898,302,111,37,154,12.2517,50.9934
1899,302,110,39,153,12.9139,50.6623
1900,302,110,37,155,12.2517,51.3245
1901,301,115,38,148,12.6246,49.1694
1902,300,114,39,147,13.0000,49.0000
1903,300,118,39,143,13.0000,47.6667
1904,299,120,40,139,13.3779,46.4883
1905,298,118,41,139,13.7584,46.6443
1906,298,117,43,138,14.4295,46.3087
1907,303,125,42,136,13.8614,44.8845
1908,303,131,42,130,13.8614,42.9043
1909,303,134,44,125,14.5215,41.2541
1910,303,144,45,114,14.8515,37.6238
1911,302,143,49,110,16.2252,36.4238
1912,299,143,47,109,15.7191,36.4548
1913,301,148,50,103,16.6113,34.2193
1914,301,152,50,99,16.6113,32.8904
1915,301,150,54,97,17.9402,32.2259
1916,300,148,56,96,18.6667,32.0000
1917,299,145,57,97,19.0635,32.4415
1918,300,150,57,93,19.0000,31.0000
1919,300,145,61,94,20.3333,31.3333
1920,300,140,66,94,22.0000,31.3333
1921,300,144,65,91,21.6667,30.3333
1922,300,147,64,89,21.3333,29.6667
1923,300,152,64,84,21.3333,28.0000
1924,300,150,70,80,23.3333,26.6667
1925,300,144,75,81,25.0000,27.0000
1926,299,141,78,80,26.0870,26.7559
1927,299,140,80,79,26.7559,26.4214
1928,301,138,86,77,28.5714,25.5814
1929,299,136,88,75,29.4314,25.0836
1930,301,131,95,75,31.5615,24.9169
1931,301,126,97,78,32.2259,25.9136
1932,301,124,100,77,33.2226,25.5814
1933,299,116,107,76,35.7860,25.4181
1934,300,112,111,77,37.0000,25.6667
1935,299,115,109,75,36.4548,25.0836
1936,299,115,108,76,36.1204,25.4181
1937,298,112,107,79,35.9060,26.5101
1938,300,113,110,77,36.6667,25.6667
1939,298,106,113,79,37.9195,26.5101
1940,296,102,109,85,36.8243,28.7162
1941,296,100,110,86,37.1622,29.0541
1942,296,98,110,88,37.1622,29.7297
1943,296,90,118,88,39.8649,29.7297
1944,294,90,118,86,40.1361,29.2517
1945,294,89,115,90,39.1156,30.6122
1946,296,86,109,101,36.8243,34.1216
1947,299,83,114,102,38.1271,34.1137
1948,299,84,107,108,35.7860,36.1204
1949,299,83,104,112,34.7826,37.4582
1950,301,84,107,110,35.5482,36.5449
1951,301,80,103,118,34.2193,39.2027
1952,299,80,98,121,32.7759,40.4682
1953,299,80,92,127,30.7692,42.4749
1954,297,81,87,129,29.2929,43.4343
1955,298,79,84,135,28.1879,45.3020
1956,300,81,82,137,27.3333,45.6667
1957,299,76,85,138,28.4281,46.1538
1958,299,78,81,140,27.0903,46.8227
1959,299,79,78,142,26.0870,47.4916
1960,299,81,75,143,25.0836,47.8261
1961,302,82,73,147,24.1722,48.6755
1962,302,82,68,152,22.5166,50.3311
1963,301,80,62,159,20.5980,52.8239
1964,301,79,60,162,19.9336,53.8206
1965,300,78,58,164,19.3333,54.6667
1966,300,77,55,168,18.3333,56.0000
1967,298,77,52,169,17.4497,56.7114
1968,298,80,49,169,16.4430,56.7114
1969,299,82,47,170,15.7191,56.8562
1970,300,85,44,171,14.6667,57.0000
1971,300,87,43,170,14.3333,56.6667
1972,299,88,39,172,13.0435,57.5251
1973,304,93,39,172,12.8289,56.5789
1974,304,93,39,172,12.8289,56.5789
1975,304,95,39,170,12.8289,55.9211
1976,303,95,36,172,11.8812,56.7657
1977,303,95,37,171,12.2112,56.4356
1978,301,97,34,170,11.2957,56.4784
1979,301,94,35,172,11.6279,57.1429
1980,300,95,33,172,11.0000,57.3333
1981,298,93,33,172,11.0738,57.7181
1982,300,97,32,171,10.6667,57.0000
1983,300,101,31,168,10.3333,56.0000
1984,299,103,30,166,10.0334,55.5184
1985,298,101,31,166,10.4027,55.7047
1986,298,106,29,163,9.7315,54.6980
1987,302,114,28,160,9.2715,52.9801
1988,302,115,27,160,8.9404,52.9801
1989,301,118,26,157,8.6379,52.1595
1990,301,118,26,157,8.6379,52.1595
1991,300,120,25,155,8.3333,51.6667
1992,300,126,24,150,8.0000,50.0000
1993,300,127,23,150,7.6667,50.0000
1994,300,127,25,148,8.3333,49.3333
1995,299,127,22,150,7.3579,50.1672
1996,303,132,23,148,7.5908,48.8449
1997,302,133,25,144,8.2781,47.6821
1998,302,143,25,134,8.2781,44.3709
1999,301,142,23,136,7.6412,45.1827
2000,301,147,23,131,7.6412,43.5216
2001,301,151,22,128,7.3090,42.5249
2002,301,151,22,128,7.3090,42.5249
2003,301,156,25,120,8.3056,39.8671
2004,301,162,26,113,8.6379,37.5415
2005,301,167,25,109,8.3056,36.2126
2006,301,170,24,107,7.9734,35.5482
2007,301,173,27,101,8.9701,33.5548
2008,301,173,28,100,9.3023,33.2226
2009,301,171,31,99,10.2990,32.8904
2010,301,171,32,98,10.6312,32.5581
2011,301,171,36,94,11.9601,31.2292
2012,301,172,37,92,12.2924,30.5648
2013,301,175,38,88,12.6246,29.2359
2014,299,178,37,84,12.3746,28.0936
2015,302,184,41,77,13.5762,25.4967
2016,301,183,44,74,14.6179,24.5847
2017,301,183,45,73,14.9502,24.2525
2018,300,185,46,69,15.3333,23.0000
2019,300,185,47,68,15.6667,22.6667
2020,300,185,49,66,16.3333,22.0000
2021,300,182,52,66,17.3333,22.0000
2022,300,181,55,64,18.3333,21.3333
2023,299,181,57,61,19.0635,20.4013
2024,300,182,59,59,19.6667,19.6667
2025,300,177,65,58,21.6667,19.3333
2026,300,172,72,56,24.0000,18.6667
2027,299,166,77,56,25.7525,18.7291
2028,303,167,79,57,26.0726,18.8119
2029,303,163,82,58,27.0627,19.1419
2030,301,156,88,57,29.2359,18.9369
2031,300,154,90,56,30.0000,18.6667
2032,299,151,90,58,30.1003,19.3980
2033,302,150,94,58,31.1258,19.2053
2034,302,145,96,61,31.7881,20.1987
2035,302,143,97,62,32.1192,20.5298
2036,301,139,97,65,32.2259,21.5947
2037,301,137,97,67,32.2259,22.2591
2038,301,130,101,70,33.5548,23.2558
2039,300,126,104,70,34.6667,23.3333
2040,300,123,107,70,35.6667,23.3333
2041,299,119,106,74,35.4515,24.7492
2042,302,118,106,78,35.0993,25.8278
2043,302,115,107,80,35.4305,26.4901
2044,301,113,107,81,35.5482,26.9103
2045,298,114,103,81,34.5638,27.1812
2046,295,111,100,84,33.8983,28.4746
2047,293,111,97,85,33.1058,29.0102
2048,294,111,93,90,31.6327,30.6122
2049,295,107,96,92,32.5424,31.1864
2050,290,105,88,97,30.3448,33.4483
2051,291,108,86,97,29.5533,33.3333
2052,290,106,84,100,28.9655,34.4828
2053,291,105,85,101,29.2096,34.7079
2054,288,105,81,102,28.1250,35.4167
2055,287,103,79,105,27.5261,36.5854
2056,287,101,79,107,27.5261,37.2822
2057,288,101,78,109,27.0833,37.8472
2058,287,102,74,111,25.7840,38.6760
2059,286,101,71,114,24.8252,39.8601
2060,286,103,68,115,23.7762,40.2098
2061,290,104,68,118,23.4483,40.6897
2062,291,100,70,121,24.0550,41.5808
2063,292,96,69,127,23.6301,43.4932
2064,293,97,69,127,23.5495,43.3447
2065,292,93,69,130,23.6301,44.5205
2066,296,95,69,132,23.3108,44.5946
2067,300,96,68,136,22.6667,45.3333
2068,298,94,68,136,22.8188,45.6376
2069,303,100,65,138,21.4521,45.5446
2070,303,99,64,140,21.1221,46.2046
2071,301,99,62,140,20.5980,46.5116
2072,301,98,60,143,19.9336,47.5083
2073,300,99,56,145,18.6667,48.3333
2074,300,96,57,147,19.0000,49.0000
2075,300,93,60,147,20.0000,49.0000
2076,300,92,59,149,19.6667,49.6667
2077,300,93,57,150,19.0000,50.0000
2078,297,93,53,151,17.8451,50.8418
2079,300,96,53,151,17.6667,50.3333
2080,300,99,51,150,17.0000,50.0000
2081,300,100,49,151,16.3333,50.3333
2082,297,101,46,150,15.4882,50.5051
2083,296,100,42,154,14.1892,52.0270
2084,298,102,41,155,13.7584,52.0134
2085,301,104,40,157,13.2890,52.1595
2086,298,107,36,155,12.0805,52.0134
2087,304,112,36,156,11.8421,51.3158
2088,303,115,33,155,10.8911,51.1551
2089,303,117,32,154,10.5611,50.8251
2090,302,121,30,151,9.9338,50.0000
2091,301,121,30,150,9.9668,49.8339
2092,300,122,29,149,9.6667,49.6667
2093,300,125,30,145,10.0000,48.3333
2094,299,129,28,142,9.3645,47.4916
2095,301,133,26,142,8.6379,47.1761
2096,300,136,21,143,7.0000,47.6667
2097,299,138,20,141,6.6890,47.1572
2098,300,141,21,138,7.0000,46.0000
2099,299,145,20,134,6.6890,44.8161
2100,302,152,20,130,6.6225,43.0464
2101,302,152,21,129,6.9536,42.7152
2102,302,157,22,123,7.2848,40.7285
2103,302,154,25,123,8.2781,40.7285
2104,301,155,27,119,8.9701,39.5349
2105,299,156,26,117,8.6957,39.1304
2106,300,158,26,116,8.6667,38.6667
2107,300,160,25,115,8.3333,38.3333
2108,299,161,24,114,8.0268,38.1271
2109,303,169,23,111,7.5908,36.6337
2110,303,171,25,107,8.2508,35.3135
2111,302,173,25,104,8.2781,34.4371
2112,302,175,25,102,8.2781,33.7748
2113,302,177,26,99,8.6093,32.7815
2114,301,179,27,95,8.9701,31.5615
2115,301,183,28,90,9.3023,29.9003
2116,301,180,32,89,10.6312,29.5681
2117,301,180,35,86,11.6279,28.5714
2118,301,181,37,83,12.2924,27.5748
2119,301,181,40,80,13.2890,26.5781
2120,301,180,42,79,13.9535,26.2458
2121,301,176,49,76,16.2791,25.2492
2122,301,177,48,76,15.9468,25.2492
2123,300,172,51,77,17.0000,25.6667
2124,298,173,50,75,16.7785,25.1678
2125,298,176,51,71,17.1141,23.8255
2126,301,179,53,69,17.6080,22.9236
2127,301,174,57,70,18.9369,23.2558
2128,300,176,58,66,19.3333,22.0000
2129,299,172,63,64,21.0702,21.4047
2130,303,177,63,63,20.7921,20.7921
2131,302,168,72,62,23.8411,20.5298
2132,301,160,81,60,26.9103,19.9336
2133,301,157,87,57,28.9037,18.9369
2134,301,150,93,58,30.8970,19.2691
2135,301,148,98,55,32.5581,18.2724
2136,299,145,101,53,33.7793,17.7258
2137,299,143,103,53,34.4482,17.7258
2138,300,140,108,52,36.0000,17.3333
2139,300,140,109,51,36.3333,17.0000
2140,300,142,107,51,35.6667,17.0000
2141,298,139,109,50,36.5772,16.7785
2142,300,132,113,55,37.6667,18.3333
2143,300,126,115,59,38.3333,19.6667
2144,300,116,120,64,40.0000,21.3333
2145,299,109,124,66,41.4716,22.0736
2146,298,105,128,65,42.9530,21.8121
2147,298,104,125,69,41.9463,23.1544
2148,298,105,128,65,42.9530,21.8121
2149,297,105,126,66,42.4242,22.2222
2150,296,106,122,68,41.2162,22.9730
2151,297,103,122,72,41.0774,24.2424
2152,298,100,121,77,40.6040,25.8389
2153,294,95,117,82,39.7959,27.8912
2154,291,92,114,85,39.1753,29.2096
2155,294,93,111,90,37.7551,30.6122
2156,294,92,109,93,37.0748,31.6327
2157,294,86,108,100,36.7347,34.0136
2158,295,84,107,104,36.2712,35.2542
2159,295,85,104,106,35.2542,35.9322
2160,294,82,105,107,35.7143,36.3946
2161,296,84,104,108,35.1351,36.4865
2162,296,83,101,112,34.1216,37.8378
2163,294,82,94,118,31.9728,40.1361
2164,294,81,90,123,30.6122,41.8367
2165,295,84,83,128,28.1356,43.3898
2166,296,83,80,133,27.0270,44.9324
2167,296,82,79,135,26.6892,45.6081
2168,298,80,81,137,27.1812,45.9732
2169,298,79,81,138,27.1812,46.3087
2170,298,76,84,138,28.1879,46.3087
2171,298,72,87,139,29.1946,46.6443
2172,298,72,84,142,28.1879,47.6510
2173,303,69,86,148,28.3828,48.8449
2174,300,70,83,147,27.6667,49.0000
2175,299,71,79,149,26.4214,49.8328
2176,301,72,79,150,26.2458,49.8339
2177,300,71,73,156,24.3333,52.0000
2178,300,71,67,162,22.3333,54.0000
2179,299,72,64,163,21.4047,54.5151
2180,300,71,63,166,21.0000,55.3333
2181,300,69,63,168,21.0000,56.0000
2182,300,68,62,170,20.6667,56.6667
2183,298,66,60,172,20.1342,57.7181
2184,301,66,62,173,20.5980,57.4751
2185,300,63,62,175,20.6667,58.3333
2186,300,62,65,173,21.6667,57.6667
2187,299,64,60,175,20.0669,58.5284
2188,299,66,56,177,18.7291,59.1973
2189,299,69,53,177,17.7258,59.1973
2190,304,70,55,179,18.0921,58.8816
2191,302,66,57,179,18.8742,59.2715
2192,300,67,51,182,17.0000,60.6667
2193,299,67,46,186,15.3846,62.2074
2194,301,75,44,182,14.6179,60.4651
2195,300,78,42,180,14.0000,60.0000
2196,300,78,47,175,15.6667,58.3333
2197,300,80,44,176,14.6667,58.6667
2198,300,79,45,176,15.0000,58.6667
2199,300,83,47,170,15.6667,56.6667
2200,300,83,47,170,15.6667,56.6667
2201,300,83,43,174,14.3333,58.0000
2202,299,85,42,172,14.0468,57.5251
2203,304,93,41,170,13.4868,55.9211
2204,303,97,40,166,13.2013,54.7855
2205,303,101,40,162,13.2013,53.4653
2206,301,103,38,160,12.6246,53.1561
2207,300,108,39,153,13.0000,51.0000
2208,298,108,40,150,13.4228,50.3356
2209,304,121,40,143,13.1579,47.0395
2210,302,125,37,140,12.2517,46.3576
2211,302,125,37,140,12.2517,46.3576
2212,301,123,37,141,12.2924,46.8439
2213,301,125,36,140,11.9601,46.5116
2214,301,126,38,137,12.6246,45.5150
2215,301,129,40,132,13.2890,43.8538
2216,301,133,40,128,13.2890,42.5249
2217,298,136,36,126,12.0805,42.2819
2218,299,140,39,120,13.0435,40.1338
2219,300,141,40,119,13.3333,39.6667
2220,300,140,41,119,13.6667,39.6667
2221,300,138,43,119,14.3333,39.6667
2222,300,134,47,119,15.6667,39.6667
2223,299,135,47,117,15.7191,39.1304
2224,300,139,46,115,15.3333,38.3333
2225,300,144,47,109,15.6667,36.3333
2226,300,144,47,109,15.6667,36.3333
2227,300,142,51,107,17.0000,35.6667
2228,300,145,48,107,16.0000,35.6667
2229,299,144,54,101,18.0602,33.7793
2230,305,155,55,95,18.0328,31.1475
2231,305,152,57,96,18.6885,31.4754
2232,305,151,58,96,19.0164,31.4754
2233,304,152,56,96,18.4211,31.5789
2234,304,154,56,94,18.4211,30.9211
2235,304,154,56,94,18.4211,30.9211
2236,302,150,57,95,18.8742,31.4570
2237,302,147,60,95,19.8675,31.4570
2238,302,142,63,97,20.8609,32.1192
2239,301,139,67,95,22.2591,31.5615
2240,301,139,69,93,22.9236,30.8970
2241,301,134,74,93,24.5847,30.8970
2242,299,132,74,93,24.7492,31.1037
2243,299,132,75,92,25.0836,30.7692
2244,299,128,84,87,28.0936,29.0970
2245,302,130,89,83,29.4702,27.4834
2246,301,127,93,81,30.8970,26.9103
2247,297,123,94,80,31.6498,26.9360
2248,297,116,99,82,33.3333,27.6094
2249,297,117,101,79,34.0067,26.5993
2250,297,112,102,83,34.3434,27.9461
2251,297,109,101,87,34.0067,29.2929
2252,297,104,103,90,34.6801,30.3030
2253,300,107,105,88,35.0000,29.3333
2254,300,104,108,88,36.0000,29.3333
2255,300,100,113,87,37.6667,29.0000
2256,299,97,114,88,38.1271,29.4314
2257,301,96,114,91,37.8738,30.2326
2258,301,94,113,94,37.5415,31.2292
2259,299,88,114,97,38.1271,32.4415
2260,299,86,113,100,37.7926,33.4448
2261,299,86,110,103,36.7893,34.4482
2262,301,87,109,105,36.2126,34.8837
2263,299,84,113,102,37.7926,34.1137
2264,299,86,109,104,36.4548,34.7826
2265,296,86,102,108,34.4595,36.4865
2266,296,84,98,114,33.1081,38.5135
2267,297,82,99,116,33.3333,39.0572
2268,298,80,97,121,32.5503,40.6040
2269,298,82,94,122,31.5436,40.9396
2270,300,83,92,125,30.6667,41.6667
2271,298,85,86,127,28.8591,42.6174
2272,297,81,87,129,29.2929,43.4343
2273,297,81,84,132,28.2828,44.4444
2274,297,77,85,135,28.6195,45.4545
2275,294,74,83,137,28.2313,46.5986
2276,295,75,80,140,27.1186,47.4576
2277,293,75,78,140,26.6212,47.7816
2278,294,75,75,144,25.5102,48.9796
2279,294,76,75,143,25.5102,48.6395
2280,293,77,70,146,23.8908,49.8294
2281,294,77,68,149,23.1293,50.6803
2282,297,82,64,151,21.5488,50.8418
2283,299,86,62,151,20.7358,50.5017
2284,299,88,58,153,19.3980,51.1706
2285,299,93,55,151,18.3946,50.5017
2286,300,96,53,151,17.6667,50.3333
2287,300,95,54,151,18.0000,50.3333
2288,298,95,50,153,16.7785,51.3423
2289,299,97,46,156,15.3846,52.1739
2290,301,101,45,155,14.9502,51.4950
2291,301,102,44,155,14.6179,51.4950
2292,301,102,44,155,14.6179,51.4950
2293,299,101,43,155,14.3813,51.8395
2294,298,103,41,154,13.7584,51.6779
2295,299,100,42,157,14.0468,52.5084
2296,302,104,41,157,13.5762,51.9868
2297,302,104,41,157,13.5762,51.9868
2298,302,100,41,161,13.5762,53.3113
2299,299,100,39,160,13.0435,53.5117
2300,299,100,37,162,12.3746,54.1806
2301,301,102,38,161,12.6246,53.4884
2302,301,105,38,158,12.6246,52.4917
2303,301,108,38,155,12.6246,51.4950
2304,301,106,42,153,13.9535,50.8306
2305,301,105,44,152,14.6179,50.4983
2306,301,98,51,152,16.9435,50.4983
2307,300,96,52,152,17.3333,50.6667
2308,300,96,54,150,18.0000,50.0000
2309,299,97,56,146,18.7291,48.8294
2310,302,99,57,146,18.8742,48.3444
2311,302,101,58,143,19.2053,47.3510
2312,302,100,61,141,20.1987,46.6887
2313,302,101,60,141,19.8675,46.6887
2314,302,100,63,139,20.8609,46.0265
2315,302,99,64,139,21.1921,46.0265
2316,301,104,59,138,19.6013,45.8472
2317,301,107,60,134,19.9336,44.5183
2318,301,111,61,129,20.2658,42.8571
2319,300,114,59,127,19.6667,42.3333
2320,299,116,61,122,20.4013,40.8027
2321,301,122,61,118,20.2658,39.2027
2322,301,125,59,117,19.6013,38.8704
2323,301,123,64,114,21.2625,37.8738
2324,299,119,69,111,23.0769,37.1237
2325,299,121,70,108,23.4114,36.1204
2326,295,118,68,109,23.0508,36.9492
2327,298,120,68,110,22.8188,36.9128
2328,300,124,68,108,22.6667,36.0000
2329,299,122,67,110,22.4080,36.7893
2330,299,127,64,108,21.4047,36.1204
2331,300,124,67,109,22.3333,36.3333
2332,298,125,69,104,23.1544,34.8993
2333,298,124,71,103,23.8255,34.5638
2334,297,125,70,102,23.5690,34.3434
2335,296,123,70,103,23.6486,34.7973
2336,300,123,78,99,26.0000,33.0000
2337,300,121,79,100,26.3333,33.3333
2338,299,116,82,101,27.4247,33.7793
2339,302,114,88,100,29.1391,33.1126
2340,301,113,91,97,30.2326,32.2259
2341,301,111,96,94,31.8937,31.2292
2342,300,106,101,93,33.6667,31.0000
2343,298,102,104,92,34.8993,30.8725
2344,298,97,105,96,35.2349,32.2148
2345,297,91,107,99,36.0269,33.3333
2346,296,93,102,101,34.4595,34.1216
2347,301,100,100,101,33.2226,33.5548
2348,301,96,102,103,33.8870,34.2193
2349,301,89,107,105,35.5482,34.8837
2350,299,88,109,102,36.4548,34.1137
2351,302,89,109,104,36.0927,34.4371
2352,300,89,106,105,35.3333,35.0000
2353,300,85,107,108,35.6667,36.0000
2354,299,81,109,109,36.4548,36.4548
2355,301,76,112,113,37.2093,37.5415
2356,299,73,108,118,36.1204,39.4649
2357,302,77,106,119,35.0993,39.4040
2358,302,73,105,124,34.7682,41.0596
2359,302,69,105,128,34.7682,42.3841
2360,301,65,105,131,34.8837,43.5216
2361,300,63,101,136,33.6667,45.3333
2362,297,65,94,138,31.6498,46.4646
2363,297,62,96,139,32.3232,46.8013
2364,292,60,89,143,30.4795,48.9726
2365,291,60,86,145,29.5533,49.8282
2366,292,60,86,146,29.4521,50.0000
2367,294,60,87,147,29.5918,50.0000
2368,297,67,82,148,27.6094,49.8316
2369,300,71,78,151,26.0000,50.3333
2370,299,68,77,154,25.7525,51.5050
2371,302,71,75,156,24.8344,51.6556
2372,301,68,75,158,24.9169,52.4917
2373,300,67,72,161,24.0000,53.6667
2374,299,68,68,163,22.7425,54.5151
2375,295,67,63,165,21.3559,55.9322
2376,297,69,62,166,20.8754,55.8923
2377,294,68,60,166,20.4082,56.4626
2378,297,75,58,164,19.5286,55.2189
2379,298,78,54,166,18.1208,55.7047
2380,298,79,52,167,17.4497,56.0403
2381,300,84,49,167,16.3333,55.6667
2382,299,86,48,165,16.0535,55.1839
2383,300,88,47,165,15.6667,55.0000
2384,299,86,46,167,15.3846,55.8528
2385,302,88,47,167,15.5629,55.2980
2386,302,89,43,170,14.2384,56.2914
2387,302,90,44,168,14.5695,55.6291
2388,301,90,42,169,13.9535,56.1462
2389,301,88,45,168,14.9502,55.8140
2390,301,89,41,171,13.6213,56.8106
2391,301,88,41,172,13.6213,57.1429
2392,301,88,39,174,12.9568,57.8073
2393,300,88,38,174,12.6667,58.0000
2394,300,87,38,175,12.6667,58.3333
2395,300,86,40,174,13.3333,58.0000
2396,297,91,37,169,12.4579,56.9024
2397,298,96,38,164,12.7517,55.0336
2398,299,100,36,163,12.0401,54.5151
2399,300,104,34,162,11.3333,54.0000
2400,299,106,33,160,11.0368,53.5117
2401,302,110,35,157,11.5894,51.9868
2402,301,110,34,157,11.2957,52.1595
2403,301,111,33,157,10.9635,52.1595
2404,301,113,36,152,11.9601,50.4983
2405,301,113,34,154,11.2957,51.1628
2406,301,114,33,154,10.9635,51.1628
2407,301,117,35,149,11.6279,49.5017
2408,301,121,34,146,11.2957,48.5050
2409,300,123,33,144,11.0000,48.0000
2410,300,127,31,142,10.3333,47.3333
2411,300,129,33,138,11.0000,46.0000
2412,299,127,37,135,12.3746,45.1505
2413,301,133,38,130,12.6246,43.1894
2414,301,138,38,125,12.6246,41.5282
2415,301,136,40,125,13.2890,41.5282
2416,300,140,39,121,13.0000,40.3333
2417,300,142,42,116,14.0000,38.6667
2418,300,143,43,114,14.3333,38.0000
2419,300,136,52,112,17.3333,37.3333
2420,300,138,53,109,17.6667,36.3333
2421,300,139,55,106,18.3333,35.3333
2422,300,139,59,102,19.6667,34.0000
2423,300,140,60,100,20.0000,33.3333
2424,298,142,58,98,19.4631,32.8859
2425,302,143,61,98,20.1987,32.4503
2426,302,145,62,95,20.5298,31.4570
2427,302,143,65,94,21.5232,31.1258
2428,302,137,70,95,23.1788,31.4570
2429,302,135,71,96,23.5099,31.7881
2430,302,131,77,94,25.4967,31.1258
2431,302,129,83,90,27.4834,29.8013
2432,300,127,80,93,26.6667,31.0000
2433,299,125,82,92,27.4247,30.7692
2434,302,123,89,90,29.4702,29.8013
2435,301,121,89,91,29.5681,30.2326
2436,300,115,96,89,32.0000,29.6667
2437,300,113,98,89,32.6667,29.6667
2438,298,111,103,84,34.5638,28.1879
2439,296,106,104,86,35.1351,29.0541
2440,297,106,103,88,34.6801,29.6296
2441,298,104,106,88,35.5705,29.5302
2442,299,107,106,86,35.4515,28.7625
2443,303,107,107,89,35.3135,29.3729
2444,303,108,108,87,35.6436,28.7129
2445,303,103,112,88,36.9637,29.0429
2446,303,96,115,92,37.9538,30.3630
2447,303,96,114,93,37.6238,30.6931
2448,301,91,111,99,36.8771,32.8904
2449,300,86,111,103,37.0000,34.3333
2450,300,79,116,105,38.6667,35.0000
2451,298,76,114,108,38.2550,36.2416
2452,298,77,112,109,37.5839,36.5772
2453,298,73,112,113,37.5839,37.9195
2454,299,72,111,116,37.1237,38.7960
2455,300,75,108,117,36.0000,39.0000
2456,298,74,101,123,33.8926,41.2752
2457,300,76,100,124,33.3333,41.3333
2458,298,76,97,125,32.5503,41.9463
2459,298,76,93,129,31.2081,43.2886
2460,298,77,88,133,29.5302,44.6309
2461,298,79,85,134,28.5235,44.9664
2462,299,82,81,136,27.0903,45.4849
2463,299,81,82,136,27.4247,45.4849
2464,300,83,79,138,26.3333,46.0000
2465,299,82,76,141,25.4181,47.1572
2466,299,82,72,145,24.0803,48.4950
2467,302,85,70,147,23.1788,48.6755
2468,301,84,68,149,22.5914,49.5017
2469,297,82,65,150,21.8855,50.5051
2470,299,83,62,154,20.7358,51.5050
2471,297,83,53,161,17.8451,54.2088
2472,300,87,51,162,17.0000,54.0000
2473,300,85,49,166,16.3333,55.3333
2474,298,85,45,168,15.1007,56.3758
2475,301,86,47,168,15.6146,55.8140
2476,301,84,48,169,15.9468,56.1462
2477,301,86,47,168,15.6146,55.8140
2478,300,84,46,170,15.3333,56.6667
2479,299,84,46,169,15.3846,56.5217
2480,301,89,45,167,14.9502,55.4817
2481,299,88,46,165,15.3846,55.1839
2482,300,89,45,166,15.0000,55.3333
2483,298,86,45,167,15.1007,56.0403
2484,300,94,45,161,15.0000,53.6667
2485,299,95,42,162,14.0468,54.1806
2486,302,96,43,163,14.2384,53.9735
2487,302,97,42,163,13.9073,53.9735
2488,301,96,40,165,13.2890,54.8173
2489,300,97,38,165,12.6667,55.0000
2490,299,96,38,165,12.7090,55.1839
2491,300,100,38,162,12.6667,54.0000
2492,299,103,38,158,12.7090,52.8428
2493,303,106,35,162,11.5512,53.4653
2494,303,108,36,159,11.8812,52.4752
2495,302,110,35,157,11.5894,51.9868
2496,302,107,38,157,12.5828,51.9868
2497,302,108,38,156,12.5828,51.6556
2498,300,113,34,153,11.3333,51.0000
2499,298,112,34,152,11.4094,51.0067
2500,300,122,34,144,11.3333,48.0000
2501,298,124,32,142,10.7383,47.6510
2502,300,130,32,138,10.6667,46.0000
2503,300,133,32,135,10.6667,45.0000
2504,299,133,32,134,10.7023,44.8161
2505,299,136,33,130,11.0368,43.4783
2506,302,140,34,128,11.2583,42.3841
2507,301,140,36,125,11.9601,41.5282
2508,300,142,38,120,12.6667,40.0000
2509,299,144,41,114,13.7124,38.1271
2510,301,150,40,111,13.2890,36.8771
2511,299,154,38,107,12.7090,35.7860
2512,302,162,40,100,13.2450,33.1126
2513,301,160,43,98,14.2857,32.5581
2514,300,159,47,94,15.6667,31.3333
2515,300,160,46,94,15.3333,31.3333
2516,300,161,44,95,14.6667,31.6667
2517,299,163,43,93,14.3813,31.1037
2518,300,163,48,89,16.0000,29.6667
2519,300,163,51,86,17.0000,28.6667
2520,300,165,51,84,17.0000,28.0000
2521,300,163,53,84,17.6667,28.0000
2522,300,164,56,80,18.6667,26.6667
2523,300,167,58,75,19.3333,25.0000
2524,300,166,60,74,20.0000,24.6667
2525,299,169,60,70,20.0669,23.4114
2526,303,168,66,69,21.7822,22.7723
2527,303,163,70,70,23.1023,23.1023
2528,302,162,67,73,22.1854,24.1722
2529,301,153,76,72,25.2492,23.9203
2530,301,153,76,72,25.2492,23.9203
2531,301,148,82,71,27.2425,23.5880
2532,301,145,84,72,27.9070,23.9203
2533,301,138,91,72,30.2326,23.9203
2534,300,138,86,76,28.6667,25.3333
2535,299,137,85,77,28.4281,25.7525
2536,299,133,88,78,29.4314,26.0870
2537,303,136,91,76,30.0330,25.0825
2538,302,132,93,77,30.7947,25.4967
2539,300,131,91,78,30.3333,26.0000
2540,299,124,100,75,33.4448,25.0836
2541,301,125,101,75,33.5548,24.9169
2542,299,112,109,78,36.4548,26.0870
2543,302,113,110,79,36.4238,26.1589
2544,301,108,108,85,35.8804,28.2392
2545,300,108,111,81,37.0000,27.0000
2546,298,105,108,85,36.2416,28.5235
2547,298,101,110,87,36.9128,29.1946
2548,300,99,113,88,37.6667,29.3333
2549,297,94,109,94,36.7003,31.6498
2550,298,92,111,95,37.2483,31.8792
2551,300,87,113,100,37.6667,33.3333
2552,299,84,112,103,37.4582,34.4482
2553,298,87,107,104,35.9060,34.8993
2554,299,88,105,106,35.1171,35.4515
2555,300,91,103,106,34.3333,35.3333
2556,297,87,104,106,35.0168,35.6902
2557,299,84,105,110,35.1171,36.7893
2558,300,77,111,112,37.0000,37.3333
2559,300,76,108,116,36.0000,38.6667
2560,299,72,105,122,35.1171,40.8027
2561,300,73,98,129,32.6667,43.0000
2562,297,70,92,135,30.9764,45.4545
2563,299,67,91,141,30.4348,47.1572
2564,300,68,89,143,29.6667,47.6667
2565,298,64,89,145,29.8658,48.6577
2566,300,67,86,147,28.6667,49.0000
2567,298,66,84,148,28.1879,49.6644
2568,298,69,78,151,26.1745,50.6711
2569,299,71,74,154,24.7492,51.5050
2570,300,72,70,158,23.3333,52.6667
2571,297,69,65,163,21.8855,54.8822
2572,300,71,66,163,22.0000,54.3333
2573,300,72,65,163,21.6667,54.3333
2574,300,73,64,163,21.3333,54.3333
2575,300,71,65,164,21.6667,54.6667
2576,300,70,67,163,22.3333,54.3333
2577,298,66,65,167,21.8121,56.0403
2578,299,66,63,170,21.0702,56.8562
2579,299,69,58,172,19.3980,57.5251
2580,301,73,59,169,19.6013,56.1462
2581,299,74,55,170,18.3946,56.8562
2582,301,79,53,169,17.6080,56.1462
2583,300,79,50,171,16.6667,57.0000
2584,299,80,48,171,16.0535,57.1906
2585,300,80,45,175,15.0000,58.3333
2586,300,82,47,171,15.6667,57.0000
2587,299,82,48,169,16.0535,56.5217
2588,301,84,48,169,15.9468,56.1462
2589,301,84,46,171,15.2824,56.8106
2590,301,82,49,170,16.2791,56.4784
2591,298,85,44,169,14.7651,56.7114
2592,303,87,46,170,15.1815,56.1056
2593,302,89,43,170,14.2384,56.2914
2594,302,91,44,167,14.5695,55.2980
2595,302,91,46,165,15.2318,54.6358
2596,301,94,44,163,14.6179,54.1528
2597,300,93,39,168,13.0000,56.0000
2598,299,94,39,166,13.0435,55.5184
2599,299,99,35,165,11.7057,55.1839
2600,300,101,34,165,11.3333,55.0000
2601,299,109,32,158,10.7023,52.8428
2602,303,116,32,155,10.5611,51.1551
2603,303,119,33,151,10.8911,49.8350
2604,303,120,34,149,11.2211,49.1749
2605,303,120,35,148,11.5512,48.8449
2606,303,121,34,148,11.2211,48.8449
2607,303,123,32,148,10.5611,48.8449
2608,303,122,33,148,10.8911,48.8449
2609,303,126,31,146,10.2310,48.1848
2610,303,128,33,142,10.8911,46.8647
2611,301,131,29,141,9.6346,46.8439
2612,301,136,30,135,9.9668,44.8505
2613,299,140,30,129,10.0334,43.1438
2614,302,146,33,123,10.9272,40.7285
2615,301,148,35,118,11.6279,39.2027
2616,300,149,34,117,11.3333,39.0000
2617,300,149,35,116,11.6667,38.6667
2618,300,151,35,114,11.6667,38.0000
2619,300,152,33,115,11.0000,38.3333
2620,300,159,33,108,11.0000,36.0000
2621,300,160,36,104,12.0000,34.6667
2622,300,158,43,99,14.3333,33.0000
2623,299,158,48,93,16.0535,31.1037
2624,300,155,50,95,16.6667,31.6667
2625,300,151,55,94,18.3333,31.3333
2626,300,149,56,95,18.6667,31.6667
2627,300,150,57,93,19.0000,31.0000
2628,300,144,62,94,20.6667,31.3333
2629,300,147,63,90,21.0000,30.0000
2630,300,144,70,86,23.3333,28.6667
2631,299,143,74,82,24.7492,27.4247
2632,299,144,74,81,24.7492,27.0903
2633,301,146,74,81,24.5847,26.9103
2634,298,144,74,80,24.8322,26.8456
2635,298,144,73,81,24.4966,27.1812
2636,303,144,78,81,25.7426,26.7327
2637,303,138,87,78,28.7129,25.7426
2638,303,131,93,79,30.6931,26.0726
2639,301,128,95,78,31.5615,25.9136
2640,301,126,98,77,32.5581,25.5814
2641,301,124,102,75,33.8870,24.9169
2642,300,121,98,81,32.6667,27.0000
2643,300,120,99,81,33.0000,27.0000
2644,298,113,98,87,32.8859,29.1946
2645,298,112,98,88,32.8859,29.5302
2646,298,107,100,91,33.5570,30.5369
2647,299,103,102,94,34.1137,31.4381
2648,298,105,101,92,33.8926,30.8725
2649,300,109,100,91,33.3333,30.3333
2650,300,104,100,96,33.3333,32.0000
2651,297,101,102,94,34.3434,31.6498
2652,296,97,103,96,34.7973,32.4324
2653,300,96,108,96,36.0000,32.0000
2654,300,91,111,98,37.0000,32.6667
2655,298,90,109,99,36.5772,33.2215
2656,300,90,108,102,36.0000,34.0000
2657,298,86,103,109,34.5638,36.5772
2658,296,85,101,110,34.1216,37.1622
2659,297,87,95,115,31.9865,38.7205
2660,298,84,96,118,32.2148,39.5973
2661,301,87,94,120,31.2292,39.8671
2662,300,80,97,123,32.3333,41.0000
2663,299,80,95,124,31.7726,41.4716
2664,299,76,98,125,32.7759,41.8060
2665,299,74,93,132,31.1037,44.1472
2666,299,75,89,135,29.7659,45.1505
2667,300,75,86,139,28.6667,46.3333
2668,300,71,89,140,29.6667,46.6667
2669,300,69,88,143,29.3333,47.6667
2670,300,66,87,147,29.0000,49.0000
2671,299,65,86,148,28.7625,49.4983
2672,300,65,82,153,27.3333,51.0000
2673,298,62,79,157,26.5101,52.6846
2674,296,63,74,159,25.0000,53.7162
2675,297,64,72,161,24.2424,54.2088
2676,298,66,70,162,23.4899,54.3624
2677,300,65,71,164,23.6667,54.6667
2678,300,63,71,166,23.6667,55.3333
2679,300,61,72,167,24.0000,55.6667
2680,299,60,69,170,23.0769,56.8562
2681,300,61,69,170,23.0000,56.6667
2682,299,62,65,172,21.7391,57.5251
2683,297,59,63,175,21.2121,58.9226
2684,300,63,59,178,19.6667,59.3333
2685,300,65,54,181,18.0000,60.3333
2686,299,64,53,182,17.7258,60.8696
2687,302,65,56,181,18.5430,59.9338
2688,302,65,53,184,17.5497,60.9272
2689,300,66,50,184,16.6667,61.3333
2690,298,67,46,185,15.4362,62.0805
2691,304,72,46,186,15.1316,61.1842
2692,303,71,42,190,13.8614,62.7063
2693,302,72,39,191,12.9139,63.2450
2694,302,79,36,187,11.9205,61.9205
2695,302,82,35,185,11.5894,61.2583
2696,301,89,31,181,10.2990,60.1329
2697,301,91,30,180,9.9668,59.8007
2698,301,92,29,180,9.6346,59.8007
2699,301,95,25,181,8.3056,60.1329
2700,301,97,22,182,7.3090,60.4651
2701,301,100,20,181,6.6445,60.1329
2702,300,105,21,174,7.0000,58.0000
2703,299,105,20,174,6.6890,58.1940
2704,303,112,21,170,6.9307,56.1056
2705,303,112,22,169,7.2607,55.7756
2706,303,112,24,167,7.9208,55.1155
2707,303,114,19,170,6.2706,56.1056
2708,300,118,16,166,5.3333,55.3333
2709,300,125,17,158,5.6667,52.6667
2710,300,127,17,156,5.6667,52.0000
2711,300,133,18,149,6.0000,49.6667
2712,299,134,20,145,6.6890,48.4950
2713,300,137,22,141,7.3333,47.0000
2714,300,138,24,138,8.0000,46.0000
2715,300,141,25,134,8.3333,44.6667
2716,300,143,25,132,8.3333,44.0000
2717,300,150,26,124,8.6667,41.3333
2718,299,152,27,120,9.0301,40.1338
2719,302,155,30,117,9.9338,38.7417
2720,302,156,31,115,10.2649,38.0795
2721,302,159,32,111,10.5960,36.7550
2722,302,162,31,109,10.2649,36.0927
2723,302,162,35,105,11.5894,34.7682
2724,302,164,36,102,11.9205,33.7748
2725,302,169,35,98,11.5894,32.4503
2726,301,171,33,97,10.9635,32.2259
2727,301,172,33,96,10.9635,31.8937
2728,301,174,35,92,11.6279,30.5648
2729,300,174,36,90,12.0000,30.0000
2730,300,174,40,86,13.3333,28.6667
2731,300,175,40,85,13.3333,28.3333
2732,298,176,40,82,13.4228,27.5168
2733,301,178,42,81,13.9535,26.9103
2734,301,179,41,81,13.6213,26.9103
2735,301,178,44,79,14.6179,26.2458
2736,300,179,46,75,15.3333,25.0000
2737,300,179,51,70,17.0000,23.3333
2738,300,176,54,70,18.0000,23.3333
2739,298,174,53,71,17.7852,23.8255
2740,298,177,53,68,17.7852,22.8188
2741,300,178,55,67,18.3333,22.3333
2742,300,178,57,65,19.0000,21.6667
2743,300,174,57,69,19.0000,23.0000
2744,299,176,57,66,19.0635,22.0736
2745,301,174,62,65,20.5980,21.5947
2746,301,169,70,62,23.2558,20.5980
2747,301,168,72,61,23.9203,20.2658
2748,301,165,75,61,24.9169,20.2658
2749,300,162,78,60,26.0000,20.0000
2750,300,162,78,60,26.0000,20.0000
2751,300,162,79,59,26.3333,19.6667
2752,299,156,85,58,28.4281,19.3980
2753,299,150,92,57,30.7692,19.0635
2754,299,147,93,59,31.1037,19.7324
2755,303,149,93,61,30.6931,20.1320
2756,303,142,98,63,32.3432,20.7921
2757,301,133,104,64,34.5515,21.2625
2758,300,124,106,70,35.3333,23.3333
2759,300,125,106,69,35.3333,23.0000
2760,300,120,108,72,36.0000,24.0000
2761,300,115,111,74,37.0000,24.6667
2762,300,113,111,76,37.0000,25.3333
2763,300,107,114,79,38.0000,26.3333
2764,300,102,116,82,38.6667,27.3333
2765,300,100,117,83,39.0000,27.6667
2766,297,93,115,89,38.7205,29.9663
2767,296,90,113,93,38.1757,31.4189
2768,296,86,116,94,39.1892,31.7568
2769,294,86,111,97,37.7551,32.9932
2770,292,82,110,100,37.6712,34.2466
2771,294,82,114,98,38.7755,33.3333
2772,293,77,110,106,37.5427,36.1775
2773,292,74,108,110,36.9863,37.6712
2774,293,77,104,112,35.4949,38.2253
2775,294,76,102,116,34.6939,39.4558
2776,290,77,96,117,33.1034,40.3448
2777,290,75,92,123,31.7241,42.4138
2778,292,76,89,127,30.4795,43.4932
2779,289,72,86,131,29.7578,45.3287
2780,292,75,82,135,28.0822,46.2329
2781,293,75,80,138,27.3038,47.0990
2782,294,77,75,142,25.5102,48.2993
2783,298,80,74,144,24.8322,48.3221
2784,300,80,73,147,24.3333,49.0000
2785,299,77,71,151,23.7458,50.5017
2786,300,80,67,153,22.3333,51.0000
2787,300,79,66,155,22.0000,51.6667
2788,297,74,65,158,21.8855,53.1987
2789,301,78,63,160,20.9302,53.1561
2790,300,78,61,161,20.3333,53.6667
2791,299,79,60,160,20.0669,53.5117
2792,301,81,55,165,18.2724,54.8173
2793,301,80,52,169,17.2757,56.1462
2794,300,81,47,172,15.6667,57.3333
2795,299,84,47,168,15.7191,56.1873
2796,302,87,46,169,15.2318,55.9603
2797,301,88,42,171,13.9535,56.8106
2798,301,85,43,173,14.2857,57.4751
2799,301,84,40,177,13.2890,58.8040
2800,301,83,42,176,13.9535,58.4718
2801,301,81,43,177,14.2857,58.8040
2802,301,84,42,175,13.9535,58.1395
2803,301,85,43,173,14.2857,57.4751
2804,299,87,39,173,13.0435,57.8595
2805,300,90,36,174,12.0000,58.0000
2806,299,90,34,175,11.3712,58.5284
2807,299,94,34,171,11.3712,57.1906
2808,299,95,32,172,10.7023,57.5251
2809,300,96,31,173,10.3333,57.6667
2810,300,98,34,168,11.3333,56.0000
2811,299,99,36,164,12.0401,54.8495
2812,303,106,33,164,10.8911,54.1254
2813,302,109,31,162,10.2649,53.6424
2814,302,111,32,159,10.5960,52.6490
2815,302,113,32,157,10.5960,51.9868
2816,302,114,33,155,10.9272,51.3245
2817,302,113,35,154,11.5894,50.9934
2818,302,116,37,149,12.2517,49.3377
2819,301,119,36,146,11.9601,48.5050
2820,301,117,36,148,11.9601,49.1694
2821,300,118,35,147,11.6667,49.0000
2822,300,120,34,146,11.3333,48.6667
2823,300,119,35,146,11.6667,48.6667
2824,299,126,34,139,11.3712,46.4883
2825,303,132,36,135,11.8812,44.5545
2826,303,136,36,131,11.8812,43.2343
2827,302,135,39,128,12.9139,42.3841
2828,302,137,39,126,12.9139,41.7219
2829,301,143,37,121,12.2924,40.1993
2830,299,147,34,118,11.3712,39.4649
2831,300,152,34,114,11.3333,38.0000
2832,298,156,32,110,10.7383,36.9128
2833,303,165,32,106,10.5611,34.9835
2834,303,167,33,103,10.8911,33.9934
2835,303,165,38,100,12.5413,33.0033
2836,302,170,35,97,11.5894,32.1192
2837,302,169,37,96,12.2517,31.7881
2838,300,170,39,91,13.0000,30.3333
2839,299,168,42,89,14.0468,29.7659
2840,302,170,45,87,14.9007,28.8079
2841,301,168,46,87,15.2824,28.9037
2842,301,168,48,85,15.9468,28.2392
2843,300,167,50,83,16.6667,27.6667
2844,300,168,55,77,18.3333,25.6667
2845,300,166,58,76,19.3333,25.3333
2846,300,164,64,72,21.3333,24.0000
2847,299,159,67,73,22.4080,24.4147
2848,304,159,70,75,23.0263,24.6711
2849,304,159,73,72,24.0132,23.6842
2850,304,160,72,72,23.6842,23.6842
2851,304,157,78,69,25.6579,22.6974
2852,303,154,82,67,27.0627,22.1122
2853,303,152,86,65,28.3828,21.4521
2854,303,148,90,65,29.7030,21.4521
2855,303,143,94,66,31.0231,21.7822
2856,302,140,95,67,31.4570,22.1854
2857,302,138,99,65,32.7815,21.5232
2858,301,134,101,66,33.5548,21.9269
2859,300,132,98,70,32.6667,23.3333
2860,298,131,97,70,32.5503,23.4899
2861,300,130,99,71,33.0000,23.6667
2862,300,125,99,76,33.0000,25.3333
2863,299,123,98,78,32.7759,26.0870
2864,300,121,101,78,33.6667,26.0000
2865,298,115,104,79,34.8993,26.5101
2866,299,114,99,86,33.1104,28.7625
2867,300,115,95,90,31.6667,30.0000
2868,297,114,92,91,30.9764,30.6397
2869,298,111,91,96,30.5369,32.2148
2870,299,106,97,96,32.4415,32.1070
2871,300,105,100,95,33.3333,31.6667
2872,298,106,94,98,31.5436,32.8859
2873,302,109,94,99,31.1258,32.7815
2874,301,104,95,102,31.5615,33.8870
2875,300,100,95,105,31.6667,35.0000
2876,295,97,94,104,31.8644,35.2542
2877,292,91,94,107,32.1918,36.6438
2878,294,93,90,111,30.6122,37.7551
2879,296,93,87,116,29.3919,39.1892
2880,298,96,86,116,28.8591,38.9262
2881,299,97,84,118,28.0936,39.4649
2882,301,98,82,121,27.2425,40.1993
2883,300,98,79,123,26.3333,41.0000
2884,299,96,77,126,25.7525,42.1405
2885,299,95,73,131,24.4147,43.8127
2886,300,97,69,134,23.0000,44.6667
2887,300,94,69,137,23.0000,45.6667
2888,300,92,71,137,23.6667,45.6667
2889,299,89,72,138,24.0803,46.1538
2890,301,90,70,141,23.2558,46.8439
2891,298,88,65,145,21.8121,48.6577
2892,297,87,64,146,21.5488,49.1582
2893,300,89,67,144,22.3333,48.0000
2894,299,90,62,147,20.7358,49.1639
2895,299,84,62,153,20.7358,51.1706
2896,303,88,61,154,20.1320,50.8251
2897,302,88,56,158,18.5430,52.3179
2898,302,83,58,161,19.2053,53.3113
2899,302,84,58,160,19.2053,52.9801
2900,301,86,58,157,19.2691,52.1595
2901,301,82,61,158,20.2658,52.4917
2902,301,83,59,159,19.6013,52.8239
2903,299,82,57,160,19.0635,53.5117
2904,301,84,57,160,18.9369,53.1561
2905,301,80,59,162,19.6013,53.8206
2906,301,79,57,165,18.9369,54.8173
2907,299,79,57,163,19.0635,54.5151
2908,300,80,58,162,19.3333,54.0000
2909,298,78,56,164,18.7919,55.0336
2910,300,82,56,162,18.6667,54.0000
2911,299,82,58,159,19.3980,53.1773
2912,304,85,61,158,20.0658,51.9737
2913,304,87,59,158,19.4079,51.9737
2914,303,92,57,154,18.8119,50.8251
2915,302,91,54,157,17.8808,51.9868
2916,301,91,55,155,18.2724,51.4950
2917,301,93,53,155,17.6080,51.4950
2918,301,99,50,152,16.6113,50.4983
2919,301,101,52,148,17.2757,49.1694
2920,299,99,53,147,17.7258,49.1639
2921,304,107,53,144,17.4342,47.3684
2922,303,107,52,144,17.1617,47.5248
2923,303,103,55,145,18.1518,47.8548
2924,302,105,58,139,19.2053,46.0265
2925,301,107,57,137,18.9369,45.5150
2926,300,111,54,135,18.0000,45.0000
2927,300,108,58,134,19.3333,44.6667
2928,298,106,56,136,18.7919,45.6376
2929,300,107,58,135,19.3333,45.0000
2930,299,108,58,133,19.3980,44.4816
2931,299,114,55,130,18.3946,43.4783
2932,302,116,53,133,17.5497,44.0397
2933,301,118,53,130,17.6080,43.1894
2934,299,116,58,125,19.3980,41.8060
2935,301,116,63,122,20.9302,40.5316
2936,301,116,62,123,20.5980,40.8638
2937,299,115,66,118,22.0736,39.4649
2938,303,122,67,114,22.1122,37.6238
2939,303,121,68,114,22.4422,37.6238
2940,302,119,67,116,22.1854,38.4106
2941,302,119,67,116,22.1854,38.4106
2942,302,120,68,114,22.5166,37.7483
2943,300,118,71,111,23.6667,37.0000
2944,299,117,72,110,24.0803,36.7893
2945,301,115,74,112,24.5847,37.2093
2946,301,114,77,110,25.5814,36.5449
2947,299,113,79,107,26.4214,35.7860
2948,300,114,81,105,27.0000,35.0000
2949,300,118,80,102,26.6667,34.0000
2950,298,117,81,100,27.1812,33.5570
2951,301,118,80,103,26.5781,34.2193
2952,300,116,81,103,27.0000,34.3333
2953,300,108,88,104,29.3333,34.6667
2954,299,106,89,104,29.7659,34.7826
2955,300,106,87,107,29.0000,35.6667
2956,299,106,83,110,27.7592,36.7893
2957,299,104,84,111,28.0936,37.1237
2958,298,108,82,108,27.5168,36.2416
2959,298,104,85,109,28.5235,36.5772
2960,297,105,83,109,27.9461,36.7003
2961,298,108,81,109,27.1812,36.5772
2962,300,111,80,109,26.6667,36.3333
2963,299,103,84,112,28.0936,37.4582
2964,297,101,83,113,27.9461,38.0471
2965,300,103,87,110,29.0000,36.6667
2966,298,100,85,113,28.5235,37.9195
2967,298,107,80,111,26.8456,37.2483
2968,298,110,77,111,25.8389,37.2483
2969,300,112,74,114,24.6667,38.0000
2970,299,110,77,112,25.7525,37.4582
2971,301,106,80,115,26.5781,38.2060
2972,300,104,81,115,27.0000,38.3333
2973,299,102,80,117,26.7559,39.1304
2974,300,102,76,122,25.3333,40.6667
2975,297,97,77,123,25.9259,41.4141
2976,298,98,77,123,25.8389,41.2752
2977,300,98,78,124,26.0000,41.3333
2978,299,92,84,123,28.0936,41.1371
2979,301,94,81,126,26.9103,41.8605
2980,301,93,82,126,27.2425,41.8605
2981,300,93,81,126,27.0000,42.0000
2982,300,93,83,124,27.6667,41.3333
2983,299,93,81,125,27.0903,41.8060
2984,297,94,78,125,26.2626,42.0875
2985,302,98,75,129,24.8344,42.7152
2986,300,95,72,133,24.0000,44.3333
2987,299,89,75,135,25.0836,45.1505
2988,303,93,79,131,26.0726,43.2343
2989,303,87,85,131,28.0528,43.2343
2990,302,85,81,136,26.8212,45.0331
2991,299,85,78,136,26.0870,45.4849
2992,301,89,76,136,25.2492,45.1827
2993,301,91,75,135,24.9169,44.8505
2994,300,90,74,136,24.6667,45.3333
2995,297,89,69,139,23.2323,46.8013
2996,299,84,75,140,25.0836,46.8227
2997,300,81,79,140,26.3333,46.6667
2998,298,81,74,143,24.8322,47.9866
2999,297,82,71,144,23.9057,48.4848
3000,300,80,74,146,24.6667,48.6667
3001,297,83,71,143,23.9057,48.1481
3002,301,86,73,142,24.2525,47.1761
3003,300,87,71,142,23.6667,47.3333
3004,298,83,72,143,24.1611,47.9866
3005,303,88,73,142,24.0924,46.8647
3006,302,87,74,141,24.5033,46.6887
3007,301,90,72,139,23.9203,46.1794
3008,298,92,67,139,22.4832,46.6443
3009,301,97,64,140,21.2625,46.5116
3010,300,95,64,141,21.3333,47.0000
3011,300,91,67,142,22.3333,47.3333
3012,300,89,69,142,23.0000,47.3333
3013,300,91,66,143,22.0000,47.6667
3014,299,91,65,143,21.7391,47.8261
3015,301,95,65,141,21.5947,46.8439
3016,301,96,63,142,20.9302,47.1761
3017,301,96,54,151,17.9402,50.1661
3018,300,100,52,148,17.3333,49.3333
3019,300,100,53,147,17.6667,49.0000
3020,298,100,49,149,16.4430,50.0000
3021,299,105,48,146,16.0535,48.8294
3022,301,108,49,144,16.2791,47.8405
3023,300,112,47,141,15.6667,47.0000
3024,300,111,44,145,14.6667,48.3333
3025,299,113,43,143,14.3813,47.8261
3026,300,119,42,139,14.0000,46.3333
3027,300,117,43,140,14.3333,46.6667
3028,300,111,48,141,16.0000,47.0000
3029,300,110,49,141,16.3333,47.0000
3030,299,108,49,142,16.3880,47.4916
3031,305,117,49,139,16.0656,45.5738
3032,303,116,46,141,15.1815,46.5347
3033,302,114,49,139,16.2252,46.0265
3034,302,113,49,140,16.2252,46.3576
3035,300,115,49,136,16.3333,45.3333
3036,299,117,49,133,16.3880,44.4816
3037,299,117,54,128,18.0602,42.8094
3038,301,119,58,124,19.2691,41.1960
3039,300,120,57,123,19.0000,41.0000
3040,300,115,60,125,20.0000,41.6667
3041,299,113,59,127,19.7324,42.4749
3042,299,117,60,122,20.0669,40.8027
3043,300,118,62,120,20.6667,40.0000
3044,300,117,66,117,22.0000,39.0000
3045,300,115,70,115,23.3333,38.3333
3046,300,112,72,116,24.0000,38.6667
3047,300,114,73,113,24.3333,37.6667
3048,299,113,68,118,22.7425,39.4649
3049,301,116,68,117,22.5914,38.8704
3050,299,116,68,115,22.7425,38.4615
3051,299,117,69,113,23.0769,37.7926
3052,300,119,68,113,22.6667,37.6667
3053,300,119,67,114,22.3333,38.0000
3054,298,116,65,117,21.8121,39.2617
3055,301,116,71,114,23.5880,37.8738
3056,301,111,77,113,25.5814,37.5415
3057,300,108,73,119,24.3333,39.6667
3058,299,104,77,118,25.7525,39.4649
3059,299,104,78,117,26.0870,39.1304
3060,302,107,79,116,26.1589,38.4106
3061,300,110,75,115,25.0000,38.3333
3062,299,106,80,113,26.7559,37.7926
3063,300,108,77,115,25.6667,38.3333
3064,298,105,79,114,26.5101,38.2550
3065,301,106,82,113,27.2425,37.5415
3066,300,105,81,114,27.0000,38.0000
3067,298,105,79,114,26.5101,38.2550
3068,299,108,77,114,25.7525,38.1271
3069,300,117,77,106,25.6667,35.3333
3070,300,115,78,107,26.0000,35.6667
3071,300,115,76,109,25.3333,36.3333
3072,298,110,81,107,27.1812,35.9060
3073,300,107,86,107,28.6667,35.6667
3074,300,103,89,108,29.6667,36.0000
3075,297,102,86,109,28.9562,36.7003
3076,299,107,83,109,27.7592,36.4548
3077,298,110,79,109,26.5101,36.5772
3078,303,118,73,112,24.0924,36.9637
3079,302,117,75,110,24.8344,36.4238
3080,302,110,79,113,26.1589,37.4172
3081,301,102,87,112,28.9037,37.2093
3082,301,103,85,113,28.2392,37.5415
3083,298,103,84,111,28.1879,37.2483
3084,299,102,88,109,29.4314,36.4548
3085,299,99,86,114,28.7625,38.1271
3086,300,96,89,115,29.6667,38.3333
3087,299,91,91,117,30.4348,39.1304
3088,302,92,94,116,31.1258,38.4106
3089,302,90,92,120,30.4636,39.7351
3090,302,88,92,122,30.4636,40.3974
3091,301,85,91,125,30.2326,41.5282
3092,301,84,90,127,29.9003,42.1927
3093,295,83,81,131,27.4576,44.4068
3094,298,85,80,133,26.8456,44.6309
3095,301,84,82,135,27.2425,44.8505
3096,300,80,85,135,28.3333,45.0000
3097,298,78,83,137,27.8523,45.9732
3098,302,84,83,135,27.4834,44.7020
3099,301,86,81,134,26.9103,44.5183
3100,301,89,78,134,25.9136,44.5183
3101,299,88,73,138,24.4147,46.1538
3102,298,86,74,138,24.8322,46.3087
3103,300,86,74,140,24.6667,46.6667
3104,298,85,73,140,24.4966,46.9799
3105,300,86,69,145,23.0000,48.3333
3106,297,87,64,146,21.5488,49.1582
3107,299,89,63,147,21.0702,49.1639
3108,297,91,57,149,19.1919,50.1684
3109,299,97,57,145,19.0635,48.4950
3110,301,93,63,145,20.9302,48.1728
3111,301,91,65,145,21.5947,48.1728
3112,300,93,60,147,20.0000,49.0000
3113,300,93,59,148,19.6667,49.3333
3114,299,90,61,148,20.4013,49.4983
3115,301,97,59,145,19.6013,48.1728
3116,300,97,55,148,18.3333,49.3333
3117,298,96,54,148,18.1208,49.6644
3118,299,99,54,146,18.0602,48.8294
3119,301,102,54,145,17.9402,48.1728
3120,301,104,54,143,17.9402,47.5083
3121,300,102,55,143,18.3333,47.6667
3122,298,103,51,144,17.1141,48.3221
3123,300,105,48,147,16.0000,49.0000
3124,299,103,48,148,16.0535,49.4983
3125,300,104,49,147,16.3333,49.0000
3126,300,105,47,148,15.6667,49.3333
3127,300,104,50,146,16.6667,48.6667
3128,300,103,55,142,18.3333,47.3333
3129,299,101,58,140,19.3980,46.8227
3130,300,106,54,140,18.0000,46.6667
3131,300,104,51,145,17.0000,48.3333
3132,300,104,54,142,18.0000,47.3333
3133,300,103,55,142,18.3333,47.3333
3134,300,107,52,141,17.3333,47.0000
3135,300,104,53,143,17.6667,47.6667
3136,300,105,54,141,18.0000,47.0000
3137,299,109,51,139,17.0569,46.4883
3138,300,114,49,137,16.3333,45.6667
3139,300,115,49,136,16.3333,45.3333
3140,300,112,50,138,16.6667,46.0000
3141,300,113,52,135,17.3333,45.0000
3142,300,111,53,136,17.6667,45.3333
3143,299,112,52,135,17.3913,45.1505
3144,301,116,53,132,17.6080,43.8538
3145,301,119,51,131,16.9435,43.5216
3146,301,117,54,130,17.9402,43.1894
3147,301,112,60,129,19.9336,42.8571
3148,299,109,59,131,19.7324,43.8127
3149,300,111,56,133,18.6667,44.3333
3150,300,108,59,133,19.6667,44.3333
3151,300,108,57,135,19.0000,45.0000
3152,298,114,53,131,17.7852,43.9597
3153,298,120,50,128,16.7785,42.9530
3154,301,124,51,126,16.9435,41.8605
3155,301,126,53,122,17.6080,40.5316
3156,298,126,51,121,17.1141,40.6040
3157,304,129,60,115,19.7368,37.8289
3158,304,131,62,111,20.3947,36.5132
3159,304,129,66,109,21.7105,35.8553
3160,302,129,66,107,21.8543,35.4305
3161,302,128,69,105,22.8477,34.7682
3162,300,121,73,106,24.3333,35.3333
3163,300,121,70,109,23.3333,36.3333
3164,299,116,77,106,25.7525,35.4515
3165,304,120,80,104,26.3158,34.2105
3166,304,116,80,108,26.3158,35.5263
3167,304,109,83,112,27.3026,36.8421
3168,303,110,81,112,26.7327,36.9637
3169,303,110,79,114,26.0726,37.6238
3170,301,109,77,115,25.5814,38.2060
3171,301,107,78,116,25.9136,38.5382
3172,301,109,76,116,25.2492,38.5382
3173,301,107,79,115,26.2458,38.2060
3174,300,110,78,112,26.0000,37.3333
3175,300,110,84,106,28.0000,35.3333
3176,299,110,85,104,28.4281,34.7826
3177,300,113,80,107,26.6667,35.6667
3178,298,110,78,110,26.1745,36.9128
3179,298,109,78,111,26.1745,37.2483
3180,298,105,80,113,26.8456,37.9195
3181,302,101,84,117,27.8146,38.7417
3182,300,102,81,117,27.0000,39.0000
3183,300,105,81,114,27.0000,38.0000
3184,299,103,79,117,26.4214,39.1304
3185,300,104,72,124,24.0000,41.3333
3186,299,106,70,123,23.4114,41.1371
3187,301,106,73,122,24.2525,40.5316
3188,299,104,65,130,21.7391,43.4783
3189,301,106,67,128,22.2591,42.5249
3190,300,104,68,128,22.6667,42.6667
3191,300,104,65,131,21.6667,43.6667
3192,299,106,64,129,21.4047,43.1438
3193,302,109,64,129,21.1921,42.7152
3194,301,109,64,128,21.2625,42.5249
3195,298,111,61,126,20.4698,42.2819
3196,297,109,60,128,20.2020,43.0976
3197,297,111,62,124,20.8754,41.7508
3198,302,117,61,124,20.1987,41.0596
3199,300,116,57,127,19.0000,42.3333
3200,300,115,57,128,19.0000,42.6667
3201,299,117,54,128,18.0602,42.8094
3202,297,116,51,130,17.1717,43.7710
3203,298,119,50,129,16.7785,43.2886
3204,299,123,49,127,16.3880,42.4749
3205,301,123,50,128,16.6113,42.5249
3206,301,123,50,128,16.6113,42.5249
3207,301,119,50,132,16.6113,43.8538
3208,301,120,45,136,14.9502,45.1827
3209,300,119,45,136,15.0000,45.3333
3210,300,116,44,140,14.6667,46.6667
3211,300,115,45,140,15.0000,46.6667
3212,300,114,46,140,15.3333,46.6667
3213,300,113,47,140,15.6667,46.6667
3214,300,114,48,138,16.0000,46.0000
3215,300,118,46,136,15.3333,45.3333
3216,300,117,45,138,15.0000,46.0000
3217,299,117,45,137,15.0502,45.8194
3218,300,118,47,135,15.6667,45.0000
3219,300,121,47,132,15.6667,44.0000
3220,299,121,48,130,16.0535,43.4783
3221,305,127,50,128,16.3934,41.9672
3222,305,124,52,129,17.0492,42.2951
3223,305,124,51,130,16.7213,42.6230
3224,305,123,53,129,17.3770,42.2951
3225,302,120,50,132,16.5563,43.7086
3226,302,116,53,133,17.5497,44.0397
3227,302,116,51,135,16.8874,44.7020
3228,301,112,54,135,17.9402,44.8505
3229,301,113,55,133,18.2724,44.1860
3230,301,115,57,129,18.9369,42.8571
3231,301,113,58,130,19.2691,43.1894
3232,301,111,63,127,20.9302,42.1927
3233,300,111,64,125,21.3333,41.6667
3234,299,114,64,121,21.4047,40.4682
3235,302,119,64,119,21.1921,39.4040
3236,302,118,68,116,22.5166,38.4106
3237,302,123,69,110,22.8477,36.4238
3238,302,119,72,111,23.8411,36.7550
3239,302,120,70,112,23.1788,37.0861
3240,301,125,69,107,22.9236,35.5482
3241,301,125,65,111,21.5947,36.8771
3242,299,123,64,112,21.4047,37.4582
3243,300,121,68,111,22.6667,37.0000
3244,299,119,68,112,22.7425,37.4582
3245,301,121,65,115,21.5947,38.2060
3246,301,120,64,117,21.2625,38.8704
3247,301,116,67,118,22.2591,39.2027
3248,300,116,68,116,22.6667,38.6667
3249,299,115,66,118,22.0736,39.4649
3250,303,120,65,118,21.4521,38.9439
3251,302,123,65,114,21.5232,37.7483
3252,300,122,62,116,20.6667,38.6667
3253,299,123,63,113,21.0702,37.7926
3254,301,127,61,113,20.2658,37.5415
3255,301,124,65,112,21.5947,37.2093
3256,300,119,68,113,22.6667,37.6667
3257,299,116,71,112,23.7458,37.4582
3258,302,121,66,115,21.8543,38.0795
3259,300,124,64,112,21.3333,37.3333
3260,300,127,65,108,21.6667,36.0000
3261,299,125,65,109,21.7391,36.4548
3262,298,122,70,106,23.4899,35.5705
3263,299,117,73,109,24.4147,36.4548
3264,297,115,71,111,23.9057,37.3737
3265,299,114,72,113,24.0803,37.7926
3266,300,113,71,116,23.6667,38.6667
3267,299,112,72,115,24.0803,38.4615
3268,300,113,72,115,24.0000,38.3333
3269,300,108,75,117,25.0000,39.0000
3270,300,107,76,117,25.3333,39.0000
3271,299,105,78,116,26.0870,38.7960
3272,299,104,80,115,26.7559,38.4615
3273,300,107,79,114,26.3333,38.0000
3274,299,107,78,114,26.0870,38.1271
3275,300,109,77,114,25.6667,38.0000
3276,299,108,73,118,24.4147,39.4649
3277,302,111,73,118,24.1722,39.0728
3278,301,110,72,119,23.9203,39.5349
3279,301,107,77,117,25.5814,38.8704
3280,299,103,79,117,26.4214,39.1304
3281,304,106,82,116,26.9737,38.1579
3282,302,104,80,118,26.4901,39.0728
3283,299,103,77,119,25.7525,39.7993
3284,298,100,76,122,25.5034,40.9396
3285,300,100,77,123,25.6667,41.0000
3286,299,95,80,124,26.7559,41.4716
3287,302,97,81,124,26.8212,41.0596
3288,299,95,81,123,27.0903,41.1371
3289,300,96,78,126,26.0000,42.0000
3290,300,97,75,128,25.0000,42.6667
3291,300,95,75,130,25.0000,43.3333
3292,299,94,74,131,24.7492,43.8127
3293,301,101,72,128,23.9203,42.5249
3294,300,99,74,127,24.6667,42.3333
3295,299,97,76,126,25.4181,42.1405
3296,306,99,80,127,26.1438,41.5033
3297,306,100,79,127,25.8170,41.5033
3298,304,101,78,125,25.6579,41.1184
3299,302,99,78,125,25.8278,41.3907
3300,301,96,78,127,25.9136,42.1927
3301,300,95,77,128,25.6667,42.6667
3302,299,92,76,131,25.4181,43.8127
3303,300,92,77,131,25.6667,43.6667
3304,299,94,75,130,25.0836,43.4783
3305,301,95,74,132,24.5847,43.8538
3306,300,98,70,132,23.3333,44.0000
3307,300,98,67,135,22.3333,45.0000
3308,300,94,71,135,23.6667,45.0000
3309,299,92,72,135,24.0803,45.1505
3310,302,95,74,133,24.5033,44.0397
3311,301,95,73,133,24.2525,44.1860
3312,300,92,70,138,23.3333,46.0000
3313,300,90,73,137,24.3333,45.6667
3314,299,87,76,136,25.4181,45.4849
3315,302,91,73,138,24.1722,45.6954
3316,299,90,72,137,24.0803,45.8194
3317,301,91,73,137,24.2525,45.5150
3318,298,93,70,135,23.4899,45.3020
3319,297,93,70,134,23.5690,45.1178
3320,300,92,73,135,24.3333,45.0000
3321,298,92,73,133,24.4966,44.6309
3322,299,97,68,134,22.7425,44.8161
3323,301,98,69,134,22.9236,44.5183
3324,300,98,67,135,22.3333,45.0000
3325,300,98,66,136,22.0000,45.3333
3326,300,98,65,137,21.6667,45.6667
3327,299,94,71,134,23.7458,44.8161
3328,301,100,72,129,23.9203,42.8571
3329,298,100,68,130,22.8188,43.6242
3330,305,106,66,133,21.6393,43.6066
3331,305,103,70,132,22.9508,43.2787
3332,303,99,70,134,23.1023,44.2244
3333,301,95,72,134,23.9203,44.5183
3334,299,95,70,134,23.4114,44.8161
3335,304,105,68,131,22.3684,43.0921
3336,304,104,70,130,23.0263,42.7632
3337,304,105,69,130,22.6974,42.7632
3338,303,107,65,131,21.4521,43.2343
3339,303,103,66,134,21.7822,44.2244
3340,301,98,66,137,21.9269,45.5150
3341,297,102,62,133,20.8754,44.7811
3342,300,105,66,129,22.0000,43.0000
3343,298,105,68,125,22.8188,41.9463
3344,298,102,73,123,24.4966,41.2752
3345,297,99,76,122,25.5892,41.0774
3346,298,94,81,123,27.1812,41.2752
3347,298,95,79,124,26.5101,41.6107
3348,300,96,77,127,25.6667,42.3333
3349,299,95,80,124,26.7559,41.4716
3350,300,93,83,124,27.6667,41.3333
3351,299,90,85,124,28.4281,41.4716
3352,300,91,82,127,27.3333,42.3333
3353,300,93,80,127,26.6667,42.3333
3354,298,94,79,125,26.5101,41.9463
3355,300,95,79,126,26.3333,42.0000
3356,300,92,86,122,28.6667,40.6667
3357,298,94,83,121,27.8523,40.6040
3358,301,96,86,119,28.5714,39.5349
3359,300,98,86,116,28.6667,38.6667
3360,298,94,87,117,29.1946,39.2617
3361,301,97,85,119,28.2392,39.5349
3362,301,98,85,118,28.2392,39.2027
3363,301,95,84,122,27.9070,40.5316
3364,300,98,82,120,27.3333,40.0000
3365,297,94,78,125,26.2626,42.0875
3366,298,92,76,130,25.5034,43.6242
3367,299,97,72,130,24.0803,43.4783
3368,301,101,71,129,23.5880,42.8571
3369,299,100,69,130,23.0769,43.4783
3370,305,102,71,132,23.2787,43.2787
3371,302,98,69,135,22.8477,44.7020
3372,301,100,68,133,22.5914,44.1860
3373,301,97,71,133,23.5880,44.1860
3374,297,96,70,131,23.5690,44.1077
3375,299,95,74,130,24.7492,43.4783
3376,298,95,73,130,24.4966,43.6242
3377,300,99,69,132,23.0000,44.0000
3378,300,101,70,129,23.3333,43.0000
3379,298,99,68,131,22.8188,43.9597
3380,300,96,69,135,23.0000,45.0000
3381,299,98,65,136,21.7391,45.4849
3382,299,103,66,130,22.0736,43.4783
3383,299,97,71,131,23.7458,43.8127
3384,301,98,70,133,23.2558,44.1860
3385,301,96,68,137,22.5914,45.5150
3386,301,94,69,138,22.9236,45.8472
3387,301,95,69,137,22.9236,45.5150
3388,300,89,75,136,25.0000,45.3333
3389,300,89,76,135,25.3333,45.0000
3390,299,91,73,135,24.4147,45.1505
3391,300,98,65,137,21.6667,45.6667
3392,300,99,65,136,21.6667,45.3333
3393,300,99,63,138,21.0000,46.0000
3394,300,98,62,140,20.6667,46.6667
3395,299,97,57,145,19.0635,48.4950
3396,299,99,56,144,18.7291,48.1605
3397,297,99,53,145,17.8451,48.8215
3398,298,102,53,143,17.7852,47.9866
3399,298,102,55,141,18.4564,47.3154
3400,300,105,54,141,18.0000,47.0000
3401,300,103,54,143,18.0000,47.6667
3402,300,104,54,142,18.0000,47.3333
3403,297,104,49,144,16.4983,48.4848
3404,298,110,47,141,15.7718,47.3154
3405,301,114,46,141,15.2824,46.8439
3406,299,116,42,141,14.0468,47.1572
3407,300,117,43,140,14.3333,46.6667
3408,297,118,38,141,12.7946,47.4747
3409,299,121,36,142,12.0401,47.4916
3410,300,124,34,142,11.3333,47.3333
3411,300,122,37,141,12.3333,47.0000
3412,300,123,37,140,12.3333,46.6667
3413,300,124,40,136,13.3333,45.3333
3414,300,123,40,137,13.3333,45.6667
3415,300,125,42,133,14.0000,44.3333
3416,299,128,40,131,13.3779,43.8127
3417,302,133,43,126,14.2384,41.7219
3418,302,136,44,122,14.5695,40.3974
3419,301,139,45,117,14.9502,38.8704
3420,300,138,41,121,13.6667,40.3333
3421,300,140,40,120,13.3333,40.0000
3422,300,142,39,119,13.0000,39.6667
3423,299,145,39,115,13.0435,38.4615
3424,302,146,42,114,13.9073,37.7483
3425,302,144,44,114,14.5695,37.7483
3426,302,142,44,116,14.5695,38.4106
3427,301,139,44,118,14.6179,39.2027
3428,301,138,47,116,15.6146,38.5382
3429,301,139,50,112,16.6113,37.2093
3430,301,137,52,112,17.2757,37.2093
3431,300,137,52,111,17.3333,37.0000
3432,299,137,53,109,17.7258,36.4548
3433,302,141,55,106,18.2119,35.0993
3434,300,138,55,107,18.3333,35.6667
3435,298,134,56,108,18.7919,36.2416
3436,300,137,59,104,19.6667,34.6667
3437,299,139,60,100,20.0669,33.4448
3438,298,137,63,98,21.1409,32.8859
3439,299,136,64,99,21.4047,33.1104
3440,300,136,65,99,21.6667,33.0000
3441,299,133,66,100,22.0736,33.4448
3442,300,132,71,97,23.6667,32.3333
3443,300,133,75,92,25.0000,30.6667
3444,300,133,75,92,25.0000,30.6667
3445,300,132,76,92,25.3333,30.6667
3446,298,134,75,89,25.1678,29.8658
3447,300,139,74,87,24.6667,29.0000
3448,299,138,72,89,24.0803,29.7659
3449,302,137,76,89,25.1656,29.4702
3450,302,134,76,92,25.1656,30.4636
3451,300,133,74,93,24.6667,31.0000
3452,300,133,76,91,25.3333,30.3333
3453,298,131,77,90,25.8389,30.2013
3454,299,131,77,91,25.7525,30.4348
3455,299,128,82,89,27.4247,29.7659
3456,299,127,84,88,28.0936,29.4314
3457,301,133,83,85,27.5748,28.2392
3458,299,132,81,86,27.0903,28.7625
3459,298,133,76,89,25.5034,29.8658
3460,299,133,78,88,26.0870,29.4314
3461,301,134,80,87,26.5781,28.9037
3462,300,132,79,89,26.3333,29.6667
3463,298,128,78,92,26.1745,30.8725
3464,298,124,81,93,27.1812,31.2081
3465,303,119,87,97,28.7129,32.0132
3466,303,117,89,97,29.3729,32.0132
3467,302,107,98,97,32.4503,32.1192
3468,299,105,98,96,32.7759,32.1070
3469,299,96,107,96,35.7860,32.1070
3470,301,96,106,99,35.2159,32.8904
3471,301,88,113,100,37.5415,33.2226
3472,300,84,119,97,39.6667,32.3333
3473,297,85,114,98,38.3838,32.9966
3474,296,80,118,98,39.8649,33.1081
3475,296,71,119,106,40.2027,35.8108
3476,296,69,117,110,39.5270,37.1622
3477,297,68,118,111,39.7306,37.3737
3478,302,73,119,110,39.4040,36.4238
3479,299,71,119,109,39.7993,36.4548
3480,301,67,123,111,40.8638,36.8771
3481,300,65,123,112,41.0000,37.3333
3482,298,63,120,115,40.2685,38.5906
3483,299,61,121,117,40.4682,39.1304
3484,301,64,116,121,38.5382,40.1993
3485,298,63,112,123,37.5839,41.2752
3486,296,62,109,125,36.8243,42.2297
3487,294,59,108,127,36.7347,43.1973
3488,292,54,106,132,36.3014,45.2055
3489,290,55,98,137,33.7931,47.2414
3490,293,60,92,141,31.3993,48.1229
3491,294,60,88,146,29.9320,49.6599
3492,295,62,83,150,28.1356,50.8475
3493,295,62,79,154,26.7797,52.2034
3494,300,64,81,155,27.0000,51.6667
3495,300,63,72,165,24.0000,55.0000
3496,299,65,66,168,22.0736,56.1873
3497,301,69,66,166,21.9269,55.1495
3498,299,63,66,170,22.0736,56.8562
3499,299,66,66,167,22.0736,55.8528
3500,300,70,63,167,21.0000,55.6667
3501,298,72,56,170,18.7919,57.0470
3502,300,77,55,168,18.3333,56.0000
3503,298,77,52,169,17.4497,56.7114
3504,299,80,52,167,17.3913,55.8528
3505,300,81,51,168,17.0000,56.0000
3506,299,81,49,169,16.3880,56.5217
3507,303,87,44,172,14.5215,56.7657
3508,302,87,41,174,13.5762,57.6159
3509,300,86,38,176,12.6667,58.6667
3510,300,86,41,173,13.6667,57.6667
3511,299,89,40,170,13.3779,56.8562
3512,301,89,41,171,13.6213,56.8106
3513,299,89,39,171,13.0435,57.1906
3514,301,91,40,170,13.2890,56.4784
3515,300,92,38,170,12.6667,56.6667
3516,300,92,41,167,13.6667,55.6667
3517,300,93,44,163,14.6667,54.3333
3518,300,94,41,165,13.6667,55.0000
3519,299,93,39,167,13.0435,55.8528
3520,301,94,39,168,12.9568,55.8140
3521,301,94,40,167,13.2890,55.4817
3522,301,96,42,163,13.9535,54.1528
3523,300,97,40,163,13.3333,54.3333
3524,300,96,41,163,13.6667,54.3333
3525,300,99,41,160,13.6667,53.3333
3526,300,98,42,160,14.0000,53.3333
3527,300,104,42,154,14.0000,51.3333
3528,300,106,44,150,14.6667,50.0000
3529,300,106,45,149,15.0000,49.6667
3530,300,108,42,150,14.0000,50.0000
3531,299,107,41,151,13.7124,50.5017
3532,299,109,41,149,13.7124,49.8328
3533,301,113,37,151,12.2924,50.1661
3534,300,114,38,148,12.6667,49.3333
3535,299,114,39,146,13.0435,48.8294
3536,301,118,41,142,13.6213,47.1761
3537,300,120,41,139,13.6667,46.3333
3538,299,122,38,139,12.7090,46.4883
3539,299,126,38,135,12.7090,45.1505
3540,303,135,37,131,12.2112,43.2343
3541,302,137,38,127,12.5828,42.0530
3542,302,140,40,122,13.2450,40.3974
3543,301,144,41,116,13.6213,38.5382
3544,300,148,41,111,13.6667,37.0000
3545,300,153,41,106,13.6667,35.3333
3546,300,148,45,107,15.0000,35.6667
3547,300,155,46,99,15.3333,33.0000
3548,298,156,46,96,15.4362,32.2148
3549,299,156,47,96,15.7191,32.1070
3550,300,158,50,92,16.6667,30.6667
3551,299,157,50,92,16.7224,30.7692
3552,304,164,50,90,16.4474,29.6053
3553,304,165,52,87,17.1053,28.6184
3554,304,159,58,87,19.0789,28.6184
3555,304,159,57,88,18.7500,28.9474
3556,304,156,60,88,19.7368,28.9474
3557,301,158,57,86,18.9369,28.5714
3558,300,156,60,84,20.0000,28.0000
3559,299,155,65,79,21.7391,26.4214
3560,304,159,69,76,22.6974,25.0000
3561,304,159,70,75,23.0263,24.6711
3562,302,157,67,78,22.1854,25.8278
3563,302,154,71,77,23.5099,25.4967
3564,302,151,74,77,24.5033,25.4967
3565,301,151,75,75,24.9169,24.9169
3566,300,148,78,74,26.0000,24.6667
3567,297,148,74,75,24.9158,25.2525
3568,298,144,76,78,25.5034,26.1745
3569,300,144,72,84,24.0000,28.0000
3570,300,141,78,81,26.0000,27.0000
3571,300,140,80,80,26.6667,26.6667
3572,300,135,85,80,28.3333,26.6667
3573,300,128,90,82,30.0000,27.3333
3574,300,122,90,88,30.0000,29.3333
3575,298,118,89,91,29.8658,30.5369
3576,303,123,89,91,29.3729,30.0330
3577,302,117,93,92,30.7947,30.4636
3578,302,111,96,95,31.7881,31.4570
3579,300,110,95,95,31.6667,31.6667
3580,300,105,97,98,32.3333,32.6667
3581,299,102,96,101,32.1070,33.7793
3582,301,103,99,99,32.8904,32.8904
3583,299,104,96,99,32.1070,33.1104
3584,300,104,93,103,31.0000,34.3333
3585,299,105,93,101,31.1037,33.7793
3586,297,105,91,101,30.6397,34.0067
3587,298,102,91,105,30.5369,35.2349
3588,297,102,91,104,30.6397,35.0168
3589,300,102,92,106,30.6667,35.3333
3590,299,98,95,106,31.7726,35.4515
3591,300,102,87,111,29.0000,37.0000
3592,299,98,90,111,30.1003,37.1237
3593,297,97,85,115,28.6195,38.7205
3594,298,97,81,120,27.1812,40.2685
3595,298,95,82,121,27.5168,40.6040
3596,301,94,81,126,26.9103,41.8605
3597,300,92,80,128,26.6667,42.6667
3598,298,89,76,133,25.5034,44.6309
3599,301,95,74,132,24.5847,43.8538
3600,300,94,74,132,24.6667,44.0000
3601,298,92,70,136,23.4899,45.6376
3602,298,93,66,139,22.1477,46.6443
3603,300,93,66,141,22.0000,47.0000
3604,300,90,68,142,22.6667,47.3333
3605,300,88,70,142,23.3333,47.3333
3606,299,89,68,142,22.7425,47.4916
3607,301,95,66,140,21.9269,46.5116
3608,301,90,69,142,22.9236,47.1761
3609,300,89,65,146,21.6667,48.6667
3610,299,88,61,150,20.4013,50.1672
3611,300,90,60,150,20.0000,50.0000
3612,300,88,60,152,20.0000,50.6667
3613,300,87,60,153,20.0000,51.0000
3614,299,89,57,153,19.0635,51.1706
3615,299,89,53,157,17.7258,52.5084
3616,300,90,53,157,17.6667,52.3333
3617,299,89,52,158,17.3913,52.8428
3618,298,89,48,161,16.1074,54.0268
3619,299,92,48,159,16.0535,53.1773
3620,303,99,46,158,15.1815,52.1452
3621,303,102,47,154,15.5116,50.8251
3622,303,103,45,155,14.8515,51.1551
3623,303,100,48,155,15.8416,51.1551
3624,303,100,48,155,15.8416,51.1551
3625,303,101,44,158,14.5215,52.1452
3626,303,106,43,154,14.1914,50.8251
3627,303,110,43,150,14.1914,49.5050
3628,302,110,40,152,13.2450,50.3311
3629,301,111,37,153,12.2924,50.8306
3630,301,116,34,151,11.2957,50.1661
3631,301,116,35,150,11.6279,49.8339
3632,300,120,33,147,11.0000,49.0000
3633,300,121,34,145,11.3333,48.3333
3634,299,121,32,146,10.7023,48.8294
3635,305,127,34,144,11.1475,47.2131
3636,305,128,35,142,11.4754,46.5574
3637,303,129,34,140,11.2211,46.2046
3638,302,129,31,142,10.2649,47.0199
3639,301,134,30,137,9.9668,45.5150
3640,301,134,29,138,9.6346,45.8472
3641,301,136,29,136,9.6346,45.1827
3642,301,137,29,135,9.6346,44.8505
3643,301,141,25,135,8.3056,44.8505
3644,300,140,26,134,8.6667,44.6667
3645,300,146,25,129,8.3333,43.0000
3646,299,150,25,124,8.3612,41.4716
3647,304,153,28,123,9.2105,40.4605
3648,304,157,27,120,8.8816,39.4737
3649,304,158,30,116,9.8684,38.1579
3650,304,163,31,110,10.1974,36.1842
3651,304,161,34,109,11.1842,35.8553
3652,303,160,36,107,11.8812,35.3135
3653,301,162,36,103,11.9601,34.2193
3654,301,161,40,100,13.2890,33.2226
3655,300,160,41,99,13.6667,33.0000
3656,300,158,43,99,14.3333,33.0000
3657,299,159,42,98,14.0468,32.7759
3658,302,159,44,99,14.5695,32.7815
3659,302,157,48,97,15.8940,32.1192
3660,302,157,51,94,16.8874,31.1258
3661,302,158,53,91,17.5497,30.1325
3662,302,159,57,86,18.8742,28.4768
3663,301,155,58,88,19.2691,29.2359
3664,301,152,62,87,20.5980,28.9037
3665,301,149,68,84,22.5914,27.9070
3666,300,147,72,81,24.0000,27.0000
3667,300,147,73,80,24.3333,26.6667
3668,299,147,74,78,24.7492,26.0870
3669,301,151,72,78,23.9203,25.9136
3670,301,147,77,77,25.5814,25.5814
3671,300,148,75,77,25.0000,25.6667
3672,299,142,81,76,27.0903,25.4181
3673,299,140,81,78,27.0903,26.0870
3674,302,141,84,77,27.8146,25.4967
3675,300,134,89,77,29.6667,25.6667
3676,299,131,90,78,30.1003,26.0870
3677,300,135,89,76,29.6667,25.3333
3678,300,130,94,76,31.3333,25.3333
3679,297,126,92,79,30.9764,26.5993
3680,300,124,100,76,33.3333,25.3333
3681,298,122,101,75,33.8926,25.1678
3682,299,117,107,75,35.7860,25.0836
3683,299,113,109,77,36.4548,25.7525
3684,296,111,105,80,35.4730,27.0270
3685,297,109,108,80,36.3636,26.9360
3686,298,109,106,83,35.5705,27.8523
3687,298,104,107,87,35.9060,29.1946
3688,299,104,107,88,35.7860,29.4314
3689,300,98,113,89,37.6667,29.6667
3690,299,97,114,88,38.1271,29.4314
3691,300,93,115,92,38.3333,30.6667
3692,299,89,117,93,39.1304,31.1037
3693,297,89,111,97,37.3737,32.6599
3694,297,88,108,101,36.3636,34.0067
3695,297,90,108,99,36.3636,33.3333
3696,297,82,110,105,37.0370,35.3535
3697,301,86,109,106,36.2126,35.2159
3698,301,84,108,109,35.8804,36.2126
3699,299,79,107,113,35.7860,37.7926
3700,299,78,106,115,35.4515,38.4615
3701,300,74,104,122,34.6667,40.6667
3702,299,69,102,128,34.1137,42.8094
3703,298,69,94,135,31.5436,45.3020
3704,300,67,96,137,32.0000,45.6667
3705,299,67,92,140,30.7692,46.8227
3706,300,63,94,143,31.3333,47.6667
3707,300,61,92,147,30.6667,49.0000
3708,299,56,95,148,31.7726,49.4983
3709,303,59,92,152,30.3630,50.1650
3710,302,57,91,154,30.1325,50.9934
3711,301,57,85,159,28.2392,52.8239
3712,298,55,80,163,26.8456,54.6980
3713,298,56,79,163,26.5101,54.6980
3714,301,56,78,167,25.9136,55.4817
3715,300,55,79,166,26.3333,55.3333
3716,297,55,73,169,24.5791,56.9024
3717,298,56,67,175,22.4832,58.7248
3718,299,54,68,177,22.7425,59.1973
3719,300,57,66,177,22.0000,59.0000
3720,299,56,63,180,21.0702,60.2007
3721,298,55,62,181,20.8054,60.7383
3722,301,62,56,183,18.6047,60.7973
3723,300,62,53,185,17.6667,61.6667
3724,299,59,54,186,18.0602,62.2074
3725,301,65,51,185,16.9435,61.4618
3726,301,63,50,188,16.6113,62.4585
3727,299,64,48,187,16.0535,62.5418
3728,307,75,43,189,14.0065,61.5635
3729,306,78,39,189,12.7451,61.7647
3730,306,79,38,189,12.4183,61.7647
3731,306,82,35,189,11.4379,61.7647
3732,304,81,35,188,11.5132,61.8421
3733,304,81,36,187,11.8421,61.5132
3734,304,83,34,187,11.1842,61.5132
3735,304,86,32,186,10.5263,61.1842
3736,302,89,29,184,9.6026,60.9272
3737,302,91,29,182,9.6026,60.2649
3738,301,96,26,179,8.6379,59.4684
3739,301,100,23,178,7.6412,59.1362
3740,301,103,23,175,7.6412,58.1395
3741,300,102,22,176,7.3333,58.6667
3742,300,104,21,175,7.0000,58.3333
3743,300,108,20,172,6.6667,57.3333
3744,299,111,16,172,5.3512,57.5251
3745,304,122,15,167,4.9342,54.9342
3746,304,126,14,164,4.6053,53.9474
3747,303,128,13,162,4.2904,53.4653
3748,303,133,14,156,4.6205,51.4851
3749,303,133,15,155,4.9505,51.1551
3750,303,136,16,151,5.2805,49.8350
3751,303,139,16,148,5.2805,48.8449
3752,303,142,17,144,5.6106,47.5248
3753,302,148,14,140,4.6358,46.3576
3754,301,153,15,133,4.9834,44.1860
3755,301,161,15,125,4.9834,41.5282
3756,301,163,15,123,4.9834,40.8638
3757,301,166,15,120,4.9834,39.8671
3758,301,168,16,117,5.3156,38.8704
3759,301,171,18,112,5.9801,37.2093
3760,301,172,20,109,6.6445,36.2126
3761,301,176,20,105,6.6445,34.8837
3762,301,180,19,102,6.3123,33.8870
3763,301,183,21,97,6.9767,32.2259
3764,301,185,23,93,7.6412,30.8970
3765,301,183,27,91,8.9701,30.2326
3766,301,186,27,88,8.9701,29.2359
3767,301,186,26,89,8.6379,29.5681
3768,301,187,29,85,9.6346,28.2392
3769,301,191,30,80,9.9668,26.5781
3770,301,193,28,80,9.3023,26.5781
3771,301,192,32,77,10.6312,25.5814
3772,301,191,34,76,11.2957,25.2492
3773,301,194,34,73,11.2957,24.2525
3774,300,198,33,69,11.0000,23.0000
3775,300,200,34,66,11.3333,22.0000
3776,300,199,37,64,12.3333,21.3333
3777,300,193,46,61,15.3333,20.3333
3778,300,195,46,59,15.3333,19.6667
3779,300,191,51,58,17.0000,19.3333
3780,300,192,53,55,17.6667,18.3333
3781,298,190,55,53,18.4564,17.7852
3782,299,192,56,51,18.7291,17.0569
3783,301,190,63,48,20.9302,15.9468
3784,301,186,64,51,21.2625,16.9435
3785,301,183,66,52,21.9269,17.2757
3786,301,182,67,52,22.2591,17.2757
3787,301,179,71,51,23.5880,16.9435
3788,300,173,77,50,25.6667,16.6667
3789,299,171,74,54,24.7492,18.0602
3790,302,168,82,52,27.1523,17.2185
3791,301,162,90,49,29.9003,16.2791
3792,301,151,97,53,32.2259,17.6080
3793,301,150,97,54,32.2259,17.9402
3794,301,144,103,54,34.2193,17.9402
3795,300,139,108,53,36.0000,17.6667
3796,300,138,110,52,36.6667,17.3333
3797,300,128,113,59,37.6667,19.6667
3798,299,128,111,60,37.1237,20.0669
3799,299,120,117,62,39.1304,20.7358
3800,300,117,119,64,39.6667,21.3333
3801,300,113,121,66,40.3333,22.0000
3802,299,110,119,70,39.7993,23.4114
3803,302,111,120,71,39.7351,23.5099
3804,300,105,118,77,39.3333,25.6667
3805,300,100,124,76,41.3333,25.3333
3806,299,99,122,78,40.8027,26.0870
3807,301,96,123,82,40.8638,27.2425
3808,300,89,124,87,41.3333,29.0000
3809,298,84,125,89,41.9463,29.8658
3810,300,83,123,94,41.0000,31.3333
3811,295,81,114,100,38.6441,33.8983
3812,293,77,108,108,36.8601,36.8601
3813,293,79,103,111,35.1536,37.8840
3814,298,84,100,114,33.5570,38.2550
3815,299,83,98,118,32.7759,39.4649
3816,299,81,93,125,31.1037,41.8060
3817,301,79,92,130,30.5648,43.1894
3818,301,76,92,133,30.5648,44.1860
3819,301,76,88,137,29.2359,45.5150
3820,297,74,84,139,28.2828,46.8013
3821,296,67,85,144,28.7162,48.6486
3822,296,68,85,143,28.7162,48.3108
3823,294,65,83,146,28.2313,49.6599
3824,293,64,81,148,27.6451,50.5119
3825,293,64,76,153,25.9386,52.2184
3826,292,64,73,155,25.0000,53.0822
3827,296,66,71,159,23.9865,53.7162
3828,295,65,69,161,23.3898,54.5763
3829,293,61,65,167,22.1843,56.9966
3830,295,62,66,167,22.3729,56.6102
3831,295,63,63,169,21.3559,57.2881
3832,292,64,59,169,20.2055,57.8767
3833,294,66,59,169,20.0680,57.4830
3834,299,69,59,171,19.7324,57.1906
3835,303,67,63,173,20.7921,57.0957
3836,302,67,62,173,20.5298,57.2848
3837,301,67,63,171,20.9302,56.8106
3838,300,70,56,174,18.6667,58.0000
3839,300,71,53,176,17.6667,58.6667
3840,300,69,55,176,18.3333,58.6667
3841,298,72,48,178,16.1074,59.7315
3842,298,73,44,181,14.7651,60.7383
3843,301,76,42,183,13.9535,60.7973
3844,300,80,39,181,13.0000,60.3333
3845,299,83,36,180,12.0401,60.2007
3846,301,83,38,180,12.6246,59.8007
3847,300,81,37,182,12.3333,60.6667
3848,299,82,36,181,12.0401,60.5351
3849,301,89,36,176,11.9601,58.4718
3850,300,90,34,176,11.3333,58.6667
3851,300,91,33,176,11.0000,58.6667
3852,300,89,37,174,12.3333,58.0000
3853,299,92,35,172,11.7057,57.5251
3854,302,99,33,170,10.9272,56.2914
3855,299,101,28,170,9.3645,56.8562
3856,302,109,26,167,8.6093,55.2980
3857,300,111,24,165,8.0000,55.0000
3858,300,112,24,164,8.0000,54.6667
3859,300,115,25,160,8.3333,53.3333
3860,300,118,26,156,8.6667,52.0000
3861,300,121,23,156,7.6667,52.0000
3862,299,124,24,151,8.0268,50.5017
3863,302,132,25,145,8.2781,48.0132
3864,302,139,26,137,8.6093,45.3642
3865,302,143,26,133,8.6093,44.0397
3866,302,145,26,131,8.6093,43.3775
3867,302,147,25,130,8.2781,43.0464
3868,301,152,26,123,8.6379,40.8638
3869,301,155,27,119,8.9701,39.5349
3870,301,157,26,118,8.6379,39.2027
3871,300,160,27,113,9.0000,37.6667
3872,299,161,27,111,9.0301,37.1237
3873,301,170,24,107,7.9734,35.5482
3874,301,169,26,106,8.6379,35.2159
3875,301,172,26,103,8.6379,34.2193
3876,301,175,27,99,8.9701,32.8904
3877,301,178,28,95,9.3023,31.5615
3878,301,178,31,92,10.2990,30.5648
3879,301,180,32,89,10.6312,29.5681
3880,300,180,33,87,11.0000,29.0000
3881,300,183,35,82,11.6667,27.3333
3882,300,184,35,81,11.6667,27.0000
3883,299,182,38,79,12.7090,26.4214
3884,303,186,38,79,12.5413,26.0726
3885,303,187,38,78,12.5413,25.7426
3886,303,182,43,78,14.1914,25.7426
3887,303,183,42,78,13.8614,25.7426
3888,303,181,47,75,15.5116,24.7525
3889,303,176,49,78,16.1716,25.7426
3890,303,178,50,75,16.5017,24.7525
3891,303,176,54,73,17.8218,24.0924
3892,302,174,54,74,17.8808,24.5033
3893,301,179,54,68,17.9402,22.5914
3894,301,177,58,66,19.2691,21.9269
3895,300,173,63,64,21.0000,21.3333
3896,300,168,69,63,23.0000,21.0000
3897,299,168,69,62,23.0769,20.7358
3898,301,166,74,61,24.5847,20.2658
3899,300,162,76,62,25.3333,20.6667
3900,298,159,76,63,25.5034,21.1409
3901,300,156,81,63,27.0000,21.0000
3902,299,153,86,60,28.7625,20.0669
3903,299,155,87,57,29.0970,19.0635
3904,299,154,85,60,28.4281,20.0669
3905,300,146,95,59,31.6667,19.6667
3906,300,144,96,60,32.0000,20.0000
3907,299,141,97,61,32.4415,20.4013
3908,299,141,98,60,32.7759,20.0669
3909,300,137,100,63,33.3333,21.0000
3910,298,133,98,67,32.8859,22.4832
3911,301,136,96,69,31.8937,22.9236
3912,301,132,97,72,32.2259,23.9203
3913,300,131,100,69,33.3333,23.0000
3914,300,127,101,72,33.6667,24.0000
3915,297,123,98,76,32.9966,25.5892
3916,300,121,99,80,33.0000,26.6667
3917,297,115,98,84,32.9966,28.2828
3918,300,118,98,84,32.6667,28.0000
3919,299,116,98,85,32.7759,28.4281
3920,301,119,94,88,31.2292,29.2359
3921,301,113,97,91,32.2259,30.2326
3922,300,111,95,94,31.6667,31.3333
3923,300,110,90,100,30.0000,33.3333
3924,300,104,95,101,31.6667,33.6667
3925,299,101,95,103,31.7726,34.4482
3926,300,100,89,111,29.6667,37.0000
3927,299,94,90,115,30.1003,38.4615
3928,302,90,95,117,31.4570,38.7417
3929,300,89,90,121,30.0000,40.3333
3930,299,84,91,124,30.4348,41.4716
3931,299,86,89,124,29.7659,41.4716
3932,300,86,88,126,29.3333,42.0000
3933,300,82,88,130,29.3333,43.3333
3934,299,81,85,133,28.4281,44.4816
3935,301,83,82,136,27.2425,45.1827
3936,300,81,81,138,27.0000,46.0000
3937,299,77,79,143,26.4214,47.8261
3938,301,78,81,142,26.9103,47.1761
3939,300,77,81,142,27.0000,47.3333
3940,298,74,80,144,26.8456,48.3221
3941,299,77,77,145,25.7525,48.4950
3942,297,76,73,148,24.5791,49.8316
3943,297,77,72,148,24.2424,49.8316
3944,298,78,71,149,23.8255,50.0000
3945,299,76,68,155,22.7425,51.8395
3946,303,79,67,157,22.1122,51.8152
3947,301,77,65,159,21.5947,52.8239
3948,300,76,60,164,20.0000,54.6667
3949,297,77,56,164,18.8552,55.2189
3950,302,76,60,166,19.8675,54.9669
3951,300,78,57,165,19.0000,55.0000
3952,300,78,57,165,19.0000,55.0000
3953,298,79,54,165,18.1208,55.3691
3954,300,83,52,165,17.3333,55.0000
3955,300,82,50,168,16.6667,56.0000
3956,298,82,50,166,16.7785,55.7047
3957,300,82,49,169,16.3333,56.3333
3958,298,84,47,167,15.7718,56.0403
3959,301,89,45,167,14.9502,55.4817
3960,301,91,42,168,13.9535,55.8140
3961,300,93,40,167,13.3333,55.6667
3962,299,95,41,163,13.7124,54.5151
3963,302,100,37,165,12.2517,54.6358
3964,302,103,36,163,11.9205,53.9735
3965,302,103,34,165,11.2583,54.6358
3966,300,104,31,165,10.3333,55.0000
3967,300,106,31,163,10.3333,54.3333
3968,300,110,29,161,9.6667,53.6667
3969,300,113,30,157,10.0000,52.3333
3970,297,114,26,157,8.7542,52.8620
3971,298,114,29,155,9.7315,52.0134
3972,297,117,28,152,9.4276,51.1785
3973,298,121,28,149,9.3960,50.0000
3974,303,130,29,144,9.5710,47.5248
3975,303,135,30,138,9.9010,45.5446
3976,301,137,28,136,9.3023,45.1827
3977,300,141,25,134,8.3333,44.6667
3978,300,147,26,127,8.6667,42.3333
3979,300,150,26,124,8.6667,41.3333
3980,300,145,32,123,10.6667,41.0000
3981,300,143,39,118,13.0000,39.3333
3982,300,145,38,117,12.6667,39.0000
3983,300,144,39,117,13.0000,39.0000
3984,300,142,42,116,14.0000,38.6667
3985,300,144,45,111,15.0000,37.0000
3986,300,144,47,109,15.6667,36.3333
3987,300,146,48,106,16.0000,35.3333
3988,299,147,49,103,16.3880,34.4482
3989,301,152,51,98,16.9435,32.5581
3990,300,148,55,97,18.3333,32.3333
3991,300,149,53,98,17.6667,32.6667
3992,299,148,52,99,17.3913,33.1104
3993,302,150,57,95,18.8742,31.4570
3994,302,152,59,91,19.5364,30.1325
3995,299,148,61,90,20.4013,30.1003
3996,304,154,63,87,20.7237,28.6184
3997,304,158,65,81,21.3816,26.6447
3998,303,159,66,78,21.7822,25.7426
3999,302,156,70,76,23.1788,25.1656
4000,301,157,70,74,23.2558,24.5847
4001,299,155,65,79,21.7391,26.4214
4002,298,152,67,79,22.4832,26.5101
4003,300,154,68,78,22.6667,26.0000
4004,298,150,70,78,23.4899,26.1745
4005,300,148,73,79,24.3333,26.3333
4006,298,140,76,82,25.5034,27.5168
4007,299,134,86,79,28.7625,26.4214
4008,302,135,85,82,28.1457,27.1523
4009,302,129,93,80,30.7947,26.4901
4010,301,121,97,83,32.2259,27.5748
4011,301,119,101,81,33.5548,26.9103
4012,300,117,103,80,34.3333,26.6667
4013,300,113,106,81,35.3333,27.0000
4014,298,110,105,83,35.2349,27.8523
4015,300,111,106,83,35.3333,27.6667
4016,300,105,110,85,36.6667,28.3333
4017,300,98,117,85,39.0000,28.3333
4018,300,92,123,85,41.0000,28.3333
4019,300,87,128,85,42.6667,28.3333
4020,296,80,130,86,43.9189,29.0541
4021,299,79,132,88,44.1472,29.4314
4022,301,76,136,89,45.1827,29.5681
4023,300,75,134,91,44.6667,30.3333
4024,300,74,131,95,43.6667,31.6667
4025,299,72,129,98,43.1438,32.7759
4026,294,70,122,102,41.4966,34.6939
4027,294,64,123,107,41.8367,36.3946
4028,294,63,119,112,40.4762,38.0952
4029,294,65,114,115,38.7755,39.1156
4030,291,59,112,120,38.4880,41.2371
4031,291,57,109,125,37.4570,42.9553
4032,291,57,107,127,36.7698,43.6426
4033,289,54,105,130,36.3322,44.9827
4034,289,57,101,131,34.9481,45.3287
4035,289,58,100,131,34.6021,45.3287
4036,290,58,93,139,32.0690,47.9310
4037,293,61,86,146,29.3515,49.8294
4038,295,62,83,150,28.1356,50.8475
4039,297,64,75,158,25.2525,53.1987
4040,297,67,68,162,22.8956,54.5455
4041,296,67,64,165,21.6216,55.7432
4042,296,69,60,167,20.2703,56.4189
4043,297,71,58,168,19.5286,56.5657
4044,297,73,58,166,19.5286,55.8923
4045,298,73,57,168,19.1275,56.3758
4046,300,75,54,171,18.0000,57.0000
4047,300,74,51,175,17.0000,58.3333
4048,298,70,49,179,16.4430,60.0671
4049,300,69,51,180,17.0000,60.0000
4050,300,69,45,186,15.0000,62.0000
4051,300,67,44,189,14.6667,63.0000
4052,300,68,43,189,14.3333,63.0000
4053,299,74,40,185,13.3779,61.8729
4054,298,74,40,184,13.4228,61.7450
4055,301,79,38,184,12.6246,61.1296
4056,300,79,37,184,12.3333,61.3333
4057,300,80,38,182,12.6667,60.6667
4058,298,84,35,179,11.7450,60.0671
4059,299,84,33,182,11.0368,60.8696
4060,303,92,33,178,10.8911,58.7459
4061,303,90,36,177,11.8812,58.4158
4062,303,94,35,174,11.5512,57.4257
4063,302,91,37,174,12.2517,57.6159
4064,300,91,35,174,11.6667,58.0000
4065,300,92,35,173,11.6667,57.6667
4066,300,94,36,170,12.0000,56.6667
4067,298,97,34,167,11.4094,56.0403
4068,297,101,31,165,10.4377,55.5556
4069,297,104,28,165,9.4276,55.5556
4070,298,105,31,162,10.4027,54.3624
4071,298,108,30,160,10.0671,53.6913
4072,300,113,30,157,10.0000,52.3333
4073,300,115,27,158,9.0000,52.6667
4074,300,116,27,157,9.0000,52.3333
4075,300,118,28,154,9.3333,51.3333
4076,299,121,27,151,9.0301,50.5017
4077,299,125,27,147,9.0301,49.1639
4078,303,131,29,143,9.5710,47.1947
4079,302,136,28,138,9.2715,45.6954
4080,302,140,29,133,9.6026,44.0397
4081,302,143,29,130,9.6026,43.0464
4082,301,147,30,124,9.9668,41.1960
4083,301,152,30,119,9.9668,39.5349
4084,301,153,29,119,9.6346,39.5349
4085,300,154,29,117,9.6667,39.0000
4086,299,154,29,116,9.6990,38.7960
4087,302,159,29,114,9.6026,37.7483
4088,302,165,31,106,10.2649,35.0993
4089,302,171,31,100,10.2649,33.1126
4090,302,175,33,94,10.9272,31.1258
4091,302,180,33,89,10.9272,29.4702
4092,302,185,33,84,10.9272,27.8146
4093,302,187,33,82,10.9272,27.1523
4094,301,184,37,80,12.2924,26.5781
4095,300,186,37,77,12.3333,25.6667
4096,300,185,38,77,12.6667,25.6667
4097,299,185,38,76,12.7090,25.4181
4098,300,190,39,71,13.0000,23.6667
4099,300,192,38,70,12.6667,23.3333
4100,300,192,42,66,14.0000,22.0000
4101,300,191,42,67,14.0000,22.3333
4102,300,194,43,63,14.3333,21.0000
4103,300,196,42,62,14.0000,20.6667
4104,300,196,45,59,15.0000,19.6667
4105,300,193,49,58,16.3333,19.3333
4106,300,185,55,60,18.3333,20.0000
4107,300,181,58,61,19.3333,20.3333
4108,300,181,59,60,19.6667,20.0000
4109,299,178,60,61,20.0669,20.4013
4110,301,180,61,60,20.2658,19.9336
4111,300,179,61,60,20.3333,20.0000
4112,300,175,64,61,21.3333,20.3333
4113,300,169,70,61,23.3333,20.3333
4114,300,168,68,64,22.6667,21.3333
4115,299,164,70,65,23.4114,21.7391
4116,301,165,72,64,23.9203,21.2625
4117,301,162,75,64,24.9169,21.2625
4118,300,155,80,65,26.6667,21.6667
4119,300,152,82,66,27.3333,22.0000
4120,299,146,88,65,29.4314,21.7391
4121,300,141,94,65,31.3333,21.6667
4122,300,136,97,67,32.3333,22.3333
4123,299,129,102,68,34.1137,22.7425
4124,297,127,100,70,33.6700,23.5690
4125,296,122,103,71,34.7973,23.9865
4126,294,121,99,74,33.6735,25.1701
4127,298,121,98,79,32.8859,26.5101
4128,297,116,102,79,34.3434,26.5993
4129,297,109,109,79,36.7003,26.5993
4130,298,101,115,82,38.5906,27.5168
4131,299,99,119,81,39.7993,27.0903
4132,300,93,120,87,40.0000,29.0000
4133,299,89,121,89,40.4682,29.7659
4134,299,87,121,91,40.4682,30.4348
4135,300,87,120,93,40.0000,31.0000
4136,299,86,120,93,40.1338,31.1037
4137,300,84,120,96,40.0000,32.0000
4138,295,81,118,96,40.0000,32.5424
4139,294,77,118,99,40.1361,33.6735
4140,294,76,111,107,37.7551,36.3946
4141,293,75,108,110,36.8601,37.5427
4142,290,73,102,115,35.1724,39.6552
4143,291,75,101,115,34.7079,39.5189
4144,290,72,99,119,34.1379,41.0345
4145,289,69,97,123,33.5640,42.5606
4146,291,73,92,126,31.6151,43.2990
4147,290,73,90,127,31.0345,43.7931
4148,291,73,88,130,30.2405,44.6735
4149,291,73,83,135,28.5223,46.3918
4150,288,71,76,141,26.3889,48.9583
4151,290,72,71,147,24.4828,50.6897
4152,289,72,68,149,23.5294,51.5571
4153,289,69,64,156,22.1453,53.9792
4154,289,72,61,156,21.1073,53.9792
4155,291,74,61,156,20.9622,53.6082
4156,295,75,60,160,20.3390,54.2373
4157,297,78,59,160,19.8653,53.8721
4158,297,81,52,164,17.5084,55.2189
4159,305,84,54,167,17.7049,54.7541
4160,304,81,57,166,18.7500,54.6053
4161,304,83,55,166,18.0921,54.6053
4162,304,81,56,167,18.4211,54.9342
4163,303,83,52,168,17.1617,55.4455
4164,303,83,51,169,16.8317,55.7756
4165,303,83,46,174,15.1815,57.4257
4166,301,84,47,170,15.6146,56.4784
4167,301,85,47,169,15.6146,56.1462
4168,301,84,48,169,15.9468,56.1462
4169,298,86,43,169,14.4295,56.7114
4170,300,86,44,170,14.6667,56.6667
4171,300,88,41,171,13.6667,57.0000
4172,300,88,40,172,13.3333,57.3333
4173,299,89,39,171,13.0435,57.1906
4174,299,90,36,173,12.0401,57.8595
4175,301,93,36,172,11.9601,57.1429
4176,301,93,35,173,11.6279,57.4751
4177,301,96,33,172,10.9635,57.1429
4178,301,100,32,169,10.6312,56.1462
4179,300,103,32,165,10.6667,55.0000
4180,296,104,25,167,8.4459,56.4189
4181,297,105,24,168,8.0808,56.5657
4182,298,110,23,165,7.7181,55.3691
4183,298,108,23,167,7.7181,56.0403
4184,299,111,26,162,8.6957,54.1806
4185,302,117,27,158,8.9404,52.3179
4186,301,117,28,156,9.3023,51.8272
4187,300,120,26,154,8.6667,51.3333
4188,299,123,23,153,7.6923,51.1706
4189,300,125,26,149,8.6667,49.6667
4190,299,126,26,147,8.6957,49.1639
4191,301,130,26,145,8.6379,48.1728
4192,301,134,30,137,9.9668,45.5150
4193,301,136,32,133,10.6312,44.1860
4194,300,139,32,129,10.6667,43.0000
4195,300,141,33,126,11.0000,42.0000
4196,300,142,34,124,11.3333,41.3333
4197,299,145,34,120,11.3712,40.1338
4198,301,149,35,117,11.6279,38.8704
4199,300,146,37,117,12.3333,39.0000
4200,300,147,39,114,13.0000,38.0000
4201,300,147,45,108,15.0000,36.0000
4202,300,150,48,102,16.0000,34.0000
4203,299,159,47,93,15.7191,31.1037
4204,301,159,50,92,16.6113,30.5648
4205,299,161,53,85,17.7258,28.4281
4206,299,158,58,83,19.3980,27.7592
4207,301,157,62,82,20.5980,27.2425
4208,301,158,66,77,21.9269,25.5814
4209,300,152,71,77,23.6667,25.6667
4210,298,152,76,70,25.5034,23.4899
4211,299,154,80,65,26.7559,21.7391
4212,303,153,83,67,27.3927,22.1122
4213,301,147,86,68,28.5714,22.5914
4214,301,144,87,70,28.9037,23.2558
4215,301,141,94,66,31.2292,21.9269
4216,299,136,98,65,32.7759,21.7391
4217,298,135,102,61,34.2282,20.4698
4218,300,129,109,62,36.3333,20.6667
4219,300,126,110,64,36.6667,21.3333
4220,299,122,109,68,36.4548,22.7425
4221,301,116,119,66,39.5349,21.9269
4222,295,111,118,66,40.0000,22.3729
4223,296,104,128,64,43.2432,21.6216
4224,297,102,132,63,44.4444,21.2121
4225,296,100,130,66,43.9189,22.2973
4226,298,99,129,70,43.2886,23.4899
4227,298,97,125,76,41.9463,25.5034
4228,299,99,125,75,41.8060,25.0836
4229,300,101,120,79,40.0000,26.3333
4230,298,96,120,82,40.2685,27.5168
4231,299,96,119,84,39.7993,28.0936
4232,303,98,121,84,39.9340,27.7228
4233,300,96,116,88,38.6667,29.3333
4234,298,88,120,90,40.2685,30.2013
4235,299,90,116,93,38.7960,31.1037
4236,298,86,112,100,37.5839,33.5570
4237,297,80,113,104,38.0471,35.0168
4238,302,81,111,110,36.7550,36.4238
4239,302,77,111,114,36.7550,37.7483
4240,299,74,110,115,36.7893,38.4615
4241,299,73,107,119,35.7860,39.7993
4242,298,70,101,127,33.8926,42.6174
4243,299,70,96,133,32.1070,44.4816
4244,297,70,88,139,29.6296,46.8013
4245,298,67,89,142,29.8658,47.6510
4246,298,70,86,142,28.8591,47.6510
4247,298,69,82,147,27.5168,49.3289
4248,299,71,82,146,27.4247,48.8294
4249,303,77,78,148,25.7426,48.8449
4250,301,72,78,151,25.9136,50.1661
4251,300,70,78,152,26.0000,50.6667
4252,299,69,76,154,25.4181,51.5050
4253,302,68,76,158,25.1656,52.3179
4254,299,67,69,163,23.0769,54.5151
4255,302,71,64,167,21.1921,55.2980
4256,301,70,65,166,21.5947,55.1495
4257,299,70,60,169,20.0669,56.5217
4258,302,69,58,175,19.2053,57.9470
4259,300,69,54,177,18.0000,59.0000
4260,299,67,52,180,17.3913,60.2007
4261,300,64,52,184,17.3333,61.3333
4262,298,62,51,185,17.1141,62.0805
4263,299,62,49,188,16.3880,62.8763
4264,300,63,50,187,16.6667,62.3333
4265,300,65,48,187,16.0000,62.3333
4266,299,68,45,186,15.0502,62.2074
4267,300,68,44,188,14.6667,62.6667
4268,300,66,45,189,15.0000,63.0000
4269,300,65,45,190,15.0000,63.3333
4270,298,66,41,191,13.7584,64.0940
4271,297,69,38,190,12.7946,63.9731
4272,299,77,35,187,11.7057,62.5418
4273,298,78,31,189,10.4027,63.4228
4274,304,85,31,188,10.1974,61.8421
4275,304,85,32,187,10.5263,61.5132
4276,303,84,31,188,10.2310,62.0462
4277,302,87,31,184,10.2649,60.9272
4278,301,93,30,178,9.9668,59.1362
4279,300,98,28,174,9.3333,58.0000
4280,300,97,30,173,10.0000,57.6667
4281,298,102,28,168,9.3960,56.3758
4282,300,108,26,166,8.6667,55.3333
4283,300,110,27,163,9.0000,54.3333
4284,299,112,25,162,8.3612,54.1806
4285,300,118,25,157,8.3333,52.3333
4286,300,121,24,155,8.0000,51.6667
4287,300,123,27,150,9.0000,50.0000
4288,300,130,25,145,8.3333,48.3333
4289,300,131,27,142,9.0000,47.3333
4290,298,134,28,136,9.3960,45.6376
4291,301,142,27,132,8.9701,43.8538
4292,301,143,29,129,9.6346,42.8571
4293,301,146,30,125,9.9668,41.5282
4294,301,151,32,118,10.6312,39.2027
4295,301,155,35,111,11.6279,36.8771
4296,301,158,38,105,12.6246,34.8837
4297,301,159,38,104,12.6246,34.5515
4298,301,160,35,106,11.6279,35.2159
4299,301,161,39,101,12.9568,33.5548
4300,300,161,37,102,12.3333,34.0000
4301,300,163,37,100,12.3333,33.3333
4302,300,164,36,100,12.0000,33.3333
4303,300,166,36,98,12.0000,32.6667
4304,300,164,39,97,13.0000,32.3333
4305,300,165,42,93,14.0000,31.0000
4306,300,169,43,88,14.3333,29.3333
4307,300,169,45,86,15.0000,28.6667
4308,299,166,47,86,15.7191,28.7625
4309,299,169,47,83,15.7191,27.7592
4310,299,166,54,79,18.0602,26.4214
4311,300,168,55,77,18.3333,25.6667
4312,299,169,55,75,18.3946,25.0836
4313,302,174,58,70,19.2053,23.1788
4314,301,175,55,71,18.2724,23.5880
4315,299,177,54,68,18.0602,22.7425
4316,302,177,53,72,17.5497,23.8411
4317,301,179,52,70,17.2757,23.2558
4318,301,180,52,69,17.2757,22.9236
4319,300,172,61,67,20.3333,22.3333
4320,300,169,63,68,21.0000,22.6667
4321,300,169,63,68,21.0000,22.6667
4322,300,169,64,67,21.3333,22.3333
4323,300,165,69,66,23.0000,22.0000
4324,299,158,76,65,25.4181,21.7391
4325,299,159,75,65,25.0836,21.7391
4326,297,155,77,65,25.9259,21.8855
4327,297,149,82,66,27.6094,22.2222
4328,300,149,82,69,27.3333,23.0000
4329,300,141,89,70,29.6667,23.3333
4330,298,134,90,74,30.2013,24.8322
4331,299,134,88,77,29.4314,25.7525
4332,299,134,88,77,29.4314,25.7525
4333,300,132,93,75,31.0000,25.0000
4334,298,133,93,72,31.2081,24.1611
4335,299,129,99,71,33.1104,23.7458
4336,302,128,104,70,34.4371,23.1788
4337,300,123,104,73,34.6667,24.3333
4338,299,117,110,72,36.7893,24.0803
4339,299,111,113,75,37.7926,25.0836
4340,299,106,114,79,38.1271,26.4214
4341,297,105,113,79,38.0471,26.5993
4342,299,101,119,79,39.7993,26.4214
4343,302,100,120,82,39.7351,27.1523
4344,298,96,115,87,38.5906,29.1946
4345,299,89,117,93,39.1304,31.1037
4346,303,92,118,93,38.9439,30.6931
4347,302,89,114,99,37.7483,32.7815
4348,300,83,114,103,38.0000,34.3333
4349,300,83,111,106,37.0000,35.3333
4350,297,82,106,109,35.6902,36.7003
4351,295,78,106,111,35.9322,37.6271
4352,295,78,104,113,35.2542,38.3051
4353,295,74,107,114,36.2712,38.6441
4354,297,74,108,115,36.3636,38.7205
4355,299,75,103,121,34.4482,40.4682
4356,300,79,100,121,33.3333,40.3333
4357,299,79,94,126,31.4381,42.1405
4358,298,79,89,130,29.8658,43.6242
4359,298,77,86,135,28.8591,45.3020
4360,297,76,79,142,26.5993,47.8114
4361,297,77,76,144,25.5892,48.4848
4362,299,79,73,147,24.4147,49.1639
4363,301,78,73,150,24.2525,49.8339
4364,299,76,70,153,23.4114,51.1706
4365,300,78,65,157,21.6667,52.3333
4366,300,78,63,159,21.0000,53.0000
4367,299,73,66,160,22.0736,53.5117
4368,297,78,60,159,20.2020,53.5354
4369,297,77,61,159,20.5387,53.5354
4370,299,79,58,162,19.3980,54.1806
4371,302,80,56,166,18.5430,54.9669
4372,300,82,54,164,18.0000,54.6667
4373,300,81,54,165,18.0000,55.0000
4374,299,78,51,170,17.0569,56.8562
4375,301,81,49,171,16.2791,56.8106
4376,301,82,47,172,15.6146,57.1429
4377,301,79,51,171,16.9435,56.8106
4378,301,77,53,171,17.6080,56.8106
4379,300,76,52,172,17.3333,57.3333
4380,300,79,52,169,17.3333,56.3333
4381,300,79,49,172,16.3333,57.3333
4382,299,82,50,167,16.7224,55.8528
4383,301,88,50,163,16.6113,54.1528
4384,301,86,47,168,15.6146,55.8140
4385,301,83,50,168,16.6113,55.8140
4386,301,82,50,169,16.6113,56.1462
4387,298,79,48,171,16.1074,57.3826
4388,300,83,45,172,15.0000,57.3333
4389,299,85,43,171,14.3813,57.1906
4390,302,87,43,172,14.2384,56.9536
4391,302,89,42,171,13.9073,56.6225
4392,302,93,43,166,14.2384,54.9669
4393,300,92,42,166,14.0000,55.3333
4394,299,88,44,167,14.7157,55.8528
4395,299,90,44,165,14.7157,55.1839
4396,304,99,45,160,14.8026,52.6316
4397,303,103,45,155,14.8515,51.1551
4398,303,98,47,158,15.5116,52.1452
4399,303,102,47,154,15.5116,50.8251
4400,301,107,43,151,14.2857,50.1661
4401,301,109,46,146,15.2824,48.5050
4402,301,112,47,142,15.6146,47.1761
4403,299,114,45,140,15.0502,46.8227
4404,299,116,46,137,15.3846,45.8194
4405,304,123,44,137,14.4737,45.0658
4406,304,124,44,136,14.4737,44.7368
4407,303,129,43,131,14.1914,43.2343
4408,303,127,47,129,15.5116,42.5743
4409,302,129,49,124,16.2252,41.0596
4410,302,130,52,120,17.2185,39.7351
4411,301,135,52,114,17.2757,37.8738
4412,300,140,51,109,17.0000,36.3333
4413,299,141,52,106,17.3913,35.4515
4414,301,150,49,102,16.2791,33.8870
4415,299,154,45,100,15.0502,33.4448
4416,301,157,47,97,15.6146,32.2259
4417,300,161,45,94,15.0000,31.3333
4418,298,161,46,91,15.4362,30.5369
4419,300,162,45,93,15.0000,31.0000
4420,299,164,45,90,15.0502,30.1003
4421,303,165,48,90,15.8416,29.7030
4422,303,162,52,89,17.1617,29.3729
4423,303,159,57,87,18.8119,28.7129
4424,303,157,58,88,19.1419,29.0429
4425,303,158,58,87,19.1419,28.7129
4426,302,157,63,82,20.8609,27.1523
4427,301,152,66,83,21.9269,27.5748
4428,301,152,66,83,21.9269,27.5748
4429,301,149,66,86,21.9269,28.5714
4430,299,145,68,86,22.7425,28.7625
4431,301,148,68,85,22.5914,28.2392
4432,301,145,72,84,23.9203,27.9070
4433,301,144,73,84,24.2525,27.9070
4434,301,144,73,84,24.2525,27.9070
4435,301,138,80,83,26.5781,27.5748
4436,300,134,87,79,29.0000,26.3333
4437,300,133,88,79,29.3333,26.3333
4438,300,130,90,80,30.0000,26.6667
4439,300,127,92,81,30.6667,27.0000
4440,300,125,93,82,31.0000,27.3333
4441,300,121,96,83,32.0000,27.6667
4442,300,119,95,86,31.6667,28.6667
4443,298,119,90,89,30.2013,29.8658
4444,299,122,86,91,28.7625,30.4348
4445,300,123,84,93,28.0000,31.0000
4446,299,119,85,95,28.4281,31.7726
4447,298,120,80,98,26.8456,32.8859
4448,298,118,78,102,26.1745,34.2282
4449,299,118,77,104,25.7525,34.7826
4450,302,116,83,103,27.4834,34.1060
4451,302,112,86,104,28.4768,34.4371
4452,302,113,83,106,27.4834,35.0993
4453,300,111,78,111,26.0000,37.0000
4454,300,111,78,111,26.0000,37.0000
4455,300,104,83,113,27.6667,37.6667
4456,298,105,75,118,25.1678,39.5973
4457,297,106,71,120,23.9057,40.4040
4458,298,108,71,119,23.8255,39.9329
4459,297,110,68,119,22.8956,40.0673
4460,298,110,63,125,21.1409,41.9463
4461,299,108,64,127,21.4047,42.4749
4462,298,107,57,134,19.1275,44.9664
4463,303,113,56,134,18.4818,44.2244
4464,303,113,57,133,18.8119,43.8944
4465,303,112,56,135,18.4818,44.5545
4466,303,111,54,138,17.8218,45.5446
4467,303,113,51,139,16.8317,45.8746
4468,303,112,53,138,17.4917,45.5446
4469,301,110,52,139,17.2757,46.1794
4470,300,109,47,144,15.6667,48.0000
4471,295,108,42,145,14.2373,49.1525
4472,301,113,43,145,14.2857,48.1728
4473,301,110,45,146,14.9502,48.5050
4474,301,112,43,146,14.2857,48.5050
4475,300,114,38,148,12.6667,49.3333
4476,299,116,36,147,12.0401,49.1639
4477,301,119,34,148,11.2957,49.1694
4478,301,119,33,149,10.9635,49.5017
4479,301,121,33,147,10.9635,48.8372
4480,301,121,34,146,11.2957,48.5050
4481,300,121,35,144,11.6667,48.0000
4482,300,117,38,145,12.6667,48.3333
4483,300,118,38,144,12.6667,48.0000
4484,300,114,42,144,14.0000,48.0000
4485,300,115,43,142,14.3333,47.3333
4486,299,113,44,142,14.7157,47.4916
4487,302,115,45,142,14.9007,47.0199
4488,302,113,47,142,15.5629,47.0199
4489,302,110,49,143,16.2252,47.3510
4490,301,109,49,143,16.2791,47.5083
4491,301,111,48,142,15.9468,47.1761
4492,299,113,44,142,14.7157,47.4916
4493,305,121,43,141,14.0984,46.2295
4494,305,121,45,139,14.7541,45.5738
4495,305,119,51,135,16.7213,44.2623
4496,305,118,56,131,18.3607,42.9508
4497,304,115,61,128,20.0658,42.1053
4498,304,115,64,125,21.0526,41.1184
4499,303,117,65,121,21.4521,39.9340
4500,303,120,66,117,21.7822,38.6139
4501,301,121,62,118,20.5980,39.2027
4502,299,123,60,116,20.0669,38.7960
4503,298,123,61,114,20.4698,38.2550
4504,300,128,61,111,20.3333,37.0000
4505,299,132,58,109,19.3980,36.4548
4506,299,130,60,109,20.0669,36.4548
4507,298,129,60,109,20.1342,36.5772
4508,298,133,58,107,19.4631,35.9060
4509,301,134,62,105,20.5980,34.8837
4510,300,134,59,107,19.6667,35.6667
4511,299,126,68,105,22.7425,35.1171
4512,301,130,70,101,23.2558,33.5548
4513,301,129,72,100,23.9203,33.2226
4514,301,132,76,93,25.2492,30.8970
4515,299,128,72,99,24.0803,33.1104
4516,300,128,71,101,23.6667,33.6667
4517,300,128,67,105,22.3333,35.0000
4518,300,127,70,103,23.3333,34.3333
4519,299,126,70,103,23.4114,34.4482
4520,301,121,76,104,25.2492,34.5515
4521,300,117,79,104,26.3333,34.6667
4522,300,116,86,98,28.6667,32.6667
4523,299,113,90,96,30.1003,32.1070
4524,299,107,96,96,32.1070,32.1070
4525,300,105,100,95,33.3333,31.6667
4526,299,105,102,92,34.1137,30.7692
4527,301,107,103,91,34.2193,30.2326
4528,301,103,106,92,35.2159,30.5648
4529,300,97,113,90,37.6667,30.0000
4530,298,89,117,92,39.2617,30.8725
4531,295,86,113,96,38.3051,32.5424
4532,295,86,110,99,37.2881,33.5593
4533,294,84,111,99,37.7551,33.6735
4534,297,85,113,99,38.0471,33.3333
4535,300,87,111,102,37.0000,34.0000
4536,300,84,110,106,36.6667,35.3333
4537,300,82,111,107,37.0000,35.6667
4538,299,80,108,111,36.1204,37.1237
4539,299,80,106,113,35.4515,37.7926
4540,299,83,102,114,34.1137,38.1271
4541,297,80,100,117,33.6700,39.3939
4542,297,83,95,119,31.9865,40.0673
4543,297,82,93,122,31.3131,41.0774
4544,295,80,89,126,30.1695,42.7119
4545,294,79,87,128,29.5918,43.5374
4546,292,79,85,128,29.1096,43.8356
4547,296,78,89,129,30.0676,43.5811
4548,295,76,86,133,29.1525,45.0847
4549,298,78,80,140,26.8456,46.9799
4550,296,75,75,146,25.3378,49.3243
4551,297,75,70,152,23.5690,51.1785
4552,301,76,71,154,23.5880,51.1628
4553,297,77,70,150,23.5690,50.5051
4554,297,74,71,152,23.9057,51.1785
4555,297,72,72,153,24.2424,51.5152
4556,297,74,69,154,23.2323,51.8519
4557,298,77,68,153,22.8188,51.3423
4558,303,83,66,154,21.7822,50.8251
4559,301,83,65,153,21.5947,50.8306
4560,300,83,67,150,22.3333,50.0000
4561,299,84,66,149,22.0736,49.8328
4562,301,90,63,148,20.9302,49.1694
4563,301,86,64,151,21.2625,50.1661
4564,301,86,61,154,20.2658,51.1628
4565,301,84,61,156,20.2658,51.8272
4566,300,83,58,159,19.3333,53.0000
4567,298,88,55,155,18.4564,52.0134
4568,298,91,52,155,17.4497,52.0134
4569,299,95,54,150,18.0602,50.1672
4570,300,98,52,150,17.3333,50.0000
4571,298,101,49,148,16.4430,49.6644
4572,299,102,46,151,15.3846,50.5017
4573,304,106,48,150,15.7895,49.3421
4574,303,105,45,153,14.8515,50.4950
4575,302,104,42,156,13.9073,51.6556
4576,301,104,40,157,13.2890,52.1595
4577,301,103,41,157,13.6213,52.1595
4578,300,99,42,159,14.0000,53.0000
4579,300,99,45,156,15.0000,52.0000
4580,299,98,46,155,15.3846,51.8395
4581,299,100,43,156,14.3813,52.1739
4582,300,104,43,153,14.3333,51.0000
4583,300,107,44,149,14.6667,49.6667
4584,299,108,42,149,14.0468,49.8328
4585,300,111,40,149,13.3333,49.6667
4586,300,112,40,148,13.3333,49.3333
4587,300,110,44,146,14.6667,48.6667
4588,300,109,49,142,16.3333,47.3333
4589,300,108,50,142,16.6667,47.3333
4590,300,112,49,139,16.3333,46.3333
4591,299,113,49,137,16.3880,45.8194
4592,303,119,50,134,16.5017,44.2244
4593,303,121,49,133,16.1716,43.8944
4594,303,120,51,132,16.8317,43.5644
4595,303,121,55,127,18.1518,41.9142
4596,302,123,56,123,18.5430,40.7285
4597,302,122,60,120,19.8675,39.7351
4598,301,123,59,119,19.6013,39.5349
4599,301,124,55,122,18.2724,40.5316
4600,301,126,53,122,17.6080,40.5316
4601,301,130,56,115,18.6047,38.2060
4602,300,133,56,111,18.6667,37.0000
4603,300,139,56,105,18.6667,35.0000
4604,299,134,60,105,20.0669,35.1171
4605,301,130,65,106,21.5947,35.2159
4606,301,128,69,104,22.9236,34.5515
4607,301,129,66,106,21.9269,35.2159
4608,301,127,65,109,21.5947,36.2126
4609,300,123,67,110,22.3333,36.6667
4610,300,125,64,111,21.3333,37.0000
4611,300,121,68,111,22.6667,37.0000
4612,300,120,69,111,23.0000,37.0000
4613,300,117,73,110,24.3333,36.6667
4614,299,118,72,109,24.0803,36.4548
4615,298,119,68,111,22.8188,37.2483
4616,302,127,64,111,21.1921,36.7550
4617,302,130,60,112,19.8675,37.0861
4618,302,130,60,112,19.8675,37.0861
4619,301,127,65,109,21.5947,36.2126
4620,301,129,63,109,20.9302,36.2126
4621,301,124,69,108,22.9236,35.8804
4622,299,119,72,108,24.0803,36.1204
4623,301,120,73,108,24.2525,35.8804
4624,301,120,73,108,24.2525,35.8804
4625,298,117,68,113,22.8188,37.9195
4626,296,114,70,112,23.6486,37.8378
4627,298,120,69,109,23.1544,36.5772
4628,299,122,67,110,22.4080,36.7893
4629,299,119,68,112,22.7425,37.4582
4630,299,118,68,113,22.7425,37.7926
4631,299,118,66,115,22.0736,38.4615
4632,302,118,67,117,22.1854,38.7417
4633,301,114,71,116,23.5880,38.5382
4634,299,112,70,117,23.4114,39.1304
4635,301,112,72,117,23.9203,38.8704
4636,301,109,77,115,25.5814,38.2060
4637,301,110,78,113,25.9136,37.5415
4638,300,104,82,114,27.3333,38.0000
4639,300,100,84,116,28.0000,38.6667
4640,299,99,83,117,27.7592,39.1304
4641,300,102,79,119,26.3333,39.6667
4642,297,102,75,120,25.2525,40.4040
4643,297,102,71,124,23.9057,41.7508
4644,302,106,69,127,22.8477,42.0530
4645,302,108,68,126,22.5166,41.7219
4646,301,107,68,126,22.5914,41.8605
4647,300,103,67,130,22.3333,43.3333
4648,300,99,72,129,24.0000,43.0000
4649,300,98,73,129,24.3333,43.0000
4650,297,98,67,132,22.5589,44.4444
4651,298,103,67,128,22.4832,42.9530
4652,302,105,71,126,23.5099,41.7219
4653,300,103,66,131,22.0000,43.6667
4654,298,103,64,131,21.4765,43.9597
4655,299,107,60,132,20.0669,44.1472
4656,298,107,58,133,19.4631,44.6309
4657,298,108,57,133,19.1275,44.6309
4658,298,107,57,134,19.1275,44.9664
4659,300,110,54,136,18.0000,45.3333
4660,299,111,54,134,18.0602,44.8161
4661,300,114,54,132,18.0000,44.0000
4662,299,117,53,129,17.7258,43.1438
4663,302,118,54,130,17.8808,43.0464
4664,302,116,56,130,18.5430,43.0464
4665,302,114,57,131,18.8742,43.3775
4666,302,113,57,132,18.8742,43.7086
4667,302,116,54,132,17.8808,43.7086
4668,302,118,53,131,17.5497,43.3775
4669,301,117,53,131,17.6080,43.5216
4670,301,120,52,129,17.2757,42.8571
4671,301,118,51,132,16.9435,43.8538
4672,299,120,49,130,16.3880,43.4783
4673,302,121,48,133,15.8940,44.0397
4674,302,123,47,132,15.5629,43.7086
4675,302,120,48,134,15.8940,44.3709
4676,301,123,47,131,15.6146,43.5216
4677,301,126,49,126,16.2791,41.8605
4678,300,126,47,127,15.6667,42.3333
4679,299,124,48,127,16.0535,42.4749
4680,301,124,49,128,16.2791,42.5249
4681,301,126,48,127,15.9468,42.1927
4682,301,125,51,125,16.9435,41.5282
4683,301,121,56,124,18.6047,41.1960
4684,297,119,56,122,18.8552,41.0774
4685,302,122,57,123,18.8742,40.7285
4686,301,121,58,122,19.2691,40.5316
4687,301,121,58,122,19.2691,40.5316
4688,301,122,54,125,17.9402,41.5282
4689,299,118,55,126,18.3946,42.1405
4690,303,121,56,126,18.4818,41.5842
4691,303,123,56,124,18.4818,40.9241
4692,302,123,57,122,18.8742,40.3974
4693,301,125,57,119,18.9369,39.5349
4694,301,124,60,117,19.9336,38.8704
4695,300,122,64,114,21.3333,38.0000
4696,300,122,64,114,21.3333,38.0000
4697,298,121,65,112,21.8121,37.5839
4698,303,128,65,110,21.4521,36.3036
4699,301,127,66,108,21.9269,35.8804
4700,301,125,65,111,21.5947,36.8771
4701,300,125,64,111,21.3333,37.0000
4702,300,124,66,110,22.0000,36.6667
4703,299,121,64,114,21.4047,38.1271
4704,301,117,67,117,22.2591,38.8704
4705,299,119,65,115,21.7391,38.4615
4706,300,122,64,114,21.3333,38.0000
4707,300,123,63,114,21.0000,38.0000
4708,300,120,68,112,22.6667,37.3333
4709,299,119,67,113,22.4080,37.7926
4710,299,120,65,114,21.7391,38.1271
4711,301,125,67,109,22.2591,36.2126
4712,301,117,75,109,24.9169,36.2126
4713,300,117,74,109,24.6667,36.3333
4714,300,109,79,112,26.3333,37.3333
4715,299,107,77,115,25.7525,38.4615
4716,301,106,79,116,26.2458,38.5382
4717,300,103,81,116,27.0000,38.6667
4718,299,104,80,115,26.7559,38.4615
4719,301,111,80,110,26.5781,36.5449
4720,300,113,74,113,24.6667,37.6667
4721,300,113,77,110,25.6667,36.6667
4722,300,112,76,112,25.3333,37.3333
4723,298,113,73,112,24.4966,37.5839
4724,300,114,69,117,23.0000,39.0000
4725,299,114,69,116,23.0769,38.7960
4726,299,110,72,117,24.0803,39.1304
4727,301,114,73,114,24.2525,37.8738
4728,300,114,70,116,23.3333,38.6667
4729,297,110,71,116,23.9057,39.0572
4730,298,114,71,113,23.8255,37.9195
4731,302,115,74,113,24.5033,37.4172
4732,298,117,67,114,22.4832,38.2550
4733,297,118,66,113,22.2222,38.0471
4734,296,117,63,116,21.2838,39.1892
4735,299,120,61,118,20.4013,39.4649
4736,300,120,58,122,19.3333,40.6667
4737,298,118,57,123,19.1275,41.2752
4738,299,119,57,123,19.0635,41.1371
4739,301,118,60,123,19.9336,40.8638
4740,301,121,60,120,19.9336,39.8671
4741,300,119,61,120,20.3333,40.0000
4742,300,115,63,122,21.0000,40.6667
4743,300,113,66,121,22.0000,40.3333
4744,300,109,68,123,22.6667,41.0000
4745,300,103,72,125,24.0000,41.6667
4746,300,101,68,131,22.6667,43.6667
4747,298,101,66,131,22.1477,43.9597
4748,299,100,71,128,23.7458,42.8094
4749,299,100,70,129,23.4114,43.1438
4750,301,101,67,133,22.2591,44.1860
4751,301,100,66,135,21.9269,44.8505
4752,301,100,68,133,22.5914,44.1860
4753,301,97,71,133,23.5880,44.1860
4754,301,98,71,132,23.5880,43.8538
4755,300,100,70,130,23.3333,43.3333
4756,299,104,68,127,22.7425,42.4749
4757,303,110,64,129,21.1221,42.5743
4758,301,109,64,128,21.2625,42.5249
4759,301,108,66,127,21.9269,42.1927
4760,301,101,70,130,23.2558,43.1894
4761,300,98,70,132,23.3333,44.0000
4762,299,100,70,129,23.4114,43.1438
4763,299,103,65,131,21.7391,43.8127
4764,303,112,61,130,20.1320,42.9043
4765,300,111,54,135,18.0000,45.0000
4766,299,114,52,133,17.3913,44.4816
4767,301,119,53,129,17.6080,42.8571
4768,300,120,51,129,17.0000,43.0000
4769,299,117,52,130,17.3913,43.4783
4770,299,119,52,128,17.3913,42.8094
4771,302,121,52,129,17.2185,42.7152
4772,301,125,50,126,16.6113,41.8605
4773,299,125,45,129,15.0502,43.1438
4774,300,128,46,126,15.3333,42.0000
4775,300,127,48,125,16.0000,41.6667
4776,300,130,48,122,16.0000,40.6667
4777,299,132,48,119,16.0535,39.7993
4778,302,136,48,118,15.8940,39.0728
4779,301,132,49,120,16.2791,39.8671
4780,300,131,47,122,15.6667,40.6667
4781,298,125,46,127,15.4362,42.6174
4782,301,127,46,128,15.2824,42.5249
4783,300,125,48,127,16.0000,42.3333
4784,300,128,50,122,16.6667,40.6667
4785,300,129,50,121,16.6667,40.3333
4786,300,132,49,119,16.3333,39.6667
4787,298,130,52,116,17.4497,38.9262
4788,303,138,53,112,17.4917,36.9637
4789,302,138,53,111,17.5497,36.7550
4790,300,138,51,111,17.0000,37.0000
4791,300,134,55,111,18.3333,37.0000
4792,299,130,58,111,19.3980,37.1237
4793,301,128,62,111,20.5980,36.8771
4794,301,125,69,107,22.9236,35.5482
4795,300,120,71,109,23.6667,36.3333
4796,298,119,68,111,22.8188,37.2483
4797,300,123,70,107,23.3333,35.6667
4798,299,126,73,100,24.4147,33.4448
4799,299,125,74,100,24.7492,33.4448
4800,300,123,75,102,25.0000,34.0000
4801,299,121,72,106,24.0803,35.4515
4802,299,125,72,102,24.0803,34.1137
4803,302,123,81,98,26.8212,32.4503
4804,301,122,80,99,26.5781,32.8904
4805,301,121,81,99,26.9103,32.8904
4806,301,117,86,98,28.5714,32.5581
4807,301,112,93,96,30.8970,31.8937
4808,300,109,92,99,30.6667,33.0000
4809,300,109,94,97,31.3333,32.3333
4810,300,102,100,98,33.3333,32.6667
4811,300,96,105,99,35.0000,33.0000
4812,296,93,106,97,35.8108,32.7703
4813,296,92,107,97,36.1486,32.7703
4814,300,89,105,106,35.0000,35.3333
4815,299,87,107,105,35.7860,35.1171
4816,298,86,105,107,35.2349,35.9060
4817,300,91,108,101,36.0000,33.6667
4818,297,88,108,101,36.3636,34.0067
4819,299,90,106,103,35.4515,34.4482
4820,301,89,109,103,36.2126,34.2193
4821,300,87,107,106,35.6667,35.3333
4822,299,87,103,109,34.4482,36.4548
4823,300,85,104,111,34.6667,37.0000
4824,298,85,100,113,33.5570,37.9195
4825,297,85,100,112,33.6700,37.7104
4826,299,81,102,116,34.1137,38.7960
4827,298,77,106,115,35.5705,38.5906
4828,299,77,102,120,34.1137,40.1338
4829,299,75,98,126,32.7759,42.1405
4830,301,75,96,130,31.8937,43.1894
4831,301,73,94,134,31.2292,44.5183
4832,299,74,90,135,30.1003,45.1505
4833,302,83,84,135,27.8146,44.7020
4834,301,78,83,140,27.5748,46.5116
4835,300,75,79,146,26.3333,48.6667
4836,299,71,79,149,26.4214,49.8328
4837,302,71,80,151,26.4901,50.0000
4838,301,72,76,153,25.2492,50.8306
4839,301,72,73,156,24.2525,51.8272
4840,300,73,69,158,23.0000,52.6667
4841,300,74,67,159,22.3333,53.0000
4842,300,75,64,161,21.3333,53.6667
4843,300,76,62,162,20.6667,54.0000
4844,299,76,59,164,19.7324,54.8495
4845,301,76,59,166,19.6013,55.1495
4846,300,75,52,173,17.3333,57.6667
4847,299,76,47,176,15.7191,58.8629
4848,301,82,46,173,15.2824,57.4751
4849,301,81,43,177,14.2857,58.8040
4850,299,81,38,180,12.7090,60.2007
4851,300,84,37,179,12.3333,59.6667
4852,299,85,35,179,11.7057,59.8662
4853,301,88,35,178,11.6279,59.1362
4854,300,88,33,179,11.0000,59.6667
4855,299,88,29,182,9.6990,60.8696
4856,300,92,27,181,9.0000,60.3333
4857,299,93,23,183,7.6923,61.2040
4858,302,97,21,184,6.9536,60.9272
4859,302,97,21,184,6.9536,60.9272
4860,302,102,21,179,6.9536,59.2715
4861,302,104,22,176,7.2848,58.2781
4862,301,104,22,175,7.3090,58.1395
4863,301,105,23,173,7.6412,57.4751
4864,301,107,22,172,7.3090,57.1429
4865,301,111,21,169,6.9767,56.1462
4866,299,118,20,161,6.6890,53.8462
4867,300,122,19,159,6.3333,53.0000
4868,299,122,21,156,7.0234,52.1739
4869,300,123,20,157,6.6667,52.3333
4870,300,123,22,155,7.3333,51.6667
4871,299,123,24,152,8.0268,50.8361
4872,301,123,28,150,9.3023,49.8339
4873,301,127,26,148,8.6379,49.1694
4874,300,129,24,147,8.0000,49.0000
4875,300,132,24,144,8.0000,48.0000
4876,299,137,24,138,8.0268,46.1538
4877,301,138,27,136,8.9701,45.1827
4878,301,142,27,132,8.9701,43.8538
4879,301,142,28,131,9.3023,43.5216
4880,301,148,29,124,9.6346,41.1960
4881,301,151,31,119,10.2990,39.5349
4882,301,155,32,114,10.6312,37.8738
4883,300,159,32,109,10.6667,36.3333
4884,300,160,37,103,12.3333,34.3333
4885,300,159,44,97,14.6667,32.3333
4886,300,162,47,91,15.6667,30.3333
4887,300,163,51,86,17.0000,28.6667
4888,299,165,51,83,17.0569,27.7592
4889,299,159,56,84,18.7291,28.0936
4890,301,162,58,81,19.2691,26.9103
4891,300,161,60,79,20.0000,26.3333
4892,298,162,58,78,19.4631,26.1745
4893,304,165,61,78,20.0658,25.6579
4894,304,162,66,76,21.7105,25.0000
4895,304,158,72,74,23.6842,24.3421
4896,304,153,80,71,26.3158,23.3553
4897,304,153,80,71,26.3158,23.3553
4898,304,148,91,65,29.9342,21.3816
4899,304,142,102,60,33.5526,19.7368
4900,304,137,106,61,34.8684,20.0658
4901,304,136,108,60,35.5263,19.7368
4902,303,131,115,57,37.9538,18.8119
4903,301,128,116,57,38.5382,18.9369
4904,299,125,115,59,38.4615,19.7324
4905,304,128,117,59,38.4868,19.4079
4906,302,127,115,60,38.0795,19.8675
4907,300,125,117,58,39.0000,19.3333
4908,300,122,119,59,39.6667,19.6667
4909,298,119,118,61,39.5973,20.4698
4910,300,119,119,62,39.6667,20.6667
4911,297,110,124,63,41.7508,21.2121
4912,296,107,123,66,41.5541,22.2973
4913,300,107,125,68,41.6667,22.6667
4914,299,97,130,72,43.4783,24.0803
4915,302,92,131,79,43.3775,26.1589
4916,299,87,129,83,43.1438,27.7592
4917,298,83,129,86,43.2886,28.8591
4918,297,84,122,91,41.0774,30.6397
4919,297,84,113,100,38.0471,33.6700
4920,296,84,109,103,36.8243,34.7973
4921,298,84,107,107,35.9060,35.9060
4922,293,81,104,108,35.4949,36.8601
4923,294,78,101,115,34.3537,39.1156
4924,296,81,97,118,32.7703,39.8649
4925,296,83,97,116,32.7703,39.1892
4926,297,86,93,118,31.3131,39.7306
4927,295,82,94,119,31.8644,40.3390
4928,302,86,94,122,31.1258,40.3974
4929,300,80,96,124,32.0000,41.3333
4930,299,74,95,130,31.7726,43.4783
4931,300,71,92,137,30.6667,45.6667
4932,297,70,88,139,29.6296,46.8013
4933,299,71,87,141,29.0970,47.1572
4934,301,71,85,145,28.2392,48.1728
4935,300,69,76,155,25.3333,51.6667
4936,300,68,71,161,23.6667,53.6667
4937,298,65,68,165,22.8188,55.3691
4938,299,65,66,168,22.0736,56.1873
4939,299,62,71,166,23.7458,55.5184
4940,302,65,69,168,22.8477,55.6291
4941,301,68,65,168,21.5947,55.8140
4942,301,68,64,169,21.2625,56.1462
4943,301,68,60,173,19.9336,57.4751
4944,300,67,61,172,20.3333,57.3333
4945,300,69,61,170,20.3333,56.6667
4946,300,68,60,172,20.0000,57.3333
4947,299,68,54,177,18.0602,59.1973
4948,299,69,53,177,17.7258,59.1973
4949,298,70,51,177,17.1141,59.3960
4950,299,73,45,181,15.0502,60.5351
4951,301,77,41,183,13.6213,60.7973
4952,301,79,38,184,12.6246,61.1296
4953,300,81,37,182,12.3333,60.6667
4954,299,80,33,186,11.0368,62.2074
4955,299,80,31,188,10.3679,62.8763
4956,302,87,29,186,9.6026,61.5894
4957,302,90,28,184,9.2715,60.9272
4958,302,93,25,184,8.2781,60.9272
4959,302,93,24,185,7.9470,61.2583
4960,299,97,18,184,6.0201,61.5385
4961,300,102,19,179,6.3333,59.6667
4962,300,103,20,177,6.6667,59.0000
4963,300,105,20,175,6.6667,58.3333
4964,300,107,20,173,6.6667,57.6667
4965,298,109,17,172,5.7047,57.7181
4966,300,114,16,170,5.3333,56.6667
4967,300,120,16,164,5.3333,54.6667
4968,300,123,18,159,6.0000,53.0000
4969,299,126,15,158,5.0167,52.8428
4970,302,135,15,152,4.9669,50.3311
4971,302,144,15,143,4.9669,47.3510
4972,301,147,14,140,4.6512,46.5116
4973,301,150,15,136,4.9834,45.1827
4974,301,150,16,135,5.3156,44.8505
4975,301,154,18,129,5.9801,42.8571
4976,301,156,19,126,6.3123,41.8605
4977,300,157,18,125,6.0000,41.6667
4978,300,160,19,121,6.3333,40.3333
4979,300,159,21,120,7.0000,40.0000
4980,299,162,20,117,6.6890,39.1304
4981,299,163,22,114,7.3579,38.1271
4982,302,171,21,110,6.9536,36.4238
4983,302,177,21,104,6.9536,34.4371
4984,302,177,24,101,7.9470,33.4437
4985,302,177,26,99,8.6093,32.7815
4986,302,180,26,96,8.6093,31.7881
4987,302,190,26,86,8.6093,28.4768
4988,302,193,28,81,9.2715,26.8212
4989,301,195,29,77,9.6346,25.5814
4990,301,196,30,75,9.9668,24.9169
4991,301,194,32,75,10.6312,24.9169
4992,301,195,33,73,10.9635,24.2525
4993,301,194,36,71,11.9601,23.5880
4994,301,195,35,71,11.6279,23.5880
4995,301,197,35,69,11.6279,22.9236
4996,301,195,36,70,11.9601,23.2558
4997,301,193,39,69,12.9568,22.9236
4998,300,192,42,66,14.0000,22.0000
4999,300,192,46,62,15.3333,20.6667
5000,300,190,48,62,16.0000,20.6667
5001,300,191,50,59,16.6667,19.6667
5002,299,191,53,55,17.7258,18.3946
5003,302,193,54,55,17.8808,18.2119
5004,302,191,58,53,19.2053,17.5497
5005,301,181,66,54,21.9269,17.9402
5006,301,176,73,52,24.2525,17.2757
5007,301,167,83,51,27.5748,16.9435
5008,300,162,88,50,29.3333,16.6667
5009,300,158,92,50,30.6667,16.6667
5010,300,156,94,50,31.3333,16.6667
5011,300,152,98,50,32.6667,16.6667
5012,300,149,103,48,34.3333,16.0000
5013,299,143,107,49,35.7860,16.3880
5014,298,143,105,50,35.2349,16.7785
5015,300,143,106,51,35.3333,17.0000
5016,300,137,111,52,37.0000,17.3333
5017,299,135,110,54,36.7893,18.0602
5018,302,136,110,56,36.4238,18.5430
5019,299,132,110,57,36.7893,19.0635
5020,300,129,112,59,37.3333,19.6667
5021,300,124,118,58,39.3333,19.3333
5022,300,116,122,62,40.6667,20.6667
5023,299,111,123,65,41.1371,21.7391
5024,302,111,126,65,41.7219,21.5232
5025,299,108,119,72,39.7993,24.0803
5026,299,106,115,78,38.4615,26.0870
5027,298,103,107,88,35.9060,29.5302
5028,296,100,102,94,34.4595,31.7568
5029,297,100,98,99,32.9966,33.3333
5030,298,101,92,105,30.8725,35.2349
5031,301,100,95,106,31.5615,35.2159
5032,298,99,88,111,29.5302,37.2483
5033,299,98,86,115,28.7625,38.4615
5034,301,101,84,116,27.9070,38.5382
5035,301,97,85,119,28.2392,39.5349
5036,299,91,88,120,29.4314,40.1338
5037,301,91,87,123,28.9037,40.8638
5038,300,90,84,126,28.0000,42.0000
5039,298,90,81,127,27.1812,42.6174
5040,299,89,80,130,26.7559,43.4783
5041,299,87,77,135,25.7525,45.1505
5042,300,86,71,143,23.6667,47.6667
5043,299,85,67,147,22.4080,49.1639
5044,299,86,64,149,21.4047,49.8328
5045,302,87,62,153,20.5298,50.6623
5046,301,88,61,152,20.2658,50.4983
5047,298,91,55,152,18.4564,51.0067
5048,301,92,57,152,18.9369,50.4983
5049,300,90,56,154,18.6667,51.3333
5050,300,90,54,156,18.0000,52.0000
5051,300,87,54,159,18.0000,53.0000
5052,300,86,55,159,18.3333,53.0000
5053,300,82,55,163,18.3333,54.3333
5054,300,82,55,163,18.3333,54.3333
5055,298,83,51,164,17.1141,55.0336
5056,299,84,49,166,16.3880,55.5184
5057,301,87,45,169,14.9502,56.1462
5058,299,88,43,168,14.3813,56.1873
5059,302,91,43,168,14.2384,55.6291
5060,301,91,42,168,13.9535,55.8140
5061,301,91,42,168,13.9535,55.8140
5062,301,92,40,169,13.2890,56.1462
5063,299,92,38,169,12.7090,56.5217
5064,304,97,38,169,12.5000,55.5921
5065,302,96,35,171,11.5894,56.6225
5066,302,96,36,170,11.9205,56.2914
5067,302,95,38,169,12.5828,55.9603
5068,302,97,36,169,11.9205,55.9603
5069,302,99,33,170,10.9272,56.2914
5070,302,101,34,167,11.2583,55.2980
5071,302,101,36,165,11.9205,54.6358
5072,300,102,33,165,11.0000,55.0000
5073,299,101,32,166,10.7023,55.5184
5074,299,104,31,164,10.3679,54.8495
5075,305,113,30,162,9.8361,53.1148
5076,305,111,32,162,10.4918,53.1148
5077,305,118,33,154,10.8197,50.4918
5078,305,120,35,150,11.4754,49.1803
5079,305,129,35,141,11.4754,46.2295
5080,305,134,35,136,11.4754,44.5902
5081,305,139,34,132,11.1475,43.2787
5082,304,143,35,126,11.5132,41.4474
5083,302,141,35,126,11.5894,41.7219
5084,301,146,34,121,11.2957,40.1993
5085,301,147,36,118,11.9601,39.2027
5086,299,145,37,117,12.3746,39.1304
5087,302,149,39,114,12.9139,37.7483
5088,302,149,39,114,12.9139,37.7483
5089,302,148,44,110,14.5695,36.4238
5090,301,149,45,107,14.9502,35.5482
5091,301,147,46,108,15.2824,35.8804
5092,301,151,45,105,14.9502,34.8837
5093,301,152,48,101,15.9468,33.5548
5094,301,158,48,95,15.9468,31.5615
5095,301,161,48,92,15.9468,30.5648
5096,301,161,50,90,16.6113,29.9003
5097,301,165,47,89,15.6146,29.5681
5098,300,166,44,90,14.6667,30.0000
5099,300,168,43,89,14.3333,29.6667
5100,299,166,45,88,15.0502,29.4314
5101,301,169,46,86,15.2824,28.5714
5102,301,167,48,86,15.9468,28.5714
5103,301,169,49,83,16.2791,27.5748
5104,299,168,49,82,16.3880,27.4247
5105,302,171,52,79,17.2185,26.1589
5106,302,170,49,83,16.2252,27.4834
5107,301,166,54,81,17.9402,26.9103
5108,299,165,55,79,18.3946,26.4214
5109,299,168,54,77,18.0602,25.7525
5110,301,168,57,76,18.9369,25.2492
5111,300,166,56,78,18.6667,26.0000
5112,299,162,58,79,19.3980,26.4214
5113,300,165,58,77,19.3333,25.6667
5114,299,168,56,75,18.7291,25.0836
5115,302,169,58,75,19.2053,24.8344
5116,302,168,58,76,19.2053,25.1656
5117,302,160,67,75,22.1854,24.8344
5118,302,156,72,74,23.8411,24.5033
5119,302,151,76,75,25.1656,24.8344
5120,302,150,78,74,25.8278,24.5033
5121,302,150,79,73,26.1589,24.1722
5122,301,147,82,72,27.2425,23.9203
5123,298,144,80,74,26.8456,24.8322
5124,301,143,85,73,28.2392,24.2525
5125,301,141,87,73,28.9037,24.2525
5126,300,141,83,76,27.6667,25.3333
5127,299,138,83,78,27.7592,26.0870
5128,298,138,82,78,27.5168,26.1745
5129,301,136,83,82,27.5748,27.2425
5130,301,132,86,83,28.5714,27.5748
5131,299,128,88,83,29.4314,27.7592
5132,298,123,91,84,30.5369,28.1879
5133,300,120,95,85,31.6667,28.3333
5134,298,114,98,86,32.8859,28.8591
5135,297,108,102,87,34.3434,29.2929
5136,299,105,106,88,35.4515,29.4314
5137,297,103,103,91,34.6801,30.6397
5138,301,104,101,96,33.5548,31.8937
5139,299,101,99,99,33.1104,33.1104
5140,304,106,96,102,31.5789,33.5526
5141,304,101,96,107,31.5789,35.1974
5142,304,96,97,111,31.9079,36.5132
5143,302,93,100,109,33.1126,36.0927
5144,300,94,96,110,32.0000,36.6667
5145,299,91,95,113,31.7726,37.7926
5146,298,90,98,110,32.8859,36.9128
5147,301,89,99,113,32.8904,37.5415
5148,300,89,97,114,32.3333,38.0000
5149,298,91,94,113,31.5436,37.9195
5150,299,92,92,115,30.7692,38.4615
5151,302,95,91,116,30.1325,38.4106
5152,300,94,84,122,28.0000,40.6667
5153,298,93,78,127,26.1745,42.6174
5154,300,94,76,130,25.3333,43.3333
5155,297,95,71,131,23.9057,44.1077
5156,296,93,66,137,22.2973,46.2838
5157,296,94,63,139,21.2838,46.9595
5158,295,100,57,138,19.3220,46.7797
5159,299,105,54,140,18.0602,46.8227
5160,302,108,55,139,18.2119,46.0265
5161,301,110,51,140,16.9435,46.5116
5162,299,108,49,142,16.3880,47.4916
5163,301,111,48,142,15.9468,47.1761
5164,299,108,48,143,16.0535,47.8261
5165,299,106,48,145,16.0535,48.4950
5166,302,108,47,147,15.5629,48.6755
5167,301,108,43,150,14.2857,49.8339
5168,300,108,43,149,14.3333,49.6667
5169,300,109,43,148,14.3333,49.3333
5170,300,107,43,150,14.3333,50.0000
5171,300,107,40,153,13.3333,51.0000
5172,300,101,45,154,15.0000,51.3333
5173,300,102,44,154,14.6667,51.3333
5174,300,99,46,155,15.3333,51.6667
5175,299,98,47,154,15.7191,51.5050
5176,302,99,49,154,16.2252,50.9934
5177,301,100,48,153,15.9468,50.8306
5178,301,102,51,148,16.9435,49.1694
5179,301,103,53,145,17.6080,48.1728
5180,300,102,52,146,17.3333,48.6667
5181,300,102,56,142,18.6667,47.3333
5182,299,103,55,141,18.3946,47.1572
5183,302,104,57,141,18.8742,46.6887
5184,301,102,58,141,19.2691,46.8439
5185,300,102,55,143,18.3333,47.6667
5186,300,100,57,143,19.0000,47.6667
5187,299,100,54,145,18.0602,48.4950
5188,301,100,57,144,18.9369,47.8405
5189,300,98,60,142,20.0000,47.3333
5190,300,99,64,137,21.3333,45.6667
5191,300,102,65,133,21.6667,44.3333
5192,297,104,62,131,20.8754,44.1077
5193,299,109,61,129,20.4013,43.1438
5194,299,109,65,125,21.7391,41.8060
5195,300,109,65,126,21.6667,42.0000
5196,300,108,62,130,20.6667,43.3333
5197,300,104,69,127,23.0000,42.3333
5198,300,102,69,129,23.0000,43.0000
5199,299,103,69,127,23.0769,42.4749
5200,301,105,68,128,22.5914,42.5249
