tick,total,susceptible,infected,immune,pct_infected,pct_immune
0,150,19,10,121,6.6667,80.6667
1,152,21,10,121,6.5789,79.6053
2,155,24,10,121,6.4516,78.0645
3,156,25,10,121,6.4103,77.5641
4,163,32,10,121,6.1350,74.2331
5,163,32,10,121,6.1350,74.2331
6,163,32,10,121,6.1350,74.2331
7,166,35,10,121,6.0241,72.8916
8,166,35,10,121,6.0241,72.8916
9,167,36,10,121,5.9880,72.4551
10,168,36,11,121,6.5476,72.0238
11,169,37,11,121,6.5089,71.5976
12,174,41,12,121,6.8966,69.5402
13,175,41,13,121,7.4286,69.1429
14,175,41,13,121,7.4286,69.1429
15,180,46,13,121,7.2222,67.2222
16,183,49,14,120,7.6503,65.5738
17,183,49,14,120,7.6503,65.5738
18,184,50,14,120,7.6087,65.2174
19,188,54,14,120,7.4468,63.8298
20,191,57,14,120,7.3298,62.8272
21,191,61,4,126,2.0942,65.9686
22,198,68,4,126,2.0202,63.6364
23,202,72,4,126,1.9802,62.3762
24,204,74,4,126,1.9608,61.7647
25,207,77,4,126,1.9324,60.8696
26,208,78,4,126,1.9231,60.5769
27,213,83,4,126,1.8779,59.1549
28,216,86,4,126,1.8519,58.3333
29,218,88,4,126,1.8349,57.7982
30,219,88,5,126,2.2831,57.5342
31,220,88,5,127,2.2727,57.7273
32,224,92,4,128,1.7857,57.1429
33,225,93,3,129,1.3333,57.3333
34,228,96,3,129,1.3158,56.5789
35,229,97,3,129,1.3100,56.3319
36,233,101,3,129,1.2876,55.3648
37,239,107,2,130,0.8368,54.3933
38,239,107,2,130,0.8368,54.3933
39,243,111,2,130,0.8230,53.4979
40,245,113,2,130,0.8163,53.0612
41,245,112,3,130,1.2245,53.0612
42,244,112,3,129,1.2295,52.8689
43,246,114,3,129,1.2195,52.4390
44,246,114,3,129,1.2195,52.4390
45,249,117,3,129,1.2048,51.8072
46,249,117,3,129,1.2048,51.8072
47,253,121,3,129,1.1858,50.9881
48,256,124,3,129,1.1719,50.3906
49,259,127,3,129,1.1583,49.8069
50,259,128,3,128,1.1583,49.4208
51,262,131,2,129,0.7634,49.2366
52,264,252,1,11,0.3788,4.1667
53,265,253,1,11,0.3774,4.1509
54,268,256,1,11,0.3731,4.1045
55,269,257,1,11,0.3717,4.0892
56,269,257,1,11,0.3717,4.0892
57,272,260,1,11,0.3676,4.0441
58,272,260,1,11,0.3676,4.0441
59,273,261,1,11,0.3663,4.0293
60,280,267,2,11,0.7143,3.9286
61,281,269,1,11,0.3559,3.9146
62,283,271,1,11,0.3534,3.8869
63,287,275,1,11,0.3484,3.8328
64,287,275,1,11,0.3484,3.8328
65,287,275,1,11,0.3484,3.8328
66,289,277,1,11,0.3460,3.8062
67,296,284,1,11,0.3378,3.7162
68,299,287,1,11,0.3344,3.6789
69,298,286,1,11,0.3356,3.6913
70,298,286,1,11,0.3356,3.6913
71,298,286,1,11,0.3356,3.6913
72,300,288,1,11,0.3333,3.6667
73,300,293,1,6,0.3333,2.0000
74,299,292,1,6,0.3344,2.0067
75,305,298,1,6,0.3279,1.9672
76,305,298,1,6,0.3279,1.9672
77,305,297,2,6,0.6557,1.9672
78,305,296,3,6,0.9836,1.9672
79,305,296,3,6,0.9836,1.9672
80,305,296,3,6,0.9836,1.9672
81,305,296,2,7,0.6557,2.2951
82,305,296,2,7,0.6557,2.2951
83,305,297,2,6,0.6557,1.9672
84,305,298,2,5,0.6557,1.6393
85,305,299,2,4,0.6557,1.3115
86,305,299,2,4,0.6557,1.3115
87,305,298,3,4,0.9836,1.3115
88,305,298,3,4,0.9836,1.3115
89,305,299,3,3,0.9836,0.9836
90,304,297,4,3,1.3158,0.9868
91,304,296,5,3,1.6447,0.9868
92,304,296,5,3,1.6447,0.9868
93,304,296,5,3,1.6447,0.9868
94,304,295,6,3,1.9737,0.9868
95,304,294,7,3,2.3026,0.9868
96,304,292,9,3,2.9605,0.9868
97,304,292,9,3,2.9605,0.9868
98,304,291,9,4,2.9605,1.3158
99,303,290,9,4,2.9703,1.3201
100,303,289,10,4,3.3003,1.3201
101,303,286,13,4,4.2904,1.3201
102,303,283,16,4,5.2805,1.3201
103,303,282,18,3,5.9406,0.9901
104,303,282,19,2,6.2706,0.6601
105,303,281,20,2,6.6007,0.6601
106,303,279,22,2,7.2607,0.6601
107,303,278,23,2,7.5908,0.6601
108,302,275,24,3,7.9470,0.9934
109,301,267,31,3,10.2990,0.9967
110,301,267,31,3,10.2990,0.9967
111,301,264,33,4,10.9635,1.3289
112,301,262,34,5,11.2957,1.6611
113,301,259,37,5,12.2924,1.6611
114,301,256,40,5,13.2890,1.6611
115,300,252,43,5,14.3333,1.6667
116,299,251,42,6,14.0468,2.0067
117,301,252,43,6,14.2857,1.9934
118,301,244,50,7,16.6113,2.3256
119,301,243,51,7,16.9435,2.3256
120,300,237,56,7,18.6667,2.3333
121,298,235,56,7,18.7919,2.3490
122,300,235,57,8,19.0000,2.6667
123,299,230,58,11,19.3980,3.6789
124,300,227,62,11,20.6667,3.6667
125,300,225,63,12,21.0000,4.0000
126,299,221,65,13,21.7391,4.3478
127,299,217,68,14,22.7425,4.6823
128,300,207,79,14,26.3333,4.6667
129,300,204,77,19,25.6667,6.3333
130,299,197,80,22,26.7559,7.3579
131,299,192,84,23,28.0936,7.6923
132,300,190,87,23,29.0000,7.6667
133,297,181,93,23,31.3131,7.7441
134,299,175,97,27,32.4415,9.0301
135,299,165,105,29,35.1171,9.6990
136,300,160,110,30,36.6667,10.0000
137,298,149,119,30,39.9329,10.0671
138,300,143,122,35,40.6667,11.6667
139,300,133,128,39,42.6667,13.0000
140,299,127,130,42,43.4783,14.0468
141,297,124,130,43,43.7710,14.4781
142,297,115,136,46,45.7912,15.4882
143,296,111,136,49,45.9459,16.5541
144,298,110,134,54,44.9664,18.1208
145,299,108,135,56,45.1505,18.7291
146,298,107,134,57,44.9664,19.1275
147,299,102,137,60,45.8194,20.0669
148,301,99,134,68,44.5183,22.5914
149,300,95,133,72,44.3333,24.0000
150,300,90,136,74,45.3333,24.6667
151,298,87,128,83,42.9530,27.8523
152,302,86,132,84,43.7086,27.8146
153,301,81,131,89,43.5216,29.5681
154,299,78,125,96,41.8060,32.1070
155,298,76,118,104,39.5973,34.8993
156,296,75,111,110,37.5000,37.1622
157,294,72,104,118,35.3741,40.1361
158,291,67,99,125,34.0206,42.9553
159,287,65,90,132,31.3589,45.9930
160,285,64,87,134,30.5263,47.0175
161,286,62,87,137,30.4196,47.9021
162,284,62,82,140,28.8732,49.2958
163,285,67,73,145,25.6140,50.8772
164,289,70,71,148,24.5675,51.2111
165,289,69,69,151,23.8754,52.2491
166,290,66,69,155,23.7931,53.4483
167,290,65,65,160,22.4138,55.1724
168,290,66,62,162,21.3793,55.8621
169,291,66,58,167,19.9313,57.3883
170,294,71,55,168,18.7075,57.1429
171,296,74,48,174,16.2162,58.7838
172,297,76,47,174,15.8249,58.5859
173,299,77,43,179,14.3813,59.8662
174,299,80,39,180,13.0435,60.2007
175,300,85,37,178,12.3333,59.3333
176,298,85,34,179,11.4094,60.0671
177,302,90,32,180,10.5960,59.6026
178,298,89,29,180,9.7315,60.4027
179,302,94,26,182,8.6093,60.2649
180,301,93,26,182,8.6379,60.4651
181,300,98,22,180,7.3333,60.0000
182,299,100,21,178,7.0234,59.5318
183,300,101,22,177,7.3333,59.0000
184,300,101,21,178,7.0000,59.3333
185,300,101,21,178,7.0000,59.3333
186,298,105,18,175,6.0403,58.7248
187,299,108,15,176,5.0167,58.8629
188,300,109,16,175,5.3333,58.3333
189,297,109,12,176,4.0404,59.2593
190,298,115,11,172,3.6913,57.7181
191,299,120,11,168,3.6789,56.1873
192,301,125,10,166,3.3223,55.1495
193,301,126,8,167,2.6578,55.4817
194,301,128,9,164,2.9900,54.4850
195,301,131,9,161,2.9900,53.4884
196,300,136,8,156,2.6667,52.0000
197,300,137,9,154,3.0000,51.3333
198,300,138,7,155,2.3333,51.6667
199,300,141,7,152,2.3333,50.6667
200,299,148,5,146,1.6722,48.8294
201,301,154,5,142,1.6611,47.1761
202,301,157,5,139,1.6611,46.1794
203,301,166,5,130,1.6611,43.1894
204,301,167,4,130,1.3289,43.1894
205,301,172,4,125,1.3289,41.5282
206,301,178,4,119,1.3289,39.5349
207,301,186,4,111,1.3289,36.8771
208,300,192,3,105,1.0000,35.0000
209,300,200,3,97,1.0000,32.3333
210,300,207,3,90,1.0000,30.0000
211,300,214,3,83,1.0000,27.6667
212,300,218,3,79,1.0000,26.3333
213,300,221,3,76,1.0000,25.3333
214,300,223,3,74,1.0000,24.6667
215,300,229,2,69,0.6667,23.0000
216,300,233,2,65,0.6667,21.6667
217,300,235,3,62,1.0000,20.6667
218,300,239,2,59,0.6667,19.6667
219,300,244,2,54,0.6667,18.0000
220,300,247,2,51,0.6667,17.0000
221,300,252,2,46,0.6667,15.3333
222,300,254,2,44,0.6667,14.6667
223,300,260,2,38,0.6667,12.6667
224,300,260,3,37,1.0000,12.3333
225,300,264,4,32,1.3333,10.6667
226,300,264,6,30,2.0000,10.0000
227,300,264,6,30,2.0000,10.0000
228,300,263,8,29,2.6667,9.6667
229,300,265,8,27,2.6667,9.0000
230,300,266,8,26,2.6667,8.6667
231,300,268,9,23,3.0000,7.6667
232,300,266,11,23,3.6667,7.6667
233,300,268,11,21,3.6667,7.0000
234,300,267,12,21,4.0000,7.0000
235,300,266,13,21,4.3333,7.0000
236,300,266,14,20,4.6667,6.6667
237,299,266,14,19,4.6823,6.3545
238,300,265,18,17,6.0000,5.6667
239,299,263,22,14,7.3579,4.6823
240,301,264,23,14,7.6412,4.6512
241,301,261,28,12,9.3023,3.9867
242,301,262,28,11,9.3023,3.6545
243,301,256,34,11,11.2957,3.6545
244,301,247,43,11,14.2857,3.6545
245,301,244,47,10,15.6146,3.3223
246,301,241,49,11,16.2791,3.6545
247,299,236,52,11,17.3913,3.6789
248,303,238,54,11,17.8218,3.6304
249,303,234,56,13,18.4818,4.2904
250,303,227,65,11,21.4521,3.6304
251,303,221,70,12,23.1023,3.9604
252,303,215,77,11,25.4125,3.6304
253,303,208,82,13,27.0627,4.2904
254,302,204,85,13,28.1457,4.3046
255,302,195,94,13,31.1258,4.3046
256,302,187,101,14,33.4437,4.6358
257,302,178,110,14,36.4238,4.6358
258,302,172,115,15,38.0795,4.9669
259,301,167,114,20,37.8738,6.6445
260,301,159,121,21,40.1993,6.9767
261,300,150,125,25,41.6667,8.3333
262,300,143,131,26,43.6667,8.6667
263,299,133,136,30,45.4849,10.0334
264,300,127,139,34,46.3333,11.3333
265,297,121,137,39,46.1279,13.1313
266,299,111,145,43,48.4950,14.3813
267,300,105,150,45,50.0000,15.0000
268,297,99,151,47,50.8418,15.8249
269,297,98,149,50,50.1684,16.8350
270,298,96,146,56,48.9933,18.7919
271,295,88,146,61,49.4915,20.6780
272,294,86,143,65,48.6395,22.1088
273,294,80,145,69,49.3197,23.4694
274,293,77,141,75,48.1229,25.5973
275,294,74,141,79,47.9592,26.8707
276,292,74,132,86,45.2055,29.4521
277,291,72,126,93,43.2990,31.9588
278,290,72,119,99,41.0345,34.1379
279,291,72,118,101,40.5498,34.7079
280,286,68,113,105,39.5105,36.7133
281,288,63,114,111,39.5833,38.5417
282,287,62,106,119,36.9338,41.4634
283,287,60,98,129,34.1463,44.9477
284,291,62,91,138,31.2715,47.4227
285,293,65,88,140,30.0341,47.7816
286,293,60,86,147,29.3515,50.1706
287,295,65,76,154,25.7627,52.2034
288,297,68,70,159,23.5690,53.5354
289,297,67,68,162,22.8956,54.5455
290,298,68,66,164,22.1477,55.0336
291,299,71,59,169,19.7324,56.5217
292,301,70,57,174,18.9369,57.8073
293,300,69,54,177,18.0000,59.0000
294,299,67,49,183,16.3880,61.2040
295,297,67,45,185,15.1515,62.2896
296,299,66,47,186,15.7191,62.2074
297,297,65,46,186,15.4882,62.6263
298,301,67,49,185,16.2791,61.4618
299,301,66,49,186,16.2791,61.7940
300,300,64,47,189,15.6667,63.0000
301,300,65,41,194,13.6667,64.6667
302,298,64,39,195,13.0872,65.4362
303,303,67,41,195,13.5314,64.3564
304,303,67,38,198,12.5413,65.3465
305,303,67,39,197,12.8713,65.0165
306,301,66,38,197,12.6246,65.4485
307,300,66,32,202,10.6667,67.3333
308,299,65,32,202,10.7023,67.5585
309,305,70,32,203,10.4918,66.5574
310,305,72,32,201,10.4918,65.9016
311,305,76,33,196,10.8197,64.2623
312,305,75,34,196,11.1475,64.2623
313,305,79,32,194,10.4918,63.6066
314,305,79,32,194,10.4918,63.6066
315,303,82,31,190,10.2310,62.7063
316,302,86,28,188,9.2715,62.2517
317,302,89,29,184,9.6026,60.9272
318,302,92,25,185,8.2781,61.2583
319,300,92,25,183,8.3333,61.0000
320,300,94,23,183,7.6667,61.0000
321,300,97,21,182,7.0000,60.6667
322,300,103,22,175,7.3333,58.3333
323,300,108,19,173,6.3333,57.6667
324,299,111,19,169,6.3545,56.5217
325,300,116,18,166,6.0000,55.3333
326,300,121,18,161,6.0000,53.6667
327,300,125,17,158,5.6667,52.6667
328,300,132,14,154,4.6667,51.3333
329,300,138,14,148,4.6667,49.3333
330,300,143,15,142,5.0000,47.3333
331,300,143,17,140,5.6667,46.6667
332,300,145,18,137,6.0000,45.6667
333,300,149,19,132,6.3333,44.0000
334,300,157,19,124,6.3333,41.3333
335,300,166,19,115,6.3333,38.3333
336,300,174,19,107,6.3333,35.6667
337,300,176,19,105,6.3333,35.0000
338,300,180,20,100,6.6667,33.3333
339,298,185,19,94,6.3758,31.5436
340,299,191,19,89,6.3545,29.7659
341,300,194,20,86,6.6667,28.6667
342,299,193,22,84,7.3579,28.0936
343,302,196,27,79,8.9404,26.1589
344,302,199,28,75,9.2715,24.8344
345,302,202,28,72,9.2715,23.8411
346,302,206,30,66,9.9338,21.8543
347,302,207,30,65,9.9338,21.5232
348,302,205,33,64,10.9272,21.1921
349,302,202,36,64,11.9205,21.1921
350,302,202,37,63,12.2517,20.8609
351,302,197,40,65,13.2450,21.5232
352,300,198,41,61,13.6667,20.3333
353,298,203,41,54,13.7584,18.1208
354,302,203,45,54,14.9007,17.8808
355,302,198,51,53,16.8874,17.5497
356,302,197,54,51,17.8808,16.8874
357,302,194,57,51,18.8742,16.8874
358,301,192,57,52,18.9369,17.2757
359,301,192,62,47,20.5980,15.6146
360,300,192,63,45,21.0000,15.0000
361,299,186,68,45,22.7425,15.0502
362,299,183,70,46,23.4114,15.3846
363,301,180,71,50,23.5880,16.6113
364,301,176,71,54,23.5880,17.9402
365,301,173,76,52,25.2492,17.2757
366,301,169,80,52,26.5781,17.2757
367,301,164,84,53,27.9070,17.6080
368,299,160,87,52,29.0970,17.3913
369,300,158,88,54,29.3333,18.0000
370,300,155,93,52,31.0000,17.3333
371,299,153,90,56,30.1003,18.7291
372,302,155,91,56,30.1325,18.5430
373,301,155,89,57,29.5681,18.9369
374,301,150,92,59,30.5648,19.6013
375,300,146,94,60,31.3333,20.0000
376,299,141,92,66,30.7692,22.0736
377,300,140,92,68,30.6667,22.6667
378,298,138,91,69,30.5369,23.1544
379,298,139,90,69,30.2013,23.1544
380,299,136,94,69,31.4381,23.0769
381,300,130,100,70,33.3333,23.3333
382,297,124,100,73,33.6700,24.5791
383,297,124,99,74,33.3333,24.9158
384,300,121,100,79,33.3333,26.3333
385,298,117,101,80,33.8926,26.8456
386,298,116,96,86,32.2148,28.8591
387,302,118,95,89,31.4570,29.4702
388,300,115,93,92,31.0000,30.6667
389,297,108,96,93,32.3232,31.3131
390,297,108,93,96,31.3131,32.3232
391,300,104,96,100,32.0000,33.3333
392,299,101,96,102,32.1070,34.1137
393,302,101,96,105,31.7881,34.7682
394,301,98,96,107,31.8937,35.5482
395,301,94,93,114,30.8970,37.8738
396,299,91,91,117,30.4348,39.1304
397,299,86,91,122,30.4348,40.8027
398,302,85,94,123,31.1258,40.7285
399,302,83,93,126,30.7947,41.7219
400,302,79,92,131,30.4636,43.3775
401,299,78,87,134,29.0970,44.8161
402,301,79,83,139,27.5748,46.1794
403,300,78,82,140,27.3333,46.6667
404,297,75,78,144,26.2626,48.4848
405,298,74,78,146,26.1745,48.9933
406,297,74,76,147,25.5892,49.4949
407,298,72,76,150,25.5034,50.3356
408,299,73,75,151,25.0836,50.5017
409,301,75,72,154,23.9203,51.1628
410,301,76,66,159,21.9269,52.8239
411,300,75,63,162,21.0000,54.0000
412,298,73,59,166,19.7987,55.7047
413,301,76,58,167,19.2691,55.4817
414,299,76,56,167,18.7291,55.8528
415,300,78,53,169,17.6667,56.3333
416,300,79,55,166,18.3333,55.3333
417,297,77,51,169,17.1717,56.9024
418,300,81,50,169,16.6667,56.3333
419,300,78,49,173,16.3333,57.6667
420,300,78,48,174,16.0000,58.0000
421,299,80,44,175,14.7157,58.5284
422,301,82,43,176,14.2857,58.4718
423,300,87,40,173,13.3333,57.6667
424,299,87,40,172,13.3779,57.5251
425,303,95,36,172,11.8812,56.7657
426,302,97,34,171,11.2583,56.6225
427,302,101,32,169,10.5960,55.9603
428,302,107,30,165,9.9338,54.6358
429,301,109,28,164,9.3023,54.4850
430,301,110,28,163,9.3023,54.1528
431,300,111,26,163,8.6667,54.3333
432,299,114,24,161,8.0268,53.8462
433,304,120,25,159,8.2237,52.3026
434,304,122,24,158,7.8947,51.9737
435,304,122,25,157,8.2237,51.6447
436,303,126,24,153,7.9208,50.4950
437,303,128,21,154,6.9307,50.8251
438,303,134,18,151,5.9406,49.8350
439,303,138,16,149,5.2805,49.1749
440,302,142,14,146,4.6358,48.3444
441,301,142,13,146,4.3189,48.5050
442,301,147,12,142,3.9867,47.1761
443,301,149,13,139,4.3189,46.1794
444,300,149,14,137,4.6667,45.6667
445,299,151,14,134,4.6823,44.8161
446,300,153,15,132,5.0000,44.0000
447,300,158,17,125,5.6667,41.6667
448,300,160,19,121,6.3333,40.3333
449,300,162,22,116,7.3333,38.6667
450,300,163,21,116,7.0000,38.6667
451,300,165,22,113,7.3333,37.6667
452,300,168,24,108,8.0000,36.0000
453,299,172,23,104,7.6923,34.7826
454,306,184,23,99,7.5163,32.3529
455,306,188,21,97,6.8627,31.6993
456,306,190,22,94,7.1895,30.7190
457,304,191,21,92,6.9079,30.2632
458,304,192,22,90,7.2368,29.6053
459,304,195,22,87,7.2368,28.6184
460,304,194,25,85,8.2237,27.9605
461,304,196,27,81,8.8816,26.6447
462,304,198,31,75,10.1974,24.6711
463,303,197,33,73,10.8911,24.0924
464,303,199,33,71,10.8911,23.4323
465,303,194,40,69,13.2013,22.7723
466,302,190,44,68,14.5695,22.5166
467,301,193,44,64,14.6179,21.2625
468,301,192,45,64,14.9502,21.2625
469,301,190,48,63,15.9468,20.9302
470,301,185,52,64,17.2757,21.2625
471,301,185,56,60,18.6047,19.9336
472,301,187,54,60,17.9402,19.9336
473,301,185,59,57,19.6013,18.9369
474,301,186,61,54,20.2658,17.9402
475,301,181,68,52,22.5914,17.2757
476,300,178,71,51,23.6667,17.0000
477,300,172,79,49,26.3333,16.3333
478,299,165,86,48,28.7625,16.0535
479,300,165,88,47,29.3333,15.6667
480,300,163,91,46,30.3333,15.3333
481,300,158,95,47,31.6667,15.6667
482,299,154,98,47,32.7759,15.7191
483,300,152,97,51,32.3333,17.0000
484,299,143,104,52,34.7826,17.3913
485,300,138,107,55,35.6667,18.3333
486,300,132,110,58,36.6667,19.3333
487,300,128,111,61,37.0000,20.3333
488,300,124,115,61,38.3333,20.3333
489,300,115,124,61,41.3333,20.3333
490,299,114,120,65,40.1338,21.7391
491,298,108,122,68,40.9396,22.8188
492,300,108,125,67,41.6667,22.3333
493,298,104,128,66,42.9530,22.1477
494,297,99,130,68,43.7710,22.8956
495,299,96,134,69,44.8161,23.0769
496,299,93,133,73,44.4816,24.4147
497,303,94,132,77,43.5644,25.4125
498,299,89,125,85,41.8060,28.4281
499,298,88,122,88,40.9396,29.5302
500,301,87,123,91,40.8638,30.2326
501,300,85,122,93,40.6667,31.0000
502,296,86,113,97,38.1757,32.7703
503,298,87,112,99,37.5839,33.2215
504,298,84,106,108,35.5705,36.2416
505,298,82,104,112,34.8993,37.5839
506,299,79,103,117,34.4482,39.1304
507,300,78,100,122,33.3333,40.6667
508,299,76,98,125,32.7759,41.8060
509,299,73,95,131,31.7726,43.8127
510,298,68,92,138,30.8725,46.3087
511,298,68,88,142,29.5302,47.6510
512,299,71,81,147,27.0903,49.1639
513,299,68,82,149,27.4247,49.8328
514,299,69,79,151,26.4214,50.5017
515,298,71,70,157,23.4899,52.6846
516,303,75,67,161,22.1122,53.1353
517,303,75,63,165,20.7921,54.4554
518,303,74,61,168,20.1320,55.4455
519,303,74,57,172,18.8119,56.7657
520,302,75,56,171,18.5430,56.6225
521,301,75,53,173,17.6080,57.4751
522,301,76,54,171,17.9402,56.8106
523,300,73,56,171,18.6667,57.0000
524,297,71,55,171,18.5185,57.5758
525,301,78,51,172,16.9435,57.1429
526,301,76,50,175,16.6113,58.1395
527,300,73,46,181,15.3333,60.3333
528,299,70,46,183,15.3846,61.2040
529,300,71,44,185,14.6667,61.6667
530,298,71,39,188,13.0872,63.0872
531,302,76,36,190,11.9205,62.9139
532,302,75,37,190,12.2517,62.9139
533,301,76,34,191,11.2957,63.4551
534,301,76,33,192,10.9635,63.7874
535,301,80,35,186,11.6279,61.7940
536,301,81,35,185,11.6279,61.4618
537,300,83,33,184,11.0000,61.3333
538,300,88,33,179,11.0000,59.6667
539,299,91,32,176,10.7023,58.8629
540,300,92,33,175,11.0000,58.3333
541,300,93,35,172,11.6667,57.3333
542,300,100,33,167,11.0000,55.6667
543,300,101,35,164,11.6667,54.6667
544,300,98,34,168,11.3333,56.0000
545,299,96,33,170,11.0368,56.8562
546,300,99,33,168,11.0000,56.0000
547,300,101,31,168,10.3333,56.0000
548,300,105,28,167,9.3333,55.6667
549,299,108,26,165,8.6957,55.1839
550,300,114,29,157,9.6667,52.3333
551,300,117,29,154,9.6667,51.3333
552,299,118,30,151,10.0334,50.5017
553,301,121,29,151,9.6346,50.1661
554,300,125,28,147,9.3333,49.0000
555,299,126,29,144,9.6990,48.1605
556,301,136,28,137,9.3023,45.5150
557,301,138,30,133,9.9668,44.1860
558,301,141,31,129,10.2990,42.8571
559,300,147,30,123,10.0000,41.0000
560,299,148,31,120,10.3679,40.1338
561,304,158,32,114,10.5263,37.5000
562,304,165,31,108,10.1974,35.5263
563,304,166,34,104,11.1842,34.2105
564,303,169,31,103,10.2310,33.9934
565,302,171,29,102,9.6026,33.7748
566,302,171,30,101,9.9338,33.4437
567,302,174,33,95,10.9272,31.4570
568,302,178,35,89,11.5894,29.4702
569,301,181,35,85,11.6279,28.2392
570,301,184,34,83,11.2957,27.5748
571,300,186,36,78,12.0000,26.0000
572,298,184,36,78,12.0805,26.1745
573,301,190,35,76,11.6279,25.2492
574,301,188,37,76,12.2924,25.2492
575,301,186,38,77,12.6246,25.5814
576,300,186,39,75,13.0000,25.0000
577,299,184,40,75,13.3779,25.0836
578,300,185,42,73,14.0000,24.3333
579,300,189,44,67,14.6667,22.3333
580,300,188,46,66,15.3333,22.0000
581,298,189,44,65,14.7651,21.8121
582,301,192,47,62,15.6146,20.5980
583,300,191,48,61,16.0000,20.3333
584,300,190,50,60,16.6667,20.0000
585,299,191,51,57,17.0569,19.0635
586,304,194,52,58,17.1053,19.0789
587,304,190,55,59,18.0921,19.4079
588,302,187,55,60,18.2119,19.8675
589,302,184,59,59,19.5364,19.5364
590,302,176,66,60,21.8543,19.8675
591,302,174,68,60,22.5166,19.8675
592,301,169,69,63,22.9236,20.9302
593,300,165,72,63,24.0000,21.0000
594,300,163,76,61,25.3333,20.3333
595,299,158,81,60,27.0903,20.0669
596,300,155,86,59,28.6667,19.6667
597,300,153,86,61,28.6667,20.3333
598,300,146,89,65,29.6667,21.6667
599,300,143,92,65,30.6667,21.6667
600,300,142,94,64,31.3333,21.3333
601,299,139,96,64,32.1070,21.4047
602,299,137,96,66,32.1070,22.0736
603,298,132,97,69,32.5503,23.1544
604,300,126,104,70,34.6667,23.3333
605,298,126,103,69,34.5638,23.1544
606,300,124,107,69,35.6667,23.0000
607,298,120,107,71,35.9060,23.8255
608,297,118,108,71,36.3636,23.9057
609,298,117,106,75,35.5705,25.1678
610,296,113,104,79,35.1351,26.6892
611,301,113,105,83,34.8837,27.5748
612,301,110,105,86,34.8837,28.5714
613,300,104,105,91,35.0000,30.3333
614,300,101,104,95,34.6667,31.6667
615,298,99,101,98,33.8926,32.8859
616,296,97,99,100,33.4459,33.7838
617,298,99,97,102,32.5503,34.2282
618,297,95,99,103,33.3333,34.6801
619,296,91,97,108,32.7703,36.4865
620,296,86,100,110,33.7838,37.1622
621,299,85,97,117,32.4415,39.1304
622,300,84,98,118,32.6667,39.3333
623,299,82,98,119,32.7759,39.7993
624,298,81,92,125,30.8725,41.9463
625,299,84,87,128,29.0970,42.8094
626,301,86,84,131,27.9070,43.5216
627,301,84,83,134,27.5748,44.5183
628,299,82,81,136,27.0903,45.4849
629,300,85,78,137,26.0000,45.6667
630,298,80,79,139,26.5101,46.6443
631,298,76,80,142,26.8456,47.6510
632,297,75,78,144,26.2626,48.4848
633,299,75,78,146,26.0870,48.8294
634,303,78,76,149,25.0825,49.1749
635,302,77,75,150,24.8344,49.6689
636,300,74,75,151,25.0000,50.3333
637,296,74,70,152,23.6486,51.3514
638,298,74,71,153,23.8255,51.3423
639,303,81,67,155,22.1122,51.1551
640,299,79,63,157,21.0702,52.5084
641,297,79,60,158,20.2020,53.1987
642,298,76,63,159,21.1409,53.3557
643,298,77,58,163,19.4631,54.6980
644,299,80,58,161,19.3980,53.8462
645,302,79,60,163,19.8675,53.9735
646,302,78,60,164,19.8675,54.3046
647,302,77,61,164,20.1987,54.3046
648,301,80,58,163,19.2691,54.1528
649,301,84,56,161,18.6047,53.4884
650,300,87,56,157,18.6667,52.3333
651,299,88,48,163,16.0535,54.5151
652,302,92,47,163,15.5629,53.9735
653,300,94,43,163,14.3333,54.3333
654,299,96,40,163,13.3779,54.5151
655,299,99,39,161,13.0435,53.8462
656,300,98,38,164,12.6667,54.6667
657,298,97,37,164,12.4161,55.0336
658,302,100,35,167,11.5894,55.2980
659,302,101,36,165,11.9205,54.6358
660,302,102,36,164,11.9205,54.3046
661,301,104,35,162,11.6279,53.8206
662,298,109,31,158,10.4027,53.0201
663,297,113,28,156,9.4276,52.5253
664,297,116,28,153,9.4276,51.5152
665,299,124,23,152,7.6923,50.8361
666,301,130,24,147,7.9734,48.8372
667,301,133,22,146,7.3090,48.5050
668,301,138,22,141,7.3090,46.8439
669,301,140,23,138,7.6412,45.8472
670,301,140,26,135,8.6379,44.8505
671,300,145,24,131,8.0000,43.6667
672,300,146,24,130,8.0000,43.3333
673,300,152,24,124,8.0000,41.3333
674,300,152,26,122,8.6667,40.6667
675,300,154,26,120,8.6667,40.0000
676,299,158,25,116,8.3612,38.7960
677,305,167,27,111,8.8525,36.3934
678,305,167,27,111,8.8525,36.3934
679,305,168,29,108,9.5082,35.4098
680,304,168,30,106,9.8684,34.8684
681,303,168,30,105,9.9010,34.6535
682,303,170,31,102,10.2310,33.6634
683,303,169,34,100,11.2211,33.0033
684,303,166,39,98,12.8713,32.3432
685,302,166,42,94,13.9073,31.1258
686,302,161,50,91,16.5563,30.1325
687,302,158,55,89,18.2119,29.4702
688,302,157,57,88,18.8742,29.1391
689,301,154,60,87,19.9336,28.9037
690,299,153,62,84,20.7358,28.0936
691,301,150,69,82,22.9236,27.2425
692,301,148,75,78,24.9169,25.9136
693,301,143,81,77,26.9103,25.5814
694,301,139,86,76,28.5714,25.2492
695,300,140,88,72,29.3333,24.0000
696,300,139,90,71,30.0000,23.6667
697,299,134,95,70,31.7726,23.4114
698,303,134,96,73,31.6832,24.0924
699,303,130,99,74,32.6733,24.4224
700,303,121,108,74,35.6436,24.4224
701,301,118,109,74,36.2126,24.5847
702,301,113,114,74,37.8738,24.5847
703,301,117,115,69,38.2060,22.9236
704,299,113,115,71,38.4615,23.7458
705,301,113,116,72,38.5382,23.9203
706,299,110,114,75,38.1271,25.0836
707,301,110,112,79,37.2093,26.2458
708,300,105,117,78,39.0000,26.0000
709,298,100,120,78,40.2685,26.1745
710,299,98,124,77,41.4716,25.7525
711,299,97,118,84,39.4649,28.0936
712,302,99,115,88,38.0795,29.1391
713,302,94,116,92,38.4106,30.4636
714,299,87,117,95,39.1304,31.7726
715,298,84,117,97,39.2617,32.5503
716,299,84,117,98,39.1304,32.7759
717,300,87,113,100,37.6667,33.3333
718,299,83,112,104,37.4582,34.7826
719,301,86,108,107,35.8804,35.5482
720,298,82,107,109,35.9060,36.5772
721,300,77,106,117,35.3333,39.0000
722,298,69,108,121,36.2416,40.6040
723,300,70,108,122,36.0000,40.6667
724,298,68,106,124,35.5705,41.6107
725,298,63,107,128,35.9060,42.9530
726,298,66,100,132,33.5570,44.2953
727,298,61,103,134,34.5638,44.9664
728,301,66,100,135,33.2226,44.8505
729,297,63,92,142,30.9764,47.8114
730,295,65,88,142,29.8305,48.1356
731,297,65,88,144,29.6296,48.4848
732,297,62,88,147,29.6296,49.4949
733,295,61,88,146,29.8305,49.4915
734,295,59,83,153,28.1356,51.8644
735,295,61,77,157,26.1017,53.2203
736,297,64,74,159,24.9158,53.5354
737,299,65,74,160,24.7492,53.5117
738,303,67,73,163,24.0924,53.7954
739,300,65,73,162,24.3333,54.0000
740,300,63,72,165,24.0000,55.0000
741,298,61,67,170,22.4832,57.0470
742,299,62,63,174,21.0702,58.1940
743,297,59,60,178,20.2020,59.9327
744,295,60,56,179,18.9831,60.6780
745,295,64,50,181,16.9492,61.3559
746,299,69,49,181,16.3880,60.5351
747,302,72,49,181,16.2252,59.9338
748,301,72,47,182,15.6146,60.4651
749,300,73,44,183,14.6667,61.0000
750,299,77,42,180,14.0468,60.2007
751,299,81,37,181,12.3746,60.5351
752,302,83,37,182,12.2517,60.2649
753,301,85,36,180,11.9601,59.8007
754,301,81,37,183,12.2924,60.7973
755,300,83,36,181,12.0000,60.3333
756,300,87,33,180,11.0000,60.0000
757,300,90,32,178,10.6667,59.3333
758,299,93,30,176,10.0334,58.8629
759,301,99,28,174,9.3023,57.8073
760,301,101,28,172,9.3023,57.1429
761,301,102,27,172,8.9701,57.1429
762,300,104,24,172,8.0000,57.3333
763,300,112,20,168,6.6667,56.0000
764,300,116,20,164,6.6667,54.6667
765,299,120,21,158,7.0234,52.8428
766,302,128,20,154,6.6225,50.9934
767,301,130,21,150,6.9767,49.8339
768,301,131,21,149,6.9767,49.5017
769,301,137,20,144,6.6445,47.8405
770,301,139,22,140,7.3090,46.5116
771,301,142,24,135,7.9734,44.8505
772,300,143,25,132,8.3333,44.0000
773,299,148,26,125,8.6957,41.8060
774,300,150,28,122,9.3333,40.6667
775,297,152,26,119,8.7542,40.0673
776,299,154,28,117,9.3645,39.1304
777,300,157,31,112,10.3333,37.3333
778,300,161,31,108,10.3333,36.0000
779,299,155,37,107,12.3746,35.7860
780,299,151,42,106,14.0468,35.4515
781,302,160,43,99,14.2384,32.7815
782,302,160,45,97,14.9007,32.1192
783,302,160,49,93,16.2252,30.7947
784,302,162,49,91,16.2252,30.1325
785,302,159,52,91,17.2185,30.1325
786,302,160,57,85,18.8742,28.1457
787,302,161,59,82,19.5364,27.1523
788,302,158,65,79,21.5232,26.1589
789,302,152,71,79,23.5099,26.1589
790,302,152,74,76,24.5033,25.1656
791,301,150,73,78,24.2525,25.9136
792,300,150,73,77,24.3333,25.6667
793,299,149,78,72,26.0870,24.0803
794,299,148,80,71,26.7559,23.7458
795,302,154,81,67,26.8212,22.1854
796,301,149,86,66,28.5714,21.9269
797,299,141,94,64,31.4381,21.4047
798,301,140,97,64,32.2259,21.2625
799,301,139,93,69,30.8970,22.9236
800,301,138,92,71,30.5648,23.5880
801,300,133,94,73,31.3333,24.3333
802,299,127,98,74,32.7759,24.7492
803,298,120,103,75,34.5638,25.1678
804,300,120,108,72,36.0000,24.0000
805,300,111,115,74,38.3333,24.6667
806,300,110,113,77,37.6667,25.6667
807,300,105,116,79,38.6667,26.3333
808,299,103,115,81,38.4615,27.0903
809,298,98,117,83,39.2617,27.8523
810,297,93,119,85,40.0673,28.6195
811,298,90,125,83,41.9463,27.8523
812,297,86,127,84,42.7609,28.2828
813,297,85,125,87,42.0875,29.2929
814,295,86,118,91,40.0000,30.8475
815,297,89,121,87,40.7407,29.2929
816,298,83,124,91,41.6107,30.5369
817,301,81,123,97,40.8638,32.2259
818,299,76,120,103,40.1338,34.4482
819,299,73,119,107,39.7993,35.7860
820,300,72,119,109,39.6667,36.3333
821,300,70,119,111,39.6667,37.0000
822,297,66,114,117,38.3838,39.3939
823,297,63,111,123,37.3737,41.4141
824,298,63,105,130,35.2349,43.6242
825,298,62,102,134,34.2282,44.9664
826,299,63,97,139,32.4415,46.4883
827,298,62,95,141,31.8792,47.3154
828,297,61,91,145,30.6397,48.8215
829,298,64,84,150,28.1879,50.3356
830,297,64,76,157,25.5892,52.8620
831,297,63,74,160,24.9158,53.8721
832,298,69,65,164,21.8121,55.0336
833,300,71,63,166,21.0000,55.3333
834,300,72,60,168,20.0000,56.0000
835,299,69,60,170,20.0669,56.8562
836,296,68,54,174,18.2432,58.7838
837,297,70,48,179,16.1616,60.2694
838,297,70,45,182,15.1515,61.2795
839,297,74,42,181,14.1414,60.9428
840,297,76,37,184,12.4579,61.9529
841,299,75,39,185,13.0435,61.8729
842,299,75,37,187,12.3746,62.5418
843,300,79,34,187,11.3333,62.3333
844,299,80,31,188,10.3679,62.8763
845,298,79,31,188,10.4027,63.0872
846,300,86,26,188,8.6667,62.6667
847,300,84,28,188,9.3333,62.6667
848,300,82,28,190,9.3333,63.3333
849,299,82,27,190,9.0301,63.5452
850,303,84,30,189,9.9010,62.3762
851,302,89,29,184,9.6026,60.9272
852,301,91,30,180,9.9668,59.8007
853,301,95,29,177,9.6346,58.8040
854,301,94,32,175,10.6312,58.1395
855,301,96,33,172,10.9635,57.1429
856,300,94,33,173,11.0000,57.6667
857,298,93,34,171,11.4094,57.3826
858,300,102,34,164,11.3333,54.6667
859,299,105,32,162,10.7023,54.1806
860,301,112,31,158,10.2990,52.4917
861,301,114,31,156,10.2990,51.8272
862,299,118,28,153,9.3645,51.1706
863,300,120,27,153,9.0000,51.0000
864,300,121,28,151,9.3333,50.3333
865,300,125,26,149,8.6667,49.6667
866,300,131,26,143,8.6667,47.6667
867,300,131,25,144,8.3333,48.0000
868,299,133,24,142,8.0268,47.4916
869,304,143,24,137,7.8947,45.0658
870,304,148,24,132,7.8947,43.4211
871,304,151,23,130,7.5658,42.7632
872,303,153,22,128,7.2607,42.2442
873,303,154,23,126,7.5908,41.5842
874,302,159,22,121,7.2848,40.0662
875,302,164,22,116,7.2848,38.4106
876,302,170,21,111,6.9536,36.7550
877,302,172,20,110,6.6225,36.4238
878,301,176,20,105,6.6445,34.8837
879,301,178,20,103,6.6445,34.2193
880,301,181,22,98,7.3090,32.5581
881,301,186,21,94,6.9767,31.2292
882,301,191,22,88,7.3090,29.2359
883,301,192,25,84,8.3056,27.9070
884,300,197,25,78,8.3333,26.0000
885,300,198,26,76,8.6667,25.3333
886,300,198,28,74,9.3333,24.6667
887,300,187,41,72,13.6667,24.0000
888,300,189,43,68,14.3333,22.6667
889,299,193,42,64,14.0468,21.4047
890,302,195,47,60,15.5629,19.8675
891,302,187,56,59,18.5430,19.5364
892,302,186,59,57,19.5364,18.8742
893,302,182,64,56,21.1921,18.5430
894,301,183,63,55,20.9302,18.2724
895,301,183,63,55,20.9302,18.2724
896,301,179,69,53,22.9236,17.6080
897,301,175,72,54,23.9203,17.9402
898,301,166,85,50,28.2392,16.6113
899,300,163,87,50,29.0000,16.6667
900,300,160,91,49,30.3333,16.3333
901,300,152,99,49,33.0000,16.3333
902,300,143,108,49,36.0000,16.3333
903,298,136,112,50,37.5839,16.7785
904,301,135,115,51,38.2060,16.9435
905,301,134,116,51,38.5382,16.9435
906,300,130,117,53,39.0000,17.6667
907,300,127,114,59,38.0000,19.6667
908,298,120,114,64,38.2550,21.4765
909,298,117,115,66,38.5906,22.1477
910,297,111,116,70,39.0572,23.5690
911,297,111,111,75,37.3737,25.2525
912,295,106,112,77,37.9661,26.1017
913,296,104,112,80,37.8378,27.0270
914,295,101,114,80,38.6441,27.1186
915,296,96,120,80,40.5405,27.0270
916,301,92,125,84,41.5282,27.9070
917,298,88,123,87,41.2752,29.1946
918,299,86,122,91,40.8027,30.4348
919,299,80,123,96,41.1371,32.1070
920,297,79,124,94,41.7508,31.6498
921,295,76,122,97,41.3559,32.8814
922,293,71,119,103,40.6143,35.1536
923,293,69,115,109,39.2491,37.2014
924,293,67,115,111,39.2491,37.8840
925,297,66,118,113,39.7306,38.0471
926,299,67,119,113,39.7993,37.7926
927,301,66,118,117,39.2027,38.8704
928,301,65,117,119,38.8704,39.5349
929,299,64,115,120,38.4615,40.1338
930,296,59,114,123,38.5135,41.5541
931,294,52,117,125,39.7959,42.5170
932,294,51,115,128,39.1156,43.5374
933,293,48,112,133,38.2253,45.3925
934,297,52,110,135,37.0370,45.4545
935,295,51,107,137,36.2712,46.4407
936,295,52,96,147,32.5424,49.8305
937,297,51,93,153,31.3131,51.5152
938,295,52,89,154,30.1695,52.2034
939,292,53,79,160,27.0548,54.7945
940,294,58,73,163,24.8299,55.4422
941,295,59,71,165,24.0678,55.9322
942,295,59,68,168,23.0508,56.9492
943,296,59,59,178,19.9324,60.1351
944,298,60,58,180,19.4631,60.4027
945,297,60,54,183,18.1818,61.6162
946,298,63,51,184,17.1141,61.7450
947,301,68,48,185,15.9468,61.4618
948,301,67,48,186,15.9468,61.7940
949,300,68,45,187,15.0000,62.3333
950,296,67,38,191,12.8378,64.5270
951,301,72,37,192,12.2924,63.7874
952,300,71,32,197,10.6667,65.6667
953,299,71,30,198,10.0334,66.2207
954,299,74,27,198,9.0301,66.2207
955,305,81,27,197,8.8525,64.5902
956,304,80,27,197,8.8816,64.8026
957,303,81,24,198,7.9208,65.3465
958,303,82,25,196,8.2508,64.6865
959,303,85,28,190,9.2409,62.7063
960,303,90,29,184,9.5710,60.7261
961,303,90,30,183,9.9010,60.3960
962,303,89,34,180,11.2211,59.4059
963,303,92,35,176,11.5512,58.0858
964,303,94,33,176,10.8911,58.0858
965,303,95,36,172,11.8812,56.7657
966,302,93,36,173,11.9205,57.2848
967,302,91,39,172,12.9139,56.9536
968,302,95,37,170,12.2517,56.2914
969,302,98,39,165,12.9139,54.6358
970,302,101,39,162,12.9139,53.6424
971,302,107,38,157,12.5828,51.9868
972,302,108,37,157,12.2517,51.9868
973,302,110,38,154,12.5828,50.9934
974,301,116,38,147,12.6246,48.8372
975,301,124,37,140,12.2924,46.5116
976,301,123,41,137,13.6213,45.5150
977,301,124,41,136,13.6213,45.1827
978,301,120,46,135,15.2824,44.8505
979,300,122,48,130,16.0000,43.3333
980,299,125,45,129,15.0502,43.1438
981,299,126,47,126,15.7191,42.1405
982,299,129,43,127,14.3813,42.4749
983,299,126,47,126,15.7191,42.1405
984,303,132,47,124,15.5116,40.9241
985,302,136,47,119,15.5629,39.4040
986,302,136,48,118,15.8940,39.0728
987,302,136,45,121,14.9007,40.0662
988,302,143,47,112,15.5629,37.0861
989,302,145,50,107,16.5563,35.4305
990,302,145,49,108,16.2252,35.7616
991,302,149,51,102,16.8874,33.7748
992,302,151,53,98,17.5497,32.4503
993,301,151,56,94,18.6047,31.2292
994,301,146,63,92,20.9302,30.5648
995,300,149,69,82,23.0000,27.3333
996,300,144,75,81,25.0000,27.0000
997,299,145,76,78,25.4181,26.0870
998,303,147,77,79,25.4125,26.0726
999,302,144,78,80,25.8278,26.4901
1000,300,143,78,79,26.0000,26.3333
1001,300,142,81,77,27.0000,25.6667
1002,300,136,87,77,29.0000,25.6667
1003,300,131,89,80,29.6667,26.6667
1004,298,131,91,76,30.5369,25.5034
1005,300,129,96,75,32.0000,25.0000
1006,300,124,98,78,32.6667,26.0000
1007,298,120,99,79,33.2215,26.5101
1008,299,120,99,80,33.1104,26.7559
1009,300,122,98,80,32.6667,26.6667
1010,299,119,100,80,33.4448,26.7559
1011,303,122,99,82,32.6733,27.0627
1012,303,117,104,82,34.3234,27.0627
1013,303,109,109,85,35.9736,28.0528
1014,303,104,110,89,36.3036,29.3729
1015,302,100,109,93,36.0927,30.7947
1016,301,99,106,96,35.2159,31.8937
1017,299,92,107,100,35.7860,33.4448
1018,301,93,107,101,35.5482,33.5548
1019,300,87,109,104,36.3333,34.6667
1020,297,87,105,105,35.3535,35.3535
1021,299,86,107,106,35.7860,35.4515
1022,297,85,102,110,34.3434,37.0370
1023,300,90,93,117,31.0000,39.0000
1024,300,88,91,121,30.3333,40.3333
1025,298,86,89,123,29.8658,41.2752
1026,298,81,89,128,29.8658,42.9530
1027,297,78,86,133,28.9562,44.7811
1028,297,75,86,136,28.9562,45.7912
1029,300,77,89,134,29.6667,44.6667
1030,300,75,87,138,29.0000,46.0000
1031,300,72,89,139,29.6667,46.3333
1032,300,74,84,142,28.0000,47.3333
1033,299,73,80,146,26.7559,48.8294
1034,299,76,76,147,25.4181,49.1639
1035,298,77,70,151,23.4899,50.6711
1036,300,78,70,152,23.3333,50.6667
1037,298,77,65,156,21.8121,52.3490
1038,298,76,63,159,21.1409,53.3557
1039,299,84,57,158,19.0635,52.8428
1040,298,84,55,159,18.4564,53.3557
1041,299,84,55,160,18.3946,53.5117
1042,301,86,56,159,18.6047,52.8239
1043,301,84,55,162,18.2724,53.8206
1044,300,79,57,164,19.0000,54.6667
1045,300,76,58,166,19.3333,55.3333
1046,299,76,54,169,18.0602,56.5217
1047,301,79,48,174,15.9468,57.8073
1048,301,80,46,175,15.2824,58.1395
1049,301,80,44,177,14.6179,58.8040
1050,300,82,42,176,14.0000,58.6667
1051,300,85,41,174,13.6667,58.0000
1052,300,85,40,175,13.3333,58.3333
1053,299,84,40,175,13.3779,58.5284
1054,299,89,38,172,12.7090,57.5251
1055,304,99,35,170,11.5132,55.9211
1056,304,100,36,168,11.8421,55.2632
1057,303,99,36,168,11.8812,55.4455
1058,303,100,35,168,11.5512,55.4455
1059,301,101,33,167,10.9635,55.4817
1060,300,99,35,166,11.6667,55.3333
1061,299,99,36,164,12.0401,54.8495
1062,301,101,34,166,11.2957,55.1495
1063,301,102,33,166,10.9635,55.1495
1064,299,100,31,168,10.3679,56.1873
1065,303,107,31,165,10.2310,54.4554
1066,301,109,30,162,9.9668,53.8206
1067,301,114,31,156,10.2990,51.8272
1068,301,118,33,150,10.9635,49.8339
1069,301,121,33,147,10.9635,48.8372
1070,301,123,34,144,11.2957,47.8405
1071,301,124,35,142,11.6279,47.1761
1072,301,124,37,140,12.2924,46.5116
1073,300,123,37,140,12.3333,46.6667
1074,299,128,36,135,12.0401,45.1505
1075,300,136,37,127,12.3333,42.3333
1076,300,140,36,124,12.0000,41.3333
1077,300,141,37,122,12.3333,40.6667
1078,300,146,34,120,11.3333,40.0000
1079,300,148,38,114,12.6667,38.0000
1080,300,149,37,114,12.3333,38.0000
1081,299,147,36,116,12.0401,38.7960
1082,302,149,40,113,13.2450,37.4172
1083,301,144,45,112,14.9502,37.2093
1084,301,150,43,108,14.2857,35.8804
1085,301,154,41,106,13.6213,35.2159
1086,301,156,42,103,13.9535,34.2193
1087,301,158,45,98,14.9502,32.5581
1088,301,156,47,98,15.6146,32.5581
1089,301,159,47,95,15.6146,31.5615
1090,301,161,49,91,16.2791,30.2326
1091,300,161,50,89,16.6667,29.6667
1092,300,156,56,88,18.6667,29.3333
1093,299,156,55,88,18.3946,29.4314
1094,300,156,56,88,18.6667,29.3333
1095,299,152,62,85,20.7358,28.4281
1096,301,155,63,83,20.9302,27.5748
1097,301,150,68,83,22.5914,27.5748
1098,301,151,71,79,23.5880,26.2458
1099,301,152,74,75,24.5847,24.9169
1100,300,150,75,75,25.0000,25.0000
1101,299,146,79,74,26.4214,24.7492
1102,300,141,86,73,28.6667,24.3333
1103,298,134,87,77,29.1946,25.8389
1104,298,136,86,76,28.8591,25.5034
1105,300,136,89,75,29.6667,25.0000
1106,300,131,93,76,31.0000,25.3333
1107,298,130,92,76,30.8725,25.5034
1108,300,126,97,77,32.3333,25.6667
1109,300,126,94,80,31.3333,26.6667
1110,300,123,99,78,33.0000,26.0000
1111,298,120,100,78,33.5570,26.1745
1112,296,119,97,80,32.7703,27.0270
1113,296,112,103,81,34.7973,27.3649
1114,298,114,103,81,34.5638,27.1812
1115,300,115,103,82,34.3333,27.3333
1116,299,112,104,83,34.7826,27.7592
1117,298,109,104,85,34.8993,28.5235
1118,302,112,103,87,34.1060,28.8079
1119,302,107,105,90,34.7682,29.8013
1120,300,102,104,94,34.6667,31.3333
1121,300,98,104,98,34.6667,32.6667
1122,298,94,101,103,33.8926,34.5638
1123,296,89,99,108,33.4459,36.4865
1124,297,89,98,110,32.9966,37.0370
1125,298,88,98,112,32.8859,37.5839
1126,301,91,96,114,31.8937,37.8738
1127,301,86,97,118,32.2259,39.2027
1128,300,85,96,119,32.0000,39.6667
1129,299,80,96,123,32.1070,41.1371
1130,303,82,98,123,32.3432,40.5941
1131,301,79,96,126,31.8937,41.8605
1132,301,81,94,126,31.2292,41.8605
1133,300,77,89,134,29.6667,44.6667
1134,300,76,88,136,29.3333,45.3333
1135,299,74,86,139,28.7625,46.4883
1136,301,77,83,141,27.5748,46.8439
1137,297,77,80,140,26.9360,47.1380
1138,300,80,81,139,27.0000,46.3333
1139,298,78,79,141,26.5101,47.3154
1140,300,82,74,144,24.6667,48.0000
1141,298,80,71,147,23.8255,49.3289
1142,301,83,69,149,22.9236,49.5017
1143,300,82,67,151,22.3333,50.3333
1144,299,83,61,155,20.4013,51.8395
1145,301,86,61,154,20.2658,51.1628
1146,300,87,56,157,18.6667,52.3333
1147,300,85,54,161,18.0000,53.6667
1148,297,83,53,161,17.8451,54.2088
1149,299,82,52,165,17.3913,55.1839
1150,301,83,51,167,16.9435,55.4817
1151,301,80,49,172,16.2791,57.1429
1152,300,81,50,169,16.6667,56.3333
1153,300,82,47,171,15.6667,57.0000
1154,299,82,44,173,14.7157,57.8595
1155,301,88,45,168,14.9502,55.8140
1156,301,88,43,170,14.2857,56.4784
1157,300,86,43,171,14.3333,57.0000
1158,296,87,39,170,13.1757,57.4324
1159,295,86,42,167,14.2373,56.6102
1160,297,89,40,168,13.4680,56.5657
1161,297,94,38,165,12.7946,55.5556
1162,299,96,35,168,11.7057,56.1873
1163,300,98,35,167,11.6667,55.6667
1164,299,99,35,165,11.7057,55.1839
1165,305,104,37,164,12.1311,53.7705
1166,304,105,37,162,12.1711,53.2895
1167,304,108,36,160,11.8421,52.6316
1168,304,110,35,159,11.5132,52.3026
1169,304,111,34,159,11.1842,52.3026
1170,304,114,33,157,10.8553,51.6447
1171,304,114,33,157,10.8553,51.6447
1172,302,117,30,155,9.9338,51.3245
1173,302,120,31,151,10.2649,50.0000
1174,302,125,31,146,10.2649,48.3444
1175,301,129,32,140,10.6312,46.5116
1176,301,130,33,138,10.9635,45.8472
1177,298,132,31,135,10.4027,45.3020
1178,300,136,32,132,10.6667,44.0000
1179,299,140,30,129,10.0334,43.1438
1180,302,146,28,128,9.2715,42.3841
1181,302,150,29,123,9.6026,40.7285
1182,302,151,31,120,10.2649,39.7351
1183,302,153,30,119,9.9338,39.4040
1184,302,155,30,117,9.9338,38.7417
1185,301,165,28,108,9.3023,35.8804
1186,301,164,29,108,9.6346,35.8804
1187,301,166,30,105,9.9668,34.8837
1188,301,167,32,102,10.6312,33.8870
1189,300,166,34,100,11.3333,33.3333
1190,299,168,30,101,10.0334,33.7793
1191,304,170,35,99,11.5132,32.5658
1192,302,171,36,95,11.9205,31.4570
1193,302,174,36,92,11.9205,30.4636
1194,302,176,36,90,11.9205,29.8013
1195,302,176,38,88,12.5828,29.1391
1196,302,178,39,85,12.9139,28.1457
1197,302,173,44,85,14.5695,28.1457
1198,301,174,46,81,15.2824,26.9103
1199,301,173,51,77,16.9435,25.5814
1200,301,169,54,78,17.9402,25.9136
1201,301,169,60,72,19.9336,23.9203
1202,300,167,62,71,20.6667,23.6667
1203,299,169,65,65,21.7391,21.7391
1204,301,165,69,67,22.9236,22.2591
1205,301,161,77,63,25.5814,20.9302
1206,301,156,83,62,27.5748,20.5980
1207,301,152,85,64,28.2392,21.2625
1208,301,145,92,64,30.5648,21.2625
1209,301,140,96,65,31.8937,21.5947
1210,301,136,100,65,33.2226,21.5947
1211,300,133,101,66,33.6667,22.0000
1212,299,128,102,69,34.1137,23.0769
1213,301,127,104,70,34.5515,23.2558
1214,301,129,106,66,35.2159,21.9269
1215,301,123,109,69,36.2126,22.9236
1216,300,117,111,72,37.0000,24.0000
1217,299,112,111,76,37.1237,25.4181
1218,300,105,118,77,39.3333,25.6667
1219,299,100,119,80,39.7993,26.7559
1220,300,99,119,82,39.6667,27.3333
1221,299,94,122,83,40.8027,27.7592
1222,303,96,122,85,40.2640,28.0528
1223,303,93,124,86,40.9241,28.3828
1224,301,89,125,87,41.5282,28.9037
1225,299,87,120,92,40.1338,30.7692
1226,300,85,118,97,39.3333,32.3333
1227,299,81,115,103,38.4615,34.4482
1228,300,81,112,107,37.3333,35.6667
1229,300,80,104,116,34.6667,38.6667
1230,300,76,100,124,33.3333,41.3333
1231,300,71,104,125,34.6667,41.6667
1232,300,69,101,130,33.6667,43.3333
1233,299,67,98,134,32.7759,44.8161
1234,302,69,96,137,31.7881,45.3642
1235,302,66,97,139,32.1192,46.0265
1236,300,57,103,140,34.3333,46.6667
1237,298,57,94,147,31.5436,49.3289
1238,299,56,96,147,32.1070,49.1639
1239,296,54,88,154,29.7297,52.0270
1240,297,55,83,159,27.9461,53.5354
1241,295,53,82,160,27.7966,54.2373
1242,297,59,76,162,25.5892,54.5455
1243,297,56,75,166,25.2525,55.8923
1244,297,56,71,170,23.9057,57.2391
1245,298,55,71,172,23.8255,57.7181
1246,297,57,65,175,21.8855,58.9226
1247,300,61,64,175,21.3333,58.3333
1248,300,61,64,175,21.3333,58.3333
1249,300,59,64,177,21.3333,59.0000
1250,300,57,66,177,22.0000,59.0000
1251,299,55,60,184,20.0669,61.5385
1252,298,58,57,183,19.1275,61.4094
1253,299,58,55,186,18.3946,62.2074
1254,298,59,53,186,17.7852,62.4161
1255,304,65,48,191,15.7895,62.8289
1256,301,64,45,192,14.9502,63.7874
1257,300,64,40,196,13.3333,65.3333
1258,299,66,37,196,12.3746,65.5518
1259,301,72,31,198,10.2990,65.7807
1260,301,75,30,196,9.9668,65.1163
1261,301,76,30,195,9.9668,64.7841
1262,300,75,29,196,9.6667,65.3333
1263,299,76,28,195,9.3645,65.2174
1264,298,81,26,191,8.7248,64.0940
1265,300,85,22,193,7.3333,64.3333
1266,299,83,22,194,7.3579,64.8829
1267,303,90,22,191,7.2607,63.0363
1268,303,94,21,188,6.9307,62.0462
1269,303,98,19,186,6.2706,61.3861
1270,302,99,14,189,4.6358,62.5828
1271,302,104,12,186,3.9735,61.5894
1272,301,107,12,182,3.9867,60.4651
1273,301,112,12,177,3.9867,58.8040
1274,301,116,11,174,3.6545,57.8073
1275,301,120,11,170,3.6545,56.4784
1276,300,123,10,167,3.3333,55.6667
1277,299,128,9,162,3.0100,54.1806
1278,301,135,10,156,3.3223,51.8272
1279,301,141,10,150,3.3223,49.8339
1280,301,146,10,145,3.3223,48.1728
1281,301,153,12,136,3.9867,45.1827
1282,300,161,10,129,3.3333,43.0000
1283,299,162,10,127,3.3445,42.4749
1284,301,171,10,120,3.3223,39.8671
1285,301,174,10,117,3.3223,38.8704
1286,301,177,9,115,2.9900,38.2060
1287,301,181,7,113,2.3256,37.5415
1288,301,182,8,111,2.6578,36.8771
1289,301,189,9,103,2.9900,34.2193
1290,301,191,10,100,3.3223,33.2226
1291,301,198,10,93,3.3223,30.8970
1292,301,202,11,88,3.6545,29.2359
1293,301,203,11,87,3.6545,28.9037
1294,301,208,11,82,3.6545,27.2425
1295,301,212,11,78,3.6545,25.9136
1296,301,216,12,73,3.9867,24.2525
1297,301,220,12,69,3.9867,22.9236
1298,301,222,12,67,3.9867,22.2591
1299,301,222,14,65,4.6512,21.5947
1300,301,220,18,63,5.9801,20.9302
1301,300,220,19,61,6.3333,20.3333
1302,300,220,20,60,6.6667,20.0000
1303,300,224,22,54,7.3333,18.0000
1304,300,222,24,54,8.0000,18.0000
1305,300,225,23,52,7.6667,17.3333
1306,300,223,26,51,8.6667,17.0000
1307,300,226,28,46,9.3333,15.3333
1308,300,226,31,43,10.3333,14.3333
1309,300,225,35,40,11.6667,13.3333
1310,300,227,33,40,11.0000,13.3333
1311,300,230,35,35,11.6667,11.6667
1312,300,226,40,34,13.3333,11.3333
1313,298,226,39,33,13.0872,11.0738
1314,300,228,41,31,13.6667,10.3333
1315,300,223,46,31,15.3333,10.3333
1316,300,218,52,30,17.3333,10.0000
1317,300,219,54,27,18.0000,9.0000
1318,300,215,57,28,19.0000,9.3333
1319,300,213,58,29,19.3333,9.6667
1320,299,211,57,31,19.0635,10.3679
1321,305,215,59,31,19.3443,10.1639
1322,305,217,58,30,19.0164,9.8361
1323,305,215,62,28,20.3279,9.1803
1324,304,209,64,31,21.0526,10.1974
1325,304,205,67,32,22.0395,10.5263
1326,304,202,69,33,22.6974,10.8553
1327,304,193,77,34,25.3289,11.1842
1328,304,184,81,39,26.6447,12.8289
1329,304,178,87,39,28.6184,12.8289
1330,303,174,87,42,28.7129,13.8614
1331,302,168,91,43,30.1325,14.2384
1332,301,164,92,45,30.5648,14.9502
1333,299,161,92,46,30.7692,15.3846
1334,300,154,100,46,33.3333,15.3333
1335,300,147,103,50,34.3333,16.6667
1336,299,138,109,52,36.4548,17.3913
1337,298,138,104,56,34.8993,18.7919
1338,298,132,108,58,36.2416,19.4631
1339,299,130,110,59,36.7893,19.7324
1340,297,128,110,59,37.0370,19.8653
1341,296,123,112,61,37.8378,20.6081
1342,296,118,113,65,38.1757,21.9595
1343,299,115,117,67,39.1304,22.4080
1344,300,112,117,71,39.0000,23.6667
1345,298,106,117,75,39.2617,25.1678
1346,297,99,121,77,40.7407,25.9259
1347,295,99,117,79,39.6610,26.7797
1348,293,95,111,87,37.8840,29.6928
1349,295,96,106,93,35.9322,31.5254
1350,296,95,103,98,34.7973,33.1081
1351,297,95,103,99,34.6801,33.3333
1352,298,94,102,102,34.2282,34.2282
1353,297,91,101,105,34.0067,35.3535
1354,299,87,104,108,34.7826,36.1204
1355,299,90,96,113,32.1070,37.7926
1356,301,90,89,122,29.5681,40.5316
1357,301,84,91,126,30.2326,41.8605
1358,299,82,89,128,29.7659,42.8094
1359,299,80,86,133,28.7625,44.4816
1360,299,79,84,136,28.0936,45.4849
1361,299,78,85,136,28.4281,45.4849
1362,300,79,82,139,27.3333,46.3333
1363,300,77,77,146,25.6667,48.6667
1364,298,76,74,148,24.8322,49.6644
1365,298,74,72,152,24.1611,51.0067
1366,295,74,65,156,22.0339,52.8814
1367,298,75,66,157,22.1477,52.6846
1368,302,75,67,160,22.1854,52.9801
1369,301,75,62,164,20.5980,54.4850
1370,299,75,62,162,20.7358,54.1806
1371,301,75,61,165,20.2658,54.8173
1372,301,76,62,163,20.5980,54.1528
1373,300,76,61,163,20.3333,54.3333
1374,297,79,54,164,18.1818,55.2189
1375,300,80,53,167,17.6667,55.6667
1376,298,81,53,164,17.7852,55.0336
1377,305,87,51,167,16.7213,54.7541
1378,303,89,45,169,14.8515,55.7756
1379,301,86,46,169,15.2824,56.1462
1380,301,90,46,165,15.2824,54.8173
1381,299,91,43,165,14.3813,55.1839
1382,303,98,37,168,12.2112,55.4455
1383,303,96,39,168,12.8713,55.4455
1384,303,94,41,168,13.5314,55.4455
1385,303,93,41,169,13.5314,55.7756
1386,301,92,40,169,13.2890,56.1462
1387,301,93,42,166,13.9535,55.1495
1388,300,94,39,167,13.0000,55.6667
1389,299,98,38,163,12.7090,54.5151
1390,305,103,40,162,13.1148,53.1148
1391,304,104,40,160,13.1579,52.6316
1392,302,104,37,161,12.2517,53.3113
1393,302,102,39,161,12.9139,53.3113
1394,301,104,40,157,13.2890,52.1595
1395,301,104,42,155,13.9535,51.4950
1396,300,108,39,153,13.0000,51.0000
1397,299,111,39,149,13.0435,49.8328
1398,299,112,40,147,13.3779,49.1639
1399,299,113,39,147,13.0435,49.1639
1400,303,124,39,140,12.8713,46.2046
1401,302,129,39,134,12.9139,44.3709
1402,302,134,41,127,13.5762,42.0530
1403,301,133,42,126,13.9535,41.8605
1404,300,135,38,127,12.6667,42.3333
1405,299,137,38,124,12.7090,41.4716
1406,301,139,40,122,13.2890,40.5316
1407,301,142,40,119,13.2890,39.5349
1408,301,151,37,113,12.2924,37.5415
1409,301,149,44,108,14.6179,35.8804
1410,300,149,43,108,14.3333,36.0000
1411,297,152,42,103,14.1414,34.6801
1412,300,157,41,102,13.6667,34.0000
1413,300,156,40,104,13.3333,34.6667
1414,300,158,42,100,14.0000,33.3333
1415,299,163,41,95,13.7124,31.7726
1416,302,162,45,95,14.9007,31.4570
1417,301,162,48,91,15.9468,30.2326
1418,300,163,50,87,16.6667,29.0000
1419,300,163,48,89,16.0000,29.6667
1420,299,163,50,86,16.7224,28.7625
1421,303,170,52,81,17.1617,26.7327
1422,303,165,56,82,18.4818,27.0627
1423,302,163,59,80,19.5364,26.4901
1424,302,161,60,81,19.8675,26.8212
1425,302,156,67,79,22.1854,26.1589
1426,302,156,66,80,21.8543,26.4901
1427,302,151,72,79,23.8411,26.1589
1428,302,142,80,80,26.4901,26.4901
1429,302,141,84,77,27.8146,25.4967
1430,301,143,79,79,26.2458,26.2458
1431,300,138,83,79,27.6667,26.3333
1432,299,132,88,79,29.4314,26.4214
1433,300,128,94,78,31.3333,26.0000
1434,299,130,95,74,31.7726,24.7492
1435,300,128,96,76,32.0000,25.3333
1436,300,119,105,76,35.0000,25.3333
1437,299,119,103,77,34.4482,25.7525
1438,300,120,101,79,33.6667,26.3333
1439,300,117,104,79,34.6667,26.3333
1440,300,112,108,80,36.0000,26.6667
1441,300,105,114,81,38.0000,27.0000
1442,300,100,119,81,39.6667,27.0000
1443,297,95,121,81,40.7407,27.2727
1444,294,90,122,82,41.4966,27.8912
1445,298,93,119,86,39.9329,28.8591
1446,298,88,120,90,40.2685,30.2013
1447,298,83,119,96,39.9329,32.2148
1448,295,84,113,98,38.3051,33.2203
1449,295,83,107,105,36.2712,35.5932
1450,298,80,109,109,36.5772,36.5772
1451,298,80,108,110,36.2416,36.9128
1452,300,77,110,113,36.6667,37.6667
1453,299,72,108,119,36.1204,39.7993
1454,299,70,106,123,35.4515,41.1371
1455,299,65,106,128,35.4515,42.8094
1456,299,67,101,131,33.7793,43.8127
1457,298,65,97,136,32.5503,45.6376
1458,298,61,99,138,33.2215,46.3087
1459,297,62,100,135,33.6700,45.4545
1460,297,68,94,135,31.6498,45.4545
1461,300,68,89,143,29.6667,47.6667
1462,299,69,84,146,28.0936,48.8294
1463,301,70,79,152,26.2458,50.4983
1464,300,71,72,157,24.0000,52.3333
1465,299,73,69,157,23.0769,52.5084
1466,303,77,66,160,21.7822,52.8053
1467,301,77,63,161,20.9302,53.4884
1468,301,77,61,163,20.2658,54.1528
1469,300,76,59,165,19.6667,55.0000
1470,298,75,57,166,19.1275,55.7047
1471,303,86,52,165,17.1617,54.4554
1472,301,85,48,168,15.9468,55.8140
1473,299,85,44,170,14.7157,56.8562
1474,300,87,42,171,14.0000,57.0000
1475,299,87,39,173,13.0435,57.8595
1476,302,92,36,174,11.9205,57.6159
1477,301,92,33,176,10.9635,58.4718
1478,300,97,30,173,10.0000,57.6667
1479,299,97,27,175,9.0301,58.5284
1480,302,98,28,176,9.2715,58.2781
1481,301,99,24,178,7.9734,59.1362
1482,301,104,24,173,7.9734,57.4751
1483,301,103,24,174,7.9734,57.8073
1484,301,103,24,174,7.9734,57.8073
1485,301,103,24,174,7.9734,57.8073
1486,301,104,24,173,7.9734,57.4751
1487,300,107,21,172,7.0000,57.3333
1488,300,108,21,171,7.0000,57.0000
1489,300,110,20,170,6.6667,56.6667
1490,300,113,19,168,6.3333,56.0000
1491,300,114,18,168,6.0000,56.0000
1492,300,117,18,165,6.0000,55.0000
1493,300,115,22,163,7.3333,54.3333
1494,300,116,22,162,7.3333,54.0000
1495,300,116,21,163,7.0000,54.3333
1496,299,116,21,162,7.0234,54.1806
1497,301,122,23,156,7.6412,51.8272
1498,301,125,24,152,7.9734,50.4983
1499,300,130,23,147,7.6667,49.0000
1500,300,132,26,142,8.6667,47.3333
1501,297,136,26,135,8.7542,45.4545
1502,298,140,26,132,8.7248,44.2953
1503,303,147,27,129,8.9109,42.5743
1504,302,148,27,127,8.9404,42.0530
1505,302,152,29,121,9.6026,40.0662
1506,302,156,29,117,9.6026,38.7417
1507,302,161,28,113,9.2715,37.4172
1508,302,166,29,107,9.6026,35.4305
1509,302,172,28,102,9.2715,33.7748
1510,302,169,34,99,11.2583,32.7815
1511,302,167,36,99,11.9205,32.7815
1512,302,166,39,97,12.9139,32.1192
1513,302,172,38,92,12.5828,30.4636
1514,302,173,40,89,13.2450,29.4702
1515,302,176,42,84,13.9073,27.8146
1516,302,179,45,78,14.9007,25.8278
1517,302,178,48,76,15.8940,25.1656
1518,301,179,49,73,16.2791,24.2525
1519,301,178,51,72,16.9435,23.9203
1520,301,177,56,68,18.6047,22.5914
1521,299,173,57,69,19.0635,23.0769
1522,301,173,59,69,19.6013,22.9236
1523,301,173,61,67,20.2658,22.2591
1524,300,172,63,65,21.0000,21.6667
1525,299,168,66,65,22.0736,21.7391
1526,301,169,68,64,22.5914,21.2625
1527,301,167,74,60,24.5847,19.9336
1528,301,166,77,58,25.5814,19.2691
1529,301,165,79,57,26.2458,18.9369
1530,301,162,81,58,26.9103,19.2691
1531,299,156,87,56,29.0970,18.7291
1532,300,154,89,57,29.6667,19.0000
1533,300,146,97,57,32.3333,19.0000
1534,300,140,104,56,34.6667,18.6667
1535,298,135,105,58,35.2349,19.4631
1536,299,131,106,62,35.4515,20.7358
1537,302,123,116,63,38.4106,20.8609
1538,300,119,115,66,38.3333,22.0000
1539,300,110,124,66,41.3333,22.0000
1540,299,104,126,69,42.1405,23.0769
1541,299,104,123,72,41.1371,24.0803
1542,299,101,124,74,41.4716,24.7492
1543,300,103,123,74,41.0000,24.6667
1544,299,103,120,76,40.1338,25.4181
1545,303,103,120,80,39.6040,26.4026
1546,302,100,120,82,39.7351,27.1523
1547,300,94,123,83,41.0000,27.6667
1548,299,94,117,88,39.1304,29.4314
1549,301,93,119,89,39.5349,29.5681
1550,301,89,120,92,39.8671,30.5648
1551,296,80,120,96,40.5405,32.4324
1552,294,77,119,98,40.4762,33.3333
1553,291,73,113,105,38.8316,36.0825
1554,291,73,106,112,36.4261,38.4880
1555,291,68,105,118,36.0825,40.5498
1556,291,67,103,121,35.3952,41.5808
1557,291,68,97,126,33.3333,43.2990
1558,292,70,91,131,31.1644,44.8630
1559,292,69,84,139,28.7671,47.6027
1560,291,69,79,143,27.1478,49.1409
1561,293,72,73,148,24.9147,50.5119
1562,294,74,67,153,22.7891,52.0408
1563,298,72,71,155,23.8255,52.0134
1564,302,76,72,154,23.8411,50.9934
1565,302,75,75,152,24.8344,50.3311
1566,300,74,72,154,24.0000,51.3333
1567,299,70,74,155,24.7492,51.8395
1568,297,70,68,159,22.8956,53.5354
1569,297,72,65,160,21.8855,53.8721
1570,298,76,62,160,20.8054,53.6913
1571,300,78,59,163,19.6667,54.3333
1572,300,77,51,172,17.0000,57.3333
1573,299,77,51,171,17.0569,57.1906
1574,301,80,50,171,16.6113,56.8106
1575,300,76,49,175,16.3333,58.3333
1576,300,74,47,179,15.6667,59.6667
1577,300,73,48,179,16.0000,59.6667
1578,299,73,48,178,16.0535,59.5318
1579,304,78,46,180,15.1316,59.2105
1580,303,78,46,179,15.1815,59.0759
1581,302,78,44,180,14.5695,59.6026
1582,302,79,46,177,15.2318,58.6093
1583,301,80,42,179,13.9535,59.4684
1584,300,81,41,178,13.6667,59.3333
1585,300,80,44,176,14.6667,58.6667
1586,298,80,39,179,13.0872,60.0671
1587,301,86,37,178,12.2924,59.1362
1588,301,88,36,177,11.9601,58.8040
1589,301,89,36,176,11.9601,58.4718
1590,301,90,37,174,12.2924,57.8073
1591,301,92,35,174,11.6279,57.8073
1592,301,94,36,171,11.9601,56.8106
1593,301,97,38,166,12.6246,55.1495
1594,300,100,34,166,11.3333,55.3333
1595,298,100,30,168,10.0671,56.3758
1596,300,104,29,167,9.6667,55.6667
1597,299,108,28,163,9.3645,54.5151
1598,299,111,26,162,8.6957,54.1806
1599,299,111,29,159,9.6990,53.1773
1600,304,121,29,154,9.5395,50.6579
1601,304,122,28,154,9.2105,50.6579
1602,303,122,29,152,9.5710,50.1650
1603,303,126,30,147,9.9010,48.5149
1604,303,124,32,147,10.5611,48.5149
1605,302,130,29,143,9.6026,47.3510
1606,301,136,30,135,9.9668,44.8505
1607,301,139,32,130,10.6312,43.1894
1608,301,144,31,126,10.2990,41.8605
1609,301,149,29,123,9.6346,40.8638
1610,301,153,27,121,8.9701,40.1993
1611,301,160,29,112,9.6346,37.2093
1612,301,156,38,107,12.6246,35.5482
1613,300,159,39,102,13.0000,34.0000
1614,299,162,39,98,13.0435,32.7759
1615,300,162,42,96,14.0000,32.0000
1616,300,160,42,98,14.0000,32.6667
1617,300,159,44,97,14.6667,32.3333
1618,300,162,45,93,15.0000,31.0000
1619,300,160,48,92,16.0000,30.6667
1620,299,163,46,90,15.3846,30.1003
1621,300,163,48,89,16.0000,29.6667
1622,299,161,49,89,16.3880,29.7659
1623,300,164,50,86,16.6667,28.6667
1624,300,165,55,80,18.3333,26.6667
1625,300,162,59,79,19.6667,26.3333
1626,300,161,60,79,20.0000,26.3333
1627,300,164,58,78,19.3333,26.0000
1628,299,162,63,74,21.0702,24.7492
1629,302,161,69,72,22.8477,23.8411
1630,302,156,73,73,24.1722,24.1722
1631,302,154,77,71,25.4967,23.5099
1632,298,152,72,74,24.1611,24.8322
1633,298,151,72,75,24.1611,25.1678
1634,299,148,73,78,24.4147,26.0870
1635,301,151,75,75,24.9169,24.9169
1636,300,149,76,75,25.3333,25.0000
1637,300,141,83,76,27.6667,25.3333
1638,300,138,88,74,29.3333,24.6667
1639,299,134,91,74,30.4348,24.7492
1640,300,131,97,72,32.3333,24.0000
1641,300,123,105,72,35.0000,24.0000
1642,300,120,106,74,35.3333,24.6667
1643,300,115,109,76,36.3333,25.3333
1644,299,111,113,75,37.7926,25.0836
1645,299,112,102,85,34.1137,28.4281
1646,300,112,106,82,35.3333,27.3333
1647,300,112,107,81,35.6667,27.0000
1648,298,112,105,81,35.2349,27.1812
1649,300,105,108,87,36.0000,29.0000
1650,300,104,106,90,35.3333,30.0000
1651,300,101,106,93,35.3333,31.0000
1652,298,98,104,96,34.8993,32.2148
1653,299,97,106,96,35.4515,32.1070
1654,302,101,99,102,32.7815,33.7748
1655,302,93,106,103,35.0993,34.1060
1656,301,90,106,105,35.2159,34.8837
1657,299,89,105,105,35.1171,35.1171
1658,299,86,101,112,33.7793,37.4582
1659,299,85,99,115,33.1104,38.4615
1660,300,84,93,123,31.0000,41.0000
1661,298,82,88,128,29.5302,42.9530
1662,297,83,86,128,28.9562,43.0976
1663,301,83,83,135,27.5748,44.8505
1664,300,81,77,142,25.6667,47.3333
1665,300,82,76,142,25.3333,47.3333
1666,299,81,75,143,25.0836,47.8261
1667,299,79,74,146,24.7492,48.8294
1668,299,78,77,144,25.7525,48.1605
1669,298,77,73,148,24.4966,49.6644
1670,298,75,71,152,23.8255,51.0067
1671,297,76,67,154,22.5589,51.8519
1672,301,82,65,154,21.5947,51.1628
1673,300,79,65,156,21.6667,52.0000
1674,300,77,66,157,22.0000,52.3333
1675,298,79,62,157,20.8054,52.6846
1676,297,83,57,157,19.1919,52.8620
1677,297,84,55,158,18.5185,53.1987
1678,300,86,54,160,18.0000,53.3333
1679,298,84,53,161,17.7852,54.0268
1680,300,87,50,163,16.6667,54.3333
1681,299,85,47,167,15.7191,55.8528
1682,300,82,49,169,16.3333,56.3333
1683,299,79,50,170,16.7224,56.8562
1684,300,80,52,168,17.3333,56.0000
1685,300,82,51,167,17.0000,55.6667
1686,300,82,52,166,17.3333,55.3333
1687,298,81,51,166,17.1141,55.7047
1688,300,82,50,168,16.6667,56.0000
1689,300,84,49,167,16.3333,55.6667
1690,300,83,47,170,15.6667,56.6667
1691,300,82,49,169,16.3333,56.3333
1692,300,84,47,169,15.6667,56.3333
1693,299,79,50,170,16.7224,56.8562
1694,297,81,49,167,16.4983,56.2290
1695,298,84,50,164,16.7785,55.0336
1696,300,85,50,165,16.6667,55.0000
1697,300,92,52,156,17.3333,52.0000
1698,300,88,54,158,18.0000,52.6667
1699,300,88,56,156,18.6667,52.0000
1700,300,90,51,159,17.0000,53.0000
1701,300,95,52,153,17.3333,51.0000
1702,300,99,47,154,15.6667,51.3333
1703,299,101,44,154,14.7157,51.5050
1704,298,105,42,151,14.0940,50.6711
1705,300,105,42,153,14.0000,51.0000
1706,300,111,41,148,13.6667,49.3333
1707,300,110,42,148,14.0000,49.3333
1708,300,111,43,146,14.3333,48.6667
1709,299,112,42,145,14.0468,48.4950
1710,305,123,44,138,14.4262,45.2459
1711,305,125,43,137,14.0984,44.9180
1712,305,134,40,131,13.1148,42.9508
1713,305,141,39,125,12.7869,40.9836
1714,303,141,36,126,11.8812,41.5842
1715,303,147,34,122,11.2211,40.2640
1716,303,151,37,115,12.2112,37.9538
1717,303,151,35,117,11.5512,38.6139
1718,302,153,30,119,9.9338,39.4040
1719,301,155,30,116,9.9668,38.5382
1720,300,152,31,117,10.3333,39.0000
1721,300,152,35,113,11.6667,37.6667
1722,299,154,35,110,11.7057,36.7893
1723,299,154,38,107,12.7090,35.7860
1724,301,159,37,105,12.2924,34.8837
1725,301,161,37,103,12.2924,34.2193
1726,300,159,39,102,13.0000,34.0000
1727,300,155,44,101,14.6667,33.6667
1728,300,156,44,100,14.6667,33.3333
1729,300,157,40,103,13.3333,34.3333
1730,299,160,39,100,13.0435,33.4448
1731,302,166,38,98,12.5828,32.4503
1732,302,161,45,96,14.9007,31.7881
1733,302,162,48,92,15.8940,30.4636
1734,302,160,51,91,16.8874,30.1325
1735,301,160,50,91,16.6113,30.2326
1736,300,157,52,91,17.3333,30.3333
1737,298,154,55,89,18.4564,29.8658
1738,302,157,58,87,19.2053,28.8079
1739,302,149,67,86,22.1854,28.4768
1740,302,148,69,85,22.8477,28.1457
1741,302,146,70,86,23.1788,28.4768
1742,301,140,77,84,25.5814,27.9070
1743,300,141,74,85,24.6667,28.3333
1744,300,138,78,84,26.0000,28.0000
1745,300,133,83,84,27.6667,28.0000
1746,300,132,82,86,27.3333,28.6667
1747,300,132,77,91,25.6667,30.3333
1748,298,132,74,92,24.8322,30.8725
1749,300,133,75,92,25.0000,30.6667
1750,300,128,82,90,27.3333,30.0000
1751,300,124,86,90,28.6667,30.0000
1752,300,125,87,88,29.0000,29.3333
1753,296,123,83,90,28.0405,30.4054
1754,298,127,82,89,27.5168,29.8658
1755,300,127,85,88,28.3333,29.3333
1756,300,122,90,88,30.0000,29.3333
1757,299,115,95,89,31.7726,29.7659
1758,298,109,99,90,33.2215,30.2013
1759,295,106,96,93,32.5424,31.5254
1760,296,106,93,97,31.4189,32.7703
1761,297,107,91,99,30.6397,33.3333
1762,298,107,89,102,29.8658,34.2282
1763,297,106,88,103,29.6296,34.6801
1764,300,104,95,101,31.6667,33.6667
1765,297,100,92,105,30.9764,35.3535
1766,300,105,92,103,30.6667,34.3333
1767,299,104,95,100,31.7726,33.4448
1768,300,102,97,101,32.3333,33.6667
1769,300,99,102,99,34.0000,33.0000
1770,298,97,103,98,34.5638,32.8859
1771,298,97,98,103,32.8859,34.5638
1772,299,97,99,103,33.1104,34.4482
1773,302,98,99,105,32.7815,34.7682
1774,301,96,97,108,32.2259,35.8804
1775,300,91,95,114,31.6667,38.0000
1776,299,91,93,115,31.1037,38.4615
1777,296,88,89,119,30.0676,40.2027
1778,297,89,82,126,27.6094,42.4242
1779,301,91,79,131,26.2458,43.5216
1780,301,89,78,134,25.9136,44.5183
1781,301,89,80,132,26.5781,43.8538
1782,299,88,79,132,26.4214,44.1472
1783,300,89,79,132,26.3333,44.0000
1784,298,88,75,135,25.1678,45.3020
1785,297,89,68,140,22.8956,47.1380
1786,297,92,64,141,21.5488,47.4747
1787,299,93,63,143,21.0702,47.8261
1788,297,90,64,143,21.5488,48.1481
1789,298,89,64,145,21.4765,48.6577
1790,301,93,57,151,18.9369,50.1661
1791,300,93,52,155,17.3333,51.6667
1792,299,95,51,153,17.0569,51.1706
1793,299,96,51,152,17.0569,50.8361
1794,301,96,53,152,17.6080,50.4983
1795,300,97,51,152,17.0000,50.6667
1796,299,97,48,154,16.0535,51.5050
1797,299,96,47,156,15.7191,52.1739
1798,300,99,48,153,16.0000,51.0000
1799,298,103,46,149,15.4362,50.0000
1800,297,104,43,150,14.4781,50.5051
1801,300,107,40,153,13.3333,51.0000
1802,298,105,38,155,12.7517,52.0134
1803,299,104,39,156,13.0435,52.1739
1804,298,105,39,154,13.0872,51.6779
1805,301,108,39,154,12.9568,51.1628
1806,301,108,44,149,14.6179,49.5017
1807,301,107,46,148,15.2824,49.1694
1808,300,106,44,150,14.6667,50.0000
1809,298,107,44,147,14.7651,49.3289
1810,303,111,46,146,15.1815,48.1848
1811,303,112,48,143,15.8416,47.1947
1812,302,116,49,137,16.2252,45.3642
1813,302,118,50,134,16.5563,44.3709
1814,302,120,47,135,15.5629,44.7020
1815,301,121,47,133,15.6146,44.1860
1816,301,119,49,133,16.2791,44.1860
1817,301,121,51,129,16.9435,42.8571
1818,300,121,50,129,16.6667,43.0000
1819,300,120,49,131,16.3333,43.6667
1820,299,113,55,131,18.3946,43.8127
1821,302,114,58,130,19.2053,43.0464
1822,302,115,59,128,19.5364,42.3841
1823,301,117,59,125,19.6013,41.5282
1824,301,115,60,126,19.9336,41.8605
1825,300,114,61,125,20.3333,41.6667
1826,299,117,58,124,19.3980,41.4716
1827,300,119,62,119,20.6667,39.6667
1828,298,117,62,119,20.8054,39.9329
1829,299,120,64,115,21.4047,38.4615
1830,300,123,66,111,22.0000,37.0000
1831,299,128,64,107,21.4047,35.7860
1832,301,136,61,104,20.2658,34.5515
1833,301,137,63,101,20.9302,33.5548
1834,301,131,66,104,21.9269,34.5515
1835,301,130,66,105,21.9269,34.8837
1836,300,130,68,102,22.6667,34.0000
1837,300,132,69,99,23.0000,33.0000
1838,300,133,68,99,22.6667,33.0000
1839,299,132,70,97,23.4114,32.4415
1840,301,133,69,99,22.9236,32.8904
1841,301,131,68,102,22.5914,33.8870
1842,300,132,68,100,22.6667,33.3333
1843,299,132,71,96,23.7458,32.1070
1844,300,132,69,99,23.0000,33.0000
1845,298,127,72,99,24.1611,33.2215
1846,302,129,76,97,25.1656,32.1192
1847,300,123,80,97,26.6667,32.3333
1848,300,118,85,97,28.3333,32.3333
1849,297,118,81,98,27.2727,32.9966
1850,298,117,82,99,27.5168,33.2215
1851,297,112,85,100,28.6195,33.6700
1852,301,112,91,98,30.2326,32.5581
1853,301,111,94,96,31.2292,31.8937
1854,299,109,94,96,31.4381,32.1070
1855,301,105,96,100,31.8937,33.2226
1856,300,101,99,100,33.0000,33.3333
1857,300,96,101,103,33.6667,34.3333
1858,300,92,105,103,35.0000,34.3333
1859,298,88,106,104,35.5705,34.8993
1860,300,88,109,103,36.3333,34.3333
1861,300,86,106,108,35.3333,36.0000
1862,299,84,107,108,35.7860,36.1204
1863,300,84,107,109,35.6667,36.3333
1864,298,78,106,114,35.5705,38.2550
1865,301,79,106,116,35.2159,38.5382
1866,298,80,103,115,34.5638,38.5906
1867,299,79,103,117,34.4482,39.1304
1868,301,81,96,124,31.8937,41.1960
1869,301,81,91,129,30.2326,42.8571
1870,301,79,93,129,30.8970,42.8571
1871,301,77,92,132,30.5648,43.8538
1872,297,77,83,137,27.9461,46.1279
1873,300,81,77,142,25.6667,47.3333
1874,300,79,77,144,25.6667,48.0000
1875,296,76,75,145,25.3378,48.9865
1876,297,75,77,145,25.9259,48.8215
1877,297,74,71,152,23.9057,51.1785
1878,298,76,68,154,22.8188,51.6779
1879,299,75,68,156,22.7425,52.1739
1880,296,74,65,157,21.9595,53.0405
1881,298,75,66,157,22.1477,52.6846
1882,299,79,62,158,20.7358,52.8428
1883,299,78,64,157,21.4047,52.5084
1884,303,83,60,160,19.8020,52.8053
1885,303,82,58,163,19.1419,53.7954
1886,301,83,56,162,18.6047,53.8206
1887,300,85,54,161,18.0000,53.6667
1888,298,85,52,161,17.4497,54.0268
1889,299,87,52,160,17.3913,53.5117
1890,300,89,52,159,17.3333,53.0000
1891,298,87,50,161,16.7785,54.0268
1892,299,90,50,159,16.7224,53.1773
1893,301,94,52,155,17.2757,51.4950
1894,301,96,53,152,17.6080,50.4983
1895,301,94,51,156,16.9435,51.8272
1896,301,98,45,158,14.9502,52.4917
1897,301,99,40,162,13.2890,53.8206
1898,301,96,41,164,13.6213,54.4850
1899,300,96,41,163,13.6667,54.3333
1900,300,98,40,162,13.3333,54.0000
1901,299,100,37,162,12.3746,54.1806
1902,300,101,36,163,12.0000,54.3333
1903,299,104,33,162,11.0368,54.1806
1904,300,106,31,163,10.3333,54.3333
1905,300,106,32,162,10.6667,54.0000
1906,300,107,32,161,10.6667,53.6667
1907,299,112,30,157,10.0334,52.5084
1908,301,112,33,156,10.9635,51.8272
1909,300,115,33,152,11.0000,50.6667
1910,300,114,32,154,10.6667,51.3333
1911,299,115,30,154,10.0334,51.5050
1912,301,117,30,154,9.9668,51.1628
1913,301,120,32,149,10.6312,49.5017
1914,301,121,31,149,10.2990,49.5017
1915,301,122,29,150,9.6346,49.8339
1916,300,127,28,145,9.3333,48.3333
1917,300,129,29,142,9.6667,47.3333
1918,300,129,32,139,10.6667,46.3333
1919,300,133,27,140,9.0000,46.6667
1920,299,141,25,133,8.3612,44.4816
1921,302,149,25,128,8.2781,42.3841
1922,300,149,25,126,8.3333,42.0000
1923,300,152,27,121,9.0000,40.3333
1924,300,155,29,116,9.6667,38.6667
1925,299,157,31,111,10.3679,37.1237
1926,301,161,30,110,9.9668,36.5449
1927,301,162,32,107,10.6312,35.5482
1928,301,163,33,105,10.9635,34.8837
1929,300,167,33,100,11.0000,33.3333
1930,300,171,33,96,11.0000,32.0000
1931,299,174,32,93,10.7023,31.1037
1932,300,177,32,91,10.6667,30.3333
1933,300,178,29,93,9.6667,31.0000
1934,300,182,29,89,9.6667,29.6667
1935,299,181,29,89,9.6990,29.7659
1936,306,189,33,84,10.7843,27.4510
1937,306,191,33,82,10.7843,26.7974
1938,305,191,32,82,10.4918,26.8852
1939,305,192,33,80,10.8197,26.2295
1940,305,193,33,79,10.8197,25.9016
1941,305,193,33,79,10.8197,25.9016
1942,304,194,33,77,10.8553,25.3289
1943,303,195,34,74,11.2211,24.4224
1944,300,192,35,73,11.6667,24.3333
1945,298,188,35,75,11.7450,25.1678
1946,299,186,38,75,12.7090,25.0836
1947,303,185,47,71,15.5116,23.4323
1948,303,190,46,67,15.1815,22.1122
1949,303,189,51,63,16.8317,20.7921
1950,303,190,48,65,15.8416,21.4521
1951,303,189,51,63,16.8317,20.7921
1952,303,187,53,63,17.4917,20.7921
1953,303,183,61,59,20.1320,19.4719
1954,303,179,66,58,21.7822,19.1419
1955,303,177,68,58,22.4422,19.1419
1956,303,176,70,57,23.1023,18.8119
1957,303,171,73,59,24.0924,19.4719
1958,303,162,82,59,27.0627,19.4719
1959,303,158,85,60,28.0528,19.8020
1960,303,155,87,61,28.7129,20.1320
1961,303,149,94,60,31.0231,19.8020
1962,303,147,96,60,31.6832,19.8020
1963,302,143,101,58,33.4437,19.2053
1964,301,141,100,60,33.2226,19.9336
1965,300,136,102,62,34.0000,20.6667
1966,299,133,103,63,34.4482,21.0702
1967,301,139,99,63,32.8904,20.9302
1968,299,136,97,66,32.4415,22.0736
1969,297,128,101,68,34.0067,22.8956
1970,298,124,105,69,35.2349,23.1544
1971,298,120,113,65,37.9195,21.8121
1972,298,115,115,68,38.5906,22.8188
1973,297,110,114,73,38.3838,24.5791
1974,297,109,111,77,37.3737,25.9259
1975,296,105,111,80,37.5000,27.0270
1976,299,102,114,83,38.1271,27.7592
1977,299,101,113,85,37.7926,28.4281
1978,303,103,109,91,35.9736,30.0330
1979,302,98,105,99,34.7682,32.7815
1980,302,94,107,101,35.4305,33.4437
1981,300,94,103,103,34.3333,34.3333
1982,297,91,101,105,34.0067,35.3535
1983,298,90,102,106,34.2282,35.5705
1984,299,88,99,112,33.1104,37.4582
1985,300,86,105,109,35.0000,36.3333
1986,298,85,99,114,33.2215,38.2550
1987,298,82,100,116,33.5570,38.9262
1988,299,81,100,118,33.4448,39.4649
1989,303,85,97,121,32.0132,39.9340
1990,302,85,92,125,30.4636,41.3907
1991,300,78,87,135,29.0000,45.0000
1992,299,76,84,139,28.0936,46.4883
1993,300,76,79,145,26.3333,48.3333
1994,299,74,78,147,26.0870,49.1639
1995,299,72,77,150,25.7525,50.1672
1996,299,71,72,156,24.0803,52.1739
1997,299,68,76,155,25.4181,51.8395
1998,302,68,79,155,26.1589,51.3245
1999,301,62,81,158,26.9103,52.4917
2000,300,59,80,161,26.6667,53.6667
2001,299,59,77,163,25.7525,54.5151
2002,301,63,78,160,25.9136,53.1561
2003,300,59,76,165,25.3333,55.0000
2004,299,58,74,167,24.7492,55.8528
2005,300,59,71,170,23.6667,56.6667
2006,297,59,66,172,22.2222,57.9125
2007,300,62,64,174,21.3333,58.0000
2008,300,62,61,177,20.3333,59.0000
2009,300,65,59,176,19.6667,58.6667
2010,300,64,61,175,20.3333,58.3333
2011,299,64,59,176,19.7324,58.8629
2012,298,67,53,178,17.7852,59.7315
2013,300,64,56,180,18.6667,60.0000
2014,299,62,57,180,19.0635,60.2007
2015,301,62,59,180,19.6013,59.8007
2016,300,64,57,179,19.0000,59.6667
2017,297,67,50,180,16.8350,60.6061
2018,298,72,45,181,15.1007,60.7383
2019,299,74,39,186,13.0435,62.2074
2020,303,81,39,183,12.8713,60.3960
2021,302,80,36,186,11.9205,61.5894
2022,302,79,38,185,12.5828,61.2583
2023,299,79,35,185,11.7057,61.8729
2024,301,85,33,183,10.9635,60.7973
2025,299,90,31,178,10.3679,59.5318
2026,303,97,32,174,10.5611,57.4257
2027,303,98,32,173,10.5611,57.0957
2028,303,101,31,171,10.2310,56.4356
2029,303,103,31,169,10.2310,55.7756
2030,303,110,32,161,10.5611,53.1353
2031,303,115,32,156,10.5611,51.4851
2032,302,115,33,154,10.9272,50.9934
2033,302,118,32,152,10.5960,50.3311
2034,301,118,31,152,10.2990,50.4983
2035,300,118,28,154,9.3333,51.3333
2036,300,123,30,147,10.0000,49.0000
2037,300,120,31,149,10.3333,49.6667
2038,300,125,32,143,10.6667,47.6667
2039,300,128,31,141,10.3333,47.0000
2040,299,129,31,139,10.3679,46.4883
2041,302,134,32,136,10.5960,45.0331
2042,302,140,28,134,9.2715,44.3709
2043,301,147,30,124,9.9668,41.1960
2044,300,149,31,120,10.3333,40.0000
2045,299,154,32,113,10.7023,37.7926
2046,302,159,32,111,10.5960,36.7550
2047,301,160,32,109,10.6312,36.2126
2048,300,164,33,103,11.0000,34.3333
2049,300,163,35,102,11.6667,34.0000
2050,300,161,37,102,12.3333,34.0000
2051,299,160,38,101,12.7090,33.7793
2052,300,163,41,96,13.6667,32.0000
2053,300,159,45,96,15.0000,32.0000
2054,300,158,46,96,15.3333,32.0000
2055,299,159,48,92,16.0535,30.7692
2056,300,162,49,89,16.3333,29.6667
2057,298,161,50,87,16.7785,29.1946
2058,302,167,50,85,16.5563,28.1457
2059,302,164,56,82,18.5430,27.1523
2060,302,163,60,79,19.8675,26.1589
2061,302,161,63,78,20.8609,25.8278
2062,302,155,68,79,22.5166,26.1589
2063,302,153,71,78,23.5099,25.8278
2064,302,150,76,76,25.1656,25.1656
2065,301,145,79,77,26.2458,25.5814
2066,301,142,84,75,27.9070,24.9169
2067,301,136,90,75,29.9003,24.9169
2068,301,137,88,76,29.2359,25.2492
2069,301,136,93,72,30.8970,23.9203
2070,299,128,100,71,33.4448,23.7458
2071,300,134,101,65,33.6667,21.6667
2072,300,129,99,72,33.0000,24.0000
2073,299,128,100,71,33.4448,23.7458
2074,302,126,102,74,33.7748,24.5033
2075,302,123,105,74,34.7682,24.5033
2076,301,124,100,77,33.2226,25.5814
2077,301,123,100,78,33.2226,25.9136
2078,301,121,99,81,32.8904,26.9103
2079,300,120,97,83,32.3333,27.6667
2080,299,115,97,87,32.4415,29.0970
2081,302,112,101,89,33.4437,29.4702
2082,299,109,98,92,32.7759,30.7692
2083,302,109,100,93,33.1126,30.7947
2084,300,108,94,98,31.3333,32.6667
2085,300,104,94,102,31.3333,34.0000
2086,298,100,96,102,32.2148,34.2282
2087,298,99,96,103,32.2148,34.5638
2088,300,96,97,107,32.3333,35.6667
2089,299,94,99,106,33.1104,35.4515
2090,298,94,93,111,31.2081,37.2483
2091,296,91,88,117,29.7297,39.5270
2092,299,94,86,119,28.7625,39.7993
2093,300,91,86,123,28.6667,41.0000
2094,299,92,86,121,28.7625,40.4682
2095,301,91,86,124,28.5714,41.1960
2096,301,83,91,127,30.2326,42.1927
2097,299,77,94,128,31.4381,42.8094
2098,300,72,99,129,33.0000,43.0000
2099,299,71,99,129,33.1104,43.1438
2100,298,70,97,131,32.5503,43.9597
2101,301,72,92,137,30.5648,45.5150
2102,301,69,95,137,31.5615,45.5150
2103,297,65,94,138,31.6498,46.4646
2104,296,63,92,141,31.0811,47.6351
2105,299,68,91,140,30.4348,46.8227
2106,302,69,86,147,28.4768,48.6755
2107,300,68,83,149,27.6667,49.6667
2108,299,69,78,152,26.0870,50.8361
2109,301,72,75,154,24.9169,51.1628
2110,300,73,70,157,23.3333,52.3333
2111,299,72,67,160,22.4080,53.5117
2112,304,78,66,160,21.7105,52.6316
2113,304,74,67,163,22.0395,53.6184
2114,303,71,69,163,22.7723,53.7954
2115,303,72,64,167,21.1221,55.1155
2116,302,72,59,171,19.5364,56.6225
2117,299,74,53,172,17.7258,57.5251
2118,301,79,49,173,16.2791,57.4751
2119,301,77,48,176,15.9468,58.4718
2120,301,80,45,176,14.9502,58.4718
2121,300,79,43,178,14.3333,59.3333
2122,299,81,39,179,13.0435,59.8662
2123,302,84,38,180,12.5828,59.6026
2124,301,90,34,177,11.2957,58.8040
2125,300,92,35,173,11.6667,57.6667
2126,300,95,34,171,11.3333,57.0000
2127,298,95,30,173,10.0671,58.0537
2128,299,98,33,168,11.0368,56.1873
2129,300,99,35,166,11.6667,55.3333
2130,300,102,34,164,11.3333,54.6667
2131,299,104,35,160,11.7057,53.5117
2132,299,106,38,155,12.7090,51.8395
2133,301,109,37,155,12.2924,51.4950
2134,300,112,31,157,10.3333,52.3333
2135,300,115,31,154,10.3333,51.3333
2136,299,120,29,150,9.6990,50.1672
2137,301,129,28,144,9.3023,47.8405
2138,301,132,28,141,9.3023,46.8439
2139,301,133,29,139,9.6346,46.1794
2140,300,134,31,135,10.3333,45.0000
2141,300,134,31,135,10.3333,45.0000
2142,299,134,35,130,11.7057,43.4783
2143,300,138,38,124,12.6667,41.3333
2144,300,136,38,126,12.6667,42.0000
2145,300,138,39,123,13.0000,41.0000
2146,300,136,43,121,14.3333,40.3333
2147,299,138,43,118,14.3813,39.4649
2148,302,143,43,116,14.2384,38.4106
2149,302,143,42,117,13.9073,38.7417
2150,302,140,45,117,14.9007,38.7417
2151,302,137,49,116,16.2252,38.4106
2152,302,136,49,117,16.2252,38.7417
2153,300,141,46,113,15.3333,37.6667
2154,299,138,49,112,16.3880,37.4582
2155,300,141,49,110,16.3333,36.6667
2156,300,140,53,107,17.6667,35.6667
2157,300,139,56,105,18.6667,35.0000
2158,300,146,57,97,19.0000,32.3333
2159,299,146,58,95,19.3980,31.7726
2160,300,144,62,94,20.6667,31.3333
2161,300,145,62,93,20.6667,31.0000
2162,300,147,63,90,21.0000,30.0000
2163,300,148,59,93,19.6667,31.0000
2164,297,147,56,94,18.8552,31.6498
2165,298,149,58,91,19.4631,30.5369
2166,301,150,58,93,19.2691,30.8970
2167,299,152,60,87,20.0669,29.0970
2168,302,156,61,85,20.1987,28.1457
2169,302,155,66,81,21.8543,26.8212
2170,301,150,69,82,22.9236,27.2425
2171,300,149,70,81,23.3333,27.0000
2172,298,150,69,79,23.1544,26.5101
2173,300,150,70,80,23.3333,26.6667
2174,300,147,75,78,25.0000,26.0000
2175,299,149,72,78,24.0803,26.0870
2176,300,147,78,75,26.0000,25.0000
2177,299,145,74,80,24.7492,26.7559
2178,301,140,82,79,27.2425,26.2458
2179,301,137,85,79,28.2392,26.2458
2180,301,133,85,83,28.2392,27.5748
2181,300,129,84,87,28.0000,29.0000
2182,299,129,83,87,27.7592,29.0970
2183,301,127,86,88,28.5714,29.2359
2184,299,125,85,89,28.4281,29.7659
2185,298,126,83,89,27.8523,29.8658
2186,298,131,80,87,26.8456,29.1946
2187,300,132,81,87,27.0000,29.0000
2188,299,128,83,88,27.7592,29.4314
2189,300,122,87,91,29.0000,30.3333
2190,298,118,84,96,28.1879,32.2148
2191,300,119,84,97,28.0000,32.3333
2192,299,113,87,99,29.0970,33.1104
2193,300,111,87,102,29.0000,34.0000
2194,297,110,82,105,27.6094,35.3535
2195,299,109,84,106,28.0936,35.4515
2196,298,113,80,105,26.8456,35.2349
2197,297,110,82,105,27.6094,35.3535
2198,296,109,79,108,26.6892,36.4865
2199,296,107,75,114,25.3378,38.5135
2200,299,105,78,116,26.0870,38.7960
2201,298,107,75,116,25.1678,38.9262
2202,300,108,75,117,25.0000,39.0000
2203,300,105,77,118,25.6667,39.3333
2204,298,102,79,117,26.5101,39.2617
2205,299,104,80,115,26.7559,38.4615
2206,302,102,83,117,27.4834,38.7417
2207,302,95,87,120,28.8079,39.7351
2208,302,91,87,124,28.8079,41.0596
2209,299,87,83,129,27.7592,43.1438
2210,303,87,84,132,27.7228,43.5644
2211,303,87,82,134,27.0627,44.2244
2212,302,88,80,134,26.4901,44.3709
2213,299,89,74,136,24.7492,45.4849
2214,304,91,76,137,25.0000,45.0658
2215,303,92,80,131,26.4026,43.2343
2216,301,89,81,131,26.9103,43.5216
2217,301,87,80,134,26.5781,44.5183
2218,300,87,79,134,26.3333,44.6667
2219,300,83,81,136,27.0000,45.3333
2220,299,84,78,137,26.0870,45.8194
2221,299,81,78,140,26.0870,46.8227
2222,299,83,77,139,25.7525,46.4883
2223,301,84,78,139,25.9136,46.1794
2224,301,85,77,139,25.5814,46.1794
2225,298,85,74,139,24.8322,46.6443
2226,296,86,68,142,22.9730,47.9730
2227,300,90,70,140,23.3333,46.6667
2228,299,90,59,150,19.7324,50.1672
2229,302,94,62,146,20.5298,48.3444
2230,301,93,58,150,19.2691,49.8339
2231,299,94,57,148,19.0635,49.4983
2232,302,99,58,145,19.2053,48.0132
2233,302,98,60,144,19.8675,47.6821
2234,300,97,60,143,20.0000,47.6667
2235,297,98,56,143,18.8552,48.1481
2236,296,100,51,145,17.2297,48.9865
2237,294,101,48,145,16.3265,49.3197
2238,296,103,50,143,16.8919,48.3108
2239,299,106,46,147,15.3846,49.1639
2240,298,107,46,145,15.4362,48.6577
2241,299,113,44,142,14.7157,47.4916
2242,298,115,45,138,15.1007,46.3087
2243,303,121,43,139,14.1914,45.8746
2244,303,121,44,138,14.5215,45.5446
2245,301,123,44,134,14.6179,44.5183
2246,301,123,45,133,14.9502,44.1860
2247,300,124,43,133,14.3333,44.3333
2248,300,125,44,131,14.6667,43.6667
2249,299,126,42,131,14.0468,43.8127
2250,299,127,43,129,14.3813,43.1438
2251,300,130,47,123,15.6667,41.0000
2252,299,132,45,122,15.0502,40.8027
2253,300,129,49,122,16.3333,40.6667
2254,299,126,50,123,16.7224,41.1371
2255,302,129,50,123,16.5563,40.7285
2256,302,126,54,122,17.8808,40.3974
2257,302,119,61,122,20.1987,40.3974
2258,302,115,65,122,21.5232,40.3974
2259,301,115,65,121,21.5947,40.1993
2260,301,117,66,118,21.9269,39.2027
2261,300,122,64,114,21.3333,38.0000
2262,300,121,66,113,22.0000,37.6667
2263,300,121,66,113,22.0000,37.6667
2264,299,123,64,112,21.4047,37.4582
2265,302,128,66,108,21.8543,35.7616
2266,301,124,68,109,22.5914,36.2126
2267,301,122,70,109,23.2558,36.2126
2268,301,122,71,108,23.5880,35.8804
2269,300,118,77,105,25.6667,35.0000
2270,298,117,78,103,26.1745,34.5638
2271,298,116,79,103,26.5101,34.5638
2272,302,121,78,103,25.8278,34.1060
2273,301,122,77,102,25.5814,33.8870
2274,299,118,76,105,25.4181,35.1171
2275,299,118,76,105,25.4181,35.1171
2276,302,117,79,106,26.1589,35.0993
2277,301,114,79,108,26.2458,35.8804
2278,298,115,73,110,24.4966,36.9128
2279,297,114,72,111,24.2424,37.3737
2280,301,127,73,101,24.2525,33.5548
2281,300,124,76,100,25.3333,33.3333
2282,299,122,81,96,27.0903,32.1070
2283,302,124,81,97,26.8212,32.1192
2284,302,118,84,100,27.8146,33.1126
2285,302,114,91,97,30.1325,32.1192
2286,301,111,90,100,29.9003,33.2226
2287,301,109,87,105,28.9037,34.8837
2288,301,107,90,104,29.9003,34.5515
2289,298,103,92,103,30.8725,34.5638
2290,299,105,88,106,29.4314,35.4515
2291,303,112,87,104,28.7129,34.3234
2292,302,111,84,107,27.8146,35.4305
2293,302,107,87,108,28.8079,35.7616
2294,301,103,88,110,29.2359,36.5449
2295,300,100,92,108,30.6667,36.0000
2296,297,98,89,110,29.9663,37.0370
2297,301,100,88,113,29.2359,37.5415
2298,300,99,85,116,28.3333,38.6667
2299,299,99,84,116,28.0936,38.7960
2300,300,100,82,118,27.3333,39.3333
2301,299,98,83,118,27.7592,39.4649
2302,301,99,80,122,26.5781,40.5316
2303,300,97,78,125,26.0000,41.6667
2304,297,98,71,128,23.9057,43.0976
2305,297,97,70,130,23.5690,43.7710
2306,297,100,68,129,22.8956,43.4343
2307,299,102,65,132,21.7391,44.1472
2308,298,104,62,132,20.8054,44.2953
2309,300,106,57,137,19.0000,45.6667
2310,300,108,54,138,18.0000,46.0000
2311,299,109,54,136,18.0602,45.4849
2312,299,110,53,136,17.7258,45.4849
2313,299,110,50,139,16.7224,46.4883
2314,301,110,52,139,17.2757,46.1794
2315,299,112,47,140,15.7191,46.8227
2316,298,113,44,141,14.7651,47.3154
2317,297,112,43,142,14.4781,47.8114
2318,299,117,41,141,13.7124,47.1572
2319,305,125,38,142,12.4590,46.5574
2320,304,126,35,143,11.5132,47.0395
2321,303,126,34,143,11.2211,47.1947
2322,301,126,32,143,10.6312,47.5083
2323,301,123,36,142,11.9601,47.1761
2324,301,127,34,140,11.2957,46.5116
2325,300,126,34,140,11.3333,46.6667
2326,300,125,36,139,12.0000,46.3333
2327,300,123,38,139,12.6667,46.3333
2328,300,124,40,136,13.3333,45.3333
2329,300,125,41,134,13.6667,44.6667
2330,300,128,45,127,15.0000,42.3333
2331,300,128,46,126,15.3333,42.0000
2332,300,125,49,126,16.3333,42.0000
2333,300,123,50,127,16.6667,42.3333
2334,300,119,51,130,17.0000,43.3333
2335,298,121,48,129,16.1074,43.2886
2336,297,125,45,127,15.1515,42.7609
2337,299,127,44,128,14.7157,42.8094
2338,300,130,44,126,14.6667,42.0000
2339,300,132,47,121,15.6667,40.3333
2340,300,133,49,118,16.3333,39.3333
2341,300,132,51,117,17.0000,39.0000
2342,299,135,50,114,16.7224,38.1271
2343,300,140,46,114,15.3333,38.0000
2344,300,140,49,111,16.3333,37.0000
2345,300,139,51,110,17.0000,36.6667
2346,300,135,54,111,18.0000,37.0000
2347,298,130,54,114,18.1208,38.2550
2348,301,134,56,111,18.6047,36.8771
2349,300,134,55,111,18.3333,37.0000
2350,300,135,55,110,18.3333,36.6667
2351,299,130,58,111,19.3980,37.1237
2352,303,132,63,108,20.7921,35.6436
2353,303,131,60,112,19.8020,36.9637
2354,303,135,59,109,19.4719,35.9736
2355,302,134,61,107,20.1987,35.4305
2356,302,135,65,102,21.5232,33.7748
2357,302,136,68,98,22.5166,32.4503
2358,300,136,68,96,22.6667,32.0000
2359,299,136,69,94,23.0769,31.4381
2360,300,136,71,93,23.6667,31.0000
2361,299,137,74,88,24.7492,29.4314
2362,300,138,77,85,25.6667,28.3333
2363,299,134,80,85,26.7559,28.4281
2364,300,135,80,85,26.6667,28.3333
2365,300,135,82,83,27.3333,27.6667
2366,299,136,80,83,26.7559,27.7592
2367,298,133,79,86,26.5101,28.8591
2368,302,135,78,89,25.8278,29.4702
2369,302,125,87,90,28.8079,29.8013
2370,300,123,87,90,29.0000,30.0000
2371,297,122,84,91,28.2828,30.6397
2372,298,117,87,94,29.1946,31.5436
2373,301,117,87,97,28.9037,32.2259
2374,300,110,93,97,31.0000,32.3333
2375,300,109,92,99,30.6667,33.0000
2376,298,103,97,98,32.5503,32.8859
2377,298,101,98,99,32.8859,33.2215
2378,300,102,98,100,32.6667,33.3333
2379,297,99,100,98,33.6700,32.9966
2380,296,98,98,100,33.1081,33.7838
2381,299,103,99,97,33.1104,32.4415
2382,300,103,96,101,32.0000,33.6667
2383,299,97,98,104,32.7759,34.7826
2384,301,93,102,106,33.8870,35.2159
2385,300,87,108,105,36.0000,35.0000
2386,299,88,106,105,35.4515,35.1171
2387,299,83,110,106,36.7893,35.4515
2388,299,79,110,110,36.7893,36.7893
2389,299,75,108,116,36.1204,38.7960
2390,299,75,102,122,34.1137,40.8027
2391,300,72,104,124,34.6667,41.3333
2392,300,65,105,130,35.0000,43.3333
2393,299,62,101,136,33.7793,45.4849
2394,298,61,98,139,32.8859,46.6443
2395,300,61,98,141,32.6667,47.0000
2396,299,61,94,144,31.4381,48.1605
2397,299,59,89,151,29.7659,50.5017
2398,301,63,88,150,29.2359,49.8339
2399,299,66,85,148,28.4281,49.4983
2400,300,66,84,150,28.0000,50.0000
2401,300,68,82,150,27.3333,50.0000
2402,300,69,82,149,27.3333,49.6667
2403,298,69,82,147,27.5168,49.3289
2404,298,68,74,156,24.8322,52.3490
2405,300,74,69,157,23.0000,52.3333
2406,298,74,67,157,22.4832,52.6846
2407,298,74,65,159,21.8121,53.3557
2408,301,74,62,165,20.5980,54.8173
2409,300,73,55,172,18.3333,57.3333
2410,300,72,54,174,18.0000,58.0000
2411,300,72,53,175,17.6667,58.3333
2412,300,71,48,181,16.0000,60.3333
2413,300,68,47,185,15.6667,61.6667
2414,299,68,45,186,15.0502,62.2074
2415,299,70,41,188,13.7124,62.8763
2416,304,77,38,189,12.5000,62.1711
2417,304,77,37,190,12.1711,62.5000
2418,304,78,35,191,11.5132,62.8289
2419,304,83,37,184,12.1711,60.5263
2420,304,87,37,180,12.1711,59.2105
2421,304,89,36,179,11.8421,58.8816
2422,304,91,34,179,11.1842,58.8816
2423,302,94,31,177,10.2649,58.6093
2424,301,97,30,174,9.9668,57.8073
2425,300,100,30,170,10.0000,56.6667
2426,299,101,27,171,9.0301,57.1906
2427,304,108,27,169,8.8816,55.5921
2428,301,107,23,171,7.6412,56.8106
2429,300,108,24,168,8.0000,56.0000
2430,300,112,24,164,8.0000,54.6667
2431,300,111,22,167,7.3333,55.6667
2432,300,112,23,165,7.6667,55.0000
2433,300,112,20,168,6.6667,56.0000
2434,300,114,20,166,6.6667,55.3333
2435,300,117,21,162,7.0000,54.0000
2436,299,118,22,159,7.3579,53.1773
2437,301,118,24,159,7.9734,52.8239
2438,300,120,22,158,7.3333,52.6667
2439,300,121,22,157,7.3333,52.3333
2440,300,126,21,153,7.0000,51.0000
2441,299,133,20,146,6.6890,48.8294
2442,302,143,20,139,6.6225,46.0265
2443,302,144,22,136,7.2848,45.0331
2444,301,150,21,130,6.9767,43.1894
2445,301,155,21,125,6.9767,41.5282
2446,301,157,22,122,7.3090,40.5316
2447,301,158,25,118,8.3056,39.2027
2448,301,157,28,116,9.3023,38.5382
2449,300,163,28,109,9.3333,36.3333
2450,300,159,34,107,11.3333,35.6667
2451,300,158,37,105,12.3333,35.0000
2452,300,158,39,103,13.0000,34.3333
2453,300,160,39,101,13.0000,33.6667
2454,300,163,37,100,12.3333,33.3333
2455,300,162,38,100,12.6667,33.3333
2456,300,167,40,93,13.3333,31.0000
2457,300,169,45,86,15.0000,28.6667
2458,300,169,45,86,15.0000,28.6667
2459,299,168,47,84,15.7191,28.0936
2460,302,172,52,78,17.2185,25.8278
2461,302,174,56,72,18.5430,23.8411
2462,302,174,58,70,19.2053,23.1788
2463,302,169,65,68,21.5232,22.5166
2464,302,168,71,63,23.5099,20.8609
2465,302,168,76,58,25.1656,19.2053
2466,302,167,77,58,25.4967,19.2053
2467,301,163,79,59,26.2458,19.6013
2468,300,160,81,59,27.0000,19.6667
2469,298,159,82,57,27.5168,19.1275
2470,298,157,82,59,27.5168,19.7987
2471,299,156,79,64,26.4214,21.4047
2472,301,154,83,64,27.5748,21.2625
2473,301,151,86,64,28.5714,21.2625
2474,301,141,98,62,32.5581,20.5980
2475,301,138,101,62,33.5548,20.5980
2476,299,136,101,62,33.7793,20.7358
2477,303,133,104,66,34.3234,21.7822
2478,302,129,108,65,35.7616,21.5232
2479,301,124,110,67,36.5449,22.2591
2480,301,122,113,66,37.5415,21.9269
2481,298,119,110,69,36.9128,23.1544
2482,300,115,113,72,37.6667,24.0000
2483,298,111,114,73,38.2550,24.4966
2484,298,105,114,79,38.2550,26.5101
2485,297,106,111,80,37.3737,26.9360
2486,299,106,114,79,38.1271,26.4214
2487,302,102,116,84,38.4106,27.8146
2488,300,99,112,89,37.3333,29.6667
2489,300,94,114,92,38.0000,30.6667
2490,299,96,108,95,36.1204,31.7726
2491,302,99,106,97,35.0993,32.1192
2492,302,93,110,99,36.4238,32.7815
2493,300,83,114,103,38.0000,34.3333
2494,298,80,107,111,35.9060,37.2483
2495,299,77,106,116,35.4515,38.7960
2496,300,76,105,119,35.0000,39.6667
2497,297,72,107,118,36.0269,39.7306
2498,294,72,100,122,34.0136,41.4966
2499,295,72,99,124,33.5593,42.0339
2500,298,72,97,129,32.5503,43.2886
2501,299,71,96,132,32.1070,44.1472
2502,299,70,94,135,31.4381,45.1505
2503,297,72,87,138,29.2929,46.4646
2504,296,74,82,140,27.7027,47.2973
2505,297,74,82,141,27.6094,47.4747
2506,296,76,78,142,26.3514,47.9730
2507,295,73,78,144,26.4407,48.8136
2508,297,75,76,146,25.5892,49.1582
2509,300,71,79,150,26.3333,50.0000
2510,299,71,78,150,26.0870,50.1672
2511,301,69,83,149,27.5748,49.5017
2512,300,67,83,150,27.6667,50.0000
2513,297,64,76,157,25.5892,52.8620
2514,299,64,72,163,24.0803,54.5151
2515,298,64,68,166,22.8188,55.7047
2516,301,66,67,168,22.2591,55.8140
2517,299,66,61,172,20.4013,57.5251
2518,299,65,62,172,20.7358,57.5251
2519,300,70,60,170,20.0000,56.6667
2520,300,70,57,173,19.0000,57.6667
2521,300,68,57,175,19.0000,58.3333
2522,300,71,56,173,18.6667,57.6667
2523,298,74,56,168,18.7919,56.3758
2524,299,76,56,167,18.7291,55.8528
2525,302,77,57,168,18.8742,55.6291
2526,299,73,55,171,18.3946,57.1906
2527,300,72,55,173,18.3333,57.6667
2528,300,71,56,173,18.6667,57.6667
2529,297,72,53,172,17.8451,57.9125
2530,300,75,53,172,17.6667,57.3333
2531,300,75,50,175,16.6667,58.3333
2532,300,74,52,174,17.3333,58.0000
2533,299,75,50,174,16.7224,58.1940
2534,299,77,48,174,16.0535,58.1940
2535,298,80,47,171,15.7718,57.3826
2536,303,87,50,166,16.5017,54.7855
2537,303,89,51,163,16.8317,53.7954
2538,303,89,51,163,16.8317,53.7954
2539,302,94,48,160,15.8940,52.9801
2540,302,99,47,156,15.5629,51.6556
2541,301,101,46,154,15.2824,51.1628
2542,300,103,47,150,15.6667,50.0000
2543,300,102,48,150,16.0000,50.0000
2544,300,102,50,148,16.6667,49.3333
2545,299,101,54,144,18.0602,48.1605
2546,298,107,51,140,17.1141,46.9799
2547,299,111,49,139,16.3880,46.4883
2548,300,112,51,137,17.0000,45.6667
2549,299,109,51,139,17.0569,46.4883
2550,300,112,52,136,17.3333,45.3333
2551,300,113,52,135,17.3333,45.0000
2552,299,114,53,132,17.7258,44.1472
2553,298,113,56,129,18.7919,43.2886
2554,301,116,60,125,19.9336,41.5282
2555,301,118,59,124,19.6013,41.1960
2556,301,117,60,124,19.9336,41.1960
2557,299,117,58,124,19.3980,41.4716
2558,303,123,58,122,19.1419,40.2640
2559,303,118,65,120,21.4521,39.6040
2560,303,122,65,116,21.4521,38.2838
2561,303,121,70,112,23.1023,36.9637
2562,303,118,74,111,24.4224,36.6337
2563,303,113,76,114,25.0825,37.6238
2564,299,108,76,115,25.4181,38.4615
2565,301,110,78,113,25.9136,37.5415
2566,300,112,80,108,26.6667,36.0000
2567,299,112,80,107,26.7559,35.7860
2568,301,114,81,106,26.9103,35.2159
2569,301,115,81,105,26.9103,34.8837
2570,301,111,83,107,27.5748,35.5482
2571,300,107,85,108,28.3333,36.0000
2572,300,104,90,106,30.0000,35.3333
2573,299,104,88,107,29.4314,35.7860
2574,300,105,87,108,29.0000,36.0000
2575,300,103,86,111,28.6667,37.0000
2576,300,99,90,111,30.0000,37.0000
2577,299,100,88,111,29.4314,37.1237
2578,302,100,92,110,30.4636,36.4238
2579,301,101,91,109,30.2326,36.2126
2580,300,98,91,111,30.3333,37.0000
2581,299,98,90,111,30.1003,37.1237
2582,299,93,93,113,31.1037,37.7926
2583,301,97,91,113,30.2326,37.5415
2584,300,93,93,114,31.0000,38.0000
2585,300,95,83,122,27.6667,40.6667
2586,299,93,85,121,28.4281,40.4682
2587,299,91,87,121,29.0970,40.4682
2588,299,85,90,124,30.1003,41.4716
2589,298,86,87,125,29.1946,41.9463
2590,299,87,86,126,28.7625,42.1405
2591,301,90,83,128,27.5748,42.5249
2592,300,87,79,134,26.3333,44.6667
2593,299,84,79,136,26.4214,45.4849
2594,298,83,77,138,25.8389,46.3087
2595,297,86,73,138,24.5791,46.4646
2596,299,89,72,138,24.0803,46.1538
2597,299,89,72,138,24.0803,46.1538
2598,299,92,72,135,24.0803,45.1505
2599,299,95,72,132,24.0803,44.1472
2600,302,96,71,135,23.5099,44.7020
2601,300,94,71,135,23.6667,45.0000
2602,300,95,69,136,23.0000,45.3333
2603,297,95,64,138,21.5488,46.4646
2604,297,99,60,138,20.2020,46.4646
2605,304,106,58,140,19.0789,46.0526
2606,302,104,56,142,18.5430,47.0199
2607,302,103,57,142,18.8742,47.0199
2608,299,99,55,145,18.3946,48.4950
2609,304,105,52,147,17.1053,48.3553
2610,304,105,52,147,17.1053,48.3553
2611,304,102,55,147,18.0921,48.3553
2612,303,101,52,150,17.1617,49.5050
2613,301,100,49,152,16.2791,50.4983
2614,300,101,46,153,15.3333,51.0000
2615,299,101,48,150,16.0535,50.1672
2616,300,105,46,149,15.3333,49.6667
2617,300,109,46,145,15.3333,48.3333
2618,300,109,43,148,14.3333,49.3333
2619,299,111,41,147,13.7124,49.1639
2620,301,114,38,149,12.6246,49.5017
2621,300,117,34,149,11.3333,49.6667
2622,299,115,37,147,12.3746,49.1639
2623,300,118,37,145,12.3333,48.3333
2624,299,119,38,142,12.7090,47.4916
2625,300,121,40,139,13.3333,46.3333
2626,300,124,41,135,13.6667,45.0000
2627,298,123,41,134,13.7584,44.9664
2628,300,125,39,136,13.0000,45.3333
2629,300,127,35,138,11.6667,46.0000
2630,300,124,39,137,13.0000,45.6667
2631,300,124,38,138,12.6667,46.0000
2632,300,126,37,137,12.3333,45.6667
2633,300,129,37,134,12.3333,44.6667
2634,299,130,38,131,12.7090,43.8127
2635,302,138,37,127,12.2517,42.0530
2636,302,133,43,126,14.2384,41.7219
2637,302,139,48,115,15.8940,38.0795
2638,301,140,47,114,15.6146,37.8738
2639,301,138,48,115,15.9468,38.2060
2640,301,138,51,112,16.9435,37.2093
2641,301,137,54,110,17.9402,36.5449
2642,298,138,51,109,17.1141,36.5772
2643,298,140,50,108,16.7785,36.2416
2644,299,147,51,101,17.0569,33.7793
2645,301,150,52,99,17.2757,32.8904
2646,301,150,53,98,17.6080,32.5581
2647,300,151,53,96,17.6667,32.0000
2648,299,150,52,97,17.3913,32.4415
2649,299,149,52,98,17.3913,32.7759
2650,300,150,52,98,17.3333,32.6667
2651,299,147,52,100,17.3913,33.4448
2652,300,149,52,99,17.3333,33.0000
2653,300,146,57,97,19.0000,32.3333
2654,299,145,60,94,20.0669,31.4381
2655,304,146,67,91,22.0395,29.9342
2656,303,144,68,91,22.4422,30.0330
2657,302,140,70,92,23.1788,30.4636
2658,300,136,72,92,24.0000,30.6667
2659,299,132,77,90,25.7525,30.1003
2660,299,132,80,87,26.7559,29.0970
2661,301,137,78,86,25.9136,28.5714
2662,301,134,80,87,26.5781,28.9037
2663,300,129,84,87,28.0000,29.0000
2664,300,127,88,85,29.3333,28.3333
2665,300,124,90,86,30.0000,28.6667
2666,299,121,92,86,30.7692,28.7625
2667,305,125,91,89,29.8361,29.1803
2668,305,122,93,90,30.4918,29.5082
2669,304,118,97,89,31.9079,29.2763
2670,304,116,102,86,33.5526,28.2895
2671,304,114,105,85,34.5395,27.9605
2672,302,113,104,85,34.4371,28.1457
2673,301,110,106,85,35.2159,28.2392
2674,301,104,111,86,36.8771,28.5714
2675,298,98,109,91,36.5772,30.5369
2676,302,97,109,96,36.0927,31.7881
2677,300,96,105,99,35.0000,33.0000
2678,299,92,104,103,34.7826,34.4482
2679,297,86,104,107,35.0168,36.0269
2680,296,86,102,108,34.4595,36.4865
2681,297,87,104,106,35.0168,35.6902
2682,297,84,106,107,35.6902,36.0269
2683,297,85,101,111,34.0067,37.3737
2684,298,86,100,112,33.5570,37.5839
2685,300,85,101,114,33.6667,38.0000
2686,297,81,96,120,32.3232,40.4040
2687,300,83,97,120,32.3333,40.0000
2688,299,81,97,121,32.4415,40.4682
2689,298,80,95,123,31.8792,41.2752
2690,301,80,95,126,31.5615,41.8605
2691,297,80,89,128,29.9663,43.0976
2692,299,79,92,128,30.7692,42.8094
2693,301,76,90,135,29.9003,44.8505
2694,299,74,87,138,29.0970,46.1538
2695,301,72,85,144,28.2392,47.8405
2696,301,69,85,147,28.2392,48.8372
2697,299,69,81,149,27.0903,49.8328
2698,299,69,79,151,26.4214,50.5017
2699,300,67,77,156,25.6667,52.0000
2700,300,66,77,157,25.6667,52.3333
2701,299,65,74,160,24.7492,53.5117
2702,297,63,72,162,24.2424,54.5455
2703,296,65,69,162,23.3108,54.7297
2704,299,70,68,161,22.7425,53.8462
2705,300,73,64,163,21.3333,54.3333
2706,300,70,65,165,21.6667,55.0000
2707,298,71,60,167,20.1342,56.0403
2708,298,74,59,165,19.7987,55.3691
2709,302,82,55,165,18.2119,54.6358
2710,302,80,58,164,19.2053,54.3046
2711,301,79,55,167,18.2724,55.4817
2712,301,78,57,166,18.9369,55.1495
2713,299,79,52,168,17.3913,56.1873
2714,302,79,52,171,17.2185,56.6225
2715,302,78,47,177,15.5629,58.6093
2716,301,77,45,179,14.9502,59.4684
2717,301,80,45,176,14.9502,58.4718
2718,300,82,44,174,14.6667,58.0000
2719,298,85,38,175,12.7517,58.7248
2720,300,90,34,176,11.3333,58.6667
2721,300,88,35,177,11.6667,59.0000
2722,298,89,31,178,10.4027,59.7315
2723,301,93,30,178,9.9668,59.1362
2724,300,96,29,175,9.6667,58.3333
2725,299,97,30,172,10.0334,57.5251
2726,302,102,30,170,9.9338,56.2914
2727,301,106,30,165,9.9668,54.8173
2728,301,109,32,160,10.6312,53.1561
2729,301,110,34,157,11.2957,52.1595
2730,300,111,35,154,11.6667,51.3333
2731,299,116,33,150,11.0368,50.1672
2732,300,119,34,147,11.3333,49.0000
2733,300,118,34,148,11.3333,49.3333
2734,300,118,32,150,10.6667,50.0000
2735,300,123,30,147,10.0000,49.0000
2736,300,126,29,145,9.6667,48.3333
2737,300,126,31,143,10.3333,47.6667
2738,300,130,33,137,11.0000,45.6667
2739,300,132,33,135,11.0000,45.0000
2740,300,132,35,133,11.6667,44.3333
2741,300,133,35,132,11.6667,44.0000
2742,299,136,34,129,11.3712,43.1438
2743,304,145,34,125,11.1842,41.1184
2744,304,144,35,125,11.5132,41.1184
2745,304,151,34,119,11.1842,39.1447
2746,304,150,37,117,12.1711,38.4868
2747,304,156,40,108,13.1579,35.5263
2748,303,157,38,108,12.5413,35.6436
2749,303,155,41,107,13.5314,35.3135
2750,303,158,39,106,12.8713,34.9835
2751,303,162,40,101,13.2013,33.3333
2752,303,161,43,99,14.1914,32.6733
2753,302,165,38,99,12.5828,32.7815
2754,302,166,38,98,12.5828,32.4503
2755,301,167,38,96,12.6246,31.8937
2756,300,169,37,94,12.3333,31.3333
2757,300,168,39,93,13.0000,31.0000
2758,299,167,40,92,13.3779,30.7692
2759,300,169,42,89,14.0000,29.6667
2760,300,165,47,88,15.6667,29.3333
2761,300,166,47,87,15.6667,29.0000
2762,300,163,51,86,17.0000,28.6667
2763,299,161,56,82,18.7291,27.4247
2764,300,157,62,81,20.6667,27.0000
2765,300,153,69,78,23.0000,26.0000
2766,300,152,72,76,24.0000,25.3333
2767,299,158,70,71,23.4114,23.7458
2768,303,162,71,70,23.4323,23.1023
2769,302,157,72,73,23.8411,24.1722
2770,301,152,74,75,24.5847,24.9169
2771,301,152,76,73,25.2492,24.2525
2772,300,153,76,71,25.3333,23.6667
2773,297,151,76,70,25.5892,23.5690
2774,298,153,77,68,25.8389,22.8188
2775,299,150,79,70,26.4214,23.4114
2776,301,150,82,69,27.2425,22.9236
2777,301,140,90,71,29.9003,23.5880
2778,301,134,93,74,30.8970,24.5847
2779,301,126,100,75,33.2226,24.9169
2780,300,120,102,78,34.0000,26.0000
2781,299,116,104,79,34.7826,26.4214
2782,299,115,102,82,34.1137,27.4247
2783,300,113,105,82,35.0000,27.3333
2784,298,107,105,86,35.2349,28.8591
2785,298,107,103,88,34.5638,29.5302
2786,296,103,103,90,34.7973,30.4054
2787,299,105,104,90,34.7826,30.1003
2788,301,105,107,89,35.5482,29.5681
2789,300,104,103,93,34.3333,31.0000
2790,298,96,105,97,35.2349,32.5503
2791,300,93,108,99,36.0000,33.0000
2792,299,84,114,101,38.1271,33.7793
2793,300,80,119,101,39.6667,33.6667
2794,298,79,115,104,38.5906,34.8993
2795,300,76,117,107,39.0000,35.6667
2796,300,72,119,109,39.6667,36.3333
2797,300,68,118,114,39.3333,38.0000
2798,297,68,110,119,37.0370,40.0673
2799,297,67,107,123,36.0269,41.4141
2800,298,67,107,124,35.9060,41.6107
2801,297,66,105,126,35.3535,42.4242
2802,293,66,102,125,34.8123,42.6621
2803,291,67,98,126,33.6770,43.2990
2804,293,65,102,126,34.8123,43.0034
2805,290,66,97,127,33.4483,43.7931
2806,291,68,94,129,32.3024,44.3299
2807,293,68,91,134,31.0580,45.7338
2808,296,67,91,138,30.7432,46.6216
2809,297,68,90,139,30.3030,46.8013
2810,298,69,86,143,28.8591,47.9866
2811,299,68,82,149,27.4247,49.8328
2812,297,67,78,152,26.2626,51.1785
2813,297,69,71,157,23.9057,52.8620
2814,298,67,73,158,24.4966,53.0201
2815,298,66,69,163,23.1544,54.6980
2816,302,70,66,166,21.8543,54.9669
2817,301,70,61,170,20.2658,56.4784
2818,300,71,61,168,20.3333,56.0000
2819,298,72,60,166,20.1342,55.7047
2820,301,72,59,170,19.6013,56.4784
2821,300,74,57,169,19.0000,56.3333
2822,299,75,54,170,18.0602,56.8562
2823,304,77,55,172,18.0921,56.5789
2824,303,78,49,176,16.1716,58.0858
2825,303,77,47,179,15.5116,59.0759
2826,303,75,48,180,15.8416,59.4059
2827,303,77,46,180,15.1815,59.4059
2828,302,77,42,183,13.9073,60.5960
2829,299,78,39,182,13.0435,60.8696
2830,299,80,39,180,13.0435,60.2007
2831,300,82,38,180,12.6667,60.0000
2832,300,82,40,178,13.3333,59.3333
2833,299,84,37,178,12.3746,59.5318
2834,303,92,35,176,11.5512,58.0858
2835,302,93,32,177,10.5960,58.6093
2836,302,96,34,172,11.2583,56.9536
2837,302,100,33,169,10.9272,55.9603
2838,302,104,33,165,10.9272,54.6358
2839,301,108,32,161,10.6312,53.4884
2840,301,108,32,161,10.6312,53.4884
2841,299,111,29,159,9.6990,53.1773
2842,302,117,28,157,9.2715,51.9868
2843,300,118,24,158,8.0000,52.6667
2844,300,120,24,156,8.0000,52.0000
2845,300,119,25,156,8.3333,52.0000
2846,300,121,26,153,8.6667,51.0000
2847,300,121,26,153,8.6667,51.0000
2848,300,123,27,150,9.0000,50.0000
2849,300,129,26,145,8.6667,48.3333
2850,300,134,27,139,9.0000,46.3333
2851,299,136,26,137,8.6957,45.8194
2852,302,141,26,135,8.6093,44.7020
2853,302,144,26,132,8.6093,43.7086
2854,302,145,27,130,8.9404,43.0464
2855,301,147,26,128,8.6379,42.5249
2856,301,147,26,128,8.6379,42.5249
2857,300,151,26,123,8.6667,41.0000
2858,300,154,26,120,8.6667,40.0000
2859,300,157,27,116,9.0000,38.6667
2860,300,161,27,112,9.0000,37.3333
2861,300,161,27,112,9.0000,37.3333
2862,300,163,30,107,10.0000,35.6667
2863,300,166,31,103,10.3333,34.3333
2864,300,165,35,100,11.6667,33.3333
2865,300,167,40,93,13.3333,31.0000
2866,300,167,40,93,13.3333,31.0000
2867,300,169,40,91,13.3333,30.3333
2868,299,170,40,89,13.3779,29.7659
2869,301,177,40,84,13.2890,27.9070
2870,301,177,41,83,13.6213,27.5748
2871,300,171,45,84,15.0000,28.0000
2872,299,173,46,80,15.3846,26.7559
2873,303,177,46,80,15.1815,26.4026
2874,303,176,50,77,16.5017,25.4125
2875,303,175,54,74,17.8218,24.4224
2876,301,176,56,69,18.6047,22.9236
2877,301,172,63,66,20.9302,21.9269
2878,301,169,66,66,21.9269,21.9269
2879,300,167,70,63,23.3333,21.0000
2880,300,163,75,62,25.0000,20.6667
2881,300,158,81,61,27.0000,20.3333
2882,299,152,85,62,28.4281,20.7358
2883,300,149,89,62,29.6667,20.6667
2884,299,145,90,64,30.1003,21.4047
2885,299,139,95,65,31.7726,21.7391
2886,300,138,95,67,31.6667,22.3333
2887,299,135,98,66,32.7759,22.0736
2888,300,137,97,66,32.3333,22.0000
2889,299,133,101,65,33.7793,21.7391
2890,302,135,103,64,34.1060,21.1921
2891,302,134,104,64,34.4371,21.1921
2892,297,133,98,66,32.9966,22.2222
2893,296,132,99,65,33.4459,21.9595
2894,296,131,101,64,34.1216,21.6216
2895,298,128,104,66,34.8993,22.1477
2896,298,121,108,69,36.2416,23.1544
2897,297,121,101,75,34.0067,25.2525
2898,296,113,107,76,36.1486,25.6757
2899,299,114,107,78,35.7860,26.0870
2900,299,111,106,82,35.4515,27.4247
2901,298,111,104,83,34.8993,27.8523
2902,297,112,99,86,33.3333,28.9562
2903,299,113,94,92,31.4381,30.7692
2904,301,114,94,93,31.2292,30.8970
2905,299,108,97,94,32.4415,31.4381
2906,297,106,89,102,29.9663,34.3434
2907,299,103,91,105,30.4348,35.1171
2908,301,103,91,107,30.2326,35.5482
2909,301,101,92,108,30.5648,35.8804
2910,298,100,87,111,29.1946,37.2483
2911,298,101,87,110,29.1946,36.9128
2912,301,100,90,111,29.9003,36.8771
2913,301,98,92,111,30.5648,36.8771
2914,300,95,90,115,30.0000,38.3333
2915,299,95,87,117,29.0970,39.1304
2916,299,93,82,124,27.4247,41.4716
2917,303,96,80,127,26.4026,41.9142
2918,299,93,75,131,25.0836,43.8127
2919,297,92,75,130,25.2525,43.7710
2920,298,91,75,132,25.1678,44.2953
2921,299,89,74,136,24.7492,45.4849
2922,300,86,75,139,25.0000,46.3333
2923,299,86,74,139,24.7492,46.4883
2924,301,88,73,140,24.2525,46.5116
2925,299,84,71,144,23.7458,48.1605
2926,299,83,69,147,23.0769,49.1639
2927,302,84,70,148,23.1788,49.0066
2928,301,78,72,151,23.9203,50.1661
2929,299,74,71,154,23.7458,51.5050
2930,301,77,70,154,23.2558,51.1628
2931,301,76,70,155,23.2558,51.4950
2932,299,75,68,156,22.7425,52.1739
2933,300,75,65,160,21.6667,53.3333
2934,299,73,65,161,21.7391,53.8462
2935,304,80,65,159,21.3816,52.3026
2936,302,82,61,159,20.1987,52.6490
2937,302,83,61,158,20.1987,52.3179
2938,302,85,62,155,20.5298,51.3245
2939,302,86,57,159,18.8742,52.6490
2940,302,85,53,164,17.5497,54.3046
2941,299,86,47,166,15.7191,55.5184
2942,302,89,45,168,14.9007,55.6291
2943,301,87,45,169,14.9502,56.1462
2944,300,89,44,167,14.6667,55.6667
2945,300,89,44,167,14.6667,55.6667
2946,298,88,39,171,13.0872,57.3826
2947,299,94,34,171,11.3712,57.1906
2948,300,97,33,170,11.0000,56.6667
2949,298,103,29,166,9.7315,55.7047
2950,300,107,28,165,9.3333,55.0000
2951,300,111,28,161,9.3333,53.6667
2952,300,115,28,157,9.3333,52.3333
2953,299,116,26,157,8.6957,52.5084
2954,307,126,26,155,8.4691,50.4886
2955,306,131,26,149,8.4967,48.6928
2956,306,134,25,147,8.1699,48.0392
2957,306,136,25,145,8.1699,47.3856
2958,306,141,24,141,7.8431,46.0784
2959,306,142,25,139,8.1699,45.4248
2960,306,146,24,136,7.8431,44.4444
2961,306,146,25,135,8.1699,44.1176
2962,306,149,25,132,8.1699,43.1373
2963,306,149,26,131,8.4967,42.8105
2964,306,148,26,132,8.4967,43.1373
2965,306,149,26,131,8.4967,42.8105
2966,305,152,25,128,8.1967,41.9672
2967,305,156,24,125,7.8689,40.9836
2968,305,161,25,119,8.1967,39.0164
2969,305,164,25,116,8.1967,38.0328
2970,304,166,25,113,8.2237,37.1711
2971,304,167,26,111,8.5526,36.5132
2972,303,169,26,108,8.5809,35.6436
2973,303,173,27,103,8.9109,33.9934
2974,302,174,27,101,8.9404,33.4437
2975,301,172,28,101,9.3023,33.5548
2976,301,174,27,100,8.9701,33.2226
2977,301,179,28,94,9.3023,31.2292
2978,301,181,29,91,9.6346,30.2326
2979,298,182,27,89,9.0604,29.8658
2980,298,185,25,88,8.3893,29.5302
2981,300,191,25,84,8.3333,28.0000
2982,298,188,27,83,9.0604,27.8523
2983,300,191,27,82,9.0000,27.3333
2984,299,194,25,80,8.3612,26.7559
2985,301,200,23,78,7.6412,25.9136
2986,301,201,24,76,7.9734,25.2492
2987,301,201,24,76,7.9734,25.2492
2988,301,202,26,73,8.6379,24.2525
2989,300,200,28,72,9.3333,24.0000
2990,300,199,28,73,9.3333,24.3333
2991,299,201,29,69,9.6990,23.0769
2992,301,204,32,65,10.6312,21.5947
2993,301,205,34,62,11.2957,20.5980
2994,301,203,37,61,12.2924,20.2658
2995,300,202,37,61,12.3333,20.3333
2996,300,200,38,62,12.6667,20.6667
2997,300,194,44,62,14.6667,20.6667
2998,300,194,47,59,15.6667,19.6667
2999,300,193,53,54,17.6667,18.0000
3000,300,188,59,53,19.6667,17.6667
3001,300,186,64,50,21.3333,16.6667
3002,299,184,66,49,22.0736,16.3880
3003,301,184,67,50,22.2591,16.6113
3004,301,176,75,50,24.9169,16.6113
3005,301,174,79,48,26.2458,15.9468
3006,300,174,79,47,26.3333,15.6667
3007,300,169,86,45,28.6667,15.0000
3008,300,166,89,45,29.6667,15.0000
3009,300,163,89,48,29.6667,16.0000
3010,300,160,94,46,31.3333,15.3333
3011,299,152,100,47,33.4448,15.7191
3012,300,149,102,49,34.0000,16.3333
3013,299,145,103,51,34.4482,17.0569
3014,298,142,104,52,34.8993,17.4497
3015,301,139,106,56,35.2159,18.6047
3016,300,138,108,54,36.0000,18.0000
3017,298,129,111,58,37.2483,19.4631
3018,296,118,116,62,39.1892,20.9459
3019,299,116,121,62,40.4682,20.7358
3020,299,115,118,66,39.4649,22.0736
3021,296,112,115,69,38.8514,23.3108
3022,295,109,116,70,39.3220,23.7288
3023,296,101,122,73,41.2162,24.6622
3024,294,90,124,80,42.1769,27.2109
3025,293,85,126,82,43.0034,27.9863
3026,293,82,127,84,43.3447,28.6689
3027,295,82,125,88,42.3729,29.8305
3028,296,80,127,89,42.9054,30.0676
3029,297,74,129,94,43.4343,31.6498
3030,296,68,134,94,45.2703,31.7568
3031,294,67,127,100,43.1973,34.0136
3032,293,68,122,103,41.6382,35.1536
3033,297,70,120,107,40.4040,36.0269
3034,299,67,119,113,39.7993,37.7926
3035,300,69,112,119,37.3333,39.6667
3036,300,61,117,122,39.0000,40.6667
3037,297,58,114,125,38.3838,42.0875
3038,294,55,108,131,36.7347,44.5578
3039,293,53,102,138,34.8123,47.0990
3040,293,52,99,142,33.7884,48.4642
3041,296,55,96,145,32.4324,48.9865
3042,298,59,92,147,30.8725,49.3289
3043,297,59,86,152,28.9562,51.1785
3044,299,62,84,153,28.0936,51.1706
3045,299,61,74,164,24.7492,54.8495
3046,304,67,70,167,23.0263,54.9342
3047,304,68,67,169,22.0395,55.5921
3048,302,68,62,172,20.5298,56.9536
3049,302,68,58,176,19.2053,58.2781
3050,301,70,53,178,17.6080,59.1362
3051,300,67,50,183,16.6667,61.0000
3052,300,66,49,185,16.3333,61.6667
3053,299,65,49,185,16.3880,61.8729
3054,303,69,47,187,15.5116,61.7162
3055,301,69,46,186,15.2824,61.7940
3056,301,68,44,189,14.6179,62.7907
3057,299,67,38,194,12.7090,64.8829
3058,299,70,32,197,10.7023,65.8863
3059,299,69,32,198,10.7023,66.2207
3060,302,73,29,200,9.6026,66.2252
3061,302,75,30,197,9.9338,65.2318
3062,302,76,29,197,9.6026,65.2318
3063,302,77,29,196,9.6026,64.9007
3064,301,79,26,196,8.6379,65.1163
3065,300,81,22,197,7.3333,65.6667
3066,300,81,24,195,8.0000,65.0000
3067,300,85,23,192,7.6667,64.0000
3068,299,84,23,192,7.6923,64.2140
3069,304,93,23,188,7.5658,61.8421
3070,303,98,22,183,7.2607,60.3960
3071,303,98,21,184,6.9307,60.7261
3072,303,103,20,180,6.6007,59.4059
3073,302,107,18,177,5.9603,58.6093
3074,302,110,16,176,5.2980,58.2781
3075,302,113,16,173,5.2980,57.2848
3076,302,118,16,168,5.2980,55.6291
3077,301,120,15,166,4.9834,55.1495
3078,301,122,15,164,4.9834,54.4850
3079,301,127,13,161,4.3189,53.4884
3080,301,129,13,159,4.3189,52.8239
3081,301,134,13,154,4.3189,51.1628
3082,301,134,12,155,3.9867,51.4950
3083,301,140,11,150,3.6545,49.8339
3084,300,143,11,146,3.6667,48.6667
3085,300,147,11,142,3.6667,47.3333
3086,300,152,11,137,3.6667,45.6667
3087,299,158,10,131,3.3445,43.8127
3088,301,163,10,128,3.3223,42.5249
3089,301,168,9,124,2.9900,41.1960
3090,301,175,9,117,2.9900,38.8704
3091,301,181,9,111,2.9900,36.8771
3092,301,185,9,107,2.9900,35.5482
3093,301,189,9,103,2.9900,34.2193
3094,301,191,11,99,3.6545,32.8904
3095,301,198,11,92,3.6545,30.5648
3096,301,199,12,90,3.9867,29.9003
3097,300,210,10,80,3.3333,26.6667
3098,300,215,10,75,3.3333,25.0000
3099,300,217,10,73,3.3333,24.3333
3100,300,221,11,68,3.6667,22.6667
3101,299,225,11,63,3.6789,21.0702
3102,302,230,13,59,4.3046,19.5364
3103,302,233,15,54,4.9669,17.8808
3104,302,234,16,52,5.2980,17.2185
3105,302,233,16,53,5.2980,17.5497
3106,302,233,17,52,5.6291,17.2185
3107,302,232,19,51,6.2914,16.8874
3108,302,232,21,49,6.9536,16.2252
3109,302,234,24,44,7.9470,14.5695
3110,302,236,26,40,8.6093,13.2450
3111,302,233,29,40,9.6026,13.2450
3112,302,234,31,37,10.2649,12.2517
3113,302,230,35,37,11.5894,12.2517
3114,302,230,37,35,12.2517,11.5894
3115,302,228,38,36,12.5828,11.9205
3116,302,229,40,33,13.2450,10.9272
3117,302,228,43,31,14.2384,10.2649
3118,302,219,52,31,17.2185,10.2649
3119,302,215,56,31,18.5430,10.2649
3120,302,212,58,32,19.2053,10.5960
3121,302,208,63,31,20.8609,10.2649
3122,302,202,68,32,22.5166,10.5960
3123,302,198,71,33,23.5099,10.9272
3124,302,193,76,33,25.1656,10.9272
3125,301,188,79,34,26.2458,11.2957
3126,301,181,86,34,28.5714,11.2957
3127,301,176,89,36,29.5681,11.9601
3128,300,171,95,34,31.6667,11.3333
3129,298,165,98,35,32.8859,11.7450
3130,303,166,100,37,33.0033,12.2112
3131,301,165,98,38,32.5581,12.6246
3132,300,160,103,37,34.3333,12.3333
3133,300,150,112,38,37.3333,12.6667
3134,300,140,118,42,39.3333,14.0000
3135,300,135,121,44,40.3333,14.6667
3136,300,131,123,46,41.0000,15.3333
3137,300,127,127,46,42.3333,15.3333
3138,299,118,129,52,43.1438,17.3913
3139,297,112,129,56,43.4343,18.8552
3140,298,113,127,58,42.6174,19.4631
3141,298,107,132,59,44.2953,19.7987
3142,300,106,132,62,44.0000,20.6667
3143,299,104,128,67,42.8094,22.4080
3144,298,102,125,71,41.9463,23.8255
3145,297,98,125,74,42.0875,24.9158
3146,296,92,122,82,41.2162,27.7027
3147,299,91,121,87,40.4682,29.0970
3148,301,92,117,92,38.8704,30.5648
3149,299,91,114,94,38.1271,31.4381
3150,302,88,115,99,38.0795,32.7815
3151,299,82,117,100,39.1304,33.4448
3152,302,80,118,104,39.0728,34.4371
3153,299,76,114,109,38.1271,36.4548
3154,295,72,107,116,36.2712,39.3220
3155,294,69,102,123,34.6939,41.8367
3156,293,70,98,125,33.4471,42.6621
3157,294,64,101,129,34.3537,43.8776
3158,295,65,97,133,32.8814,45.0847
3159,296,66,91,139,30.7432,46.9595
3160,296,65,89,142,30.0676,47.9730
3161,298,66,85,147,28.5235,49.3289
3162,295,65,78,152,26.4407,51.5254
3163,294,64,75,155,25.5102,52.7211
3164,293,61,76,156,25.9386,53.2423
3165,295,63,71,161,24.0678,54.5763
3166,295,61,70,164,23.7288,55.5932
3167,296,63,65,168,21.9595,56.7568
3168,297,64,63,170,21.2121,57.2391
3169,297,65,62,170,20.8754,57.2391
3170,297,62,60,175,20.2020,58.9226
3171,299,64,57,178,19.0635,59.5318
3172,300,69,47,184,15.6667,61.3333
3173,299,68,45,186,15.0502,62.2074
3174,299,68,42,189,14.0468,63.2107
3175,301,73,41,187,13.6213,62.1262
3176,299,74,37,188,12.3746,62.8763
3177,301,78,35,188,11.6279,62.4585
3178,298,79,29,190,9.7315,63.7584
3179,302,84,29,189,9.6026,62.5828
3180,301,84,26,191,8.6379,63.4551
3181,301,84,26,191,8.6379,63.4551
3182,300,87,24,189,8.0000,63.0000
3183,300,89,24,187,8.0000,62.3333
3184,299,89,21,189,7.0234,63.2107
3185,299,90,21,188,7.0234,62.8763
3186,299,97,17,185,5.6856,61.8729
3187,300,100,18,182,6.0000,60.6667
3188,299,103,17,179,5.6856,59.8662
3189,303,105,19,179,6.2706,59.0759
3190,303,110,20,173,6.6007,57.0957
3191,301,114,16,171,5.3156,56.8106
3192,301,117,16,168,5.3156,55.8140
3193,301,118,17,166,5.6478,55.1495
3194,299,121,14,164,4.6823,54.8495
3195,304,130,15,159,4.9342,52.3026
3196,304,132,17,155,5.5921,50.9868
3197,304,134,18,152,5.9211,50.0000
3198,304,142,18,144,5.9211,47.3684
3199,303,146,17,140,5.6106,46.2046
3200,303,148,20,135,6.6007,44.5545
3201,303,149,21,133,6.9307,43.8944
3202,303,152,23,128,7.5908,42.2442
3203,303,151,26,126,8.5809,41.5842
3204,303,155,25,123,8.2508,40.5941
3205,303,158,26,119,8.5809,39.2739
3206,303,164,27,112,8.9109,36.9637
3207,303,169,27,107,8.9109,35.3135
3208,303,171,27,105,8.9109,34.6535
3209,302,174,28,100,9.2715,33.1126
3210,302,177,29,96,9.6026,31.7881
3211,302,180,30,92,9.9338,30.4636
3212,302,183,31,88,10.2649,29.1391
3213,302,182,36,84,11.9205,27.8146
3214,302,185,38,79,12.5828,26.1589
3215,302,188,39,75,12.9139,24.8344
3216,302,185,41,76,13.5762,25.1656
3217,301,184,45,72,14.9502,23.9203
3218,301,184,47,70,15.6146,23.2558
3219,301,188,48,65,15.9468,21.5947
3220,301,187,50,64,16.6113,21.2625
3221,300,183,53,64,17.6667,21.3333
3222,300,184,53,63,17.6667,21.0000
3223,300,186,54,60,18.0000,20.0000
3224,298,188,57,53,19.1275,17.7852
3225,300,188,60,52,20.0000,17.3333
3226,299,189,62,48,20.7358,16.0535
3227,301,185,68,48,22.5914,15.9468
3228,301,177,77,47,25.5814,15.6146
3229,299,169,85,45,28.4281,15.0502
3230,303,173,85,45,28.0528,14.8515
3231,303,167,91,45,30.0330,14.8515
3232,303,163,95,45,31.3531,14.8515
3233,303,158,98,47,32.3432,15.5116
3234,302,155,97,50,32.1192,16.5563
3235,302,149,103,50,34.1060,16.5563
3236,302,147,104,51,34.4371,16.8874
3237,299,136,110,53,36.7893,17.7258
3238,300,134,111,55,37.0000,18.3333
3239,298,129,112,57,37.5839,19.1275
3240,300,125,118,57,39.3333,19.0000
3241,300,119,119,62,39.6667,20.6667
3242,298,115,121,62,40.6040,20.8054
3243,297,111,124,62,41.7508,20.8754
3244,298,107,127,64,42.6174,21.4765
3245,300,103,129,68,43.0000,22.6667
3246,299,94,136,69,45.4849,23.0769
3247,299,90,135,74,45.1505,24.7492
3248,296,87,129,80,43.5811,27.0270
3249,293,82,127,84,43.3447,28.6689
3250,291,82,121,88,41.5808,30.2405
3251,289,77,123,89,42.5606,30.7958
3252,284,73,120,91,42.2535,32.0423
3253,287,75,117,95,40.7666,33.1010
3254,288,74,115,99,39.9306,34.3750
3255,289,67,120,102,41.5225,35.2941
3256,289,70,113,106,39.1003,36.6782
3257,290,70,109,111,37.5862,38.2759
3258,293,70,105,118,35.8362,40.2730
3259,297,73,103,121,34.6801,40.7407
3260,299,74,103,122,34.4482,40.8027
3261,298,72,99,127,33.2215,42.6174
3262,299,74,96,129,32.1070,43.1438
3263,298,73,92,133,30.8725,44.6309
3264,298,72,89,137,29.8658,45.9732
3265,298,72,86,140,28.8591,46.9799
3266,294,68,80,146,27.2109,49.6599
3267,296,70,75,151,25.3378,51.0135
3268,296,74,69,153,23.3108,51.6892
3269,295,74,67,154,22.7119,52.2034
3270,296,76,66,154,22.2973,52.0270
3271,295,73,68,154,23.0508,52.2034
3272,294,72,65,157,22.1088,53.4014
3273,299,78,62,159,20.7358,53.1773
3274,304,85,61,158,20.0658,51.9737
3275,304,84,57,163,18.7500,53.6184
3276,301,80,56,165,18.6047,54.8173
3277,301,78,57,166,18.9369,55.1495
3278,300,76,54,170,18.0000,56.6667
3279,300,77,52,171,17.3333,57.0000
3280,300,75,52,173,17.3333,57.6667
3281,298,72,50,176,16.7785,59.0604
3282,299,77,46,176,15.3846,58.8629
3283,303,81,46,176,15.1815,58.0858
3284,302,83,41,178,13.5762,58.9404
3285,302,85,40,177,13.2450,58.6093
3286,301,88,36,177,11.9601,58.8040
3287,301,88,37,176,12.2924,58.4718
3288,301,89,38,174,12.6246,57.8073
3289,300,89,39,172,13.0000,57.3333
3290,298,91,37,170,12.4161,57.0470
3291,299,95,35,169,11.7057,56.5217
3292,300,94,32,174,10.6667,58.0000
3293,300,99,31,170,10.3333,56.6667
3294,300,98,31,171,10.3333,57.0000
3295,300,100,31,169,10.3333,56.3333
3296,299,102,28,169,9.3645,56.5217
3297,302,107,26,169,8.6093,55.9603
3298,301,109,22,170,7.3090,56.4784
3299,301,115,22,164,7.3090,54.4850
3300,301,120,23,158,7.6412,52.4917
3301,300,121,22,157,7.3333,52.3333
3302,300,123,22,155,7.3333,51.6667
3303,300,125,21,154,7.0000,51.3333
3304,300,125,23,152,7.6667,50.6667
3305,300,128,25,147,8.3333,49.0000
3306,300,130,26,144,8.6667,48.0000
3307,300,131,26,143,8.6667,47.6667
3308,300,135,27,138,9.0000,46.0000
3309,300,140,26,134,8.6667,44.6667
3310,299,146,23,130,7.6923,43.4783
3311,303,153,25,125,8.2508,41.2541
3312,303,154,26,123,8.5809,40.5941
3313,302,159,24,119,7.9470,39.4040
3314,302,161,25,116,8.2781,38.4106
3315,301,167,23,111,7.6412,36.8771
3316,301,171,23,107,7.6412,35.5482
3317,301,174,23,104,7.6412,34.5515
3318,300,175,27,98,9.0000,32.6667
3319,300,179,28,93,9.3333,31.0000
3320,300,183,28,89,9.3333,29.6667
3321,300,184,26,90,8.6667,30.0000
3322,300,183,25,92,8.3333,30.6667
3323,300,181,28,91,9.3333,30.3333
3324,300,184,28,88,9.3333,29.3333
3325,300,183,30,87,10.0000,29.0000
3326,299,186,28,85,9.3645,28.4281
3327,301,193,28,80,9.3023,26.5781
3328,300,194,26,80,8.6667,26.6667
3329,299,196,25,78,8.3612,26.0870
3330,301,197,29,75,9.6346,24.9169
3331,301,198,29,74,9.6346,24.5847
3332,300,198,30,72,10.0000,24.0000
3333,300,200,31,69,10.3333,23.0000
3334,300,202,32,66,10.6667,22.0000
3335,300,200,35,65,11.6667,21.6667
3336,300,203,36,61,12.0000,20.3333
3337,300,204,37,59,12.3333,19.6667
3338,300,206,36,58,12.0000,19.3333
3339,300,205,34,61,11.3333,20.3333
3340,300,205,34,61,11.3333,20.3333
3341,300,202,36,62,12.0000,20.6667
3342,299,204,35,60,11.7057,20.0669
3343,302,204,38,60,12.5828,19.8675
3344,302,206,37,59,12.2517,19.5364
3345,302,203,40,59,13.2450,19.5364
3346,302,200,42,60,13.9073,19.8675
3347,302,195,47,60,15.5629,19.8675
3348,301,194,48,59,15.9468,19.6013
3349,301,192,54,55,17.9402,18.2724
3350,301,190,56,55,18.6047,18.2724
3351,300,190,54,56,18.0000,18.6667
3352,299,187,54,58,18.0602,19.3980
3353,300,185,58,57,19.3333,19.0000
3354,299,179,64,56,21.4047,18.7291
3355,302,178,66,58,21.8543,19.2053
3356,302,174,70,58,23.1788,19.2053
3357,302,169,73,60,24.1722,19.8675
3358,302,167,75,60,24.8344,19.8675
3359,302,163,79,60,26.1589,19.8675
3360,302,155,86,61,28.4768,20.1987
3361,302,154,87,61,28.8079,20.1987
3362,302,150,93,59,30.7947,19.5364
3363,302,144,97,61,32.1192,20.1987
3364,301,143,95,63,31.5615,20.9302
3365,299,139,97,63,32.4415,21.0702
3366,297,134,98,65,32.9966,21.8855
3367,296,134,95,67,32.0946,22.6351
3368,297,130,97,70,32.6599,23.5690
3369,296,130,95,71,32.0946,23.9865
3370,300,122,103,75,34.3333,25.0000
3371,297,118,103,76,34.6801,25.5892
3372,297,113,107,77,36.0269,25.9259
3373,301,117,106,78,35.2159,25.9136
3374,298,116,102,80,34.2282,26.8456
3375,297,115,99,83,33.3333,27.9461
3376,301,114,101,86,33.5548,28.5714
3377,301,113,101,87,33.5548,28.9037
3378,298,113,97,88,32.5503,29.5302
3379,297,112,94,91,31.6498,30.6397
3380,298,112,92,94,30.8725,31.5436
3381,298,110,90,98,30.2013,32.8859
3382,299,110,87,102,29.0970,34.1137
3383,303,109,87,107,28.7129,35.3135
3384,302,109,86,107,28.4768,35.4305
3385,302,107,86,109,28.4768,36.0927
3386,299,103,84,112,28.0936,37.4582
3387,298,100,83,115,27.8523,38.5906
3388,300,103,80,117,26.6667,39.0000
3389,300,98,83,119,27.6667,39.6667
3390,299,95,79,125,26.4214,41.8060
3391,300,98,75,127,25.0000,42.3333
3392,299,96,73,130,24.4147,43.4783
3393,302,95,74,133,24.5033,44.0397
3394,300,90,75,135,25.0000,45.0000
3395,299,87,77,135,25.7525,45.1505
3396,300,90,74,136,24.6667,45.3333
3397,299,89,70,140,23.4114,46.8227
3398,299,88,74,137,24.7492,45.8194
3399,301,88,75,138,24.9169,45.8472
3400,299,86,74,139,24.7492,46.4883
3401,298,81,75,142,25.1678,47.6510
3402,302,84,76,142,25.1656,47.0199
3403,300,83,75,142,25.0000,47.3333
3404,300,80,76,144,25.3333,48.0000
3405,300,80,76,144,25.3333,48.0000
3406,297,75,77,145,25.9259,48.8215
3407,298,77,78,143,26.1745,47.9866
3408,299,78,75,146,25.0836,48.8294
3409,297,78,73,146,24.5791,49.1582
3410,302,83,68,151,22.5166,50.0000
3411,302,83,68,151,22.5166,50.0000
3412,301,82,66,153,21.9269,50.8306
3413,301,82,64,155,21.2625,51.4950
3414,299,81,60,158,20.0669,52.8428
3415,299,83,55,161,18.3946,53.8462
3416,302,86,56,160,18.5430,52.9801
3417,302,86,56,160,18.5430,52.9801
3418,302,86,53,163,17.5497,53.9735
3419,301,87,50,164,16.6113,54.4850
3420,300,88,50,162,16.6667,54.0000
3421,298,86,50,162,16.7785,54.3624
3422,299,90,46,163,15.3846,54.5151
3423,300,91,45,164,15.0000,54.6667
3424,300,92,42,166,14.0000,55.3333
3425,299,94,38,167,12.7090,55.8528
3426,300,97,39,164,13.0000,54.6667
3427,300,97,37,166,12.3333,55.3333
3428,300,99,38,163,12.6667,54.3333
3429,300,102,37,161,12.3333,53.6667
3430,300,103,37,160,12.3333,53.3333
3431,300,106,35,159,11.6667,53.0000
3432,299,108,37,154,12.3746,51.5050
3433,300,110,38,152,12.6667,50.6667
3434,299,112,40,147,13.3779,49.1639
3435,300,115,42,143,14.0000,47.6667
3436,300,115,41,144,13.6667,48.0000
3437,298,115,41,142,13.7584,47.6510
3438,298,117,41,140,13.7584,46.9799
3439,300,120,42,138,14.0000,46.0000
3440,298,122,40,136,13.4228,45.6376
3441,298,122,41,135,13.7584,45.3020
3442,299,129,41,129,13.7124,43.1438
3443,303,136,43,124,14.1914,40.9241
3444,303,137,45,121,14.8515,39.9340
3445,303,139,46,118,15.1815,38.9439
3446,301,136,49,116,16.2791,38.5382
3447,301,134,46,121,15.2824,40.1993
3448,301,137,46,118,15.2824,39.2027
3449,301,137,51,113,16.9435,37.5415
3450,300,134,53,113,17.6667,37.6667
3451,300,134,53,113,17.6667,37.6667
3452,299,127,60,112,20.0669,37.4582
3453,301,127,64,110,21.2625,36.5449
3454,299,128,60,111,20.0669,37.1237
3455,300,126,63,111,21.0000,37.0000
3456,299,126,63,110,21.0702,36.7893
3457,303,127,67,109,22.1122,35.9736
3458,303,127,67,109,22.1122,35.9736
3459,303,124,69,110,22.7723,36.3036
3460,302,125,69,108,22.8477,35.7616
3461,302,123,72,107,23.8411,35.4305
3462,301,125,73,103,24.2525,34.2193
3463,301,123,74,104,24.5847,34.5515
3464,300,120,77,103,25.6667,34.3333
3465,299,119,81,99,27.0903,33.1104
3466,303,122,82,99,27.0627,32.6733
3467,303,120,83,100,27.3927,33.0033
3468,303,109,94,100,31.0231,33.0033
3469,302,99,99,104,32.7815,34.4371
3470,302,103,99,100,32.7815,33.1126
3471,301,102,101,98,33.5548,32.5581
3472,299,98,100,101,33.4448,33.7793
3473,301,95,100,106,33.2226,35.2159
3474,300,93,104,103,34.6667,34.3333
3475,300,92,106,102,35.3333,34.0000
3476,298,93,104,101,34.8993,33.8926
3477,300,98,100,102,33.3333,34.0000
3478,297,96,100,101,33.6700,34.0067
3479,299,94,108,97,36.1204,32.4415
3480,301,94,107,100,35.5482,33.2226
3481,300,93,106,101,35.3333,33.6667
3482,299,91,106,102,35.4515,34.1137
3483,298,89,109,100,36.5772,33.5570
3484,298,85,110,103,36.9128,34.5638
3485,301,84,111,106,36.8771,35.2159
3486,300,78,112,110,37.3333,36.6667
3487,299,79,106,114,35.4515,38.1271
3488,299,77,99,123,33.1104,41.1371
3489,300,77,96,127,32.0000,42.3333
3490,300,73,93,134,31.0000,44.6667
3491,299,70,92,137,30.7692,45.8194
3492,300,68,93,139,31.0000,46.3333
3493,300,67,89,144,29.6667,48.0000
3494,297,68,84,145,28.2828,48.8215
3495,301,68,83,150,27.5748,49.8339
3496,300,67,83,150,27.6667,50.0000
3497,300,67,82,151,27.3333,50.3333
3498,299,63,84,152,28.0936,50.8361
3499,304,68,82,154,26.9737,50.6579
3500,302,69,76,157,25.1656,51.9868
3501,300,68,75,157,25.0000,52.3333
3502,298,65,77,156,25.8389,52.3490
3503,298,67,74,157,24.8322,52.6846
3504,302,70,70,162,23.1788,53.6424
3505,300,69,65,166,21.6667,55.3333
3506,298,70,61,167,20.4698,56.0403
3507,296,69,59,168,19.9324,56.7568
3508,296,71,60,165,20.2703,55.7432
3509,297,75,54,168,18.1818,56.5657
3510,302,80,53,169,17.5497,55.9603
3511,301,81,48,172,15.9468,57.1429
3512,301,81,47,173,15.6146,57.4751
3513,301,80,45,176,14.9502,58.4718
3514,301,80,45,176,14.9502,58.4718
3515,301,82,44,175,14.6179,58.1395
3516,299,83,39,177,13.0435,59.1973
3517,300,81,42,177,14.0000,59.0000
3518,298,84,41,173,13.7584,58.0537
3519,301,89,40,172,13.2890,57.1429
3520,301,87,39,175,12.9568,58.1395
3521,301,89,40,172,13.2890,57.1429
3522,301,89,38,174,12.6246,57.8073
3523,301,90,37,174,12.2924,57.8073
3524,301,92,38,171,12.6246,56.8106
3525,301,97,37,167,12.2924,55.4817
3526,301,97,37,167,12.2924,55.4817
3527,300,94,39,167,13.0000,55.6667
3528,299,95,38,166,12.7090,55.5184
3529,300,102,38,160,12.6667,53.3333
3530,300,101,39,160,13.0000,53.3333
3531,299,102,37,160,12.3746,53.5117
3532,302,107,39,156,12.9139,51.6556
3533,302,109,36,157,11.9205,51.9868
3534,302,106,40,156,13.2450,51.6556
3535,302,105,40,157,13.2450,51.9868
3536,302,107,40,155,13.2450,51.3245
3537,302,109,41,152,13.5762,50.3311
3538,301,112,40,149,13.2890,49.5017
3539,301,114,43,144,14.2857,47.8405
3540,300,122,41,137,13.6667,45.6667
3541,300,123,41,136,13.6667,45.3333
3542,299,126,44,129,14.7157,43.1438
3543,299,128,46,125,15.3846,41.8060
3544,300,131,45,124,15.0000,41.3333
3545,300,137,44,119,14.6667,39.6667
3546,300,139,43,118,14.3333,39.3333
3547,300,143,40,117,13.3333,39.0000
3548,300,142,41,117,13.6667,39.0000
3549,300,142,42,116,14.0000,38.6667
3550,300,140,44,116,14.6667,38.6667
3551,300,148,42,110,14.0000,36.6667
3552,300,150,44,106,14.6667,35.3333
3553,300,148,45,107,15.0000,35.6667
3554,300,142,48,110,16.0000,36.6667
3555,300,141,47,112,15.6667,37.3333
3556,300,144,50,106,16.6667,35.3333
3557,299,149,48,102,16.0535,34.1137
3558,303,152,53,98,17.4917,32.3432
3559,303,151,53,99,17.4917,32.6733
3560,302,149,53,100,17.5497,33.1126
3561,301,151,53,97,17.6080,32.2259
3562,301,150,51,100,16.9435,33.2226
3563,301,153,50,98,16.6113,32.5581
3564,300,152,51,97,17.0000,32.3333
3565,300,154,53,93,17.6667,31.0000
3566,300,152,57,91,19.0000,30.3333
3567,298,151,58,89,19.4631,29.8658
3568,300,158,56,86,18.6667,28.6667
3569,300,153,61,86,20.3333,28.6667
3570,299,149,61,89,20.4013,29.7659
3571,299,153,61,85,20.4013,28.4281
3572,299,153,64,82,21.4047,27.4247
3573,304,156,67,81,22.0395,26.6447
3574,304,150,74,80,24.3421,26.3158
3575,303,146,74,83,24.4224,27.3927
3576,302,143,75,84,24.8344,27.8146
3577,302,134,85,83,28.1457,27.4834
3578,302,125,90,87,29.8013,28.8079
3579,302,122,92,88,30.4636,29.1391
3580,302,115,95,92,31.4570,30.4636
3581,301,109,100,92,33.2226,30.5648
3582,301,103,105,93,34.8837,30.8970
3583,300,98,107,95,35.6667,31.6667
3584,299,93,109,97,36.4548,32.4415
3585,300,95,108,97,36.0000,32.3333
3586,300,90,114,96,38.0000,32.0000
3587,300,88,112,100,37.3333,33.3333
3588,300,87,112,101,37.3333,33.6667
3589,298,81,118,99,39.5973,33.2215
3590,296,79,114,103,38.5135,34.7973
3591,297,79,115,103,38.7205,34.6801
3592,299,82,115,102,38.4615,34.1137
3593,299,84,113,102,37.7926,34.1137
3594,296,83,107,106,36.1486,35.8108
3595,294,80,103,111,35.0340,37.7551
3596,296,80,101,115,34.1216,38.8514
3597,296,82,91,123,30.7432,41.5541
3598,299,85,86,128,28.7625,42.8094
3599,300,90,81,129,27.0000,43.0000
3600,297,88,78,131,26.2626,44.1077
3601,298,90,74,134,24.8322,44.9664
3602,299,91,68,140,22.7425,46.8227
3603,297,91,64,142,21.5488,47.8114
3604,298,92,63,143,21.1409,47.9866
3605,298,90,62,146,20.8054,48.9933
3606,300,95,60,145,20.0000,48.3333
3607,298,97,59,142,19.7987,47.6510
3608,299,97,55,147,18.3946,49.1639
3609,299,97,53,149,17.7258,49.8328
3610,301,102,49,150,16.2791,49.8339
3611,301,104,47,150,15.6146,49.8339
3612,301,103,47,151,15.6146,50.1661
3613,300,100,48,152,16.0000,50.6667
3614,299,102,50,147,16.7224,49.1639
3615,301,106,48,147,15.9468,48.8372
3616,301,107,46,148,15.2824,49.1694
3617,300,105,46,149,15.3333,49.6667
3618,299,105,42,152,14.0468,50.8361
3619,300,104,42,154,14.0000,51.3333
3620,299,104,41,154,13.7124,51.5050
3621,302,108,38,156,12.5828,51.6556
3622,302,109,38,155,12.5828,51.3245
3623,302,108,38,156,12.5828,51.6556
3624,302,106,39,157,12.9139,51.9868
3625,301,106,36,159,11.9601,52.8239
3626,300,106,35,159,11.6667,53.0000
3627,298,108,36,154,12.0805,51.6779
3628,300,111,36,153,12.0000,51.0000
3629,298,110,35,153,11.7450,51.3423
3630,300,116,37,147,12.3333,49.0000
3631,300,116,39,145,13.0000,48.3333
3632,299,120,38,141,12.7090,47.1572
3633,302,122,35,145,11.5894,48.0132
3634,301,120,35,146,11.6279,48.5050
3635,299,122,34,143,11.3712,47.8261
3636,300,122,37,141,12.3333,47.0000
3637,300,124,38,138,12.6667,46.0000
3638,300,123,37,140,12.3333,46.6667
3639,300,128,37,135,12.3333,45.0000
3640,300,129,35,136,11.6667,45.3333
3641,300,128,36,136,12.0000,45.3333
3642,300,132,37,131,12.3333,43.6667
3643,300,130,37,133,12.3333,44.3333
3644,299,130,36,133,12.0401,44.4816
3645,303,135,37,131,12.2112,43.2343
3646,303,137,40,126,13.2013,41.5842
3647,303,142,38,123,12.5413,40.5941
3648,302,142,40,120,13.2450,39.7351
3649,302,150,38,114,12.5828,37.7483
3650,301,156,37,108,12.2924,35.8804
3651,301,155,42,104,13.9535,34.5515
3652,300,154,44,102,14.6667,34.0000
3653,300,156,45,99,15.0000,33.0000
3654,300,158,47,95,15.6667,31.6667
3655,298,156,51,91,17.1141,30.5369
3656,302,161,50,91,16.5563,30.1325
3657,302,162,51,89,16.8874,29.4702
3658,302,159,55,88,18.2119,29.1391
3659,302,154,61,87,20.1987,28.8079
3660,302,156,62,84,20.5298,27.8146
3661,302,153,68,81,22.5166,26.8212
3662,301,149,72,80,23.9203,26.5781
3663,300,150,71,79,23.6667,26.3333
3664,300,145,77,78,25.6667,26.0000
3665,300,142,80,78,26.6667,26.0000
3666,299,140,79,80,26.4214,26.7559
3667,300,137,85,78,28.3333,26.0000
3668,300,135,87,78,29.0000,26.0000
3669,299,132,88,79,29.4314,26.4214
3670,302,132,93,77,30.7947,25.4967
3671,300,133,90,77,30.0000,25.6667
3672,298,129,89,80,29.8658,26.8456
3673,298,125,93,80,31.2081,26.8456
3674,297,122,96,79,32.3232,26.5993
3675,299,124,90,85,30.1003,28.4281
3676,301,124,93,84,30.8970,27.9070
3677,301,123,94,84,31.2292,27.9070
3678,300,121,94,85,31.3333,28.3333
3679,299,114,97,88,32.4415,29.4314
3680,299,113,95,91,31.7726,30.4348
3681,299,112,97,90,32.4415,30.1003
3682,297,105,99,93,33.3333,31.3131
3683,302,109,96,97,31.7881,32.1192
3684,301,109,93,99,30.8970,32.8904
3685,300,112,87,101,29.0000,33.6667
3686,298,112,85,101,28.5235,33.8926
3687,298,109,84,105,28.1879,35.2349
3688,296,106,82,108,27.7027,36.4865
3689,296,104,81,111,27.3649,37.5000
3690,294,102,79,113,26.8707,38.4354
3691,295,101,80,114,27.1186,38.6441
3692,295,98,82,115,27.7966,38.9831
3693,297,99,76,122,25.5892,41.0774
3694,299,98,78,123,26.0870,41.1371
3695,303,104,73,126,24.0924,41.5842
3696,301,106,67,128,22.2591,42.5249
3697,300,104,67,129,22.3333,43.0000
3698,299,102,65,132,21.7391,44.1472
3699,299,104,63,132,21.0702,44.1472
3700,299,103,61,135,20.4013,45.1505
3701,299,108,57,134,19.0635,44.8161
3702,299,109,54,136,18.0602,45.4849
3703,298,107,54,137,18.1208,45.9732
3704,298,107,55,136,18.4564,45.6376
3705,300,106,59,135,19.6667,45.0000
3706,300,108,59,133,19.6667,44.3333
3707,300,105,56,139,18.6667,46.3333
3708,299,104,57,138,19.0635,46.1538
3709,299,101,61,137,20.4013,45.8194
3710,301,103,58,140,19.2691,46.5116
3711,301,103,55,143,18.2724,47.5083
3712,299,103,55,141,18.3946,47.1572
3713,302,106,49,147,16.2252,48.6755
3714,301,106,47,148,15.6146,49.1694
3715,301,107,46,148,15.2824,49.1694
3716,301,106,46,149,15.2824,49.5017
3717,300,106,46,148,15.3333,49.3333
3718,300,108,46,146,15.3333,48.6667
3719,299,107,45,147,15.0502,49.1639
3720,301,110,45,146,14.9502,48.5050
3721,299,110,44,145,14.7157,48.4950
3722,302,109,47,146,15.5629,48.3444
3723,302,107,47,148,15.5629,49.0066
3724,302,106,50,146,16.5563,48.3444
3725,302,105,48,149,15.8940,49.3377
3726,301,104,48,149,15.9468,49.5017
3727,301,111,48,142,15.9468,47.1761
3728,301,109,49,143,16.2791,47.5083
3729,297,109,46,142,15.4882,47.8114
3730,297,113,43,141,14.4781,47.4747
3731,297,115,44,138,14.8148,46.4646
3732,299,118,47,134,15.7191,44.8161
3733,302,120,47,135,15.5629,44.7020
3734,302,121,48,133,15.8940,44.0397
3735,301,121,51,129,16.9435,42.8571
3736,301,122,51,128,16.9435,42.5249
3737,301,126,51,124,16.9435,41.1960
3738,301,123,57,121,18.9369,40.1993
3739,300,121,62,117,20.6667,39.0000
3740,299,119,65,115,21.7391,38.4615
3741,300,120,66,114,22.0000,38.0000
3742,300,118,67,115,22.3333,38.3333
3743,299,117,68,114,22.7425,38.1271
3744,296,120,64,112,21.6216,37.8378
3745,298,126,64,108,21.4765,36.2416
3746,300,126,65,109,21.6667,36.3333
3747,300,126,69,105,23.0000,35.0000
3748,300,123,75,102,25.0000,34.0000
3749,299,121,74,104,24.7492,34.7826
3750,300,119,80,101,26.6667,33.6667
3751,299,118,81,100,27.0903,33.4448
3752,302,121,85,96,28.1457,31.7881
3753,300,120,84,96,28.0000,32.0000
3754,299,121,85,93,28.4281,31.1037
3755,299,119,87,93,29.0970,31.1037
3756,300,117,87,96,29.0000,32.0000
3757,300,110,92,98,30.6667,32.6667
3758,298,104,95,99,31.8792,33.2215
3759,295,109,90,96,30.5085,32.5424
3760,295,107,88,100,29.8305,33.8983
3761,295,102,92,101,31.1864,34.2373
3762,296,106,90,100,30.4054,33.7838
3763,298,109,86,103,28.8591,34.5638
3764,301,104,93,104,30.8970,34.5515
3765,301,107,93,101,30.8970,33.5548
3766,301,108,90,103,29.9003,34.2193
3767,299,108,90,101,30.1003,33.7793
3768,297,106,87,104,29.2929,35.0168
3769,296,102,86,108,29.0541,36.4865
3770,296,99,85,112,28.7162,37.8378
3771,297,96,87,114,29.2929,38.3838
3772,300,97,87,116,29.0000,38.6667
3773,300,97,87,116,29.0000,38.6667
3774,300,94,86,120,28.6667,40.0000
3775,300,95,87,118,29.0000,39.3333
3776,295,92,86,117,29.1525,39.6610
3777,295,92,88,115,29.8305,38.9831
3778,301,98,82,121,27.2425,40.1993
3779,299,94,83,122,27.7592,40.8027
3780,301,93,86,122,28.5714,40.5316
3781,299,95,83,121,27.7592,40.4682
3782,301,98,80,123,26.5781,40.8638
3783,300,96,79,125,26.3333,41.6667
3784,300,94,76,130,25.3333,43.3333
3785,299,94,74,131,24.7492,43.8127
3786,303,95,76,132,25.0825,43.5644
3787,303,91,79,133,26.0726,43.8944
3788,302,88,79,135,26.1589,44.7020
3789,301,89,76,136,25.2492,45.1827
3790,297,88,69,140,23.2323,47.1380
3791,299,90,69,140,23.0769,46.8227
3792,296,88,63,145,21.2838,48.9865
3793,299,89,65,145,21.7391,48.4950
3794,300,93,65,142,21.6667,47.3333
3795,300,91,65,144,21.6667,48.0000
3796,300,87,65,148,21.6667,49.3333
3797,297,87,62,148,20.8754,49.8316
3798,299,89,61,149,20.4013,49.8328
3799,300,90,59,151,19.6667,50.3333
3800,300,89,57,154,19.0000,51.3333
3801,300,93,54,153,18.0000,51.0000
3802,300,92,55,153,18.3333,51.0000
3803,299,92,53,154,17.7258,51.5050
3804,304,99,51,154,16.7763,50.6579
3805,304,100,52,152,17.1053,50.0000
3806,304,100,49,155,16.1184,50.9868
3807,304,100,47,157,15.4605,51.6447
3808,303,101,45,157,14.8515,51.8152
3809,302,102,43,157,14.2384,51.9868
3810,301,103,43,155,14.2857,51.4950
3811,301,105,43,153,14.2857,50.8306
3812,299,105,43,151,14.3813,50.5017
3813,301,106,44,151,14.6179,50.1661
3814,301,109,41,151,13.6213,50.1661
3815,301,113,41,147,13.6213,48.8372
3816,300,113,37,150,12.3333,50.0000
3817,299,115,34,150,11.3712,50.1672
3818,299,119,31,149,10.3679,49.8328
3819,303,123,31,149,10.2310,49.1749
3820,300,126,28,146,9.3333,48.6667
3821,300,130,29,141,9.6667,47.0000
3822,299,131,32,136,10.7023,45.4849
3823,299,134,32,133,10.7023,44.4816
3824,302,139,33,130,10.9272,43.0464
3825,302,137,35,130,11.5894,43.0464
3826,300,143,33,124,11.0000,41.3333
3827,300,145,31,124,10.3333,41.3333
3828,299,146,29,124,9.6990,41.4716
3829,304,153,29,122,9.5395,40.1316
3830,304,157,31,116,10.1974,38.1579
3831,304,158,32,114,10.5263,37.5000
3832,304,159,31,114,10.1974,37.5000
3833,303,159,28,116,9.2409,38.2838
3834,302,160,28,114,9.2715,37.7483
3835,301,162,27,112,8.9701,37.2093
3836,300,163,30,107,10.0000,35.6667
3837,299,166,28,105,9.3645,35.1171
3838,300,167,30,103,10.0000,34.3333
3839,299,163,34,102,11.3712,34.1137
3840,302,168,36,98,11.9205,32.4503
3841,302,170,35,97,11.5894,32.1192
3842,299,174,32,93,10.7023,31.1037
3843,301,173,33,95,10.9635,31.5615
3844,301,176,35,90,11.6279,29.9003
3845,300,175,34,91,11.3333,30.3333
3846,300,173,37,90,12.3333,30.0000
3847,300,170,43,87,14.3333,29.0000
3848,300,172,47,81,15.6667,27.0000
3849,300,168,54,78,18.0000,26.0000
3850,300,167,56,77,18.6667,25.6667
3851,300,170,55,75,18.3333,25.0000
3852,300,172,57,71,19.0000,23.6667
3853,300,169,62,69,20.6667,23.0000
3854,300,166,63,71,21.0000,23.6667
3855,300,161,68,71,22.6667,23.6667
3856,300,161,69,70,23.0000,23.3333
3857,300,159,67,74,22.3333,24.6667
3858,300,156,74,70,24.6667,23.3333
3859,299,158,71,70,23.7458,23.4114
3860,300,156,73,71,24.3333,23.6667
3861,300,157,73,70,24.3333,23.3333
3862,300,152,78,70,26.0000,23.3333
3863,300,151,79,70,26.3333,23.3333
3864,298,147,82,69,27.5168,23.1544
3865,298,142,88,68,29.5302,22.8188
3866,299,143,87,69,29.0970,23.0769
3867,299,141,89,69,29.7659,23.0769
3868,299,139,89,71,29.7659,23.7458
3869,302,141,88,73,29.1391,24.1722
3870,301,136,91,74,30.2326,24.5847
3871,301,132,93,76,30.8970,25.2492
3872,300,131,93,76,31.0000,25.3333
3873,297,124,95,78,31.9865,26.2626
3874,297,118,99,80,33.3333,26.9360
3875,296,114,100,82,33.7838,27.7027
3876,300,111,102,87,34.0000,29.0000
3877,299,109,103,87,34.4482,29.0970
3878,301,106,105,90,34.8837,29.9003
3879,300,101,108,91,36.0000,30.3333
3880,298,95,111,92,37.2483,30.8725
3881,299,93,111,95,37.1237,31.7726
3882,299,87,116,96,38.7960,32.1070
3883,302,85,118,99,39.0728,32.7815
3884,300,79,121,100,40.3333,33.3333
3885,297,78,119,100,40.0673,33.6700
3886,295,77,113,105,38.3051,35.5932
3887,297,77,115,105,38.7205,35.3535
3888,299,78,109,112,36.4548,37.4582
3889,300,77,108,115,36.0000,38.3333
3890,299,74,108,117,36.1204,39.1304
3891,298,69,105,124,35.2349,41.6107
3892,300,68,104,128,34.6667,42.6667
3893,299,69,100,130,33.4448,43.4783
3894,304,74,94,136,30.9211,44.7368
3895,302,73,92,137,30.4636,45.3642
3896,302,69,88,145,29.1391,48.0132
3897,301,70,86,145,28.5714,48.1728
3898,301,67,86,148,28.5714,49.1694
3899,299,63,85,151,28.4281,50.5017
3900,300,61,80,159,26.6667,53.0000
3901,300,58,75,167,25.0000,55.6667
3902,298,58,74,166,24.8322,55.7047
3903,300,63,66,171,22.0000,57.0000
3904,299,62,62,175,20.7358,58.5284
3905,301,65,55,181,18.2724,60.1329
3906,300,65,54,181,18.0000,60.3333
3907,300,66,53,181,17.6667,60.3333
3908,299,64,52,183,17.3913,61.2040
3909,301,69,52,180,17.2757,59.8007
3910,300,67,47,186,15.6667,62.0000
3911,300,69,48,183,16.0000,61.0000
3912,297,72,43,182,14.4781,61.2795
3913,297,72,43,182,14.4781,61.2795
3914,302,76,42,184,13.9073,60.9272
3915,302,77,41,184,13.5762,60.9272
3916,301,78,39,184,12.9568,61.1296
3917,301,76,38,187,12.6246,62.1262
3918,299,79,34,186,11.3712,62.2074
3919,297,80,33,184,11.1111,61.9529
3920,297,87,30,180,10.1010,60.6061
3921,298,93,26,179,8.7248,60.0671
3922,300,100,23,177,7.6667,59.0000
3923,300,102,22,176,7.3333,58.6667
3924,300,104,21,175,7.0000,58.3333
3925,300,106,20,174,6.6667,58.0000
3926,300,108,18,174,6.0000,58.0000
3927,300,111,17,172,5.6667,57.3333
3928,299,116,14,169,4.6823,56.5217
3929,300,117,14,169,4.6667,56.3333
3930,299,119,14,166,4.6823,55.5184
3931,302,124,12,166,3.9735,54.9669
3932,302,124,13,165,4.3046,54.6358
3933,302,126,14,162,4.6358,53.6424
3934,302,127,14,161,4.6358,53.3113
3935,302,130,14,158,4.6358,52.3179
3936,302,133,13,156,4.3046,51.6556
3937,302,134,14,154,4.6358,50.9934
3938,302,141,11,150,3.6424,49.6689
3939,302,140,12,150,3.9735,49.6689
3940,301,147,11,143,3.6545,47.5083
3941,301,151,11,139,3.6545,46.1794
3942,301,153,11,137,3.6545,45.5150
3943,301,160,11,130,3.6545,43.1894
3944,301,164,11,126,3.6545,41.8605
3945,301,168,11,122,3.6545,40.5316
3946,301,174,11,116,3.6545,38.5382
3947,301,177,11,113,3.6545,37.5415
3948,301,184,13,104,4.3189,34.5515
3949,301,187,13,101,4.3189,33.5548
3950,301,188,15,98,4.9834,32.5581
3951,301,190,15,96,4.9834,31.8937
3952,300,196,15,89,5.0000,29.6667
3953,299,204,13,82,4.3478,27.4247
3954,301,207,12,82,3.9867,27.2425
3955,301,213,12,76,3.9867,25.2492
3956,301,217,13,71,4.3189,23.5880
3957,301,224,11,66,3.6545,21.9269
3958,301,225,12,64,3.9867,21.2625
3959,301,225,14,62,4.6512,20.5980
3960,301,224,16,61,5.3156,20.2658
3961,301,221,20,60,6.6445,19.9336
3962,301,225,22,54,7.3090,17.9402
3963,301,226,22,53,7.3090,17.6080
3964,301,229,22,50,7.3090,16.6113
3965,301,228,24,49,7.9734,16.2791
3966,301,226,28,47,9.3023,15.6146
3967,301,224,31,46,10.2990,15.2824
3968,301,222,35,44,11.6279,14.6179
3969,301,221,38,42,12.6246,13.9535
3970,301,219,43,39,14.2857,12.9568
3971,301,219,39,43,12.9568,14.2857
3972,301,215,45,41,14.9502,13.6213
3973,300,215,47,38,15.6667,12.6667
3974,300,215,49,36,16.3333,12.0000
3975,300,211,54,35,18.0000,11.6667
3976,300,209,56,35,18.6667,11.6667
3977,300,206,59,35,19.6667,11.6667
3978,300,201,66,33,22.0000,11.0000
3979,300,197,69,34,23.0000,11.3333
3980,300,191,73,36,24.3333,12.0000
3981,300,185,78,37,26.0000,12.3333
3982,299,181,80,38,26.7559,12.7090
3983,298,173,89,36,29.8658,12.0805
3984,299,170,94,35,31.4381,11.7057
3985,300,166,99,35,33.0000,11.6667
3986,300,160,105,35,35.0000,11.6667
3987,299,155,105,39,35.1171,13.0435
3988,300,151,109,40,36.3333,13.3333
3989,300,142,115,43,38.3333,14.3333
3990,298,137,118,43,39.5973,14.4295
3991,298,126,126,46,42.2819,15.4362
3992,299,122,128,49,42.8094,16.3880
3993,300,116,131,53,43.6667,17.6667
3994,299,108,137,54,45.8194,18.0602
3995,297,105,135,57,45.4545,19.1919
3996,301,102,139,60,46.1794,19.9336
3997,301,91,148,62,49.1694,20.5980
3998,300,87,146,67,48.6667,22.3333
3999,299,80,146,73,48.8294,24.4147
4000,298,74,147,77,49.3289,25.8389
4001,299,73,147,79,49.1639,26.4214
4002,303,70,147,86,48.5149,28.3828
4003,301,69,144,88,47.8405,29.2359
4004,298,64,139,95,46.6443,31.8792
4005,301,60,145,96,48.1728,31.8937
4006,299,56,144,99,48.1605,33.1104
4007,296,57,137,102,46.2838,34.4595
4008,296,55,133,108,44.9324,36.4865
4009,295,57,127,111,43.0508,37.6271
4010,295,56,122,117,41.3559,39.6610
4011,294,56,112,126,38.0952,42.8571
4012,294,60,103,131,35.0340,44.5578
4013,295,64,99,132,33.5593,44.7458
4014,294,61,95,138,32.3129,46.9388
4015,294,59,92,143,31.2925,48.6395
4016,296,62,85,149,28.7162,50.3378
4017,298,64,81,153,27.1812,51.3423
4018,297,62,73,162,24.5791,54.5455
4019,297,62,71,164,23.9057,55.2189
4020,295,63,66,166,22.3729,56.2712
4021,296,65,61,170,20.6081,57.4324
4022,298,63,59,176,19.7987,59.0604
4023,299,63,59,177,19.7324,59.1973
4024,303,63,60,180,19.8020,59.4059
4025,301,64,51,186,16.9435,61.7940
4026,299,62,47,190,15.7191,63.5452
4027,303,66,44,193,14.5215,63.6964
4028,302,66,41,195,13.5762,64.5695
4029,302,66,41,195,13.5762,64.5695
4030,301,65,40,196,13.2890,65.1163
4031,301,66,40,195,13.2890,64.7841
4032,301,67,41,193,13.6213,64.1196
4033,301,68,42,191,13.9535,63.4551
4034,301,69,41,191,13.6213,63.4551
4035,300,68,38,194,12.6667,64.6667
4036,300,66,40,194,13.3333,64.6667
4037,300,67,38,195,12.6667,65.0000
4038,300,68,36,196,12.0000,65.3333
4039,298,72,34,192,11.4094,64.4295
4040,302,77,34,191,11.2583,63.2450
4041,302,79,36,187,11.9205,61.9205
4042,300,81,30,189,10.0000,63.0000
4043,299,84,27,188,9.0301,62.8763
4044,305,93,23,189,7.5410,61.9672
4045,305,95,23,187,7.5410,61.3115
4046,305,95,24,186,7.8689,60.9836
4047,304,98,21,185,6.9079,60.8553
4048,304,99,22,183,7.2368,60.1974
4049,304,101,21,182,6.9079,59.8684
4050,304,106,19,179,6.2500,58.8816
4051,304,112,19,173,6.2500,56.9079
4052,303,113,20,170,6.6007,56.1056
4053,303,113,20,170,6.6007,56.1056
4054,303,121,19,163,6.2706,53.7954
4055,303,123,19,161,6.2706,53.1353
4056,303,131,16,156,5.2805,51.4851
4057,303,132,17,154,5.6106,50.8251
4058,303,136,17,150,5.6106,49.5050
4059,303,140,17,146,5.6106,48.1848
4060,303,144,19,140,6.2706,46.2046
4061,302,149,16,137,5.2980,45.3642
4062,302,154,17,131,5.6291,43.3775
4063,302,162,17,123,5.6291,40.7285
4064,302,164,21,117,6.9536,38.7417
4065,301,164,20,117,6.6445,38.8704
4066,301,170,18,113,5.9801,37.5415
4067,301,175,18,108,5.9801,35.8804
4068,301,181,17,103,5.6478,34.2193
4069,301,183,18,100,5.9801,33.2226
4070,301,188,22,91,7.3090,30.2326
4071,301,189,23,89,7.6412,29.5681
4072,301,191,22,88,7.3090,29.2359
4073,301,196,19,86,6.3123,28.5714
4074,301,200,21,80,6.9767,26.5781
4075,300,204,21,75,7.0000,25.0000
4076,300,207,21,72,7.0000,24.0000
4077,300,213,22,65,7.3333,21.6667
4078,299,213,25,61,8.3612,20.4013
4079,300,213,29,58,9.6667,19.3333
4080,299,216,28,55,9.3645,18.3946
4081,301,215,31,55,10.2990,18.2724
4082,301,215,31,55,10.2990,18.2724
4083,301,213,34,54,11.2957,17.9402
4084,300,213,32,55,10.6667,18.3333
4085,299,210,34,55,11.3712,18.3946
4086,301,209,38,54,12.6246,17.9402
4087,301,206,45,50,14.9502,16.6113
4088,301,201,50,50,16.6113,16.6113
4089,300,199,53,48,17.6667,16.0000
4090,299,197,54,48,18.0602,16.0535
4091,302,196,55,51,18.2119,16.8874
4092,302,194,58,50,19.2053,16.5563
4093,302,190,62,50,20.5298,16.5563
4094,301,194,61,46,20.2658,15.2824
4095,301,191,65,45,21.5947,14.9502
4096,301,188,71,42,23.5880,13.9535
4097,301,184,77,40,25.5814,13.2890
4098,300,175,83,42,27.6667,14.0000
4099,300,168,89,43,29.6667,14.3333
4100,300,164,91,45,30.3333,15.0000
4101,298,160,94,44,31.5436,14.7651
4102,300,155,100,45,33.3333,15.0000
4103,300,145,110,45,36.6667,15.0000
4104,300,138,114,48,38.0000,16.0000
4105,299,133,118,48,39.4649,16.0535
4106,298,123,127,48,42.6174,16.1074
4107,298,120,128,50,42.9530,16.7785
4108,298,117,126,55,42.2819,18.4564
4109,299,116,125,58,41.8060,19.3980
4110,301,111,128,62,42.5249,20.5980
4111,300,107,128,65,42.6667,21.6667
4112,300,96,135,69,45.0000,23.0000
4113,297,92,137,68,46.1279,22.8956
4114,298,90,139,69,46.6443,23.1544
4115,300,87,141,72,47.0000,24.0000
4116,299,82,143,74,47.8261,24.7492
4117,295,77,140,78,47.4576,26.4407
4118,293,73,140,80,47.7816,27.3038
4119,292,70,136,86,46.5753,29.4521
4120,294,73,128,93,43.5374,31.6327
4121,293,70,126,97,43.0034,33.1058
4122,292,65,122,105,41.7808,35.9589
4123,292,62,123,107,42.1233,36.6438
4124,292,66,111,115,38.0137,39.3836
4125,287,67,107,113,37.2822,39.3728
4126,287,64,105,118,36.5854,41.1150
4127,290,65,102,123,35.1724,42.4138
4128,290,64,96,130,33.1034,44.8276
4129,290,63,92,135,31.7241,46.5517
4130,290,59,92,139,31.7241,47.9310
4131,289,58,89,142,30.7958,49.1349
4132,290,57,86,147,29.6552,50.6897
4133,293,61,78,154,26.6212,52.5597
4134,293,61,76,156,25.9386,53.2423
4135,293,59,74,160,25.2560,54.6075
4136,292,61,70,161,23.9726,55.1370
4137,293,61,66,166,22.5256,56.6553
4138,292,61,62,169,21.2329,57.8767
4139,287,62,54,171,18.8153,59.5819
4140,290,64,55,171,18.9655,58.9655
4141,292,66,53,173,18.1507,59.2466
4142,296,71,50,175,16.8919,59.1216
4143,296,75,43,178,14.5270,60.1351
4144,298,77,43,178,14.4295,59.7315
4145,302,77,45,180,14.9007,59.6026
4146,301,77,40,184,13.2890,61.1296
4147,301,77,38,186,12.6246,61.7940
4148,301,78,36,187,11.9601,62.1262
4149,299,77,33,189,11.0368,63.2107
4150,302,82,29,191,9.6026,63.2450
4151,302,85,26,191,8.6093,63.2450
4152,302,88,24,190,7.9470,62.9139
4153,300,87,23,190,7.6667,63.3333
4154,300,90,20,190,6.6667,63.3333
4155,299,88,20,191,6.6890,63.8796
4156,305,98,18,189,5.9016,61.9672
4157,305,99,18,188,5.9016,61.6393
4158,304,98,19,187,6.2500,61.5132
4159,304,98,22,184,7.2368,60.5263
4160,303,106,19,178,6.2706,58.7459
4161,303,109,19,175,6.2706,57.7558
4162,302,111,20,171,6.6225,56.6225
4163,302,112,22,168,7.2848,55.6291
4164,301,115,22,164,7.3090,54.4850
4165,301,114,21,166,6.9767,55.1495
4166,301,115,19,167,6.3123,55.4817
4167,299,117,19,163,6.3545,54.5151
4168,301,121,19,161,6.3123,53.4884
4169,301,125,20,156,6.6445,51.8272
4170,301,124,24,153,7.9734,50.8306
4171,301,129,25,147,8.3056,48.8372
4172,301,136,26,139,8.6379,46.1794
4173,301,139,28,134,9.3023,44.5183
4174,301,144,30,127,9.9668,42.1927
4175,301,144,32,125,10.6312,41.5282
4176,301,151,32,118,10.6312,39.2027
4177,301,152,32,117,10.6312,38.8704
4178,301,156,32,113,10.6312,37.5415
4179,301,161,28,112,9.3023,37.2093
4180,301,163,33,105,10.9635,34.8837
4181,301,168,33,100,10.9635,33.2226
4182,301,171,33,97,10.9635,32.2259
4183,300,172,33,95,11.0000,31.6667
4184,300,172,37,91,12.3333,30.3333
4185,300,179,36,85,12.0000,28.3333
4186,300,179,38,83,12.6667,27.6667
4187,300,177,43,80,14.3333,26.6667
4188,300,178,45,77,15.0000,25.6667
4189,300,178,49,73,16.3333,24.3333
4190,299,180,49,70,16.3880,23.4114
4191,298,176,50,72,16.7785,24.1611
4192,302,178,52,72,17.2185,23.8411
4193,302,174,57,71,18.8742,23.5099
4194,302,174,57,71,18.8742,23.5099
4195,301,171,64,66,21.2625,21.9269
4196,301,169,66,66,21.9269,21.9269
4197,301,163,72,66,23.9203,21.9269
4198,300,163,75,62,25.0000,20.6667
4199,300,160,81,59,27.0000,19.6667
4200,298,158,83,57,27.8523,19.1275
4201,302,162,82,58,27.1523,19.2053
4202,302,163,84,55,27.8146,18.2119
4203,302,161,88,53,29.1391,17.5497
4204,300,158,91,51,30.3333,17.0000
4205,300,155,89,56,29.6667,18.6667
4206,300,150,95,55,31.6667,18.3333
4207,299,143,98,58,32.7759,19.3980
4208,300,138,102,60,34.0000,20.0000
4209,300,138,101,61,33.6667,20.3333
4210,300,127,108,65,36.0000,21.6667
4211,299,125,109,65,36.4548,21.7391
4212,301,123,108,70,35.8804,23.2558
4213,301,117,111,73,36.8771,24.2525
4214,300,114,106,80,35.3333,26.6667
4215,300,106,109,85,36.3333,28.3333
4216,299,101,110,88,36.7893,29.4314
4217,305,109,106,90,34.7541,29.5082
4218,303,103,108,92,35.6436,30.3630
4219,302,101,106,95,35.0993,31.4570
4220,299,94,108,97,36.1204,32.4415
4221,299,95,103,101,34.4482,33.7793
4222,300,93,106,101,35.3333,33.6667
4223,299,86,109,104,36.4548,34.7826
4224,299,84,105,110,35.1171,36.7893
4225,300,80,108,112,36.0000,37.3333
4226,298,77,106,115,35.5705,38.5906
4227,301,79,99,123,32.8904,40.8638
4228,301,78,98,125,32.5581,41.5282
4229,297,76,93,128,31.3131,43.0976
4230,298,79,85,134,28.5235,44.9664
4231,299,85,81,133,27.0903,44.4816
4232,301,82,82,137,27.2425,45.5150
4233,300,78,81,141,27.0000,47.0000
4234,299,76,76,147,25.4181,49.1639
4235,301,78,73,150,24.2525,49.8339
4236,298,74,72,152,24.1611,51.0067
4237,301,75,74,152,24.5847,50.4983
4238,300,70,74,156,24.6667,52.0000
4239,298,71,69,158,23.1544,53.0201
4240,303,72,73,158,24.0924,52.1452
4241,300,70,70,160,23.3333,53.3333
4242,299,66,69,164,23.0769,54.8495
4243,301,69,68,164,22.5914,54.4850
4244,299,67,65,167,21.7391,55.8528
4245,300,69,62,169,20.6667,56.3333
4246,299,70,63,166,21.0702,55.5184
4247,300,68,63,169,21.0000,56.3333
4248,299,66,63,170,21.0702,56.8562
4249,299,66,61,172,20.4013,57.5251
4250,302,69,61,172,20.1987,56.9536
4251,302,66,64,172,21.1921,56.9536
4252,302,65,63,174,20.8609,57.6159
4253,301,68,58,175,19.2691,58.1395
4254,301,65,58,178,19.2691,59.1362
4255,300,65,58,177,19.3333,59.0000
4256,298,60,56,182,18.7919,61.0738
4257,297,64,55,178,18.5185,59.9327
4258,296,65,50,181,16.8919,61.1486
4259,296,67,49,180,16.5541,60.8108
4260,298,70,50,178,16.7785,59.7315
4261,301,75,46,180,15.2824,59.8007
4262,300,77,42,181,14.0000,60.3333
4263,300,76,42,182,14.0000,60.6667
4264,299,83,39,177,13.0435,59.1973
4265,302,87,40,175,13.2450,57.9470
4266,301,93,38,170,12.6246,56.4784
4267,301,94,40,167,13.2890,55.4817
4268,299,96,36,167,12.0401,55.8528
4269,305,107,35,163,11.4754,53.4426
4270,305,108,36,161,11.8033,52.7869
4271,304,110,36,158,11.8421,51.9737
4272,303,108,38,157,12.5413,51.8152
4273,302,111,38,153,12.5828,50.6623
4274,301,111,37,153,12.2924,50.8306
4275,300,112,37,151,12.3333,50.3333
4276,300,117,33,150,11.0000,50.0000
4277,299,119,32,148,10.7023,49.4983
4278,302,127,30,145,9.9338,48.0132
4279,302,135,29,138,9.6026,45.6954
4280,302,137,30,135,9.9338,44.7020
4281,302,140,28,134,9.2715,44.3709
4282,302,145,28,129,9.2715,42.7152
4283,302,145,31,126,10.2649,41.7219
4284,302,147,32,123,10.5960,40.7285
4285,302,149,32,121,10.5960,40.0662
4286,302,154,34,114,11.2583,37.7483
4287,302,156,33,113,10.9272,37.4172
4288,301,154,36,111,11.9601,36.8771
4289,300,152,39,109,13.0000,36.3333
4290,300,154,39,107,13.0000,35.6667
4291,299,156,38,105,12.7090,35.1171
4292,301,158,38,105,12.6246,34.8837
4293,301,158,39,104,12.9568,34.5515
4294,301,157,43,101,14.2857,33.5548
4295,301,158,44,99,14.6179,32.8904
4296,301,156,48,97,15.9468,32.2259
4297,301,156,50,95,16.6113,31.5615
4298,301,155,52,94,17.2757,31.2292
4299,301,154,57,90,18.9369,29.9003
4300,301,150,62,89,20.5980,29.5681
4301,301,148,66,87,21.9269,28.9037
4302,300,144,70,86,23.3333,28.6667
4303,299,143,67,89,22.4080,29.7659
4304,303,147,67,89,22.1122,29.3729
4305,302,144,72,86,23.8411,28.4768
4306,301,144,74,83,24.5847,27.5748
4307,299,141,75,83,25.0836,27.7592
4308,301,145,76,80,25.2492,26.5781
4309,301,138,79,84,26.2458,27.9070
4310,301,139,79,83,26.2458,27.5748
4311,301,137,82,82,27.2425,27.2425
4312,301,134,85,82,28.2392,27.2425
4313,301,133,87,81,28.9037,26.9103
4314,301,133,87,81,28.9037,26.9103
4315,298,133,84,81,28.1879,27.1812
4316,297,130,85,82,28.6195,27.6094
4317,296,127,88,81,29.7297,27.3649
4318,298,131,86,81,28.8591,27.1812
4319,299,128,89,82,29.7659,27.4247
4320,300,127,89,84,29.6667,28.0000
4321,299,128,85,86,28.4281,28.7625
4322,300,129,82,89,27.3333,29.6667
4323,298,127,79,92,26.5101,30.8725
4324,303,127,85,91,28.0528,30.0330
4325,302,122,86,94,28.4768,31.1258
4326,299,118,84,97,28.0936,32.4415
4327,302,113,91,98,30.1325,32.4503
4328,302,111,96,95,31.7881,31.4570
4329,299,102,97,100,32.4415,33.4448
4330,302,101,98,103,32.4503,34.1060
4331,301,101,95,105,31.5615,34.8837
4332,299,100,92,107,30.7692,35.7860
4333,301,98,94,109,31.2292,36.2126
4334,300,99,90,111,30.0000,37.0000
4335,299,92,95,112,31.7726,37.4582
4336,300,89,100,111,33.3333,37.0000
4337,300,88,96,116,32.0000,38.6667
4338,299,83,99,117,33.1104,39.1304
4339,298,82,101,115,33.8926,38.5906
4340,300,84,99,117,33.0000,39.0000
4341,299,77,101,121,33.7793,40.4682
4342,303,80,105,118,34.6535,38.9439
4343,301,77,105,119,34.8837,39.5349
4344,299,73,105,121,35.1171,40.4682
4345,302,77,102,123,33.7748,40.7285
4346,301,77,98,126,32.5581,41.8605
4347,301,75,98,128,32.5581,42.5249
4348,301,75,87,139,28.9037,46.1794
4349,300,74,81,145,27.0000,48.3333
4350,299,69,79,151,26.4214,50.5017
4351,298,69,75,154,25.1678,51.6779
4352,298,65,79,154,26.5101,51.6779
4353,298,71,70,157,23.4899,52.6846
4354,300,71,71,158,23.6667,52.6667
4355,299,73,68,158,22.7425,52.8428
4356,299,75,61,163,20.4013,54.5151
4357,299,75,59,165,19.7324,55.1839
4358,300,74,58,168,19.3333,56.0000
4359,298,71,52,175,17.4497,58.7248
4360,300,76,49,175,16.3333,58.3333
4361,299,81,45,173,15.0502,57.8595
4362,298,83,43,172,14.4295,57.7181
4363,297,84,40,173,13.4680,58.2492
4364,296,86,37,173,12.5000,58.4459
4365,300,91,35,174,11.6667,58.0000
4366,299,94,35,170,11.7057,56.8562
4367,302,97,35,170,11.5894,56.2914
4368,301,97,35,169,11.6279,56.1462
4369,300,97,33,170,11.0000,56.6667
4370,300,96,34,170,11.3333,56.6667
4371,300,96,33,171,11.0000,57.0000
4372,300,101,32,167,10.6667,55.6667
4373,299,102,31,166,10.3679,55.5184
4374,298,104,33,161,11.0738,54.0268
4375,299,107,33,159,11.0368,53.1773
4376,302,108,34,160,11.2583,52.9801
4377,302,111,34,157,11.2583,51.9868
4378,301,113,34,154,11.2957,51.1628
4379,300,113,32,155,10.6667,51.6667
4380,300,113,33,154,11.0000,51.3333
4381,300,114,37,149,12.3333,49.6667
4382,300,115,39,146,13.0000,48.6667
4383,300,114,42,144,14.0000,48.0000
4384,300,115,43,142,14.3333,47.3333
4385,300,118,42,140,14.0000,46.6667
4386,300,118,46,136,15.3333,45.3333
4387,298,115,47,136,15.7718,45.6376
4388,300,114,50,136,16.6667,45.3333
4389,298,120,49,129,16.4430,43.2886
4390,300,121,49,130,16.3333,43.3333
4391,300,120,50,130,16.6667,43.3333
4392,300,122,48,130,16.0000,43.3333
4393,300,124,49,127,16.3333,42.3333
4394,299,121,49,129,16.3880,43.1438
4395,302,124,50,128,16.5563,42.3841
4396,302,124,49,129,16.2252,42.7152
4397,302,123,54,125,17.8808,41.3907
4398,301,124,55,122,18.2724,40.5316
4399,301,121,62,118,20.5980,39.2027
4400,301,130,62,109,20.5980,36.2126
4401,301,132,65,104,21.5947,34.5515
4402,300,138,60,102,20.0000,34.0000
4403,300,136,61,103,20.3333,34.3333
4404,299,133,62,104,20.7358,34.7826
4405,302,138,64,100,21.1921,33.1126
4406,302,132,68,102,22.5166,33.7748
4407,299,130,68,101,22.7425,33.7793
4408,301,131,74,96,24.5847,31.8937
4409,301,125,80,96,26.5781,31.8937
4410,300,126,81,93,27.0000,31.0000
4411,299,128,84,87,28.0936,29.0970
4412,301,128,87,86,28.9037,28.5714
4413,300,126,89,85,29.6667,28.3333
4414,299,120,95,84,31.7726,28.0936
4415,300,120,97,83,32.3333,27.6667
4416,300,121,98,81,32.6667,27.0000
4417,298,120,98,80,32.8859,26.8456
4418,297,117,97,83,32.6599,27.9461
4419,294,111,100,83,34.0136,28.2313
4420,294,111,99,84,33.6735,28.5714
4421,295,110,98,87,33.2203,29.4915
4422,296,109,101,86,34.1216,29.0541
4423,297,109,105,83,35.3535,27.9461
4424,297,107,104,86,35.0168,28.9562
4425,297,102,108,87,36.3636,29.2929
4426,298,99,109,90,36.5772,30.2013
4427,298,96,107,95,35.9060,31.8792
4428,298,94,106,98,35.5705,32.8859
4429,298,92,101,105,33.8926,35.2349
4430,300,92,98,110,32.6667,36.6667
4431,298,91,98,109,32.8859,36.5772
4432,299,92,96,111,32.1070,37.1237
4433,298,88,95,115,31.8792,38.5906
4434,301,90,91,120,30.2326,39.8671
4435,300,86,87,127,29.0000,42.3333
4436,300,82,90,128,30.0000,42.6667
4437,300,82,92,126,30.6667,42.0000
4438,299,80,90,129,30.1003,43.1438
4439,300,82,84,134,28.0000,44.6667
4440,297,81,79,137,26.5993,46.1279
4441,299,81,78,140,26.0870,46.8227
4442,300,83,76,141,25.3333,47.0000
4443,300,79,77,144,25.6667,48.0000
4444,300,77,77,146,25.6667,48.6667
4445,299,78,72,149,24.0803,49.8328
4446,298,77,69,152,23.1544,51.0067
4447,299,78,64,157,21.4047,52.5084
4448,300,79,65,156,21.6667,52.0000
4449,298,73,66,159,22.1477,53.3557
4450,299,76,61,162,20.4013,54.1806
4451,298,74,59,165,19.7987,55.3691
4452,301,75,62,164,20.5980,54.4850
4453,300,73,63,164,21.0000,54.6667
4454,300,74,64,162,21.3333,54.0000
4455,299,73,65,161,21.7391,53.8462
4456,299,70,66,163,22.0736,54.5151
4457,300,68,65,167,21.6667,55.6667
4458,300,68,65,167,21.6667,55.6667
4459,300,68,65,167,21.6667,55.6667
4460,299,68,64,167,21.4047,55.8528
4461,300,72,62,166,20.6667,55.3333
4462,300,68,66,166,22.0000,55.3333
4463,299,67,64,168,21.4047,56.1873
4464,302,68,62,172,20.5298,56.9536
4465,302,69,61,172,20.1987,56.9536
4466,301,69,61,171,20.2658,56.8106
4467,300,70,60,170,20.0000,56.6667
4468,300,68,61,171,20.3333,57.0000
4469,298,68,56,174,18.7919,58.3893
4470,299,69,60,170,20.0669,56.8562
4471,300,70,60,170,20.0000,56.6667
4472,299,73,57,169,19.0635,56.5217
4473,298,78,51,169,17.1141,56.7114
4474,301,79,52,170,17.2757,56.4784
4475,300,78,53,169,17.6667,56.3333
4476,298,76,51,171,17.1141,57.3826
4477,299,77,49,173,16.3880,57.8595
4478,302,82,45,175,14.9007,57.9470
4479,302,86,47,169,15.5629,55.9603
4480,302,88,45,169,14.9007,55.9603
4481,302,92,48,162,15.8940,53.6424
4482,301,96,47,158,15.6146,52.4917
4483,300,95,47,158,15.6667,52.6667
4484,299,92,50,157,16.7224,52.5084
4485,301,98,49,154,16.2791,51.1628
4486,301,102,51,148,16.9435,49.1694
4487,301,108,51,142,16.9435,47.1761
4488,301,107,52,142,17.2757,47.1761
4489,301,104,53,144,17.6080,47.8405
4490,300,106,49,145,16.3333,48.3333
4491,300,110,50,140,16.6667,46.6667
4492,300,111,51,138,17.0000,46.0000
4493,300,111,53,136,17.6667,45.3333
4494,299,110,55,134,18.3946,44.8161
4495,303,118,54,131,17.8218,43.2343
4496,302,121,50,131,16.5563,43.3775
4497,300,124,47,129,15.6667,43.0000
4498,300,127,48,125,16.0000,41.6667
4499,300,126,54,120,18.0000,40.0000
4500,299,127,53,119,17.7258,39.7993
4501,304,132,55,117,18.0921,38.4868
4502,303,134,53,116,17.4917,38.2838
4503,303,134,54,115,17.8218,37.9538
4504,303,135,52,116,17.1617,38.2838
4505,301,135,50,116,16.6113,38.5382
4506,300,133,52,115,17.3333,38.3333
4507,300,134,51,115,17.0000,38.3333
4508,299,134,52,113,17.3913,37.7926
4509,299,135,55,109,18.3946,36.4548
4510,300,131,60,109,20.0000,36.3333
4511,300,131,61,108,20.3333,36.0000
4512,298,129,62,107,20.8054,35.9060
4513,301,131,64,106,21.2625,35.2159
4514,298,127,65,106,21.8121,35.5705
4515,301,132,65,104,21.5947,34.5515
4516,301,132,69,100,22.9236,33.2226
4517,301,133,69,99,22.9236,32.8904
4518,301,128,73,100,24.2525,33.2226
4519,299,122,75,102,25.0836,34.1137
4520,299,119,76,104,25.4181,34.7826
4521,302,124,78,100,25.8278,33.1126
4522,302,117,81,104,26.8212,34.4371
4523,301,113,85,103,28.2392,34.2193
4524,301,110,88,103,29.2359,34.2193
4525,301,110,91,100,30.2326,33.2226
4526,300,103,97,100,32.3333,33.3333
4527,300,100,96,104,32.0000,34.6667
4528,300,99,102,99,34.0000,33.0000
4529,298,102,98,98,32.8859,32.8859
4530,297,102,93,102,31.3131,34.3434
4531,298,98,96,104,32.2148,34.8993
4532,303,102,98,103,32.3432,33.9934
4533,303,91,107,105,35.3135,34.6535
4534,300,91,104,105,34.6667,35.0000
4535,300,90,104,106,34.6667,35.3333
4536,299,89,103,107,34.4482,35.7860
4537,299,90,102,107,34.1137,35.7860
4538,301,88,103,110,34.2193,36.5449
4539,299,88,99,112,33.1104,37.4582
4540,293,84,96,113,32.7645,38.5666
4541,296,87,98,111,33.1081,37.5000
4542,297,87,96,114,32.3232,38.3838
4543,295,87,94,114,31.8644,38.6441
4544,295,87,91,117,30.8475,39.6610
4545,295,87,86,122,29.1525,41.3559
4546,294,87,81,126,27.5510,42.8571
4547,296,89,76,131,25.6757,44.2568
4548,298,93,75,130,25.1678,43.6242
4549,302,93,78,131,25.8278,43.3775
4550,301,92,76,133,25.2492,44.1860
4551,301,91,73,137,24.2525,45.5150
4552,298,91,70,137,23.4899,45.9732
4553,295,90,64,141,21.6949,47.7966
4554,297,94,60,143,20.2020,48.1481
4555,299,96,60,143,20.0669,47.8261
4556,302,102,55,145,18.2119,48.0132
4557,302,101,58,143,19.2053,47.3510
4558,300,98,59,143,19.6667,47.6667
4559,299,101,57,141,19.0635,47.1572
4560,301,102,55,144,18.2724,47.8405
4561,301,99,53,149,17.6080,49.5017
4562,301,101,50,150,16.6113,49.8339
4563,300,101,47,152,15.6667,50.6667
4564,299,101,46,152,15.3846,50.8361
4565,302,104,45,153,14.9007,50.6623
4566,301,105,42,154,13.9535,51.1628
4567,301,104,44,153,14.6179,50.8306
4568,298,104,40,154,13.4228,51.6779
4569,296,104,38,154,12.8378,52.0270
4570,298,109,34,155,11.4094,52.0134
4571,299,111,32,156,10.7023,52.1739
4572,302,115,33,154,10.9272,50.9934
4573,301,116,32,153,10.6312,50.8306
4574,300,119,30,151,10.0000,50.3333
4575,300,119,29,152,9.6667,50.6667
4576,298,120,28,150,9.3960,50.3356
4577,300,120,29,151,9.6667,50.3333
4578,299,121,28,150,9.3645,50.1672
4579,299,126,26,147,8.6957,49.1639
4580,304,132,25,147,8.2237,48.3553
4581,303,134,25,144,8.2508,47.5248
4582,300,143,21,136,7.0000,45.3333
4583,300,142,23,135,7.6667,45.0000
4584,300,145,23,132,7.6667,44.0000
4585,299,144,24,131,8.0268,43.8127
4586,302,149,24,129,7.9470,42.7152
4587,302,151,24,127,7.9470,42.0530
4588,301,154,22,125,7.3090,41.5282
4589,301,155,21,125,6.9767,41.5282
4590,301,156,23,122,7.6412,40.5316
4591,301,156,27,118,8.9701,39.2027
4592,301,158,25,118,8.3056,39.2027
4593,301,155,27,119,8.9701,39.5349
4594,301,159,29,113,9.6346,37.5415
4595,301,159,30,112,9.9668,37.2093
4596,301,159,33,109,10.9635,36.2126
4597,300,164,32,104,10.6667,34.6667
4598,300,168,32,100,10.6667,33.3333
4599,300,171,34,95,11.3333,31.6667
4600,300,173,35,92,11.6667,30.6667
4601,300,174,36,90,12.0000,30.0000
4602,300,174,38,88,12.6667,29.3333
4603,300,176,39,85,13.0000,28.3333
4604,300,175,41,84,13.6667,28.0000
4605,300,175,45,80,15.0000,26.6667
4606,300,174,49,77,16.3333,25.6667
4607,300,176,49,75,16.3333,25.0000
4608,300,173,56,71,18.6667,23.6667
4609,300,173,56,71,18.6667,23.6667
4610,300,168,60,72,20.0000,24.0000
4611,300,162,67,71,22.3333,23.6667
4612,299,163,66,70,22.0736,23.4114
4613,298,164,70,64,23.4899,21.4765
4614,299,161,72,66,24.0803,22.0736
4615,301,156,81,64,26.9103,21.2625
4616,301,148,89,64,29.5681,21.2625
4617,299,147,89,63,29.7659,21.0702
4618,298,139,98,61,32.8859,20.4698
4619,299,137,99,63,33.1104,21.0702
4620,301,134,106,61,35.2159,20.2658
4621,301,125,114,62,37.8738,20.5980
4622,300,122,117,61,39.0000,20.3333
4623,298,120,120,58,40.2685,19.4631
4624,302,118,125,59,41.3907,19.5364
4625,299,114,125,60,41.8060,20.0669
4626,301,114,123,64,40.8638,21.2625
4627,301,111,124,66,41.1960,21.9269
4628,299,104,127,68,42.4749,22.7425
4629,297,97,132,68,44.4444,22.8956
4630,298,92,138,68,46.3087,22.8188
4631,297,88,134,75,45.1178,25.2525
4632,298,87,134,77,44.9664,25.8389
4633,297,86,132,79,44.4444,26.5993
4634,300,81,137,82,45.6667,27.3333
4635,296,76,134,86,45.2703,29.0541
4636,295,74,126,95,42.7119,32.2034
4637,296,67,130,99,43.9189,33.4459
4638,296,64,126,106,42.5676,35.8108
4639,299,65,122,112,40.8027,37.4582
4640,298,59,123,116,41.2752,38.9262
4641,300,62,118,120,39.3333,40.0000
4642,300,60,111,129,37.0000,43.0000
4643,300,58,107,135,35.6667,45.0000
4644,297,60,99,138,33.3333,46.4646
4645,296,58,100,138,33.7838,46.6216
4646,296,59,97,140,32.7703,47.2973
4647,294,56,94,144,31.9728,48.9796
4648,295,53,97,145,32.8814,49.1525
4649,299,60,88,151,29.4314,50.5017
4650,301,63,83,155,27.5748,51.4950
4651,300,63,76,161,25.3333,53.6667
4652,299,64,73,162,24.4147,54.1806
4653,299,67,69,163,23.0769,54.5151
4654,298,69,62,167,20.8054,56.0403
4655,297,72,56,169,18.8552,56.9024
4656,295,71,51,173,17.2881,58.6441
4657,297,74,49,174,16.4983,58.5859
4658,297,78,43,176,14.4781,59.2593
4659,301,81,41,179,13.6213,59.4684
4660,300,79,38,183,12.6667,61.0000
4661,299,79,34,186,11.3712,62.2074
4662,300,81,32,187,10.6667,62.3333
4663,300,80,31,189,10.3333,63.0000
4664,300,82,32,186,10.6667,62.0000
4665,300,80,30,190,10.0000,63.3333
4666,299,85,29,185,9.6990,61.8729
4667,301,87,29,185,9.6346,61.4618
4668,300,87,25,188,8.3333,62.6667
4669,300,88,22,190,7.3333,63.3333
4670,300,88,22,190,7.3333,63.3333
4671,300,90,20,190,6.6667,63.3333
4672,299,90,19,190,6.3545,63.5452
4673,300,93,19,188,6.3333,62.6667
4674,300,95,18,187,6.0000,62.3333
4675,300,96,18,186,6.0000,62.0000
4676,299,98,16,185,5.3512,61.8729
4677,301,102,15,184,4.9834,61.1296
4678,300,107,15,178,5.0000,59.3333
4679,299,108,16,175,5.3512,58.5284
4680,302,113,12,177,3.9735,58.6093
4681,302,115,12,175,3.9735,57.9470
4682,301,113,14,174,4.6512,57.8073
4683,301,121,13,167,4.3189,55.4817
4684,301,124,12,165,3.9867,54.8173
4685,301,126,11,164,3.6545,54.4850
4686,301,128,12,161,3.9867,53.4884
4687,301,133,11,157,3.6545,52.1595
4688,301,142,11,148,3.6545,49.1694
4689,301,147,10,144,3.3223,47.8405
4690,301,154,10,137,3.3223,45.5150
4691,301,161,10,130,3.3223,43.1894
4692,301,166,10,125,3.3223,41.5282
4693,301,170,11,120,3.6545,39.8671
4694,301,178,12,111,3.9867,36.8771
4695,301,183,13,105,4.3189,34.8837
4696,301,188,14,99,4.6512,32.8904
4697,300,190,13,97,4.3333,32.3333
4698,300,192,14,94,4.6667,31.3333
4699,300,196,13,91,4.3333,30.3333
4700,300,195,14,91,4.6667,30.3333
4701,300,202,14,84,4.6667,28.0000
4702,300,207,14,79,4.6667,26.3333
4703,300,214,11,75,3.6667,25.0000
4704,300,214,13,73,4.3333,24.3333
4705,300,214,15,71,5.0000,23.6667
4706,300,218,14,68,4.6667,22.6667
4707,300,222,13,65,4.3333,21.6667
4708,300,224,16,60,5.3333,20.0000
4709,300,225,17,58,5.6667,19.3333
4710,300,227,19,54,6.3333,18.0000
4711,300,226,23,51,7.6667,17.0000
4712,300,225,29,46,9.6667,15.3333
4713,300,222,34,44,11.3333,14.6667
4714,300,220,38,42,12.6667,14.0000
4715,300,216,44,40,14.6667,13.3333
4716,299,213,46,40,15.3846,13.3779
4717,300,216,48,36,16.0000,12.0000
4718,300,214,51,35,17.0000,11.6667
4719,299,209,56,34,18.7291,11.3712
4720,301,212,58,31,19.2691,10.2990
4721,301,210,62,29,20.5980,9.6346
4722,301,205,67,29,22.2591,9.6346
4723,301,199,75,27,24.9169,8.9701
4724,300,192,81,27,27.0000,9.0000
4725,299,181,90,28,30.1003,9.3645
4726,301,175,98,28,32.5581,9.3023
4727,301,170,103,28,34.2193,9.3023
4728,301,163,110,28,36.5449,9.3023
4729,300,158,114,28,38.0000,9.3333
4730,299,151,118,30,39.4649,10.0334
4731,303,149,122,32,40.2640,10.5611
4732,301,149,122,30,40.5316,9.9668
4733,300,143,121,36,40.3333,12.0000
4734,297,137,123,37,41.4141,12.4579
4735,294,132,123,39,41.8367,13.2653
4736,292,126,125,41,42.8082,14.0411
4737,292,121,131,40,44.8630,13.6986
4738,292,116,134,42,45.8904,14.3836
4739,293,110,140,43,47.7816,14.6758
4740,291,105,138,48,47.4227,16.4948
4741,291,100,141,50,48.4536,17.1821
4742,294,99,141,54,47.9592,18.3673
4743,294,95,139,60,47.2789,20.4082
4744,296,92,138,66,46.6216,22.2973
4745,295,91,133,71,45.0847,24.0678
4746,293,89,120,84,40.9556,28.6689
4747,295,91,117,87,39.6610,29.4915
4748,296,91,114,91,38.5135,30.7432
4749,296,83,117,96,39.5270,32.4324
4750,298,82,114,102,38.2550,34.2282
4751,297,80,111,106,37.3737,35.6902
4752,298,80,110,108,36.9128,36.2416
4753,298,77,110,111,36.9128,37.2483
4754,297,75,106,116,35.6902,39.0572
4755,298,74,108,116,36.2416,38.9262
4756,300,73,106,121,35.3333,40.3333
4757,297,69,100,128,33.6700,43.0976
4758,298,71,96,131,32.2148,43.9597
4759,296,71,89,136,30.0676,45.9459
4760,298,71,84,143,28.1879,47.9866
4761,301,74,79,148,26.2458,49.1694
4762,300,73,74,153,24.6667,51.0000
4763,299,73,70,156,23.4114,52.1739
4764,303,74,69,160,22.7723,52.8053
4765,301,71,66,164,21.9269,54.4850
4766,299,71,63,165,21.0702,55.1839
4767,303,74,64,165,21.1221,54.4554
4768,302,68,68,166,22.5166,54.9669
4769,302,67,63,172,20.8609,56.9536
4770,301,66,59,176,19.6013,58.4718
4771,300,65,55,180,18.3333,60.0000
4772,300,66,54,180,18.0000,60.0000
4773,299,65,48,186,16.0535,62.2074
4774,304,72,43,189,14.1447,62.1711
4775,303,71,40,192,13.2013,63.3663
4776,300,69,38,193,12.6667,64.3333
4777,298,68,35,195,11.7450,65.4362
4778,303,73,34,196,11.2211,64.6865
4779,302,73,31,198,10.2649,65.5629
4780,302,73,31,198,10.2649,65.5629
4781,302,74,29,199,9.6026,65.8940
4782,302,76,27,199,8.9404,65.8940
4783,302,77,28,197,9.2715,65.2318
4784,302,78,27,197,8.9404,65.2318
4785,301,83,26,192,8.6379,63.7874
4786,299,83,23,193,7.6923,64.5485
4787,302,89,22,191,7.2848,63.2450
4788,299,92,19,188,6.3545,62.8763
4789,303,96,16,191,5.2805,63.0363
4790,303,97,18,188,5.9406,62.0462
4791,303,99,17,187,5.6106,61.7162
4792,303,104,16,183,5.2805,60.3960
4793,303,106,17,180,5.6106,59.4059
4794,303,110,15,178,4.9505,58.7459
4795,303,116,14,173,4.6205,57.0957
4796,303,121,14,168,4.6205,55.4455
4797,302,122,15,165,4.9669,54.6358
4798,302,135,14,153,4.6358,50.6623
4799,302,137,15,150,4.9669,49.6689
4800,302,140,15,147,4.9669,48.6755
4801,302,143,17,142,5.6291,47.0199
4802,302,149,17,136,5.6291,45.0331
4803,302,151,20,131,6.6225,43.3775
4804,302,155,19,128,6.2914,42.3841
4805,302,156,20,126,6.6225,41.7219
4806,302,159,21,122,6.9536,40.3974
4807,302,161,21,120,6.9536,39.7351
4808,302,163,24,115,7.9470,38.0795
4809,302,170,24,108,7.9470,35.7616
4810,301,172,24,105,7.9734,34.8837
4811,301,173,29,99,9.6346,32.8904
4812,301,180,29,92,9.6346,30.5648
4813,301,184,29,88,9.6346,29.2359
4814,301,183,35,83,11.6279,27.5748
4815,301,186,35,80,11.6279,26.5781
4816,301,187,38,76,12.6246,25.2492
4817,301,186,41,74,13.6213,24.5847
4818,300,182,45,73,15.0000,24.3333
4819,300,178,49,73,16.3333,24.3333
4820,300,175,51,74,17.0000,24.6667
4821,300,178,53,69,17.6667,23.0000
4822,300,176,58,66,19.3333,22.0000
4823,299,177,59,63,19.7324,21.0702
4824,299,176,60,63,20.0669,21.0702
4825,302,184,61,57,20.1987,18.8742
4826,300,182,63,55,21.0000,18.3333
4827,300,181,67,52,22.3333,17.3333
4828,300,179,66,55,22.0000,18.3333
4829,300,180,68,52,22.6667,17.3333
4830,300,174,74,52,24.6667,17.3333
4831,300,170,76,54,25.3333,18.0000
4832,299,166,79,54,26.4214,18.0602
4833,300,161,87,52,29.0000,17.3333
4834,299,153,92,54,30.7692,18.0602
4835,300,151,94,55,31.3333,18.3333
4836,300,149,97,54,32.3333,18.0000
4837,299,146,96,57,32.1070,19.0635
4838,300,144,97,59,32.3333,19.6667
4839,299,142,96,61,32.1070,20.4013
4840,301,142,95,64,31.5615,21.2625
4841,300,139,99,62,33.0000,20.6667
4842,298,128,107,63,35.9060,21.1409
4843,299,125,106,68,35.4515,22.7425
4844,302,122,112,68,37.0861,22.5166
4845,300,116,114,70,38.0000,23.3333
4846,300,109,121,70,40.3333,23.3333
4847,300,99,126,75,42.0000,25.0000
4848,299,94,130,75,43.4783,25.0836
4849,297,93,131,73,44.1077,24.5791
4850,298,91,131,76,43.9597,25.5034
4851,301,92,127,82,42.1927,27.2425
4852,300,90,125,85,41.6667,28.3333
4853,297,88,120,89,40.4040,29.9663
4854,299,88,114,97,38.1271,32.4415
4855,301,86,113,102,37.5415,33.8870
4856,301,82,112,107,37.2093,35.5482
4857,300,75,115,110,38.3333,36.6667
4858,296,73,112,111,37.8378,37.5000
4859,297,73,110,114,37.0370,38.3838
4860,298,74,109,115,36.5772,38.5906
4861,298,75,104,119,34.8993,39.9329
4862,297,76,101,120,34.0067,40.4040
4863,298,74,96,128,32.2148,42.9530
4864,301,75,94,132,31.2292,43.8538
4865,297,73,87,137,29.2929,46.1279
4866,297,74,81,142,27.2727,47.8114
4867,296,73,75,148,25.3378,50.0000
4868,297,74,66,157,22.2222,52.8620
4869,295,76,61,158,20.6780,53.5593
4870,296,79,58,159,19.5946,53.7162
4871,295,78,55,162,18.6441,54.9153
4872,297,83,51,163,17.1717,54.8822
4873,300,86,52,162,17.3333,54.0000
4874,300,87,49,164,16.3333,54.6667
4875,299,87,46,166,15.3846,55.5184
4876,301,86,47,168,15.6146,55.8140
4877,299,86,41,172,13.7124,57.5251
4878,299,88,38,173,12.7090,57.8595
4879,301,91,33,177,10.9635,58.8040
4880,300,92,34,174,11.3333,58.0000
4881,300,89,36,175,12.0000,58.3333
4882,299,89,35,175,11.7057,58.5284
4883,298,91,36,171,12.0805,57.3826
4884,298,94,32,172,10.7383,57.7181
4885,298,93,30,175,10.0671,58.7248
4886,300,99,29,172,9.6667,57.3333
4887,299,99,28,172,9.3645,57.5251
4888,300,100,29,171,9.6667,57.0000
4889,300,104,26,170,8.6667,56.6667
4890,300,106,28,166,9.3333,55.3333
4891,300,109,28,163,9.3333,54.3333
4892,299,111,28,160,9.3645,53.5117
4893,302,115,27,160,8.9404,52.9801
4894,302,113,30,159,9.9338,52.6490
4895,302,116,33,153,10.9272,50.6623
4896,301,115,31,155,10.2990,51.4950
4897,301,115,30,156,9.9668,51.8272
4898,301,116,30,155,9.9668,51.4950
4899,301,119,33,149,10.9635,49.5017
4900,301,120,31,150,10.2990,49.8339
4901,301,119,29,153,9.6346,50.8306
4902,299,121,28,150,9.3645,50.1672
4903,302,125,31,146,10.2649,48.3444
4904,302,126,33,143,10.9272,47.3510
4905,302,128,35,139,11.5894,46.0265
4906,301,136,34,131,11.2957,43.5216
4907,301,137,36,128,11.9601,42.5249
4908,301,142,37,122,12.2924,40.5316
4909,301,145,37,119,12.2924,39.5349
4910,301,143,40,118,13.2890,39.2027
4911,301,144,42,115,13.9535,38.2060
4912,301,143,44,114,14.6179,37.8738
4913,300,145,44,111,14.6667,37.0000
4914,300,144,46,110,15.3333,36.6667
4915,299,151,44,104,14.7157,34.7826
4916,301,155,45,101,14.9502,33.5548
4917,300,156,47,97,15.6667,32.3333
4918,299,158,49,92,16.3880,30.7692
4919,301,164,50,87,16.6113,28.9037
4920,301,171,50,80,16.6113,26.5781
4921,301,170,55,76,18.2724,25.2492
4922,301,168,56,77,18.6047,25.5814
4923,300,168,56,76,18.6667,25.3333
4924,298,166,58,74,19.4631,24.8322
4925,298,165,57,76,19.1275,25.5034
4926,305,170,61,74,20.0000,24.2623
4927,305,170,62,73,20.3279,23.9344
4928,305,171,62,72,20.3279,23.6066
4929,305,170,67,68,21.9672,22.2951
4930,305,170,67,68,21.9672,22.2951
4931,305,168,69,68,22.6230,22.2951
4932,303,166,68,69,22.4422,22.7723
4933,303,164,70,69,23.1023,22.7723
4934,303,162,72,69,23.7624,22.7723
4935,303,157,73,73,24.0924,24.0924
4936,303,155,76,72,25.0825,23.7624
4937,301,153,74,74,24.5847,24.5847
4938,300,148,78,74,26.0000,24.6667
4939,298,143,81,74,27.1812,24.8322
4940,300,143,82,75,27.3333,25.0000
4941,300,140,83,77,27.6667,25.6667
4942,300,134,88,78,29.3333,26.0000
4943,300,130,86,84,28.6667,28.0000
4944,300,125,88,87,29.3333,29.0000
4945,298,125,86,87,28.8591,29.1946
4946,299,122,88,89,29.4314,29.7659
4947,299,118,87,94,29.0970,31.4381
4948,301,121,85,95,28.2392,31.5615
4949,300,121,87,92,29.0000,30.6667
4950,298,117,87,94,29.1946,31.5436
4951,298,115,87,96,29.1946,32.2148
4952,298,111,89,98,29.8658,32.8859
4953,300,113,90,97,30.0000,32.3333
4954,298,110,90,98,30.2013,32.8859
4955,298,107,90,101,30.2013,33.8926
4956,299,106,91,102,30.4348,34.1137
4957,303,106,92,105,30.3630,34.6535
4958,303,101,92,110,30.3630,36.3036
4959,302,96,95,111,31.4570,36.7550
4960,302,93,92,117,30.4636,38.7417
4961,301,91,90,120,29.9003,39.8671
4962,301,89,87,125,28.9037,41.5282
4963,299,87,86,126,28.7625,42.1405
4964,299,88,82,129,27.4247,43.1438
4965,300,89,80,131,26.6667,43.6667
4966,299,89,78,132,26.0870,44.1472
4967,303,88,84,131,27.7228,43.2343
4968,301,86,83,132,27.5748,43.8538
4969,301,86,82,133,27.2425,44.1860
4970,301,84,82,135,27.2425,44.8505
4971,297,84,77,136,25.9259,45.7912
4972,298,88,72,138,24.1611,46.3087
4973,299,87,67,145,22.4080,48.4950
4974,300,89,67,144,22.3333,48.0000
4975,299,88,65,146,21.7391,48.8294
4976,299,89,61,149,20.4013,49.8328
4977,302,94,56,152,18.5430,50.3311
4978,301,93,53,155,17.6080,51.4950
4979,300,95,47,158,15.6667,52.6667
4980,298,94,44,160,14.7651,53.6913
4981,302,98,45,159,14.9007,52.6490
4982,301,99,41,161,13.6213,53.4884
4983,301,103,41,157,13.6213,52.1595
4984,301,103,40,158,13.2890,52.4917
4985,301,103,40,158,13.2890,52.4917
4986,301,103,39,159,12.9568,52.8239
4987,300,104,39,157,13.0000,52.3333
4988,298,101,38,159,12.7517,53.3557
4989,300,106,36,158,12.0000,52.6667
4990,300,105,38,157,12.6667,52.3333
4991,300,103,38,159,12.6667,53.0000
4992,300,102,40,158,13.3333,52.6667
4993,300,105,40,155,13.3333,51.6667
4994,300,105,39,156,13.0000,52.0000
4995,299,110,36,153,12.0401,51.1706
4996,300,115,34,151,11.3333,50.3333
4997,300,117,34,149,11.3333,49.6667
4998,300,118,32,150,10.6667,50.0000
4999,300,122,33,145,11.0000,48.3333
5000,300,125,31,144,10.3333,48.0000
5001,300,120,36,144,12.0000,48.0000
5002,298,122,34,142,11.4094,47.6510
5003,301,124,37,140,12.2924,46.5116
5004,299,127,36,136,12.0401,45.4849
5005,303,132,37,134,12.2112,44.2244
5006,303,133,36,134,11.8812,44.2244
5007,303,137,33,133,10.8911,43.8944
5008,303,138,31,134,10.2310,44.2244
5009,302,140,29,133,9.6026,44.0397
5010,302,143,31,128,10.2649,42.3841
5011,302,143,30,129,9.9338,42.7152
5012,302,147,31,124,10.2649,41.0596
5013,299,150,29,120,9.6990,40.1338
5014,302,155,32,115,10.5960,38.0795
5015,302,155,33,114,10.9272,37.7483
5016,302,156,34,112,11.2583,37.0861
5017,302,155,38,109,12.5828,36.0927
5018,302,154,42,106,13.9073,35.0993
5019,302,153,43,106,14.2384,35.0993
5020,301,151,45,105,14.9502,34.8837
5021,300,154,41,105,13.6667,35.0000
5022,300,149,47,104,15.6667,34.6667
5023,300,144,53,103,17.6667,34.3333
5024,299,146,52,101,17.3913,33.7793
5025,302,153,55,94,18.2119,31.1258
5026,302,152,56,94,18.5430,31.1258
5027,302,150,61,91,20.1987,30.1325
5028,302,146,69,87,22.8477,28.8079
5029,301,144,74,83,24.5847,27.5748
5030,301,145,76,80,25.2492,26.5781
5031,301,148,76,77,25.2492,25.5814
5032,301,146,79,76,26.2458,25.2492
5033,300,144,79,77,26.3333,25.6667
5034,300,141,86,73,28.6667,24.3333
5035,299,134,88,77,29.4314,25.7525
5036,301,132,93,76,30.8970,25.2492
5037,301,129,95,77,31.5615,25.5814
5038,300,127,94,79,31.3333,26.3333
5039,298,124,97,77,32.5503,25.8389
5040,297,121,102,74,34.3434,24.9158
5041,302,126,103,73,34.1060,24.1722
5042,302,118,108,76,35.7616,25.1656
5043,300,118,103,79,34.3333,26.3333
5044,299,111,105,83,35.1171,27.7592
5045,300,108,109,83,36.3333,27.6667
5046,299,102,114,83,38.1271,27.7592
5047,298,103,111,84,37.2483,28.1879
5048,295,99,110,86,37.2881,29.1525
5049,292,90,112,90,38.3562,30.8219
5050,295,93,109,93,36.9492,31.5254
5051,296,86,116,94,39.1892,31.7568
5052,295,89,112,94,37.9661,31.8644
5053,296,86,114,96,38.5135,32.4324
5054,296,83,111,102,37.5000,34.4595
5055,298,83,110,105,36.9128,35.2349
5056,302,82,108,112,35.7616,37.0861
5057,300,75,108,117,36.0000,39.0000
5058,299,77,105,117,35.1171,39.1304
5059,302,79,104,119,34.4371,39.4040
5060,301,79,100,122,33.2226,40.5316
5061,301,78,102,121,33.8870,40.1993
5062,301,75,99,127,32.8904,42.1927
5063,297,73,96,128,32.3232,43.0976
5064,295,66,99,130,33.5593,44.0678
5065,297,66,100,131,33.6700,44.1077
5066,293,64,93,136,31.7406,46.4164
5067,295,63,94,138,31.8644,46.7797
5068,293,61,94,138,32.0819,47.0990
5069,295,61,89,145,30.1695,49.1525
5070,295,62,84,149,28.4746,50.5085
5071,297,64,80,153,26.9360,51.5152
5072,300,68,78,154,26.0000,51.3333
5073,300,67,78,155,26.0000,51.6667
5074,298,65,76,157,25.5034,52.6846
5075,298,66,73,159,24.4966,53.3557
5076,299,68,72,159,24.0803,53.1773
5077,299,68,66,165,22.0736,55.1839
5078,299,70,63,166,21.0702,55.5184
5079,301,68,64,169,21.2625,56.1462
5080,298,65,63,170,21.1409,57.0470
5081,302,69,61,172,20.1987,56.9536
5082,301,69,59,173,19.6013,57.4751
5083,300,68,57,175,19.0000,58.3333
5084,298,71,51,176,17.1141,59.0604
5085,299,74,45,180,15.0502,60.2007
5086,301,75,43,183,14.2857,60.7973
5087,299,79,37,183,12.3746,61.2040
5088,300,82,34,184,11.3333,61.3333
5089,300,84,33,183,11.0000,61.0000
5090,300,86,34,180,11.3333,60.0000
5091,299,85,34,180,11.3712,60.2007
5092,297,83,33,181,11.1111,60.9428
5093,298,85,33,180,11.0738,60.4027
5094,298,88,31,179,10.4027,60.0671
5095,298,92,33,173,11.0738,58.0537
5096,301,99,33,169,10.9635,56.1462
5097,301,100,33,168,10.9635,55.8140
5098,301,98,36,167,11.9601,55.4817
5099,300,99,38,163,12.6667,54.3333
5100,299,101,34,164,11.3712,54.8495
5101,303,108,33,162,10.8911,53.4653
5102,302,112,34,156,11.2583,51.6556
5103,301,112,34,155,11.2957,51.4950
5104,301,113,33,155,10.9635,51.4950
5105,301,109,39,153,12.9568,50.8306
5106,301,114,40,147,13.2890,48.8372
5107,300,115,41,144,13.6667,48.0000
5108,299,119,43,137,14.3813,45.8194
5109,300,124,44,132,14.6667,44.0000
5110,300,123,46,131,15.3333,43.6667
5111,300,126,47,127,15.6667,42.3333
5112,300,129,48,123,16.0000,41.0000
5113,299,130,44,125,14.7157,41.8060
5114,301,134,46,121,15.2824,40.1993
5115,300,139,43,118,14.3333,39.3333
5116,300,138,46,116,15.3333,38.6667
5117,300,136,49,115,16.3333,38.3333
5118,300,140,47,113,15.6667,37.6667
5119,299,143,43,113,14.3813,37.7926
5120,303,144,47,112,15.5116,36.9637
5121,302,146,50,106,16.5563,35.0993
5122,302,145,55,102,18.2119,33.7748
5123,301,142,60,99,19.9336,32.8904
5124,301,142,62,97,20.5980,32.2259
5125,301,142,60,99,19.9336,32.8904
5126,299,143,59,97,19.7324,32.4415
5127,303,149,58,96,19.1419,31.6832
5128,303,148,59,96,19.4719,31.6832
5129,302,152,58,92,19.2053,30.4636
5130,302,148,65,89,21.5232,29.4702
5131,302,152,59,91,19.5364,30.1325
5132,301,149,62,90,20.5980,29.9003
5133,300,148,64,88,21.3333,29.3333
5134,299,142,71,86,23.7458,28.7625
5135,302,143,76,83,25.1656,27.4834
5136,302,142,80,80,26.4901,26.4901
5137,299,143,78,78,26.0870,26.0870
5138,303,144,83,76,27.3927,25.0825
5139,303,138,92,73,30.3630,24.0924
5140,302,136,95,71,31.4570,23.5099
5141,301,132,96,73,31.8937,24.2525
5142,301,127,98,76,32.5581,25.2492
5143,300,123,97,80,32.3333,26.6667
5144,300,122,93,85,31.0000,28.3333
5145,299,121,92,86,30.7692,28.7625
5146,299,117,96,86,32.1070,28.7625
5147,303,112,104,87,34.3234,28.7129
5148,302,102,111,89,36.7550,29.4702
5149,302,90,122,90,40.3974,29.8013
5150,300,87,122,91,40.6667,30.3333
5151,300,83,122,95,40.6667,31.6667
5152,299,80,127,92,42.4749,30.7692
5153,300,83,124,93,41.3333,31.0000
5154,298,74,127,97,42.6174,32.5503
5155,300,70,127,103,42.3333,34.3333
5156,297,64,127,106,42.7609,35.6902
5157,297,62,128,107,43.0976,36.0269
5158,299,60,127,112,42.4749,37.4582
5159,297,58,121,118,40.7407,39.7306
5160,296,57,115,124,38.8514,41.8919
5161,296,51,116,129,39.1892,43.5811
5162,299,55,110,134,36.7893,44.8161
5163,300,57,110,133,36.6667,44.3333
5164,298,55,109,134,36.5772,44.9664
5165,298,55,112,131,37.5839,43.9597
5166,300,55,110,135,36.6667,45.0000
5167,298,57,102,139,34.2282,46.6443
5168,299,61,94,144,31.4381,48.1605
5169,299,62,84,153,28.0936,51.1706
5170,299,68,77,154,25.7525,51.5050
5171,296,68,76,152,25.6757,51.3514
5172,299,70,71,158,23.7458,52.8428
5173,299,71,69,159,23.0769,53.1773
5174,299,73,61,165,20.4013,55.1839
5175,301,72,61,168,20.2658,55.8140
5176,299,67,57,175,19.0635,58.5284
5177,299,73,56,170,18.7291,56.8562
5178,299,73,52,174,17.3913,58.1940
5179,301,76,50,175,16.6113,58.1395
5180,301,75,52,174,17.2757,57.8073
5181,299,75,48,176,16.0535,58.8629
5182,305,79,48,178,15.7377,58.3607
5183,305,82,50,173,16.3934,56.7213
5184,302,77,51,174,16.8874,57.6159
5185,302,75,52,175,17.2185,57.9470
5186,301,75,46,180,15.2824,59.8007
5187,301,73,47,181,15.6146,60.1329
5188,301,73,47,181,15.6146,60.1329
5189,301,75,48,178,15.9468,59.1362
5190,301,74,49,178,16.2791,59.1362
5191,301,72,51,178,16.9435,59.1362
5192,301,73,47,181,15.6146,60.1329
5193,300,75,46,179,15.3333,59.6667
5194,300,78,47,175,15.6667,58.3333
5195,299,80,46,173,15.3846,57.8595
5196,300,86,42,172,14.0000,57.3333
5197,299,88,40,171,13.3779,57.1906
5198,300,89,41,170,13.6667,56.6667
5199,300,84,46,170,15.3333,56.6667
5200,300,83,48,169,16.0000,56.3333
