tick,total,susceptible,infected,immune,pct_infected,pct_immune
0,150,131,10,9,6.6667,6.0000
1,151,130,12,9,7.9470,5.9603
2,151,128,14,9,9.2715,5.9603
3,151,128,14,9,9.2715,5.9603
4,153,130,14,9,9.1503,5.8824
5,153,129,15,9,9.8039,5.8824
6,153,129,15,9,9.8039,5.8824
7,154,129,16,9,10.3896,5.8442
8,155,130,16,9,10.3226,5.8065
9,156,129,18,9,11.5385,5.7692
10,159,132,18,9,11.3208,5.6604
11,161,134,18,9,11.1801,5.5901
12,162,135,18,9,11.1111,5.5556
13,163,132,22,9,13.4969,5.5215
14,163,132,22,9,13.4969,5.5215
15,163,131,23,9,14.1104,5.5215
16,164,132,23,9,14.0244,5.4878
17,167,135,23,9,13.7725,5.3892
18,170,137,24,9,14.1176,5.2941
19,171,138,24,9,14.0351,5.2632
20,175,141,25,9,14.2857,5.1429
21,174,140,15,19,8.6207,10.9195
22,173,140,13,20,7.5145,11.5607
23,175,142,13,20,7.4286,11.4286
24,177,144,13,20,7.3446,11.2994
25,179,146,12,21,6.7039,11.7318
26,181,148,12,21,6.6298,11.6022
27,182,149,12,21,6.5934,11.5385
28,184,150,12,22,6.5217,11.9565
29,186,150,14,22,7.5269,11.8280
30,189,152,13,24,6.8783,12.6984
31,190,153,13,24,6.8421,12.6316
32,194,155,15,24,7.7320,12.3711
33,194,153,17,24,8.7629,12.3711
34,194,152,14,28,7.2165,14.4330
35,194,151,14,29,7.2165,14.9485
36,197,154,14,29,7.1066,14.7208
37,201,155,17,29,8.4577,14.4279
38,203,156,17,30,8.3744,14.7783
39,204,156,18,30,8.8235,14.7059
40,209,160,18,31,8.6124,14.8325
41,209,156,21,32,10.0478,15.3110
42,209,156,20,33,9.5694,15.7895
43,215,161,21,33,9.7674,15.3488
44,218,163,22,33,10.0917,15.1376
45,219,164,22,33,10.0457,15.0685
46,223,167,23,33,10.3139,14.7982
47,227,170,24,33,10.5727,14.5374
48,227,169,24,34,10.5727,14.9780
49,227,169,23,35,10.1322,15.4185
50,227,167,25,35,11.0132,15.4185
51,228,167,26,35,11.4035,15.3509
52,230,176,27,27,11.7391,11.7391
53,231,176,26,29,11.2554,12.5541
54,232,178,24,30,10.3448,12.9310
55,232,177,25,30,10.7759,12.9310
56,234,178,26,30,11.1111,12.8205
57,233,176,26,31,11.1588,13.3047
58,232,175,26,31,11.2069,13.3621
59,234,176,26,32,11.1111,13.6752
60,235,176,26,33,11.0638,14.0426
61,238,178,25,35,10.5042,14.7059
62,239,177,25,37,10.4603,15.4812
63,240,176,27,37,11.2500,15.4167
64,241,176,27,38,11.2033,15.7676
65,243,178,26,39,10.6996,16.0494
66,245,181,25,39,10.2041,15.9184
67,248,183,26,39,10.4839,15.7258
68,249,184,26,39,10.4418,15.6627
69,254,185,29,40,11.4173,15.7480
70,254,184,29,41,11.4173,16.1417
71,255,183,29,43,11.3725,16.8627
72,256,184,28,44,10.9375,17.1875
73,260,198,26,36,10.0000,13.8462
74,262,201,26,35,9.9237,13.3588
75,264,202,26,36,9.8485,13.6364
76,266,205,25,36,9.3985,13.5338
77,268,205,26,37,9.7015,13.8060
78,270,205,28,37,10.3704,13.7037
79,271,206,27,38,9.9631,14.0221
80,274,206,30,38,10.9489,13.8686
81,278,205,33,40,11.8705,14.3885
82,282,209,33,40,11.7021,14.1844
83,281,205,36,40,12.8114,14.2349
84,284,208,35,41,12.3239,14.4366
85,288,207,39,42,13.5417,14.5833
86,291,212,41,38,14.0893,13.0584
87,293,214,42,37,14.3345,12.6280
88,296,215,44,37,14.8649,12.5000
89,299,212,47,40,15.7191,13.3779
90,300,212,47,41,15.6667,13.6667
91,299,205,52,42,17.3913,14.0468
92,300,204,53,43,17.6667,14.3333
93,300,202,56,42,18.6667,14.0000
94,300,198,61,41,20.3333,13.6667
95,300,191,68,41,22.6667,13.6667
96,299,185,73,41,24.4147,13.7124
97,301,182,75,44,24.9169,14.6179
98,300,173,82,45,27.3333,15.0000
99,299,167,87,45,29.0970,15.0502
100,301,166,88,47,29.2359,15.6146
101,300,158,95,47,31.6667,15.6667
102,299,154,95,50,31.7726,16.7224
103,298,150,94,54,31.5436,18.1208
104,300,146,99,55,33.0000,18.3333
105,299,142,104,53,34.7826,17.7258
106,300,137,106,57,35.3333,19.0000
107,299,130,111,58,37.1237,19.3980
108,298,127,111,60,37.2483,20.1342
109,302,127,112,63,37.0861,20.8609
110,300,119,117,64,39.0000,21.3333
111,298,112,118,68,39.5973,22.8188
112,300,112,120,68,40.0000,22.6667
113,299,112,119,68,39.7993,22.7425
114,298,106,120,72,40.2685,24.1611
115,301,103,120,78,39.8671,25.9136
116,300,94,125,81,41.6667,27.0000
117,299,89,127,83,42.4749,27.7592
118,298,87,120,91,40.2685,30.5369
119,298,83,122,93,40.9396,31.2081
120,297,81,118,98,39.7306,32.9966
121,296,79,116,101,39.1892,34.1216
122,299,84,111,104,37.1237,34.7826
123,299,81,114,104,38.1271,34.7826
124,298,83,110,105,36.9128,35.2349
125,298,80,109,109,36.5772,36.5772
126,297,80,103,114,34.6801,38.3838
127,296,76,102,118,34.4595,39.8649
128,296,73,101,122,34.1216,41.2162
129,297,75,98,124,32.9966,41.7508
130,298,75,94,129,31.5436,43.2886
131,297,77,87,133,29.2929,44.7811
132,299,77,84,138,28.0936,46.1538
133,301,79,83,139,27.5748,46.1794
134,300,77,80,143,26.6667,47.6667
135,299,76,76,147,25.4181,49.1639
136,301,76,72,153,23.9203,50.8306
137,299,73,67,159,22.4080,53.1773
138,296,70,66,160,22.2973,54.0541
139,294,66,66,162,22.4490,55.1020
140,296,70,62,164,20.9459,55.4054
141,297,72,60,165,20.2020,55.5556
142,298,75,59,164,19.7987,55.0336
143,299,74,60,165,20.0669,55.1839
144,298,75,59,164,19.7987,55.0336
145,297,72,59,166,19.8653,55.8923
146,298,74,55,169,18.4564,56.7114
147,297,76,50,171,16.8350,57.5758
148,299,76,48,175,16.0535,58.5284
149,299,76,50,173,16.7224,57.8595
150,304,82,49,173,16.1184,56.9079
151,304,80,50,174,16.4474,57.2368
152,304,79,52,173,17.1053,56.9079
153,304,78,50,176,16.4474,57.8947
154,303,80,48,175,15.8416,57.7558
155,301,83,46,172,15.2824,57.1429
156,301,84,44,173,14.6179,57.4751
157,301,82,43,176,14.2857,58.4718
158,299,84,43,172,14.3813,57.5251
159,299,83,40,176,13.3779,58.8629
160,301,85,42,174,13.9535,57.8073
161,301,88,40,173,13.2890,57.4751
162,300,88,40,172,13.3333,57.3333
163,300,92,37,171,12.3333,57.0000
164,300,91,39,170,13.0000,56.6667
165,300,92,37,171,12.3333,57.0000
166,298,96,36,166,12.0805,55.7047
167,302,104,37,161,12.2517,53.3113
168,302,107,37,158,12.2517,52.3179
169,302,110,35,157,11.5894,51.9868
170,300,116,34,150,11.3333,50.0000
171,299,116,34,149,11.3712,49.8328
172,300,120,34,146,11.3333,48.6667
173,300,123,35,142,11.6667,47.3333
174,298,126,33,139,11.0738,46.6443
175,300,128,34,138,11.3333,46.0000
176,300,129,34,137,11.3333,45.6667
177,300,131,37,132,12.3333,44.0000
178,299,132,38,129,12.7090,43.1438
179,302,139,36,127,11.9205,42.0530
180,302,136,42,124,13.9073,41.0596
181,302,137,41,124,13.5762,41.0596
182,302,140,43,119,14.2384,39.4040
183,302,143,43,116,14.2384,38.4106
184,301,146,45,110,14.9502,36.5449
185,301,144,49,108,16.2791,35.8804
186,301,145,52,104,17.2757,34.5515
187,299,146,53,100,17.7258,33.4448
188,300,153,54,93,18.0000,31.0000
189,300,155,59,86,19.6667,28.6667
190,300,155,58,87,19.3333,29.0000
191,300,156,58,86,19.3333,28.6667
192,297,155,57,85,19.1919,28.6195
193,297,159,57,81,19.1919,27.2727
194,303,163,60,80,19.8020,26.4026
195,303,161,62,80,20.4620,26.4026
196,303,158,65,80,21.4521,26.4026
197,303,156,68,79,22.4422,26.0726
198,300,152,68,80,22.6667,26.6667
199,300,153,67,80,22.3333,26.6667
200,298,153,65,80,21.8121,26.8456
201,299,151,68,80,22.7425,26.7559
202,300,145,75,80,25.0000,26.6667
203,300,143,76,81,25.3333,27.0000
204,298,136,80,82,26.8456,27.5168
205,297,138,79,80,26.5993,26.9360
206,299,136,80,83,26.7559,27.7592
207,300,132,83,85,27.6667,28.3333
208,299,132,84,83,28.0936,27.7592
209,298,132,83,83,27.8523,27.8523
210,298,126,87,85,29.1946,28.5235
211,300,126,94,80,31.3333,26.6667
212,299,123,95,81,31.7726,27.0903
213,303,125,97,81,32.0132,26.7327
214,302,121,99,82,32.7815,27.1523
215,302,119,103,80,34.1060,26.4901
216,300,114,102,84,34.0000,28.0000
217,299,110,106,83,35.4515,27.7592
218,303,107,110,86,36.3036,28.3828
219,301,100,112,89,37.2093,29.5681
220,301,100,111,90,36.8771,29.9003
221,299,100,109,90,36.4548,30.1003
222,295,96,104,95,35.2542,32.2034
223,295,92,105,98,35.5932,33.2203
224,296,91,105,100,35.4730,33.7838
225,295,88,103,104,34.9153,35.2542
226,296,85,103,108,34.7973,36.4865
227,297,82,104,111,35.0168,37.3737
228,299,82,103,114,34.4482,38.1271
229,298,83,102,113,34.2282,37.9195
230,300,83,102,115,34.0000,38.3333
231,298,82,95,121,31.8792,40.6040
232,300,84,94,122,31.3333,40.6667
233,299,82,97,120,32.4415,40.1338
234,304,87,91,126,29.9342,41.4474
235,303,86,90,127,29.7030,41.9142
236,302,84,89,129,29.4702,42.7152
237,298,83,83,132,27.8523,44.2953
238,297,86,76,135,25.5892,45.4545
239,297,84,74,139,24.9158,46.8013
240,299,86,72,141,24.0803,47.1572
241,299,84,72,143,24.0803,47.8261
242,302,86,74,142,24.5033,47.0199
243,301,85,70,146,23.2558,48.5050
244,300,83,69,148,23.0000,49.3333
245,300,83,64,153,21.3333,51.0000
246,299,81,62,156,20.7358,52.1739
247,297,82,58,157,19.5286,52.8620
248,299,85,55,159,18.3946,53.1773
249,297,85,51,161,17.1717,54.2088
250,297,88,49,160,16.4983,53.8721
251,297,85,53,159,17.8451,53.5354
252,300,88,52,160,17.3333,53.3333
253,300,83,57,160,19.0000,53.3333
254,298,81,56,161,18.7919,54.0268
255,299,83,54,162,18.0602,54.1806
256,303,87,54,162,17.8218,53.4653
257,302,85,56,161,18.5430,53.3113
258,301,85,58,158,19.2691,52.4917
259,300,86,57,157,19.0000,52.3333
260,300,86,56,158,18.6667,52.6667
261,299,87,55,157,18.3946,52.5084
262,302,91,55,156,18.2119,51.6556
263,301,89,52,160,17.2757,53.1561
264,300,85,56,159,18.6667,53.0000
265,300,83,58,159,19.3333,53.0000
266,300,84,57,159,19.0000,53.0000
267,300,83,59,158,19.6667,52.6667
268,300,85,60,155,20.0000,51.6667
269,300,82,64,154,21.3333,51.3333
270,299,84,64,151,21.4047,50.5017
271,302,92,61,149,20.1987,49.3377
272,300,93,57,150,19.0000,50.0000
273,299,92,54,153,18.0602,51.1706
274,301,101,49,151,16.2791,50.1661
275,301,105,48,148,15.9468,49.1694
276,300,105,51,144,17.0000,48.0000
277,299,105,53,141,17.7258,47.1572
278,300,112,50,138,16.6667,46.0000
279,299,113,48,138,16.0535,46.1538
280,301,117,49,135,16.2791,44.8505
281,301,117,47,137,15.6146,45.5150
282,300,117,49,134,16.3333,44.6667
283,299,126,47,126,15.7191,42.1405
284,301,131,45,125,14.9502,41.5282
285,301,128,43,130,14.2857,43.1894
286,301,129,45,127,14.9502,42.1927
287,301,123,53,125,17.6080,41.5282
288,300,123,52,125,17.3333,41.6667
289,299,123,53,123,17.7258,41.1371
290,298,123,54,121,18.1208,40.6040
291,300,123,59,118,19.6667,39.3333
292,299,125,58,116,19.3980,38.7960
293,301,126,59,116,19.6013,38.5382
294,301,125,60,116,19.9336,38.5382
295,301,128,62,111,20.5980,36.8771
296,301,129,62,110,20.5980,36.5449
297,300,132,59,109,19.6667,36.3333
298,300,131,60,109,20.0000,36.3333
299,299,126,67,106,22.4080,35.4515
300,297,126,66,105,22.2222,35.3535
301,300,130,67,103,22.3333,34.3333
302,299,132,66,101,22.0736,33.7793
303,299,130,67,102,22.4080,34.1137
304,303,133,73,97,24.0924,32.0132
305,303,131,73,99,24.0924,32.6733
306,302,130,72,100,23.8411,33.1126
307,301,133,66,102,21.9269,33.8870
308,299,132,64,103,21.4047,34.4482
309,299,133,62,104,20.7358,34.7826
310,305,134,67,104,21.9672,34.0984
311,303,133,62,108,20.4620,35.6436
312,302,132,63,107,20.8609,35.4305
313,302,129,65,108,21.5232,35.7616
314,301,127,67,107,22.2591,35.5482
315,301,129,67,105,22.2591,34.8837
316,301,126,69,106,22.9236,35.2159
317,300,126,69,105,23.0000,35.0000
318,299,128,66,105,22.0736,35.1171
319,302,131,61,110,20.1987,36.4238
320,300,130,58,112,19.3333,37.3333
321,300,130,57,113,19.0000,37.6667
322,299,124,62,113,20.7358,37.7926
323,301,125,63,113,20.9302,37.5415
324,299,125,60,114,20.0669,38.1271
325,302,131,58,113,19.2053,37.4172
326,302,130,61,111,20.1987,36.7550
327,300,128,62,110,20.6667,36.6667
328,300,122,67,111,22.3333,37.0000
329,299,119,68,112,22.7425,37.4582
330,300,117,69,114,23.0000,38.0000
331,300,120,65,115,21.6667,38.3333
332,299,119,63,117,21.0702,39.1304
333,300,117,66,117,22.0000,39.0000
334,297,112,68,117,22.8956,39.3939
335,298,112,67,119,22.4832,39.9329
336,299,110,68,121,22.7425,40.4682
337,301,111,74,116,24.5847,38.5382
338,301,109,78,114,25.9136,37.8738
339,301,107,81,113,26.9103,37.5415
340,301,106,82,113,27.2425,37.5415
341,301,107,82,112,27.2425,37.2093
342,301,101,88,112,29.2359,37.2093
343,297,100,82,115,27.6094,38.7205
344,301,102,82,117,27.2425,38.8704
345,301,100,85,116,28.2392,38.5382
346,300,98,83,119,27.6667,39.6667
347,298,92,85,121,28.5235,40.6040
348,300,92,86,122,28.6667,40.6667
349,300,90,88,122,29.3333,40.6667
350,300,85,90,125,30.0000,41.6667
351,297,80,92,125,30.9764,42.0875
352,297,76,95,126,31.9865,42.4242
353,299,77,94,128,31.4381,42.8094
354,301,79,92,130,30.5648,43.1894
355,300,76,91,133,30.3333,44.3333
356,297,75,87,135,29.2929,45.4545
357,299,77,86,136,28.7625,45.4849
358,297,78,80,139,26.9360,46.8013
359,299,83,80,136,26.7559,45.4849
360,302,88,78,136,25.8278,45.0331
361,302,88,78,136,25.8278,45.0331
362,300,88,75,137,25.0000,45.6667
363,299,91,73,135,24.4147,45.1505
364,299,91,74,134,24.7492,44.8161
365,300,89,78,133,26.0000,44.3333
366,299,86,77,136,25.7525,45.4849
367,299,86,74,139,24.7492,46.4883
368,301,84,77,140,25.5814,46.5116
369,299,84,74,141,24.7492,47.1572
370,299,85,69,145,23.0769,48.4950
371,300,91,67,142,22.3333,47.3333
372,297,89,67,141,22.5589,47.4747
373,295,91,63,141,21.3559,47.7966
374,294,93,60,141,20.4082,47.9592
375,295,96,57,142,19.3220,48.1356
376,298,101,55,142,18.4564,47.6510
377,301,104,59,138,19.6013,45.8472
378,301,103,58,140,19.2691,46.5116
379,300,103,56,141,18.6667,47.0000
380,299,101,56,142,18.7291,47.4916
381,302,104,56,142,18.5430,47.0199
382,302,106,57,139,18.8742,46.0265
383,301,103,63,135,20.9302,44.8505
384,301,104,63,134,20.9302,44.5183
385,301,106,56,139,18.6047,46.1794
386,299,106,56,137,18.7291,45.8194
387,301,112,51,138,16.9435,45.8472
388,298,112,48,138,16.1074,46.3087
389,300,114,47,139,15.6667,46.3333
390,300,114,46,140,15.3333,46.6667
391,299,112,45,142,15.0502,47.4916
392,300,114,45,141,15.0000,47.0000
393,300,113,44,143,14.6667,47.6667
394,300,111,49,140,16.3333,46.6667
395,299,113,51,135,17.0569,45.1505
396,299,113,52,134,17.3913,44.8161
397,300,112,52,136,17.3333,45.3333
398,299,114,51,134,17.0569,44.8161
399,301,113,55,133,18.2724,44.1860
400,301,112,57,132,18.9369,43.8538
401,301,113,57,131,18.9369,43.5216
402,301,116,57,128,18.9369,42.5249
403,299,110,57,132,19.0635,44.1472
404,302,115,55,132,18.2119,43.7086
405,302,116,56,130,18.5430,43.0464
406,302,116,59,127,19.5364,42.0530
407,302,116,62,124,20.5298,41.0596
408,301,115,61,125,20.2658,41.5282
409,300,117,61,122,20.3333,40.6667
410,299,119,63,117,21.0702,39.1304
411,301,121,64,116,21.2625,38.5382
412,301,124,60,117,19.9336,38.8704
413,301,124,60,117,19.9336,38.8704
414,300,123,61,116,20.3333,38.6667
415,300,124,61,115,20.3333,38.3333
416,298,120,63,115,21.1409,38.5906
417,302,124,62,116,20.5298,38.4106
418,302,126,62,114,20.5298,37.7483
419,302,129,61,112,20.1987,37.0861
420,300,129,57,114,19.0000,38.0000
421,299,128,57,114,19.0635,38.1271
422,302,134,58,110,19.2053,36.4238
423,300,135,55,110,18.3333,36.6667
424,299,135,54,110,18.0602,36.7893
425,300,129,63,108,21.0000,36.0000
426,299,127,64,108,21.4047,36.1204
427,297,129,60,108,20.2020,36.3636
428,297,133,58,106,19.5286,35.6902
429,298,132,59,107,19.7987,35.9060
430,301,137,57,107,18.9369,35.5482
431,300,136,57,107,19.0000,35.6667
432,300,132,62,106,20.6667,35.3333
433,300,132,63,105,21.0000,35.0000
434,299,127,66,106,22.0736,35.4515
435,299,126,65,108,21.7391,36.1204
436,301,123,70,108,23.2558,35.8804
437,300,128,67,105,22.3333,35.0000
438,300,120,73,107,24.3333,35.6667
439,299,121,73,105,24.4147,35.1171
440,301,125,74,102,24.5847,33.8870
441,300,123,74,103,24.6667,34.3333
442,300,120,77,103,25.6667,34.3333
443,299,115,81,103,27.0903,34.4482
444,300,112,83,105,27.6667,35.0000
445,300,110,84,106,28.0000,35.3333
446,299,107,80,112,26.7559,37.4582
447,300,103,84,113,28.0000,37.6667
448,300,102,86,112,28.6667,37.3333
449,297,98,91,108,30.6397,36.3636
450,298,95,94,109,31.5436,36.5772
451,300,96,95,109,31.6667,36.3333
452,298,94,94,110,31.5436,36.9128
453,298,91,96,111,32.2148,37.2483
454,300,93,97,110,32.3333,36.6667
455,299,94,94,111,31.4381,37.1237
456,298,91,96,111,32.2148,37.2483
457,296,91,92,113,31.0811,38.1757
458,297,90,90,117,30.3030,39.3939
459,302,95,88,119,29.1391,39.4040
460,302,94,88,120,29.1391,39.7351
461,301,89,92,120,30.5648,39.8671
462,300,83,94,123,31.3333,41.0000
463,298,81,89,128,29.8658,42.9530
464,304,88,90,126,29.6053,41.4474
465,302,86,88,128,29.1391,42.3841
466,301,85,87,129,28.9037,42.8571
467,297,82,86,129,28.9562,43.4343
468,299,82,86,131,28.7625,43.8127
469,303,87,84,132,27.7228,43.5644
470,300,87,77,136,25.6667,45.3333
471,299,89,76,134,25.4181,44.8161
472,302,94,73,135,24.1722,44.7020
473,300,88,76,136,25.3333,45.3333
474,299,87,74,138,24.7492,46.1538
475,302,89,77,136,25.4967,45.0331
476,301,89,74,138,24.5847,45.8472
477,300,87,71,142,23.6667,47.3333
478,300,85,73,142,24.3333,47.3333
479,299,86,71,142,23.7458,47.4916
480,303,90,72,141,23.7624,46.5347
481,300,90,66,144,22.0000,48.0000
482,299,91,63,145,21.0702,48.4950
483,305,98,59,148,19.3443,48.5246
484,305,97,59,149,19.3443,48.8525
485,304,94,60,150,19.7368,49.3421
486,302,95,57,150,18.8742,49.6689
487,301,98,52,151,17.2757,50.1661
488,299,96,52,151,17.3913,50.5017
489,300,100,47,153,15.6667,51.0000
490,298,101,46,151,15.4362,50.6711
491,299,103,47,149,15.7191,49.8328
492,303,104,49,150,16.1716,49.5050
493,302,105,44,153,14.5695,50.6623
494,301,104,43,154,14.2857,51.1628
495,299,105,39,155,13.0435,51.8395
496,303,108,41,154,13.5314,50.8251
497,303,111,39,153,12.8713,50.4950
498,303,116,37,150,12.2112,49.5050
499,302,115,37,150,12.2517,49.6689
500,302,114,38,150,12.5828,49.6689
501,301,114,36,151,11.9601,50.1661
502,299,113,38,148,12.7090,49.4983
503,301,114,38,149,12.6246,49.5017
504,300,116,38,146,12.6667,48.6667
505,297,117,35,145,11.7845,48.8215
506,301,123,35,143,11.6279,47.5083
507,301,128,34,139,11.2957,46.1794
508,301,130,35,136,11.6279,45.1827
509,301,131,33,137,10.9635,45.5150
510,301,133,35,133,11.6279,44.1860
511,301,135,36,130,11.9601,43.1894
512,301,137,36,128,11.9601,42.5249
513,300,136,34,130,11.3333,43.3333
514,300,135,37,128,12.3333,42.6667
515,298,137,38,123,12.7517,41.2752
516,301,142,36,123,11.9601,40.8638
517,300,143,37,120,12.3333,40.0000
518,300,144,38,118,12.6667,39.3333
519,299,146,37,116,12.3746,38.7960
520,298,143,42,113,14.0940,37.9195
521,301,144,46,111,15.2824,36.8771
522,300,145,49,106,16.3333,35.3333
523,299,140,53,106,17.7258,35.4515
524,304,145,56,103,18.4211,33.8816
525,304,144,57,103,18.7500,33.8816
526,304,143,62,99,20.3947,32.5658
527,304,136,70,98,23.0263,32.2368
528,304,136,73,95,24.0132,31.2500
529,304,137,76,91,25.0000,29.9342
530,303,136,75,92,24.7525,30.3630
531,302,136,75,91,24.8344,30.1325
532,302,132,79,91,26.1589,30.1325
533,302,128,86,88,28.4768,29.1391
534,299,131,84,84,28.0936,28.0936
535,302,134,86,82,28.4768,27.1523
536,302,133,87,82,28.8079,27.1523
537,302,129,92,81,30.4636,26.8212
538,301,127,93,81,30.8970,26.9103
539,300,127,95,78,31.6667,26.0000
540,300,124,99,77,33.0000,25.6667
541,299,127,92,80,30.7692,26.7559
542,299,122,93,84,31.1037,28.0936
543,300,121,93,86,31.0000,28.6667
544,295,114,95,86,32.2034,29.1525
545,299,122,93,84,31.1037,28.0936
546,300,114,100,86,33.3333,28.6667
547,300,111,101,88,33.6667,29.3333
548,299,109,100,90,33.4448,30.1003
549,300,113,96,91,32.0000,30.3333
550,299,113,97,89,32.4415,29.7659
551,301,113,100,88,33.2226,29.2359
552,300,110,99,91,33.0000,30.3333
553,298,110,93,95,31.2081,31.8792
554,299,109,92,98,30.7692,32.7759
555,300,111,91,98,30.3333,32.6667
556,299,106,91,102,30.4348,34.1137
557,301,105,95,101,31.5615,33.5548
558,300,103,89,108,29.6667,36.0000
559,300,100,89,111,29.6667,37.0000
560,299,97,86,116,28.7625,38.7960
561,301,100,87,114,28.9037,37.8738
562,301,95,89,117,29.5681,38.8704
563,299,90,90,119,30.1003,39.7993
564,300,90,88,122,29.3333,40.6667
565,300,90,85,125,28.3333,41.6667
566,300,89,80,131,26.6667,43.6667
567,298,88,72,138,24.1611,46.3087
568,299,92,65,142,21.7391,47.4916
569,299,92,65,142,21.7391,47.4916
570,299,91,63,145,21.0702,48.4950
571,300,93,63,144,21.0000,48.0000
572,298,89,62,147,20.8054,49.3289
573,299,89,63,147,21.0702,49.1639
574,297,85,65,147,21.8855,49.4949
575,297,83,65,149,21.8855,50.1684
576,300,84,65,151,21.6667,50.3333
577,299,83,66,150,22.0736,50.1672
578,301,85,63,153,20.9302,50.8306
579,300,82,62,156,20.6667,52.0000
580,299,83,58,158,19.3980,52.8428
581,299,86,54,159,18.0602,53.1773
582,300,89,51,160,17.0000,53.3333
583,299,89,51,159,17.0569,53.1773
584,301,89,47,165,15.6146,54.8173
585,300,90,44,166,14.6667,55.3333
586,298,90,43,165,14.4295,55.3691
587,298,91,42,165,14.0940,55.3691
588,300,91,45,164,15.0000,54.6667
589,300,90,47,163,15.6667,54.3333
590,298,91,46,161,15.4362,54.0268
591,300,90,48,162,16.0000,54.0000
592,300,89,49,162,16.3333,54.0000
593,299,96,47,156,15.7191,52.1739
594,297,100,39,158,13.1313,53.1987
595,301,104,38,159,12.6246,52.8239
596,299,105,34,160,11.3712,53.5117
597,301,110,33,158,10.9635,52.4917
598,300,113,32,155,10.6667,51.6667
599,299,117,30,152,10.0334,50.8361
600,301,119,34,148,11.2957,49.1694
601,301,122,35,144,11.6279,47.8405
602,301,122,36,143,11.9601,47.5083
603,301,122,34,145,11.2957,48.1728
604,300,122,37,141,12.3333,47.0000
605,300,125,36,139,12.0000,46.3333
606,300,128,36,136,12.0000,45.3333
607,300,130,34,136,11.3333,45.3333
608,300,132,33,135,11.0000,45.0000
609,300,127,37,136,12.3333,45.3333
610,299,132,36,131,12.0401,43.8127
611,299,134,36,129,12.0401,43.1438
612,302,141,34,127,11.2583,42.0530
613,302,141,35,126,11.5894,41.7219
614,302,142,37,123,12.2517,40.7285
615,302,143,37,122,12.2517,40.3974
616,302,145,39,118,12.9139,39.0728
617,302,149,40,113,13.2450,37.4172
618,302,154,42,106,13.9073,35.0993
619,302,159,43,100,14.2384,33.1126
620,302,163,44,95,14.5695,31.4570
621,302,159,45,98,14.9007,32.4503
622,301,158,49,94,16.2791,31.2292
623,300,155,51,94,17.0000,31.3333
624,300,155,51,94,17.0000,31.3333
625,299,156,50,93,16.7224,31.1037
626,302,156,53,93,17.5497,30.7947
627,302,158,54,90,17.8808,29.8013
628,302,158,58,86,19.2053,28.4768
629,301,156,57,88,18.9369,29.2359
630,301,156,56,89,18.6047,29.5681
631,301,152,61,88,20.2658,29.2359
632,301,150,64,87,21.2625,28.9037
633,301,147,65,89,21.5947,29.5681
634,301,146,69,86,22.9236,28.5714
635,300,145,68,87,22.6667,29.0000
636,299,146,72,81,24.0803,27.0903
637,300,146,74,80,24.6667,26.6667
638,300,140,77,83,25.6667,27.6667
639,299,137,77,85,25.7525,28.4281
640,305,138,82,85,26.8852,27.8689
641,304,134,83,87,27.3026,28.6184
642,302,127,86,89,28.4768,29.4702
643,300,128,81,91,27.0000,30.3333
644,300,125,83,92,27.6667,30.6667
645,299,125,83,91,27.7592,30.4348
646,300,127,84,89,28.0000,29.6667
647,300,122,91,87,30.3333,29.0000
648,300,121,93,86,31.0000,28.6667
649,298,117,94,87,31.5436,29.1946
650,296,117,91,88,30.7432,29.7297
651,298,114,96,88,32.2148,29.5302
652,302,114,96,92,31.7881,30.4636
653,300,112,93,95,31.0000,31.6667
654,300,106,95,99,31.6667,33.0000
655,298,105,93,100,31.2081,33.5570
656,301,105,93,103,30.8970,34.2193
657,299,101,95,103,31.7726,34.4482
658,304,104,92,108,30.2632,35.5263
659,303,103,91,109,30.0330,35.9736
660,301,100,93,108,30.8970,35.8804
661,297,100,87,110,29.2929,37.0370
662,297,96,90,111,30.3030,37.3737
663,296,94,89,113,30.0676,38.1757
664,296,97,87,112,29.3919,37.8378
665,300,98,89,113,29.6667,37.6667
666,299,93,89,117,29.7659,39.1304
667,300,95,83,122,27.6667,40.6667
668,298,90,83,125,27.8523,41.9463
669,299,91,81,127,27.0903,42.4749
670,302,94,78,130,25.8278,43.0464
671,300,94,74,132,24.6667,44.0000
672,300,93,70,137,23.3333,45.6667
673,300,97,66,137,22.0000,45.6667
674,299,94,66,139,22.0736,46.4883
675,298,92,65,141,21.8121,47.3154
676,303,99,62,142,20.4620,46.8647
677,302,97,62,143,20.5298,47.3510
678,299,92,62,145,20.7358,48.4950
679,300,94,59,147,19.6667,49.0000
680,299,87,64,148,21.4047,49.4983
681,302,90,62,150,20.5298,49.6689
682,301,92,59,150,19.6013,49.8339
683,301,91,59,151,19.6013,50.1661
684,301,92,57,152,18.9369,50.4983
685,300,92,56,152,18.6667,50.6667
686,299,90,57,152,19.0635,50.8361
687,299,89,55,155,18.3946,51.8395
688,300,89,55,156,18.3333,52.0000
689,298,89,51,158,17.1141,53.0201
690,300,93,51,156,17.0000,52.0000
691,300,96,51,153,17.0000,51.0000
692,300,94,52,154,17.3333,51.3333
693,299,95,52,152,17.3913,50.8361
694,300,98,52,150,17.3333,50.0000
695,300,100,51,149,17.0000,49.6667
696,299,99,53,147,17.7258,49.1639
697,300,99,55,146,18.3333,48.6667
698,300,102,52,146,17.3333,48.6667
699,299,101,48,150,16.0535,50.1672
700,302,101,50,151,16.5563,50.0000
701,301,101,46,154,15.2824,51.1628
702,301,103,44,154,14.6179,51.1628
703,301,104,43,154,14.2857,51.1628
704,300,104,44,152,14.6667,50.6667
705,300,106,43,151,14.3333,50.3333
706,299,108,43,148,14.3813,49.4983
707,301,111,44,146,14.6179,48.5050
708,301,114,39,148,12.9568,49.1694
709,300,117,38,145,12.6667,48.3333
710,299,121,38,140,12.7090,46.8227
711,302,123,41,138,13.5762,45.6954
712,301,122,40,139,13.2890,46.1794
713,301,124,42,135,13.9535,44.8505
714,301,126,42,133,13.9535,44.1860
715,299,128,42,129,14.0468,43.1438
716,298,131,39,128,13.0872,42.9530
717,300,134,38,128,12.6667,42.6667
718,300,138,37,125,12.3333,41.6667
719,300,143,38,119,12.6667,39.6667
720,299,145,35,119,11.7057,39.7993
721,299,148,32,119,10.7023,39.7993
722,299,152,31,116,10.3679,38.7960
723,304,161,31,112,10.1974,36.8421
724,304,165,31,108,10.1974,35.5263
725,301,168,28,105,9.3023,34.8837
726,301,168,29,104,9.6346,34.5515
727,301,168,28,105,9.3023,34.8837
728,301,172,28,101,9.3023,33.5548
729,301,171,31,99,10.2990,32.8904
730,301,174,31,96,10.2990,31.8937
731,301,173,30,98,9.9668,32.5581
732,300,173,28,99,9.3333,33.0000
733,299,178,27,94,9.0301,31.4381
734,300,182,28,90,9.3333,30.0000
735,299,183,28,88,9.3645,29.4314
736,301,187,28,86,9.3023,28.5714
737,301,187,29,85,9.6346,28.2392
738,301,185,30,86,9.9668,28.5714
739,301,186,34,81,11.2957,26.9103
740,301,185,35,81,11.6279,26.9103
741,300,185,37,78,12.3333,26.0000
742,299,182,39,78,13.0435,26.0870
743,304,183,44,77,14.4737,25.3289
744,304,181,46,77,15.1316,25.3289
745,304,176,50,78,16.4474,25.6579
746,302,170,53,79,17.5497,26.1589
747,302,172,53,77,17.5497,25.4967
748,302,170,54,78,17.8808,25.8278
749,302,168,55,79,18.2119,26.1589
750,302,164,61,77,20.1987,25.4967
751,302,167,62,73,20.5298,24.1722
752,302,160,68,74,22.5166,24.5033
753,302,163,70,69,23.1788,22.8477
754,302,159,77,66,25.4967,21.8543
755,301,157,78,66,25.9136,21.9269
756,301,153,83,65,27.5748,21.5947
757,301,150,86,65,28.5714,21.5947
758,299,146,88,65,29.4314,21.7391
759,301,143,92,66,30.5648,21.9269
760,299,144,91,64,30.4348,21.4047
761,300,143,91,66,30.3333,22.0000
762,300,137,95,68,31.6667,22.6667
763,300,130,98,72,32.6667,24.0000
764,299,129,99,71,33.1104,23.7458
765,298,125,97,76,32.5503,25.5034
766,297,126,93,78,31.3131,26.2626
767,297,122,96,79,32.3232,26.5993
768,298,119,100,79,33.5570,26.5101
769,297,111,108,78,36.3636,26.2626
770,299,111,106,82,35.4515,27.4247
771,301,109,107,85,35.5482,28.2392
772,300,108,107,85,35.6667,28.3333
773,297,108,102,87,34.3434,29.2929
774,300,110,97,93,32.3333,31.0000
775,300,105,99,96,33.0000,32.0000
776,299,102,100,97,33.4448,32.4415
777,300,99,100,101,33.3333,33.6667
778,299,96,100,103,33.4448,34.4482
779,294,97,93,104,31.6327,35.3741
780,295,97,93,105,31.5254,35.5932
781,297,99,90,108,30.3030,36.3636
782,296,100,87,109,29.3919,36.8243
783,294,103,80,111,27.2109,37.7551
784,293,104,77,112,26.2799,38.2253
785,293,104,76,113,25.9386,38.5666
786,294,101,77,116,26.1905,39.4558
787,294,102,75,117,25.5102,39.7959
788,299,104,78,117,26.0870,39.1304
789,296,104,69,123,23.3108,41.5541
790,296,108,62,126,20.9459,42.5676
791,297,107,60,130,20.2020,43.7710
792,301,112,60,129,19.9336,42.8571
793,301,111,56,134,18.6047,44.5183
794,300,108,57,135,19.0000,45.0000
795,299,106,55,138,18.3946,46.1538
796,300,105,53,142,17.6667,47.3333
797,300,102,54,144,18.0000,48.0000
798,297,101,50,146,16.8350,49.1582
799,299,104,47,148,15.7191,49.4983
800,302,105,49,148,16.2252,49.0066
801,302,104,49,149,16.2252,49.3377
802,302,101,53,148,17.5497,49.0066
803,300,99,53,148,17.6667,49.3333
804,299,100,53,146,17.7258,48.8294
805,302,101,56,145,18.5430,48.0132
806,302,99,52,151,17.2185,50.0000
807,302,99,53,150,17.5497,49.6689
808,302,99,48,155,15.8940,51.3245
809,301,98,49,154,16.2791,51.1628
810,301,98,49,154,16.2791,51.1628
811,301,100,49,152,16.2791,50.4983
812,301,100,48,153,15.9468,50.8306
813,301,101,49,151,16.2791,50.1661
814,301,101,48,152,15.9468,50.4983
815,300,105,47,148,15.6667,49.3333
816,299,104,47,148,15.7191,49.4983
817,300,112,42,146,14.0000,48.6667
818,299,112,41,146,13.7124,48.8294
819,301,115,40,146,13.2890,48.5050
820,300,114,40,146,13.3333,48.6667
821,298,112,40,146,13.4228,48.9933
822,298,116,39,143,13.0872,47.9866
823,297,118,38,141,12.7946,47.4747
824,304,126,38,140,12.5000,46.0526
825,303,129,38,136,12.5413,44.8845
826,302,135,37,130,12.2517,43.0464
827,301,134,38,129,12.6246,42.8571
828,301,136,37,128,12.2924,42.5249
829,301,141,36,124,11.9601,41.1960
830,300,144,34,122,11.3333,40.6667
831,299,145,36,118,12.0401,39.4649
832,300,144,37,119,12.3333,39.6667
833,300,144,38,118,12.6667,39.3333
834,300,143,39,118,13.0000,39.3333
835,299,146,41,112,13.7124,37.4582
836,300,148,41,111,13.6667,37.0000
837,299,144,45,110,15.0502,36.7893
838,300,144,48,108,16.0000,36.0000
839,299,145,47,107,15.7191,35.7860
840,302,143,52,107,17.2185,35.4305
841,302,150,51,101,16.8874,33.4437
842,302,151,51,100,16.8874,33.1126
843,302,150,53,99,17.5497,32.7815
844,301,148,54,99,17.9402,32.8904
845,300,148,56,96,18.6667,32.0000
846,300,147,58,95,19.3333,31.6667
847,300,145,60,95,20.0000,31.6667
848,300,148,62,90,20.6667,30.0000
849,300,147,65,88,21.6667,29.3333
850,300,149,66,85,22.0000,28.3333
851,299,150,67,82,22.4080,27.4247
852,301,149,66,86,21.9269,28.5714
853,300,148,67,85,22.3333,28.3333
854,300,145,70,85,23.3333,28.3333
855,299,141,72,86,24.0803,28.7625
856,299,139,74,86,24.7492,28.7625
857,297,132,77,88,25.9259,29.6296
858,297,138,74,85,24.9158,28.6195
859,298,138,74,86,24.8322,28.8591
860,303,144,76,83,25.0825,27.3927
861,303,140,77,86,25.4125,28.3828
862,302,136,79,87,26.1589,28.8079
863,299,132,79,88,26.4214,29.4314
864,303,138,78,87,25.7426,28.7129
865,303,133,81,89,26.7327,29.3729
866,301,127,84,90,27.9070,29.9003
867,301,120,88,93,29.2359,30.8970
868,299,120,87,92,29.0970,30.7692
869,300,119,90,91,30.0000,30.3333
870,299,119,89,91,29.7659,30.4348
871,301,115,95,91,31.5615,30.2326
872,301,112,96,93,31.8937,30.8970
873,299,112,93,94,31.1037,31.4381
874,303,113,97,93,32.0132,30.6931
875,301,108,97,96,32.2259,31.8937
876,301,98,105,98,34.8837,32.5581
877,299,91,107,101,35.7860,33.7793
878,298,90,106,102,35.5705,34.2282
879,299,90,106,103,35.4515,34.4482
880,300,82,114,104,38.0000,34.6667
881,299,78,115,106,38.4615,35.4515
882,299,74,113,112,37.7926,37.4582
883,299,71,115,113,38.4615,37.7926
884,300,74,111,115,37.0000,38.3333
885,300,73,111,116,37.0000,38.6667
886,297,70,106,121,35.6902,40.7407
887,297,71,97,129,32.6599,43.4343
888,300,70,102,128,34.0000,42.6667
889,300,68,101,131,33.6667,43.6667
890,299,68,98,133,32.7759,44.4816
891,297,67,94,136,31.6498,45.7912
892,297,69,91,137,30.6397,46.1279
893,297,70,89,138,29.9663,46.4646
894,298,70,91,137,30.5369,45.9732
895,296,71,88,137,29.7297,46.2838
896,298,73,82,143,27.5168,47.9866
897,297,72,76,149,25.5892,50.1684
898,297,71,73,153,24.5791,51.5152
899,298,72,75,151,25.1678,50.6711
900,297,70,72,155,24.2424,52.1886
901,301,73,66,162,21.9269,53.8206
902,300,70,62,168,20.6667,56.0000
903,299,67,61,171,20.4013,57.1906
904,301,72,63,166,20.9302,55.1495
905,301,70,63,168,20.9302,55.8140
906,301,65,66,170,21.9269,56.4784
907,300,67,64,169,21.3333,56.3333
908,298,65,62,171,20.8054,57.3826
909,301,69,59,173,19.6013,57.4751
910,301,70,59,172,19.6013,57.1429
911,299,70,57,172,19.0635,57.5251
912,299,71,59,169,19.7324,56.5217
913,302,77,60,165,19.8675,54.6358
914,302,75,62,165,20.5298,54.6358
915,300,75,56,169,18.6667,56.3333
916,299,77,54,168,18.0602,56.1873
917,298,75,54,169,18.1208,56.7114
918,299,78,55,166,18.3946,55.5184
919,303,85,54,164,17.8218,54.1254
920,303,80,53,170,17.4917,56.1056
921,303,82,52,169,17.1617,55.7756
922,303,83,52,168,17.1617,55.4455
923,302,83,51,168,16.8874,55.6291
924,301,85,47,169,15.6146,56.1462
925,300,84,46,170,15.3333,56.6667
926,299,84,45,170,15.0502,56.8562
927,299,85,47,167,15.7191,55.8528
928,302,90,46,166,15.2318,54.9669
929,301,90,49,162,16.2791,53.8206
930,301,91,49,161,16.2791,53.4884
931,301,91,51,159,16.9435,52.8239
932,301,92,50,159,16.6113,52.8239
933,300,92,52,156,17.3333,52.0000
934,298,98,49,151,16.4430,50.6711
935,302,100,51,151,16.8874,50.0000
936,302,99,55,148,18.2119,49.0066
937,301,101,51,149,16.9435,49.5017
938,299,106,50,143,16.7224,47.8261
939,301,113,49,139,16.2791,46.1794
940,299,112,46,141,15.3846,47.1572
941,300,116,46,138,15.3333,46.0000
942,300,117,47,136,15.6667,45.3333
943,299,120,46,133,15.3846,44.4816
944,302,120,50,132,16.5563,43.7086
945,301,120,52,129,17.2757,42.8571
946,301,119,52,130,17.2757,43.1894
947,301,120,49,132,16.2791,43.8538
948,301,121,53,127,17.6080,42.1927
949,300,127,53,120,17.6667,40.0000
950,298,129,52,117,17.4497,39.2617
951,300,128,56,116,18.6667,38.6667
952,299,131,53,115,17.7258,38.4615
953,305,144,52,109,17.0492,35.7377
954,305,147,54,104,17.7049,34.0984
955,305,148,54,103,17.7049,33.7705
956,305,145,53,107,17.3770,35.0820
957,303,143,54,106,17.8218,34.9835
958,303,140,60,103,19.8020,33.9934
959,302,137,63,102,20.8609,33.7748
960,301,139,61,101,20.2658,33.5548
961,301,141,60,100,19.9336,33.2226
962,300,137,65,98,21.6667,32.6667
963,300,137,65,98,21.6667,32.6667
964,299,134,65,100,21.7391,33.4448
965,299,131,65,103,21.7391,34.4482
966,299,127,69,103,23.0769,34.4482
967,301,131,72,98,23.9203,32.5581
968,299,127,72,100,24.0803,33.4448
969,301,130,73,98,24.2525,32.5581
970,301,127,74,100,24.5847,33.2226
971,300,126,74,100,24.6667,33.3333
972,299,129,74,96,24.7492,32.1070
973,305,131,77,97,25.2459,31.8033
974,305,128,81,96,26.5574,31.4754
975,305,124,83,98,27.2131,32.1311
976,304,125,83,96,27.3026,31.5789
977,304,126,82,96,26.9737,31.5789
978,301,125,79,97,26.2458,32.2259
979,299,124,75,100,25.0836,33.4448
980,301,123,80,98,26.5781,32.5581
981,301,119,83,99,27.5748,32.8904
982,300,118,79,103,26.3333,34.3333
983,299,116,79,104,26.4214,34.7826
984,301,120,77,104,25.5814,34.5515
985,301,114,81,106,26.9103,35.2159
986,299,113,80,106,26.7559,35.4515
987,299,115,74,110,24.7492,36.7893
988,300,114,74,112,24.6667,37.3333
989,299,114,70,115,23.4114,38.4615
990,301,116,69,116,22.9236,38.5382
991,301,115,69,117,22.9236,38.8704
992,299,115,69,115,23.0769,38.4615
993,299,114,67,118,22.4080,39.4649
994,302,112,70,120,23.1788,39.7351
995,302,110,66,126,21.8543,41.7219
996,302,109,66,127,21.8543,42.0530
997,302,104,68,130,22.5166,43.0464
998,302,104,69,129,22.8477,42.7152
999,301,105,70,126,23.2558,41.8605
1000,300,107,66,127,22.0000,42.3333
1001,298,105,64,129,21.4765,43.2886
1002,299,104,66,129,22.0736,43.1438
1003,301,103,69,129,22.9236,42.8571
1004,300,101,72,127,24.0000,42.3333
1005,299,101,71,127,23.7458,42.4749
1006,298,97,72,129,24.1611,43.2886
1007,302,102,70,130,23.1788,43.0464
1008,302,103,71,128,23.5099,42.3841
1009,302,102,70,130,23.1788,43.0464
1010,301,102,68,131,22.5914,43.5216
1011,300,98,71,131,23.6667,43.6667
1012,299,92,73,134,24.4147,44.8161
1013,304,99,71,134,23.3553,44.0789
1014,303,97,71,135,23.4323,44.5545
1015,301,98,65,138,21.5947,45.8472
1016,300,97,66,137,22.0000,45.6667
1017,297,99,63,135,21.2121,45.4545
1018,298,101,59,138,19.7987,46.3087
1019,305,106,59,140,19.3443,45.9016
1020,305,109,58,138,19.0164,45.2459
1021,304,109,58,137,19.0789,45.0658
1022,302,108,56,138,18.5430,45.6954
1023,301,105,56,140,18.6047,46.5116
1024,299,105,55,139,18.3946,46.4883
1025,300,107,54,139,18.0000,46.3333
1026,298,106,50,142,16.7785,47.6510
1027,301,111,48,142,15.9468,47.1761
1028,301,111,48,142,15.9468,47.1761
1029,301,112,48,141,15.9468,46.8439
1030,301,112,48,141,15.9468,46.8439
1031,301,113,51,137,16.9435,45.5150
1032,300,111,46,143,15.3333,47.6667
1033,299,106,48,145,16.0535,48.4950
1034,300,107,53,140,17.6667,46.6667
1035,299,108,51,140,17.0569,46.8227
1036,304,114,52,138,17.1053,45.3947
1037,302,113,53,136,17.5497,45.0331
1038,302,114,52,136,17.2185,45.0331
1039,300,116,52,132,17.3333,44.0000
1040,300,115,56,129,18.6667,43.0000
1041,300,121,56,123,18.6667,41.0000
1042,298,121,55,122,18.4564,40.9396
1043,298,126,52,120,17.4497,40.2685
1044,299,114,62,123,20.7358,41.1371
1045,303,117,65,121,21.4521,39.9340
1046,303,118,65,120,21.4521,39.6040
1047,303,124,66,113,21.7822,37.2937
1048,303,118,72,113,23.7624,37.2937
1049,303,117,75,111,24.7525,36.6337
1050,302,117,74,111,24.5033,36.7550
1051,302,117,73,112,24.1722,37.0861
1052,301,113,75,113,24.9169,37.5415
1053,300,109,79,112,26.3333,37.3333
1054,297,109,75,113,25.2525,38.0471
1055,296,106,76,114,25.6757,38.5135
1056,298,108,78,112,26.1745,37.5839
1057,301,113,76,112,25.2492,37.2093
1058,301,112,78,111,25.9136,36.8771
1059,300,111,78,111,26.0000,37.0000
1060,300,108,82,110,27.3333,36.6667
1061,298,109,81,108,27.1812,36.2416
1062,299,107,84,108,28.0936,36.1204
1063,301,103,90,108,29.9003,35.8804
1064,298,101,87,110,29.1946,36.9128
1065,297,102,79,116,26.5993,39.0572
1066,298,101,79,118,26.5101,39.5973
1067,299,102,83,114,27.7592,38.1271
1068,299,100,84,115,28.0936,38.4615
1069,297,93,84,120,28.2828,40.4040
1070,300,99,85,116,28.3333,38.6667
1071,300,97,88,115,29.3333,38.3333
1072,299,97,87,115,29.0970,38.4615
1073,300,96,83,121,27.6667,40.3333
1074,299,96,81,122,27.0903,40.8027
1075,298,93,86,119,28.8591,39.9329
1076,298,87,89,122,29.8658,40.9396
1077,300,88,91,121,30.3333,40.3333
1078,300,90,93,117,31.0000,39.0000
1079,299,88,93,118,31.1037,39.4649
1080,299,86,93,120,31.1037,40.1338
1081,301,90,90,121,29.9003,40.1993
1082,301,88,90,123,29.9003,40.8638
1083,299,84,91,124,30.4348,41.4716
1084,299,91,86,122,28.7625,40.8027
1085,300,87,91,122,30.3333,40.6667
1086,299,83,94,122,31.4381,40.8027
1087,299,83,90,126,30.1003,42.1405
1088,299,84,89,126,29.7659,42.1405
1089,302,87,83,132,27.4834,43.7086
1090,299,88,79,132,26.4214,44.1472
1091,300,91,76,133,25.3333,44.3333
1092,300,88,75,137,25.0000,45.6667
1093,300,84,78,138,26.0000,46.0000
1094,300,79,80,141,26.6667,47.0000
1095,297,81,75,141,25.2525,47.4747
1096,299,85,72,142,24.0803,47.4916
1097,297,86,69,142,23.2323,47.8114
1098,297,86,68,143,22.8956,48.1481
1099,298,83,71,144,23.8255,48.3221
1100,302,83,71,148,23.5099,49.0066
1101,302,82,69,151,22.8477,50.0000
1102,302,82,69,151,22.8477,50.0000
1103,300,85,64,151,21.3333,50.3333
1104,300,87,63,150,21.0000,50.0000
1105,296,86,59,151,19.9324,51.0135
1106,293,90,52,151,17.7474,51.5358
1107,297,93,53,151,17.8451,50.8418
1108,300,96,50,154,16.6667,51.3333
1109,300,95,53,152,17.6667,50.6667
1110,300,93,56,151,18.6667,50.3333
1111,300,96,55,149,18.3333,49.6667
1112,300,96,54,150,18.0000,50.0000
1113,298,96,51,151,17.1141,50.6711
1114,300,100,46,154,15.3333,51.3333
1115,300,99,46,155,15.3333,51.6667
1116,298,105,44,149,14.7651,50.0000
1117,298,115,42,141,14.0940,47.3154
1118,299,119,40,140,13.3779,46.8227
1119,298,121,37,140,12.4161,46.9799
1120,300,124,33,143,11.0000,47.6667
1121,298,128,32,138,10.7383,46.3087
1122,298,129,31,138,10.4027,46.3087
1123,300,130,32,138,10.6667,46.0000
1124,299,132,31,136,10.3679,45.4849
1125,300,138,31,131,10.3333,43.6667
1126,299,140,33,126,11.0368,42.1405
1127,302,142,35,125,11.5894,41.3907
1128,302,146,32,124,10.5960,41.0596
1129,301,147,30,124,9.9668,41.1960
1130,301,144,30,127,9.9668,42.1927
1131,301,147,29,125,9.6346,41.5282
1132,301,150,29,122,9.6346,40.5316
1133,301,152,29,120,9.6346,39.8671
1134,300,153,30,117,10.0000,39.0000
1135,299,153,31,115,10.3679,38.4615
1136,302,160,32,110,10.5960,36.4238
1137,302,163,30,109,9.9338,36.0927
1138,302,160,33,109,10.9272,36.0927
1139,302,165,34,103,11.2583,34.1060
1140,302,164,34,104,11.2583,34.4371
1141,302,166,37,99,12.2517,32.7815
1142,302,163,40,99,13.2450,32.7815
1143,301,164,39,98,12.9568,32.5581
1144,300,167,39,94,13.0000,31.3333
1145,300,165,42,93,14.0000,31.0000
1146,297,167,38,92,12.7946,30.9764
1147,299,171,38,90,12.7090,30.1003
1148,301,175,39,87,12.9568,28.9037
1149,301,173,42,86,13.9535,28.5714
1150,301,174,43,84,14.2857,27.9070
1151,301,169,47,85,15.6146,28.2392
1152,301,169,52,80,17.2757,26.5781
1153,300,168,56,76,18.6667,25.3333
1154,299,163,60,76,20.0669,25.4181
1155,302,168,60,74,19.8675,24.5033
1156,301,167,62,72,20.5980,23.9203
1157,301,163,68,70,22.5914,23.2558
1158,301,163,69,69,22.9236,22.9236
1159,301,160,71,70,23.5880,23.2558
1160,301,157,76,68,25.2492,22.5914
1161,301,148,84,69,27.9070,22.9236
1162,298,141,84,73,28.1879,24.4966
1163,301,142,86,73,28.5714,24.2525
1164,301,140,89,72,29.5681,23.9203
1165,301,139,92,70,30.5648,23.2558
1166,300,139,92,69,30.6667,23.0000
1167,300,132,99,69,33.0000,23.0000
1168,299,128,103,68,34.4482,22.7425
1169,298,125,104,69,34.8993,23.1544
1170,299,123,107,69,35.7860,23.0769
1171,299,122,104,73,34.7826,24.4147
1172,300,125,103,72,34.3333,24.0000
1173,300,119,103,78,34.3333,26.0000
1174,299,116,102,81,34.1137,27.0903
1175,298,114,101,83,33.8926,27.8523
1176,299,113,101,85,33.7793,28.4281
1177,300,111,99,90,33.0000,30.0000
1178,299,106,102,91,34.1137,30.4348
1179,299,100,105,94,35.1171,31.4381
1180,299,102,103,94,34.4482,31.4381
1181,297,99,102,96,34.3434,32.3232
1182,300,104,98,98,32.6667,32.6667
1183,298,99,96,103,32.2148,34.5638
1184,299,101,92,106,30.7692,35.4515
1185,300,100,93,107,31.0000,35.6667
1186,300,97,93,110,31.0000,36.6667
1187,300,95,89,116,29.6667,38.6667
1188,299,92,84,123,28.0936,41.1371
1189,298,91,84,123,28.1879,41.2752
1190,297,89,81,127,27.2727,42.7609
1191,299,89,81,129,27.0903,43.1438
1192,303,95,79,129,26.0726,42.5743
1193,302,94,75,133,24.8344,44.0397
1194,302,91,73,138,24.1722,45.6954
1195,302,87,77,138,25.4967,45.6954
1196,302,84,76,142,25.1656,47.0199
1197,301,84,74,143,24.5847,47.5083
1198,298,83,70,145,23.4899,48.6577
1199,300,88,64,148,21.3333,49.3333
1200,299,85,63,151,21.0702,50.5017
1201,296,85,60,151,20.2703,51.0135
1202,299,86,60,153,20.0669,51.1706
1203,301,89,58,154,19.2691,51.1628
1204,300,85,60,155,20.0000,51.6667
1205,300,83,59,158,19.6667,52.6667
1206,298,85,54,159,18.1208,53.3557
1207,301,86,57,158,18.9369,52.4917
1208,301,83,57,161,18.9369,53.4884
1209,300,83,56,161,18.6667,53.6667
1210,298,81,55,162,18.4564,54.3624
1211,300,84,55,161,18.3333,53.6667
1212,299,85,53,161,17.7258,53.8462
1213,303,86,55,162,18.1518,53.4653
1214,303,90,52,161,17.1617,53.1353
1215,301,90,49,162,16.2791,53.8206
1216,299,88,46,165,15.3846,55.1839
1217,300,87,49,164,16.3333,54.6667
1218,297,88,48,161,16.1616,54.2088
1219,299,88,50,161,16.7224,53.8462
1220,299,86,51,162,17.0569,54.1806
1221,300,89,48,163,16.0000,54.3333
1222,300,89,48,163,16.0000,54.3333
1223,300,92,49,159,16.3333,53.0000
1224,299,94,44,161,14.7157,53.8462
1225,302,104,43,155,14.2384,51.3245
1226,302,106,44,152,14.5695,50.3311
1227,302,108,44,150,14.5695,49.6689
1228,300,108,42,150,14.0000,50.0000
1229,300,112,41,147,13.6667,49.0000
1230,300,111,40,149,13.3333,49.6667
1231,300,114,39,147,13.0000,49.0000
1232,299,118,37,144,12.3746,48.1605
1233,304,124,38,142,12.5000,46.7105
1234,303,127,36,140,11.8812,46.2046
1235,303,133,36,134,11.8812,44.2244
1236,303,135,37,131,12.2112,43.2343
1237,303,136,35,132,11.5512,43.5644
1238,303,138,34,131,11.2211,43.2343
1239,303,142,33,128,10.8911,42.2442
1240,301,145,34,122,11.2957,40.5316
1241,301,143,38,120,12.6246,39.8671
1242,298,145,36,117,12.0805,39.2617
1243,300,146,39,115,13.0000,38.3333
1244,298,148,36,114,12.0805,38.2550
1245,299,149,39,111,13.0435,37.1237
1246,301,155,41,105,13.6213,34.8837
1247,300,155,41,104,13.6667,34.6667
1248,300,157,41,102,13.6667,34.0000
1249,300,154,45,101,15.0000,33.6667
1250,300,155,46,99,15.3333,33.0000
1251,299,156,47,96,15.7191,32.1070
1252,301,161,49,91,16.2791,30.2326
1253,301,159,52,90,17.2757,29.9003
1254,300,158,53,89,17.6667,29.6667
1255,299,160,52,87,17.3913,29.0970
1256,302,164,52,86,17.2185,28.4768
1257,302,164,54,84,17.8808,27.8146
1258,302,163,57,82,18.8742,27.1523
1259,301,161,56,84,18.6047,27.9070
1260,301,157,61,83,20.2658,27.5748
1261,301,157,58,86,19.2691,28.5714
1262,301,153,62,86,20.5980,28.5714
1263,300,149,64,87,21.3333,29.0000
1264,300,147,66,87,22.0000,29.0000
1265,298,148,63,87,21.1409,29.1946
1266,299,150,64,85,21.4047,28.4281
1267,303,154,63,86,20.7921,28.3828
1268,303,157,64,82,21.1221,27.0627
1269,302,151,64,87,21.1921,28.8079
1270,302,148,64,90,21.1921,29.8013
1271,302,146,64,92,21.1921,30.4636
1272,301,143,66,92,21.9269,30.5648
1273,301,143,65,93,21.5947,30.8970
1274,301,139,68,94,22.5914,31.2292
1275,300,138,68,94,22.6667,31.3333
1276,299,141,70,88,23.4114,29.4314
1277,302,142,72,88,23.8411,29.1391
1278,301,139,73,89,24.2525,29.5681
1279,301,135,74,92,24.5847,30.5648
1280,299,132,74,93,24.7492,31.1037
1281,301,132,75,94,24.9169,31.2292
1282,298,132,74,92,24.8322,30.8725
1283,299,128,77,94,25.7525,31.4381
1284,301,125,78,98,25.9136,32.5581
1285,301,118,83,100,27.5748,33.2226
1286,301,112,91,98,30.2326,32.5581
1287,300,105,96,99,32.0000,33.0000
1288,299,104,96,99,32.1070,33.1104
1289,299,103,99,97,33.1104,32.4415
1290,300,109,92,99,30.6667,33.0000
1291,299,109,93,97,31.1037,32.4415
1292,296,103,94,99,31.7568,33.4459
1293,298,100,99,99,33.2215,33.2215
1294,302,103,99,100,32.7815,33.1126
1295,302,98,98,106,32.4503,35.0993
1296,302,94,100,108,33.1126,35.7616
1297,301,93,100,108,33.2226,35.8804
1298,300,89,101,110,33.6667,36.6667
1299,295,83,100,112,33.8983,37.9661
1300,297,85,99,113,33.3333,38.0471
1301,299,85,95,119,31.7726,39.7993
1302,301,87,97,117,32.2259,38.8704
1303,300,85,96,119,32.0000,39.6667
1304,297,81,93,123,31.3131,41.4141
1305,296,82,86,128,29.0541,43.2432
1306,297,85,79,133,26.5993,44.7811
1307,298,87,73,138,24.4966,46.3087
1308,297,88,70,139,23.5690,46.8013
1309,298,88,69,141,23.1544,47.3154
1310,299,89,69,141,23.0769,47.1572
1311,303,93,69,141,22.7723,46.5347
1312,302,93,68,141,22.5166,46.6887
1313,300,92,68,140,22.6667,46.6667
1314,299,93,65,141,21.7391,47.1572
1315,301,93,65,143,21.5947,47.5083
1316,301,92,63,146,20.9302,48.5050
1317,301,91,62,148,20.5980,49.1694
1318,300,91,60,149,20.0000,49.6667
1319,300,93,55,152,18.3333,50.6667
1320,300,90,55,155,18.3333,51.6667
1321,300,95,51,154,17.0000,51.3333
1322,298,95,50,153,16.7785,51.3423
1323,301,99,50,152,16.6113,50.4983
1324,300,98,50,152,16.6667,50.6667
1325,299,99,49,151,16.3880,50.5017
1326,302,103,51,148,16.8874,49.0066
1327,302,98,56,148,18.5430,49.0066
1328,299,98,53,148,17.7258,49.4983
1329,301,99,52,150,17.2757,49.8339
1330,301,99,53,149,17.6080,49.5017
1331,301,102,51,148,16.9435,49.1694
1332,301,104,51,146,16.9435,48.5050
1333,300,105,51,144,17.0000,48.0000
1334,299,105,47,147,15.7191,49.1639
1335,300,106,48,146,16.0000,48.6667
1336,298,109,45,144,15.1007,48.3221
1337,303,111,47,145,15.5116,47.8548
1338,303,112,46,145,15.1815,47.8548
1339,303,108,51,144,16.8317,47.5248
1340,301,106,51,144,16.9435,47.8405
1341,301,105,52,144,17.2757,47.8405
1342,301,107,54,140,17.9402,46.5116
1343,301,104,55,142,18.2724,47.1761
1344,301,104,56,141,18.6047,46.8439
1345,298,101,54,143,18.1208,47.9866
1346,300,102,56,142,18.6667,47.3333
1347,300,105,56,139,18.6667,46.3333
1348,299,103,57,139,19.0635,46.4883
1349,300,104,58,138,19.3333,46.0000
1350,298,105,56,137,18.7919,45.9732
1351,302,108,58,136,19.2053,45.0331
1352,301,110,58,133,19.2691,44.1860
1353,301,116,57,128,18.9369,42.5249
1354,301,112,59,130,19.6013,43.1894
1355,301,111,62,128,20.5980,42.5249
1356,301,114,60,127,19.9336,42.1927
1357,301,114,61,126,20.2658,41.8605
1358,301,118,61,122,20.2658,40.5316
1359,300,121,60,119,20.0000,39.6667
1360,300,121,59,120,19.6667,40.0000
1361,300,121,60,119,20.0000,39.6667
1362,299,118,59,122,19.7324,40.8027
1363,300,119,60,121,20.0000,40.3333
1364,300,117,61,122,20.3333,40.6667
1365,300,117,61,122,20.3333,40.6667
1366,299,117,62,120,20.7358,40.1338
1367,301,119,61,121,20.2658,40.1993
1368,301,123,59,119,19.6013,39.5349
1369,299,120,62,117,20.7358,39.1304
1370,300,122,62,116,20.6667,38.6667
1371,300,124,63,113,21.0000,37.6667
1372,299,122,66,111,22.0736,37.1237
1373,299,123,69,107,23.0769,35.7860
1374,300,123,70,107,23.3333,35.6667
1375,298,122,68,108,22.8188,36.2416
1376,298,120,70,108,23.4899,36.2416
1377,298,119,73,106,24.4966,35.5705
1378,299,118,71,110,23.7458,36.7893
1379,298,114,73,111,24.4966,37.2483
1380,299,110,77,112,25.7525,37.4582
1381,303,114,79,110,26.0726,36.3036
1382,301,112,78,111,25.9136,36.8771
1383,299,114,76,109,25.4181,36.4548
1384,302,114,79,109,26.1589,36.0927
1385,301,110,78,113,25.9136,37.5415
1386,300,109,80,111,26.6667,37.0000
1387,300,107,79,114,26.3333,38.0000
1388,300,108,80,112,26.6667,37.3333
1389,298,110,78,110,26.1745,36.9128
1390,300,111,77,112,25.6667,37.3333
1391,299,104,83,112,27.7592,37.4582
1392,298,98,86,114,28.8591,38.2550
1393,301,102,80,119,26.5781,39.5349
1394,301,97,84,120,27.9070,39.8671
1395,300,94,86,120,28.6667,40.0000
1396,300,90,88,122,29.3333,40.6667
1397,298,88,89,121,29.8658,40.6040
1398,298,88,87,123,29.1946,41.2752
1399,297,87,87,123,29.2929,41.4141
1400,299,86,89,124,29.7659,41.4716
1401,302,84,89,129,29.4702,42.7152
1402,300,85,86,129,28.6667,43.0000
1403,300,84,87,129,29.0000,43.0000
1404,298,80,87,131,29.1946,43.9597
1405,302,85,86,131,28.4768,43.3775
1406,299,83,85,131,28.4281,43.8127
1407,298,84,82,132,27.5168,44.2953
1408,302,90,81,131,26.8212,43.3775
1409,300,94,77,129,25.6667,43.0000
1410,300,93,81,126,27.0000,42.0000
1411,300,91,83,126,27.6667,42.0000
1412,297,90,77,130,25.9259,43.7710
1413,299,91,76,132,25.4181,44.1472
1414,300,94,74,132,24.6667,44.0000
1415,299,92,72,135,24.0803,45.1505
1416,302,96,70,136,23.1788,45.0331
1417,302,95,69,138,22.8477,45.6954
1418,302,92,72,138,23.8411,45.6954
1419,302,94,72,136,23.8411,45.0331
1420,299,94,68,137,22.7425,45.8194
1421,298,94,63,141,21.1409,47.3154
1422,300,94,66,140,22.0000,46.6667
1423,300,94,68,138,22.6667,46.0000
1424,299,91,68,140,22.7425,46.8227
1425,302,89,70,143,23.1788,47.3510
1426,302,86,72,144,23.8411,47.6821
1427,302,85,73,144,24.1722,47.6821
1428,302,82,75,145,24.8344,48.0132
1429,302,80,77,145,25.4967,48.0132
1430,301,81,78,142,25.9136,47.1761
1431,301,79,78,144,25.9136,47.8405
1432,300,77,76,147,25.3333,49.0000
1433,299,74,76,149,25.4181,49.8328
1434,297,77,72,148,24.2424,49.8316
1435,299,77,74,148,24.7492,49.4983
1436,299,79,70,150,23.4114,50.1672
1437,299,86,65,148,21.7391,49.4983
1438,300,88,63,149,21.0000,49.6667
1439,298,92,59,147,19.7987,49.3289
1440,299,90,61,148,20.4013,49.4983
1441,302,92,63,147,20.8609,48.6755
1442,300,94,59,147,19.6667,49.0000
1443,299,94,57,148,19.0635,49.4983
1444,299,96,56,147,18.7291,49.1639
1445,305,104,58,143,19.0164,46.8852
1446,301,105,51,145,16.9435,48.1728
1447,301,105,53,143,17.6080,47.5083
1448,299,106,51,142,17.0569,47.4916
1449,299,109,46,144,15.3846,48.1605
1450,299,109,48,142,16.0535,47.4916
1451,302,112,48,142,15.8940,47.0199
1452,301,114,44,143,14.6179,47.5083
1453,300,116,45,139,15.0000,46.3333
1454,300,117,45,138,15.0000,46.0000
1455,299,115,47,137,15.7191,45.8194
1456,299,114,48,137,16.0535,45.8194
1457,300,116,49,135,16.3333,45.0000
1458,300,117,49,134,16.3333,44.6667
1459,300,116,52,132,17.3333,44.0000
1460,298,117,49,132,16.4430,44.2953
1461,299,120,48,131,16.0535,43.8127
1462,303,123,47,133,15.5116,43.8944
1463,303,123,49,131,16.1716,43.2343
1464,303,127,47,129,15.5116,42.5743
1465,302,131,43,128,14.2384,42.3841
1466,302,129,49,124,16.2252,41.0596
1467,302,127,54,121,17.8808,40.0662
1468,302,127,55,120,18.2119,39.7351
1469,301,129,56,116,18.6047,38.5382
1470,301,126,59,116,19.6013,38.5382
1471,300,126,59,115,19.6667,38.3333
1472,299,127,58,114,19.3980,38.1271
1473,302,131,62,109,20.5298,36.0927
1474,301,129,61,111,20.2658,36.8771
1475,301,127,61,113,20.2658,37.5415
1476,301,127,62,112,20.5980,37.2093
1477,301,128,60,113,19.9336,37.5415
1478,301,127,64,110,21.2625,36.5449
1479,300,127,63,110,21.0000,36.6667
1480,300,126,65,109,21.6667,36.3333
1481,300,121,70,109,23.3333,36.3333
1482,300,115,76,109,25.3333,36.3333
1483,300,118,75,107,25.0000,35.6667
1484,299,118,76,105,25.4181,35.1171
1485,300,118,78,104,26.0000,34.6667
1486,300,113,82,105,27.3333,35.0000
1487,299,110,79,110,26.4214,36.7893
1488,301,114,77,110,25.5814,36.5449
1489,299,108,82,109,27.4247,36.4548
1490,300,108,85,107,28.3333,35.6667
1491,300,107,84,109,28.0000,36.3333
1492,300,106,84,110,28.0000,36.6667
1493,298,104,83,111,27.8523,37.2483
1494,301,108,82,111,27.2425,36.8771
1495,300,106,84,110,28.0000,36.6667
1496,300,108,81,111,27.0000,37.0000
1497,299,107,81,111,27.0903,37.1237
1498,302,111,80,111,26.4901,36.7550
1499,302,111,80,111,26.4901,36.7550
1500,302,111,78,113,25.8278,37.4172
1501,302,111,80,111,26.4901,36.7550
1502,300,108,74,118,24.6667,39.3333
1503,299,109,73,117,24.4147,39.1304
1504,300,114,71,115,23.6667,38.3333
1505,299,109,75,115,25.0836,38.4615
1506,298,106,75,117,25.1678,39.2617
1507,298,104,72,122,24.1611,40.9396
1508,299,106,70,123,23.4114,41.1371
1509,300,100,72,128,24.0000,42.6667
1510,297,95,71,131,23.9057,44.1077
1511,299,94,68,137,22.7425,45.8194
1512,302,100,64,138,21.1921,45.6954
1513,301,97,67,137,22.2591,45.5150
1514,300,96,66,138,22.0000,46.0000
1515,299,95,64,140,21.4047,46.8227
1516,301,101,63,137,20.9302,45.5150
1517,301,101,64,136,21.2625,45.1827
1518,300,96,66,138,22.0000,46.0000
1519,300,94,68,138,22.6667,46.0000
1520,299,97,66,136,22.0736,45.4849
1521,301,98,67,136,22.2591,45.1827
1522,300,96,67,137,22.3333,45.6667
1523,297,97,64,136,21.5488,45.7912
1524,298,97,66,135,22.1477,45.3020
1525,302,98,67,137,22.1854,45.3642
1526,302,99,62,141,20.5298,46.6887
1527,302,99,60,143,19.8675,47.3510
1528,301,96,63,142,20.9302,47.1761
1529,301,97,63,141,20.9302,46.8439
1530,300,93,61,146,20.3333,48.6667
1531,299,91,60,148,20.0669,49.4983
1532,300,90,62,148,20.6667,49.3333
1533,300,91,59,150,19.6667,50.0000
1534,300,87,63,150,21.0000,50.0000
1535,298,87,61,150,20.4698,50.3356
1536,300,89,62,149,20.6667,49.6667
1537,299,87,63,149,21.0702,49.8328
1538,301,89,63,149,20.9302,49.5017
1539,299,93,62,144,20.7358,48.1605
1540,302,96,64,142,21.1921,47.0199
1541,301,95,67,139,22.2591,46.1794
1542,301,95,62,144,20.5980,47.8405
1543,301,99,61,141,20.2658,46.8439
1544,301,100,61,140,20.2658,46.5116
1545,301,102,58,141,19.2691,46.8439
1546,300,102,57,141,19.0000,47.0000
1547,300,99,60,141,20.0000,47.0000
1548,298,99,60,139,20.1342,46.6443
1549,303,104,57,142,18.8119,46.8647
1550,303,108,53,142,17.4917,46.8647
1551,303,107,51,145,16.8317,47.8548
1552,300,111,48,141,16.0000,47.0000
1553,300,108,50,142,16.6667,47.3333
1554,300,116,49,135,16.3333,45.0000
1555,300,116,47,137,15.6667,45.6667
1556,299,118,45,136,15.0502,45.4849
1557,303,123,43,137,14.1914,45.2145
1558,303,125,42,136,13.8614,44.8845
1559,303,129,40,134,13.2013,44.2244
1560,302,127,44,131,14.5695,43.3775
1561,301,130,41,130,13.6213,43.1894
1562,300,131,41,128,13.6667,42.6667
1563,299,135,42,122,14.0468,40.8027
1564,303,139,43,121,14.1914,39.9340
1565,302,135,46,121,15.2318,40.0662
1566,302,137,46,119,15.2318,39.4040
1567,302,139,45,118,14.9007,39.0728
1568,300,139,42,119,14.0000,39.6667
1569,299,139,42,118,14.0468,39.4649
1570,300,143,40,117,13.3333,39.0000
1571,300,141,41,118,13.6667,39.3333
1572,300,141,42,117,14.0000,39.0000
1573,300,140,43,117,14.3333,39.0000
1574,299,139,44,116,14.7157,38.7960
1575,300,138,46,116,15.3333,38.6667
1576,300,137,47,116,15.6667,38.6667
1577,300,135,51,114,17.0000,38.0000
1578,299,140,50,109,16.7224,36.4548
1579,301,141,56,104,18.6047,34.5515
1580,301,138,55,108,18.2724,35.8804
1581,301,139,54,108,17.9402,35.8804
1582,300,139,57,104,19.0000,34.6667
1583,300,141,59,100,19.6667,33.3333
1584,299,139,59,101,19.7324,33.7793
1585,300,145,54,101,18.0000,33.6667
1586,300,144,55,101,18.3333,33.6667
1587,300,142,57,101,19.0000,33.6667
1588,299,140,59,100,19.7324,33.4448
1589,300,138,62,100,20.6667,33.3333
1590,300,135,66,99,22.0000,33.0000
1591,300,135,66,99,22.0000,33.0000
1592,300,134,66,100,22.0000,33.3333
1593,300,129,68,103,22.6667,34.3333
1594,300,129,73,98,24.3333,32.6667
1595,299,121,78,100,26.0870,33.4448
1596,297,120,77,100,25.9259,33.6700
1597,298,124,75,99,25.1678,33.2215
1598,300,120,82,98,27.3333,32.6667
1599,300,109,92,99,30.6667,33.0000
1600,299,108,85,106,28.4281,35.4515
1601,302,113,86,103,28.4768,34.1060
1602,302,114,86,102,28.4768,33.7748
1603,300,114,86,100,28.6667,33.3333
1604,299,111,87,101,29.0970,33.7793
1605,301,108,92,101,30.5648,33.5548
1606,301,105,95,101,31.5615,33.5548
1607,299,101,99,99,33.1104,33.1104
1608,302,103,101,98,33.4437,32.4503
1609,301,103,98,100,32.5581,33.2226
1610,300,96,105,99,35.0000,33.0000
1611,299,96,102,101,34.1137,33.7793
1612,300,92,107,101,35.6667,33.6667
1613,298,90,109,99,36.5772,33.2215
1614,300,92,107,101,35.6667,33.6667
1615,297,88,105,104,35.3535,35.0168
1616,298,86,103,109,34.5638,36.5772
1617,301,81,107,113,35.5482,37.5415
1618,301,79,105,117,34.8837,38.8704
1619,298,77,99,122,33.2215,40.9396
1620,296,76,97,123,32.7703,41.5541
1621,298,78,95,125,31.8792,41.9463
1622,301,79,96,126,31.8937,41.8605
1623,301,74,100,127,33.2226,42.1927
1624,301,69,103,129,34.2193,42.8571
1625,299,69,99,131,33.1104,43.8127
1626,298,69,95,134,31.8792,44.9664
1627,300,73,89,138,29.6667,46.0000
1628,299,69,89,141,29.7659,47.1572
1629,299,70,86,143,28.7625,47.8261
1630,300,72,84,144,28.0000,48.0000
1631,299,72,76,151,25.4181,50.5017
1632,300,76,74,150,24.6667,50.0000
1633,300,77,68,155,22.6667,51.6667
1634,300,75,69,156,23.0000,52.0000
1635,298,76,65,157,21.8121,52.6846
1636,300,82,59,159,19.6667,53.0000
1637,297,84,54,159,18.1818,53.5354
1638,299,86,51,162,17.0569,54.1806
1639,300,91,46,163,15.3333,54.3333
1640,299,89,42,168,14.0468,56.1873
1641,301,92,41,168,13.6213,55.8140
1642,301,93,41,167,13.6213,55.4817
1643,301,93,35,173,11.6279,57.4751
1644,298,95,29,174,9.7315,58.3893
1645,303,103,25,175,8.2508,57.7558
1646,302,103,24,175,7.9470,57.9470
1647,302,105,26,171,8.6093,56.6225
1648,300,107,21,172,7.0000,57.3333
1649,300,109,21,170,7.0000,56.6667
1650,300,110,20,170,6.6667,56.6667
1651,299,112,18,169,6.0201,56.5217
1652,302,124,17,161,5.6291,53.3113
1653,301,126,16,159,5.3156,52.8239
1654,300,129,13,158,4.3333,52.6667
1655,299,131,11,157,3.6789,52.5084
1656,299,133,11,155,3.6789,51.8395
1657,300,135,11,154,3.6667,51.3333
1658,299,135,10,154,3.3445,51.5050
1659,300,138,10,152,3.3333,50.6667
1660,300,136,12,152,4.0000,50.6667
1661,299,140,11,148,3.6789,49.4983
1662,304,145,12,147,3.9474,48.3553
1663,303,149,12,142,3.9604,46.8647
1664,303,147,14,142,4.6205,46.8647
1665,303,146,17,140,5.6106,46.2046
1666,303,147,20,136,6.6007,44.8845
1667,301,147,21,133,6.9767,44.1860
1668,300,153,21,126,7.0000,42.0000
1669,300,154,24,122,8.0000,40.6667
1670,300,157,26,117,8.6667,39.0000
1671,300,164,25,111,8.3333,37.0000
1672,300,164,29,107,9.6667,35.6667
1673,300,167,29,104,9.6667,34.6667
1674,300,167,31,102,10.3333,34.0000
1675,300,165,36,99,12.0000,33.0000
1676,300,163,41,96,13.6667,32.0000
1677,300,163,44,93,14.6667,31.0000
1678,298,164,46,88,15.4362,29.5302
1679,299,168,48,83,16.0535,27.7592
1680,301,173,49,79,16.2791,26.2458
1681,301,175,47,79,15.6146,26.2458
1682,301,172,53,76,17.6080,25.2492
1683,301,176,55,70,18.2724,23.2558
1684,300,177,55,68,18.3333,22.6667
1685,300,180,59,61,19.6667,20.3333
1686,300,179,58,63,19.3333,21.0000
1687,299,174,63,62,21.0702,20.7358
1688,303,180,62,61,20.4620,20.1320
1689,303,177,67,59,22.1122,19.4719
1690,303,175,69,59,22.7723,19.4719
1691,303,172,75,56,24.7525,18.4818
1692,303,174,76,53,25.0825,17.4917
1693,301,169,81,51,26.9103,16.9435
1694,301,162,87,52,28.9037,17.2757
1695,301,159,94,48,31.2292,15.9468
1696,300,157,94,49,31.3333,16.3333
1697,300,154,97,49,32.3333,16.3333
1698,299,151,98,50,32.7759,16.7224
1699,299,147,100,52,33.4448,17.3913
1700,304,152,101,51,33.2237,16.7763
1701,304,147,105,52,34.5395,17.1053
1702,303,144,106,53,34.9835,17.4917
1703,302,136,111,55,36.7550,18.2119
1704,302,128,116,58,38.4106,19.2053
1705,301,120,122,59,40.5316,19.6013
1706,300,114,123,63,41.0000,21.0000
1707,299,110,125,64,41.8060,21.4047
1708,303,108,126,69,41.5842,22.7723
1709,302,105,128,69,42.3841,22.8477
1710,301,99,129,73,42.8571,24.2525
1711,300,93,129,78,43.0000,26.0000
1712,297,87,128,82,43.0976,27.6094
1713,297,88,126,83,42.4242,27.9461
1714,297,86,123,88,41.4141,29.6296
1715,296,79,123,94,41.5541,31.7568
1716,298,77,119,102,39.9329,34.2282
1717,293,74,115,104,39.2491,35.4949
1718,293,71,117,105,39.9317,35.8362
1719,294,69,113,112,38.4354,38.0952
1720,292,67,111,114,38.0137,39.0411
1721,296,68,110,118,37.1622,39.8649
1722,297,66,110,121,37.0370,40.7407
1723,301,63,112,126,37.2093,41.8605
1724,299,59,107,133,35.7860,44.4816
1725,303,64,101,138,33.3333,45.5446
1726,300,60,94,146,31.3333,48.6667
1727,299,58,88,153,29.4314,51.1706
1728,299,55,87,157,29.0970,52.5084
1729,298,52,88,158,29.5302,53.0201
1730,300,53,84,163,28.0000,54.3333
1731,299,51,80,168,26.7559,56.1873
1732,298,50,71,177,23.8255,59.3960
1733,304,59,70,175,23.0263,57.5658
1734,304,57,69,178,22.6974,58.5526
1735,303,58,64,181,21.1221,59.7360
1736,302,59,59,184,19.5364,60.9272
1737,298,59,54,185,18.1208,62.0805
1738,300,66,50,184,16.6667,61.3333
1739,299,66,48,185,16.0535,61.8729
1740,299,70,46,183,15.3846,61.2040
1741,298,67,50,181,16.7785,60.7383
1742,299,74,45,180,15.0502,60.2007
1743,302,78,40,184,13.2450,60.9272
1744,302,76,40,186,13.2450,61.5894
1745,301,75,36,190,11.9601,63.1229
1746,301,75,34,192,11.2957,63.7874
1747,301,78,31,192,10.2990,63.7874
1748,300,82,27,191,9.0000,63.6667
1749,299,86,23,190,7.6923,63.5452
1750,300,88,24,188,8.0000,62.6667
1751,300,89,23,188,7.6667,62.6667
1752,300,91,21,188,7.0000,62.6667
1753,299,91,21,187,7.0234,62.5418
1754,305,99,22,184,7.2131,60.3279
1755,305,101,21,183,6.8852,60.0000
1756,305,102,23,180,7.5410,59.0164
1757,304,102,22,180,7.2368,59.2105
1758,304,108,21,175,6.9079,57.5658
1759,304,108,23,173,7.5658,56.9079
1760,304,111,24,169,7.8947,55.5921
1761,303,111,22,170,7.2607,56.1056
1762,303,114,21,168,6.9307,55.4455
1763,303,118,22,163,7.2607,53.7954
1764,303,121,23,159,7.5908,52.4752
1765,302,121,21,160,6.9536,52.9801
1766,302,123,24,155,7.9470,51.3245
1767,302,128,24,150,7.9470,49.6689
1768,302,134,26,142,8.6093,47.0199
1769,302,132,30,140,9.9338,46.3576
1770,302,133,30,139,9.9338,46.0265
1771,302,138,31,133,10.2649,44.0397
1772,302,139,31,132,10.2649,43.7086
1773,302,140,34,128,11.2583,42.3841
1774,302,140,36,126,11.9205,41.7219
1775,301,144,37,120,12.2924,39.8671
1776,300,147,39,114,13.0000,38.0000
1777,300,148,42,110,14.0000,36.6667
1778,299,152,45,102,15.0502,34.1137
1779,299,155,48,96,16.0535,32.1070
1780,303,156,53,94,17.4917,31.0231
1781,303,152,57,94,18.8119,31.0231
1782,303,155,58,90,19.1419,29.7030
1783,302,157,59,86,19.5364,28.4768
1784,301,164,58,79,19.2691,26.2458
1785,301,162,60,79,19.9336,26.2458
1786,300,164,58,78,19.3333,26.0000
1787,300,163,62,75,20.6667,25.0000
1788,299,164,65,70,21.7391,23.4114
1789,300,163,65,72,21.6667,24.0000
1790,300,164,66,70,22.0000,23.3333
1791,300,159,73,68,24.3333,22.6667
1792,299,155,75,69,25.0836,23.0769
1793,301,155,77,69,25.5814,22.9236
1794,300,151,80,69,26.6667,23.0000
1795,299,146,87,66,29.0970,22.0736
1796,301,143,94,64,31.2292,21.2625
1797,301,145,93,63,30.8970,20.9302
1798,300,142,92,66,30.6667,22.0000
1799,300,143,91,66,30.3333,22.0000
1800,298,141,91,66,30.5369,22.1477
1801,297,138,92,67,30.9764,22.5589
1802,298,132,96,70,32.2148,23.4899
1803,299,130,97,72,32.4415,24.0803
1804,299,128,99,72,33.1104,24.0803
1805,301,125,101,75,33.5548,24.9169
1806,301,119,107,75,35.5482,24.9169
1807,301,116,109,76,36.2126,25.2492
1808,301,112,108,81,35.8804,26.9103
1809,300,108,110,82,36.6667,27.3333
1810,298,105,108,85,36.2416,28.5235
1811,296,103,106,87,35.8108,29.3919
1812,298,101,108,89,36.2416,29.8658
1813,302,100,110,92,36.4238,30.4636
1814,301,101,108,92,35.8804,30.5648
1815,298,99,102,97,34.2282,32.5503
1816,297,98,96,103,32.3232,34.6801
1817,298,98,95,105,31.8792,35.2349
1818,299,96,94,109,31.4381,36.4548
1819,300,100,89,111,29.6667,37.0000
1820,298,96,89,113,29.8658,37.9195
1821,297,92,88,117,29.6296,39.3939
1822,295,91,84,120,28.4746,40.6780
1823,299,92,82,125,27.4247,41.8060
1824,298,91,81,126,27.1812,42.2819
1825,297,89,79,129,26.5993,43.4343
1826,298,86,78,134,26.1745,44.9664
1827,297,86,74,137,24.9158,46.1279
1828,298,87,71,140,23.8255,46.9799
1829,297,88,66,143,22.2222,48.1481
1830,297,85,67,145,22.5589,48.8215
1831,299,87,64,148,21.4047,49.4983
1832,301,92,60,149,19.9336,49.5017
1833,300,92,55,153,18.3333,51.0000
1834,297,91,52,154,17.5084,51.8519
1835,302,96,51,155,16.8874,51.3245
1836,302,98,49,155,16.2252,51.3245
1837,301,98,46,157,15.2824,52.1595
1838,300,97,44,159,14.6667,53.0000
1839,300,96,45,159,15.0000,53.0000
1840,300,90,51,159,17.0000,53.0000
1841,300,92,44,164,14.6667,54.6667
1842,300,93,43,164,14.3333,54.6667
1843,300,91,42,167,14.0000,55.6667
1844,298,90,39,169,13.0872,56.7114
1845,301,92,40,169,13.2890,56.1462
1846,300,94,37,169,12.3333,56.3333
1847,298,95,33,170,11.0738,57.0470
1848,299,96,33,170,11.0368,56.8562
1849,301,100,32,169,10.6312,56.1462
1850,301,105,31,165,10.2990,54.8173
1851,301,105,33,163,10.9635,54.1528
1852,301,106,35,160,11.6279,53.1561
1853,301,109,35,157,11.6279,52.1595
1854,301,111,35,155,11.6279,51.4950
1855,301,111,38,152,12.6246,50.4983
1856,301,111,39,151,12.9568,50.1661
1857,301,112,40,149,13.2890,49.5017
1858,300,111,39,150,13.0000,50.0000
1859,299,114,36,149,12.0401,49.8328
1860,302,117,37,148,12.2517,49.0066
1861,302,116,37,149,12.2517,49.3377
1862,302,118,38,146,12.5828,48.3444
1863,302,119,39,144,12.9139,47.6821
1864,301,122,35,144,11.6279,47.8405
1865,298,127,32,139,10.7383,46.6443
1866,301,132,32,137,10.6312,45.5150
1867,301,131,38,132,12.6246,43.8538
1868,300,133,42,125,14.0000,41.6667
1869,299,138,40,121,13.3779,40.4682
1870,302,143,42,117,13.9073,38.7417
1871,302,144,43,115,14.2384,38.0795
1872,301,143,43,115,14.2857,38.2060
1873,300,143,46,111,15.3333,37.0000
1874,300,143,48,109,16.0000,36.3333
1875,299,147,46,106,15.3846,35.4515
1876,302,150,46,106,15.2318,35.0993
1877,301,151,45,105,14.9502,34.8837
1878,301,154,47,100,15.6146,33.2226
1879,301,154,50,97,16.6113,32.2259
1880,299,154,50,95,16.7224,31.7726
1881,299,157,50,92,16.7224,30.7692
1882,298,158,49,91,16.4430,30.5369
1883,299,159,51,89,17.0569,29.7659
1884,302,159,57,86,18.8742,28.4768
1885,302,159,62,81,20.5298,26.8212
1886,302,157,66,79,21.8543,26.1589
1887,301,153,69,79,22.9236,26.2458
1888,300,149,71,80,23.6667,26.6667
1889,298,150,68,80,22.8188,26.8456
1890,301,153,70,78,23.2558,25.9136
1891,300,151,71,78,23.6667,26.0000
1892,299,146,73,80,24.4147,26.7559
1893,303,154,75,74,24.7525,24.4224
1894,300,146,80,74,26.6667,24.6667
1895,300,145,81,74,27.0000,24.6667
1896,298,141,87,70,29.1946,23.4899
1897,302,142,90,70,29.8013,23.1788
1898,302,142,91,69,30.1325,22.8477
1899,300,138,93,69,31.0000,23.0000
1900,300,139,92,69,30.6667,23.0000
1901,299,139,89,71,29.7659,23.7458
1902,299,138,92,69,30.7692,23.0769
1903,301,135,95,71,31.5615,23.5880
1904,299,129,95,75,31.7726,25.0836
1905,299,127,93,79,31.1037,26.4214
1906,300,123,95,82,31.6667,27.3333
1907,298,121,92,85,30.8725,28.5235
1908,298,115,96,87,32.2148,29.1946
1909,303,118,95,90,31.3531,29.7030
1910,302,112,99,91,32.7815,30.1325
1911,300,113,95,92,31.6667,30.6667
1912,300,113,97,90,32.3333,30.0000
1913,300,113,93,94,31.0000,31.3333
1914,300,113,88,99,29.3333,33.0000
1915,300,109,86,105,28.6667,35.0000
1916,299,110,80,109,26.7559,36.4548
1917,302,114,76,112,25.1656,37.0861
1918,299,107,80,112,26.7559,37.4582
1919,301,108,77,116,25.5814,38.5382
1920,300,104,79,117,26.3333,39.0000
1921,298,101,80,117,26.8456,39.2617
1922,298,97,83,118,27.8523,39.5973
1923,302,100,79,123,26.1589,40.7285
1924,302,95,84,123,27.8146,40.7285
1925,299,91,78,130,26.0870,43.4783
1926,299,91,77,131,25.7525,43.8127
1927,302,96,74,132,24.5033,43.7086
1928,300,95,71,134,23.6667,44.6667
1929,298,92,70,136,23.4899,45.6376
1930,301,94,67,140,22.2591,46.5116
1931,299,92,65,142,21.7391,47.4916
1932,304,98,64,142,21.0526,46.7105
1933,304,97,63,144,20.7237,47.3684
1934,303,94,65,144,21.4521,47.5248
1935,302,88,70,144,23.1788,47.6821
1936,301,86,69,146,22.9236,48.5050
1937,300,83,70,147,23.3333,49.0000
1938,297,78,70,149,23.5690,50.1684
1939,296,79,66,151,22.2973,51.0135
1940,297,80,68,149,22.8956,50.1684
1941,297,82,63,152,21.2121,51.1785
1942,298,81,66,151,22.1477,50.6711
1943,302,85,63,154,20.8609,50.9934
1944,302,86,60,156,19.8675,51.6556
1945,300,86,58,156,19.3333,52.0000
1946,300,86,56,158,18.6667,52.6667
1947,300,87,56,157,18.6667,52.3333
1948,299,83,58,158,19.3980,52.8428
1949,302,85,56,161,18.5430,53.3113
1950,301,85,55,161,18.2724,53.4884
1951,301,86,56,159,18.6047,52.8239
1952,301,88,54,159,17.9402,52.8239
1953,299,91,53,155,17.7258,51.8395
1954,300,90,51,159,17.0000,53.0000
1955,299,90,47,162,15.7191,54.1806
1956,302,97,45,160,14.9007,52.9801
1957,302,102,45,155,14.9007,51.3245
1958,302,105,40,157,13.2450,51.9868
1959,300,107,38,155,12.6667,51.6667
1960,300,107,40,153,13.3333,51.0000
1961,300,111,38,151,12.6667,50.3333
1962,300,113,34,153,11.3333,51.0000
1963,300,114,33,153,11.0000,51.0000
1964,300,114,33,153,11.0000,51.0000
1965,299,120,33,146,11.0368,48.8294
1966,301,126,33,142,10.9635,47.1761
1967,300,130,33,137,11.0000,45.6667
1968,298,135,31,132,10.4027,44.2953
1969,298,139,30,129,10.0671,43.2886
1970,301,142,29,130,9.6346,43.1894
1971,300,143,30,127,10.0000,42.3333
1972,300,140,33,127,11.0000,42.3333
1973,300,139,34,127,11.3333,42.3333
1974,300,139,33,128,11.0000,42.6667
1975,299,142,34,123,11.3712,41.1371
1976,300,143,35,122,11.6667,40.6667
1977,299,145,39,115,13.0435,38.4615
1978,303,148,42,113,13.8614,37.2937
1979,302,148,43,111,14.2384,36.7550
1980,302,149,44,109,14.5695,36.0927
1981,302,149,47,106,15.5629,35.0993
1982,302,152,49,101,16.2252,33.4437
1983,302,150,52,100,17.2185,33.1126
1984,301,149,53,99,17.6080,32.8904
1985,301,147,56,98,18.6047,32.5581
1986,300,146,57,97,19.0000,32.3333
1987,299,141,60,98,20.0669,32.7759
1988,301,142,63,96,20.9302,31.8937
1989,301,139,65,97,21.5947,32.2259
1990,301,137,68,96,22.5914,31.8937
1991,299,135,72,92,24.0803,30.7692
1992,303,136,72,95,23.7624,31.3531
1993,302,136,76,90,25.1656,29.8013
1994,302,128,83,91,27.4834,30.1325
1995,301,126,87,88,28.9037,29.2359
1996,300,126,89,85,29.6667,28.3333
1997,297,118,96,83,32.3232,27.9461
1998,299,123,92,84,30.7692,28.0936
1999,300,120,94,86,31.3333,28.6667
2000,299,116,97,86,32.4415,28.7625
2001,299,114,99,86,33.1104,28.7625
2002,299,114,98,87,32.7759,29.0970
2003,301,115,95,91,31.5615,30.2326
2004,301,116,93,92,30.8970,30.5648
2005,300,111,95,94,31.6667,31.3333
2006,300,110,98,92,32.6667,30.6667
2007,299,114,98,87,32.7759,29.0970
2008,298,110,97,91,32.5503,30.5369
2009,300,104,101,95,33.6667,31.6667
2010,300,103,104,93,34.6667,31.0000
2011,297,99,105,93,35.3535,31.3131
2012,300,103,103,94,34.3333,31.3333
2013,299,102,100,97,33.4448,32.4415
2014,304,107,98,99,32.2368,32.5658
2015,303,105,92,106,30.3630,34.9835
2016,302,100,96,106,31.7881,35.0993
2017,300,99,88,113,29.3333,37.6667
2018,299,96,89,114,29.7659,38.1271
2019,300,95,88,117,29.3333,39.0000
2020,298,92,88,118,29.5302,39.5973
2021,295,91,84,120,28.4746,40.6780
2022,295,89,86,120,29.1525,40.6780
2023,296,88,86,122,29.0541,41.2162
2024,296,89,85,122,28.7162,41.2162
2025,297,89,85,123,28.6195,41.4141
2026,301,94,84,123,27.9070,40.8638
2027,298,91,83,124,27.8523,41.6107
2028,301,91,83,127,27.5748,42.1927
2029,301,87,80,134,26.5781,44.5183
2030,301,85,76,140,25.2492,46.5116
2031,296,83,72,141,24.3243,47.6351
2032,297,85,69,143,23.2323,48.1481
2033,300,89,69,142,23.0000,47.3333
2034,298,88,66,144,22.1477,48.3221
2035,301,93,61,147,20.2658,48.8372
2036,298,91,57,150,19.1275,50.3356
2037,299,92,57,150,19.0635,50.1672
2038,300,89,57,154,19.0000,51.3333
2039,300,87,58,155,19.3333,51.6667
2040,300,86,56,158,18.6667,52.6667
2041,299,86,54,159,18.0602,53.1773
2042,302,92,51,159,16.8874,52.6490
2043,300,91,45,164,15.0000,54.6667
2044,300,91,49,160,16.3333,53.3333
2045,299,91,47,161,15.7191,53.8462
2046,298,89,49,160,16.4430,53.6913
2047,300,90,49,161,16.3333,53.6667
2048,297,91,44,162,14.8148,54.5455
2049,298,92,43,163,14.4295,54.6980
2050,298,97,39,162,13.0872,54.3624
2051,302,101,39,162,12.9139,53.6424
2052,301,102,37,162,12.2924,53.8206
2053,301,105,36,160,11.9601,53.1561
2054,301,106,37,158,12.2924,52.4917
2055,301,108,38,155,12.6246,51.4950
2056,301,108,41,152,13.6213,50.4983
2057,301,108,40,153,13.2890,50.8306
2058,298,108,37,153,12.4161,51.3423
2059,299,109,36,154,12.0401,51.5050
2060,300,118,34,148,11.3333,49.3333
2061,300,119,35,146,11.6667,48.6667
2062,299,122,35,142,11.7057,47.4916
2063,301,125,36,140,11.9601,46.5116
2064,301,125,36,140,11.9601,46.5116
2065,301,128,34,139,11.2957,46.1794
2066,301,133,32,136,10.6312,45.1827
2067,300,142,31,127,10.3333,42.3333
2068,300,143,31,126,10.3333,42.0000
2069,300,149,31,120,10.3333,40.0000
2070,300,149,33,118,11.0000,39.3333
2071,300,149,37,114,12.3333,38.0000
2072,299,151,34,114,11.3712,38.1271
2073,302,155,35,112,11.5894,37.0861
2074,301,156,35,110,11.6279,36.5449
2075,300,156,37,107,12.3333,35.6667
2076,299,155,35,109,11.7057,36.4548
2077,302,161,34,107,11.2583,35.4305
2078,301,158,36,107,11.9601,35.5482
2079,300,160,35,105,11.6667,35.0000
2080,300,161,37,102,12.3333,34.0000
2081,299,166,37,96,12.3746,32.1070
2082,300,172,37,91,12.3333,30.3333
2083,300,174,36,90,12.0000,30.0000
2084,300,175,38,87,12.6667,29.0000
2085,300,173,38,89,12.6667,29.6667
2086,300,168,44,88,14.6667,29.3333
2087,300,166,49,85,16.3333,28.3333
2088,300,167,50,83,16.6667,27.6667
2089,300,166,53,81,17.6667,27.0000
2090,299,166,54,79,18.0602,26.4214
2091,302,169,55,78,18.2119,25.8278
2092,302,167,58,77,19.2053,25.4967
2093,302,165,62,75,20.5298,24.8344
2094,302,161,66,75,21.8543,24.8344
2095,302,159,71,72,23.5099,23.8411
2096,302,156,71,75,23.5099,24.8344
2097,302,154,74,74,24.5033,24.5033
2098,302,153,73,76,24.1722,25.1656
2099,302,147,79,76,26.1589,25.1656
2100,302,146,81,75,26.8212,24.8344
2101,302,145,82,75,27.1523,24.8344
2102,300,144,84,72,28.0000,24.0000
2103,300,136,93,71,31.0000,23.6667
2104,300,131,97,72,32.3333,24.0000
2105,299,128,98,73,32.7759,24.4147
2106,302,130,100,72,33.1126,23.8411
2107,301,124,100,77,33.2226,25.5814
2108,299,119,98,82,32.7759,27.4247
2109,300,120,99,81,33.0000,27.0000
2110,299,117,100,82,33.4448,27.4247
2111,301,115,101,85,33.5548,28.2392
2112,299,113,100,86,33.4448,28.7625
2113,300,110,103,87,34.3333,29.0000
2114,298,107,100,91,33.5570,30.5369
2115,301,102,104,95,34.5515,31.5615
2116,299,100,103,96,34.4482,32.1070
2117,299,96,110,93,36.7893,31.1037
2118,299,95,111,93,37.1237,31.1037
2119,299,94,108,97,36.1204,32.4415
2120,301,94,108,99,35.8804,32.8904
2121,299,93,105,101,35.1171,33.7793
2122,304,97,106,101,34.8684,33.2237
2123,303,95,99,109,32.6733,35.9736
2124,302,96,90,116,29.8013,38.4106
2125,302,90,93,119,30.7947,39.4040
2126,302,85,94,123,31.1258,40.7285
2127,302,85,90,127,29.8013,42.0530
2128,301,87,85,129,28.2392,42.8571
2129,299,85,83,131,27.7592,43.8127
2130,299,85,80,134,26.7559,44.8161
2131,300,88,74,138,24.6667,46.0000
2132,299,86,76,137,25.4181,45.8194
2133,298,87,71,140,23.8255,46.9799
2134,298,88,68,142,22.8188,47.6510
2135,298,90,66,142,22.1477,47.6510
2136,296,90,58,148,19.5946,50.0000
2137,295,91,54,150,18.3051,50.8475
2138,297,93,47,157,15.8249,52.8620
2139,296,94,43,159,14.5270,53.7162
2140,299,99,39,161,13.0435,53.8462
2141,301,98,40,163,13.2890,54.1528
2142,301,99,40,162,13.2890,53.8206
2143,301,100,38,163,12.6246,54.1528
2144,301,101,36,164,11.9601,54.4850
2145,301,100,34,167,11.2957,55.4817
2146,301,97,35,169,11.6279,56.1462
2147,298,96,34,168,11.4094,56.3758
2148,300,99,36,165,12.0000,55.0000
2149,299,99,35,165,11.7057,55.1839
2150,298,101,34,163,11.4094,54.6980
2151,298,102,34,162,11.4094,54.3624
2152,297,101,35,161,11.7845,54.2088
2153,295,103,32,160,10.8475,54.2373
2154,300,107,33,160,11.0000,53.3333
2155,300,108,33,159,11.0000,53.0000
2156,300,108,35,157,11.6667,52.3333
2157,300,109,34,157,11.3333,52.3333
2158,300,105,37,158,12.3333,52.6667
2159,300,108,38,154,12.6667,51.3333
2160,300,112,38,150,12.6667,50.0000
2161,299,111,39,149,13.0435,49.8328
2162,301,116,38,147,12.6246,48.8372
2163,301,119,40,142,13.2890,47.1761
2164,300,117,42,141,14.0000,47.0000
2165,298,120,39,139,13.0872,46.6443
2166,299,122,40,137,13.3779,45.8194
2167,301,128,37,136,12.2924,45.1827
2168,301,130,35,136,11.6279,45.1827
2169,300,129,35,136,11.6667,45.3333
2170,300,132,34,134,11.3333,44.6667
2171,300,133,37,130,12.3333,43.3333
2172,299,135,36,128,12.0401,42.8094
2173,302,137,39,126,12.9139,41.7219
2174,300,135,40,125,13.3333,41.6667
2175,300,139,42,119,14.0000,39.6667
2176,300,147,43,110,14.3333,36.6667
2177,299,148,44,107,14.7157,35.7860
2178,303,155,43,105,14.1914,34.6535
2179,303,155,44,104,14.5215,34.3234
2180,303,157,44,102,14.5215,33.6634
2181,303,156,47,100,15.5116,33.0033
2182,301,157,47,97,15.6146,32.2259
2183,301,157,50,94,16.6113,31.2292
2184,301,153,51,97,16.9435,32.2259
2185,301,156,51,94,16.9435,31.2292
2186,301,153,57,91,18.9369,30.2326
2187,299,147,62,90,20.7358,30.1003
2188,304,156,65,83,21.3816,27.3026
2189,302,155,68,79,22.5166,26.1589
2190,301,157,73,71,24.2525,23.5880
2191,301,155,75,71,24.9169,23.5880
2192,300,153,80,67,26.6667,22.3333
2193,299,146,85,68,28.4281,22.7425
2194,303,142,92,69,30.3630,22.7723
2195,301,141,93,67,30.8970,22.2591
2196,301,135,99,67,32.8904,22.2591
2197,301,138,98,65,32.5581,21.5947
2198,300,128,109,63,36.3333,21.0000
2199,300,122,113,65,37.6667,21.6667
2200,299,117,114,68,38.1271,22.7425
2201,300,112,119,69,39.6667,23.0000
2202,299,108,121,70,40.4682,23.4114
2203,300,105,124,71,41.3333,23.6667
2204,299,96,129,74,43.1438,24.7492
2205,299,90,134,75,44.8161,25.0836
2206,301,86,137,78,45.5150,25.9136
2207,297,86,131,80,44.1077,26.9360
2208,295,82,131,82,44.4068,27.7966
2209,296,82,131,83,44.2568,28.0405
2210,295,78,129,88,43.7288,29.8305
2211,293,76,127,90,43.3447,30.7167
2212,293,74,128,91,43.6860,31.0580
2213,290,74,122,94,42.0690,32.4138
2214,288,72,119,97,41.3194,33.6806
2215,287,66,118,103,41.1150,35.8885
2216,285,64,115,106,40.3509,37.1930
2217,283,63,115,105,40.6360,37.1025
2218,284,65,114,105,40.1408,36.9718
2219,284,68,105,111,36.9718,39.0845
2220,284,66,105,113,36.9718,39.7887
2221,281,65,99,117,35.2313,41.6370
2222,279,63,97,119,34.7670,42.6523
2223,280,62,97,121,34.6429,43.2143
2224,279,64,91,124,32.6165,44.4444
2225,278,62,84,132,30.2158,47.4820
2226,278,62,78,138,28.0576,49.6403
2227,278,64,75,139,26.9784,50.0000
2228,279,62,77,140,27.5986,50.1792
2229,281,65,73,143,25.9786,50.8897
2230,279,66,68,145,24.3728,51.9713
2231,279,67,69,143,24.7312,51.2545
2232,282,71,68,143,24.1135,50.7092
2233,282,73,61,148,21.6312,52.4823
2234,281,75,57,149,20.2847,53.0249
2235,283,78,53,152,18.7279,53.7102
2236,282,81,49,152,17.3759,53.9007
2237,284,81,45,158,15.8451,55.6338
2238,287,82,45,160,15.6794,55.7491
2239,290,85,43,162,14.8276,55.8621
2240,291,85,40,166,13.7457,57.0447
2241,290,88,34,168,11.7241,57.9310
2242,291,91,30,170,10.3093,58.4192
2243,295,96,31,168,10.5085,56.9492
2244,296,96,29,171,9.7973,57.7703
2245,297,99,29,169,9.7643,56.9024
2246,298,105,26,167,8.7248,56.0403
2247,302,108,28,166,9.2715,54.9669
2248,300,109,26,165,8.6667,55.0000
2249,299,111,24,164,8.0268,54.8495
2250,301,112,25,164,8.3056,54.4850
2251,301,113,24,164,7.9734,54.4850
2252,301,115,23,163,7.6412,54.1528
2253,300,116,23,161,7.6667,53.6667
2254,300,117,24,159,8.0000,53.0000
2255,300,118,25,157,8.3333,52.3333
2256,300,120,25,155,8.3333,51.6667
2257,299,121,23,155,7.6923,51.8395
2258,302,125,24,153,7.9470,50.6623
2259,301,127,25,149,8.3056,49.5017
2260,301,127,27,147,8.9701,48.8372
2261,300,128,28,144,9.3333,48.0000
2262,300,131,31,138,10.3333,46.0000
2263,300,133,32,135,10.6667,45.0000
2264,300,131,35,134,11.6667,44.6667
2265,300,132,36,132,12.0000,44.0000
2266,300,134,37,129,12.3333,43.0000
2267,300,139,38,123,12.6667,41.0000
2268,300,135,41,124,13.6667,41.3333
2269,300,130,46,124,15.3333,41.3333
2270,299,131,45,123,15.0502,41.1371
2271,302,142,46,114,15.2318,37.7483
2272,302,143,49,110,16.2252,36.4238
2273,302,143,53,106,17.5497,35.0993
2274,301,140,57,104,18.9369,34.5515
2275,301,140,59,102,19.6013,33.8870
2276,301,139,63,99,20.9302,32.8904
2277,301,144,67,90,22.2591,29.9003
2278,301,145,70,86,23.2558,28.5714
2279,301,144,70,87,23.2558,28.9037
2280,301,140,75,86,24.9169,28.5714
2281,301,138,79,84,26.2458,27.9070
2282,300,135,81,84,27.0000,28.0000
2283,300,133,84,83,28.0000,27.6667
2284,300,131,86,83,28.6667,27.6667
2285,299,127,91,81,30.4348,27.0903
2286,301,128,92,81,30.5648,26.9103
2287,301,128,96,77,31.8937,25.5814
2288,300,127,96,77,32.0000,25.6667
2289,299,128,97,74,32.4415,24.7492
2290,299,121,103,75,34.4482,25.0836
2291,301,118,110,73,36.5449,24.2525
2292,301,117,111,73,36.8771,24.2525
2293,299,115,110,74,36.7893,24.7492
2294,298,110,114,74,38.2550,24.8322
2295,298,104,115,79,38.5906,26.5101
2296,300,105,114,81,38.0000,27.0000
2297,300,103,114,83,38.0000,27.6667
2298,299,101,109,89,36.4548,29.7659
2299,303,97,114,92,37.6238,30.3630
2300,303,91,117,95,38.6139,31.3531
2301,301,87,116,98,38.5382,32.5581
2302,299,88,112,99,37.4582,33.1104
2303,306,92,113,101,36.9281,33.0065
2304,303,89,113,101,37.2937,33.3333
2305,302,82,111,109,36.7550,36.0927
2306,301,76,112,113,37.2093,37.5415
2307,299,72,111,116,37.1237,38.7960
2308,299,75,109,115,36.4548,38.4615
2309,302,80,104,118,34.4371,39.0728
2310,301,79,99,123,32.8904,40.8638
2311,299,76,91,132,30.4348,44.1472
2312,303,78,87,138,28.7129,45.5446
2313,302,75,87,140,28.8079,46.3576
2314,299,70,85,144,28.4281,48.1605
2315,297,71,80,146,26.9360,49.1582
2316,295,66,80,149,27.1186,50.5085
2317,298,70,78,150,26.1745,50.3356
2318,298,72,75,151,25.1678,50.6711
2319,300,73,75,152,25.0000,50.6667
2320,296,75,64,157,21.6216,53.0405
2321,297,72,67,158,22.5589,53.1987
2322,297,72,65,160,21.8855,53.8721
2323,301,74,64,163,21.2625,54.1528
2324,300,74,60,166,20.0000,55.3333
2325,299,72,59,168,19.7324,56.1873
2326,302,76,51,175,16.8874,57.9470
2327,301,73,52,176,17.2757,58.4718
2328,300,72,51,177,17.0000,59.0000
2329,300,71,51,178,17.0000,59.3333
2330,299,72,49,178,16.3880,59.5318
2331,300,74,51,175,17.0000,58.3333
2332,298,71,52,175,17.4497,58.7248
2333,304,76,51,177,16.7763,58.2237
2334,303,78,51,174,16.8317,57.4257
2335,302,77,48,177,15.8940,58.6093
2336,302,79,44,179,14.5695,59.2715
2337,301,79,45,177,14.9502,58.8040
2338,301,80,45,176,14.9502,58.4718
2339,300,79,44,177,14.6667,59.0000
2340,300,79,46,175,15.3333,58.3333
2341,299,83,41,175,13.7124,58.5284
2342,301,85,43,173,14.2857,57.4751
2343,301,84,43,174,14.2857,57.8073
2344,299,88,39,172,13.0435,57.5251
2345,297,89,39,169,13.1313,56.9024
2346,297,92,38,167,12.7946,56.2290
2347,298,99,37,162,12.4161,54.3624
2348,304,108,36,160,11.8421,52.6316
2349,303,108,36,159,11.8812,52.4752
2350,303,111,39,153,12.8713,50.4950
2351,302,113,38,151,12.5828,50.0000
2352,301,117,35,149,11.6279,49.5017
2353,301,120,32,149,10.6312,49.5017
2354,301,119,34,148,11.2957,49.1694
2355,301,123,34,144,11.2957,47.8405
2356,300,123,34,143,11.3333,47.6667
2357,299,130,33,136,11.0368,45.4849
2358,299,134,32,133,10.7023,44.4816
2359,301,137,34,130,11.2957,43.1894
2360,301,134,36,131,11.9601,43.5216
2361,301,137,36,128,11.9601,42.5249
2362,300,142,34,124,11.3333,41.3333
2363,300,148,35,117,11.6667,39.0000
2364,300,149,40,111,13.3333,37.0000
2365,300,147,44,109,14.6667,36.3333
2366,300,148,45,107,15.0000,35.6667
2367,300,149,47,104,15.6667,34.6667
2368,300,152,47,101,15.6667,33.6667
2369,299,150,49,100,16.3880,33.4448
2370,303,151,51,101,16.8317,33.3333
2371,303,147,54,102,17.8218,33.6634
2372,303,154,56,93,18.4818,30.6931
2373,303,152,58,93,19.1419,30.6931
2374,302,150,60,92,19.8675,30.4636
2375,302,150,61,91,20.1987,30.1325
2376,302,151,63,88,20.8609,29.1391
2377,302,151,64,87,21.1921,28.8079
2378,302,155,68,79,22.5166,26.1589
2379,300,153,67,80,22.3333,26.6667
2380,300,152,70,78,23.3333,26.0000
2381,298,146,72,80,24.1611,26.8456
2382,301,147,75,79,24.9169,26.2458
2383,301,143,79,79,26.2458,26.2458
2384,300,137,81,82,27.0000,27.3333
2385,298,138,79,81,26.5101,27.1812
2386,302,141,76,85,25.1656,28.1457
2387,302,138,80,84,26.4901,27.8146
2388,301,138,84,79,27.9070,26.2458
2389,300,130,90,80,30.0000,26.6667
2390,299,126,91,82,30.4348,27.4247
2391,299,126,88,85,29.4314,28.4281
2392,300,125,89,86,29.6667,28.6667
2393,300,124,92,84,30.6667,28.0000
2394,297,118,96,83,32.3232,27.9461
2395,299,119,95,85,31.7726,28.4281
2396,299,118,96,85,32.1070,28.4281
2397,300,112,99,89,33.0000,29.6667
2398,300,103,105,92,35.0000,30.6667
2399,300,94,113,93,37.6667,31.0000
2400,299,89,115,95,38.4615,31.7726
2401,301,89,114,98,37.8738,32.5581
2402,299,80,119,100,39.7993,33.4448
2403,302,81,116,105,38.4106,34.7682
2404,301,81,114,106,37.8738,35.2159
2405,300,83,112,105,37.3333,35.0000
2406,300,83,111,106,37.0000,35.3333
2407,298,82,108,108,36.2416,36.2416
2408,298,82,105,111,35.2349,37.2483
2409,298,80,102,116,34.2282,38.9262
2410,295,75,100,120,33.8983,40.6780
2411,294,70,103,121,35.0340,41.1565
2412,298,68,108,122,36.2416,40.9396
2413,297,62,111,124,37.3737,41.7508
2414,300,65,106,129,35.3333,43.0000
2415,298,61,106,131,35.5705,43.9597
2416,300,59,107,134,35.6667,44.6667
2417,299,57,105,137,35.1171,45.8194
2418,296,58,96,142,32.4324,47.9730
2419,298,59,90,149,30.2013,50.0000
2420,296,60,82,154,27.7027,52.0270
2421,298,63,81,154,27.1812,51.6779
2422,300,68,74,158,24.6667,52.6667
2423,298,69,68,161,22.8188,54.0268
2424,305,71,72,162,23.6066,53.1148
2425,304,69,72,163,23.6842,53.6184
2426,303,65,76,162,25.0825,53.4653
2427,303,67,74,162,24.4224,53.4653
2428,303,65,75,163,24.7525,53.7954
2429,303,64,77,162,25.4125,53.4653
2430,299,62,72,165,24.0803,55.1839
2431,305,70,68,167,22.2951,54.7541
2432,304,69,60,175,19.7368,57.5658
2433,303,72,55,176,18.1518,58.0858
2434,301,72,49,180,16.2791,59.8007
2435,300,72,48,180,16.0000,60.0000
2436,298,74,45,179,15.1007,60.0671
2437,299,74,44,181,14.7157,60.5351
2438,302,81,44,177,14.5695,58.6093
2439,299,82,41,176,13.7124,58.8629
2440,300,83,40,177,13.3333,59.0000
2441,299,83,40,176,13.3779,58.8629
2442,300,86,41,173,13.6667,57.6667
2443,300,89,41,170,13.6667,56.6667
2444,300,90,40,170,13.3333,56.6667
2445,298,89,38,171,12.7517,57.3826
2446,303,94,33,176,10.8911,58.0858
2447,303,96,34,173,11.2211,57.0957
2448,303,97,35,171,11.5512,56.4356
2449,301,98,34,169,11.2957,56.1462
2450,301,99,32,170,10.6312,56.4784
2451,301,96,37,168,12.2924,55.8140
2452,301,100,37,164,12.2924,54.4850
2453,301,103,38,160,12.6246,53.1561
2454,301,104,38,159,12.6246,52.8239
2455,300,107,40,153,13.3333,51.0000
2456,299,107,43,149,14.3813,49.8328
2457,301,109,43,149,14.2857,49.5017
2458,300,108,43,149,14.3333,49.6667
2459,300,108,46,146,15.3333,48.6667
2460,299,109,48,142,16.0535,47.4916
2461,299,113,50,136,16.7224,45.4849
2462,304,119,52,133,17.1053,43.7500
2463,303,118,52,133,17.1617,43.8944
2464,301,115,55,131,18.2724,43.5216
2465,300,116,56,128,18.6667,42.6667
2466,299,121,56,122,18.7291,40.8027
2467,304,128,58,118,19.0789,38.8158
2468,304,127,60,117,19.7368,38.4868
2469,303,126,62,115,20.4620,37.9538
2470,302,131,61,110,20.1987,36.4238
2471,302,132,64,106,21.1921,35.0993
2472,301,133,66,102,21.9269,33.8870
2473,301,128,71,102,23.5880,33.8870
2474,300,133,72,95,24.0000,31.6667
2475,300,131,77,92,25.6667,30.6667
2476,300,128,76,96,25.3333,32.0000
2477,299,127,76,96,25.4181,32.1070
2478,302,127,78,97,25.8278,32.1192
2479,301,123,82,96,27.2425,31.8937
2480,300,123,79,98,26.3333,32.6667
2481,299,120,79,100,26.4214,33.4448
2482,298,121,78,99,26.1745,33.2215
2483,298,124,77,97,25.8389,32.5503
2484,299,128,81,90,27.0903,30.1003
2485,298,130,79,89,26.5101,29.8658
2486,301,137,78,86,25.9136,28.5714
2487,301,132,82,87,27.2425,28.9037
2488,301,125,90,86,29.9003,28.5714
2489,300,122,93,85,31.0000,28.3333
2490,300,120,92,88,30.6667,29.3333
2491,297,112,96,89,32.3232,29.9663
2492,297,111,94,92,31.6498,30.9764
2493,296,109,93,94,31.4189,31.7568
2494,297,102,100,95,33.6700,31.9865
2495,299,100,99,100,33.1104,33.4448
2496,300,98,102,100,34.0000,33.3333
2497,299,96,104,99,34.7826,33.1104
2498,297,97,103,97,34.6801,32.6599
2499,295,90,107,98,36.2712,33.2203
2500,297,87,107,103,36.0269,34.6801
2501,297,87,108,102,36.3636,34.3434
2502,298,85,112,101,37.5839,33.8926
2503,300,84,113,103,37.6667,34.3333
2504,298,81,115,102,38.5906,34.2282
2505,298,77,114,107,38.2550,35.9060
2506,299,77,114,108,38.1271,36.1204
2507,299,75,113,111,37.7926,37.1237
2508,296,70,110,116,37.1622,39.1892
2509,294,70,106,118,36.0544,40.1361
2510,296,67,110,119,37.1622,40.2027
2511,293,68,104,121,35.4949,41.2969
2512,292,67,101,124,34.5890,42.4658
2513,291,62,102,127,35.0515,43.6426
2514,291,61,100,130,34.3643,44.6735
2515,289,58,97,134,33.5640,46.3668
2516,291,58,93,140,31.9588,48.1100
2517,291,59,90,142,30.9278,48.7973
2518,293,60,88,145,30.0341,49.4881
2519,293,61,85,147,29.0102,50.1706
2520,289,59,79,151,27.3356,52.2491
2521,290,57,80,153,27.5862,52.7586
2522,291,53,82,156,28.1787,53.6082
2523,293,58,77,158,26.2799,53.9249
2524,291,60,72,159,24.7423,54.6392
2525,294,65,69,160,23.4694,54.4218
2526,295,64,68,163,23.0508,55.2542
2527,295,65,69,161,23.3898,54.5763
2528,294,66,68,160,23.1293,54.4218
2529,295,65,70,160,23.7288,54.2373
2530,296,64,65,167,21.9595,56.4189
2531,298,68,60,170,20.1342,57.0470
2532,303,76,61,166,20.1320,54.7855
2533,303,76,62,165,20.4620,54.4554
2534,302,75,59,168,19.5364,55.6291
2535,302,74,58,170,19.2053,56.2914
2536,302,73,56,173,18.5430,57.2848
2537,301,75,55,171,18.2724,56.8106
2538,300,74,54,172,18.0000,57.3333
2539,300,74,55,171,18.3333,57.0000
2540,300,74,55,171,18.3333,57.0000
2541,299,76,51,172,17.0569,57.5251
2542,301,82,47,172,15.6146,57.1429
2543,301,84,44,173,14.6179,57.4751
2544,301,87,44,170,14.6179,56.4784
2545,300,89,44,167,14.6667,55.6667
2546,299,88,46,165,15.3846,55.1839
2547,299,93,46,160,15.3846,53.5117
2548,301,95,46,160,15.2824,53.1561
2549,300,96,44,160,14.6667,53.3333
2550,299,96,41,162,13.7124,54.1806
2551,301,99,41,161,13.6213,53.4884
2552,301,102,42,157,13.9535,52.1595
2553,301,102,40,159,13.2890,52.8239
2554,301,104,38,159,12.6246,52.8239
2555,301,106,36,159,11.9601,52.8239
2556,300,106,32,162,10.6667,54.0000
2557,300,109,33,158,11.0000,52.6667
2558,299,107,36,156,12.0401,52.1739
2559,300,108,37,155,12.3333,51.6667
2560,299,111,38,150,12.7090,50.1672
2561,301,119,35,147,11.6279,48.8372
2562,301,122,35,144,11.6279,47.8405
2563,301,122,36,143,11.9601,47.5083
2564,301,125,36,140,11.9601,46.5116
2565,301,127,35,139,11.6279,46.1794
2566,301,129,37,135,12.2924,44.8505
2567,301,132,37,132,12.2924,43.8538
2568,301,135,36,130,11.9601,43.1894
2569,300,137,35,128,11.6667,42.6667
2570,299,141,32,126,10.7023,42.1405
2571,304,146,32,126,10.5263,41.4474
2572,303,152,29,122,9.5710,40.2640
2573,303,155,28,120,9.2409,39.6040
2574,303,160,28,115,9.2409,37.9538
2575,303,163,29,111,9.5710,36.6337
2576,303,161,34,108,11.2211,35.6436
2577,303,162,34,107,11.2211,35.3135
2578,303,163,33,107,10.8911,35.3135
2579,303,160,32,111,10.5611,36.6337
2580,302,160,33,109,10.9272,36.0927
2581,302,161,33,108,10.9272,35.7616
2582,302,168,35,99,11.5894,32.7815
2583,302,171,36,95,11.9205,31.4570
2584,302,170,35,97,11.5894,32.1192
2585,302,170,36,96,11.9205,31.7881
2586,299,172,36,91,12.0401,30.4348
2587,302,175,40,87,13.2450,28.8079
2588,301,179,38,84,12.6246,27.9070
2589,301,180,36,85,11.9601,28.2392
2590,301,182,37,82,12.2924,27.2425
2591,300,177,42,81,14.0000,27.0000
2592,300,179,41,80,13.6667,26.6667
2593,300,182,42,76,14.0000,25.3333
2594,300,180,48,72,16.0000,24.0000
2595,300,181,49,70,16.3333,23.3333
2596,298,175,52,71,17.4497,23.8255
2597,297,172,52,73,17.5084,24.5791
2598,301,172,53,76,17.6080,25.2492
2599,300,172,51,77,17.0000,25.6667
2600,299,169,53,77,17.7258,25.7525
2601,303,174,53,76,17.4917,25.0825
2602,303,176,54,73,17.8218,24.0924
2603,303,172,58,73,19.1419,24.0924
2604,303,166,65,72,21.4521,23.7624
2605,303,165,66,72,21.7822,23.7624
2606,303,162,71,70,23.4323,23.1023
2607,302,160,71,71,23.5099,23.5099
2608,300,160,70,70,23.3333,23.3333
2609,300,159,73,68,24.3333,22.6667
2610,300,155,76,69,25.3333,23.0000
2611,299,153,77,69,25.7525,23.0769
2612,298,151,76,71,25.5034,23.8255
2613,300,154,77,69,25.6667,23.0000
2614,298,151,76,71,25.5034,23.8255
2615,299,152,75,72,25.0836,24.0803
2616,300,147,78,75,26.0000,25.0000
2617,299,142,80,77,26.7559,25.7525
2618,300,142,79,79,26.3333,26.3333
2619,300,139,82,79,27.3333,26.3333
2620,300,134,89,77,29.6667,25.6667
2621,298,128,90,80,30.2013,26.8456
2622,298,121,99,78,33.2215,26.1745
2623,299,124,97,78,32.4415,26.0870
2624,299,126,95,78,31.7726,26.0870
2625,298,126,91,81,30.5369,27.1812
2626,299,124,90,85,30.1003,28.4281
2627,302,119,94,89,31.1258,29.4702
2628,302,113,98,91,32.4503,30.1325
2629,302,108,101,93,33.4437,30.7947
2630,301,109,99,93,32.8904,30.8970
2631,301,105,104,92,34.5515,30.5648
2632,300,103,103,94,34.3333,31.3333
2633,300,100,106,94,35.3333,31.3333
2634,300,95,108,97,36.0000,32.3333
2635,299,91,111,97,37.1237,32.4415
2636,301,92,110,99,36.5449,32.8904
2637,298,90,104,104,34.8993,34.8993
2638,298,87,105,106,35.2349,35.5705
2639,297,84,104,109,35.0168,36.7003
2640,295,81,101,113,34.2373,38.3051
2641,292,81,95,116,32.5342,39.7260
2642,291,79,90,122,30.9278,41.9244
2643,293,79,87,127,29.6928,43.3447
2644,297,82,88,127,29.6296,42.7609
2645,299,81,88,130,29.4314,43.4783
2646,303,84,86,133,28.3828,43.8944
2647,301,81,82,138,27.2425,45.8472
2648,299,82,78,139,26.0870,46.4883
2649,295,84,70,141,23.7288,47.7966
2650,296,85,70,141,23.6486,47.6351
2651,298,88,65,145,21.8121,48.6577
2652,301,92,61,148,20.2658,49.1694
2653,301,92,59,150,19.6013,49.8339
2654,299,92,56,151,18.7291,50.5017
2655,301,92,56,153,18.6047,50.8306
2656,299,88,55,156,18.3946,52.1739
2657,302,92,55,155,18.2119,51.3245
2658,301,92,53,156,17.6080,51.8272
2659,299,95,48,156,16.0535,52.1739
2660,298,97,45,156,15.1007,52.3490
2661,297,96,43,158,14.4781,53.1987
2662,301,101,39,161,12.9568,53.4884
2663,301,100,39,162,12.9568,53.8206
2664,300,99,38,163,12.6667,54.3333
2665,300,98,37,165,12.3333,55.0000
2666,300,98,37,165,12.3333,55.0000
2667,299,95,40,164,13.3779,54.8495
2668,300,97,40,163,13.3333,54.3333
2669,300,98,42,160,14.0000,53.3333
2670,300,99,42,159,14.0000,53.0000
2671,298,99,41,158,13.7584,53.0201
2672,299,100,43,156,14.3813,52.1739
2673,302,103,44,155,14.5695,51.3245
2674,301,101,44,156,14.6179,51.8272
2675,301,101,44,156,14.6179,51.8272
2676,301,102,43,156,14.2857,51.8272
2677,297,104,41,152,13.8047,51.1785
2678,297,109,39,149,13.1313,50.1684
2679,301,116,41,144,13.6213,47.8405
2680,301,116,42,143,13.9535,47.5083
2681,301,119,43,139,14.2857,46.1794
2682,301,121,43,137,14.2857,45.5150
2683,301,122,43,136,14.2857,45.1827
2684,299,125,42,132,14.0468,44.1472
2685,298,123,43,132,14.4295,44.2953
2686,300,124,47,129,15.6667,43.0000
2687,300,122,46,132,15.3333,44.0000
2688,298,126,40,132,13.4228,44.2953
2689,302,136,38,128,12.5828,42.3841
2690,302,138,36,128,11.9205,42.3841
2691,302,140,36,126,11.9205,41.7219
2692,301,141,38,122,12.6246,40.5316
2693,299,143,39,117,13.0435,39.1304
2694,304,153,37,114,12.1711,37.5000
2695,304,156,37,111,12.1711,36.5132
2696,304,152,41,111,13.4868,36.5132
2697,304,153,42,109,13.8158,35.8553
2698,304,155,41,108,13.4868,35.5263
2699,304,157,44,103,14.4737,33.8816
2700,301,156,45,100,14.9502,33.2226
2701,301,158,47,96,15.6146,31.8937
2702,301,159,48,94,15.9468,31.2292
2703,301,159,53,89,17.6080,29.5681
2704,300,164,51,85,17.0000,28.3333
2705,298,165,49,84,16.4430,28.1879
2706,301,167,50,84,16.6113,27.9070
2707,300,165,52,83,17.3333,27.6667
2708,299,164,55,80,18.3946,26.7559
2709,301,164,59,78,19.6013,25.9136
2710,300,160,64,76,21.3333,25.3333
2711,300,155,71,74,23.6667,24.6667
2712,299,151,72,76,24.0803,25.4181
2713,300,152,72,76,24.0000,25.3333
2714,298,153,73,72,24.4966,24.1611
2715,305,161,74,70,24.2623,22.9508
2716,304,158,78,68,25.6579,22.3684
2717,303,155,76,72,25.0825,23.7624
2718,303,153,79,71,26.0726,23.4323
2719,303,152,80,71,26.4026,23.4323
2720,301,149,80,72,26.5781,23.9203
2721,301,147,80,74,26.5781,24.5847
2722,301,144,82,75,27.2425,24.9169
2723,300,140,84,76,28.0000,25.3333
2724,300,130,91,79,30.3333,26.3333
2725,300,124,98,78,32.6667,26.0000
2726,300,119,104,77,34.6667,25.6667
2727,298,111,108,79,36.2416,26.5101
2728,299,111,106,82,35.4515,27.4247
2729,299,106,109,84,36.4548,28.0936
2730,300,104,109,87,36.3333,29.0000
2731,299,98,105,96,35.1171,32.1070
2732,302,98,105,99,34.7682,32.7815
2733,300,96,102,102,34.0000,34.0000
2734,300,94,104,102,34.6667,34.0000
2735,299,87,109,103,36.4548,34.4482
2736,300,82,115,103,38.3333,34.3333
2737,298,82,107,109,35.9060,36.5772
2738,302,84,105,113,34.7682,37.4172
2739,302,82,108,112,35.7616,37.0861
2740,300,82,107,111,35.6667,37.0000
2741,300,75,113,112,37.6667,37.3333
2742,298,71,114,113,38.2550,37.9195
2743,295,71,111,113,37.6271,38.3051
2744,295,68,110,117,37.2881,39.6610
2745,290,63,104,123,35.8621,42.4138
2746,286,66,99,121,34.6154,42.3077
2747,287,67,94,126,32.7526,43.9024
2748,289,69,90,130,31.1419,44.9827
2749,290,70,87,133,30.0000,45.8621
2750,289,71,84,134,29.0657,46.3668
2751,294,75,81,138,27.5510,46.9388
2752,293,74,78,141,26.6212,48.1229
2753,296,74,77,145,26.0135,48.9865
2754,301,79,74,148,24.5847,49.1694
2755,299,78,71,150,23.7458,50.1672
2756,298,78,63,157,21.1409,52.6846
2757,299,78,64,157,21.4047,52.5084
2758,301,79,67,155,22.2591,51.4950
2759,300,80,62,158,20.6667,52.6667
2760,299,77,62,160,20.7358,53.5117
2761,305,82,56,167,18.3607,54.7541
2762,304,78,54,172,17.7632,56.5789
2763,301,78,51,172,16.9435,57.1429
2764,298,78,51,169,17.1141,56.7114
2765,298,82,47,169,15.7718,56.7114
2766,300,83,46,171,15.3333,57.0000
2767,300,84,45,171,15.0000,57.0000
2768,298,83,42,173,14.0940,58.0537
2769,299,87,45,167,15.0502,55.8528
2770,299,88,44,167,14.7157,55.8528
2771,299,89,44,166,14.7157,55.5184
2772,300,93,40,167,13.3333,55.6667
2773,300,93,42,165,14.0000,55.0000
2774,299,93,42,164,14.0468,54.8495
2775,301,97,42,162,13.9535,53.8206
2776,300,98,41,161,13.6667,53.6667
2777,300,98,41,161,13.6667,53.6667
2778,299,96,40,163,13.3779,54.5151
2779,300,100,39,161,13.0000,53.6667
2780,299,105,37,157,12.3746,52.5084
2781,304,111,35,158,11.5132,51.9737
2782,304,114,34,156,11.1842,51.3158
2783,304,123,32,149,10.5263,49.0132
2784,304,124,32,148,10.5263,48.6842
2785,304,124,32,148,10.5263,48.6842
2786,303,122,33,148,10.8911,48.8449
2787,303,124,34,145,11.2211,47.8548
2788,302,123,33,146,10.9272,48.3444
2789,300,127,33,140,11.0000,46.6667
2790,300,130,32,138,10.6667,46.0000
2791,300,132,31,137,10.3333,45.6667
2792,300,134,31,135,10.3333,45.0000
2793,300,135,32,133,10.6667,44.3333
2794,299,137,29,133,9.6990,44.4816
2795,301,139,30,132,9.9668,43.8538
2796,301,141,32,128,10.6312,42.5249
2797,300,142,35,123,11.6667,41.0000
2798,300,140,37,123,12.3333,41.0000
2799,300,146,35,119,11.6667,39.6667
2800,300,148,38,114,12.6667,38.0000
2801,300,151,39,110,13.0000,36.6667
2802,300,152,39,109,13.0000,36.3333
2803,300,152,44,104,14.6667,34.6667
2804,300,154,43,103,14.3333,34.3333
2805,300,154,46,100,15.3333,33.3333
2806,299,155,43,101,14.3813,33.7793
2807,300,155,46,99,15.3333,33.0000
2808,300,161,48,91,16.0000,30.3333
2809,299,159,50,90,16.7224,30.1003
2810,300,159,50,91,16.6667,30.3333
2811,300,159,55,86,18.3333,28.6667
2812,300,157,59,84,19.6667,28.0000
2813,300,159,63,78,21.0000,26.0000
2814,300,161,64,75,21.3333,25.0000
2815,300,155,70,75,23.3333,25.0000
2816,299,156,65,78,21.7391,26.0870
2817,299,152,70,77,23.4114,25.7525
2818,302,154,69,79,22.8477,26.1589
2819,302,149,74,79,24.5033,26.1589
2820,302,147,78,77,25.8278,25.4967
2821,301,145,76,80,25.2492,26.5781
2822,301,139,82,80,27.2425,26.5781
2823,301,133,86,82,28.5714,27.2425
2824,298,131,87,80,29.1946,26.8456
2825,301,132,89,80,29.5681,26.5781
2826,299,129,90,80,30.1003,26.7559
2827,300,125,92,83,30.6667,27.6667
2828,298,124,92,82,30.8725,27.5168
2829,297,121,95,81,31.9865,27.2727
2830,296,121,95,80,32.0946,27.0270
2831,297,117,98,82,32.9966,27.6094
2832,298,115,100,83,33.5570,27.8523
2833,300,116,98,86,32.6667,28.6667
2834,299,109,105,85,35.1171,28.4281
2835,298,108,104,86,34.8993,28.8591
2836,298,110,102,86,34.2282,28.8591
2837,302,112,103,87,34.1060,28.8079
2838,302,103,109,90,36.0927,29.8013
2839,300,99,108,93,36.0000,31.0000
2840,298,92,111,95,37.2483,31.8792
2841,298,89,110,99,36.9128,33.2215
2842,299,95,103,101,34.4482,33.7793
2843,299,92,104,103,34.7826,34.4482
2844,303,95,102,106,33.6634,34.9835
2845,301,92,99,110,32.8904,36.5449
2846,300,90,100,110,33.3333,36.6667
2847,299,88,98,113,32.7759,37.7926
2848,303,88,99,116,32.6733,38.2838
2849,302,83,101,118,33.4437,39.0728
2850,301,83,98,120,32.5581,39.8671
2851,299,80,95,124,31.7726,41.4716
2852,298,76,94,128,31.5436,42.9530
2853,295,72,93,130,31.5254,44.0678
2854,300,76,93,131,31.0000,43.6667
2855,300,74,86,140,28.6667,46.6667
2856,299,75,84,140,28.0936,46.8227
2857,302,76,84,142,27.8146,47.0199
2858,300,77,80,143,26.6667,47.6667
2859,295,73,78,144,26.4407,48.8136
2860,293,70,74,149,25.2560,50.8532
2861,295,70,75,150,25.4237,50.8475
2862,296,72,73,151,24.6622,51.0135
2863,298,72,73,153,24.4966,51.3423
2864,299,74,70,155,23.4114,51.8395
2865,301,76,68,157,22.5914,52.1595
2866,300,74,69,157,23.0000,52.3333
2867,298,72,66,160,22.1477,53.6913
2868,299,78,62,159,20.7358,53.1773
2869,300,79,62,159,20.6667,53.0000
2870,299,81,60,158,20.0669,52.8428
2871,299,81,60,158,20.0669,52.8428
2872,298,83,54,161,18.1208,54.0268
2873,297,84,52,161,17.5084,54.2088
2874,302,89,51,162,16.8874,53.6424
2875,302,87,52,163,17.2185,53.9735
2876,301,86,53,162,17.6080,53.8206
2877,300,82,56,162,18.6667,54.0000
2878,300,84,53,163,17.6667,54.3333
2879,299,85,48,166,16.0535,55.5184
2880,300,86,47,167,15.6667,55.6667
2881,300,86,45,169,15.0000,56.3333
2882,300,85,43,172,14.3333,57.3333
2883,299,88,41,170,13.7124,56.8562
2884,299,88,43,168,14.3813,56.1873
2885,303,98,43,162,14.1914,53.4653
2886,302,97,42,163,13.9073,53.9735
2887,302,98,42,162,13.9073,53.6424
2888,302,100,39,163,12.9139,53.9735
2889,301,104,36,161,11.9601,53.4884
2890,301,105,39,157,12.9568,52.1595
2891,301,108,36,157,11.9601,52.1595
2892,301,109,37,155,12.2924,51.4950
2893,301,114,34,153,11.2957,50.8306
2894,301,117,33,151,10.9635,50.1661
2895,301,118,33,150,10.9635,49.8339
2896,300,121,31,148,10.3333,49.3333
2897,299,123,30,146,10.0334,48.8294
2898,301,124,31,146,10.2990,48.5050
2899,301,128,30,143,9.9668,47.5083
2900,301,129,32,140,10.6312,46.5116
2901,301,129,34,138,11.2957,45.8472
2902,300,129,36,135,12.0000,45.0000
2903,300,136,34,130,11.3333,43.3333
2904,299,136,35,128,11.7057,42.8094
2905,304,140,37,127,12.1711,41.7763
2906,304,143,36,125,11.8421,41.1184
2907,302,150,35,117,11.5894,38.7417
2908,302,150,36,116,11.9205,38.4106
2909,302,149,40,113,13.2450,37.4172
2910,302,154,39,109,12.9139,36.0927
2911,302,155,39,108,12.9139,35.7616
2912,301,159,39,103,12.9568,34.2193
2913,301,154,45,102,14.9502,33.8870
2914,301,155,46,100,15.2824,33.2226
2915,300,154,48,98,16.0000,32.6667
2916,300,151,52,97,17.3333,32.3333
2917,300,150,52,98,17.3333,32.6667
2918,300,152,51,97,17.0000,32.3333
2919,298,154,50,94,16.7785,31.5436
2920,299,156,49,94,16.3880,31.4381
2921,302,156,52,94,17.2185,31.1258
2922,301,156,52,93,17.2757,30.8970
2923,301,155,53,93,17.6080,30.8970
2924,301,156,56,89,18.6047,29.5681
2925,300,157,53,90,17.6667,30.0000
2926,300,153,57,90,19.0000,30.0000
2927,300,151,61,88,20.3333,29.3333
2928,300,146,66,88,22.0000,29.3333
2929,300,143,67,90,22.3333,30.0000
2930,299,141,69,89,23.0769,29.7659
2931,304,146,73,85,24.0132,27.9605
2932,304,140,81,83,26.6447,27.3026
2933,304,133,88,83,28.9474,27.3026
2934,302,132,88,82,29.1391,27.1523
2935,302,128,90,84,29.8013,27.8146
2936,300,123,91,86,30.3333,28.6667
2937,300,116,94,90,31.3333,30.0000
2938,300,108,102,90,34.0000,30.0000
2939,300,106,104,90,34.6667,30.0000
2940,299,107,106,86,35.4515,28.7625
2941,300,108,106,86,35.3333,28.6667
2942,299,105,106,88,35.4515,29.4314
2943,299,101,110,88,36.7893,29.4314
2944,300,102,110,88,36.6667,29.3333
2945,300,101,111,88,37.0000,29.3333
2946,299,99,109,91,36.4548,30.4348
2947,300,98,111,91,37.0000,30.3333
2948,299,94,109,96,36.4548,32.1070
2949,299,90,115,94,38.4615,31.4381
2950,301,92,114,95,37.8738,31.5615
2951,299,90,111,98,37.1237,32.7759
2952,302,87,110,105,36.4238,34.7682
2953,300,86,107,107,35.6667,35.6667
2954,298,83,99,116,33.2215,38.9262
2955,299,83,99,117,33.1104,39.1304
2956,300,80,98,122,32.6667,40.6667
2957,297,75,100,122,33.6700,41.0774
2958,298,78,95,125,31.8792,41.9463
2959,297,73,93,131,31.3131,44.1077
2960,298,71,96,131,32.2148,43.9597
2961,298,72,91,135,30.5369,45.3020
2962,299,68,97,134,32.4415,44.8161
2963,298,67,93,138,31.2081,46.3087
2964,298,65,93,140,31.2081,46.9799
2965,301,65,94,142,31.2292,47.1761
2966,299,63,93,143,31.1037,47.8261
2967,303,64,92,147,30.3630,48.5149
2968,301,62,91,148,30.2326,49.1694
2969,299,64,87,148,29.0970,49.4983
2970,300,64,79,157,26.3333,52.3333
2971,300,63,81,156,27.0000,52.0000
2972,300,64,76,160,25.3333,53.3333
2973,300,65,71,164,23.6667,54.6667
2974,300,64,72,164,24.0000,54.6667
2975,300,63,72,165,24.0000,55.0000
2976,297,62,66,169,22.2222,56.9024
2977,296,67,57,172,19.2568,58.1081
2978,299,72,56,171,18.7291,57.1906
2979,300,74,50,176,16.6667,58.6667
2980,300,74,46,180,15.3333,60.0000
2981,299,76,44,179,14.7157,59.8662
2982,301,80,40,181,13.2890,60.1329
2983,299,82,35,182,11.7057,60.8696
2984,299,80,35,184,11.7057,61.5385
2985,300,83,31,186,10.3333,62.0000
2986,299,85,28,186,9.3645,62.2074
2987,306,96,27,183,8.8235,59.8039
2988,304,97,25,182,8.2237,59.8684
2989,302,99,24,179,7.9470,59.2715
2990,301,99,24,178,7.9734,59.1362
2991,299,99,23,177,7.6923,59.1973
2992,301,101,22,178,7.3090,59.1362
2993,300,102,22,176,7.3333,58.6667
2994,298,103,20,175,6.7114,58.7248
2995,303,109,21,173,6.9307,57.0957
2996,303,107,22,174,7.2607,57.4257
2997,303,110,22,171,7.2607,56.4356
2998,303,114,23,166,7.5908,54.7855
2999,303,115,23,165,7.5908,54.4554
3000,302,122,22,158,7.2848,52.3179
3001,301,122,22,157,7.3090,52.1595
3002,301,126,22,153,7.3090,50.8306
3003,301,130,21,150,6.9767,49.8339
3004,301,137,22,142,7.3090,47.1761
3005,301,139,21,141,6.9767,46.8439
3006,301,147,21,133,6.9767,44.1860
3007,300,149,21,130,7.0000,43.3333
3008,300,154,23,123,7.6667,41.0000
3009,299,155,20,124,6.6890,41.4716
3010,301,159,22,120,7.3090,39.8671
3011,300,165,20,115,6.6667,38.3333
3012,299,165,20,114,6.6890,38.1271
3013,301,170,21,110,6.9767,36.5449
3014,301,168,23,110,7.6412,36.5449
3015,300,169,24,107,8.0000,35.6667
3016,300,169,24,107,8.0000,35.6667
3017,299,169,26,104,8.6957,34.7826
3018,300,172,26,102,8.6667,34.0000
3019,300,173,28,99,9.3333,33.0000
3020,299,174,28,97,9.3645,32.4415
3021,302,178,31,93,10.2649,30.7947
3022,302,185,33,84,10.9272,27.8146
3023,302,182,36,84,11.9205,27.8146
3024,302,188,37,77,12.2517,25.4967
3025,302,190,38,74,12.5828,24.5033
3026,302,188,41,73,13.5762,24.1722
3027,302,186,45,71,14.9007,23.5099
3028,302,187,46,69,15.2318,22.8477
3029,302,187,52,63,17.2185,20.8609
3030,302,185,55,62,18.2119,20.5298
3031,302,185,59,58,19.5364,19.2053
3032,302,189,59,54,19.5364,17.8808
3033,302,184,64,54,21.1921,17.8808
3034,302,184,66,52,21.8543,17.2185
3035,301,183,67,51,22.2591,16.9435
3036,301,180,70,51,23.2558,16.9435
3037,301,181,72,48,23.9203,15.9468
3038,300,176,77,47,25.6667,15.6667
3039,300,172,80,48,26.6667,16.0000
3040,300,169,83,48,27.6667,16.0000
3041,299,164,86,49,28.7625,16.3880
3042,301,162,90,49,29.9003,16.2791
3043,301,158,94,49,31.2292,16.2791
3044,301,150,100,51,33.2226,16.9435
3045,301,145,101,55,33.5548,18.2724
3046,301,143,102,56,33.8870,18.6047
3047,297,136,104,57,35.0168,19.1919
3048,297,131,109,57,36.7003,19.1919
3049,299,123,115,61,38.4615,20.4013
3050,302,118,119,65,39.4040,21.5232
3051,302,112,120,70,39.7351,23.1788
3052,302,102,128,72,42.3841,23.8411
3053,302,95,131,76,43.3775,25.1656
3054,301,87,134,80,44.5183,26.5781
3055,301,84,133,84,44.1860,27.9070
3056,300,79,133,88,44.3333,29.3333
3057,300,76,133,91,44.3333,30.3333
3058,299,70,135,94,45.1505,31.4381
3059,297,66,133,98,44.7811,32.9966
3060,299,64,134,101,44.8161,33.7793
3061,303,67,134,102,44.2244,33.6634
3062,302,66,126,110,41.7219,36.4238
3063,300,65,122,113,40.6667,37.6667
3064,298,61,118,119,39.5973,39.9329
3065,298,60,116,122,38.9262,40.9396
3066,301,61,115,125,38.2060,41.5282
3067,299,59,113,127,37.7926,42.4749
3068,299,63,106,130,35.4515,43.4783
3069,298,64,99,135,33.2215,45.3020
3070,296,64,91,141,30.7432,47.6351
3071,297,64,87,146,29.2929,49.1582
3072,297,61,82,154,27.6094,51.8519
3073,297,62,76,159,25.5892,53.5354
3074,298,63,71,164,23.8255,55.0336
3075,296,63,66,167,22.2973,56.4189
3076,298,65,61,172,20.4698,57.7181
3077,299,65,60,174,20.0669,58.1940
3078,301,63,60,178,19.9336,59.1362
3079,301,61,54,186,17.9402,61.7940
3080,300,63,51,186,17.0000,62.0000
3081,299,64,48,187,16.0535,62.5418
3082,300,65,45,190,15.0000,63.3333
3083,300,64,47,189,15.6667,63.0000
3084,299,64,45,190,15.0502,63.5452
3085,299,65,43,191,14.3813,63.8796
3086,301,69,39,193,12.9568,64.1196
3087,299,69,36,194,12.0401,64.8829
3088,302,72,36,194,11.9205,64.2384
3089,301,73,36,192,11.9601,63.7874
3090,301,75,35,191,11.6279,63.4551
3091,300,75,35,190,11.6667,63.3333
3092,300,75,33,192,11.0000,64.0000
3093,299,77,29,193,9.6990,64.5485
3094,300,80,28,192,9.3333,64.0000
3095,299,80,28,191,9.3645,63.8796
3096,300,84,27,189,9.0000,63.0000
3097,300,88,23,189,7.6667,63.0000
3098,298,90,18,190,6.0403,63.7584
3099,303,98,16,189,5.2805,62.3762
3100,303,99,16,188,5.2805,62.0462
3101,303,102,17,184,5.6106,60.7261
3102,303,105,17,181,5.6106,59.7360
3103,302,110,16,176,5.2980,58.2781
3104,302,110,17,175,5.6291,57.9470
3105,302,114,16,172,5.2980,56.9536
3106,302,118,15,169,4.9669,55.9603
3107,301,122,15,164,4.9834,54.4850
3108,300,126,13,161,4.3333,53.6667
3109,299,129,13,157,4.3478,52.5084
3110,305,139,13,153,4.2623,50.1639
3111,305,143,12,150,3.9344,49.1803
3112,305,145,12,148,3.9344,48.5246
3113,305,147,12,146,3.9344,47.8689
3114,305,155,12,138,3.9344,45.2459
3115,305,158,14,133,4.5902,43.6066
3116,304,162,15,127,4.9342,41.7763
3117,304,165,15,124,4.9342,40.7895
3118,304,169,15,120,4.9342,39.4737
3119,304,173,15,116,4.9342,38.1579
3120,303,177,15,111,4.9505,36.6337
3121,302,182,14,106,4.6358,35.0993
3122,301,188,13,100,4.3189,33.2226
3123,301,194,13,94,4.3189,31.2292
3124,299,200,12,87,4.0134,29.0970
3125,303,208,13,82,4.2904,27.0627
3126,303,210,17,76,5.6106,25.0825
3127,303,213,17,73,5.6106,24.0924
3128,303,217,17,69,5.6106,22.7723
3129,303,218,19,66,6.2706,21.7822
3130,303,220,21,62,6.9307,20.4620
3131,303,225,24,54,7.9208,17.8218
3132,302,225,25,52,8.2781,17.2185
3133,302,225,26,51,8.6093,16.8874
3134,302,221,33,48,10.9272,15.8940
3135,302,218,36,48,11.9205,15.8940
3136,302,216,38,48,12.5828,15.8940
3137,301,215,41,45,13.6213,14.9502
3138,301,213,47,41,15.6146,13.6213
3139,301,211,52,38,17.2757,12.6246
3140,301,208,56,37,18.6047,12.2924
3141,301,205,59,37,19.6013,12.2924
3142,301,201,64,36,21.2625,11.9601
3143,301,196,70,35,23.2558,11.6279
3144,301,189,79,33,26.2458,10.9635
3145,300,184,86,30,28.6667,10.0000
3146,300,176,90,34,30.0000,11.3333
3147,300,167,98,35,32.6667,11.6667
3148,300,161,104,35,34.6667,11.6667
3149,300,156,113,31,37.6667,10.3333
3150,300,146,122,32,40.6667,10.6667
3151,298,141,124,33,41.6107,11.0738
3152,300,135,130,35,43.3333,11.6667
3153,300,127,137,36,45.6667,12.0000
3154,298,118,143,37,47.9866,12.4161
3155,296,114,143,39,48.3108,13.1757
3156,295,106,149,40,50.5085,13.5593
3157,295,102,149,44,50.5085,14.9153
3158,297,95,157,45,52.8620,15.1515
3159,299,89,160,50,53.5117,16.7224
3160,298,89,155,54,52.0134,18.1208
3161,298,83,158,57,53.0201,19.1275
3162,299,81,156,62,52.1739,20.7358
3163,300,76,161,63,53.6667,21.0000
3164,299,77,150,72,50.1672,24.0803
3165,298,72,150,76,50.3356,25.5034
3166,297,65,150,82,50.5051,27.6094
3167,301,68,142,91,47.1761,30.2326
3168,299,65,139,95,46.4883,31.7726
3169,297,57,140,100,47.1380,33.6700
3170,293,53,132,108,45.0512,36.8601
3171,291,53,125,113,42.9553,38.8316
3172,293,55,119,119,40.6143,40.6143
3173,293,54,111,128,37.8840,43.6860
3174,293,54,106,133,36.1775,45.3925
3175,291,51,101,139,34.7079,47.7663
3176,294,55,94,145,31.9728,49.3197
3177,294,54,88,152,29.9320,51.7007
3178,298,56,85,157,28.5235,52.6846
3179,297,56,74,167,24.9158,56.2290
3180,298,57,74,167,24.8322,56.0403
3181,299,59,70,170,23.4114,56.8562
3182,298,60,66,172,22.1477,57.7181
3183,300,64,57,179,19.0000,59.6667
3184,300,64,56,180,18.6667,60.0000
3185,299,64,53,182,17.7258,60.8696
3186,298,63,48,187,16.1074,62.7517
3187,300,67,44,189,14.6667,63.0000
3188,300,66,42,192,14.0000,64.0000
3189,300,65,40,195,13.3333,65.0000
3190,297,65,33,199,11.1111,67.0034
3191,299,66,31,202,10.3679,67.5585
3192,298,66,30,202,10.0671,67.7852
3193,302,69,30,203,9.9338,67.2185
3194,302,68,30,204,9.9338,67.5497
3195,301,67,26,208,8.6379,69.1030
3196,301,67,25,209,8.3056,69.4352
3197,301,67,24,210,7.9734,69.7674
3198,301,70,23,208,7.6412,69.1030
3199,301,71,20,210,6.6445,69.7674
3200,299,71,19,209,6.3545,69.8997
3201,302,75,18,209,5.9603,69.2053
3202,302,79,17,206,5.6291,68.2119
3203,302,80,18,204,5.9603,67.5497
3204,302,83,18,201,5.9603,66.5563
3205,301,84,17,200,5.6478,66.4452
3206,300,85,17,198,5.6667,66.0000
3207,300,87,16,197,5.3333,65.6667
3208,299,89,13,197,4.3478,65.8863
3209,300,95,13,192,4.3333,64.0000
3210,300,96,13,191,4.3333,63.6667
3211,300,99,15,186,5.0000,62.0000
3212,299,103,15,181,5.0167,60.5351
3213,301,110,12,179,3.9867,59.4684
3214,301,114,13,174,4.3189,57.8073
3215,300,113,15,172,5.0000,57.3333
3216,299,122,14,163,4.6823,54.5151
3217,304,130,16,158,5.2632,51.9737
3218,304,134,17,153,5.5921,50.3289
3219,304,142,18,144,5.9211,47.3684
3220,304,143,20,141,6.5789,46.3816
3221,304,147,21,136,6.9079,44.7368
3222,304,154,22,128,7.2368,42.1053
3223,304,157,24,123,7.8947,40.4605
3224,304,160,26,118,8.5526,38.8158
3225,304,168,27,109,8.8816,35.8553
3226,303,170,29,104,9.5710,34.3234
3227,303,174,30,99,9.9010,32.6733
3228,303,178,33,92,10.8911,30.3630
3229,303,183,35,85,11.5512,28.0528
3230,303,186,36,81,11.8812,26.7327
3231,303,192,38,73,12.5413,24.0924
3232,303,190,40,73,13.2013,24.0924
3233,303,190,44,69,14.5215,22.7723
3234,303,192,44,67,14.5215,22.1122
3235,302,195,46,61,15.2318,20.1987
3236,302,193,47,62,15.5629,20.5298
3237,302,191,52,59,17.2185,19.5364
3238,301,189,56,56,18.6047,18.6047
3239,301,187,59,55,19.6013,18.2724
3240,301,182,68,51,22.5914,16.9435
3241,300,184,66,50,22.0000,16.6667
3242,300,185,68,47,22.6667,15.6667
3243,300,178,78,44,26.0000,14.6667
3244,300,169,85,46,28.3333,15.3333
3245,299,160,92,47,30.7692,15.7191
3246,302,156,99,47,32.7815,15.5629
3247,299,152,103,44,34.4482,14.7157
3248,301,147,111,43,36.8771,14.2857
3249,300,141,115,44,38.3333,14.6667
3250,299,135,120,44,40.1338,14.7157
3251,298,128,129,41,43.2886,13.7584
3252,297,117,136,44,45.7912,14.8148
3253,297,111,139,47,46.8013,15.8249
3254,298,104,146,48,48.9933,16.1074
3255,299,103,145,51,48.4950,17.0569
3256,301,100,148,53,49.1694,17.6080
3257,301,96,150,55,49.8339,18.2724
3258,300,85,155,60,51.6667,20.0000
3259,297,80,155,62,52.1886,20.8754
3260,295,81,148,66,50.1695,22.3729
3261,294,71,154,69,52.3810,23.4694
3262,293,64,160,69,54.6075,23.5495
3263,292,60,160,72,54.7945,24.6575
3264,288,55,156,77,54.1667,26.7361
3265,288,55,151,82,52.4306,28.4722
3266,289,53,144,92,49.8270,31.8339
3267,286,51,139,96,48.6014,33.5664
3268,289,55,133,101,46.0208,34.9481
3269,286,51,129,106,45.1049,37.0629
3270,285,46,128,111,44.9123,38.9474
3271,285,43,124,118,43.5088,41.4035
3272,285,41,120,124,42.1053,43.5088
3273,284,37,117,130,41.1972,45.7746
3274,284,32,115,137,40.4930,48.2394
3275,283,33,109,141,38.5159,49.8233
3276,285,36,105,144,36.8421,50.5263
3277,287,38,102,147,35.5401,51.2195
3278,286,38,93,155,32.5175,54.1958
3279,283,40,85,158,30.0353,55.8304
3280,284,38,86,160,30.2817,56.3380
3281,284,38,82,164,28.8732,57.7465
3282,283,37,74,172,26.1484,60.7774
3283,285,41,67,177,23.5088,62.1053
3284,286,42,62,182,21.6783,63.6364
3285,285,41,59,185,20.7018,64.9123
3286,284,43,54,187,19.0141,65.8451
3287,283,46,48,189,16.9611,66.7845
3288,285,48,48,189,16.8421,66.3158
3289,286,46,50,190,17.4825,66.4336
3290,288,51,44,193,15.2778,67.0139
3291,291,54,40,197,13.7457,67.6976
3292,294,59,35,200,11.9048,68.0272
3293,292,60,33,199,11.3014,68.1507
3294,290,60,27,203,9.3103,70.0000
3295,290,59,25,206,8.6207,71.0345
3296,292,64,25,203,8.5616,69.5205
3297,294,68,25,201,8.5034,68.3673
3298,298,72,25,201,8.3893,67.4497
3299,300,74,25,201,8.3333,67.0000
3300,299,73,25,201,8.3612,67.2241
3301,300,76,24,200,8.0000,66.6667
3302,299,76,25,198,8.3612,66.2207
3303,301,78,23,200,7.6412,66.4452
3304,301,80,23,198,7.6412,65.7807
3305,301,83,22,196,7.3090,65.1163
3306,301,84,23,194,7.6412,64.4518
3307,301,86,24,191,7.9734,63.4551
3308,299,88,22,189,7.3579,63.2107
3309,307,98,21,188,6.8404,61.2378
3310,307,100,22,185,7.1661,60.2606
3311,307,103,21,183,6.8404,59.6091
3312,307,108,21,178,6.8404,57.9805
3313,306,110,20,176,6.5359,57.5163
3314,306,110,21,175,6.8627,57.1895
3315,305,113,18,174,5.9016,57.0492
3316,305,116,20,169,6.5574,55.4098
3317,305,122,21,162,6.8852,53.1148
3318,304,131,21,152,6.9079,50.0000
3319,303,135,20,148,6.6007,48.8449
3320,302,141,17,144,5.6291,47.6821
3321,302,146,16,140,5.2980,46.3576
3322,301,150,17,134,5.6478,44.5183
3323,300,156,17,127,5.6667,42.3333
3324,300,162,17,121,5.6667,40.3333
3325,300,167,18,115,6.0000,38.3333
3326,299,172,19,108,6.3545,36.1204
3327,302,179,19,104,6.2914,34.4371
3328,302,182,19,101,6.2914,33.4437
3329,302,182,22,98,7.2848,32.4503
3330,302,186,25,91,8.2781,30.1325
3331,301,188,24,89,7.9734,29.5681
3332,301,187,27,87,8.9701,28.9037
3333,301,189,27,85,8.9701,28.2392
3334,301,196,29,76,9.6346,25.2492
3335,300,199,32,69,10.6667,23.0000
3336,300,203,33,64,11.0000,21.3333
3337,299,203,34,62,11.3712,20.7358
3338,303,208,36,59,11.8812,19.4719
3339,303,207,39,57,12.8713,18.8119
3340,303,205,43,55,14.1914,18.1518
3341,303,196,53,54,17.4917,17.8218
3342,303,195,57,51,18.8119,16.8317
3343,303,197,61,45,20.1320,14.8515
3344,303,196,65,42,21.4521,13.8614
3345,303,189,71,43,23.4323,14.1914
3346,303,188,77,38,25.4125,12.5413
3347,303,182,84,37,27.7228,12.2112
3348,303,178,87,38,28.7129,12.5413
3349,303,173,90,40,29.7030,13.2013
3350,302,171,91,40,30.1325,13.2450
3351,302,167,93,42,30.7947,13.9073
3352,302,162,95,45,31.4570,14.9007
3353,302,156,100,46,33.1126,15.2318
3354,302,149,104,49,34.4371,16.2252
3355,301,147,106,48,35.2159,15.9468
3356,299,144,107,48,35.7860,16.0535
3357,301,143,109,49,36.2126,16.2791
3358,301,140,109,52,36.2126,17.2757
3359,300,133,113,54,37.6667,18.0000
3360,299,125,117,57,39.1304,19.0635
3361,299,122,115,62,38.4615,20.7358
3362,299,124,111,64,37.1237,21.4047
3363,301,126,109,66,36.2126,21.9269
3364,301,123,109,69,36.2126,22.9236
3365,298,120,104,74,34.8993,24.8322
3366,300,116,104,80,34.6667,26.6667
3367,300,114,101,85,33.6667,28.3333
3368,298,108,100,90,33.5570,30.2013
3369,302,105,104,93,34.4371,30.7947
3370,302,99,105,98,34.7682,32.4503
3371,300,97,103,100,34.3333,33.3333
3372,300,95,103,102,34.3333,34.0000
3373,299,91,102,106,34.1137,35.4515
3374,296,90,96,110,32.4324,37.1622
3375,296,89,93,114,31.4189,38.5135
3376,295,90,91,114,30.8475,38.6441
3377,294,89,89,116,30.2721,39.4558
3378,297,86,92,119,30.9764,40.0673
3379,295,82,91,122,30.8475,41.3559
3380,295,80,87,128,29.4915,43.3898
3381,295,80,81,134,27.4576,45.4237
3382,297,79,82,136,27.6094,45.7912
3383,299,81,83,135,27.7592,45.1505
3384,302,83,80,139,26.4901,46.0265
3385,300,82,80,138,26.6667,46.0000
3386,298,77,79,142,26.5101,47.6510
3387,303,82,74,147,24.4224,48.5149
3388,303,82,69,152,22.7723,50.1650
3389,301,81,63,157,20.9302,52.1595
3390,298,77,63,158,21.1409,53.0201
3391,301,78,63,160,20.9302,53.1561
3392,300,74,62,164,20.6667,54.6667
3393,300,73,58,169,19.3333,56.3333
3394,300,75,57,168,19.0000,56.0000
3395,299,74,54,171,18.0602,57.1906
3396,300,76,52,172,17.3333,57.3333
3397,300,77,51,172,17.0000,57.3333
3398,298,76,46,176,15.4362,59.0604
3399,299,79,43,177,14.3813,59.1973
3400,303,83,39,181,12.8713,59.7360
3401,302,84,38,180,12.5828,59.6026
3402,302,85,34,183,11.2583,60.5960
3403,301,87,33,181,10.9635,60.1329
3404,301,91,31,179,10.2990,59.4684
3405,300,93,30,177,10.0000,59.0000
3406,300,94,26,180,8.6667,60.0000
3407,299,95,24,180,8.0268,60.2007
3408,301,95,27,179,8.9701,59.4684
3409,300,94,27,179,9.0000,59.6667
3410,300,96,27,177,9.0000,59.0000
3411,299,94,26,179,8.6957,59.8662
3412,299,97,24,178,8.0268,59.5318
3413,302,105,22,175,7.2848,57.9470
3414,302,108,23,171,7.6159,56.6225
3415,301,111,23,167,7.6412,55.4817
3416,301,113,25,163,8.3056,54.1528
3417,300,119,24,157,8.0000,52.3333
3418,300,125,23,152,7.6667,50.6667
3419,300,131,24,145,8.0000,48.3333
3420,299,136,22,141,7.3579,47.1572
3421,304,141,25,138,8.2237,45.3947
3422,304,145,25,134,8.2237,44.0789
3423,304,147,25,132,8.2237,43.4211
3424,304,151,24,129,7.8947,42.4342
3425,304,153,27,124,8.8816,40.7895
3426,304,157,27,120,8.8816,39.4737
3427,303,156,30,117,9.9010,38.6139
3428,303,155,30,118,9.9010,38.9439
3429,302,157,28,117,9.2715,38.7417
3430,302,160,26,116,8.6093,38.4106
3431,302,161,25,116,8.2781,38.4106
3432,300,167,23,110,7.6667,36.6667
3433,300,171,25,104,8.3333,34.6667
3434,300,171,27,102,9.0000,34.0000
3435,299,171,26,102,8.6957,34.1137
3436,302,176,28,98,9.2715,32.4503
3437,302,176,27,99,8.9404,32.7815
3438,302,179,28,95,9.2715,31.4570
3439,302,183,29,90,9.6026,29.8013
3440,302,188,29,85,9.6026,28.1457
3441,302,189,34,79,11.2583,26.1589
3442,302,189,31,82,10.2649,27.1523
3443,302,192,31,79,10.2649,26.1589
3444,302,196,31,75,10.2649,24.8344
3445,302,198,33,71,10.9272,23.5099
3446,302,196,34,72,11.2583,23.8411
3447,302,196,36,70,11.9205,23.1788
3448,300,194,35,71,11.6667,23.6667
3449,299,196,34,69,11.3712,23.0769
3450,302,198,39,65,12.9139,21.5232
3451,302,192,47,63,15.5629,20.8609
3452,302,190,53,59,17.5497,19.5364
3453,301,186,56,59,18.6047,19.6013
3454,301,183,60,58,19.9336,19.2691
3455,301,176,66,59,21.9269,19.6013
3456,301,176,67,58,22.2591,19.2691
3457,300,168,73,59,24.3333,19.6667
3458,299,169,77,53,25.7525,17.7258
3459,299,167,80,52,26.7559,17.3913
3460,302,165,85,52,28.1457,17.2185
3461,300,161,87,52,29.0000,17.3333
3462,300,158,88,54,29.3333,18.0000
3463,300,157,93,50,31.0000,16.6667
3464,300,150,102,48,34.0000,16.0000
3465,300,145,109,46,36.3333,15.3333
3466,298,136,114,48,38.2550,16.1074
3467,299,126,125,48,41.8060,16.0535
3468,300,122,124,54,41.3333,18.0000
3469,300,119,127,54,42.3333,18.0000
3470,299,112,133,54,44.4816,18.0602
3471,300,107,133,60,44.3333,20.0000
3472,299,98,137,64,45.8194,21.4047
3473,299,94,132,73,44.1472,24.4147
3474,298,94,130,74,43.6242,24.8322
3475,297,91,127,79,42.7609,26.5993
3476,298,88,126,84,42.2819,28.1879
3477,300,87,125,88,41.6667,29.3333
3478,298,83,124,91,41.6107,30.5369
3479,295,80,121,94,41.0169,31.8644
3480,294,78,122,94,41.4966,31.9728
3481,293,76,120,97,40.9556,33.1058
3482,293,75,119,99,40.6143,33.7884
3483,292,72,121,99,41.4384,33.9041
3484,293,71,119,103,40.6143,35.1536
3485,293,70,114,109,38.9078,37.2014
3486,294,72,108,114,36.7347,38.7755
3487,292,71,101,120,34.5890,41.0959
3488,289,67,96,126,33.2180,43.5986
3489,288,69,93,126,32.2917,43.7500
3490,287,64,93,130,32.4042,45.2962
3491,285,64,83,138,29.1228,48.4211
3492,284,62,81,141,28.5211,49.6479
3493,282,59,78,145,27.6596,51.4184
3494,283,62,77,144,27.2085,50.8834
3495,281,61,75,145,26.6904,51.6014
3496,283,61,72,150,25.4417,53.0035
3497,284,64,70,150,24.6479,52.8169
3498,284,67,66,151,23.2394,53.1690
3499,284,69,62,153,21.8310,53.8732
3500,285,72,62,151,21.7544,52.9825
3501,288,71,60,157,20.8333,54.5139
3502,289,66,63,160,21.7993,55.3633
3503,293,68,60,165,20.4778,56.3140
3504,297,73,59,165,19.8653,55.5556
3505,296,76,52,168,17.5676,56.7568
3506,297,79,52,166,17.5084,55.8923
3507,298,83,48,167,16.1074,56.0403
3508,300,86,45,169,15.0000,56.3333
3509,300,86,45,169,15.0000,56.3333
3510,299,84,44,171,14.7157,57.1906
3511,303,84,44,175,14.5215,57.7558
3512,303,83,43,177,14.1914,58.4158
3513,302,85,37,180,12.2517,59.6026
3514,302,87,38,177,12.5828,58.6093
3515,302,86,37,179,12.2517,59.2715
3516,302,84,36,182,11.9205,60.2649
3517,302,82,38,182,12.5828,60.2649
3518,302,84,36,182,11.9205,60.2649
3519,302,82,38,182,12.5828,60.2649
3520,302,86,38,178,12.5828,58.9404
3521,301,85,38,178,12.6246,59.1362
3522,299,86,31,182,10.3679,60.8696
3523,299,94,26,179,8.6957,59.8662
3524,302,99,27,176,8.9404,58.2781
3525,302,105,30,167,9.9338,55.2980
3526,301,106,30,165,9.9668,54.8173
3527,301,110,30,161,9.9668,53.4884
3528,301,115,31,155,10.2990,51.4950
3529,301,119,30,152,9.9668,50.4983
3530,301,122,27,152,8.9701,50.4983
3531,301,126,26,149,8.6379,49.5017
3532,299,126,24,149,8.0268,49.8328
3533,303,133,25,145,8.2508,47.8548
3534,302,136,25,141,8.2781,46.6887
3535,302,137,27,138,8.9404,45.6954
3536,301,142,24,135,7.9734,44.8505
3537,301,148,24,129,7.9734,42.8571
3538,301,153,22,126,7.3090,41.8605
3539,301,157,23,121,7.6412,40.1993
3540,301,162,22,117,7.3090,38.8704
3541,301,164,21,116,6.9767,38.5382
3542,301,166,23,112,7.6412,37.2093
3543,301,173,24,104,7.9734,34.5515
3544,301,177,23,101,7.6412,33.5548
3545,300,180,20,100,6.6667,33.3333
3546,299,182,19,98,6.3545,32.7759
3547,304,187,18,99,5.9211,32.5658
3548,304,190,19,95,6.2500,31.2500
3549,304,191,19,94,6.2500,30.9211
3550,304,189,24,91,7.8947,29.9342
3551,304,187,29,88,9.5395,28.9474
3552,304,188,27,89,8.8816,29.2763
3553,304,193,28,83,9.2105,27.3026
3554,303,195,27,81,8.9109,26.7327
3555,303,201,25,77,8.2508,25.4125
3556,303,198,29,76,9.5710,25.0825
3557,303,198,33,72,10.8911,23.7624
3558,303,197,35,71,11.5512,23.4323
3559,302,197,34,71,11.2583,23.5099
3560,302,195,39,68,12.9139,22.5166
3561,302,190,44,68,14.5695,22.5166
3562,302,188,46,68,15.2318,22.5166
3563,302,190,48,64,15.8940,21.1921
3564,302,186,53,63,17.5497,20.8609
3565,302,188,56,58,18.5430,19.2053
3566,302,182,60,60,19.8675,19.8675
3567,302,178,65,59,21.5232,19.5364
3568,302,178,66,58,21.8543,19.2053
3569,302,171,74,57,24.5033,18.8742
3570,302,165,81,56,26.8212,18.5430
3571,298,161,77,60,25.8389,20.1342
3572,298,160,80,58,26.8456,19.4631
3573,301,161,81,59,26.9103,19.6013
3574,300,159,87,54,29.0000,18.0000
3575,300,157,92,51,30.6667,17.0000
3576,300,147,104,49,34.6667,16.3333
3577,300,143,103,54,34.3333,18.0000
3578,299,140,101,58,33.7793,19.3980
3579,301,137,107,57,35.5482,18.9369
3580,300,131,109,60,36.3333,20.0000
3581,298,126,108,64,36.2416,21.4765
3582,300,125,109,66,36.3333,22.0000
3583,300,124,110,66,36.6667,22.0000
3584,299,118,112,69,37.4582,23.0769
3585,303,114,115,74,37.9538,24.4224
3586,302,107,119,76,39.4040,25.1656
3587,300,100,119,81,39.6667,27.0000
3588,299,95,124,80,41.4716,26.7559
3589,301,91,125,85,41.5282,28.2392
3590,298,92,120,86,40.2685,28.8591
3591,298,93,116,89,38.9262,29.8658
3592,296,91,114,91,38.5135,30.7432
3593,297,86,118,93,39.7306,31.3131
3594,299,86,117,96,39.1304,32.1070
3595,298,84,113,101,37.9195,33.8926
3596,298,82,109,107,36.5772,35.9060
3597,300,87,104,109,34.6667,36.3333
3598,300,80,109,111,36.3333,37.0000
3599,300,76,112,112,37.3333,37.3333
3600,297,73,108,116,36.3636,39.0572
3601,296,69,106,121,35.8108,40.8784
3602,299,73,102,124,34.1137,41.4716
3603,303,74,101,128,33.3333,42.2442
3604,301,72,101,128,33.5548,42.5249
3605,300,69,96,135,32.0000,45.0000
3606,299,66,91,142,30.4348,47.4916
3607,301,64,93,144,30.8970,47.8405
3608,298,60,90,148,30.2013,49.6644
3609,297,57,85,155,28.6195,52.1886
3610,301,62,79,160,26.2458,53.1561
3611,301,64,79,158,26.2458,52.4917
3612,300,62,76,162,25.3333,54.0000
3613,299,62,71,166,23.7458,55.5184
3614,303,68,69,166,22.7723,54.7855
3615,302,66,66,170,21.8543,56.2914
3616,299,66,62,171,20.7358,57.1906
3617,303,70,61,172,20.1320,56.7657
3618,302,70,59,173,19.5364,57.2848
3619,299,67,55,177,18.3946,59.1973
3620,298,70,50,178,16.7785,59.7315
3621,301,70,51,180,16.9435,59.8007
3622,300,68,52,180,17.3333,60.0000
3623,300,71,50,179,16.6667,59.6667
3624,298,70,46,182,15.4362,61.0738
3625,300,69,48,183,16.0000,61.0000
3626,300,69,45,186,15.0000,62.0000
3627,300,65,43,192,14.3333,64.0000
3628,299,65,38,196,12.7090,65.5518
3629,300,73,34,193,11.3333,64.3333
3630,300,75,35,190,11.6667,63.3333
3631,300,75,34,191,11.3333,63.6667
3632,300,78,34,188,11.3333,62.6667
3633,298,83,31,184,10.4027,61.7450
3634,298,86,33,179,11.0738,60.0671
3635,300,89,31,180,10.3333,60.0000
3636,300,93,32,175,10.6667,58.3333
3637,300,95,34,171,11.3333,57.0000
3638,300,97,32,171,10.6667,57.0000
3639,299,101,32,166,10.7023,55.5184
3640,304,106,30,168,9.8684,55.2632
3641,303,110,27,166,8.9109,54.7855
3642,302,110,28,164,9.2715,54.3046
3643,302,112,29,161,9.6026,53.3113
3644,302,113,32,157,10.5960,51.9868
3645,300,113,32,155,10.6667,51.6667
3646,300,112,34,154,11.3333,51.3333
3647,299,114,35,150,11.7057,50.1672
3648,302,122,35,145,11.5894,48.0132
3649,302,127,34,141,11.2583,46.6887
3650,302,128,34,140,11.2583,46.3576
3651,302,130,35,137,11.5894,45.3642
3652,302,130,40,132,13.2450,43.7086
3653,302,132,43,127,14.2384,42.0530
3654,302,134,43,125,14.2384,41.3907
3655,302,134,45,123,14.9007,40.7285
3656,302,134,47,121,15.5629,40.0662
3657,301,138,47,116,15.6146,38.5382
3658,301,145,47,109,15.6146,36.2126
3659,301,143,52,106,17.2757,35.2159
3660,301,145,53,103,17.6080,34.2193
3661,300,150,54,96,18.0000,32.0000
3662,300,148,60,92,20.0000,30.6667
3663,300,142,62,96,20.6667,32.0000
3664,299,145,61,93,20.4013,31.1037
3665,300,150,60,90,20.0000,30.0000
3666,300,151,59,90,19.6667,30.0000
3667,300,152,58,90,19.3333,30.0000
3668,300,146,63,91,21.0000,30.3333
3669,300,143,66,91,22.0000,30.3333
3670,300,139,72,89,24.0000,29.6667
3671,300,140,75,85,25.0000,28.3333
3672,298,141,73,84,24.4966,28.1879
3673,296,136,77,83,26.0135,28.0405
3674,299,136,80,83,26.7559,27.7592
3675,300,136,81,83,27.0000,27.6667
3676,300,135,84,81,28.0000,27.0000
3677,298,131,86,81,28.8591,27.1812
3678,301,134,88,79,29.2359,26.2458
3679,300,136,89,75,29.6667,25.0000
3680,299,135,90,74,30.1003,24.7492
3681,299,134,90,75,30.1003,25.0836
3682,304,136,89,79,29.2763,25.9868
3683,302,128,93,81,30.7947,26.8212
3684,301,123,92,86,30.5648,28.5714
3685,301,119,95,87,31.5615,28.9037
3686,300,115,97,88,32.3333,29.3333
3687,300,109,103,88,34.3333,29.3333
3688,297,105,103,89,34.6801,29.9663
3689,294,102,101,91,34.3537,30.9524
3690,294,103,99,92,33.6735,31.2925
3691,292,96,102,94,34.9315,32.1918
3692,292,95,102,95,34.9315,32.5342
3693,295,98,98,99,33.2203,33.5593
3694,297,98,96,103,32.3232,34.6801
3695,301,96,102,103,33.8870,34.2193
3696,301,94,99,108,32.8904,35.8804
3697,300,90,99,111,33.0000,37.0000
3698,300,86,103,111,34.3333,37.0000
3699,297,84,100,113,33.6700,38.0471
3700,299,86,98,115,32.7759,38.4615
3701,298,85,95,118,31.8792,39.5973
3702,302,86,100,116,33.1126,38.4106
3703,299,85,91,123,30.4348,41.1371
3704,301,85,90,126,29.9003,41.8605
3705,301,82,89,130,29.5681,43.1894
3706,300,80,87,133,29.0000,44.3333
3707,297,78,84,135,28.2828,45.4545
3708,298,82,77,139,25.8389,46.6443
3709,297,82,75,140,25.2525,47.1380
3710,295,80,74,141,25.0847,47.7966
3711,299,85,70,144,23.4114,48.1605
3712,299,87,67,145,22.4080,48.4950
3713,300,87,65,148,21.6667,49.3333
3714,299,85,64,150,21.4047,50.1672
3715,297,91,57,149,19.1919,50.1684
3716,299,94,53,152,17.7258,50.8361
3717,301,97,50,154,16.6113,51.1628
3718,300,99,46,155,15.3333,51.6667
3719,299,101,42,156,14.0468,52.1739
3720,300,103,42,155,14.0000,51.6667
3721,300,102,42,156,14.0000,52.0000
3722,300,99,43,158,14.3333,52.6667
3723,300,99,40,161,13.3333,53.6667
3724,300,99,42,159,14.0000,53.0000
3725,297,97,40,160,13.4680,53.8721
3726,297,96,39,162,13.1313,54.5455
3727,298,100,36,162,12.0805,54.3624
3728,300,104,35,161,11.6667,53.6667
3729,299,103,36,160,12.0401,53.5117
3730,303,106,37,160,12.2112,52.8053
3731,303,106,36,161,11.8812,53.1353
3732,303,108,34,161,11.2211,53.1353
3733,303,110,35,158,11.5512,52.1452
3734,303,115,33,155,10.8911,51.1551
3735,303,118,31,154,10.2310,50.8251
3736,303,120,33,150,10.8911,49.5050
3737,303,121,33,149,10.8911,49.1749
3738,303,118,36,149,11.8812,49.1749
3739,303,118,38,147,12.5413,48.5149
3740,303,118,37,148,12.2112,48.8449
3741,303,115,39,149,12.8713,49.1749
3742,303,112,44,147,14.5215,48.5149
3743,302,112,43,147,14.2384,48.6755
3744,301,116,41,144,13.6213,47.8405
3745,301,121,40,140,13.2890,46.5116
3746,301,125,40,136,13.2890,45.1827
3747,300,127,38,135,12.6667,45.0000
3748,300,131,39,130,13.0000,43.3333
3749,299,131,41,127,13.7124,42.4749
3750,302,134,42,126,13.9073,41.7219
3751,300,135,40,125,13.3333,41.6667
3752,300,136,42,122,14.0000,40.6667
3753,300,139,42,119,14.0000,39.6667
3754,300,138,43,119,14.3333,39.6667
3755,300,142,46,112,15.3333,37.3333
3756,299,142,47,110,15.7191,36.7893
3757,299,144,49,106,16.3880,35.4515
3758,299,149,44,106,14.7157,35.4515
3759,302,155,43,104,14.2384,34.4371
3760,302,157,44,101,14.5695,33.4437
3761,302,153,47,102,15.5629,33.7748
3762,302,149,46,107,15.2318,35.4305
3763,302,149,47,106,15.5629,35.0993
3764,302,149,49,104,16.2252,34.4371
3765,302,148,53,101,17.5497,33.4437
3766,302,150,52,100,17.2185,33.1126
3767,302,150,54,98,17.8808,32.4503
3768,302,149,59,94,19.5364,31.1258
3769,301,150,59,92,19.6013,30.5648
3770,301,150,59,92,19.6013,30.5648
3771,300,152,59,89,19.6667,29.6667
3772,299,150,61,88,20.4013,29.4314
3773,301,149,65,87,21.5947,28.9037
3774,299,145,70,84,23.4114,28.0936
3775,299,140,78,81,26.0870,27.0903
3776,301,134,84,83,27.9070,27.5748
3777,300,133,84,83,28.0000,27.6667
3778,299,127,91,81,30.4348,27.0903
3779,301,130,92,79,30.5648,26.2458
3780,301,121,101,79,33.5548,26.2458
3781,300,120,97,83,32.3333,27.6667
3782,295,114,98,83,33.2203,28.1356
3783,296,117,97,82,32.7703,27.7027
3784,294,115,98,81,33.3333,27.5510
3785,293,103,108,82,36.8601,27.9863
3786,293,99,112,82,38.2253,27.9863
3787,294,96,115,83,39.1156,28.2313
3788,292,91,116,85,39.7260,29.1096
3789,292,87,120,85,41.0959,29.1096
3790,291,84,120,87,41.2371,29.8969
3791,291,80,123,88,42.2680,30.2405
3792,290,83,119,88,41.0345,30.3448
3793,291,85,118,88,40.5498,30.2405
3794,290,85,114,91,39.3103,31.3793
3795,293,84,113,96,38.5666,32.7645
3796,292,84,104,104,35.6164,35.6164
3797,293,83,105,105,35.8362,35.8362
3798,294,82,105,107,35.7143,36.3946
3799,296,85,102,109,34.4595,36.8243
3800,297,85,99,113,33.3333,38.0471
3801,299,87,96,116,32.1070,38.7960
3802,296,87,92,117,31.0811,39.5270
3803,297,87,91,119,30.6397,40.0673
3804,300,87,93,120,31.0000,40.0000
3805,297,84,89,124,29.9663,41.7508
3806,298,84,81,133,27.1812,44.6309
3807,298,81,78,139,26.1745,46.6443
3808,297,84,74,139,24.9158,46.8013
3809,301,86,70,145,23.2558,48.1728
3810,301,88,68,145,22.5914,48.1728
3811,298,87,63,148,21.1409,49.6644
3812,298,85,65,148,21.8121,49.6644
3813,298,89,63,146,21.1409,48.9933
3814,300,96,65,139,21.6667,46.3333
3815,299,95,66,138,22.0736,46.1538
3816,298,92,64,142,21.4765,47.6510
3817,298,90,64,144,21.4765,48.3221
3818,301,89,66,146,21.9269,48.5050
3819,301,88,64,149,21.2625,49.5017
3820,300,86,62,152,20.6667,50.6667
3821,300,81,69,150,23.0000,50.0000
3822,299,83,69,147,23.0769,49.1639
3823,304,84,71,149,23.3553,49.0132
3824,303,83,70,150,23.1023,49.5050
3825,302,83,65,154,21.5232,50.9934
3826,301,82,63,156,20.9302,51.8272
3827,299,80,63,156,21.0702,52.1739
3828,302,81,63,158,20.8609,52.3179
3829,301,78,66,157,21.9269,52.1595
3830,300,79,65,156,21.6667,52.0000
3831,300,77,65,158,21.6667,52.6667
3832,300,74,67,159,22.3333,53.0000
3833,300,76,67,157,22.3333,52.3333
3834,299,73,68,158,22.7425,52.8428
3835,301,75,68,158,22.5914,52.4917
3836,299,75,67,157,22.4080,52.5084
3837,300,76,63,161,21.0000,53.6667
3838,300,77,58,165,19.3333,55.0000
3839,299,76,57,166,19.0635,55.5184
3840,302,80,58,164,19.2053,54.3046
3841,299,80,53,166,17.7258,55.5184
3842,300,83,51,166,17.0000,55.3333
3843,299,82,48,169,16.0535,56.5217
3844,301,83,49,169,16.2791,56.1462
3845,299,85,49,165,16.3880,55.1839
3846,302,91,49,162,16.2252,53.6424
3847,302,94,51,157,16.8874,51.9868
3848,301,100,50,151,16.6113,50.1661
3849,300,100,48,152,16.0000,50.6667
3850,299,102,49,148,16.3880,49.4983
3851,301,106,50,145,16.6113,48.1728
3852,298,107,49,142,16.4430,47.6510
3853,299,108,50,141,16.7224,47.1572
3854,300,111,49,140,16.3333,46.6667
3855,299,111,49,139,16.3880,46.4883
3856,300,114,46,140,15.3333,46.6667
3857,300,114,51,135,17.0000,45.0000
3858,300,122,51,127,17.0000,42.3333
3859,299,126,49,124,16.3880,41.4716
3860,303,128,50,125,16.5017,41.2541
3861,303,129,53,121,17.4917,39.9340
3862,303,131,54,118,17.8218,38.9439
3863,303,135,54,114,17.8218,37.6238
3864,303,130,58,115,19.1419,37.9538
3865,303,126,60,117,19.8020,38.6139
3866,303,124,61,118,20.1320,38.9439
3867,303,125,60,118,19.8020,38.9439
3868,302,126,60,116,19.8675,38.4106
3869,299,124,61,114,20.4013,38.1271
3870,297,124,61,112,20.5387,37.7104
3871,300,126,66,108,22.0000,36.0000
3872,300,125,68,107,22.6667,35.6667
3873,297,116,71,110,23.9057,37.0370
3874,300,115,74,111,24.6667,37.0000
3875,299,115,76,108,25.4181,36.1204
3876,306,123,75,108,24.5098,35.2941
3877,306,118,79,109,25.8170,35.6209
3878,305,115,83,107,27.2131,35.0820
3879,305,112,86,107,28.1967,35.0820
3880,305,115,84,106,27.5410,34.7541
3881,304,111,85,108,27.9605,35.5263
3882,303,106,88,109,29.0429,35.9736
3883,303,105,90,108,29.7030,35.6436
3884,303,102,91,110,30.0330,36.3036
3885,301,98,89,114,29.5681,37.8738
3886,301,99,89,113,29.5681,37.5415
3887,301,99,88,114,29.2359,37.8738
3888,301,97,89,115,29.5681,38.2060
3889,301,98,90,113,29.9003,37.5415
3890,300,100,89,111,29.6667,37.0000
3891,299,100,88,111,29.4314,37.1237
3892,297,97,90,110,30.3030,37.0370
3893,295,98,84,113,28.4746,38.3051
3894,295,97,84,114,28.4746,38.6441
3895,297,100,85,112,28.6195,37.7104
3896,299,97,89,113,29.7659,37.7926
3897,298,95,89,114,29.8658,38.2550
3898,303,99,86,118,28.3828,38.9439
3899,301,98,85,118,28.2392,39.2027
3900,301,100,82,119,27.2425,39.5349
3901,301,102,84,115,27.9070,38.2060
3902,300,99,81,120,27.0000,40.0000
3903,298,96,79,123,26.5101,41.2752
3904,299,97,78,124,26.0870,41.4716
3905,299,100,71,128,23.7458,42.8094
3906,298,98,71,129,23.8255,43.2886
3907,301,103,70,128,23.2558,42.5249
3908,300,102,71,127,23.6667,42.3333
3909,298,99,70,129,23.4899,43.2886
3910,297,98,68,131,22.8956,44.1077
3911,298,101,66,131,22.1477,43.9597
3912,299,99,69,131,23.0769,43.8127
3913,300,100,67,133,22.3333,44.3333
3914,297,98,63,136,21.2121,45.7912
3915,296,95,64,137,21.6216,46.2838
3916,293,96,61,136,20.8191,46.4164
3917,294,100,56,138,19.0476,46.9388
3918,295,102,56,137,18.9831,46.4407
3919,293,101,54,138,18.4300,47.0990
3920,296,104,54,138,18.2432,46.6216
3921,298,106,51,141,17.1141,47.3154
3922,304,111,52,141,17.1053,46.3816
3923,304,111,50,143,16.4474,47.0395
3924,303,109,52,142,17.1617,46.8647
3925,302,111,51,140,16.8874,46.3576
3926,302,105,55,142,18.2119,47.0199
3927,301,104,56,141,18.6047,46.8439
3928,299,103,56,140,18.7291,46.8227
3929,304,112,57,135,18.7500,44.4079
3930,304,111,54,139,17.7632,45.7237
3931,303,107,58,138,19.1419,45.5446
3932,302,106,59,137,19.5364,45.3642
3933,300,107,56,137,18.6667,45.6667
3934,299,106,54,139,18.0602,46.4883
3935,301,103,57,141,18.9369,46.8439
3936,301,106,54,141,17.9402,46.8439
3937,301,111,55,135,18.2724,44.8505
3938,301,112,53,136,17.6080,45.1827
3939,300,113,51,136,17.0000,45.3333
3940,300,113,51,136,17.0000,45.3333
3941,299,110,56,133,18.7291,44.4816
3942,301,112,59,130,19.6013,43.1894
3943,301,110,62,129,20.5980,42.8571
3944,301,108,63,130,20.9302,43.1894
3945,301,112,62,127,20.5980,42.1927
3946,300,115,59,126,19.6667,42.0000
3947,298,115,55,128,18.4564,42.9530
3948,300,119,56,125,18.6667,41.6667
3949,299,115,58,126,19.3980,42.1405
3950,303,122,59,122,19.4719,40.2640
3951,303,115,67,121,22.1122,39.9340
3952,301,115,67,119,22.2591,39.5349
3953,300,114,63,123,21.0000,41.0000
3954,300,117,64,119,21.3333,39.6667
3955,299,118,62,119,20.7358,39.7993
3956,300,117,63,120,21.0000,40.0000
3957,300,122,63,115,21.0000,38.3333
3958,300,121,66,113,22.0000,37.6667
3959,299,122,66,111,22.0736,37.1237
3960,300,121,68,111,22.6667,37.0000
3961,299,112,74,113,24.7492,37.7926
3962,299,113,75,111,25.0836,37.1237
3963,296,114,72,110,24.3243,37.1622
3964,298,117,69,112,23.1544,37.5839
3965,297,116,72,109,24.2424,36.7003
3966,297,116,75,106,25.2525,35.6902
3967,299,118,77,104,25.7525,34.7826
3968,299,109,85,105,28.4281,35.1171
3969,302,115,85,102,28.1457,33.7748
3970,300,109,88,103,29.3333,34.3333
3971,299,109,84,106,28.0936,35.4515
3972,298,111,79,108,26.5101,36.2416
3973,303,117,77,109,25.4125,35.9736
3974,303,116,79,108,26.0726,35.6436
3975,302,115,80,107,26.4901,35.4305
3976,302,109,83,110,27.4834,36.4238
3977,301,107,83,111,27.5748,36.8771
3978,300,108,83,109,27.6667,36.3333
3979,300,104,85,111,28.3333,37.0000
3980,300,99,89,112,29.6667,37.3333
3981,296,99,84,113,28.3784,38.1757
3982,297,104,76,117,25.5892,39.3939
3983,301,107,75,119,24.9169,39.5349
3984,300,108,73,119,24.3333,39.6667
3985,299,106,75,118,25.0836,39.4649
3986,304,113,74,117,24.3421,38.4868
3987,304,115,70,119,23.0263,39.1447
3988,302,114,67,121,22.1854,40.0662
3989,301,113,63,125,20.9302,41.5282
3990,299,112,63,124,21.0702,41.4716
3991,302,117,60,125,19.8675,41.3907
3992,302,117,60,125,19.8675,41.3907
3993,302,115,60,127,19.8675,42.0530
3994,301,111,62,128,20.5980,42.5249
3995,301,112,60,129,19.9336,42.8571
3996,299,110,58,131,19.3980,43.8127
3997,300,113,55,132,18.3333,44.0000
3998,300,113,57,130,19.0000,43.3333
3999,300,116,54,130,18.0000,43.3333
4000,299,111,54,134,18.0602,44.8161
4001,299,112,54,133,18.0602,44.4816
4002,298,111,54,133,18.1208,44.6309
4003,298,111,52,135,17.4497,45.3020
4004,301,114,53,134,17.6080,44.5183
4005,300,119,51,130,17.0000,43.3333
4006,299,119,47,133,15.7191,44.4816
4007,302,122,48,132,15.8940,43.7086
4008,302,123,48,131,15.8940,43.3775
4009,302,123,48,131,15.8940,43.3775
4010,301,119,49,133,16.2791,44.1860
4011,300,116,49,135,16.3333,45.0000
4012,300,114,52,134,17.3333,44.6667
4013,300,116,51,133,17.0000,44.3333
4014,300,116,49,135,16.3333,45.0000
4015,299,117,46,136,15.3846,45.4849
4016,304,122,47,135,15.4605,44.4079
4017,304,122,46,136,15.1316,44.7368
4018,304,120,47,137,15.4605,45.0658
4019,302,114,50,138,16.5563,45.6954
4020,302,114,49,139,16.2252,46.0265
4021,301,115,47,139,15.6146,46.1794
4022,301,114,46,141,15.2824,46.8439
4023,301,116,50,135,16.6113,44.8505
4024,301,116,52,133,17.2757,44.1860
4025,301,116,55,130,18.2724,43.1894
4026,301,113,59,129,19.6013,42.8571
4027,298,113,57,128,19.1275,42.9530
4028,301,116,61,124,20.2658,41.1960
4029,301,110,66,125,21.9269,41.5282
4030,300,106,67,127,22.3333,42.3333
4031,300,106,67,127,22.3333,42.3333
4032,299,105,67,127,22.4080,42.4749
4033,300,106,65,129,21.6667,43.0000
4034,299,113,65,121,21.7391,40.4682
4035,299,109,71,119,23.7458,39.7993
4036,301,109,74,118,24.5847,39.2027
4037,301,111,71,119,23.5880,39.5349
4038,301,111,71,119,23.5880,39.5349
4039,297,115,68,114,22.8956,38.3838
4040,297,116,68,113,22.8956,38.0471
4041,298,121,68,109,22.8188,36.5772
4042,301,122,69,110,22.9236,36.5449
4043,300,123,69,108,23.0000,36.0000
4044,299,116,76,107,25.4181,35.7860
4045,301,112,78,111,25.9136,36.8771
4046,300,108,79,113,26.3333,37.6667
4047,299,104,85,110,28.4281,36.7893
4048,301,104,88,109,29.2359,36.2126
4049,299,107,84,108,28.0936,36.1204
4050,297,105,79,113,26.5993,38.0471
4051,299,108,79,112,26.4214,37.4582
4052,304,111,83,110,27.3026,36.1842
4053,303,107,86,110,28.3828,36.3036
4054,301,106,85,110,28.2392,36.5449
4055,301,104,88,109,29.2359,36.2126
4056,300,97,88,115,29.3333,38.3333
4057,299,94,90,115,30.1003,38.4615
4058,301,96,94,111,31.2292,36.8771
4059,300,96,94,110,31.3333,36.6667
4060,299,95,95,109,31.7726,36.4548
4061,296,96,91,109,30.7432,36.8243
4062,297,89,99,109,33.3333,36.7003
4063,298,86,104,108,34.8993,36.2416
4064,299,83,103,113,34.4482,37.7926
4065,297,83,99,115,33.3333,38.7205
4066,299,84,95,120,31.7726,40.1338
4067,300,83,94,123,31.3333,41.0000
4068,299,83,90,126,30.1003,42.1405
4069,299,78,94,127,31.4381,42.4749
4070,300,76,95,129,31.6667,43.0000
4071,298,75,93,130,31.2081,43.6242
4072,297,75,95,127,31.9865,42.7609
4073,300,78,92,130,30.6667,43.3333
4074,297,78,91,128,30.6397,43.0976
4075,297,76,90,131,30.3030,44.1077
4076,301,76,88,137,29.2359,45.5150
4077,300,74,85,141,28.3333,47.0000
4078,298,68,89,141,29.8658,47.3154
4079,299,65,90,144,30.1003,48.1605
4080,302,68,89,145,29.4702,48.0132
4081,302,69,89,144,29.4702,47.6821
4082,299,70,85,144,28.4281,48.1605
4083,300,71,78,151,26.0000,50.3333
4084,298,70,75,153,25.1678,51.3423
4085,302,79,72,151,23.8411,50.0000
4086,301,77,73,151,24.2525,50.1661
4087,299,75,66,158,22.0736,52.8428
4088,299,75,66,158,22.0736,52.8428
4089,301,80,62,159,20.5980,52.8239
4090,301,81,57,163,18.9369,54.1528
4091,301,80,55,166,18.2724,55.1495
4092,301,80,58,163,19.2691,54.1528
4093,300,78,56,166,18.6667,55.3333
4094,299,77,58,164,19.3980,54.8495
4095,302,79,58,165,19.2053,54.6358
4096,301,77,57,167,18.9369,55.4817
4097,299,82,53,164,17.7258,54.8495
4098,301,88,49,164,16.2791,54.4850
4099,299,89,43,167,14.3813,55.8528
4100,301,92,42,167,13.9535,55.4817
4101,301,93,42,166,13.9535,55.1495
4102,301,97,42,162,13.9535,53.8206
4103,301,96,45,160,14.9502,53.1561
4104,300,95,44,161,14.6667,53.6667
4105,299,96,42,161,14.0468,53.8462
4106,300,97,42,161,14.0000,53.6667
4107,300,97,43,160,14.3333,53.3333
4108,300,103,43,154,14.3333,51.3333
4109,300,104,40,156,13.3333,52.0000
4110,300,103,41,156,13.6667,52.0000
4111,300,97,46,157,15.3333,52.3333
4112,299,96,45,158,15.0502,52.8428
4113,298,97,42,159,14.0940,53.3557
4114,304,102,43,159,14.1447,52.3026
4115,304,103,40,161,13.1579,52.9605
4116,303,108,36,159,11.8812,52.4752
4117,303,112,36,155,11.8812,51.1551
4118,303,119,36,148,11.8812,48.8449
4119,303,124,36,143,11.8812,47.1947
4120,303,127,39,137,12.8713,45.2145
4121,303,127,40,136,13.2013,44.8845
4122,302,130,38,134,12.5828,44.3709
4123,301,131,36,134,11.9601,44.5183
4124,300,130,33,137,11.0000,45.6667
4125,300,134,34,132,11.3333,44.0000
4126,300,135,33,132,11.0000,44.0000
4127,300,136,34,130,11.3333,43.3333
4128,299,143,33,123,11.0368,41.1371
4129,300,147,34,119,11.3333,39.6667
4130,300,146,34,120,11.3333,40.0000
4131,300,150,30,120,10.0000,40.0000
4132,298,147,30,121,10.0671,40.6040
4133,299,148,32,119,10.7023,39.7993
4134,303,154,32,117,10.5611,38.6139
4135,303,159,34,110,11.2211,36.3036
4136,303,162,34,107,11.2211,35.3135
4137,303,162,36,105,11.8812,34.6535
4138,302,160,36,106,11.9205,35.0993
4139,302,165,37,100,12.2517,33.1126
4140,302,161,40,101,13.2450,33.4437
4141,301,164,39,98,12.9568,32.5581
4142,301,168,39,94,12.9568,31.2292
4143,300,169,41,90,13.6667,30.0000
4144,299,164,45,90,15.0502,30.1003
4145,303,169,48,86,15.8416,28.3828
4146,302,167,48,87,15.8940,28.8079
4147,301,167,49,85,16.2791,28.2392
4148,301,165,54,82,17.9402,27.2425
4149,301,162,58,81,19.2691,26.9103
4150,301,162,61,78,20.2658,25.9136
4151,301,164,62,75,20.5980,24.9169
4152,301,161,65,75,21.5947,24.9169
4153,300,159,66,75,22.0000,25.0000
4154,300,158,66,76,22.0000,25.3333
4155,299,155,68,76,22.7425,25.4181
4156,300,155,68,77,22.6667,25.6667
4157,300,153,70,77,23.3333,25.6667
4158,300,151,72,77,24.0000,25.6667
4159,300,144,77,79,25.6667,26.3333
4160,298,138,80,80,26.8456,26.8456
4161,301,141,80,80,26.5781,26.5781
4162,301,136,84,81,27.9070,26.9103
4163,300,130,90,80,30.0000,26.6667
4164,299,126,92,81,30.7692,27.0903
4165,301,127,91,83,30.2326,27.5748
4166,301,116,101,84,33.5548,27.9070
4167,301,112,108,81,35.8804,26.9103
4168,299,111,106,82,35.4515,27.4247
4169,298,107,108,83,36.2416,27.8523
4170,297,109,103,85,34.6801,28.6195
4171,303,109,107,87,35.3135,28.7129
4172,301,102,111,88,36.8771,29.2359
4173,297,100,109,88,36.7003,29.6296
4174,297,98,109,90,36.7003,30.3030
4175,298,97,112,89,37.5839,29.8658
4176,298,97,111,90,37.2483,30.2013
4177,301,99,110,92,36.5449,30.5648
4178,298,96,110,92,36.9128,30.8725
4179,298,91,114,93,38.2550,31.2081
4180,298,87,112,99,37.5839,33.2215
4181,297,84,112,101,37.7104,34.0067
4182,298,81,112,105,37.5839,35.2349
4183,296,83,109,104,36.8243,35.1351
4184,297,86,101,110,34.0067,37.0370
4185,299,83,103,113,34.4482,37.7926
4186,298,84,94,120,31.5436,40.2685
4187,296,87,87,122,29.3919,41.2162
4188,296,84,86,126,29.0541,42.5676
4189,297,79,87,131,29.2929,44.1077
4190,299,80,87,132,29.0970,44.1472
4191,298,80,85,133,28.5235,44.6309
4192,299,82,82,135,27.4247,45.1505
4193,299,80,82,137,27.4247,45.8194
4194,302,83,80,139,26.4901,46.0265
4195,302,77,80,145,26.4901,48.0132
4196,301,76,80,145,26.5781,48.1728
4197,299,73,80,146,26.7559,48.8294
4198,299,68,83,148,27.7592,49.4983
4199,298,67,76,155,25.5034,52.0134
4200,297,68,71,158,23.9057,53.1987
4201,299,71,70,158,23.4114,52.8428
4202,304,76,65,163,21.3816,53.6184
4203,304,74,63,167,20.7237,54.9342
4204,304,73,65,166,21.3816,54.6053
4205,304,69,67,168,22.0395,55.2632
4206,303,69,67,167,22.1122,55.1155
4207,302,67,69,166,22.8477,54.9669
4208,300,70,67,163,22.3333,54.3333
4209,300,70,59,171,19.6667,57.0000
4210,299,69,59,171,19.7324,57.1906
4211,300,72,58,170,19.3333,56.6667
4212,299,73,55,171,18.3946,57.1906
4213,302,75,56,171,18.5430,56.6225
4214,300,76,53,171,17.6667,57.0000
4215,298,77,47,174,15.7718,58.3893
4216,301,83,44,174,14.6179,57.8073
4217,301,86,45,170,14.9502,56.4784
4218,299,89,38,172,12.7090,57.5251
4219,299,91,34,174,11.3712,58.1940
4220,298,91,37,170,12.4161,57.0470
4221,301,92,40,169,13.2890,56.1462
4222,301,92,43,166,14.2857,55.1495
4223,301,94,41,166,13.6213,55.1495
4224,301,95,39,167,12.9568,55.4817
4225,301,94,36,171,11.9601,56.8106
4226,299,95,34,170,11.3712,56.8562
4227,303,100,34,169,11.2211,55.7756
4228,302,103,31,168,10.2649,55.6291
4229,302,106,30,166,9.9338,54.9669
4230,302,106,31,165,10.2649,54.6358
4231,301,105,31,165,10.2990,54.8173
4232,301,112,31,158,10.2990,52.4917
4233,300,114,31,155,10.3333,51.6667
4234,298,117,29,152,9.7315,51.0067
4235,304,126,29,149,9.5395,49.0132
4236,304,130,33,141,10.8553,46.3816
4237,304,133,32,139,10.5263,45.7237
4238,304,140,32,132,10.5263,43.4211
4239,304,140,36,128,11.8421,42.1053
4240,303,143,35,125,11.5512,41.2541
4241,301,145,33,123,10.9635,40.8638
4242,301,143,34,124,11.2957,41.1960
4243,301,142,36,123,11.9601,40.8638
4244,301,142,39,120,12.9568,39.8671
4245,299,142,39,118,13.0435,39.4649
4246,303,149,39,115,12.8713,37.9538
4247,302,154,39,109,12.9139,36.0927
4248,301,152,41,108,13.6213,35.8804
4249,301,148,46,107,15.2824,35.5482
4250,301,150,47,104,15.6146,34.5515
4251,301,153,51,97,16.9435,32.2259
4252,301,153,51,97,16.9435,32.2259
4253,301,150,56,95,18.6047,31.5615
4254,300,148,63,89,21.0000,29.6667
4255,300,150,64,86,21.3333,28.6667
4256,300,148,66,86,22.0000,28.6667
4257,298,148,67,83,22.4832,27.8523
4258,299,147,70,82,23.4114,27.4247
4259,300,146,71,83,23.6667,27.6667
4260,299,144,71,84,23.7458,28.0936
4261,302,150,74,78,24.5033,25.8278
4262,300,145,77,78,25.6667,26.0000
4263,298,146,73,79,24.4966,26.5101
4264,298,148,73,77,24.4966,25.8389
4265,298,145,75,78,25.1678,26.1745
4266,302,146,78,78,25.8278,25.8278
4267,302,143,82,77,27.1523,25.4967
4268,301,142,84,75,27.9070,24.9169
4269,300,136,89,75,29.6667,25.0000
4270,299,137,89,73,29.7659,24.4147
4271,303,139,90,74,29.7030,24.4224
4272,302,133,93,76,30.7947,25.1656
4273,299,127,93,79,31.1037,26.4214
4274,301,125,95,81,31.5615,26.9103
4275,300,127,89,84,29.6667,28.0000
4276,300,122,92,86,30.6667,28.6667
4277,299,124,94,81,31.4381,27.0903
4278,301,127,92,82,30.5648,27.2425
4279,301,117,99,85,32.8904,28.2392
4280,301,114,103,84,34.2193,27.9070
4281,299,111,100,88,33.4448,29.4314
4282,299,107,98,94,32.7759,31.4381
4283,301,105,103,93,34.2193,30.8970
4284,301,102,106,93,35.2159,30.8970
4285,300,101,101,98,33.6667,32.6667
4286,299,100,100,99,33.4448,33.1104
4287,301,97,98,106,32.5581,35.2159
4288,301,95,96,110,31.8937,36.5449
4289,299,92,97,110,32.4415,36.7893
4290,299,91,94,114,31.4381,38.1271
4291,301,88,97,116,32.2259,38.5382
4292,301,87,94,120,31.2292,39.8671
4293,301,85,93,123,30.8970,40.8638
4294,301,83,93,125,30.8970,41.5282
4295,300,81,91,128,30.3333,42.6667
4296,300,79,92,129,30.6667,43.0000
4297,297,77,88,132,29.6296,44.4444
4298,296,74,87,135,29.3919,45.6081
4299,295,72,87,136,29.4915,46.1017
4300,296,77,77,142,26.0135,47.9730
4301,296,74,76,146,25.6757,49.3243
4302,301,79,73,149,24.2525,49.5017
4303,301,76,73,152,24.2525,50.4983
4304,299,78,68,153,22.7425,51.1706
4305,303,81,67,155,22.1122,51.1551
4306,303,80,67,156,22.1122,51.4851
4307,303,78,68,157,22.4422,51.8152
4308,300,77,63,160,21.0000,53.3333
4309,300,75,64,161,21.3333,53.6667
4310,300,71,62,167,20.6667,55.6667
4311,299,72,60,167,20.0669,55.8528
4312,298,74,56,168,18.7919,56.3758
4313,300,77,54,169,18.0000,56.3333
4314,299,74,53,172,17.7258,57.5251
4315,302,80,51,171,16.8874,56.6225
4316,300,80,47,173,15.6667,57.6667
4317,299,81,47,171,15.7191,57.1906
4318,302,80,49,173,16.2252,57.2848
4319,302,80,50,172,16.5563,56.9536
4320,301,79,50,172,16.6113,57.1429
4321,299,77,49,173,16.3880,57.8595
4322,303,84,49,170,16.1716,56.1056
4323,303,84,49,170,16.1716,56.1056
4324,302,84,51,167,16.8874,55.2980
4325,302,88,50,164,16.5563,54.3046
4326,302,90,48,164,15.8940,54.3046
4327,301,91,49,161,16.2791,53.4884
4328,300,94,47,159,15.6667,53.0000
4329,298,95,44,159,14.7651,53.3557
4330,304,104,44,156,14.4737,51.3158
4331,304,104,44,156,14.4737,51.3158
4332,303,105,44,154,14.5215,50.8251
4333,302,108,44,150,14.5695,49.6689
4334,301,114,42,145,13.9535,48.1728
4335,300,113,41,146,13.6667,48.6667
4336,299,110,43,146,14.3813,48.8294
4337,303,119,43,141,14.1914,46.5347
4338,302,119,42,141,13.9073,46.6887
4339,301,120,43,138,14.2857,45.8472
4340,300,122,40,138,13.3333,46.0000
4341,299,122,40,137,13.3779,45.8194
4342,303,129,40,134,13.2013,44.2244
4343,303,129,41,133,13.5314,43.8944
4344,302,134,36,132,11.9205,43.7086
4345,302,139,37,126,12.2517,41.7219
4346,302,142,39,121,12.9139,40.0662
4347,301,144,38,119,12.6246,39.5349
4348,301,143,38,120,12.6246,39.8671
4349,301,145,40,116,13.2890,38.5382
4350,301,143,46,112,15.2824,37.2093
4351,297,141,44,112,14.8148,37.7104
4352,299,145,48,106,16.0535,35.4515
4353,300,149,48,103,16.0000,34.3333
4354,299,149,50,100,16.7224,33.4448
4355,299,147,55,97,18.3946,32.4415
4356,301,152,55,94,18.2724,31.2292
4357,300,146,61,93,20.3333,31.0000
4358,300,143,64,93,21.3333,31.0000
4359,298,142,65,91,21.8121,30.5369
4360,300,147,62,91,20.6667,30.3333
4361,299,141,68,90,22.7425,30.1003
4362,299,143,72,84,24.0803,28.0936
4363,300,141,73,86,24.3333,28.6667
4364,300,138,79,83,26.3333,27.6667
4365,300,136,84,80,28.0000,26.6667
4366,299,132,91,76,30.4348,25.4181
4367,301,131,94,76,31.2292,25.2492
4368,299,129,94,76,31.4381,25.4181
4369,300,127,97,76,32.3333,25.3333
4370,300,128,95,77,31.6667,25.6667
4371,299,123,97,79,32.4415,26.4214
4372,299,115,103,81,34.4482,27.0903
4373,300,110,111,79,37.0000,26.3333
4374,299,103,116,80,38.7960,26.7559
4375,302,101,120,81,39.7351,26.8212
4376,300,97,118,85,39.3333,28.3333
4377,299,87,125,87,41.8060,29.0970
4378,299,88,122,89,40.8027,29.7659
4379,301,93,118,90,39.2027,29.9003
4380,301,92,118,91,39.2027,30.2326
4381,300,85,122,93,40.6667,31.0000
4382,296,84,118,94,39.8649,31.7568
4383,296,83,115,98,38.8514,33.1081
4384,297,79,118,100,39.7306,33.6700
4385,297,79,111,107,37.3737,36.0269
4386,296,80,108,108,36.4865,36.4865
4387,296,82,102,112,34.4595,37.8378
4388,298,77,104,117,34.8993,39.2617
4389,300,74,104,122,34.6667,40.6667
4390,300,73,106,121,35.3333,40.3333
4391,300,75,106,119,35.3333,39.6667
4392,297,74,101,122,34.0067,41.0774
4393,295,71,93,131,31.5254,44.4068
4394,299,76,86,137,28.7625,45.8194
4395,302,80,78,144,25.8278,47.6821
4396,301,85,75,141,24.9169,46.8439
4397,301,84,67,150,22.2591,49.8339
4398,301,81,63,157,20.9302,52.1595
4399,301,81,64,156,21.2625,51.8272
4400,301,81,65,155,21.5947,51.4950
4401,296,80,60,156,20.2703,52.7027
4402,300,85,56,159,18.6667,53.0000
4403,299,85,54,160,18.0602,53.5117
4404,297,81,54,162,18.1818,54.5455
4405,301,84,50,167,16.6113,55.4817
4406,301,82,52,167,17.2757,55.4817
4407,301,81,52,168,17.2757,55.8140
4408,299,79,51,169,17.0569,56.5217
4409,297,78,45,174,15.1515,58.5859
4410,300,83,42,175,14.0000,58.3333
4411,299,84,39,176,13.0435,58.8629
4412,300,89,38,173,12.6667,57.6667
4413,299,90,36,173,12.0401,57.8595
4414,301,91,35,175,11.6279,58.1395
4415,300,90,38,172,12.6667,57.3333
4416,300,88,40,172,13.3333,57.3333
4417,299,89,39,171,13.0435,57.1906
4418,303,93,38,172,12.5413,56.7657
4419,303,91,38,174,12.5413,57.4257
4420,302,92,39,171,12.9139,56.6225
4421,300,89,42,169,14.0000,56.3333
4422,300,91,43,166,14.3333,55.3333
4423,299,92,45,162,15.0502,54.1806
4424,302,96,46,160,15.2318,52.9801
4425,301,92,47,162,15.6146,53.8206
4426,300,93,43,164,14.3333,54.6667
4427,300,95,44,161,14.6667,53.6667
4428,299,95,47,157,15.7191,52.5084
4429,302,100,44,158,14.5695,52.3179
4430,302,103,44,155,14.5695,51.3245
4431,302,105,46,151,15.2318,50.0000
4432,302,104,49,149,16.2252,49.3377
4433,301,104,49,148,16.2791,49.1694
4434,301,106,48,147,15.9468,48.8372
4435,300,111,47,142,15.6667,47.3333
4436,300,112,46,142,15.3333,47.3333
4437,299,119,45,135,15.0502,45.1505
4438,302,122,47,133,15.5629,44.0397
4439,302,123,51,128,16.8874,42.3841
4440,300,127,47,126,15.6667,42.0000
4441,299,127,49,123,16.3880,41.1371
4442,302,129,49,124,16.2252,41.0596
4443,302,128,48,126,15.8940,41.7219
4444,302,134,48,120,15.8940,39.7351
4445,301,138,48,115,15.9468,38.2060
4446,300,143,50,107,16.6667,35.6667
4447,299,149,51,99,17.0569,33.1104
4448,302,153,51,98,16.8874,32.4503
4449,301,160,50,91,16.6113,30.2326
4450,300,164,50,86,16.6667,28.6667
4451,300,163,50,87,16.6667,29.0000
4452,298,162,50,86,16.7785,28.8591
4453,300,161,51,88,17.0000,29.3333
4454,299,162,52,85,17.3913,28.4281
4455,299,156,59,84,19.7324,28.0936
4456,302,157,62,83,20.5298,27.4834
4457,302,161,63,78,20.8609,25.8278
4458,301,155,67,79,22.2591,26.2458
4459,300,152,69,79,23.0000,26.3333
4460,299,148,71,80,23.7458,26.7559
4461,301,150,74,77,24.5847,25.5814
4462,300,147,76,77,25.3333,25.6667
4463,299,146,75,78,25.0836,26.0870
4464,299,143,79,77,26.4214,25.7525
4465,301,143,78,80,25.9136,26.5781
4466,301,144,78,79,25.9136,26.2458
4467,300,137,81,82,27.0000,27.3333
4468,299,129,88,82,29.4314,27.4247
4469,298,126,88,84,29.5302,28.1879
4470,301,123,92,86,30.5648,28.5714
4471,300,121,96,83,32.0000,27.6667
4472,299,116,100,83,33.4448,27.7592
4473,299,113,99,87,33.1104,29.0970
4474,301,110,104,87,34.5515,28.9037
4475,300,104,104,92,34.6667,30.6667
4476,298,104,99,95,33.2215,31.8792
4477,302,108,98,96,32.4503,31.7881
4478,302,106,101,95,33.4437,31.4570
4479,301,100,101,100,33.5548,33.2226
4480,301,95,100,106,33.2226,35.2159
4481,300,96,98,106,32.6667,35.3333
4482,300,96,92,112,30.6667,37.3333
4483,299,90,95,114,31.7726,38.1271
4484,303,91,97,115,32.0132,37.9538
4485,302,89,95,118,31.4570,39.0728
4486,301,87,95,119,31.5615,39.5349
4487,300,84,97,119,32.3333,39.6667
4488,298,82,91,125,30.5369,41.9463
4489,299,79,94,126,31.4381,42.1405
4490,299,79,90,130,30.1003,43.4783
4491,301,78,91,132,30.2326,43.8538
4492,300,80,85,135,28.3333,45.0000
4493,298,78,87,133,29.1946,44.6309
4494,301,86,77,138,25.5814,45.8472
4495,300,88,75,137,25.0000,45.6667
4496,300,89,72,139,24.0000,46.3333
4497,300,89,75,136,25.0000,45.3333
4498,299,88,73,138,24.4147,46.1538
4499,298,85,71,142,23.8255,47.6510
4500,299,86,64,149,21.4047,49.8328
4501,299,89,60,150,20.0669,50.1672
4502,303,92,61,150,20.1320,49.5050
4503,302,92,58,152,19.2053,50.3311
4504,302,91,57,154,18.8742,50.9934
4505,301,93,52,156,17.2757,51.8272
4506,301,89,54,158,17.9402,52.4917
4507,300,88,53,159,17.6667,53.0000
4508,300,88,49,163,16.3333,54.3333
4509,298,87,45,166,15.1007,55.7047
4510,298,87,41,170,13.7584,57.0470
4511,301,88,42,171,13.9535,56.8106
4512,301,91,40,170,13.2890,56.4784
4513,300,91,40,169,13.3333,56.3333
4514,298,93,37,168,12.4161,56.3758
4515,300,97,36,167,12.0000,55.6667
4516,300,95,38,167,12.6667,55.6667
4517,300,96,39,165,13.0000,55.0000
4518,299,94,40,165,13.3779,55.1839
4519,303,99,41,163,13.5314,53.7954
4520,303,96,42,165,13.8614,54.4554
4521,302,96,43,163,14.2384,53.9735
4522,302,97,45,160,14.9007,52.9801
4523,302,95,44,163,14.5695,53.9735
4524,302,94,44,164,14.5695,54.3046
4525,302,96,44,162,14.5695,53.6424
4526,302,96,42,164,13.9073,54.3046
4527,301,101,38,162,12.6246,53.8206
4528,301,103,40,158,13.2890,52.4917
4529,300,105,39,156,13.0000,52.0000
4530,300,105,39,156,13.0000,52.0000
4531,299,110,37,152,12.3746,50.8361
4532,299,114,37,148,12.3746,49.4983
4533,299,114,39,146,13.0435,48.8294
4534,302,123,40,139,13.2450,46.0265
4535,302,125,40,137,13.2450,45.3642
4536,302,125,40,137,13.2450,45.3642
4537,301,129,39,133,12.9568,44.1860
4538,300,128,39,133,13.0000,44.3333
4539,299,128,36,135,12.0401,45.1505
4540,304,139,38,127,12.5000,41.7763
4541,301,136,39,126,12.9568,41.8605
4542,301,138,39,124,12.9568,41.1960
4543,301,137,42,122,13.9535,40.5316
4544,300,139,43,118,14.3333,39.3333
4545,299,136,44,119,14.7157,39.7993
4546,301,143,45,113,14.9502,37.5415
4547,301,144,47,110,15.6146,36.5449
4548,301,146,47,108,15.6146,35.8804
4549,301,143,50,108,16.6113,35.8804
4550,301,142,51,108,16.9435,35.8804
4551,299,144,51,104,17.0569,34.7826
4552,300,147,56,97,18.6667,32.3333
4553,300,144,60,96,20.0000,32.0000
4554,299,142,60,97,20.0669,32.4415
4555,298,139,66,93,22.1477,31.2081
4556,299,137,72,90,24.0803,30.1003
4557,299,136,76,87,25.4181,29.0970
4558,300,137,77,86,25.6667,28.6667
4559,300,133,81,86,27.0000,28.6667
4560,299,133,84,82,28.0936,27.4247
4561,298,131,86,81,28.8591,27.1812
4562,301,134,89,78,29.5681,25.9136
4563,300,132,91,77,30.3333,25.6667
4564,299,128,93,78,31.1037,26.0870
4565,299,128,93,78,31.1037,26.0870
4566,300,126,94,80,31.3333,26.6667
4567,300,124,97,79,32.3333,26.3333
4568,299,118,101,80,33.7793,26.7559
4569,301,116,105,80,34.8837,26.5781
4570,300,109,110,81,36.6667,27.0000
4571,300,107,110,83,36.6667,27.6667
4572,300,104,109,87,36.3333,29.0000
4573,300,99,112,89,37.3333,29.6667
4574,298,96,109,93,36.5772,31.2081
4575,299,96,108,95,36.1204,31.7726
4576,296,90,108,98,36.4865,33.1081
4577,295,90,102,103,34.5763,34.9153
4578,297,90,106,101,35.6902,34.0067
4579,297,92,104,101,35.0168,34.0067
4580,299,92,98,109,32.7759,36.4548
4581,298,88,99,111,33.2215,37.2483
4582,301,93,95,113,31.5615,37.5415
4583,300,89,97,114,32.3333,38.0000
4584,299,85,97,117,32.4415,39.1304
4585,300,86,95,119,31.6667,39.6667
4586,298,82,93,123,31.2081,41.2752
4587,300,83,91,126,30.3333,42.0000
4588,298,81,90,127,30.2013,42.6174
4589,300,84,88,128,29.3333,42.6667
4590,298,83,83,132,27.8523,44.2953
4591,295,86,75,134,25.4237,45.4237
4592,297,85,74,138,24.9158,46.4646
4593,296,84,72,140,24.3243,47.2973
4594,294,84,71,139,24.1497,47.2789
4595,293,81,72,140,24.5734,47.7816
4596,294,84,68,142,23.1293,48.2993
4597,296,82,68,146,22.9730,49.3243
4598,298,82,70,146,23.4899,48.9933
4599,297,81,66,150,22.2222,50.5051
4600,299,84,64,151,21.4047,50.5017
4601,299,82,64,153,21.4047,51.1706
4602,298,80,65,153,21.8121,51.3423
4603,300,82,64,154,21.3333,51.3333
4604,299,79,62,158,20.7358,52.8428
4605,302,81,60,161,19.8675,53.3113
4606,301,82,58,161,19.2691,53.4884
4607,301,80,57,164,18.9369,54.4850
4608,300,77,58,165,19.3333,55.0000
4609,299,75,60,164,20.0669,54.8495
4610,300,73,63,164,21.0000,54.6667
4611,298,73,61,164,20.4698,55.0336
4612,302,76,60,166,19.8675,54.9669
4613,301,77,59,165,19.6013,54.8173
4614,301,76,61,164,20.2658,54.4850
4615,299,77,58,164,19.3980,54.8495
4616,300,79,58,163,19.3333,54.3333
4617,300,81,54,165,18.0000,55.0000
4618,298,80,53,165,17.7852,55.3691
4619,302,85,49,168,16.2252,55.6291
4620,302,82,52,168,17.2185,55.6291
4621,301,82,53,166,17.6080,55.1495
4622,299,84,46,169,15.3846,56.5217
4623,301,87,48,166,15.9468,55.1495
4624,299,91,45,163,15.0502,54.5151
4625,303,95,47,161,15.5116,53.1353
4626,302,92,51,159,16.8874,52.6490
4627,302,96,49,157,16.2252,51.9868
4628,302,98,49,155,16.2252,51.3245
4629,302,104,48,150,15.8940,49.6689
4630,300,102,47,151,15.6667,50.3333
4631,299,104,44,151,14.7157,50.5017
4632,305,115,44,146,14.4262,47.8689
4633,305,114,47,144,15.4098,47.2131
4634,304,116,47,141,15.4605,46.3816
4635,303,118,45,140,14.8515,46.2046
4636,303,121,46,136,15.1815,44.8845
4637,303,121,49,133,16.1716,43.8944
4638,302,123,49,130,16.2252,43.0464
4639,302,120,53,129,17.5497,42.7152
4640,301,119,55,127,18.2724,42.1927
4641,301,116,57,128,18.9369,42.5249
4642,300,120,58,122,19.3333,40.6667
4643,300,122,59,119,19.6667,39.6667
4644,300,122,63,115,21.0000,38.3333
4645,300,125,61,114,20.3333,38.0000
4646,300,121,61,118,20.3333,39.3333
4647,299,122,56,121,18.7291,40.4682
4648,302,126,58,118,19.2053,39.0728
4649,302,129,58,115,19.2053,38.0795
4650,302,128,59,115,19.5364,38.0795
4651,302,128,62,112,20.5298,37.0861
4652,301,129,60,112,19.9336,37.2093
4653,300,126,62,112,20.6667,37.3333
4654,300,127,61,112,20.3333,37.3333
4655,298,122,65,111,21.8121,37.2483
4656,302,126,69,107,22.8477,35.4305
4657,301,128,70,103,23.2558,34.2193
4658,298,127,69,102,23.1544,34.2282
4659,300,130,71,99,23.6667,33.0000
4660,297,125,70,102,23.5690,34.3434
4661,303,131,67,105,22.1122,34.6535
4662,302,127,69,106,22.8477,35.0993
4663,301,124,70,107,23.2558,35.5482
4664,300,122,71,107,23.6667,35.6667
4665,299,122,72,105,24.0803,35.1171
4666,299,118,77,104,25.7525,34.7826
4667,299,118,74,107,24.7492,35.7860
4668,299,114,78,107,26.0870,35.7860
4669,302,118,79,105,26.1589,34.7682
4670,300,116,80,104,26.6667,34.6667
4671,300,115,82,103,27.3333,34.3333
4672,300,110,86,104,28.6667,34.6667
4673,300,108,85,107,28.3333,35.6667
4674,298,110,85,103,28.5235,34.5638
4675,298,108,85,105,28.5235,35.2349
4676,298,108,84,106,28.1879,35.5705
4677,301,109,85,107,28.2392,35.5482
4678,301,108,83,110,27.5748,36.5449
4679,300,108,84,108,28.0000,36.0000
4680,298,103,84,111,28.1879,37.2483
4681,301,103,86,112,28.5714,37.2093
4682,300,100,89,111,29.6667,37.0000
4683,299,100,84,115,28.0936,38.4615
4684,301,100,88,113,29.2359,37.5415
4685,301,98,87,116,28.9037,38.5382
4686,301,94,86,121,28.5714,40.1993
4687,300,91,88,121,29.3333,40.3333
4688,299,90,85,124,28.4281,41.4716
4689,300,92,81,127,27.0000,42.3333
4690,300,91,80,129,26.6667,43.0000
4691,300,89,81,130,27.0000,43.3333
4692,300,88,77,135,25.6667,45.0000
4693,298,88,75,135,25.1678,45.3020
4694,298,84,77,137,25.8389,45.9732
4695,298,87,75,136,25.1678,45.6376
4696,299,88,72,139,24.0803,46.4883
4697,299,91,67,141,22.4080,47.1572
4698,300,97,64,139,21.3333,46.3333
4699,300,99,64,137,21.3333,45.6667
4700,300,98,64,138,21.3333,46.0000
4701,297,99,56,142,18.8552,47.8114
4702,297,101,53,143,17.8451,48.1481
4703,300,102,52,146,17.3333,48.6667
4704,298,97,56,145,18.7919,48.6577
4705,298,97,55,146,18.4564,48.9933
4706,300,97,56,147,18.6667,49.0000
4707,298,91,58,149,19.4631,50.0000
4708,299,92,57,150,19.0635,50.1672
4709,302,94,56,152,18.5430,50.3311
4710,302,95,57,150,18.8742,49.6689
4711,300,94,53,153,17.6667,51.0000
4712,300,94,55,151,18.3333,50.3333
4713,300,96,55,149,18.3333,49.6667
4714,298,97,52,149,17.4497,50.0000
4715,299,99,53,147,17.7258,49.1639
4716,301,101,55,145,18.2724,48.1728
4717,301,99,55,147,18.2724,48.8372
4718,301,98,55,148,18.2724,49.1694
4719,301,101,56,144,18.6047,47.8405
4720,301,99,57,145,18.9369,48.1728
4721,300,99,58,143,19.3333,47.6667
4722,300,95,63,142,21.0000,47.3333
4723,299,95,63,141,21.0702,47.1572
4724,299,95,63,141,21.0702,47.1572
4725,299,96,58,145,19.3980,48.4950
4726,302,101,57,144,18.8742,47.6821
4727,297,103,49,145,16.4983,48.8215
4728,300,109,46,145,15.3333,48.3333
4729,299,105,49,145,16.3880,48.4950
4730,298,106,52,140,17.4497,46.9799
4731,298,103,56,139,18.7919,46.6443
4732,302,112,56,134,18.5430,44.3709
4733,302,114,54,134,17.8808,44.3709
4734,302,115,53,134,17.5497,44.3709
4735,302,121,52,129,17.2185,42.7152
4736,302,119,52,131,17.2185,43.3775
4737,299,118,54,127,18.0602,42.4749
4738,300,123,55,122,18.3333,40.6667
4739,300,118,61,121,20.3333,40.3333
4740,300,117,63,120,21.0000,40.0000
4741,298,116,64,118,21.4765,39.5973
4742,297,112,68,117,22.8956,39.3939
4743,299,113,68,118,22.7425,39.4649
4744,301,121,67,113,22.2591,37.5415
4745,300,120,68,112,22.6667,37.3333
4746,300,116,71,113,23.6667,37.6667
4747,300,116,72,112,24.0000,37.3333
4748,300,115,76,109,25.3333,36.3333
4749,300,116,75,109,25.0000,36.3333
4750,300,118,74,108,24.6667,36.0000
4751,299,118,70,111,23.4114,37.1237
4752,301,116,74,111,24.5847,36.8771
4753,301,120,74,107,24.5847,35.5482
4754,301,118,78,105,25.9136,34.8837
4755,300,121,78,101,26.0000,33.6667
4756,300,118,80,102,26.6667,34.0000
4757,298,117,80,101,26.8456,33.8926
4758,300,119,82,99,27.3333,33.0000
4759,298,116,79,103,26.5101,34.5638
4760,300,117,79,104,26.3333,34.6667
4761,299,115,83,101,27.7592,33.7793
4762,298,111,80,107,26.8456,35.9060
4763,298,113,75,110,25.1678,36.9128
4764,298,111,77,110,25.8389,36.9128
4765,299,111,78,110,26.0870,36.7893
4766,299,109,79,111,26.4214,37.1237
4767,300,109,78,113,26.0000,37.6667
4768,300,106,78,116,26.0000,38.6667
4769,300,103,80,117,26.6667,39.0000
4770,299,100,83,116,27.7592,38.7960
4771,299,100,83,116,27.7592,38.7960
4772,295,102,77,116,26.1017,39.3220
4773,298,103,77,118,25.8389,39.5973
4774,296,100,77,119,26.0135,40.2027
4775,295,103,74,118,25.0847,40.0000
4776,297,104,75,118,25.2525,39.7306
4777,296,106,75,115,25.3378,38.8514
4778,300,111,71,118,23.6667,39.3333
4779,299,109,74,116,24.7492,38.7960
4780,305,115,72,118,23.6066,38.6885
4781,303,114,70,119,23.1023,39.2739
4782,298,113,64,121,21.4765,40.6040
4783,298,114,63,121,21.1409,40.6040
4784,304,119,61,124,20.0658,40.7895
4785,303,120,60,123,19.8020,40.5941
4786,302,116,59,127,19.5364,42.0530
4787,302,116,57,129,18.8742,42.7152
4788,300,116,57,127,19.0000,42.3333
4789,299,115,54,130,18.0602,43.4783
4790,302,117,53,132,17.5497,43.7086
4791,302,116,53,133,17.5497,44.0397
4792,302,116,54,132,17.8808,43.7086
4793,302,113,59,130,19.5364,43.0464
4794,299,110,60,129,20.0669,43.1438
4795,302,115,61,126,20.1987,41.7219
4796,302,113,62,127,20.5298,42.0530
4797,300,110,62,128,20.6667,42.6667
4798,299,110,62,127,20.7358,42.4749
4799,301,110,65,126,21.5947,41.8605
4800,300,107,63,130,21.0000,43.3333
4801,299,110,60,129,20.0669,43.1438
4802,299,109,62,128,20.7358,42.8094
4803,300,113,63,124,21.0000,41.3333
4804,299,114,62,123,20.7358,41.1371
4805,303,118,63,122,20.7921,40.2640
4806,301,117,59,125,19.6013,41.5282
4807,301,115,58,128,19.2691,42.5249
4808,301,114,60,127,19.9336,42.1927
4809,301,113,61,127,20.2658,42.1927
4810,301,109,65,127,21.5947,42.1927
4811,301,113,63,125,20.9302,41.5282
4812,301,110,67,124,22.2591,41.1960
4813,300,106,65,129,21.6667,43.0000
4814,300,110,63,127,21.0000,42.3333
4815,300,114,62,124,20.6667,41.3333
4816,300,115,60,125,20.0000,41.6667
4817,298,113,61,124,20.4698,41.6107
4818,298,115,57,126,19.1275,42.2819
4819,296,117,54,125,18.2432,42.2297
4820,299,120,56,123,18.7291,41.1371
4821,301,124,55,122,18.2724,40.5316
4822,300,122,53,125,17.6667,41.6667
4823,299,122,52,125,17.3913,41.8060
4824,303,125,55,123,18.1518,40.5941
4825,303,126,54,123,17.8218,40.5941
4826,303,126,54,123,17.8218,40.5941
4827,303,125,54,124,17.8218,40.9241
4828,303,126,53,124,17.4917,40.9241
4829,302,127,51,124,16.8874,41.0596
4830,301,127,51,123,16.9435,40.8638
4831,301,127,49,125,16.2791,41.5282
4832,300,131,49,120,16.3333,40.0000
4833,299,132,43,124,14.3813,41.4716
4834,303,134,45,124,14.8515,40.9241
4835,303,132,45,126,14.8515,41.5842
4836,303,134,45,124,14.8515,40.9241
4837,302,131,47,124,15.5629,41.0596
4838,302,134,46,122,15.2318,40.3974
4839,302,136,48,118,15.8940,39.0728
4840,302,136,47,119,15.5629,39.4040
4841,302,134,48,120,15.8940,39.7351
4842,302,136,46,120,15.2318,39.7351
4843,302,137,47,118,15.5629,39.0728
4844,301,134,47,120,15.6146,39.8671
4845,301,132,49,120,16.2791,39.8671
4846,300,129,51,120,17.0000,40.0000
4847,300,127,51,122,17.0000,40.6667
4848,300,125,55,120,18.3333,40.0000
4849,298,125,56,117,18.7919,39.2617
4850,301,126,56,119,18.6047,39.5349
4851,300,122,57,121,19.0000,40.3333
4852,299,124,58,117,19.3980,39.1304
4853,300,127,59,114,19.6667,38.0000
4854,300,126,60,114,20.0000,38.0000
4855,298,123,60,115,20.1342,38.5906
4856,301,124,61,116,20.2658,38.5382
4857,300,121,62,117,20.6667,39.0000
4858,299,123,60,116,20.0669,38.7960
4859,304,127,63,114,20.7237,37.5000
4860,303,127,62,114,20.4620,37.6238
4861,303,128,61,114,20.1320,37.6238
4862,302,126,60,116,19.8675,38.4106
4863,302,127,63,112,20.8609,37.0861
4864,300,122,67,111,22.3333,37.0000
4865,299,124,65,110,21.7391,36.7893
4866,300,127,66,107,22.0000,35.6667
4867,299,121,70,108,23.4114,36.1204
4868,301,122,71,108,23.5880,35.8804
4869,299,118,72,109,24.0803,36.4548
4870,301,124,71,106,23.5880,35.2159
4871,300,120,72,108,24.0000,36.0000
4872,300,120,73,107,24.3333,35.6667
4873,299,118,73,108,24.4147,36.1204
4874,303,123,75,105,24.7525,34.6535
4875,301,119,75,107,24.9169,35.5482
4876,301,113,79,109,26.2458,36.2126
4877,301,114,77,110,25.5814,36.5449
4878,300,107,81,112,27.0000,37.3333
4879,299,105,82,112,27.4247,37.4582
4880,302,105,86,111,28.4768,36.7550
4881,301,104,88,109,29.2359,36.2126
4882,300,101,93,106,31.0000,35.3333
4883,299,102,92,105,30.7692,35.1171
4884,300,103,88,109,29.3333,36.3333
4885,297,107,84,106,28.2828,35.6902
4886,299,108,87,104,29.0970,34.7826
4887,297,106,89,102,29.9663,34.3434
4888,298,105,84,109,28.1879,36.5772
4889,297,102,83,112,27.9461,37.7104
4890,298,105,84,109,28.1879,36.5772
4891,299,99,87,113,29.0970,37.7926
4892,301,101,84,116,27.9070,38.5382
4893,300,101,85,114,28.3333,38.0000
4894,300,103,85,112,28.3333,37.3333
4895,300,98,86,116,28.6667,38.6667
4896,299,99,79,121,26.4214,40.4682
4897,302,99,81,122,26.8212,40.3974
4898,301,97,79,125,26.2458,41.5282
4899,299,99,74,126,24.7492,42.1405
4900,297,98,71,128,23.9057,43.0976
4901,297,97,70,130,23.5690,43.7710
4902,294,99,65,130,22.1088,44.2177
4903,295,102,63,130,21.3559,44.0678
4904,297,103,63,131,21.2121,44.1077
4905,299,102,65,132,21.7391,44.1472
4906,298,101,64,133,21.4765,44.6309
4907,299,103,61,135,20.4013,45.1505
4908,301,103,61,137,20.2658,45.5150
4909,301,102,61,138,20.2658,45.8472
4910,299,102,60,137,20.0669,45.8194
4911,299,99,60,140,20.0669,46.8227
4912,304,102,60,142,19.7368,46.7105
4913,303,100,61,142,20.1320,46.8647
4914,302,103,60,139,19.8675,46.0265
4915,301,101,58,142,19.2691,47.1761
4916,299,101,57,141,19.0635,47.1572
4917,300,105,55,140,18.3333,46.6667
4918,300,104,52,144,17.3333,48.0000
4919,300,108,51,141,17.0000,47.0000
4920,299,108,52,139,17.3913,46.4883
4921,300,108,53,139,17.6667,46.3333
4922,300,108,53,139,17.6667,46.3333
4923,300,112,52,136,17.3333,45.3333
4924,300,110,53,137,17.6667,45.6667
4925,300,108,55,137,18.3333,45.6667
4926,300,104,56,140,18.6667,46.6667
4927,298,106,53,139,17.7852,46.6443
4928,297,108,52,137,17.5084,46.1279
4929,296,110,51,135,17.2297,45.6081
4930,296,111,52,133,17.5676,44.9324
4931,299,113,51,135,17.0569,45.1505
4932,298,112,48,138,16.1074,46.3087
4933,303,118,47,138,15.5116,45.5446
4934,302,115,46,141,15.2318,46.6887
4935,302,115,48,139,15.8940,46.0265
4936,301,118,48,135,15.9468,44.8505
4937,301,119,49,133,16.2791,44.1860
4938,301,117,48,136,15.9468,45.1827
4939,301,118,48,135,15.9468,44.8505
4940,300,124,49,127,16.3333,42.3333
4941,299,125,51,123,17.0569,41.1371
4942,298,125,47,126,15.7718,42.2819
4943,299,126,51,122,17.0569,40.8027
4944,301,130,52,119,17.2757,39.5349
4945,300,130,51,119,17.0000,39.6667
4946,299,129,49,121,16.3880,40.4682
4947,301,134,48,119,15.9468,39.5349
4948,301,142,49,110,16.2791,36.5449
4949,300,143,47,110,15.6667,36.6667
4950,300,145,46,109,15.3333,36.3333
4951,298,145,45,108,15.1007,36.2416
4952,297,146,44,107,14.8148,36.0269
4953,299,149,43,107,14.3813,35.7860
4954,301,154,43,104,14.2857,34.5515
4955,301,154,41,106,13.6213,35.2159
4956,301,149,46,106,15.2824,35.2159
4957,301,145,49,107,16.2791,35.5482
4958,300,146,49,105,16.3333,35.0000
4959,300,149,49,102,16.3333,34.0000
4960,300,149,52,99,17.3333,33.0000
4961,299,152,47,100,15.7191,33.4448
4962,304,158,48,98,15.7895,32.2368
4963,304,159,48,97,15.7895,31.9079
4964,304,160,46,98,15.1316,32.2368
4965,304,162,45,97,14.8026,31.9079
4966,304,161,45,98,14.8026,32.2368
4967,300,161,43,96,14.3333,32.0000
4968,300,158,46,96,15.3333,32.0000
4969,300,157,49,94,16.3333,31.3333
4970,300,160,49,91,16.3333,30.3333
4971,299,161,48,90,16.0535,30.1003
4972,300,162,48,90,16.0000,30.0000
4973,299,163,46,90,15.3846,30.1003
4974,300,163,49,88,16.3333,29.3333
4975,300,158,54,88,18.0000,29.3333
4976,296,156,52,88,17.5676,29.7297
4977,299,159,52,88,17.3913,29.4314
4978,300,163,49,88,16.3333,29.3333
4979,300,161,52,87,17.3333,29.0000
4980,298,158,51,89,17.1141,29.8658
4981,301,155,57,89,18.9369,29.5681
4982,301,156,58,87,19.2691,28.9037
4983,301,159,58,84,19.2691,27.9070
4984,300,161,56,83,18.6667,27.6667
4985,300,160,57,83,19.0000,27.6667
4986,300,159,61,80,20.3333,26.6667
4987,298,154,64,80,21.4765,26.8456
4988,298,153,64,81,21.4765,27.1812
4989,300,150,66,84,22.0000,28.0000
4990,300,152,66,82,22.0000,27.3333
4991,299,148,68,83,22.7425,27.7592
4992,302,147,72,83,23.8411,27.4834
4993,301,141,76,84,25.2492,27.9070
4994,301,142,76,83,25.2492,27.5748
4995,300,137,76,87,25.3333,29.0000
4996,299,135,74,90,24.7492,30.1003
4997,300,135,74,91,24.6667,30.3333
4998,300,131,79,90,26.3333,30.0000
4999,300,130,81,89,27.0000,29.6667
5000,297,124,83,90,27.9461,30.3030
5001,296,119,81,96,27.3649,32.4324
5002,300,119,87,94,29.0000,31.3333
5003,300,117,91,92,30.3333,30.6667
5004,300,114,92,94,30.6667,31.3333
5005,300,112,95,93,31.6667,31.0000
5006,300,106,98,96,32.6667,32.0000
5007,299,106,98,95,32.7759,31.7726
5008,301,109,95,97,31.5615,32.2259
5009,301,105,96,100,31.8937,33.2226
5010,300,100,98,102,32.6667,34.0000
5011,300,97,101,102,33.6667,34.0000
5012,298,96,97,105,32.5503,35.2349
5013,298,97,97,104,32.5503,34.8993
5014,299,96,94,109,31.4381,36.4548
5015,299,91,100,108,33.4448,36.1204
5016,299,93,97,109,32.4415,36.4548
5017,300,88,102,110,34.0000,36.6667
5018,299,85,101,113,33.7793,37.7926
5019,296,83,100,113,33.7838,38.1757
5020,296,83,96,117,32.4324,39.5270
5021,295,81,91,123,30.8475,41.6949
5022,294,83,87,124,29.5918,42.1769
5023,295,80,87,128,29.4915,43.3898
5024,294,79,85,130,28.9116,44.2177
5025,294,80,81,133,27.5510,45.2381
5026,295,79,80,136,27.1186,46.1017
5027,293,78,76,139,25.9386,47.4403
5028,295,75,82,138,27.7966,46.7797
5029,294,74,85,135,28.9116,45.9184
5030,293,75,79,139,26.9625,47.4403
5031,293,77,77,139,26.2799,47.4403
5032,295,78,79,138,26.7797,46.7797
5033,296,80,76,140,25.6757,47.2973
5034,296,80,75,141,25.3378,47.6351
5035,297,83,71,143,23.9057,48.1481
5036,299,84,68,147,22.7425,49.1639
5037,299,82,67,150,22.4080,50.1672
5038,298,79,64,155,21.4765,52.0134
5039,300,81,61,158,20.3333,52.6667
5040,300,82,61,157,20.3333,52.3333
5041,298,82,61,155,20.4698,52.0134
5042,301,85,61,155,20.2658,51.4950
5043,301,85,60,156,19.9336,51.8272
5044,299,84,56,159,18.7291,53.1773
5045,303,87,58,158,19.1419,52.1452
5046,302,87,58,157,19.2053,51.9868
5047,302,89,57,156,18.8742,51.6556
5048,301,92,53,156,17.6080,51.8272
5049,300,94,48,158,16.0000,52.6667
5050,298,96,43,159,14.4295,53.3557
5051,300,98,42,160,14.0000,53.3333
5052,298,96,41,161,13.7584,54.0268
5053,300,106,39,155,13.0000,51.6667
5054,299,107,37,155,12.3746,51.8395
5055,299,108,37,154,12.3746,51.5050
5056,303,113,38,152,12.5413,50.1650
5057,302,111,37,154,12.2517,50.9934
5058,302,111,38,153,12.5828,50.6623
5059,302,114,34,154,11.2583,50.9934
5060,302,115,35,152,11.5894,50.3311
5061,301,120,34,147,11.2957,48.8372
5062,300,117,36,147,12.0000,49.0000
5063,299,119,34,146,11.3712,48.8294
5064,299,124,33,142,11.0368,47.4916
5065,300,128,31,141,10.3333,47.0000
5066,300,131,32,137,10.6667,45.6667
5067,299,128,34,137,11.3712,45.8194
5068,299,132,34,133,11.3712,44.4816
5069,304,139,33,132,10.8553,43.4211
5070,304,142,34,128,11.1842,42.1053
5071,304,142,34,128,11.1842,42.1053
5072,303,142,36,125,11.8812,41.2541
5073,303,146,38,119,12.5413,39.2739
5074,303,147,40,116,13.2013,38.2838
5075,303,148,43,112,14.1914,36.9637
5076,302,149,43,110,14.2384,36.4238
5077,300,152,42,106,14.0000,35.3333
5078,299,152,43,104,14.3813,34.7826
5079,301,157,42,102,13.9535,33.8870
5080,301,157,42,102,13.9535,33.8870
5081,301,156,42,103,13.9535,34.2193
5082,301,160,44,97,14.6179,32.2259
5083,300,159,42,99,14.0000,33.0000
5084,300,159,44,97,14.6667,32.3333
5085,299,161,44,94,14.7157,31.4381
5086,299,161,45,93,15.0502,31.1037
5087,303,165,46,92,15.1815,30.3630
5088,300,169,45,86,15.0000,28.6667
5089,299,174,43,82,14.3813,27.4247
5090,301,175,48,78,15.9468,25.9136
5091,300,177,47,76,15.6667,25.3333
5092,299,171,51,77,17.0569,25.7525
5093,301,172,52,77,17.2757,25.5814
5094,300,170,52,78,17.3333,26.0000
5095,299,168,52,79,17.3913,26.4214
5096,304,170,57,77,18.7500,25.3289
5097,303,171,56,76,18.4818,25.0825
5098,302,167,57,78,18.8742,25.8278
5099,302,169,57,76,18.8742,25.1656
5100,302,171,57,74,18.8742,24.5033
5101,302,174,59,69,19.5364,22.8477
5102,302,175,58,69,19.2053,22.8477
5103,301,176,57,68,18.9369,22.5914
5104,301,166,67,68,22.2591,22.5914
5105,301,164,68,69,22.5914,22.9236
5106,300,160,72,68,24.0000,22.6667
5107,299,157,72,70,24.0803,23.4114
5108,300,155,74,71,24.6667,23.6667
5109,300,152,78,70,26.0000,23.3333
5110,300,150,81,69,27.0000,23.0000
5111,298,149,82,67,27.5168,22.4832
5112,304,152,82,70,26.9737,23.0263
5113,302,140,89,73,29.4702,24.1722
5114,302,137,92,73,30.4636,24.1722
5115,300,128,97,75,32.3333,25.0000
5116,299,126,95,78,31.7726,26.0870
5117,299,124,97,78,32.4415,26.0870
5118,299,123,97,79,32.4415,26.4214
5119,301,117,106,78,35.2159,25.9136
5120,301,115,108,78,35.8804,25.9136
5121,300,115,107,78,35.6667,26.0000
5122,299,109,110,80,36.7893,26.7559
5123,302,108,115,79,38.0795,26.1589
5124,302,101,115,86,38.0795,28.4768
5125,301,96,114,91,37.8738,30.2326
5126,300,91,116,93,38.6667,31.0000
5127,297,85,119,93,40.0673,31.3131
5128,299,87,118,94,39.4649,31.4381
5129,298,81,120,97,40.2685,32.5503
5130,297,76,119,102,40.0673,34.3434
5131,297,76,117,104,39.3939,35.0168
5132,296,77,112,107,37.8378,36.1486
5133,298,78,106,114,35.5705,38.2550
5134,296,81,99,116,33.4459,39.1892
5135,297,83,93,121,31.3131,40.7407
5136,299,82,90,127,30.1003,42.4749
5137,301,83,88,130,29.2359,43.1894
5138,301,78,91,132,30.2326,43.8538
5139,300,78,85,137,28.3333,45.6667
5140,299,76,81,142,27.0903,47.4916
5141,301,79,77,145,25.5814,48.1728
5142,300,76,79,145,26.3333,48.3333
5143,299,71,78,150,26.0870,50.1672
5144,301,74,77,150,25.5814,49.8339
5145,296,76,70,150,23.6486,50.6757
5146,297,79,64,154,21.5488,51.8519
5147,301,85,59,157,19.6013,52.1595
5148,300,82,61,157,20.3333,52.3333
5149,299,82,56,161,18.7291,53.8462
5150,299,86,50,163,16.7224,54.5151
5151,300,86,49,165,16.3333,55.0000
5152,300,89,46,165,15.3333,55.0000
5153,300,85,48,167,16.0000,55.6667
5154,300,86,49,165,16.3333,55.0000
5155,299,86,49,164,16.3880,54.8495
5156,300,89,47,164,15.6667,54.6667
5157,300,89,47,164,15.6667,54.6667
5158,299,88,43,168,14.3813,56.1873
5159,301,92,42,167,13.9535,55.4817
5160,300,92,41,167,13.6667,55.6667
5161,298,92,41,165,13.7584,55.3691
5162,299,90,45,164,15.0502,54.8495
5163,299,92,42,165,14.0468,55.1839
5164,298,97,38,163,12.7517,54.6980
5165,301,102,38,161,12.6246,53.4884
5166,301,102,38,161,12.6246,53.4884
5167,300,104,38,158,12.6667,52.6667
5168,300,104,38,158,12.6667,52.6667
5169,299,106,36,157,12.0401,52.5084
5170,304,114,35,155,11.5132,50.9868
5171,302,114,34,154,11.2583,50.9934
5172,302,113,35,154,11.5894,50.9934
5173,301,115,33,153,10.9635,50.8306
5174,298,115,32,151,10.7383,50.6711
5175,300,112,36,152,12.0000,50.6667
5176,300,118,37,145,12.3333,48.3333
5177,299,124,35,140,11.7057,46.8227
5178,302,125,37,140,12.2517,46.3576
5179,302,122,40,140,13.2450,46.3576
5180,302,123,40,139,13.2450,46.0265
5181,302,126,39,137,12.9139,45.3642
5182,301,131,37,133,12.2924,44.1860
5183,300,133,35,132,11.6667,44.0000
5184,299,136,34,129,11.3712,43.1438
5185,302,145,36,121,11.9205,40.0662
5186,302,145,37,120,12.2517,39.7351
5187,302,152,37,113,12.2517,37.4172
5188,300,157,36,107,12.0000,35.6667
5189,298,160,34,104,11.4094,34.8993
5190,302,165,35,102,11.5894,33.7748
5191,302,169,37,96,12.2517,31.7881
5192,301,173,38,90,12.6246,29.9003
5193,301,174,40,87,13.2890,28.9037
5194,301,174,41,86,13.6213,28.5714
5195,299,177,36,86,12.0401,28.7625
5196,301,178,38,85,12.6246,28.2392
5197,300,175,42,83,14.0000,27.6667
5198,300,176,45,79,15.0000,26.3333
5199,300,178,45,77,15.0000,25.6667
5200,300,176,46,78,15.3333,26.0000
