tick,total,susceptible,infected,immune,pct_infected,pct_immune
0,150,129,10,11,6.6667,7.3333
1,151,128,12,11,7.9470,7.2848
2,153,130,12,11,7.8431,7.1895
3,154,130,13,11,8.4416,7.1429
4,158,130,17,11,10.7595,6.9620
5,162,132,19,11,11.7284,6.7901
6,163,132,20,11,12.2699,6.7485
7,165,134,20,11,12.1212,6.6667
8,168,136,21,11,12.5000,6.5476
9,169,136,22,11,13.0178,6.5089
10,169,135,23,11,13.6095,6.5089
11,174,138,25,11,14.3678,6.3218
12,174,135,28,11,16.0920,6.3218
13,174,134,29,11,16.6667,6.3218
14,178,137,30,11,16.8539,6.1798
15,179,137,31,11,17.3184,6.1453
16,180,137,32,11,17.7778,6.1111
17,182,134,37,11,20.3297,6.0440
18,183,134,38,11,20.7650,6.0109
19,184,131,42,11,22.8261,5.9783
20,184,130,43,11,23.3696,5.9783
21,181,128,34,19,18.7845,10.4972
22,182,126,36,20,19.7802,10.9890
23,183,126,36,21,19.6721,11.4754
24,185,126,35,24,18.9189,12.9730
25,186,125,36,25,19.3548,13.4409
26,187,126,34,27,18.1818,14.4385
27,189,125,37,27,19.5767,14.2857
28,191,126,37,28,19.3717,14.6597
29,192,125,39,28,20.3125,14.5833
30,195,123,43,29,22.0513,14.8718
31,193,120,43,30,22.2798,15.5440
32,194,120,43,31,22.1649,15.9794
33,194,119,43,32,22.1649,16.4948
34,195,117,46,32,23.5897,16.4103
35,195,117,45,33,23.0769,16.9231
36,197,116,46,35,23.3503,17.7665
37,198,112,49,37,24.7475,18.6869
38,198,111,49,38,24.7475,19.1919
39,197,107,50,40,25.3807,20.3046
40,197,104,51,42,25.8883,21.3198
41,199,105,50,44,25.1256,22.1106
42,198,106,47,45,23.7374,22.7273
43,199,105,48,46,24.1206,23.1156
44,201,105,48,48,23.8806,23.8806
45,202,105,46,51,22.7723,25.2475
46,205,104,50,51,24.3902,24.8780
47,208,105,51,52,24.5192,25.0000
48,211,107,50,54,23.6967,25.5924
49,213,108,48,57,22.5352,26.7606
50,214,107,46,61,21.4953,28.5047
51,216,107,45,64,20.8333,29.6296
52,218,119,45,54,20.6422,24.7706
53,218,119,44,55,20.1835,25.2294
54,220,118,44,58,20.0000,26.3636
55,219,115,46,58,21.0046,26.4840
56,222,117,45,60,20.2703,27.0270
57,222,116,44,62,19.8198,27.9279
58,221,116,41,64,18.5520,28.9593
59,224,113,45,66,20.0893,29.4643
60,227,114,44,69,19.3833,30.3965
61,228,114,42,72,18.4211,31.5789
62,229,113,44,72,19.2140,31.4410
63,230,113,43,74,18.6957,32.1739
64,231,113,44,74,19.0476,32.0346
65,234,114,44,76,18.8034,32.4786
66,232,113,41,78,17.6724,33.6207
67,231,114,38,79,16.4502,34.1991
68,232,114,39,79,16.8103,34.0517
69,234,114,39,81,16.6667,34.6154
70,235,114,40,81,17.0213,34.4681
71,236,115,38,83,16.1017,35.1695
72,237,115,37,85,15.6118,35.8650
73,240,125,35,80,14.5833,33.3333
74,241,124,36,81,14.9378,33.6100
75,243,126,36,81,14.8148,33.3333
76,244,129,34,81,13.9344,33.1967
77,247,132,35,80,14.1700,32.3887
78,248,133,35,80,14.1129,32.2581
79,252,137,33,82,13.0952,32.5397
80,254,141,28,85,11.0236,33.4646
81,258,143,27,88,10.4651,34.1085
82,260,145,27,88,10.3846,33.8462
83,262,147,27,88,10.3053,33.5878
84,264,151,24,89,9.0909,33.7121
85,266,151,27,88,10.1504,33.0827
86,267,153,25,89,9.3633,33.3333
87,270,157,24,89,8.8889,32.9630
88,272,161,23,88,8.4559,32.3529
89,281,171,23,87,8.1851,30.9609
90,285,175,23,87,8.0702,30.5263
91,287,177,25,85,8.7108,29.6167
92,288,180,25,83,8.6806,28.8194
93,291,184,24,83,8.2474,28.5223
94,293,187,24,82,8.1911,27.9863
95,297,188,25,84,8.4175,28.2828
96,299,191,26,82,8.6957,27.4247
97,300,194,26,80,8.6667,26.6667
98,300,194,24,82,8.0000,27.3333
99,300,193,24,83,8.0000,27.6667
100,300,194,25,81,8.3333,27.0000
101,300,196,25,79,8.3333,26.3333
102,300,196,27,77,9.0000,25.6667
103,300,197,27,76,9.0000,25.3333
104,300,195,30,75,10.0000,25.0000
105,299,193,32,74,10.7023,24.7492
106,300,196,31,73,10.3333,24.3333
107,300,193,34,73,11.3333,24.3333
108,300,194,35,71,11.6667,23.6667
109,300,192,39,69,13.0000,23.0000
110,300,187,44,69,14.6667,23.0000
111,299,186,46,67,15.3846,22.4080
112,302,190,47,65,15.5629,21.5232
113,301,189,49,63,16.2791,20.9302
114,301,187,51,63,16.9435,20.9302
115,301,188,49,64,16.2791,21.2625
116,301,183,52,66,17.2757,21.9269
117,299,184,50,65,16.7224,21.7391
118,303,184,56,63,18.4818,20.7921
119,303,180,60,63,19.8020,20.7921
120,303,178,60,65,19.8020,21.4521
121,303,179,60,64,19.8020,21.1221
122,303,174,64,65,21.1221,21.4521
123,303,171,66,66,21.7822,21.7822
124,303,166,71,66,23.4323,21.7822
125,302,162,74,66,24.5033,21.8543
126,302,156,79,67,26.1589,22.1854
127,302,147,88,67,29.1391,22.1854
128,302,146,89,67,29.4702,22.1854
129,302,140,93,69,30.7947,22.8477
130,300,140,90,70,30.0000,23.3333
131,299,137,89,73,29.7659,24.4147
132,299,137,92,70,30.7692,23.4114
133,301,139,92,70,30.5648,23.2558
134,301,139,89,73,29.5681,24.2525
135,301,136,93,72,30.8970,23.9203
136,298,133,94,71,31.5436,23.8255
137,300,133,94,73,31.3333,24.3333
138,300,131,94,75,31.3333,25.0000
139,298,127,93,78,31.2081,26.1745
140,302,126,96,80,31.7881,26.4901
141,302,120,100,82,33.1126,27.1523
142,302,116,103,83,34.1060,27.4834
143,300,111,102,87,34.0000,29.0000
144,299,106,103,90,34.4482,30.1003
145,295,100,103,92,34.9153,31.1864
146,294,96,102,96,34.6939,32.6531
147,295,99,95,101,32.2034,34.2373
148,296,98,90,108,30.4054,36.4865
149,300,100,91,109,30.3333,36.3333
150,300,98,90,112,30.0000,37.3333
151,299,92,95,112,31.7726,37.4582
152,302,96,90,116,29.8013,38.4106
153,302,95,88,119,29.1391,39.4040
154,300,95,86,119,28.6667,39.6667
155,300,92,89,119,29.6667,39.6667
156,300,92,86,122,28.6667,40.6667
157,299,90,82,127,27.4247,42.4749
158,302,93,84,125,27.8146,41.3907
159,300,90,81,129,27.0000,43.0000
160,298,87,78,133,26.1745,44.6309
161,299,84,78,137,26.0870,45.8194
162,300,86,71,143,23.6667,47.6667
163,300,86,66,148,22.0000,49.3333
164,300,84,66,150,22.0000,50.0000
165,296,85,59,152,19.9324,51.3514
166,297,87,55,155,18.5185,52.1886
167,298,90,51,157,17.1141,52.6846
168,301,92,51,158,16.9435,52.4917
169,300,93,49,158,16.3333,52.6667
170,298,92,44,162,14.7651,54.3624
171,301,95,40,166,13.2890,55.1495
172,300,93,40,167,13.3333,55.6667
173,300,92,41,167,13.6667,55.6667
174,299,91,40,168,13.3779,56.1873
175,300,97,36,167,12.0000,55.6667
176,299,97,37,165,12.3746,55.1839
177,300,98,37,165,12.3333,55.0000
178,298,100,36,162,12.0805,54.3624
179,300,102,37,161,12.3333,53.6667
180,298,103,34,161,11.4094,54.0268
181,297,104,33,160,11.1111,53.8721
182,298,108,32,158,10.7383,53.0201
183,300,115,33,152,11.0000,50.6667
184,299,110,37,152,12.3746,50.8361
185,301,115,35,151,11.6279,50.1661
186,301,117,36,148,11.9601,49.1694
187,300,113,39,148,13.0000,49.3333
188,300,112,38,150,12.6667,50.0000
189,299,112,39,148,13.0435,49.4983
190,302,113,44,145,14.5695,48.0132
191,302,112,47,143,15.5629,47.3510
192,301,114,45,142,14.9502,47.1761
193,299,112,47,140,15.7191,46.8227
194,302,115,48,139,15.8940,46.0265
195,302,116,49,137,16.2252,45.3642
196,302,118,48,136,15.8940,45.0331
197,301,117,52,132,17.2757,43.8538
198,301,120,52,129,17.2757,42.8571
199,300,128,51,121,17.0000,40.3333
200,299,132,52,115,17.3913,38.4615
201,301,134,53,114,17.6080,37.8738
202,301,136,54,111,17.9402,36.8771
203,299,132,58,109,19.3980,36.4548
204,302,137,58,107,19.2053,35.4305
205,300,137,59,104,19.6667,34.6667
206,300,137,60,103,20.0000,34.3333
207,300,134,61,105,20.3333,35.0000
208,300,134,62,104,20.6667,34.6667
209,299,134,65,100,21.7391,33.4448
210,302,132,69,101,22.8477,33.4437
211,302,135,64,103,21.1921,34.1060
212,301,135,65,101,21.5947,33.5548
213,301,138,62,101,20.5980,33.5548
214,301,144,61,96,20.2658,31.8937
215,300,147,62,91,20.6667,30.3333
216,300,147,63,90,21.0000,30.0000
217,299,148,63,88,21.0702,29.4314
218,301,150,62,89,20.5980,29.5681
219,300,152,64,84,21.3333,28.0000
220,300,148,67,85,22.3333,28.3333
221,300,146,69,85,23.0000,28.3333
222,299,148,66,85,22.0736,28.4281
223,305,153,70,82,22.9508,26.8852
224,304,156,64,84,21.0526,27.6316
225,302,152,66,84,21.8543,27.8146
226,302,152,64,86,21.1921,28.4768
227,302,150,68,84,22.5166,27.8146
228,301,144,69,88,22.9236,29.2359
229,300,143,66,91,22.0000,30.3333
230,299,137,67,95,22.4080,31.7726
231,299,137,64,98,21.4047,32.7759
232,301,138,67,96,22.2591,31.8937
233,301,131,71,99,23.5880,32.8904
234,299,128,73,98,24.4147,32.7759
235,302,126,77,99,25.4967,32.7815
236,300,123,77,100,25.6667,33.3333
237,300,119,80,101,26.6667,33.6667
238,299,116,83,100,27.7592,33.4448
239,300,113,85,102,28.3333,34.0000
240,299,111,86,102,28.7625,34.1137
241,298,108,85,105,28.5235,35.2349
242,299,107,86,106,28.7625,35.4515
243,300,108,83,109,27.6667,36.3333
244,300,108,85,107,28.3333,35.6667
245,299,108,84,107,28.0936,35.7860
246,299,108,82,109,27.4247,36.4548
247,299,111,79,109,26.4214,36.4548
248,301,112,77,112,25.5814,37.2093
249,299,110,76,113,25.4181,37.7926
250,302,110,76,116,25.1656,38.4106
251,301,106,76,119,25.2492,39.5349
252,300,105,77,118,25.6667,39.3333
253,300,105,75,120,25.0000,40.0000
254,296,104,67,125,22.6351,42.2297
255,296,103,66,127,22.2973,42.9054
256,297,105,65,127,21.8855,42.7609
257,297,105,62,130,20.8754,43.7710
258,298,106,58,134,19.4631,44.9664
259,303,114,52,137,17.1617,45.2145
260,300,115,49,136,16.3333,45.3333
261,300,114,48,138,16.0000,46.0000
262,300,109,49,142,16.3333,47.3333
263,300,111,50,139,16.6667,46.3333
264,300,112,48,140,16.0000,46.6667
265,300,111,50,139,16.6667,46.3333
266,300,112,52,136,17.3333,45.3333
267,299,112,50,137,16.7224,45.8194
268,300,113,51,136,17.0000,45.3333
269,298,112,50,136,16.7785,45.6376
270,297,114,50,133,16.8350,44.7811
271,300,115,49,136,16.3333,45.3333
272,299,113,52,134,17.3913,44.8161
273,302,117,50,135,16.5563,44.7020
274,302,118,50,134,16.5563,44.3709
275,302,119,51,132,16.8874,43.7086
276,301,122,48,131,15.9468,43.5216
277,300,120,49,131,16.3333,43.6667
278,300,122,49,129,16.3333,43.0000
279,300,118,53,129,17.6667,43.0000
280,300,118,57,125,19.0000,41.6667
281,300,119,58,123,19.3333,41.0000
282,297,119,56,122,18.8552,41.0774
283,298,119,57,122,19.1275,40.9396
284,298,117,59,122,19.7987,40.9396
285,300,121,61,118,20.3333,39.3333
286,298,113,63,122,21.1409,40.9396
287,299,112,66,121,22.0736,40.4682
288,301,114,68,119,22.5914,39.5349
289,300,110,71,119,23.6667,39.6667
290,300,110,70,120,23.3333,40.0000
291,300,107,73,120,24.3333,40.0000
292,299,109,70,120,23.4114,40.1338
293,301,110,70,121,23.2558,40.1993
294,301,109,70,122,23.2558,40.5316
295,301,111,72,118,23.9203,39.2027
296,301,109,74,118,24.5847,39.2027
297,300,108,73,119,24.3333,39.6667
298,300,106,76,118,25.3333,39.3333
299,299,105,73,121,24.4147,40.4682
300,300,109,74,117,24.6667,39.0000
301,300,107,73,120,24.3333,40.0000
302,300,108,72,120,24.0000,40.0000
303,298,106,72,120,24.1611,40.2685
304,301,103,76,122,25.2492,40.5316
305,300,104,76,120,25.3333,40.0000
306,297,107,71,119,23.9057,40.0673
307,297,106,72,119,24.2424,40.0673
308,299,108,71,120,23.7458,40.1338
309,305,116,69,120,22.6230,39.3443
310,304,117,68,119,22.3684,39.1447
311,304,120,69,115,22.6974,37.8289
312,304,111,75,118,24.6711,38.8158
313,303,113,73,117,24.0924,38.6139
314,302,113,74,115,24.5033,38.0795
315,302,114,76,112,25.1656,37.0861
316,300,114,74,112,24.6667,37.3333
317,299,114,76,109,25.4181,36.4548
318,299,111,76,112,25.4181,37.4582
319,299,112,74,113,24.7492,37.7926
320,300,109,75,116,25.0000,38.6667
321,299,108,75,116,25.0836,38.7960
322,303,106,81,116,26.7327,38.2838
323,303,107,79,117,26.0726,38.6139
324,303,106,75,122,24.7525,40.2640
325,302,106,72,124,23.8411,41.0596
326,302,107,72,123,23.8411,40.7285
327,301,104,67,130,22.2591,43.1894
328,301,106,69,126,22.9236,41.8605
329,300,105,68,127,22.6667,42.3333
330,299,107,63,129,21.0702,43.1438
331,303,107,67,129,22.1122,42.5743
332,301,102,66,133,21.9269,44.1860
333,301,100,62,139,20.5980,46.1794
334,300,101,61,138,20.3333,46.0000
335,299,102,61,136,20.4013,45.4849
336,301,98,66,137,21.9269,45.5150
337,300,96,65,139,21.6667,46.3333
338,300,95,67,138,22.3333,46.0000
339,299,91,68,140,22.7425,46.8227
340,299,90,63,146,21.0702,48.8294
341,301,95,62,144,20.5980,47.8405
342,300,95,57,148,19.0000,49.3333
343,298,95,56,147,18.7919,49.3289
344,300,96,59,145,19.6667,48.3333
345,299,93,64,142,21.4047,47.4916
346,299,91,65,143,21.7391,47.8261
347,301,88,68,145,22.5914,48.1728
348,301,87,69,145,22.9236,48.1728
349,300,85,71,144,23.6667,48.0000
350,300,85,72,143,24.0000,47.6667
351,300,88,72,140,24.0000,46.6667
352,299,85,73,141,24.4147,47.1572
353,299,89,68,142,22.7425,47.4916
354,301,92,71,138,23.5880,45.8472
355,300,92,72,136,24.0000,45.3333
356,299,90,67,142,22.4080,47.4916
357,301,93,67,141,22.2591,46.8439
358,300,98,64,138,21.3333,46.0000
359,297,97,63,137,21.2121,46.1279
360,298,100,62,136,20.8054,45.6376
361,299,103,62,134,20.7358,44.8161
362,302,109,62,131,20.5298,43.3775
363,302,111,61,130,20.1987,43.0464
364,301,112,60,129,19.9336,42.8571
365,298,110,58,130,19.4631,43.6242
366,301,115,56,130,18.6047,43.1894
367,300,112,54,134,18.0000,44.6667
368,299,110,55,134,18.3946,44.8161
369,299,107,55,137,18.3946,45.8194
370,300,106,58,136,19.3333,45.3333
371,300,104,62,134,20.6667,44.6667
372,299,104,62,133,20.7358,44.4816
373,299,105,61,133,20.4013,44.4816
374,303,109,60,134,19.8020,44.2244
375,303,113,55,135,18.1518,44.5545
376,303,118,53,132,17.4917,43.5644
377,302,119,54,129,17.8808,42.7152
378,302,120,54,128,17.8808,42.3841
379,302,126,53,123,17.5497,40.7285
380,299,125,50,124,16.7224,41.4716
381,302,126,53,123,17.5497,40.7285
382,301,125,55,121,18.2724,40.1993
383,301,121,59,121,19.6013,40.1993
384,301,118,66,117,21.9269,38.8704
385,300,124,63,113,21.0000,37.6667
386,299,121,66,112,22.0736,37.4582
387,299,118,68,113,22.7425,37.7926
388,301,116,69,116,22.9236,38.5382
389,301,116,66,119,21.9269,39.5349
390,301,116,66,119,21.9269,39.5349
391,300,114,65,121,21.6667,40.3333
392,299,118,62,119,20.7358,39.7993
393,300,120,60,120,20.0000,40.0000
394,299,124,60,115,20.0669,38.4615
395,305,131,59,115,19.3443,37.7049
396,305,130,60,115,19.6721,37.7049
397,304,123,66,115,21.7105,37.8289
398,303,125,66,112,21.7822,36.9637
399,302,126,66,110,21.8543,36.4238
400,302,126,66,110,21.8543,36.4238
401,301,123,68,110,22.5914,36.5449
402,300,120,67,113,22.3333,37.6667
403,299,120,65,114,21.7391,38.1271
404,303,123,61,119,20.1320,39.2739
405,303,128,58,117,19.1419,38.6139
406,302,125,59,118,19.5364,39.0728
407,299,122,55,122,18.3946,40.8027
408,300,132,50,118,16.6667,39.3333
409,298,131,50,117,16.7785,39.2617
410,299,134,47,118,15.7191,39.4649
411,300,133,50,117,16.6667,39.0000
412,298,131,50,117,16.7785,39.2617
413,302,133,52,117,17.2185,38.7417
414,300,130,54,116,18.0000,38.6667
415,300,125,60,115,20.0000,38.3333
416,300,125,63,112,21.0000,37.3333
417,299,124,62,113,20.7358,37.7926
418,302,127,60,115,19.8675,38.0795
419,302,128,63,111,20.8609,36.7550
420,302,126,66,110,21.8543,36.4238
421,301,127,64,110,21.2625,36.5449
422,300,125,65,110,21.6667,36.6667
423,299,123,64,112,21.4047,37.4582
424,301,124,67,110,22.2591,36.5449
425,300,120,70,110,23.3333,36.6667
426,300,119,72,109,24.0000,36.3333
427,299,119,72,108,24.0803,36.1204
428,302,122,73,107,24.1722,35.4305
429,301,117,78,106,25.9136,35.2159
430,301,112,83,106,27.5748,35.2159
431,301,107,86,108,28.5714,35.8804
432,301,102,89,110,29.5681,36.5449
433,301,99,89,113,29.5681,37.5415
434,301,101,86,114,28.5714,37.8738
435,300,98,83,119,27.6667,39.6667
436,300,92,85,123,28.3333,41.0000
437,299,95,82,122,27.4247,40.8027
438,299,95,79,125,26.4214,41.8060
439,300,98,77,125,25.6667,41.6667
440,298,99,75,124,25.1678,41.6107
441,298,103,75,120,25.1678,40.2685
442,298,102,76,120,25.5034,40.2685
443,299,104,77,118,25.7525,39.4649
444,303,111,76,116,25.0825,38.2838
445,303,110,73,120,24.0924,39.6040
446,303,107,71,125,23.4323,41.2541
447,303,105,72,126,23.7624,41.5842
448,301,102,70,129,23.2558,42.8571
449,300,96,75,129,25.0000,43.0000
450,298,93,70,135,23.4899,45.3020
451,298,94,69,135,23.1544,45.3020
452,297,91,65,141,21.8855,47.4747
453,300,91,64,145,21.3333,48.3333
454,299,93,65,141,21.7391,47.1572
455,301,95,67,139,22.2591,46.1794
456,300,102,64,134,21.3333,44.6667
457,300,102,63,135,21.0000,45.0000
458,299,103,61,135,20.4013,45.1505
459,302,108,63,131,20.8609,43.3775
460,300,111,60,129,20.0000,43.0000
461,300,109,61,130,20.3333,43.3333
462,299,110,62,127,20.7358,42.4749
463,305,115,58,132,19.0164,43.2787
464,304,114,59,131,19.4079,43.0921
465,302,114,58,130,19.2053,43.0464
466,302,108,62,132,20.5298,43.7086
467,299,107,58,134,19.3980,44.8161
468,300,108,58,134,19.3333,44.6667
469,297,112,52,133,17.5084,44.7811
470,295,111,54,130,18.3051,44.0678
471,294,110,52,132,17.6871,44.8980
472,296,110,55,131,18.5811,44.2568
473,296,114,50,132,16.8919,44.5946
474,297,114,50,133,16.8350,44.7811
475,301,119,48,134,15.9468,44.5183
476,301,118,49,134,16.2791,44.5183
477,301,115,52,134,17.2757,44.5183
478,300,114,52,134,17.3333,44.6667
479,300,117,51,132,17.0000,44.0000
480,299,115,53,131,17.7258,43.8127
481,298,111,55,132,18.4564,44.2953
482,299,111,57,131,19.0635,43.8127
483,299,112,56,131,18.7291,43.8127
484,299,113,58,128,19.3980,42.8094
485,305,123,55,127,18.0328,41.6393
486,302,124,53,125,17.5497,41.3907
487,301,125,54,122,17.9402,40.5316
488,300,125,55,120,18.3333,40.0000
489,300,123,60,117,20.0000,39.0000
490,298,124,61,113,20.4698,37.9195
491,300,125,60,115,20.0000,38.3333
492,298,120,64,114,21.4765,38.2550
493,298,121,63,114,21.1409,38.2550
494,299,121,65,113,21.7391,37.7926
495,301,121,66,114,21.9269,37.8738
496,301,116,71,114,23.5880,37.8738
497,301,118,74,109,24.5847,36.2126
498,300,118,75,107,25.0000,35.6667
499,300,117,76,107,25.3333,35.6667
500,300,118,76,106,25.3333,35.3333
501,299,116,76,107,25.4181,35.7860
502,305,127,73,105,23.9344,34.4262
503,305,125,73,107,23.9344,35.0820
504,305,129,71,105,23.2787,34.4262
505,305,131,74,100,24.2623,32.7869
506,305,125,81,99,26.5574,32.4590
507,304,125,80,99,26.3158,32.5658
508,303,123,80,100,26.4026,33.0033
509,302,125,77,100,25.4967,33.1126
510,300,123,74,103,24.6667,34.3333
511,299,123,73,103,24.4147,34.4482
512,302,125,67,110,22.1854,36.4238
513,302,119,72,111,23.8411,36.7550
514,302,114,76,112,25.1656,37.0861
515,301,114,77,110,25.5814,36.5449
516,299,111,73,115,24.4147,38.4615
517,302,110,75,117,24.8344,38.7417
518,302,110,72,120,23.8411,39.7351
519,301,107,74,120,24.5847,39.8671
520,300,104,73,123,24.3333,41.0000
521,299,103,75,121,25.0836,40.4682
522,300,99,80,121,26.6667,40.3333
523,300,99,81,120,27.0000,40.0000
524,298,96,81,121,27.1812,40.6040
525,300,96,84,120,28.0000,40.0000
526,298,96,83,119,27.8523,39.9329
527,299,98,83,118,27.7592,39.4649
528,300,97,85,118,28.3333,39.3333
529,299,98,79,122,26.4214,40.8027
530,300,98,80,122,26.6667,40.6667
531,299,92,86,121,28.7625,40.4682
532,302,94,87,121,28.8079,40.0662
533,300,91,83,126,27.6667,42.0000
534,299,85,84,130,28.0936,43.4783
535,298,88,80,130,26.8456,43.6242
536,297,82,82,133,27.6094,44.7811
537,301,87,80,134,26.5781,44.5183
538,301,85,80,136,26.5781,45.1827
539,301,86,79,136,26.2458,45.1827
540,301,86,76,139,25.2492,46.1794
541,300,85,74,141,24.6667,47.0000
542,298,80,70,148,23.4899,49.6644
543,303,86,71,146,23.4323,48.1848
544,301,88,69,144,22.9236,47.8405
545,300,85,64,151,21.3333,50.3333
546,300,82,68,150,22.6667,50.0000
547,298,83,66,149,22.1477,50.0000
548,301,86,64,151,21.2625,50.1661
549,300,86,64,150,21.3333,50.0000
550,300,88,64,148,21.3333,49.3333
551,299,88,60,151,20.0669,50.5017
552,299,89,59,151,19.7324,50.5017
553,299,92,54,153,18.0602,51.1706
554,303,98,54,151,17.8218,49.8350
555,301,96,53,152,17.6080,50.4983
556,300,99,51,150,17.0000,50.0000
557,300,95,51,154,17.0000,51.3333
558,300,93,49,158,16.3333,52.6667
559,299,93,48,158,16.0535,52.8428
560,300,93,50,157,16.6667,52.3333
561,299,96,50,153,16.7224,51.1706
562,298,97,50,151,16.7785,50.6711
563,300,99,48,153,16.0000,51.0000
564,300,104,49,147,16.3333,49.0000
565,300,105,49,146,16.3333,48.6667
566,297,105,45,147,15.1515,49.4949
567,299,107,45,147,15.0502,49.1639
568,303,117,42,144,13.8614,47.5248
569,303,118,44,141,14.5215,46.5347
570,303,118,47,138,15.5116,45.5446
571,303,118,49,136,16.1716,44.8845
572,301,119,47,135,15.6146,44.8505
573,301,115,51,135,16.9435,44.8505
574,300,113,53,134,17.6667,44.6667
575,299,108,56,135,18.7291,45.1505
576,302,114,53,135,17.5497,44.7020
577,302,115,54,133,17.8808,44.0397
578,301,114,52,135,17.2757,44.8505
579,301,116,53,132,17.6080,43.8538
580,300,116,51,133,17.0000,44.3333
581,299,118,51,130,17.0569,43.4783
582,303,121,52,130,17.1617,42.9043
583,303,117,54,132,17.8218,43.5644
584,303,117,53,133,17.4917,43.8944
585,301,122,51,128,16.9435,42.5249
586,300,122,54,124,18.0000,41.3333
587,299,121,55,123,18.3946,41.1371
588,302,122,59,121,19.5364,40.0662
589,302,125,60,117,19.8675,38.7417
590,301,123,59,119,19.6013,39.5349
591,301,121,62,118,20.5980,39.2027
592,300,122,63,115,21.0000,38.3333
593,299,121,62,116,20.7358,38.7960
594,300,127,62,111,20.6667,37.0000
595,299,125,61,113,20.4013,37.7926
596,302,128,59,115,19.5364,38.0795
597,302,134,61,107,20.1987,35.4305
598,301,131,61,109,20.2658,36.2126
599,301,129,64,108,21.2625,35.8804
600,298,130,64,104,21.4765,34.8993
601,301,129,66,106,21.9269,35.2159
602,301,126,67,108,22.2591,35.8804
603,301,125,72,104,23.9203,34.5515
604,300,127,70,103,23.3333,34.3333
605,299,127,72,100,24.0803,33.4448
606,301,128,73,100,24.2525,33.2226
607,300,129,73,98,24.3333,32.6667
608,299,129,68,102,22.7425,34.1137
609,302,132,70,100,23.1788,33.1126
610,302,132,71,99,23.5099,32.7815
611,301,128,72,101,23.9203,33.5548
612,300,128,70,102,23.3333,34.0000
613,300,128,66,106,22.0000,35.3333
614,298,125,69,104,23.1544,34.8993
615,295,120,72,103,24.4068,34.9153
616,298,117,80,101,26.8456,33.8926
617,300,117,81,102,27.0000,34.0000
618,299,116,82,101,27.4247,33.7793
619,298,116,81,101,27.1812,33.8926
620,301,119,81,101,26.9103,33.5548
621,300,117,79,104,26.3333,34.6667
622,298,113,79,106,26.5101,35.5705
623,299,110,81,108,27.0903,36.1204
624,301,113,78,110,25.9136,36.5449
625,301,110,78,113,25.9136,37.5415
626,301,109,77,115,25.5814,38.2060
627,301,105,80,116,26.5781,38.5382
628,300,104,80,116,26.6667,38.6667
629,300,101,82,117,27.3333,39.0000
630,298,102,81,115,27.1812,38.5906
631,297,97,84,116,28.2828,39.0572
632,296,96,81,119,27.3649,40.2027
633,300,98,84,118,28.0000,39.3333
634,299,96,85,118,28.4281,39.4649
635,299,96,83,120,27.7592,40.1338
636,297,98,75,124,25.2525,41.7508
637,297,96,73,128,24.5791,43.0976
638,298,93,74,131,24.8322,43.9597
639,298,95,71,132,23.8255,44.2953
640,302,98,70,134,23.1788,44.3709
641,302,92,73,137,24.1722,45.3642
642,301,95,71,135,23.5880,44.8505
643,301,92,72,137,23.9203,45.5150
644,300,92,70,138,23.3333,46.0000
645,299,94,69,136,23.0769,45.4849
646,302,97,67,138,22.1854,45.6954
647,302,96,69,137,22.8477,45.3642
648,302,99,65,138,21.5232,45.6954
649,301,97,62,142,20.5980,47.1761
650,301,97,63,141,20.9302,46.8439
651,301,97,60,144,19.9336,47.8405
652,300,94,56,150,18.6667,50.0000
653,300,94,56,150,18.6667,50.0000
654,300,93,57,150,19.0000,50.0000
655,299,93,53,153,17.7258,51.1706
656,303,97,53,153,17.4917,50.4950
657,302,95,54,153,17.8808,50.6623
658,301,95,50,156,16.6113,51.8272
659,301,94,52,155,17.2757,51.4950
660,300,98,51,151,17.0000,50.3333
661,300,98,51,151,17.0000,50.3333
662,299,97,50,152,16.7224,50.8361
663,300,97,51,152,17.0000,50.6667
664,298,98,50,150,16.7785,50.3356
665,297,100,51,146,17.1717,49.1582
666,301,102,53,146,17.6080,48.5050
667,301,102,51,148,16.9435,49.1694
668,301,101,50,150,16.6113,49.8339
669,301,101,51,149,16.9435,49.5017
670,298,101,49,148,16.4430,49.6644
671,302,103,54,145,17.8808,48.0132
672,302,105,54,143,17.8808,47.3510
673,301,102,57,142,18.9369,47.1761
674,298,102,55,141,18.4564,47.3154
675,299,106,54,139,18.0602,46.4883
676,304,115,52,137,17.1053,45.0658
677,304,117,54,133,17.7632,43.7500
678,304,120,51,133,16.7763,43.7500
679,303,120,51,132,16.8317,43.5644
680,303,119,51,133,16.8317,43.8944
681,303,119,51,133,16.8317,43.8944
682,303,120,49,134,16.1716,44.2244
683,301,116,49,136,16.2791,45.1827
684,299,117,48,134,16.0535,44.8161
685,300,117,49,134,16.3333,44.6667
686,300,115,50,135,16.6667,45.0000
687,298,120,47,131,15.7718,43.9597
688,297,121,51,125,17.1717,42.0875
689,298,127,50,121,16.7785,40.6040
690,299,127,53,119,17.7258,39.7993
691,302,130,53,119,17.5497,39.4040
692,300,131,51,118,17.0000,39.3333
693,300,134,49,117,16.3333,39.0000
694,298,133,47,118,15.7718,39.5973
695,304,138,49,117,16.1184,38.4868
696,304,136,54,114,17.7632,37.5000
697,304,134,55,115,18.0921,37.8289
698,304,134,59,111,19.4079,36.5132
699,304,132,63,109,20.7237,35.8553
700,302,132,64,106,21.1921,35.0993
701,301,134,64,103,21.2625,34.2193
702,301,133,65,103,21.5947,34.2193
703,300,135,64,101,21.3333,33.6667
704,298,133,68,97,22.8188,32.5503
705,298,132,68,98,22.8188,32.8859
706,299,134,69,96,23.0769,32.1070
707,302,138,70,94,23.1788,31.1258
708,301,135,73,93,24.2525,30.8970
709,301,130,76,95,25.2492,31.5615
710,300,131,78,91,26.0000,30.3333
711,299,130,73,96,24.4147,32.1070
712,302,132,77,93,25.4967,30.7947
713,302,131,78,93,25.8278,30.7947
714,302,127,84,91,27.8146,30.1325
715,301,128,82,91,27.2425,30.2326
716,298,123,82,93,27.5168,31.2081
717,298,120,84,94,28.1879,31.5436
718,298,118,84,96,28.1879,32.2148
719,296,118,82,96,27.7027,32.4324
720,295,118,82,95,27.7966,32.2034
721,298,120,81,97,27.1812,32.5503
722,298,114,85,99,28.5235,33.2215
723,297,110,86,101,28.9562,34.0067
724,298,109,84,105,28.1879,35.2349
725,301,108,86,107,28.5714,35.5482
726,301,105,88,108,29.2359,35.8804
727,301,100,91,110,30.2326,36.5449
728,299,99,89,111,29.7659,37.1237
729,301,99,86,116,28.5714,38.5382
730,300,97,88,115,29.3333,38.3333
731,299,96,87,116,29.0970,38.7960
732,300,95,89,116,29.6667,38.6667
733,300,93,91,116,30.3333,38.6667
734,299,92,92,115,30.7692,38.4615
735,301,95,87,119,28.9037,39.5349
736,300,96,86,118,28.6667,39.3333
737,298,94,84,120,28.1879,40.2685
738,300,96,82,122,27.3333,40.6667
739,299,92,83,124,27.7592,41.4716
740,300,91,83,126,27.6667,42.0000
741,300,86,87,127,29.0000,42.3333
742,298,84,84,130,28.1879,43.6242
743,299,86,83,130,27.7592,43.4783
744,299,88,81,130,27.0903,43.4783
745,298,89,75,134,25.1678,44.9664
746,300,92,74,134,24.6667,44.6667
747,299,92,72,135,24.0803,45.1505
748,300,90,71,139,23.6667,46.3333
749,298,90,69,139,23.1544,46.6443
750,302,95,63,144,20.8609,47.6821
751,302,94,63,145,20.8609,48.0132
752,302,93,60,149,19.8675,49.3377
753,302,90,59,153,19.5364,50.6623
754,300,91,56,153,18.6667,51.0000
755,298,93,52,153,17.4497,51.3423
756,298,92,54,152,18.1208,51.0067
757,300,95,54,151,18.0000,50.3333
758,299,95,52,152,17.3913,50.8361
759,300,96,53,151,17.6667,50.3333
760,298,94,52,152,17.4497,51.0067
761,300,99,49,152,16.3333,50.6667
762,298,97,45,156,15.1007,52.3490
763,299,103,45,151,15.0502,50.5017
764,301,104,43,154,14.2857,51.1628
765,301,105,43,153,14.2857,50.8306
766,301,106,44,151,14.6179,50.1661
767,299,106,41,152,13.7124,50.8361
768,304,112,41,151,13.4868,49.6711
769,304,109,44,151,14.4737,49.6711
770,303,110,43,150,14.1914,49.5050
771,302,112,43,147,14.2384,48.6755
772,302,114,43,145,14.2384,48.0132
773,301,109,46,146,15.2824,48.5050
774,301,110,46,145,15.2824,48.1728
775,300,112,44,144,14.6667,48.0000
776,299,115,44,140,14.7157,46.8227
777,302,122,41,139,13.5762,46.0265
778,302,125,41,136,13.5762,45.0331
779,301,124,41,136,13.6213,45.1827
780,300,125,40,135,13.3333,45.0000
781,299,128,41,130,13.7124,43.4783
782,302,131,40,131,13.2450,43.3775
783,302,133,40,129,13.2450,42.7152
784,301,133,41,127,13.6213,42.1927
785,301,133,42,126,13.9535,41.8605
786,301,133,44,124,14.6179,41.1960
787,300,136,45,119,15.0000,39.6667
788,299,136,45,118,15.0502,39.4649
789,302,141,43,118,14.2384,39.0728
790,301,141,45,115,14.9502,38.2060
791,300,140,47,113,15.6667,37.6667
792,300,142,47,111,15.6667,37.0000
793,300,142,46,112,15.3333,37.3333
794,300,143,43,114,14.3333,38.0000
795,300,141,48,111,16.0000,37.0000
796,300,140,50,110,16.6667,36.6667
797,299,142,53,104,17.7258,34.7826
798,300,147,52,101,17.3333,33.6667
799,300,143,57,100,19.0000,33.3333
800,300,143,58,99,19.3333,33.0000
801,300,143,58,99,19.3333,33.0000
802,300,144,61,95,20.3333,31.6667
803,300,143,61,96,20.3333,32.0000
804,298,144,60,94,20.1342,31.5436
805,300,149,62,89,20.6667,29.6667
806,299,150,60,89,20.0669,29.7659
807,303,154,58,91,19.1419,30.0330
808,303,151,61,91,20.1320,30.0330
809,303,146,65,92,21.4521,30.3630
810,303,143,67,93,22.1122,30.6931
811,303,140,67,96,22.1122,31.6832
812,303,139,70,94,23.1023,31.0231
813,303,137,75,91,24.7525,30.0330
814,303,138,75,90,24.7525,29.7030
815,303,135,76,92,25.0825,30.3630
816,302,129,80,93,26.4901,30.7947
817,302,128,80,94,26.4901,31.1258
818,302,124,81,97,26.8212,32.1192
819,302,124,83,95,27.4834,31.4570
820,301,123,79,99,26.2458,32.8904
821,300,121,79,100,26.3333,33.3333
822,300,115,83,102,27.6667,34.0000
823,299,114,81,104,27.0903,34.7826
824,299,113,80,106,26.7559,35.4515
825,300,115,82,103,27.3333,34.3333
826,300,110,87,103,29.0000,34.3333
827,299,105,89,105,29.7659,35.1171
828,300,105,89,106,29.6667,35.3333
829,300,105,91,104,30.3333,34.6667
830,299,104,83,112,27.7592,37.4582
831,300,103,83,114,27.6667,38.0000
832,300,101,84,115,28.0000,38.3333
833,298,99,82,117,27.5168,39.2617
834,294,101,77,116,26.1905,39.4558
835,294,98,79,117,26.8707,39.7959
836,297,96,78,123,26.2626,41.4141
837,297,95,75,127,25.2525,42.7609
838,298,93,77,128,25.8389,42.9530
839,301,97,74,130,24.5847,43.1894
840,300,97,71,132,23.6667,44.0000
841,299,97,71,131,23.7458,43.8127
842,303,100,68,135,22.4422,44.5545
843,303,98,67,138,22.1122,45.5446
844,303,93,70,140,23.1023,46.2046
845,300,92,70,138,23.3333,46.0000
846,299,92,70,137,23.4114,45.8194
847,303,90,73,140,24.0924,46.2046
848,302,85,75,142,24.8344,47.0199
849,302,83,75,144,24.8344,47.6821
850,300,79,76,145,25.3333,48.3333
851,299,79,75,145,25.0836,48.4950
852,300,81,75,144,25.0000,48.0000
853,297,80,73,144,24.5791,48.4848
854,302,79,78,145,25.8278,48.0132
855,301,78,80,143,26.5781,47.5083
856,301,75,80,146,26.5781,48.5050
857,299,72,76,151,25.4181,50.5017
858,302,75,77,150,25.4967,49.6689
859,301,78,75,148,24.9169,49.1694
860,300,75,78,147,26.0000,49.0000
861,300,76,78,146,26.0000,48.6667
862,300,76,78,146,26.0000,48.6667
863,299,79,76,144,25.4181,48.1605
864,298,79,73,146,24.4966,48.9933
865,297,77,73,147,24.5791,49.4949
866,295,82,65,148,22.0339,50.1695
867,296,81,67,148,22.6351,50.0000
868,301,88,65,148,21.5947,49.1694
869,299,87,63,149,21.0702,49.8328
870,300,89,64,147,21.3333,49.0000
871,299,86,64,149,21.4047,49.8328
872,301,94,63,144,20.9302,47.8405
873,300,93,63,144,21.0000,48.0000
874,300,93,60,147,20.0000,49.0000
875,300,90,61,149,20.3333,49.6667
876,298,88,61,149,20.4698,50.0000
877,301,89,62,150,20.5980,49.8339
878,301,87,61,153,20.2658,50.8306
879,300,90,59,151,19.6667,50.3333
880,296,91,56,149,18.9189,50.3378
881,300,93,58,149,19.3333,49.6667
882,300,98,58,144,19.3333,48.0000
883,300,99,60,141,20.0000,47.0000
884,299,101,60,138,20.0669,46.1538
885,300,100,63,137,21.0000,45.6667
886,300,102,62,136,20.6667,45.3333
887,299,101,59,139,19.7324,46.4883
888,302,111,57,134,18.8742,44.3709
889,301,109,62,130,20.5980,43.1894
890,299,109,60,130,20.0669,43.4783
891,300,112,62,126,20.6667,42.0000
892,300,111,61,128,20.3333,42.6667
893,300,112,60,128,20.0000,42.6667
894,299,113,61,125,20.4013,41.8060
895,300,117,59,124,19.6667,41.3333
896,298,115,58,125,19.4631,41.9463
897,299,110,63,126,21.0702,42.1405
898,302,112,65,125,21.5232,41.3907
899,302,115,64,123,21.1921,40.7285
900,302,113,69,120,22.8477,39.7351
901,300,113,68,119,22.6667,39.6667
902,299,108,72,119,24.0803,39.7993
903,300,106,74,120,24.6667,40.0000
904,298,102,78,118,26.1745,39.5973
905,298,101,77,120,25.8389,40.2685
906,300,99,82,119,27.3333,39.6667
907,300,96,85,119,28.3333,39.6667
908,300,94,90,116,30.0000,38.6667
909,299,97,88,114,29.4314,38.1271
910,297,94,89,114,29.9663,38.3838
911,300,92,95,113,31.6667,37.6667
912,300,86,96,118,32.0000,39.3333
913,300,85,97,118,32.3333,39.3333
914,300,85,99,116,33.0000,38.6667
915,300,82,101,117,33.6667,39.0000
916,298,83,99,116,33.2215,38.9262
917,299,82,96,121,32.1070,40.4682
918,299,83,94,122,31.4381,40.8027
919,298,86,92,120,30.8725,40.2685
920,298,85,97,116,32.5503,38.9262
921,300,84,98,118,32.6667,39.3333
922,300,83,95,122,31.6667,40.6667
923,298,86,90,122,30.2013,40.9396
924,298,87,86,125,28.8591,41.9463
925,299,89,84,126,28.0936,42.1405
926,296,92,82,122,27.7027,41.2162
927,297,95,82,120,27.6094,40.4040
928,294,94,76,124,25.8503,42.1769
929,297,97,75,125,25.2525,42.0875
930,300,100,76,124,25.3333,41.3333
931,300,100,73,127,24.3333,42.3333
932,297,97,67,133,22.5589,44.7811
933,296,93,67,136,22.6351,45.9459
934,298,95,71,132,23.8255,44.2953
935,298,92,71,135,23.8255,45.3020
936,303,95,70,138,23.1023,45.5446
937,303,95,67,141,22.1122,46.5347
938,302,93,66,143,21.8543,47.3510
939,301,97,64,140,21.2625,46.5116
940,299,98,61,140,20.4013,46.8227
941,300,100,57,143,19.0000,47.6667
942,299,98,55,146,18.3946,48.8294
943,299,96,56,147,18.7291,49.1639
944,301,103,55,143,18.2724,47.5083
945,301,104,53,144,17.6080,47.8405
946,301,101,56,144,18.6047,47.8405
947,301,101,56,144,18.6047,47.8405
948,301,101,56,144,18.6047,47.8405
949,300,101,53,146,17.6667,48.6667
950,300,104,52,144,17.3333,48.0000
951,299,103,50,146,16.7224,48.8294
952,301,103,51,147,16.9435,48.8372
953,300,102,49,149,16.3333,49.6667
954,299,99,47,153,15.7191,51.1706
955,300,102,45,153,15.0000,51.0000
956,300,101,44,155,14.6667,51.6667
957,300,102,45,153,15.0000,51.0000
958,299,102,44,153,14.7157,51.1706
959,298,101,45,152,15.1007,51.0067
960,300,102,47,151,15.6667,50.3333
961,300,99,53,148,17.6667,49.3333
962,299,97,52,150,17.3913,50.1672
963,300,98,54,148,18.0000,49.3333
964,298,101,53,144,17.7852,48.3221
965,307,107,58,142,18.8925,46.2541
966,306,105,58,143,18.9542,46.7320
967,303,105,56,142,18.4818,46.8647
968,303,106,55,142,18.1518,46.8647
969,302,108,55,139,18.2119,46.0265
970,302,109,60,133,19.8675,44.0397
971,302,105,63,134,20.8609,44.3709
972,302,102,64,136,21.1921,45.0331
973,301,106,62,133,20.5980,44.1860
974,301,109,62,130,20.5980,43.1894
975,300,109,62,129,20.6667,43.0000
976,299,109,63,127,21.0702,42.4749
977,300,110,66,124,22.0000,41.3333
978,300,110,66,124,22.0000,41.3333
979,299,109,67,123,22.4080,41.1371
980,299,114,66,119,22.0736,39.7993
981,299,114,66,119,22.0736,39.7993
982,302,115,69,118,22.8477,39.0728
983,302,117,68,117,22.5166,38.7417
984,301,119,68,114,22.5914,37.8738
985,301,121,67,113,22.2591,37.5415
986,301,117,68,116,22.5914,38.5382
987,301,119,67,115,22.2591,38.2060
988,301,120,66,115,21.9269,38.2060
989,301,121,68,112,22.5914,37.2093
990,299,116,69,114,23.0769,38.1271
991,301,115,69,117,22.9236,38.8704
992,301,115,71,115,23.5880,38.2060
993,300,113,74,113,24.6667,37.6667
994,299,114,75,110,25.0836,36.7893
995,300,116,73,111,24.3333,37.0000
996,298,112,72,114,24.1611,38.2550
997,301,115,74,112,24.5847,37.2093
998,301,114,74,113,24.5847,37.5415
999,300,113,77,110,25.6667,36.6667
1000,300,111,78,111,26.0000,37.0000
1001,298,114,75,109,25.1678,36.5772
1002,303,115,79,109,26.0726,35.9736
1003,301,114,78,109,25.9136,36.2126
1004,300,114,77,109,25.6667,36.3333
1005,298,114,76,108,25.5034,36.2416
1006,299,120,76,103,25.4181,34.4482
1007,301,123,75,103,24.9169,34.2193
1008,300,123,75,102,25.0000,34.0000
1009,299,121,76,102,25.4181,34.1137
1010,299,120,73,106,24.4147,35.4515
1011,298,117,72,109,24.1611,36.5772
1012,301,119,72,110,23.9203,36.5449
1013,299,116,71,112,23.7458,37.4582
1014,301,117,70,114,23.2558,37.8738
1015,301,114,72,115,23.9203,38.2060
1016,299,113,71,115,23.7458,38.4615
1017,297,110,69,118,23.2323,39.7306
1018,297,110,69,118,23.2323,39.7306
1019,298,112,68,118,22.8188,39.5973
1020,301,117,64,120,21.2625,39.8671
1021,301,119,63,119,20.9302,39.5349
1022,300,115,64,121,21.3333,40.3333
1023,297,114,61,122,20.5387,41.0774
1024,300,114,64,122,21.3333,40.6667
1025,299,112,67,120,22.4080,40.1338
1026,301,111,70,120,23.2558,39.8671
1027,299,110,70,119,23.4114,39.7993
1028,303,109,76,118,25.0825,38.9439
1029,303,104,78,121,25.7426,39.9340
1030,302,103,77,122,25.4967,40.3974
1031,300,101,77,122,25.6667,40.6667
1032,299,103,73,123,24.4147,41.1371
1033,299,103,72,124,24.0803,41.4716
1034,300,101,76,123,25.3333,41.0000
1035,299,102,73,124,24.4147,41.4716
1036,301,106,72,123,23.9203,40.8638
1037,301,104,75,122,24.9169,40.5316
1038,299,103,74,122,24.7492,40.8027
1039,302,106,75,121,24.8344,40.0662
1040,302,105,76,121,25.1656,40.0662
1041,301,102,79,120,26.2458,39.8671
1042,301,107,77,117,25.5814,38.8704
1043,299,104,81,114,27.0903,38.1271
1044,298,101,82,115,27.5168,38.5906
1045,302,104,83,115,27.4834,38.0795
1046,300,102,79,119,26.3333,39.6667
1047,300,102,76,122,25.3333,40.6667
1048,298,102,73,123,24.4966,41.2752
1049,300,102,70,128,23.3333,42.6667
1050,299,105,66,128,22.0736,42.8094
1051,301,105,67,129,22.2591,42.8571
1052,300,104,69,127,23.0000,42.3333
1053,300,105,69,126,23.0000,42.0000
1054,300,104,68,128,22.6667,42.6667
1055,297,103,65,129,21.8855,43.4343
1056,300,104,68,128,22.6667,42.6667
1057,300,104,68,128,22.6667,42.6667
1058,300,104,64,132,21.3333,44.0000
1059,300,104,64,132,21.3333,44.0000
1060,298,103,59,136,19.7987,45.6376
1061,300,107,55,138,18.3333,46.0000
1062,300,111,55,134,18.3333,44.6667
1063,299,113,53,133,17.7258,44.4816
1064,300,116,47,137,15.6667,45.6667
1065,298,115,47,136,15.7718,45.6376
1066,302,123,46,133,15.2318,44.0397
1067,300,124,44,132,14.6667,44.0000
1068,298,118,47,133,15.7718,44.6309
1069,299,122,45,132,15.0502,44.1472
1070,301,125,45,131,14.9502,43.5216
1071,301,125,45,131,14.9502,43.5216
1072,300,123,48,129,16.0000,43.0000
1073,299,122,49,128,16.3880,42.8094
1074,300,124,49,127,16.3333,42.3333
1075,299,123,49,127,16.3880,42.4749
1076,300,125,47,128,15.6667,42.6667
1077,300,121,49,130,16.3333,43.3333
1078,300,121,49,130,16.3333,43.3333
1079,300,122,49,129,16.3333,43.0000
1080,300,121,48,131,16.0000,43.6667
1081,299,124,46,129,15.3846,43.1438
1082,299,122,51,126,17.0569,42.1405
1083,301,124,53,124,17.6080,41.1960
1084,301,124,54,123,17.9402,40.8638
1085,300,128,51,121,17.0000,40.3333
1086,300,123,56,121,18.6667,40.3333
1087,299,125,56,118,18.7291,39.4649
1088,300,127,54,119,18.0000,39.6667
1089,298,125,53,120,17.7852,40.2685
1090,303,132,53,118,17.4917,38.9439
1091,303,126,59,118,19.4719,38.9439
1092,302,124,62,116,20.5298,38.4106
1093,301,120,60,121,19.9336,40.1993
1094,300,118,62,120,20.6667,40.0000
1095,300,112,68,120,22.6667,40.0000
1096,300,111,67,122,22.3333,40.6667
1097,300,107,71,122,23.6667,40.6667
1098,300,108,72,120,24.0000,40.0000
1099,299,112,70,117,23.4114,39.1304
1100,303,120,70,113,23.1023,37.2937
1101,302,121,74,107,24.5033,35.4305
1102,301,121,72,108,23.9203,35.8804
1103,301,120,72,109,23.9203,36.2126
1104,301,119,73,109,24.2525,36.2126
1105,300,115,76,109,25.3333,36.3333
1106,300,113,81,106,27.0000,35.3333
1107,299,108,83,108,27.7592,36.1204
1108,301,106,86,109,28.5714,36.2126
1109,301,107,84,110,27.9070,36.5449
1110,300,108,85,107,28.3333,35.6667
1111,298,109,81,108,27.1812,36.2416
1112,300,112,83,105,27.6667,35.0000
1113,298,113,81,104,27.1812,34.8993
1114,299,112,81,106,27.0903,35.4515
1115,301,114,77,110,25.5814,36.5449
1116,300,117,76,107,25.3333,35.6667
1117,298,115,75,108,25.1678,36.2416
1118,300,119,72,109,24.0000,36.3333
1119,300,116,74,110,24.6667,36.6667
1120,299,116,74,109,24.7492,36.4548
1121,299,115,77,107,25.7525,35.7860
1122,300,117,73,110,24.3333,36.6667
1123,300,118,71,111,23.6667,37.0000
1124,300,111,80,109,26.6667,36.3333
1125,299,108,80,111,26.7559,37.1237
1126,300,108,76,116,25.3333,38.6667
1127,299,107,72,120,24.0803,40.1338
1128,299,104,75,120,25.0836,40.1338
1129,299,108,71,120,23.7458,40.1338
1130,300,107,73,120,24.3333,40.0000
1131,300,104,73,123,24.3333,41.0000
1132,300,103,76,121,25.3333,40.3333
1133,298,99,75,124,25.1678,41.6107
1134,298,99,71,128,23.8255,42.9530
1135,298,98,71,129,23.8255,43.2886
1136,299,95,74,130,24.7492,43.4783
1137,301,95,77,129,25.5814,42.8571
1138,300,93,75,132,25.0000,44.0000
1139,300,93,73,134,24.3333,44.6667
1140,299,93,74,132,24.7492,44.1472
1141,301,94,76,131,25.2492,43.5216
1142,299,92,76,131,25.4181,43.8127
1143,300,89,81,130,27.0000,43.3333
1144,298,85,81,132,27.1812,44.2953
1145,298,86,80,132,26.8456,44.2953
1146,300,86,78,136,26.0000,45.3333
1147,300,85,76,139,25.3333,46.3333
1148,300,83,76,141,25.3333,47.0000
1149,299,85,74,140,24.7492,46.8227
1150,303,90,76,137,25.0825,45.2145
1151,301,87,74,140,24.5847,46.5116
1152,300,85,71,144,23.6667,48.0000
1153,298,84,70,144,23.4899,48.3221
1154,299,88,67,144,22.4080,48.1605
1155,301,91,68,142,22.5914,47.1761
1156,297,88,66,143,22.2222,48.1481
1157,297,86,67,144,22.5589,48.4848
1158,298,86,64,148,21.4765,49.6644
1159,300,90,68,142,22.6667,47.3333
1160,300,89,70,141,23.3333,47.0000
1161,299,88,69,142,23.0769,47.4916
1162,301,91,67,143,22.2591,47.5083
1163,301,92,66,143,21.9269,47.5083
1164,300,91,61,148,20.3333,49.3333
1165,300,92,60,148,20.0000,49.3333
1166,298,89,60,149,20.1342,50.0000
1167,300,95,59,146,19.6667,48.6667
1168,299,93,61,145,20.4013,48.4950
1169,299,94,60,145,20.0669,48.4950
1170,300,97,60,143,20.0000,47.6667
1171,298,98,57,143,19.1275,47.9866
1172,300,99,55,146,18.3333,48.6667
1173,300,96,55,149,18.3333,49.6667
1174,300,95,60,145,20.0000,48.3333
1175,299,94,62,143,20.7358,47.8261
1176,299,93,60,146,20.0669,48.8294
1177,301,97,57,147,18.9369,48.8372
1178,301,100,58,143,19.2691,47.5083
1179,299,104,57,138,19.0635,46.1538
1180,303,105,60,138,19.8020,45.5446
1181,302,102,63,137,20.8609,45.3642
1182,300,102,61,137,20.3333,45.6667
1183,300,103,63,134,21.0000,44.6667
1184,298,104,59,135,19.7987,45.3020
1185,304,114,58,132,19.0789,43.4211
1186,302,114,58,130,19.2053,43.0464
1187,302,112,58,132,19.2053,43.7086
1188,301,109,59,133,19.6013,44.1860
1189,300,105,61,134,20.3333,44.6667
1190,300,107,61,132,20.3333,44.0000
1191,300,109,62,129,20.6667,43.0000
1192,299,108,62,129,20.7358,43.1438
1193,303,110,64,129,21.1221,42.5743
1194,302,110,59,133,19.5364,44.0397
1195,302,106,62,134,20.5298,44.3709
1196,301,107,61,133,20.2658,44.1860
1197,301,106,65,130,21.5947,43.1894
1198,300,108,64,128,21.3333,42.6667
1199,299,109,65,125,21.7391,41.8060
1200,302,116,64,122,21.1921,40.3974
1201,299,115,61,123,20.4013,41.1371
1202,300,115,59,126,19.6667,42.0000
1203,299,117,58,124,19.3980,41.4716
1204,302,122,60,120,19.8675,39.7351
1205,302,118,63,121,20.8609,40.0662
1206,302,120,63,119,20.8609,39.4040
1207,301,117,63,121,20.9302,40.1993
1208,299,118,60,121,20.0669,40.4682
1209,301,120,59,122,19.6013,40.5316
1210,299,124,56,119,18.7291,39.7993
1211,303,125,58,120,19.1419,39.6040
1212,303,121,59,123,19.4719,40.5941
1213,303,123,59,121,19.4719,39.9340
1214,302,124,58,120,19.2053,39.7351
1215,301,128,56,117,18.6047,38.8704
1216,300,132,55,113,18.3333,37.6667
1217,298,134,51,113,17.1141,37.9195
1218,300,139,49,112,16.3333,37.3333
1219,300,135,53,112,17.6667,37.3333
1220,300,134,54,112,18.0000,37.3333
1221,300,134,54,112,18.0000,37.3333
1222,299,129,58,112,19.3980,37.4582
1223,302,129,60,113,19.8675,37.4172
1224,301,131,59,111,19.6013,36.8771
1225,300,132,56,112,18.6667,37.3333
1226,299,129,56,114,18.7291,38.1271
1227,302,130,57,115,18.8742,38.0795
1228,300,130,57,113,19.0000,37.6667
1229,300,130,60,110,20.0000,36.6667
1230,299,131,57,111,19.0635,37.1237
1231,301,133,58,110,19.2691,36.5449
1232,299,134,57,108,19.0635,36.1204
1233,302,139,54,109,17.8808,36.0927
1234,301,140,53,108,17.6080,35.8804
1235,300,136,57,107,19.0000,35.6667
1236,298,134,59,105,19.7987,35.2349
1237,304,137,62,105,20.3947,34.5395
1238,304,134,65,105,21.3816,34.5395
1239,302,132,65,105,21.5232,34.7682
1240,301,131,65,105,21.5947,34.8837
1241,301,131,65,105,21.5947,34.8837
1242,301,129,66,106,21.9269,35.2159
1243,299,126,64,109,21.4047,36.4548
1244,300,127,60,113,20.0000,37.6667
1245,300,121,68,111,22.6667,37.0000
1246,300,121,69,110,23.0000,36.6667
1247,298,119,70,109,23.4899,36.5772
1248,302,121,71,110,23.5099,36.4238
1249,299,120,69,110,23.0769,36.7893
1250,302,120,75,107,24.8344,35.4305
1251,302,120,73,109,24.1722,36.0927
1252,302,121,73,108,24.1722,35.7616
1253,302,117,78,107,25.8278,35.4305
1254,302,115,82,105,27.1523,34.7682
1255,302,115,84,103,27.8146,34.1060
1256,301,110,83,108,27.5748,35.8804
1257,301,108,83,110,27.5748,36.5449
1258,300,105,84,111,28.0000,37.0000
1259,298,101,86,111,28.8591,37.2483
1260,299,103,82,114,27.4247,38.1271
1261,300,108,81,111,27.0000,37.0000
1262,299,109,79,111,26.4214,37.1237
1263,299,105,81,113,27.0903,37.7926
1264,300,108,82,110,27.3333,36.6667
1265,299,105,83,111,27.7592,37.1237
1266,303,111,78,114,25.7426,37.6238
1267,301,107,79,115,26.2458,38.2060
1268,301,108,78,115,25.9136,38.2060
1269,300,106,76,118,25.3333,39.3333
1270,300,109,76,115,25.3333,38.3333
1271,299,110,70,119,23.4114,39.7993
1272,300,111,71,118,23.6667,39.3333
1273,299,108,72,119,24.0803,39.7993
1274,299,110,69,120,23.0769,40.1338
1275,302,116,64,122,21.1921,40.3974
1276,300,115,65,120,21.6667,40.0000
1277,300,110,69,121,23.0000,40.3333
1278,298,108,68,122,22.8188,40.9396
1279,297,106,66,125,22.2222,42.0875
1280,300,106,65,129,21.6667,43.0000
1281,299,103,68,128,22.7425,42.8094
1282,300,105,69,126,23.0000,42.0000
1283,299,104,68,127,22.7425,42.4749
1284,299,103,65,131,21.7391,43.8127
1285,299,104,62,133,20.7358,44.4816
1286,302,106,63,133,20.8609,44.0397
1287,300,105,59,136,19.6667,45.3333
1288,300,102,61,137,20.3333,45.6667
1289,297,102,58,137,19.5286,46.1279
1290,297,104,57,136,19.1919,45.7912
1291,300,106,60,134,20.0000,44.6667
1292,298,104,63,131,21.1409,43.9597
1293,298,104,63,131,21.1409,43.9597
1294,301,107,65,129,21.5947,42.8571
1295,301,106,69,126,22.9236,41.8605
1296,301,110,68,123,22.5914,40.8638
1297,301,105,66,130,21.9269,43.1894
1298,299,99,70,130,23.4114,43.4783
1299,298,98,70,130,23.4899,43.6242
1300,298,102,65,131,21.8121,43.9597
1301,297,104,62,131,20.8754,44.1077
1302,297,102,62,133,20.8754,44.7811
1303,299,102,67,130,22.4080,43.4783
1304,302,105,66,131,21.8543,43.3775
1305,301,103,66,132,21.9269,43.8538
1306,301,98,70,133,23.2558,44.1860
1307,300,97,70,133,23.3333,44.3333
1308,300,102,71,127,23.6667,42.3333
1309,299,100,72,127,24.0803,42.4749
1310,304,108,71,125,23.3553,41.1184
1311,304,107,69,128,22.6974,42.1053
1312,304,113,66,125,21.7105,41.1184
1313,303,113,62,128,20.4620,42.2442
1314,301,114,57,130,18.9369,43.1894
1315,301,116,54,131,17.9402,43.5216
1316,301,115,54,132,17.9402,43.8538
1317,299,115,52,132,17.3913,44.1472
1318,301,120,49,132,16.2791,43.8538
1319,298,119,44,135,14.7651,45.3020
1320,300,123,45,132,15.0000,44.0000
1321,300,127,46,127,15.3333,42.3333
1322,300,125,48,127,16.0000,42.3333
1323,299,131,44,124,14.7157,41.4716
1324,304,136,39,129,12.8289,42.4342
1325,304,138,39,127,12.8289,41.7763
1326,303,140,35,128,11.5512,42.2442
1327,302,139,35,128,11.5894,42.3841
1328,301,136,37,128,12.2924,42.5249
1329,300,138,37,125,12.3333,41.6667
1330,300,139,36,125,12.0000,41.6667
1331,300,141,39,120,13.0000,40.0000
1332,299,144,38,117,12.7090,39.1304
1333,299,142,40,117,13.3779,39.1304
1334,300,141,43,116,14.3333,38.6667
1335,300,139,45,116,15.0000,38.6667
1336,300,141,48,111,16.0000,37.0000
1337,299,145,45,109,15.0502,36.4548
1338,302,143,51,108,16.8874,35.7616
1339,300,142,52,106,17.3333,35.3333
1340,299,143,50,106,16.7224,35.4515
1341,300,140,53,107,17.6667,35.6667
1342,300,139,55,106,18.3333,35.3333
1343,299,132,61,106,20.4013,35.4515
1344,300,129,65,106,21.6667,35.3333
1345,300,125,70,105,23.3333,35.0000
1346,300,123,72,105,24.0000,35.0000
1347,299,122,70,107,23.4114,35.7860
1348,302,121,73,108,24.1722,35.7616
1349,302,120,77,105,25.4967,34.7682
1350,300,123,75,102,25.0000,34.0000
1351,300,119,79,102,26.3333,34.0000
1352,299,118,80,101,26.7559,33.7793
1353,298,111,88,99,29.5302,33.2215
1354,302,114,90,98,29.8013,32.4503
1355,300,111,89,100,29.6667,33.3333
1356,299,109,90,100,30.1003,33.4448
1357,302,108,94,100,31.1258,33.1126
1358,300,103,97,100,32.3333,33.3333
1359,298,100,96,102,32.2148,34.2282
1360,298,98,97,103,32.5503,34.5638
1361,298,101,94,103,31.5436,34.5638
1362,297,97,96,104,32.3232,35.0168
1363,300,99,98,103,32.6667,34.3333
1364,299,97,94,108,31.4381,36.1204
1365,299,93,99,107,33.1104,35.7860
1366,299,96,94,109,31.4381,36.4548
1367,302,101,95,106,31.4570,35.0993
1368,302,98,96,108,31.7881,35.7616
1369,301,94,98,109,32.5581,36.2126
1370,300,97,93,110,31.0000,36.6667
1371,299,95,96,108,32.1070,36.1204
1372,301,95,93,113,30.8970,37.5415
1373,300,89,93,118,31.0000,39.3333
1374,300,84,94,122,31.3333,40.6667
1375,299,86,92,121,30.7692,40.4682
1376,303,92,93,118,30.6931,38.9439
1377,302,92,91,119,30.1325,39.4040
1378,300,93,85,122,28.3333,40.6667
1379,298,95,82,121,27.5168,40.6040
1380,298,98,78,122,26.1745,40.9396
1381,302,98,82,122,27.1523,40.3974
1382,300,95,84,121,28.0000,40.3333
1383,297,91,81,125,27.2727,42.0875
1384,299,91,83,125,27.7592,41.8060
1385,299,90,79,130,26.4214,43.4783
1386,300,86,79,135,26.3333,45.0000
1387,300,84,82,134,27.3333,44.6667
1388,299,82,80,137,26.7559,45.8194
1389,300,83,77,140,25.6667,46.6667
1390,299,78,81,140,27.0903,46.8227
1391,302,81,77,144,25.4967,47.6821
1392,300,82,72,146,24.0000,48.6667
1393,300,81,70,149,23.3333,49.6667
1394,300,78,69,153,23.0000,51.0000
1395,298,79,65,154,21.8121,51.6779
1396,299,79,63,157,21.0702,52.5084
1397,302,79,64,159,21.1921,52.6490
1398,302,78,65,159,21.5232,52.6490
1399,302,79,63,160,20.8609,52.9801
1400,302,78,67,157,22.1854,51.9868
1401,301,79,67,155,22.2591,51.4950
1402,299,79,62,158,20.7358,52.8428
1403,301,79,62,160,20.5980,53.1561
1404,300,79,60,161,20.0000,53.6667
1405,298,78,55,165,18.4564,55.3691
1406,300,78,54,168,18.0000,56.0000
1407,297,80,51,166,17.1717,55.8923
1408,298,80,52,166,17.4497,55.7047
1409,300,84,48,168,16.0000,56.0000
1410,296,85,42,169,14.1892,57.0946
1411,297,90,40,167,13.4680,56.2290
1412,301,91,43,167,14.2857,55.4817
1413,301,91,45,165,14.9502,54.8173
1414,301,91,43,167,14.2857,55.4817
1415,301,94,43,164,14.2857,54.4850
1416,301,99,46,156,15.2824,51.8272
1417,300,99,45,156,15.0000,52.0000
1418,300,105,40,155,13.3333,51.6667
1419,300,105,40,155,13.3333,51.6667
1420,300,108,38,154,12.6667,51.3333
1421,300,109,38,153,12.6667,51.0000
1422,298,111,39,148,13.0872,49.6644
1423,302,117,39,146,12.9139,48.3444
1424,301,120,37,144,12.2924,47.8405
1425,300,126,35,139,11.6667,46.3333
1426,300,129,35,136,11.6667,45.3333
1427,300,128,37,135,12.3333,45.0000
1428,300,128,36,136,12.0000,45.3333
1429,299,129,36,134,12.0401,44.8161
1430,306,140,38,128,12.4183,41.8301
1431,306,143,37,126,12.0915,41.1765
1432,306,139,40,127,13.0719,41.5033
1433,304,138,40,126,13.1579,41.4474
1434,304,137,40,127,13.1579,41.7763
1435,304,141,39,124,12.8289,40.7895
1436,302,140,38,124,12.5828,41.0596
1437,300,142,39,119,13.0000,39.6667
1438,300,143,43,114,14.3333,38.0000
1439,300,142,44,114,14.6667,38.0000
1440,300,141,48,111,16.0000,37.0000
1441,300,141,52,107,17.3333,35.6667
1442,299,137,53,109,17.7258,36.4548
1443,301,143,50,108,16.6113,35.8804
1444,300,144,51,105,17.0000,35.0000
1445,300,138,61,101,20.3333,33.6667
1446,300,136,67,97,22.3333,32.3333
1447,299,133,69,97,23.0769,32.4415
1448,298,133,70,95,23.4899,31.8792
1449,300,132,74,94,24.6667,31.3333
1450,300,123,83,94,27.6667,31.3333
1451,299,125,83,91,27.7592,30.4348
1452,298,121,83,94,27.8523,31.5436
1453,298,116,89,93,29.8658,31.2081
1454,302,115,95,92,31.4570,30.4636
1455,301,113,98,90,32.5581,29.9003
1456,301,114,98,89,32.5581,29.5681
1457,300,116,99,85,33.0000,28.3333
1458,300,120,95,85,31.6667,28.3333
1459,298,117,95,86,31.8792,28.8591
1460,298,115,98,85,32.8859,28.5235
1461,300,117,98,85,32.6667,28.3333
1462,299,114,98,87,32.7759,29.0970
1463,299,112,100,87,33.4448,29.0970
1464,299,112,100,87,33.4448,29.0970
1465,299,108,100,91,33.4448,30.4348
1466,299,112,90,97,30.1003,32.4415
1467,297,111,89,97,29.9663,32.6599
1468,297,112,84,101,28.2828,34.0067
1469,298,111,84,103,28.1879,34.5638
1470,299,118,75,106,25.0836,35.4515
1471,300,120,70,110,23.3333,36.6667
1472,299,121,68,110,22.7425,36.7893
1473,303,126,67,110,22.1122,36.3036
1474,301,123,61,117,20.2658,38.8704
1475,301,122,58,121,19.2691,40.1993
1476,301,121,57,123,18.9369,40.8638
1477,301,119,57,125,18.9369,41.5282
1478,300,114,62,124,20.6667,41.3333
1479,299,115,60,124,20.0669,41.4716
1480,300,117,61,122,20.3333,40.6667
1481,300,111,61,128,20.3333,42.6667
1482,298,108,59,131,19.7987,43.9597
1483,298,108,56,134,18.7919,44.9664
1484,300,109,57,134,19.0000,44.6667
1485,300,107,58,135,19.3333,45.0000
1486,299,107,56,136,18.7291,45.4849
1487,301,108,58,135,19.2691,44.8505
1488,301,105,60,136,19.9336,45.1827
1489,301,102,61,138,20.2658,45.8472
1490,301,102,59,140,19.6013,46.5116
1491,301,101,61,139,20.2658,46.1794
1492,301,97,64,140,21.2625,46.5116
1493,301,93,68,140,22.5914,46.5116
1494,300,94,63,143,21.0000,47.6667
1495,300,96,63,141,21.0000,47.0000
1496,300,93,65,142,21.6667,47.3333
1497,300,92,63,145,21.0000,48.3333
1498,300,92,57,151,19.0000,50.3333
1499,299,93,55,151,18.3946,50.5017
1500,302,92,60,150,19.8675,49.6689
1501,299,94,52,153,17.3913,51.1706
1502,300,93,53,154,17.6667,51.3333
1503,300,91,55,154,18.3333,51.3333
1504,300,92,55,153,18.3333,51.0000
1505,298,92,51,155,17.1141,52.0134
1506,299,96,47,156,15.7191,52.1739
1507,303,99,49,155,16.1716,51.1551
1508,303,99,49,155,16.1716,51.1551
1509,302,95,47,160,15.5629,52.9801
1510,302,98,48,156,15.8940,51.6556
1511,302,97,50,155,16.5563,51.3245
1512,300,96,49,155,16.3333,51.6667
1513,299,98,46,155,15.3846,51.8395
1514,303,107,43,153,14.1914,50.4950
1515,303,105,45,153,14.8515,50.4950
1516,303,104,44,155,14.5215,51.1551
1517,303,109,41,153,13.5314,50.4950
1518,303,115,45,143,14.8515,47.1947
1519,303,113,48,142,15.8416,46.8647
1520,302,114,49,139,16.2252,46.0265
1521,300,114,48,138,16.0000,46.0000
1522,299,120,47,132,15.7191,44.1472
1523,301,126,45,130,14.9502,43.1894
1524,301,124,47,130,15.6146,43.1894
1525,301,124,49,128,16.2791,42.5249
1526,301,128,52,121,17.2757,40.1993
1527,300,128,56,116,18.6667,38.6667
1528,298,129,55,114,18.4564,38.2550
1529,300,128,58,114,19.3333,38.0000
1530,299,125,59,115,19.7324,38.4615
1531,298,127,56,115,18.7919,38.5906
1532,301,129,57,115,18.9369,38.2060
1533,300,130,60,110,20.0000,36.6667
1534,300,127,66,107,22.0000,35.6667
1535,300,123,73,104,24.3333,34.6667
1536,299,121,74,104,24.7492,34.7826
1537,302,126,74,102,24.5033,33.7748
1538,301,126,77,98,25.5814,32.5581
1539,299,124,75,100,25.0836,33.4448
1540,302,126,77,99,25.4967,32.7815
1541,301,125,75,101,24.9169,33.5548
1542,301,126,74,101,24.5847,33.5548
1543,301,121,76,104,25.2492,34.5515
1544,300,113,84,103,28.0000,34.3333
1545,300,109,86,105,28.6667,35.0000
1546,300,113,81,106,27.0000,35.3333
1547,297,113,77,107,25.9259,36.0269
1548,299,115,74,110,24.7492,36.7893
1549,299,116,74,109,24.7492,36.4548
1550,300,122,72,106,24.0000,35.3333
1551,300,122,74,104,24.6667,34.6667
1552,300,119,75,106,25.0000,35.3333
1553,299,120,77,102,25.7525,34.1137
1554,299,118,75,106,25.0836,35.4515
1555,299,120,69,110,23.0769,36.7893
1556,298,118,68,112,22.8188,37.5839
1557,300,120,68,112,22.6667,37.3333
1558,297,120,69,108,23.2323,36.3636
1559,298,121,69,108,23.1544,36.2416
1560,298,122,70,106,23.4899,35.5705
1561,299,127,70,102,23.4114,34.1137
1562,300,126,68,106,22.6667,35.3333
1563,299,123,70,106,23.4114,35.4515
1564,296,122,65,109,21.9595,36.8243
1565,296,127,58,111,19.5946,37.5000
1566,297,131,57,109,19.1919,36.7003
1567,299,131,59,109,19.7324,36.4548
1568,301,133,60,108,19.9336,35.8804
1569,301,131,63,107,20.9302,35.5482
1570,299,128,62,109,20.7358,36.4548
1571,301,126,65,110,21.5947,36.5449
1572,300,121,68,111,22.6667,37.0000
1573,299,121,67,111,22.4080,37.1237
1574,302,127,60,115,19.8675,38.0795
1575,302,126,63,113,20.8609,37.4172
1576,300,127,60,113,20.0000,37.6667
1577,299,125,60,114,20.0669,38.1271
1578,300,120,63,117,21.0000,39.0000
1579,300,118,63,119,21.0000,39.6667
1580,299,118,63,118,21.0702,39.4649
1581,304,121,65,118,21.3816,38.8158
1582,304,122,62,120,20.3947,39.4737
1583,304,122,63,119,20.7237,39.1447
1584,303,122,60,121,19.8020,39.9340
1585,303,120,62,121,20.4620,39.9340
1586,303,115,65,123,21.4521,40.5941
1587,303,114,66,123,21.7822,40.5941
1588,303,113,67,123,22.1122,40.5941
1589,302,113,61,128,20.1987,42.3841
1590,302,110,60,132,19.8675,43.7086
1591,301,109,60,132,19.9336,43.8538
1592,301,109,57,135,18.9369,44.8505
1593,298,108,58,132,19.4631,44.2953
1594,297,105,61,131,20.5387,44.1077
1595,299,106,64,129,21.4047,43.1438
1596,300,105,64,131,21.3333,43.6667
1597,300,106,64,130,21.3333,43.3333
1598,300,107,65,128,21.6667,42.6667
1599,297,106,63,128,21.2121,43.0976
1600,301,110,63,128,20.9302,42.5249
1601,300,110,64,126,21.3333,42.0000
1602,299,110,64,125,21.4047,41.8060
1603,300,110,64,126,21.3333,42.0000
1604,300,105,71,124,23.6667,41.3333
1605,298,103,70,125,23.4899,41.9463
1606,305,114,67,124,21.9672,40.6557
1607,304,114,70,120,23.0263,39.4737
1608,302,113,71,118,23.5099,39.0728
1609,302,112,74,116,24.5033,38.4106
1610,302,109,75,118,24.8344,39.0728
1611,302,108,74,120,24.5033,39.7351
1612,301,103,78,120,25.9136,39.8671
1613,300,101,78,121,26.0000,40.3333
1614,297,103,74,120,24.9158,40.4040
1615,303,106,73,124,24.0924,40.9241
1616,303,109,71,123,23.4323,40.5941
1617,301,112,71,118,23.5880,39.2027
1618,299,112,68,119,22.7425,39.7993
1619,301,113,68,120,22.5914,39.8671
1620,300,111,67,122,22.3333,40.6667
1621,300,111,66,123,22.0000,41.0000
1622,300,107,68,125,22.6667,41.6667
1623,300,102,72,126,24.0000,42.0000
1624,300,102,72,126,24.0000,42.0000
1625,297,103,66,128,22.2222,43.0976
1626,298,108,66,124,22.1477,41.6107
1627,298,110,63,125,21.1409,41.9463
1628,300,114,62,124,20.6667,41.3333
1629,300,112,60,128,20.0000,42.6667
1630,299,109,63,127,21.0702,42.4749
1631,301,110,64,127,21.2625,42.1927
1632,301,108,64,129,21.2625,42.8571
1633,301,104,69,128,22.9236,42.5249
1634,299,102,70,127,23.4114,42.4749
1635,302,105,69,128,22.8477,42.3841
1636,302,108,65,129,21.5232,42.7152
1637,302,106,65,131,21.5232,43.3775
1638,302,105,66,131,21.8543,43.3775
1639,302,102,68,132,22.5166,43.7086
1640,301,98,72,131,23.9203,43.5216
1641,301,99,72,130,23.9203,43.1894
1642,299,102,69,128,23.0769,42.8094
1643,301,104,67,130,22.2591,43.1894
1644,300,109,65,126,21.6667,42.0000
1645,299,108,64,127,21.4047,42.4749
1646,299,105,68,126,22.7425,42.1405
1647,301,108,67,126,22.2591,41.8605
1648,300,103,72,125,24.0000,41.6667
1649,300,98,77,125,25.6667,41.6667
1650,298,99,75,124,25.1678,41.6107
1651,300,101,71,128,23.6667,42.6667
1652,300,103,70,127,23.3333,42.3333
1653,299,101,70,128,23.4114,42.8094
1654,299,103,65,131,21.7391,43.8127
1655,301,103,65,133,21.5947,44.1860
1656,301,103,66,132,21.9269,43.8538
1657,301,104,64,133,21.2625,44.1860
1658,300,104,67,129,22.3333,43.0000
1659,300,103,63,134,21.0000,44.6667
1660,299,101,65,133,21.7391,44.4816
1661,299,102,59,138,19.7324,46.1538
1662,300,102,61,137,20.3333,45.6667
1663,300,102,62,136,20.6667,45.3333
1664,300,101,61,138,20.3333,46.0000
1665,300,100,62,138,20.6667,46.0000
1666,300,100,62,138,20.6667,46.0000
1667,299,103,61,135,20.4013,45.1505
1668,298,100,64,134,21.4765,44.9664
1669,299,100,59,140,19.7324,46.8227
1670,301,100,61,140,20.2658,46.5116
1671,300,100,59,141,19.6667,47.0000
1672,299,104,56,139,18.7291,46.4883
1673,303,109,57,137,18.8119,45.2145
1674,302,107,60,135,19.8675,44.7020
1675,300,109,55,136,18.3333,45.3333
1676,300,109,57,134,19.0000,44.6667
1677,300,109,60,131,20.0000,43.6667
1678,300,108,60,132,20.0000,44.0000
1679,300,108,59,133,19.6667,44.3333
1680,298,106,59,133,19.7987,44.6309
1681,299,111,61,127,20.4013,42.4749
1682,298,110,61,127,20.4698,42.6174
1683,304,113,63,128,20.7237,42.1053
1684,304,116,62,126,20.3947,41.4474
1685,303,117,60,126,19.8020,41.5842
1686,303,119,57,127,18.8119,41.9142
1687,302,118,59,125,19.5364,41.3907
1688,300,121,57,122,19.0000,40.6667
1689,298,122,54,122,18.1208,40.9396
1690,300,122,55,123,18.3333,41.0000
1691,299,120,54,125,18.0602,41.8060
1692,301,123,54,124,17.9402,41.1960
1693,300,126,54,120,18.0000,40.0000
1694,298,124,54,120,18.1208,40.2685
1695,303,129,56,118,18.4818,38.9439
1696,303,126,60,117,19.8020,38.6139
1697,302,124,60,118,19.8675,39.0728
1698,302,118,64,120,21.1921,39.7351
1699,300,113,65,122,21.6667,40.6667
1700,299,108,68,123,22.7425,41.1371
1701,305,112,70,123,22.9508,40.3279
1702,304,111,70,123,23.0263,40.4605
1703,304,108,78,118,25.6579,38.8158
1704,302,108,77,117,25.4967,38.7417
1705,301,107,78,116,25.9136,38.5382
1706,301,110,80,111,26.5781,36.8771
1707,301,106,86,109,28.5714,36.2126
1708,301,101,88,112,29.2359,37.2093
1709,301,96,95,110,31.5615,36.5449
1710,300,92,97,111,32.3333,37.0000
1711,299,93,95,111,31.7726,37.1237
1712,298,89,97,112,32.5503,37.5839
1713,298,93,99,106,33.2215,35.5705
1714,299,89,102,108,34.1137,36.1204
1715,302,90,102,110,33.7748,36.4238
1716,301,90,99,112,32.8904,37.2093
1717,301,91,97,113,32.2259,37.5415
1718,300,91,95,114,31.6667,38.0000
1719,298,92,90,116,30.2013,38.9262
1720,299,89,90,120,30.1003,40.1338
1721,301,93,89,119,29.5681,39.5349
1722,301,93,88,120,29.2359,39.8671
1723,299,95,80,124,26.7559,41.4716
1724,300,93,83,124,27.6667,41.3333
1725,300,93,80,127,26.6667,42.3333
1726,300,91,81,128,27.0000,42.6667
1727,298,88,81,129,27.1812,43.2886
1728,299,88,80,131,26.7559,43.8127
1729,295,90,71,134,24.0678,45.4237
1730,296,93,68,135,22.9730,45.6081
1731,298,97,66,135,22.1477,45.3020
1732,298,95,67,136,22.4832,45.6376
1733,302,97,65,140,21.5232,46.3576
1734,300,99,62,139,20.6667,46.3333
1735,299,100,57,142,19.0635,47.4916
1736,299,98,60,141,20.0669,47.1572
1737,299,95,62,142,20.7358,47.4916
1738,301,96,65,140,21.5947,46.5116
1739,301,95,63,143,20.9302,47.5083
1740,299,92,65,142,21.7391,47.4916
1741,298,92,61,145,20.4698,48.6577
1742,297,92,61,144,20.5387,48.4848
1743,297,92,65,140,21.8855,47.1380
1744,296,88,67,141,22.6351,47.6351
1745,297,87,64,146,21.5488,49.1582
1746,297,87,64,146,21.5488,49.1582
1747,299,92,60,147,20.0669,49.1639
1748,301,89,62,150,20.5980,49.8339
1749,300,92,61,147,20.3333,49.0000
1750,300,93,62,145,20.6667,48.3333
1751,299,93,62,144,20.7358,48.1605
1752,302,96,64,142,21.1921,47.0199
1753,301,96,60,145,19.9336,48.1728
1754,301,95,63,143,20.9302,47.5083
1755,301,94,65,142,21.5947,47.1761
1756,298,94,63,141,21.1409,47.3154
1757,303,97,62,144,20.4620,47.5248
1758,301,94,60,147,19.9336,48.8372
1759,301,94,59,148,19.6013,49.1694
1760,301,92,62,147,20.5980,48.8372
1761,300,90,58,152,19.3333,50.6667
1762,300,87,61,152,20.3333,50.6667
1763,300,91,59,150,19.6667,50.0000
1764,300,93,54,153,18.0000,51.0000
1765,300,89,54,157,18.0000,52.3333
1766,300,90,54,156,18.0000,52.0000
1767,300,91,53,156,17.6667,52.0000
1768,299,95,51,153,17.0569,51.1706
1769,302,100,49,153,16.2252,50.6623
1770,302,100,53,149,17.5497,49.3377
1771,302,104,52,146,17.2185,48.3444
1772,300,110,49,141,16.3333,47.0000
1773,300,114,48,138,16.0000,46.0000
1774,300,117,43,140,14.3333,46.6667
1775,300,123,43,134,14.3333,44.6667
1776,299,124,42,133,14.0468,44.4816
1777,299,128,40,131,13.3779,43.8127
1778,300,133,38,129,12.6667,43.0000
1779,299,136,37,126,12.3746,42.1405
1780,299,138,33,128,11.0368,42.8094
1781,302,144,33,125,10.9272,41.3907
1782,301,146,31,124,10.2990,41.1960
1783,299,148,29,122,9.6990,40.8027
1784,305,153,31,121,10.1639,39.6721
1785,305,154,31,120,10.1639,39.3443
1786,305,153,31,121,10.1639,39.6721
1787,305,159,29,117,9.5082,38.3607
1788,305,156,33,116,10.8197,38.0328
1789,304,155,35,114,11.5132,37.5000
1790,304,153,33,118,10.8553,38.8158
1791,304,154,35,115,11.5132,37.8289
1792,304,154,36,114,11.8421,37.5000
1793,304,157,39,108,12.8289,35.5263
1794,304,153,43,108,14.1447,35.5263
1795,304,148,48,108,15.7895,35.5263
1796,304,146,49,109,16.1184,35.8553
1797,303,151,48,104,15.8416,34.3234
1798,303,151,49,103,16.1716,33.9934
1799,303,153,50,100,16.5017,33.0033
1800,303,150,55,98,18.1518,32.3432
1801,302,149,55,98,18.2119,32.4503
1802,301,145,58,98,19.2691,32.5581
1803,300,145,57,98,19.0000,32.6667
1804,300,140,59,101,19.6667,33.6667
1805,300,144,60,96,20.0000,32.0000
1806,298,136,62,100,20.8054,33.5570
1807,303,140,64,99,21.1221,32.6733
1808,303,139,63,101,20.7921,33.3333
1809,303,136,68,99,22.4422,32.6733
1810,303,135,67,101,22.1122,33.3333
1811,303,133,70,100,23.1023,33.0033
1812,302,127,76,99,25.1656,32.7815
1813,302,129,78,95,25.8278,31.4570
1814,301,126,81,94,26.9103,31.2292
1815,299,126,74,99,24.7492,33.1104
1816,299,129,73,97,24.4147,32.4415
1817,301,132,76,93,25.2492,30.8970
1818,300,126,83,91,27.6667,30.3333
1819,300,124,87,89,29.0000,29.6667
1820,298,124,87,87,29.1946,29.1946
1821,300,125,87,88,29.0000,29.3333
1822,300,119,92,89,30.6667,29.6667
1823,299,115,92,92,30.7692,30.7692
1824,298,111,93,94,31.2081,31.5436
1825,300,109,99,92,33.0000,30.6667
1826,300,108,98,94,32.6667,31.3333
1827,299,107,97,95,32.4415,31.7726
1828,298,100,102,96,34.2282,32.2148
1829,300,102,101,97,33.6667,32.3333
1830,299,91,107,101,35.7860,33.7793
1831,300,89,108,103,36.0000,34.3333
1832,296,90,105,101,35.4730,34.1216
1833,297,89,105,103,35.3535,34.6801
1834,301,89,107,105,35.5482,34.8837
1835,300,86,109,105,36.3333,35.0000
1836,298,81,111,106,37.2483,35.5705
1837,300,83,110,107,36.6667,35.6667
1838,298,81,109,108,36.5772,36.2416
1839,300,83,105,112,35.0000,37.3333
1840,300,81,105,114,35.0000,38.0000
1841,298,78,104,116,34.8993,38.9262
1842,299,84,101,114,33.7793,38.1271
1843,300,85,95,120,31.6667,40.0000
1844,299,78,98,123,32.7759,41.1371
1845,297,70,99,128,33.3333,43.0976
1846,298,72,95,131,31.8792,43.9597
1847,297,71,92,134,30.9764,45.1178
1848,298,75,89,134,29.8658,44.9664
1849,298,77,83,138,27.8523,46.3087
1850,298,75,82,141,27.5168,47.3154
1851,298,72,76,150,25.5034,50.3356
1852,299,69,79,151,26.4214,50.5017
1853,299,69,74,156,24.7492,52.1739
1854,300,70,70,160,23.3333,53.3333
1855,298,68,68,162,22.8188,54.3624
1856,295,67,67,161,22.7119,54.5763
1857,298,70,65,163,21.8121,54.6980
1858,302,76,63,163,20.8609,53.9735
1859,301,75,60,166,19.9336,55.1495
1860,301,74,62,165,20.5980,54.8173
1861,301,75,62,164,20.5980,54.4850
1862,301,79,59,163,19.6013,54.1528
1863,300,79,58,163,19.3333,54.3333
1864,297,77,55,165,18.5185,55.5556
1865,296,80,48,168,16.2162,56.7568
1866,297,82,44,171,14.8148,57.5758
1867,303,94,46,163,15.1815,53.7954
1868,303,90,52,161,17.1617,53.1353
1869,303,85,56,162,18.4818,53.4653
1870,302,85,52,165,17.2185,54.6358
1871,302,85,49,168,16.2252,55.6291
1872,301,84,48,169,15.9468,56.1462
1873,300,88,42,170,14.0000,56.6667
1874,300,88,42,170,14.0000,56.6667
1875,300,92,40,168,13.3333,56.0000
1876,298,93,39,166,13.0872,55.7047
1877,299,94,35,170,11.7057,56.8562
1878,300,96,41,163,13.6667,54.3333
1879,300,97,39,164,13.0000,54.6667
1880,300,98,37,165,12.3333,55.0000
1881,299,100,36,163,12.0401,54.5151
1882,302,108,35,159,11.5894,52.6490
1883,302,109,36,157,11.9205,51.9868
1884,302,108,39,155,12.9139,51.3245
1885,301,111,37,153,12.2924,50.8306
1886,301,115,38,148,12.6246,49.1694
1887,301,114,37,150,12.2924,49.8339
1888,299,115,35,149,11.7057,49.8328
1889,299,121,27,151,9.0301,50.5017
1890,304,128,28,148,9.2105,48.6842
1891,304,133,29,142,9.5395,46.7105
1892,304,130,32,142,10.5263,46.7105
1893,304,132,33,139,10.8553,45.7237
1894,304,134,34,136,11.1842,44.7368
1895,304,138,35,131,11.5132,43.0921
1896,304,134,41,129,13.4868,42.4342
1897,303,136,42,125,13.8614,41.2541
1898,302,139,41,122,13.5762,40.3974
1899,302,139,41,122,13.5762,40.3974
1900,302,141,40,121,13.2450,40.0662
1901,302,141,43,118,14.2384,39.0728
1902,302,143,44,115,14.5695,38.0795
1903,302,148,47,107,15.5629,35.4305
1904,301,148,46,107,15.2824,35.5482
1905,300,153,46,101,15.3333,33.6667
1906,299,152,50,97,16.7224,32.4415
1907,301,156,50,95,16.6113,31.5615
1908,301,155,52,94,17.2757,31.2292
1909,301,155,52,94,17.2757,31.2292
1910,300,150,60,90,20.0000,30.0000
1911,299,151,61,87,20.4013,29.0970
1912,300,153,60,87,20.0000,29.0000
1913,300,151,58,91,19.3333,30.3333
1914,300,147,66,87,22.0000,29.0000
1915,299,143,68,88,22.7425,29.4314
1916,297,142,69,86,23.2323,28.9562
1917,297,143,71,83,23.9057,27.9461
1918,299,142,75,82,25.0836,27.4247
1919,300,138,80,82,26.6667,27.3333
1920,300,133,83,84,27.6667,28.0000
1921,299,124,91,84,30.4348,28.0936
1922,301,125,93,83,30.8970,27.5748
1923,300,126,93,81,31.0000,27.0000
1924,300,118,98,84,32.6667,28.0000
1925,300,120,101,79,33.6667,26.3333
1926,299,116,103,80,34.4482,26.7559
1927,300,111,108,81,36.0000,27.0000
1928,299,105,113,81,37.7926,27.0903
1929,297,100,119,78,40.0673,26.2626
1930,299,96,121,82,40.4682,27.4247
1931,298,98,118,82,39.5973,27.5168
1932,299,98,121,80,40.4682,26.7559
1933,303,99,122,82,40.2640,27.0627
1934,302,92,125,85,41.3907,28.1457
1935,300,92,120,88,40.0000,29.3333
1936,298,86,121,91,40.6040,30.5369
1937,299,87,120,92,40.1338,30.7692
1938,301,79,121,101,40.1993,33.5548
1939,301,75,121,105,40.1993,34.8837
1940,298,68,123,107,41.2752,35.9060
1941,296,69,120,107,40.5405,36.1486
1942,300,71,116,113,38.6667,37.6667
1943,298,69,116,113,38.9262,37.9195
1944,297,67,114,116,38.3838,39.0572
1945,298,66,111,121,37.2483,40.6040
1946,303,69,109,125,35.9736,41.2541
1947,302,67,103,132,34.1060,43.7086
1948,302,67,97,138,32.1192,45.6954
1949,301,63,94,144,31.2292,47.8405
1950,299,64,88,147,29.4314,49.1639
1951,298,65,84,149,28.1879,50.0000
1952,302,66,87,149,28.8079,49.3377
1953,300,66,83,151,27.6667,50.3333
1954,299,64,79,156,26.4214,52.1739
1955,299,63,76,160,25.4181,53.5117
1956,298,64,74,160,24.8322,53.6913
1957,301,65,75,161,24.9169,53.4884
1958,300,62,73,165,24.3333,55.0000
1959,297,60,64,173,21.5488,58.2492
1960,296,58,64,174,21.6216,58.7838
1961,294,58,59,177,20.0680,60.2041
1962,296,59,56,181,18.9189,61.1486
1963,296,60,53,183,17.9054,61.8243
1964,297,63,50,184,16.8350,61.9529
1965,300,72,47,181,15.6667,60.3333
1966,299,67,49,183,16.3880,61.2040
1967,303,71,48,184,15.8416,60.7261
1968,303,71,48,184,15.8416,60.7261
1969,303,72,48,183,15.8416,60.3960
1970,301,75,43,183,14.2857,60.7973
1971,300,74,41,185,13.6667,61.6667
1972,299,76,40,183,13.3779,61.2040
1973,302,81,37,184,12.2517,60.9272
1974,302,82,37,183,12.2517,60.5960
1975,302,84,35,183,11.5894,60.5960
1976,301,88,31,182,10.2990,60.4651
1977,299,87,30,182,10.0334,60.8696
1978,305,92,32,181,10.4918,59.3443
1979,303,95,28,180,9.2409,59.4059
1980,303,93,27,183,8.9109,60.3960
1981,303,93,25,185,8.2508,61.0561
1982,303,97,23,183,7.5908,60.3960
1983,303,100,23,180,7.5908,59.4059
1984,303,100,24,179,7.9208,59.0759
1985,303,102,25,176,8.2508,58.0858
1986,303,104,25,174,8.2508,57.4257
1987,303,104,26,173,8.5809,57.0957
1988,303,107,24,172,7.9208,56.7657
1989,302,110,22,170,7.2848,56.2914
1990,302,118,23,161,7.6159,53.3113
1991,302,125,22,155,7.2848,51.3245
1992,302,127,23,152,7.6159,50.3311
1993,301,133,21,147,6.9767,48.8372
1994,301,139,21,141,6.9767,46.8439
1995,301,137,23,141,7.6412,46.8439
1996,301,140,25,136,8.3056,45.1827
1997,301,144,25,132,8.3056,43.8538
1998,299,147,23,129,7.6923,43.1438
1999,304,160,22,122,7.2368,40.1316
2000,304,166,21,117,6.9079,38.4868
2001,303,170,22,111,7.2607,36.6337
2002,303,173,23,107,7.5908,35.3135
2003,303,175,26,102,8.5809,33.6634
2004,303,175,27,101,8.9109,33.3333
2005,302,177,27,98,8.9404,32.4503
2006,302,181,28,93,9.2715,30.7947
2007,301,185,23,93,7.6412,30.8970
2008,301,187,23,91,7.6412,30.2326
2009,301,188,23,90,7.6412,29.9003
2010,301,191,24,86,7.9734,28.5714
2011,300,198,26,76,8.6667,25.3333
2012,299,199,26,74,8.6957,24.7492
2013,303,206,28,69,9.2409,22.7723
2014,302,208,29,65,9.6026,21.5232
2015,302,204,34,64,11.2583,21.1921
2016,302,203,35,64,11.5894,21.1921
2017,302,202,38,62,12.5828,20.5298
2018,302,202,39,61,12.9139,20.1987
2019,302,200,43,59,14.2384,19.5364
2020,302,198,45,59,14.9007,19.5364
2021,302,191,52,59,17.2185,19.5364
2022,301,191,53,57,17.6080,18.9369
2023,301,189,54,58,17.9402,19.2691
2024,300,185,57,58,19.0000,19.3333
2025,300,181,61,58,20.3333,19.3333
2026,300,176,67,57,22.3333,19.0000
2027,299,176,67,56,22.4080,18.7291
2028,301,174,73,54,24.2525,17.9402
2029,301,171,76,54,25.2492,17.9402
2030,301,169,79,53,26.2458,17.6080
2031,301,164,84,53,27.9070,17.6080
2032,301,163,86,52,28.5714,17.2757
2033,301,162,91,48,30.2326,15.9468
2034,301,161,90,50,29.9003,16.6113
2035,301,156,92,53,30.5648,17.6080
2036,299,151,92,56,30.7692,18.7291
2037,299,144,98,57,32.7759,19.0635
2038,298,142,98,58,32.8859,19.4631
2039,298,137,103,58,34.5638,19.4631
2040,300,138,103,59,34.3333,19.6667
2041,298,126,111,61,37.2483,20.4698
2042,299,122,113,64,37.7926,21.4047
2043,299,120,114,65,38.1271,21.7391
2044,301,112,119,70,39.5349,23.2558
2045,298,106,118,74,39.5973,24.8322
2046,298,105,118,75,39.5973,25.1678
2047,298,93,125,80,41.9463,26.8456
2048,297,89,125,83,42.0875,27.9461
2049,297,88,125,84,42.0875,28.2828
2050,295,83,126,86,42.7119,29.1525
2051,296,82,127,87,42.9054,29.3919
2052,296,82,123,91,41.5541,30.7432
2053,297,81,122,94,41.0774,31.6498
2054,297,72,126,99,42.4242,33.3333
2055,299,70,125,104,41.8060,34.7826
2056,300,66,127,107,42.3333,35.6667
2057,299,63,121,115,40.4682,38.4615
2058,298,61,119,118,39.9329,39.5973
2059,297,64,116,117,39.0572,39.3939
2060,297,62,114,121,38.3838,40.7407
2061,298,64,108,126,36.2416,42.2819
2062,294,62,99,133,33.6735,45.2381
2063,293,64,96,133,32.7645,45.3925
2064,291,65,87,139,29.8969,47.7663
2065,292,68,80,144,27.3973,49.3151
2066,292,68,77,147,26.3699,50.3425
2067,292,68,72,152,24.6575,52.0548
2068,293,72,66,155,22.5256,52.9010
2069,295,69,67,159,22.7119,53.8983
2070,297,71,63,163,21.2121,54.8822
2071,296,67,66,163,22.2973,55.0676
2072,298,68,65,165,21.8121,55.3691
2073,300,71,64,165,21.3333,55.0000
2074,299,71,56,172,18.7291,57.5251
2075,299,74,53,172,17.7258,57.5251
2076,302,73,55,174,18.2119,57.6159
2077,301,72,54,175,17.9402,58.1395
2078,300,70,52,178,17.3333,59.3333
2079,299,68,53,178,17.7258,59.5318
2080,301,71,50,180,16.6113,59.8007
2081,301,69,48,184,15.9468,61.1296
2082,301,67,50,184,16.6113,61.1296
2083,301,66,50,185,16.6113,61.4618
2084,301,68,50,183,16.6113,60.7973
2085,301,67,50,184,16.6113,61.1296
2086,301,68,52,181,17.2757,60.1329
2087,300,71,50,179,16.6667,59.6667
2088,299,71,51,177,17.0569,59.1973
2089,299,69,49,181,16.3880,60.5351
2090,301,73,49,179,16.2791,59.4684
2091,299,74,46,179,15.3846,59.8662
2092,297,73,45,179,15.1515,60.2694
2093,297,77,43,177,14.4781,59.5960
2094,299,81,42,176,14.0468,58.8629
2095,305,88,42,175,13.7705,57.3770
2096,305,89,45,171,14.7541,56.0656
2097,302,94,38,170,12.5828,56.2914
2098,300,92,39,169,13.0000,56.3333
2099,299,94,39,166,13.0435,55.5184
2100,302,100,39,163,12.9139,53.9735
2101,302,100,40,162,13.2450,53.6424
2102,301,100,41,160,13.6213,53.1561
2103,301,99,43,159,14.2857,52.8239
2104,299,103,41,155,13.7124,51.8395
2105,298,101,46,151,15.4362,50.6711
2106,301,109,47,145,15.6146,48.1728
2107,300,110,49,141,16.3333,47.0000
2108,300,109,53,138,17.6667,46.0000
2109,299,115,50,134,16.7224,44.8161
2110,300,117,50,133,16.6667,44.3333
2111,299,118,51,130,17.0569,43.4783
2112,300,121,52,127,17.3333,42.3333
2113,299,124,52,123,17.3913,41.1371
2114,303,130,57,116,18.8119,38.2838
2115,302,127,58,117,19.2053,38.7417
2116,302,132,57,113,18.8742,37.4172
2117,302,129,63,110,20.8609,36.4238
2118,302,128,65,109,21.5232,36.0927
2119,301,129,66,106,21.9269,35.2159
2120,301,132,68,101,22.5914,33.5548
2121,299,134,68,97,22.7425,32.4415
2122,301,138,69,94,22.9236,31.2292
2123,301,136,72,93,23.9203,30.8970
2124,301,136,71,94,23.5880,31.2292
2125,301,130,76,95,25.2492,31.5615
2126,301,137,71,93,23.5880,30.8970
2127,301,138,72,91,23.9203,30.2326
2128,300,138,70,92,23.3333,30.6667
2129,299,137,70,92,23.4114,30.7692
2130,303,142,70,91,23.1023,30.0330
2131,301,141,68,92,22.5914,30.5648
2132,300,140,71,89,23.6667,29.6667
2133,298,142,70,86,23.4899,28.8591
2134,299,140,70,89,23.4114,29.7659
2135,299,138,73,88,24.4147,29.4314
2136,303,137,77,89,25.4125,29.3729
2137,302,132,78,92,25.8278,30.4636
2138,297,129,76,92,25.5892,30.9764
2139,297,129,74,94,24.9158,31.6498
2140,298,127,74,97,24.8322,32.5503
2141,298,127,78,93,26.1745,31.2081
2142,297,124,78,95,26.2626,31.9865
2143,298,125,79,94,26.5101,31.5436
2144,299,128,77,94,25.7525,31.4381
2145,300,128,74,98,24.6667,32.6667
2146,299,123,79,97,26.4214,32.4415
2147,302,122,83,97,27.4834,32.1192
2148,302,117,86,99,28.4768,32.7815
2149,301,116,86,99,28.5714,32.8904
2150,300,109,91,100,30.3333,33.3333
2151,299,107,93,99,31.1037,33.1104
2152,300,107,91,102,30.3333,34.0000
2153,300,102,94,104,31.3333,34.6667
2154,300,100,95,105,31.6667,35.0000
2155,299,94,96,109,32.1070,36.4548
2156,301,97,91,113,30.2326,37.5415
2157,301,89,93,119,30.8970,39.5349
2158,299,85,93,121,31.1037,40.4682
2159,301,88,92,121,30.5648,40.1993
2160,299,85,92,122,30.7692,40.8027
2161,298,90,85,123,28.5235,41.2752
2162,296,92,82,122,27.7027,41.2162
2163,297,94,79,124,26.5993,41.7508
2164,300,97,79,124,26.3333,41.3333
2165,300,91,85,124,28.3333,41.3333
2166,299,86,84,129,28.0936,43.1438
2167,301,83,88,130,29.2359,43.1894
2168,300,79,84,137,28.0000,45.6667
2169,300,76,86,138,28.6667,46.0000
2170,299,75,82,142,27.4247,47.4916
2171,301,76,79,146,26.2458,48.5050
2172,301,75,79,147,26.2458,48.8372
2173,301,68,83,150,27.5748,49.8339
2174,301,66,81,154,26.9103,51.1628
2175,300,64,79,157,26.3333,52.3333
2176,298,66,78,154,26.1745,51.6779
2177,301,71,74,156,24.5847,51.8272
2178,301,73,72,156,23.9203,51.8272
2179,300,70,73,157,24.3333,52.3333
2180,298,73,71,154,23.8255,51.6779
2181,299,75,72,152,24.0803,50.8361
2182,303,80,72,151,23.7624,49.8350
2183,303,77,76,150,25.0825,49.5050
2184,303,74,77,152,25.4125,50.1650
2185,302,73,76,153,25.1656,50.6623
2186,300,74,72,154,24.0000,51.3333
2187,298,72,69,157,23.1544,52.6846
2188,298,74,63,161,21.1409,54.0268
2189,301,82,59,160,19.6013,53.1561
2190,301,81,58,162,19.2691,53.8206
2191,300,83,54,163,18.0000,54.3333
2192,300,87,53,160,17.6667,53.3333
2193,299,86,48,165,16.0535,55.1839
2194,300,88,47,165,15.6667,55.0000
2195,298,89,45,164,15.1007,55.0336
2196,298,92,43,163,14.4295,54.6980
2197,301,96,46,159,15.2824,52.8239
2198,301,96,44,161,14.6179,53.4884
2199,300,92,44,164,14.6667,54.6667
2200,300,94,44,162,14.6667,54.0000
2201,299,97,43,159,14.3813,53.1773
2202,300,93,49,158,16.3333,52.6667
2203,299,93,46,160,15.3846,53.5117
2204,301,100,42,159,13.9535,52.8239
2205,299,103,39,157,13.0435,52.5084
2206,302,108,37,157,12.2517,51.9868
2207,301,113,32,156,10.6312,51.8272
2208,301,119,31,151,10.2990,50.1661
2209,300,124,30,146,10.0000,48.6667
2210,300,124,31,145,10.3333,48.3333
2211,299,124,30,145,10.0334,48.4950
2212,305,130,31,144,10.1639,47.2131
2213,305,135,29,141,9.5082,46.2295
2214,304,131,34,139,11.1842,45.7237
2215,304,133,33,138,10.8553,45.3947
2216,304,134,33,137,10.8553,45.0658
2217,303,133,33,137,10.8911,45.2145
2218,301,136,32,133,10.6312,44.1860
2219,301,136,31,134,10.2990,44.5183
2220,301,144,29,128,9.6346,42.5249
2221,301,146,29,126,9.6346,41.8605
2222,301,151,28,122,9.3023,40.5316
2223,301,158,22,121,7.3090,40.1993
2224,300,160,21,119,7.0000,39.6667
2225,300,161,23,116,7.6667,38.6667
2226,300,165,25,110,8.3333,36.6667
2227,300,167,26,107,8.6667,35.6667
2228,300,164,30,106,10.0000,35.3333
2229,300,166,32,102,10.6667,34.0000
2230,299,171,31,97,10.3679,32.4415
2231,302,173,33,96,10.9272,31.7881
2232,301,169,36,96,11.9601,31.8937
2233,301,167,39,95,12.9568,31.5615
2234,300,160,44,96,14.6667,32.0000
2235,298,159,43,96,14.4295,32.2148
2236,301,161,45,95,14.9502,31.5615
2237,300,161,46,93,15.3333,31.0000
2238,299,164,45,90,15.0502,30.1003
2239,304,169,48,87,15.7895,28.6184
2240,304,172,50,82,16.4474,26.9737
2241,303,168,55,80,18.1518,26.4026
2242,303,165,60,78,19.8020,25.7426
2243,303,165,64,74,21.1221,24.4224
2244,303,162,68,73,22.4422,24.0924
2245,302,162,72,68,23.8411,22.5166
2246,302,159,77,66,25.4967,21.8543
2247,301,155,81,65,26.9103,21.5947
2248,300,155,80,65,26.6667,21.6667
2249,298,151,81,66,27.1812,22.1477
2250,303,156,84,63,27.7228,20.7921
2251,303,155,86,62,28.3828,20.4620
2252,303,150,89,64,29.3729,21.1221
2253,301,145,91,65,30.2326,21.5947
2254,299,140,91,68,30.4348,22.7425
2255,298,140,89,69,29.8658,23.1544
2256,300,142,88,70,29.3333,23.3333
2257,299,135,94,70,31.4381,23.4114
2258,303,134,101,68,33.3333,22.4422
2259,303,132,103,68,33.9934,22.4422
2260,302,129,103,70,34.1060,23.1788
2261,301,125,102,74,33.8870,24.5847
2262,299,121,101,77,33.7793,25.7525
2263,299,118,103,78,34.4482,26.0870
2264,298,117,100,81,33.5570,27.1812
2265,299,114,100,85,33.4448,28.4281
2266,304,113,104,87,34.2105,28.6184
2267,301,106,105,90,34.8837,29.9003
2268,301,102,105,94,34.8837,31.2292
2269,300,95,109,96,36.3333,32.0000
2270,299,89,113,97,37.7926,32.4415
2271,300,92,111,97,37.0000,32.3333
2272,300,93,107,100,35.6667,33.3333
2273,299,89,106,104,35.4515,34.7826
2274,297,88,104,105,35.0168,35.3535
2275,299,94,103,102,34.4482,34.1137
2276,300,92,102,106,34.0000,35.3333
2277,300,89,102,109,34.0000,36.3333
2278,299,85,98,116,32.7759,38.7960
2279,298,82,94,122,31.5436,40.9396
2280,299,78,95,126,31.7726,42.1405
2281,298,77,91,130,30.5369,43.6242
2282,298,73,94,131,31.5436,43.9597
2283,298,70,94,134,31.5436,44.9664
2284,298,72,91,135,30.5369,45.3020
2285,299,69,90,140,30.1003,46.8227
2286,300,69,87,144,29.0000,48.0000
2287,300,68,84,148,28.0000,49.3333
2288,296,68,76,152,25.6757,51.3514
2289,296,72,71,153,23.9865,51.6892
2290,292,71,63,158,21.5753,54.1096
2291,293,74,63,156,21.5017,53.2423
2292,294,74,63,157,21.4286,53.4014
2293,294,76,61,157,20.7483,53.4014
2294,294,77,56,161,19.0476,54.7619
2295,295,81,52,162,17.6271,54.9153
2296,298,83,51,164,17.1141,55.0336
2297,301,87,48,166,15.9468,55.1495
2298,300,87,46,167,15.3333,55.6667
2299,299,83,44,172,14.7157,57.5251
2300,302,88,42,172,13.9073,56.9536
2301,301,88,40,173,13.2890,57.4751
2302,300,88,36,176,12.0000,58.6667
2303,300,90,31,179,10.3333,59.6667
2304,300,92,31,177,10.3333,59.0000
2305,299,90,32,177,10.7023,59.1973
2306,302,98,27,177,8.9404,58.6093
2307,302,101,27,174,8.9404,57.6159
2308,302,102,28,172,9.2715,56.9536
2309,301,101,29,171,9.6346,56.8106
2310,301,100,29,172,9.6346,57.1429
2311,301,102,28,171,9.3023,56.8106
2312,300,105,27,168,9.0000,56.0000
2313,300,110,25,165,8.3333,55.0000
2314,300,114,25,161,8.3333,53.6667
2315,299,115,25,159,8.3612,53.1773
2316,306,125,25,156,8.1699,50.9804
2317,305,131,23,151,7.5410,49.5082
2318,305,133,23,149,7.5410,48.8525
2319,304,137,20,147,6.5789,48.3553
2320,304,138,22,144,7.2368,47.3684
2321,303,140,20,143,6.6007,47.1947
2322,303,140,22,141,7.2607,46.5347
2323,303,143,21,139,6.9307,45.8746
2324,303,149,20,134,6.6007,44.2244
2325,303,154,18,131,5.9406,43.2343
2326,303,157,16,130,5.2805,42.9043
2327,303,159,16,128,5.2805,42.2442
2328,303,162,15,126,4.9505,41.5842
2329,302,163,15,124,4.9669,41.0596
2330,302,167,17,118,5.6291,39.0728
2331,302,171,17,114,5.6291,37.7483
2332,302,175,17,110,5.6291,36.4238
2333,302,176,20,106,6.6225,35.0993
2334,302,176,22,104,7.2848,34.4371
2335,302,174,28,100,9.2715,33.1126
2336,301,174,29,98,9.6346,32.5581
2337,301,177,31,93,10.2990,30.8970
2338,301,182,32,87,10.6312,28.9037
2339,300,185,33,82,11.0000,27.3333
2340,300,186,35,79,11.6667,26.3333
2341,299,184,36,79,12.0401,26.4214
2342,301,190,38,73,12.6246,24.2525
2343,301,186,40,75,13.2890,24.9169
2344,301,184,44,73,14.6179,24.2525
2345,301,182,47,72,15.6146,23.9203
2346,301,183,51,67,16.9435,22.2591
2347,301,180,55,66,18.2724,21.9269
2348,299,168,67,64,22.4080,21.4047
2349,302,171,69,62,22.8477,20.5298
2350,300,170,70,60,23.3333,20.0000
2351,300,171,71,58,23.6667,19.3333
2352,300,163,80,57,26.6667,19.0000
2353,300,163,81,56,27.0000,18.6667
2354,300,157,89,54,29.6667,18.0000
2355,300,159,87,54,29.0000,18.0000
2356,299,154,89,56,29.7659,18.7291
2357,300,151,95,54,31.6667,18.0000
2358,300,149,98,53,32.6667,17.6667
2359,300,145,101,54,33.6667,18.0000
2360,300,142,105,53,35.0000,17.6667
2361,297,138,103,56,34.6801,18.8552
2362,298,132,108,58,36.2416,19.4631
2363,299,134,109,56,36.4548,18.7291
2364,298,130,110,58,36.9128,19.4631
2365,300,128,113,59,37.6667,19.6667
2366,300,122,116,62,38.6667,20.6667
2367,300,118,117,65,39.0000,21.6667
2368,299,115,111,73,37.1237,24.4147
2369,300,114,104,82,34.6667,27.3333
2370,300,111,104,85,34.6667,28.3333
2371,299,110,104,85,34.7826,28.4281
2372,302,109,105,88,34.7682,29.1391
2373,301,107,101,93,33.5548,30.8970
2374,301,101,105,95,34.8837,31.5615
2375,298,94,103,101,34.5638,33.8926
2376,300,93,105,102,35.0000,34.0000
2377,297,92,100,105,33.6700,35.3535
2378,298,89,102,107,34.2282,35.9060
2379,299,86,102,111,34.1137,37.1237
2380,300,85,100,115,33.3333,38.3333
2381,298,82,100,116,33.5570,38.9262
2382,296,81,98,117,33.1081,39.5270
2383,297,84,93,120,31.3131,40.4040
2384,298,85,92,121,30.8725,40.6040
2385,298,85,88,125,29.5302,41.9463
2386,297,80,86,131,28.9562,44.1077
2387,299,80,82,137,27.4247,45.8194
2388,298,75,85,138,28.5235,46.3087
2389,298,72,84,142,28.1879,47.6510
2390,299,72,84,143,28.0936,47.8261
2391,300,72,82,146,27.3333,48.6667
2392,299,70,82,147,27.4247,49.1639
2393,299,72,75,152,25.0836,50.8361
2394,300,72,70,158,23.3333,52.6667
2395,300,73,64,163,21.3333,54.3333
2396,298,69,65,164,21.8121,55.0336
2397,298,70,61,167,20.4698,56.0403
2398,299,70,59,170,19.7324,56.8562
2399,299,72,51,176,17.0569,58.8629
2400,299,71,49,179,16.3880,59.8662
2401,302,74,47,181,15.5629,59.9338
2402,301,72,45,184,14.9502,61.1296
2403,301,74,45,182,14.9502,60.4651
2404,300,72,46,182,15.3333,60.6667
2405,300,73,46,181,15.3333,60.3333
2406,299,72,44,183,14.7157,61.2040
2407,301,80,41,180,13.6213,59.8007
2408,300,81,41,178,13.6667,59.3333
2409,297,78,39,180,13.1313,60.6061
2410,297,80,36,181,12.1212,60.9428
2411,300,84,36,180,12.0000,60.0000
2412,300,84,33,183,11.0000,61.0000
2413,299,85,33,181,11.0368,60.5351
2414,303,89,33,181,10.8911,59.7360
2415,303,88,35,180,11.5512,59.4059
2416,302,88,34,180,11.2583,59.6026
2417,302,91,32,179,10.5960,59.2715
2418,302,91,34,177,11.2583,58.6093
2419,302,94,32,176,10.5960,58.2781
2420,301,101,32,168,10.6312,55.8140
2421,299,109,32,158,10.7023,52.8428
2422,302,115,31,156,10.2649,51.6556
2423,301,117,31,153,10.2990,50.8306
2424,299,119,29,151,9.6990,50.5017
2425,302,127,31,144,10.2649,47.6821
2426,302,127,31,144,10.2649,47.6821
2427,302,132,32,138,10.5960,45.6954
2428,301,132,32,137,10.6312,45.5150
2429,301,136,31,134,10.2990,44.5183
2430,299,140,28,131,9.3645,43.8127
2431,300,145,28,127,9.3333,42.3333
2432,300,148,31,121,10.3333,40.3333
2433,300,146,34,120,11.3333,40.0000
2434,299,146,33,120,11.0368,40.1338
2435,304,154,33,117,10.8553,38.4868
2436,303,154,32,117,10.5611,38.6139
2437,302,157,32,113,10.5960,37.4172
2438,301,158,35,108,11.6279,35.8804
2439,301,163,35,103,11.6279,34.2193
2440,301,162,36,103,11.9601,34.2193
2441,301,164,36,101,11.9601,33.5548
2442,301,162,39,100,12.9568,33.2226
2443,301,163,41,97,13.6213,32.2259
2444,301,162,43,96,14.2857,31.8937
2445,301,166,44,91,14.6179,30.2326
2446,300,165,48,87,16.0000,29.0000
2447,300,170,48,82,16.0000,27.3333
2448,300,168,49,83,16.3333,27.6667
2449,300,169,50,81,16.6667,27.0000
2450,300,167,54,79,18.0000,26.3333
2451,299,169,57,73,19.0635,24.4147
2452,303,171,62,70,20.4620,23.1023
2453,303,168,65,70,21.4521,23.1023
2454,302,166,65,71,21.5232,23.5099
2455,301,161,69,71,22.9236,23.5880
2456,301,159,71,71,23.5880,23.5880
2457,301,155,76,70,25.2492,23.2558
2458,301,155,74,72,24.5847,23.9203
2459,300,151,79,70,26.3333,23.3333
2460,299,146,83,70,27.7592,23.4114
2461,303,145,89,69,29.3729,22.7723
2462,303,139,97,67,32.0132,22.1122
2463,302,134,99,69,32.7815,22.8477
2464,301,131,103,67,34.2193,22.2591
2465,299,126,105,68,35.1171,22.7425
2466,298,126,106,66,35.5705,22.1477
2467,298,122,104,72,34.8993,24.1611
2468,297,124,103,70,34.6801,23.5690
2469,300,122,109,69,36.3333,23.0000
2470,300,118,110,72,36.6667,24.0000
2471,300,114,111,75,37.0000,25.0000
2472,300,109,112,79,37.3333,26.3333
2473,299,102,114,83,38.1271,27.7592
2474,302,105,109,88,36.0927,29.1391
2475,300,98,111,91,37.0000,30.3333
2476,299,95,111,93,37.1237,31.1037
2477,299,92,111,96,37.1237,32.1070
2478,300,89,113,98,37.6667,32.6667
2479,299,88,111,100,37.1237,33.4448
2480,300,89,105,106,35.0000,35.3333
2481,298,85,103,110,34.5638,36.9128
2482,300,87,97,116,32.3333,38.6667
2483,296,87,90,119,30.4054,40.2027
2484,295,82,91,122,30.8475,41.3559
2485,298,83,89,126,29.8658,42.2819
2486,297,81,88,128,29.6296,43.0976
2487,299,84,88,127,29.4314,42.4749
2488,299,82,88,129,29.4314,43.1438
2489,300,84,83,133,27.6667,44.3333
2490,298,82,81,135,27.1812,45.3020
2491,301,84,80,137,26.5781,45.5150
2492,301,81,78,142,25.9136,47.1761
2493,301,78,78,145,25.9136,48.1728
2494,299,76,73,150,24.4147,50.1672
2495,302,79,69,154,22.8477,50.9934
2496,302,77,67,158,22.1854,52.3179
2497,302,74,67,161,22.1854,53.3113
2498,301,76,62,163,20.5980,54.1528
2499,301,77,59,165,19.6013,54.8173
2500,301,76,62,163,20.5980,54.1528
2501,300,75,60,165,20.0000,55.0000
2502,297,74,57,166,19.1919,55.8923
2503,298,73,59,166,19.7987,55.7047
2504,300,72,58,170,19.3333,56.6667
2505,300,72,58,170,19.3333,56.6667
2506,298,76,52,170,17.4497,57.0470
2507,302,79,50,173,16.5563,57.2848
2508,302,79,48,175,15.8940,57.9470
2509,301,78,48,175,15.9468,58.1395
2510,301,81,47,173,15.6146,57.4751
2511,301,81,46,174,15.2824,57.8073
2512,299,81,42,176,14.0468,58.8629
2513,301,82,41,178,13.6213,59.1362
2514,301,82,39,180,12.9568,59.8007
2515,301,84,39,178,12.9568,59.1362
2516,301,84,37,180,12.2924,59.8007
2517,299,84,36,179,12.0401,59.8662
2518,303,89,34,180,11.2211,59.4059
2519,303,94,35,174,11.5512,57.4257
2520,303,91,36,176,11.8812,58.0858
2521,302,90,36,176,11.9205,58.2781
2522,302,94,34,174,11.2583,57.6159
2523,300,98,30,172,10.0000,57.3333
2524,300,100,31,169,10.3333,56.3333
2525,299,101,30,168,10.0334,56.1873
2526,301,105,33,163,10.9635,54.1528
2527,301,108,33,160,10.9635,53.1561
2528,301,112,30,159,9.9668,52.8239
2529,301,115,30,156,9.9668,51.8272
2530,300,116,31,153,10.3333,51.0000
2531,300,119,30,151,10.0000,50.3333
2532,300,124,31,145,10.3333,48.3333
2533,299,128,31,140,10.3679,46.8227
2534,303,136,33,134,10.8911,44.2244
2535,302,138,32,132,10.5960,43.7086
2536,302,141,32,129,10.5960,42.7152
2537,302,143,34,125,11.2583,41.3907
2538,301,145,33,123,10.9635,40.8638
2539,301,145,34,122,11.2957,40.5316
2540,301,147,32,122,10.6312,40.5316
2541,301,150,30,121,9.9668,40.1993
2542,301,152,31,118,10.2990,39.2027
2543,301,153,33,115,10.9635,38.2060
2544,300,157,33,110,11.0000,36.6667
2545,299,161,32,106,10.7023,35.4515
2546,303,168,30,105,9.9010,34.6535
2547,303,171,30,102,9.9010,33.6634
2548,303,174,33,96,10.8911,31.6832
2549,303,177,34,92,11.2211,30.3630
2550,302,177,37,88,12.2517,29.1391
2551,301,177,39,85,12.9568,28.2392
2552,301,169,46,86,15.2824,28.5714
2553,301,169,48,84,15.9468,27.9070
2554,300,167,50,83,16.6667,27.6667
2555,297,163,51,83,17.1717,27.9461
2556,297,164,53,80,17.8451,26.9360
2557,298,164,55,79,18.4564,26.5101
2558,299,165,58,76,19.3980,25.4181
2559,302,171,57,74,18.8742,24.5033
2560,302,166,64,72,21.1921,23.8411
2561,302,159,71,72,23.5099,23.8411
2562,301,153,78,70,25.9136,23.2558
2563,300,147,85,68,28.3333,22.6667
2564,299,143,91,65,30.4348,21.7391
2565,299,137,98,64,32.7759,21.4047
2566,299,137,102,60,34.1137,20.0669
2567,300,131,107,62,35.6667,20.6667
2568,300,128,112,60,37.3333,20.0000
2569,300,122,117,61,39.0000,20.3333
2570,299,119,119,61,39.7993,20.4013
2571,300,116,119,65,39.6667,21.6667
2572,299,112,119,68,39.7993,22.7425
2573,299,106,123,70,41.1371,23.4114
2574,298,100,128,70,42.9530,23.4899
2575,299,99,130,70,43.4783,23.4114
2576,299,93,134,72,44.8161,24.0803
2577,297,86,139,72,46.8013,24.2424
2578,296,82,140,74,47.2973,25.0000
2579,296,75,147,74,49.6622,25.0000
2580,295,77,145,73,49.1525,24.7458
2581,295,68,147,80,49.8305,27.1186
2582,296,66,148,82,50.0000,27.7027
2583,294,63,143,88,48.6395,29.9320
2584,289,60,137,92,47.4048,31.8339
2585,290,58,134,98,46.2069,33.7931
2586,290,55,133,102,45.8621,35.1724
2587,293,58,128,107,43.6860,36.5188
2588,295,56,127,112,43.0508,37.9661
2589,294,58,121,115,41.1565,39.1156
2590,291,59,114,118,39.1753,40.5498
2591,294,60,114,120,38.7755,40.8163
2592,295,64,106,125,35.9322,42.3729
2593,299,65,108,126,36.1204,42.1405
2594,299,62,103,134,34.4482,44.8161
2595,299,62,100,137,33.4448,45.8194
2596,297,60,94,143,31.6498,48.1481
2597,295,60,89,146,30.1695,49.4915
2598,294,63,82,149,27.8912,50.6803
2599,294,65,77,152,26.1905,51.7007
2600,293,64,73,156,24.9147,53.2423
2601,294,64,70,160,23.8095,54.4218
2602,293,68,60,165,20.4778,56.3140
2603,294,71,55,168,18.7075,57.1429
2604,296,72,54,170,18.2432,57.4324
2605,300,75,51,174,17.0000,58.0000
2606,299,76,49,174,16.3880,58.1940
2607,299,76,46,177,15.3846,59.1973
2608,296,75,43,178,14.5270,60.1351
2609,301,82,41,178,13.6213,59.1362
2610,301,80,43,178,14.2857,59.1362
2611,301,81,44,176,14.6179,58.4718
2612,300,81,42,177,14.0000,59.0000
2613,300,78,43,179,14.3333,59.6667
2614,299,79,36,184,12.0401,61.5385
2615,302,80,35,187,11.5894,61.9205
2616,302,80,34,188,11.2583,62.2517
2617,302,81,30,191,9.9338,63.2450
2618,301,81,29,191,9.6346,63.4551
2619,300,82,27,191,9.0000,63.6667
2620,299,83,25,191,8.3612,63.8796
2621,302,88,23,191,7.6159,63.2450
2622,302,89,24,189,7.9470,62.5828
2623,302,93,24,185,7.9470,61.2583
2624,302,96,24,182,7.9470,60.2649
2625,301,99,21,181,6.9767,60.1329
2626,301,100,21,180,6.9767,59.8007
2627,301,103,20,178,6.6445,59.1362
2628,300,106,19,175,6.3333,58.3333
2629,300,109,18,173,6.0000,57.6667
2630,299,112,15,172,5.0167,57.5251
2631,301,114,15,172,4.9834,57.1429
2632,300,116,13,171,4.3333,57.0000
2633,299,120,15,164,5.0167,54.8495
2634,301,125,13,163,4.3189,54.1528
2635,300,131,11,158,3.6667,52.6667
2636,300,134,13,153,4.3333,51.0000
2637,300,140,14,146,4.6667,48.6667
2638,300,144,14,142,4.6667,47.3333
2639,300,149,14,137,4.6667,45.6667
2640,300,153,15,132,5.0000,44.0000
2641,300,155,17,128,5.6667,42.6667
2642,300,160,17,123,5.6667,41.0000
2643,299,160,18,121,6.0201,40.4682
2644,303,171,18,114,5.9406,37.6238
2645,303,174,18,111,5.9406,36.6337
2646,303,181,18,104,5.9406,34.3234
2647,303,183,19,101,6.2706,33.3333
2648,303,185,24,94,7.9208,31.0231
2649,303,189,24,90,7.9208,29.7030
2650,303,195,25,83,8.2508,27.3927
2651,303,197,27,79,8.9109,26.0726
2652,303,200,28,75,9.2409,24.7525
2653,303,203,27,73,8.9109,24.0924
2654,302,202,32,68,10.5960,22.5166
2655,302,205,33,64,10.9272,21.1921
2656,301,205,34,62,11.2957,20.5980
2657,301,209,33,59,10.9635,19.6013
2658,301,208,35,58,11.6279,19.2691
2659,301,210,35,56,11.6279,18.6047
2660,301,212,32,57,10.6312,18.9369
2661,301,210,35,56,11.6279,18.6047
2662,301,207,38,56,12.6246,18.6047
2663,301,200,45,56,14.9502,18.6047
2664,299,200,44,55,14.7157,18.3946
2665,300,196,50,54,16.6667,18.0000
2666,300,200,52,48,17.3333,16.0000
2667,299,202,51,46,17.0569,15.3846
2668,299,202,51,46,17.0569,15.3846
2669,299,200,56,43,18.7291,14.3813
2670,302,196,63,43,20.8609,14.2384
2671,302,195,67,40,22.1854,13.2450
2672,301,194,66,41,21.9269,13.6213
2673,301,191,71,39,23.5880,12.9568
2674,299,184,73,42,24.4147,14.0468
2675,299,179,77,43,25.7525,14.3813
2676,301,179,80,42,26.5781,13.9535
2677,301,172,88,41,29.2359,13.6213
2678,301,164,95,42,31.5615,13.9535
2679,300,158,100,42,33.3333,14.0000
2680,300,153,105,42,35.0000,14.0000
2681,300,148,109,43,36.3333,14.3333
2682,298,137,117,44,39.2617,14.7651
2683,299,134,117,48,39.1304,16.0535
2684,297,129,117,51,39.3939,17.1717
2685,302,130,115,57,38.0795,18.8742
2686,299,129,115,55,38.4615,18.3946
2687,300,120,127,53,42.3333,17.6667
2688,300,118,128,54,42.6667,18.0000
2689,299,107,134,58,44.8161,19.3980
2690,297,103,131,63,44.1077,21.2121
2691,296,100,132,64,44.5946,21.6216
2692,297,98,133,66,44.7811,22.2222
2693,298,96,134,68,44.9664,22.8188
2694,295,94,132,69,44.7458,23.3898
2695,295,91,129,75,43.7288,25.4237
2696,296,86,132,78,44.5946,26.3514
2697,296,83,127,86,42.9054,29.0541
2698,296,83,122,91,41.2162,30.7432
2699,293,80,116,97,39.5904,33.1058
2700,297,76,119,102,40.0673,34.3434
2701,297,72,117,108,39.3939,36.3636
2702,298,65,118,115,39.5973,38.5906
2703,299,65,111,123,37.1237,41.1371
2704,299,65,105,129,35.1171,43.1438
2705,299,64,105,130,35.1171,43.4783
2706,299,64,102,133,34.1137,44.4816
2707,300,62,98,140,32.6667,46.6667
2708,300,61,94,145,31.3333,48.3333
2709,298,61,89,148,29.8658,49.6644
2710,300,60,84,156,28.0000,52.0000
2711,299,57,84,158,28.0936,52.8428
2712,296,60,78,158,26.3514,53.3784
2713,297,62,76,159,25.5892,53.5354
2714,298,63,74,161,24.8322,54.0268
2715,299,58,78,163,26.0870,54.5151
2716,298,57,76,165,25.5034,55.3691
2717,297,58,70,169,23.5690,56.9024
2718,299,60,69,170,23.0769,56.8562
2719,299,62,66,171,22.0736,57.1906
2720,302,64,64,174,21.1921,57.6159
2721,299,63,59,177,19.7324,59.1973
2722,300,63,55,182,18.3333,60.6667
2723,298,61,53,184,17.7852,61.7450
2724,303,69,52,182,17.1617,60.0660
2725,301,69,48,184,15.9468,61.1296
2726,301,72,46,183,15.2824,60.7973
2727,299,71,45,183,15.0502,61.2040
2728,302,75,43,184,14.2384,60.9272
2729,302,72,46,184,15.2318,60.9272
2730,301,72,44,185,14.6179,61.4618
2731,300,70,44,186,14.6667,62.0000
2732,298,70,41,187,13.7584,62.7517
2733,300,71,44,185,14.6667,61.6667
2734,300,74,42,184,14.0000,61.3333
2735,300,78,36,186,12.0000,62.0000
2736,299,81,33,185,11.0368,61.8729
2737,303,90,32,181,10.5611,59.7360
2738,303,88,31,184,10.2310,60.7261
2739,303,83,34,186,11.2211,61.3861
2740,302,84,33,185,10.9272,61.2583
2741,302,87,30,185,9.9338,61.2583
2742,300,93,27,180,9.0000,60.0000
2743,300,96,26,178,8.6667,59.3333
2744,300,96,27,177,9.0000,59.0000
2745,300,97,28,175,9.3333,58.3333
2746,300,94,32,174,10.6667,58.0000
2747,300,99,33,168,11.0000,56.0000
2748,300,102,31,167,10.3333,55.6667
2749,300,108,33,159,11.0000,53.0000
2750,298,112,32,154,10.7383,51.6779
2751,297,116,31,150,10.4377,50.5051
2752,300,123,31,146,10.3333,48.6667
2753,299,127,32,140,10.7023,46.8227
2754,301,133,33,135,10.9635,44.8505
2755,301,136,38,127,12.6246,42.1927
2756,301,139,41,121,13.6213,40.1993
2757,300,141,41,118,13.6667,39.3333
2758,299,143,40,116,13.3779,38.7960
2759,301,149,39,113,12.9568,37.5415
2760,300,155,37,108,12.3333,36.0000
2761,300,158,39,103,13.0000,34.3333
2762,300,162,42,96,14.0000,32.0000
2763,300,162,45,93,15.0000,31.0000
2764,299,164,45,90,15.0502,30.1003
2765,298,164,45,89,15.1007,29.8658
2766,300,165,47,88,15.6667,29.3333
2767,300,164,48,88,16.0000,29.3333
2768,300,160,54,86,18.0000,28.6667
2769,300,159,58,83,19.3333,27.6667
2770,299,158,58,83,19.3980,27.7592
2771,301,159,59,83,19.6013,27.5748
2772,300,160,59,81,19.6667,27.0000
2773,300,162,60,78,20.0000,26.0000
2774,299,159,66,74,22.0736,24.7492
2775,299,157,66,76,22.0736,25.4181
2776,299,154,67,78,22.4080,26.0870
2777,304,156,69,79,22.6974,25.9868
2778,304,152,74,78,24.3421,25.6579
2779,303,149,75,79,24.7525,26.0726
2780,302,149,76,77,25.1656,25.4967
2781,302,147,79,76,26.1589,25.1656
2782,302,143,82,77,27.1523,25.4967
2783,301,141,84,76,27.9070,25.2492
2784,301,137,86,78,28.5714,25.9136
2785,300,134,87,79,29.0000,26.3333
2786,300,132,88,80,29.3333,26.6667
2787,299,132,90,77,30.1003,25.7525
2788,300,133,89,78,29.6667,26.0000
2789,298,131,88,79,29.5302,26.5101
2790,299,131,88,80,29.4314,26.7559
2791,302,130,92,80,30.4636,26.4901
2792,302,126,93,83,30.7947,27.4834
2793,301,123,97,81,32.2259,26.9103
2794,300,122,92,86,30.6667,28.6667
2795,300,119,90,91,30.0000,30.3333
2796,300,114,94,92,31.3333,30.6667
2797,299,110,92,97,30.7692,32.4415
2798,300,104,95,101,31.6667,33.6667
2799,300,99,96,105,32.0000,35.0000
2800,300,101,94,105,31.3333,35.0000
2801,300,98,96,106,32.0000,35.3333
2802,298,93,97,108,32.5503,36.2416
2803,299,91,96,112,32.1070,37.4582
2804,300,90,94,116,31.3333,38.6667
2805,298,83,98,117,32.8859,39.2617
2806,297,81,98,118,32.9966,39.7306
2807,297,78,96,123,32.3232,41.4141
2808,296,76,95,125,32.0946,42.2297
2809,300,78,93,129,31.0000,43.0000
2810,297,76,93,128,31.3131,43.0976
2811,299,78,91,130,30.4348,43.4783
2812,302,81,87,134,28.8079,44.3709
2813,302,81,82,139,27.1523,46.0265
2814,302,81,79,142,26.1589,47.0199
2815,301,79,78,144,25.9136,47.8405
2816,300,78,74,148,24.6667,49.3333
2817,298,77,71,150,23.8255,50.3356
2818,298,79,68,151,22.8188,50.6711
2819,296,76,67,153,22.6351,51.6892
2820,296,73,68,155,22.9730,52.3649
2821,305,80,70,155,22.9508,50.8197
2822,305,80,67,158,21.9672,51.8033
2823,303,80,62,161,20.4620,53.1353
2824,302,82,58,162,19.2053,53.6424
2825,300,84,51,165,17.0000,55.0000
2826,298,84,47,167,15.7718,56.0403
2827,302,89,48,165,15.8940,54.6358
2828,301,90,44,167,14.6179,55.4817
2829,301,90,46,165,15.2824,54.8173
2830,298,88,46,164,15.4362,55.0336
2831,295,90,40,165,13.5593,55.9322
2832,299,92,41,166,13.7124,55.5184
2833,301,91,43,167,14.2857,55.4817
2834,301,90,48,163,15.9468,54.1528
2835,300,88,49,163,16.3333,54.3333
2836,299,91,47,161,15.7191,53.8462
2837,302,93,49,160,16.2252,52.9801
2838,301,95,47,159,15.6146,52.8239
2839,301,97,43,161,14.2857,53.4884
2840,298,97,40,161,13.4228,54.0268
2841,299,103,36,160,12.0401,53.5117
2842,299,107,35,157,11.7057,52.5084
2843,302,109,38,155,12.5828,51.3245
2844,301,112,36,153,11.9601,50.8306
2845,301,111,39,151,12.9568,50.1661
2846,301,115,40,146,13.2890,48.5050
2847,300,118,40,142,13.3333,47.3333
2848,300,118,42,140,14.0000,46.6667
2849,300,122,42,136,14.0000,45.3333
2850,298,126,36,136,12.0805,45.6376
2851,299,129,38,132,12.7090,44.1472
2852,302,132,39,131,12.9139,43.3775
2853,302,134,37,131,12.2517,43.3775
2854,300,133,36,131,12.0000,43.6667
2855,300,137,36,127,12.0000,42.3333
2856,299,141,35,123,11.7057,41.1371
2857,302,141,39,122,12.9139,40.3974
2858,301,141,40,120,13.2890,39.8671
2859,301,145,40,116,13.2890,38.5382
2860,301,144,39,118,12.9568,39.2027
2861,301,146,40,115,13.2890,38.2060
2862,301,144,42,115,13.9535,38.2060
2863,300,149,41,110,13.6667,36.6667
2864,299,151,42,106,14.0468,35.4515
2865,302,152,48,102,15.8940,33.7748
2866,301,155,47,99,15.6146,32.8904
2867,301,153,48,100,15.9468,33.2226
2868,300,152,49,99,16.3333,33.0000
2869,300,153,51,96,17.0000,32.0000
2870,299,154,52,93,17.3913,31.1037
2871,299,158,51,90,17.0569,30.1003
2872,301,157,56,88,18.6047,29.2359
2873,301,156,57,88,18.9369,29.2359
2874,301,157,56,88,18.6047,29.2359
2875,301,160,57,84,18.9369,27.9070
2876,300,158,60,82,20.0000,27.3333
2877,299,157,64,78,21.4047,26.0870
2878,299,156,65,78,21.7391,26.0870
2879,299,152,68,79,22.7425,26.4214
2880,305,156,73,76,23.9344,24.9180
2881,305,151,76,78,24.9180,25.5738
2882,305,147,78,80,25.5738,26.2295
2883,304,145,82,77,26.9737,25.3289
2884,304,132,95,77,31.2500,25.3289
2885,303,124,101,78,33.3333,25.7426
2886,301,121,97,83,32.2259,27.5748
2887,301,121,93,87,30.8970,28.9037
2888,301,115,98,88,32.5581,29.2359
2889,300,113,95,92,31.6667,30.6667
2890,299,112,97,90,32.4415,30.1003
2891,301,111,104,86,34.5515,28.5714
2892,300,109,108,83,36.0000,27.6667
2893,298,104,108,86,36.2416,28.8591
2894,298,100,111,87,37.2483,29.1946
2895,299,96,114,89,38.1271,29.7659
2896,299,93,115,91,38.4615,30.4348
2897,299,93,110,96,36.7893,32.1070
2898,298,94,106,98,35.5705,32.8859
2899,300,89,111,100,37.0000,33.3333
2900,296,86,107,103,36.1486,34.7973
2901,297,87,107,103,36.0269,34.6801
2902,300,89,109,102,36.3333,34.0000
2903,298,83,110,105,36.9128,35.2349
2904,293,83,100,110,34.1297,37.5427
2905,295,85,93,117,31.5254,39.6610
2906,296,86,91,119,30.7432,40.2027
2907,299,90,90,119,30.1003,39.7993
2908,300,87,93,120,31.0000,40.0000
2909,297,86,89,122,29.9663,41.0774
2910,299,86,91,122,30.4348,40.8027
2911,299,86,88,125,29.4314,41.8060
2912,300,91,82,127,27.3333,42.3333
2913,299,89,80,130,26.7559,43.4783
2914,299,85,77,137,25.7525,45.8194
2915,301,84,75,142,24.9169,47.1761
2916,301,81,74,146,24.5847,48.5050
2917,300,80,73,147,24.3333,49.0000
2918,300,78,74,148,24.6667,49.3333
2919,300,75,78,147,26.0000,49.0000
2920,296,75,73,148,24.6622,50.0000
2921,298,77,71,150,23.8255,50.3356
2922,298,77,66,155,22.1477,52.0134
2923,303,83,62,158,20.4620,52.1452
2924,302,80,61,161,20.1987,53.3113
2925,301,80,60,161,19.9336,53.4884
2926,301,81,60,160,19.9336,53.1561
2927,301,81,60,160,19.9336,53.1561
2928,301,79,58,164,19.2691,54.4850
2929,301,80,55,166,18.2724,55.1495
2930,298,82,52,164,17.4497,55.0336
2931,298,84,53,161,17.7852,54.0268
2932,299,86,52,161,17.3913,53.8462
2933,300,90,49,161,16.3333,53.6667
2934,300,91,46,163,15.3333,54.3333
2935,298,88,45,165,15.1007,55.3691
2936,296,89,41,166,13.8514,56.0811
2937,296,91,39,166,13.1757,56.0811
2938,302,102,37,163,12.2517,53.9735
2939,301,104,35,162,11.6279,53.8206
2940,300,105,31,164,10.3333,54.6667
2941,300,109,31,160,10.3333,53.3333
2942,300,107,33,160,11.0000,53.3333
2943,300,107,32,161,10.6667,53.6667
2944,299,106,31,162,10.3679,54.1806
2945,303,112,31,160,10.2310,52.8053
2946,303,113,29,161,9.5710,53.1353
2947,303,112,31,160,10.2310,52.8053
2948,302,114,30,158,9.9338,52.3179
2949,300,118,29,153,9.6667,51.0000
2950,299,121,28,150,9.3645,50.1672
2951,301,126,28,147,9.3023,48.8372
2952,301,128,26,147,8.6379,48.8372
2953,301,128,27,146,8.9701,48.5050
2954,301,131,27,143,8.9701,47.5083
2955,301,134,24,143,7.9734,47.5083
2956,300,139,24,137,8.0000,45.6667
2957,300,147,25,128,8.3333,42.6667
2958,300,151,25,124,8.3333,41.3333
2959,299,148,28,123,9.3645,41.1371
2960,301,151,27,123,8.9701,40.8638
2961,301,151,29,121,9.6346,40.1993
2962,301,150,29,122,9.6346,40.5316
2963,301,151,32,118,10.6312,39.2027
2964,301,153,35,113,11.6279,37.5415
2965,301,157,33,111,10.9635,36.8771
2966,300,162,32,106,10.6667,35.3333
2967,299,166,32,101,10.7023,33.7793
2968,304,171,35,98,11.5132,32.2368
2969,304,171,36,97,11.8421,31.9079
2970,304,169,40,95,13.1579,31.2500
2971,304,171,39,94,12.8289,30.9211
2972,304,174,39,91,12.8289,29.9342
2973,303,175,39,89,12.8713,29.3729
2974,303,179,40,84,13.2013,27.7228
2975,303,180,43,80,14.1914,26.4026
2976,303,181,46,76,15.1815,25.0825
2977,301,175,52,74,17.2757,24.5847
2978,301,174,54,73,17.9402,24.2525
2979,301,172,53,76,17.6080,25.2492
2980,300,172,56,72,18.6667,24.0000
2981,300,172,58,70,19.3333,23.3333
2982,299,171,57,71,19.0635,23.7458
2983,303,170,62,71,20.4620,23.4323
2984,303,167,61,75,20.1320,24.7525
2985,301,165,64,72,21.2625,23.9203
2986,301,162,70,69,23.2558,22.9236
2987,301,156,77,68,25.5814,22.5914
2988,299,154,77,68,25.7525,22.7425
2989,302,158,75,69,24.8344,22.8477
2990,301,153,80,68,26.5781,22.5914
2991,301,152,83,66,27.5748,21.9269
2992,301,151,87,63,28.9037,20.9302
2993,301,144,93,64,30.8970,21.2625
2994,301,135,101,65,33.5548,21.5947
2995,301,130,106,65,35.2159,21.5947
2996,300,130,106,64,35.3333,21.3333
2997,297,129,106,62,35.6902,20.8754
2998,299,134,102,63,34.1137,21.0702
2999,300,137,99,64,33.0000,21.3333
3000,299,130,102,67,34.1137,22.4080
3001,299,122,107,70,35.7860,23.4114
3002,302,120,109,73,36.0927,24.1722
3003,302,116,109,77,36.0927,25.4967
3004,301,109,115,77,38.2060,25.5814
3005,301,106,114,81,37.8738,26.9103
3006,298,103,111,84,37.2483,28.1879
3007,299,105,108,86,36.1204,28.7625
3008,303,100,113,90,37.2937,29.7030
3009,301,94,111,96,36.8771,31.8937
3010,300,92,110,98,36.6667,32.6667
3011,298,87,112,99,37.5839,33.2215
3012,301,87,110,104,36.5449,34.5515
3013,300,85,108,107,36.0000,35.6667
3014,299,84,100,115,33.4448,38.4615
3015,301,82,101,118,33.5548,39.2027
3016,300,80,99,121,33.0000,40.3333
3017,300,76,102,122,34.0000,40.6667
3018,300,74,104,122,34.6667,40.6667
3019,299,74,102,123,34.1137,41.1371
3020,299,74,102,123,34.1137,41.1371
3021,299,72,100,127,33.4448,42.4749
3022,300,71,96,133,32.0000,44.3333
3023,299,69,95,135,31.7726,45.1505
3024,302,72,90,140,29.8013,46.3576
3025,301,71,85,145,28.2392,48.1728
3026,300,71,81,148,27.0000,49.3333
3027,298,68,81,149,27.1812,50.0000
3028,297,65,77,155,25.9259,52.1886
3029,296,65,73,158,24.6622,53.3784
3030,299,68,72,159,24.0803,53.1773
3031,301,75,64,162,21.2625,53.8206
3032,301,74,65,162,21.5947,53.8206
3033,300,75,59,166,19.6667,55.3333
3034,299,75,59,165,19.7324,55.1839
3035,297,72,56,169,18.8552,56.9024
3036,299,78,53,168,17.7258,56.1873
3037,302,80,49,173,16.2252,57.2848
3038,301,81,45,175,14.9502,58.1395
3039,301,82,41,178,13.6213,59.1362
3040,300,82,42,176,14.0000,58.6667
3041,298,84,38,176,12.7517,59.0604
3042,296,82,38,176,12.8378,59.4595
3043,297,87,34,176,11.4478,59.2593
3044,302,94,32,176,10.5960,58.2781
3045,302,94,29,179,9.6026,59.2715
3046,302,93,31,178,10.2649,58.9404
3047,302,95,29,178,9.6026,58.9404
3048,302,96,25,181,8.2781,59.9338
3049,302,96,24,182,7.9470,60.2649
3050,302,99,24,179,7.9470,59.2715
3051,301,101,21,179,6.9767,59.4684
3052,301,103,23,175,7.6412,58.1395
3053,301,105,22,174,7.3090,57.8073
3054,301,107,22,172,7.3090,57.1429
3055,300,112,19,169,6.3333,56.3333
3056,300,114,19,167,6.3333,55.6667
3057,299,117,19,163,6.3545,54.5151
3058,298,118,20,160,6.7114,53.6913
3059,302,126,21,155,6.9536,51.3245
3060,301,130,21,150,6.9767,49.8339
3061,300,136,19,145,6.3333,48.3333
3062,299,137,18,144,6.0201,48.1605
3063,301,140,18,143,5.9801,47.5083
3064,301,143,22,136,7.3090,45.1827
3065,301,143,25,133,8.3056,44.1860
3066,300,150,25,125,8.3333,41.6667
3067,300,153,25,122,8.3333,40.6667
3068,300,156,26,118,8.6667,39.3333
3069,300,155,30,115,10.0000,38.3333
3070,300,153,32,115,10.6667,38.3333
3071,300,154,33,113,11.0000,37.6667
3072,299,153,35,111,11.7057,37.1237
3073,302,158,37,107,12.2517,35.4305
3074,302,158,41,103,13.5762,34.1060
3075,302,159,43,100,14.2384,33.1126
3076,301,162,45,94,14.9502,31.2292
3077,301,164,47,90,15.6146,29.9003
3078,301,160,54,87,17.9402,28.9037
3079,301,157,55,89,18.2724,29.5681
3080,301,162,55,84,18.2724,27.9070
3081,301,163,57,81,18.9369,26.9103
3082,300,163,59,78,19.6667,26.0000
3083,299,165,62,72,20.7358,24.0803
3084,301,166,62,73,20.5980,24.2525
3085,300,163,68,69,22.6667,23.0000
3086,299,158,70,71,23.4114,23.7458
3087,304,162,74,68,24.3421,22.3684
3088,304,160,80,64,26.3158,21.0526
3089,303,159,84,60,27.7228,19.8020
3090,302,157,85,60,28.1457,19.8675
3091,301,153,89,59,29.5681,19.6013
3092,301,151,90,60,29.9003,19.9336
3093,300,151,89,60,29.6667,20.0000
3094,300,140,97,63,32.3333,21.0000
3095,300,138,98,64,32.6667,21.3333
3096,299,136,97,66,32.4415,22.0736
3097,302,137,100,65,33.1126,21.5232
3098,301,126,106,69,35.2159,22.9236
3099,300,123,107,70,35.6667,23.3333
3100,299,124,107,68,35.7860,22.7425
3101,302,121,113,68,37.4172,22.5166
3102,302,118,116,68,38.4106,22.5166
3103,301,114,118,69,39.2027,22.9236
3104,301,109,120,72,39.8671,23.9203
3105,299,106,117,76,39.1304,25.4181
3106,299,104,116,79,38.7960,26.4214
3107,299,101,117,81,39.1304,27.0903
3108,299,97,120,82,40.1338,27.4247
3109,299,97,115,87,38.4615,29.0970
3110,297,90,117,90,39.3939,30.3030
3111,297,86,116,95,39.0572,31.9865
3112,297,79,117,101,39.3939,34.0067
3113,298,77,120,101,40.2685,33.8926
3114,298,79,114,105,38.2550,35.2349
3115,298,73,115,110,38.5906,36.9128
3116,299,73,113,113,37.7926,37.7926
3117,299,64,118,117,39.4649,39.1304
3118,299,66,111,122,37.1237,40.8027
3119,296,63,107,126,36.1486,42.5676
3120,297,63,104,130,35.0168,43.7710
3121,297,63,98,136,32.9966,45.7912
3122,297,67,94,136,31.6498,45.7912
3123,297,65,95,137,31.9865,46.1279
3124,295,63,87,145,29.4915,49.1525
3125,297,65,85,147,28.6195,49.4949
3126,297,67,82,148,27.6094,49.8316
3127,299,68,78,153,26.0870,51.1706
3128,299,68,72,159,24.0803,53.1773
3129,302,72,70,160,23.1788,52.9801
3130,301,71,66,164,21.9269,54.4850
3131,299,74,59,166,19.7324,55.5184
3132,295,71,54,170,18.3051,57.6271
3133,298,75,50,173,16.7785,58.0537
3134,306,81,49,176,16.0131,57.5163
3135,306,81,46,179,15.0327,58.4967
3136,304,81,43,180,14.1447,59.2105
3137,303,81,38,184,12.5413,60.7261
3138,299,84,32,183,10.7023,61.2040
3139,304,89,31,184,10.1974,60.5263
3140,301,87,28,186,9.3023,61.7940
3141,301,86,29,186,9.6346,61.7940
3142,301,89,29,183,9.6346,60.7973
3143,301,91,28,182,9.3023,60.4651
3144,301,90,27,184,8.9701,61.1296
3145,301,92,26,183,8.6379,60.7973
3146,300,95,26,179,8.6667,59.6667
3147,300,96,26,178,8.6667,59.3333
3148,299,99,24,176,8.0268,58.8629
3149,300,102,25,173,8.3333,57.6667
3150,300,106,24,170,8.0000,56.6667
3151,300,108,25,167,8.3333,55.6667
3152,298,108,25,165,8.3893,55.3691
3153,302,113,24,165,7.9470,54.6358
3154,302,113,24,165,7.9470,54.6358
3155,302,115,22,165,7.2848,54.6358
3156,302,118,22,162,7.2848,53.6424
3157,302,122,21,159,6.9536,52.6490
3158,302,124,23,155,7.6159,51.3245
3159,302,128,23,151,7.6159,50.0000
3160,302,130,20,152,6.6225,50.3311
3161,301,133,21,147,6.9767,48.8372
3162,301,134,22,145,7.3090,48.1728
3163,301,139,21,141,6.9767,46.8439
3164,301,145,21,135,6.9767,44.8505
3165,300,146,18,136,6.0000,45.3333
3166,300,149,21,130,7.0000,43.3333
3167,298,152,21,125,7.0470,41.9463
3168,302,159,21,122,6.9536,40.3974
3169,302,163,20,119,6.6225,39.4040
3170,302,169,21,112,6.9536,37.0861
3171,302,172,21,109,6.9536,36.0927
3172,302,173,22,107,7.2848,35.4305
3173,302,177,24,101,7.9470,33.4437
3174,302,178,24,100,7.9470,33.1126
3175,302,173,28,101,9.2715,33.4437
3176,302,180,29,93,9.6026,30.7947
3177,302,180,32,90,10.5960,29.8013
3178,301,182,31,88,10.2990,29.2359
3179,301,183,33,85,10.9635,28.2392
3180,301,188,34,79,11.2957,26.2458
3181,301,184,39,78,12.9568,25.9136
3182,299,184,41,74,13.7124,24.7492
3183,300,188,42,70,14.0000,23.3333
3184,300,192,43,65,14.3333,21.6667
3185,300,191,47,62,15.6667,20.6667
3186,300,190,51,59,17.0000,19.6667
3187,299,191,50,58,16.7224,19.3980
3188,301,189,56,56,18.6047,18.6047
3189,301,187,63,51,20.9302,16.9435
3190,301,183,69,49,22.9236,16.2791
3191,301,175,77,49,25.5814,16.2791
3192,301,172,81,48,26.9103,15.9468
3193,300,168,83,49,27.6667,16.3333
3194,299,164,85,50,28.4281,16.7224
3195,297,163,85,49,28.6195,16.4983
3196,297,163,87,47,29.2929,15.8249
3197,298,161,90,47,30.2013,15.7718
3198,299,158,92,49,30.7692,16.3880
3199,300,156,95,49,31.6667,16.3333
3200,300,154,95,51,31.6667,17.0000
3201,299,143,102,54,34.1137,18.0602
3202,298,129,112,57,37.5839,19.1275
3203,300,129,111,60,37.0000,20.0000
3204,299,123,115,61,38.4615,20.4013
3205,300,121,119,60,39.6667,20.0000
3206,299,116,121,62,40.4682,20.7358
3207,299,113,125,61,41.8060,20.4013
3208,301,113,122,66,40.5316,21.9269
3209,300,112,120,68,40.0000,22.6667
3210,300,105,122,73,40.6667,24.3333
3211,297,97,123,77,41.4141,25.9259
3212,301,103,115,83,38.2060,27.5748
3213,301,98,116,87,38.5382,28.9037
3214,299,96,112,91,37.4582,30.4348
3215,303,93,119,91,39.2739,30.0330
3216,302,89,119,94,39.4040,31.1258
3217,300,88,117,95,39.0000,31.6667
3218,299,79,121,99,40.4682,33.1104
3219,302,81,120,101,39.7351,33.4437
3220,300,78,118,104,39.3333,34.6667
3221,297,74,115,108,38.7205,36.3636
3222,294,71,106,117,36.0544,39.7959
3223,294,67,103,124,35.0340,42.1769
3224,295,69,100,126,33.8983,42.7119
3225,296,71,96,129,32.4324,43.5811
3226,295,69,95,131,32.2034,44.4068
3227,295,69,93,133,31.5254,45.0847
3228,297,69,90,138,30.3030,46.4646
3229,298,68,88,142,29.5302,47.6510
3230,302,70,85,147,28.1457,48.6755
3231,299,72,75,152,25.0836,50.8361
3232,300,71,74,155,24.6667,51.6667
3233,299,68,75,156,25.0836,52.1739
3234,302,70,73,159,24.1722,52.6490
3235,301,70,66,165,21.9269,54.8173
3236,299,68,64,167,21.4047,55.8528
3237,300,69,61,170,20.3333,56.6667
3238,300,69,56,175,18.6667,58.3333
3239,297,69,54,174,18.1818,58.5859
3240,298,67,57,174,19.1275,58.3893
3241,299,67,53,179,17.7258,59.8662
3242,300,66,53,181,17.6667,60.3333
3243,299,66,50,183,16.7224,61.2040
3244,300,66,49,185,16.3333,61.6667
3245,300,67,48,185,16.0000,61.6667
3246,298,65,47,186,15.7718,62.4161
3247,301,65,49,187,16.2791,62.1262
3248,301,64,47,190,15.6146,63.1229
3249,300,64,46,190,15.3333,63.3333
3250,299,66,43,190,14.3813,63.5452
3251,299,68,43,188,14.3813,62.8763
3252,299,69,44,186,14.7157,62.2074
3253,302,75,42,185,13.9073,61.2583
3254,302,77,41,184,13.5762,60.9272
3255,302,80,40,182,13.2450,60.2649
3256,300,80,39,181,13.0000,60.3333
3257,300,81,36,183,12.0000,61.0000
3258,300,83,37,180,12.3333,60.0000
3259,300,84,37,179,12.3333,59.6667
3260,300,88,35,177,11.6667,59.0000
3261,297,91,32,174,10.7744,58.5859
3262,300,98,31,171,10.3333,57.0000
3263,299,102,29,168,9.6990,56.1873
3264,303,116,27,160,8.9109,52.8053
3265,302,117,29,156,9.6026,51.6556
3266,301,118,31,152,10.2990,50.4983
3267,300,119,26,155,8.6667,51.6667
3268,299,121,24,154,8.0268,51.5050
3269,305,130,23,152,7.5410,49.8361
3270,304,134,22,148,7.2368,48.6842
3271,304,135,24,145,7.8947,47.6974
3272,304,138,21,145,6.9079,47.6974
3273,304,141,22,141,7.2368,46.3816
3274,303,150,21,132,6.9307,43.5644
3275,302,157,20,125,6.6225,41.3907
3276,302,160,20,122,6.6225,40.3974
3277,302,162,21,119,6.9536,39.4040
3278,302,163,23,116,7.6159,38.4106
3279,302,163,26,113,8.6093,37.4172
3280,301,163,30,108,9.9668,35.8804
3281,301,165,29,107,9.6346,35.5482
3282,300,169,30,101,10.0000,33.6667
3283,300,176,30,94,10.0000,31.3333
3284,300,174,35,91,11.6667,30.3333
3285,299,176,34,89,11.3712,29.7659
3286,300,173,39,88,13.0000,29.3333
3287,299,178,37,84,12.3746,28.0936
3288,300,179,39,82,13.0000,27.3333
3289,300,178,43,79,14.3333,26.3333
3290,300,182,44,74,14.6667,24.6667
3291,299,182,45,72,15.0502,24.0803
3292,301,184,45,72,14.9502,23.9203
3293,301,184,50,67,16.6113,22.2591
3294,299,182,52,65,17.3913,21.7391
3295,301,183,57,61,18.9369,20.2658
3296,301,180,61,60,20.2658,19.9336
3297,301,175,68,58,22.5914,19.2691
3298,299,168,74,57,24.7492,19.0635
3299,302,168,75,59,24.8344,19.5364
3300,300,167,75,58,25.0000,19.3333
3301,300,162,80,58,26.6667,19.3333
3302,299,161,80,58,26.7559,19.3980
3303,300,156,86,58,28.6667,19.3333
3304,300,149,92,59,30.6667,19.6667
3305,299,148,92,59,30.7692,19.7324
3306,301,149,94,58,31.2292,19.2691
3307,300,148,90,62,30.0000,20.6667
3308,298,146,89,63,29.8658,21.1409
3309,300,142,98,60,32.6667,20.0000
3310,298,139,98,61,32.8859,20.4698
3311,298,131,104,63,34.8993,21.1409
3312,301,130,111,60,36.8771,19.9336
3313,301,124,117,60,38.8704,19.9336
3314,299,124,113,62,37.7926,20.7358
3315,299,119,115,65,38.4615,21.7391
3316,300,116,115,69,38.3333,23.0000
3317,299,107,115,77,38.4615,25.7525
3318,301,105,115,81,38.2060,26.9103
3319,300,104,116,80,38.6667,26.6667
3320,298,99,118,81,39.5973,27.1812
3321,298,98,116,84,38.9262,28.1879
3322,301,97,115,89,38.2060,29.5681
3323,297,89,117,91,39.3939,30.6397
3324,296,88,116,92,39.1892,31.0811
3325,296,83,116,97,39.1892,32.7703
3326,297,82,117,98,39.3939,32.9966
3327,299,79,118,102,39.4649,34.1137
3328,302,83,118,101,39.0728,33.4437
3329,302,78,117,107,38.7417,35.4305
3330,301,71,117,113,38.8704,37.5415
3331,298,68,114,116,38.2550,38.9262
3332,299,69,108,122,36.1204,40.8027
3333,299,69,104,126,34.7826,42.1405
3334,297,65,104,128,35.0168,43.0976
3335,296,62,104,130,35.1351,43.9189
3336,292,58,100,134,34.2466,45.8904
3337,293,58,94,141,32.0819,48.1229
3338,294,61,89,144,30.2721,48.9796
3339,295,65,85,145,28.8136,49.1525
3340,299,68,80,151,26.7559,50.5017
3341,301,66,82,153,27.2425,50.8306
3342,298,63,78,157,26.1745,52.6846
3343,297,63,72,162,24.2424,54.5455
3344,297,64,68,165,22.8956,55.5556
3345,294,62,61,171,20.7483,58.1633
3346,297,63,60,174,20.2020,58.5859
3347,299,64,58,177,19.3980,59.1973
3348,300,67,55,178,18.3333,59.3333
3349,300,65,55,180,18.3333,60.0000
3350,298,65,50,183,16.7785,61.4094
3351,300,71,42,187,14.0000,62.3333
3352,299,73,40,186,13.3779,62.2074
3353,300,76,39,185,13.0000,61.6667
3354,300,78,34,188,11.3333,62.6667
3355,300,77,30,193,10.0000,64.3333
3356,300,75,32,193,10.6667,64.3333
3357,299,75,31,193,10.3679,64.5485
3358,302,77,32,193,10.5960,63.9073
3359,302,82,32,188,10.5960,62.2517
3360,302,83,30,189,9.9338,62.5828
3361,300,83,26,191,8.6667,63.6667
3362,298,84,22,192,7.3826,64.4295
3363,301,89,22,190,7.3090,63.1229
3364,301,89,21,191,6.9767,63.4551
3365,301,90,22,189,7.3090,62.7907
3366,300,94,19,187,6.3333,62.3333
3367,299,97,19,183,6.3545,61.2040
3368,299,101,20,178,6.6890,59.5318
3369,301,110,18,173,5.9801,57.4751
3370,301,113,20,168,6.6445,55.8140
3371,301,116,20,165,6.6445,54.8173
3372,301,117,22,162,7.3090,53.8206
3373,301,119,23,159,7.6412,52.8239
3374,301,122,25,154,8.3056,51.1628
3375,300,124,24,152,8.0000,50.6667
3376,300,127,24,149,8.0000,49.6667
3377,300,132,22,146,7.3333,48.6667
3378,300,131,20,149,6.6667,49.6667
3379,300,135,19,146,6.3333,48.6667
3380,300,134,20,146,6.6667,48.6667
3381,300,139,21,140,7.0000,46.6667
3382,300,144,22,134,7.3333,44.6667
3383,300,148,21,131,7.0000,43.6667
3384,300,152,23,125,7.6667,41.6667
3385,300,156,26,118,8.6667,39.3333
3386,300,155,28,117,9.3333,39.0000
3387,300,153,32,115,10.6667,38.3333
3388,300,149,38,113,12.6667,37.6667
3389,300,154,40,106,13.3333,35.3333
3390,300,155,43,102,14.3333,34.0000
3391,299,155,45,99,15.0502,33.1104
3392,301,163,44,94,14.6179,31.2292
3393,300,161,47,92,15.6667,30.6667
3394,299,164,45,90,15.0502,30.1003
3395,304,170,48,86,15.7895,28.2895
3396,304,172,49,83,16.1184,27.3026
3397,304,174,53,77,17.4342,25.3289
3398,304,174,54,76,17.7632,25.0000
3399,304,175,55,74,18.0921,24.3421
3400,304,176,55,73,18.0921,24.0132
3401,304,176,57,71,18.7500,23.3553
3402,304,174,61,69,20.0658,22.6974
3403,304,176,66,62,21.7105,20.3947
3404,303,171,71,61,23.4323,20.1320
3405,303,165,77,61,25.4125,20.1320
3406,303,164,79,60,26.0726,19.8020
3407,302,165,81,56,26.8212,18.5430
3408,301,163,81,57,26.9103,18.9369
3409,297,163,74,60,24.9158,20.2020
3410,298,161,76,61,25.5034,20.4698
3411,297,157,77,63,25.9259,21.2121
3412,299,148,89,62,29.7659,20.7358
3413,299,145,92,62,30.7692,20.7358
3414,302,147,93,62,30.7947,20.5298
3415,302,139,99,64,32.7815,21.1921
3416,301,134,103,64,34.2193,21.2625
3417,301,132,102,67,33.8870,22.2591
3418,300,127,106,67,35.3333,22.3333
3419,299,121,108,70,36.1204,23.4114
3420,299,117,110,72,36.7893,24.0803
3421,299,116,114,69,38.1271,23.0769
3422,300,106,121,73,40.3333,24.3333
3423,298,101,119,78,39.9329,26.1745
3424,299,98,118,83,39.4649,27.7592
3425,297,91,119,87,40.0673,29.2929
3426,296,89,116,91,39.1892,30.7432
3427,296,83,119,94,40.2027,31.7568
3428,296,81,118,97,39.8649,32.7703
3429,299,83,120,96,40.1338,32.1070
3430,299,83,121,95,40.4682,31.7726
3431,300,82,121,97,40.3333,32.3333
3432,299,77,118,104,39.4649,34.7826
3433,298,75,111,112,37.2483,37.5839
3434,302,72,114,116,37.7483,38.4106
3435,301,71,112,118,37.2093,39.2027
3436,299,69,104,126,34.7826,42.1405
3437,303,72,102,129,33.6634,42.5743
3438,303,72,102,129,33.6634,42.5743
3439,301,67,98,136,32.5581,45.1827
3440,297,66,96,135,32.3232,45.4545
3441,298,68,92,138,30.8725,46.3087
3442,300,71,89,140,29.6667,46.6667
3443,299,67,83,149,27.7592,49.8328
3444,299,66,81,152,27.0903,50.8361
3445,300,67,77,156,25.6667,52.0000
3446,299,67,73,159,24.4147,53.1773
3447,296,67,66,163,22.2973,55.0676
3448,295,69,61,165,20.6780,55.9322
3449,296,66,64,166,21.6216,56.0811
3450,298,69,61,168,20.4698,56.3758
3451,300,71,56,173,18.6667,57.6667
3452,298,70,56,172,18.7919,57.7181
3453,300,71,54,175,18.0000,58.3333
3454,297,72,44,181,14.8148,60.9428
3455,304,78,45,181,14.8026,59.5395
3456,303,79,43,181,14.1914,59.7360
3457,302,80,40,182,13.2450,60.2649
3458,301,82,40,179,13.2890,59.4684
3459,301,82,40,179,13.2890,59.4684
3460,301,84,37,180,12.2924,59.8007
3461,301,86,36,179,11.9601,59.4684
3462,301,88,37,176,12.2924,58.4718
3463,300,89,34,177,11.3333,59.0000
3464,298,88,33,177,11.0738,59.3960
3465,300,92,30,178,10.0000,59.3333
3466,300,91,31,178,10.3333,59.3333
3467,299,92,32,175,10.7023,58.5284
3468,301,94,32,175,10.6312,58.1395
3469,300,95,32,173,10.6667,57.6667
3470,300,96,29,175,9.6667,58.3333
3471,300,97,30,173,10.0000,57.6667
3472,299,95,30,174,10.0334,58.1940
3473,300,92,32,176,10.6667,58.6667
3474,300,94,34,172,11.3333,57.3333
3475,300,99,33,168,11.0000,56.0000
3476,300,101,35,164,11.6667,54.6667
3477,300,106,35,159,11.6667,53.0000
3478,300,109,36,155,12.0000,51.6667
3479,299,112,34,153,11.3712,51.1706
3480,301,118,32,151,10.6312,50.1661
3481,301,115,36,150,11.9601,49.8339
3482,301,118,34,149,11.2957,49.5017
3483,301,119,35,147,11.6279,48.8372
3484,301,124,37,140,12.2924,46.5116
3485,300,131,36,133,12.0000,44.3333
3486,300,132,38,130,12.6667,43.3333
3487,299,132,38,129,12.7090,43.1438
3488,300,139,39,122,13.0000,40.6667
3489,300,141,39,120,13.0000,40.0000
3490,300,140,39,121,13.0000,40.3333
3491,300,146,38,116,12.6667,38.6667
3492,300,145,38,117,12.6667,39.0000
3493,298,148,34,116,11.4094,38.9262
3494,299,153,31,115,10.3679,38.4615
3495,302,162,35,105,11.5894,34.7682
3496,300,166,33,101,11.0000,33.6667
3497,300,167,35,98,11.6667,32.6667
3498,299,169,37,93,12.3746,31.1037
3499,301,173,40,88,13.2890,29.2359
3500,301,174,42,85,13.9535,28.2392
3501,301,170,46,85,15.2824,28.2392
3502,300,168,48,84,16.0000,28.0000
3503,300,170,52,78,17.3333,26.0000
3504,300,166,54,80,18.0000,26.6667
3505,300,167,54,79,18.0000,26.3333
3506,300,170,56,74,18.6667,24.6667
3507,298,160,64,74,21.4765,24.8322
3508,298,158,64,76,21.4765,25.5034
3509,301,158,68,75,22.5914,24.9169
3510,301,156,69,76,22.9236,25.2492
3511,301,156,69,76,22.9236,25.2492
3512,301,155,71,75,23.5880,24.9169
3513,301,155,74,72,24.5847,23.9203
3514,301,149,80,72,26.5781,23.9203
3515,299,148,81,70,27.0903,23.4114
3516,305,148,87,70,28.5246,22.9508
3517,305,147,90,68,29.5082,22.2951
3518,303,142,94,67,31.0231,22.1122
3519,303,132,101,70,33.3333,23.1023
3520,301,127,103,71,34.2193,23.5880
3521,301,119,110,72,36.5449,23.9203
3522,301,120,106,75,35.2159,24.9169
3523,300,120,103,77,34.3333,25.6667
3524,300,116,106,78,35.3333,26.0000
3525,300,115,106,79,35.3333,26.3333
3526,299,104,113,82,37.7926,27.4247
3527,297,97,114,86,38.3838,28.9562
3528,297,100,109,88,36.7003,29.6296
3529,299,102,107,90,35.7860,30.1003
3530,300,100,106,94,35.3333,31.3333
3531,300,94,111,95,37.0000,31.6667
3532,299,94,111,94,37.1237,31.4381
3533,300,94,109,97,36.3333,32.3333
3534,299,88,113,98,37.7926,32.7759
3535,300,86,111,103,37.0000,34.3333
3536,300,83,110,107,36.6667,35.6667
3537,295,78,110,107,37.2881,36.2712
3538,295,75,111,109,37.6271,36.9492
3539,294,73,107,114,36.3946,38.7755
3540,295,71,104,120,35.2542,40.6780
3541,295,73,98,124,33.2203,42.0339
3542,297,70,100,127,33.6700,42.7609
3543,300,70,103,127,34.3333,42.3333
3544,300,71,101,128,33.6667,42.6667
3545,297,70,99,128,33.3333,43.0976
3546,294,72,92,130,31.2925,44.2177
3547,293,67,89,137,30.3754,46.7577
3548,293,67,84,142,28.6689,48.4642
3549,294,64,88,142,29.9320,48.2993
3550,290,63,84,143,28.9655,49.3103
3551,291,63,82,146,28.1787,50.1718
3552,292,60,80,152,27.3973,52.0548
3553,297,64,80,153,26.9360,51.5152
3554,300,70,74,156,24.6667,52.0000
3555,299,65,75,159,25.0836,53.1773
3556,299,67,73,159,24.4147,53.1773
3557,302,69,72,161,23.8411,53.3113
3558,301,68,68,165,22.5914,54.8173
3559,299,68,65,166,21.7391,55.5184
3560,301,72,62,167,20.5980,55.4817
3561,301,72,60,169,19.9336,56.1462
3562,298,73,56,169,18.7919,56.7114
3563,302,78,49,175,16.2252,57.9470
3564,301,81,47,173,15.6146,57.4751
3565,301,82,44,175,14.6179,58.1395
3566,301,78,45,178,14.9502,59.1362
3567,299,79,42,178,14.0468,59.5318
3568,301,80,40,181,13.2890,60.1329
3569,301,80,38,183,12.6246,60.7973
3570,300,79,38,183,12.6667,61.0000
3571,300,80,38,182,12.6667,60.6667
3572,300,76,44,180,14.6667,60.0000
3573,299,74,44,181,14.7157,60.5351
3574,301,79,45,177,14.9502,58.8040
3575,301,80,46,175,15.2824,58.1395
3576,299,81,44,174,14.7157,58.1940
3577,299,84,43,172,14.3813,57.5251
3578,301,88,41,172,13.6213,57.1429
3579,301,93,39,169,12.9568,56.1462
3580,301,96,38,167,12.6246,55.4817
3581,300,95,40,165,13.3333,55.0000
3582,300,98,40,162,13.3333,54.0000
3583,300,95,44,161,14.6667,53.6667
3584,300,92,48,160,16.0000,53.3333
3585,300,93,51,156,17.0000,52.0000
3586,299,92,53,154,17.7258,51.5050
3587,300,99,52,149,17.3333,49.6667
3588,300,100,55,145,18.3333,48.3333
3589,300,97,56,147,18.6667,49.0000
3590,300,98,56,146,18.6667,48.6667
3591,300,103,56,141,18.6667,47.0000
3592,298,107,53,138,17.7852,46.3087
3593,299,112,52,135,17.3913,45.1505
3594,298,116,48,134,16.1074,44.9664
3595,298,116,47,135,15.7718,45.3020
3596,299,116,48,135,16.0535,45.1505
3597,301,120,47,134,15.6146,44.5183
3598,301,122,48,131,15.9468,43.5216
3599,301,129,47,125,15.6146,41.5282
3600,301,132,49,120,16.2791,39.8671
3601,301,133,48,120,15.9468,39.8671
3602,300,133,47,120,15.6667,40.0000
3603,299,133,45,121,15.0502,40.4682
3604,300,138,46,116,15.3333,38.6667
3605,299,138,43,118,14.3813,39.4649
3606,302,146,40,116,13.2450,38.4106
3607,301,145,42,114,13.9535,37.8738
3608,300,143,46,111,15.3333,37.0000
3609,298,144,44,110,14.7651,36.9128
3610,298,148,45,105,15.1007,35.2349
3611,299,145,49,105,16.3880,35.1171
3612,303,149,51,103,16.8317,33.9934
3613,303,148,53,102,17.4917,33.6634
3614,303,146,55,102,18.1518,33.6634
3615,303,149,57,97,18.8119,32.0132
3616,302,146,58,98,19.2053,32.4503
3617,301,146,59,96,19.6013,31.8937
3618,301,143,63,95,20.9302,31.5615
3619,301,137,69,95,22.9236,31.5615
3620,300,138,71,91,23.6667,30.3333
3621,300,138,73,89,24.3333,29.6667
3622,300,136,76,88,25.3333,29.3333
3623,297,136,75,86,25.2525,28.9562
3624,296,134,76,86,25.6757,29.0541
3625,296,129,81,86,27.3649,29.0541
3626,300,133,84,83,28.0000,27.6667
3627,299,128,86,85,28.7625,28.4281
3628,299,126,89,84,29.7659,28.0936
3629,298,123,90,85,30.2013,28.5235
3630,296,123,88,85,29.7297,28.7162
3631,300,121,91,88,30.3333,29.3333
3632,299,119,89,91,29.7659,30.4348
3633,303,117,92,94,30.3630,31.0231
3634,303,109,95,99,31.3531,32.6733
3635,303,106,98,99,32.3432,32.6733
3636,302,98,100,104,33.1126,34.4371
3637,301,92,102,107,33.8870,35.5482
3638,300,89,102,109,34.0000,36.3333
3639,298,91,97,110,32.5503,36.9128
3640,299,92,93,114,31.1037,38.1271
3641,301,92,96,113,31.8937,37.5415
3642,300,89,96,115,32.0000,38.3333
3643,300,87,99,114,33.0000,38.0000
3644,300,82,106,112,35.3333,37.3333
3645,296,78,104,114,35.1351,38.5135
3646,296,80,103,113,34.7973,38.1757
3647,295,76,106,113,35.9322,38.3051
3648,298,78,105,115,35.2349,38.5906
3649,302,83,102,117,33.7748,38.7417
3650,302,78,105,119,34.7682,39.4040
3651,300,77,99,124,33.0000,41.3333
3652,298,75,97,126,32.5503,42.2819
3653,297,72,95,130,31.9865,43.7710
3654,295,73,90,132,30.5085,44.7458
3655,298,78,87,133,29.1946,44.6309
3656,301,79,81,141,26.9103,46.8439
3657,301,82,75,144,24.9169,47.8405
3658,301,82,75,144,24.9169,47.8405
3659,301,80,77,144,25.5814,47.8405
3660,301,78,78,145,25.9136,48.1728
3661,300,80,74,146,24.6667,48.6667
3662,300,81,73,146,24.3333,48.6667
3663,298,80,69,149,23.1544,50.0000
3664,297,80,68,149,22.8956,50.1684
3665,295,81,61,153,20.6780,51.8644
3666,298,84,60,154,20.1342,51.6779
3667,300,87,57,156,19.0000,52.0000
3668,300,84,56,160,18.6667,53.3333
3669,300,85,52,163,17.3333,54.3333
3670,300,87,48,165,16.0000,55.0000
3671,299,85,48,166,16.0535,55.5184
3672,299,84,48,167,16.0535,55.8528
3673,302,87,45,170,14.9007,56.2914
3674,302,87,42,173,13.9073,57.2848
3675,302,86,42,174,13.9073,57.6159
3676,302,85,39,178,12.9139,58.9404
3677,301,87,38,176,12.6246,58.4718
3678,301,87,36,178,11.9601,59.1362
3679,300,87,36,177,12.0000,59.0000
3680,300,86,35,179,11.6667,59.6667
3681,300,87,35,178,11.6667,59.3333
3682,300,88,35,177,11.6667,59.0000
3683,300,91,35,174,11.6667,58.0000
3684,299,94,32,173,10.7023,57.8595
3685,301,99,31,171,10.2990,56.8106
3686,301,102,31,168,10.2990,55.8140
3687,301,101,33,167,10.9635,55.4817
3688,301,106,28,167,9.3023,55.4817
3689,301,109,26,166,8.6379,55.1495
3690,301,109,29,163,9.6346,54.1528
3691,301,110,30,161,9.9668,53.4884
3692,301,114,26,161,8.6379,53.4884
3693,301,113,29,159,9.6346,52.8239
3694,300,116,29,155,9.6667,51.6667
3695,300,117,28,155,9.3333,51.6667
3696,300,119,28,153,9.3333,51.0000
3697,300,123,26,151,8.6667,50.3333
3698,300,126,26,148,8.6667,49.3333
3699,299,125,29,145,9.6990,48.4950
3700,301,130,29,142,9.6346,47.1761
3701,301,133,27,141,8.9701,46.8439
3702,301,135,28,138,9.3023,45.8472
3703,299,140,27,132,9.0301,44.1472
3704,300,142,27,131,9.0000,43.6667
3705,300,145,27,128,9.0000,42.6667
3706,299,148,25,126,8.3612,42.1405
3707,303,154,27,122,8.9109,40.2640
3708,303,161,27,115,8.9109,37.9538
3709,303,165,30,108,9.9010,35.6436
3710,303,165,32,106,10.5611,34.9835
3711,303,164,32,107,10.5611,35.3135
3712,303,163,33,107,10.8911,35.3135
3713,303,165,34,104,11.2211,34.3234
3714,303,166,33,104,10.8911,34.3234
3715,303,169,34,100,11.2211,33.0033
3716,303,170,35,98,11.5512,32.3432
3717,303,173,38,92,12.5413,30.3630
3718,303,174,40,89,13.2013,29.3729
3719,302,178,39,85,12.9139,28.1457
3720,302,179,41,82,13.5762,27.1523
3721,302,182,40,80,13.2450,26.4901
3722,302,183,41,78,13.5762,25.8278
3723,302,181,44,77,14.5695,25.4967
3724,302,179,46,77,15.2318,25.4967
3725,302,180,47,75,15.5629,24.8344
3726,302,179,50,73,16.5563,24.1722
3727,302,179,50,73,16.5563,24.1722
3728,302,176,54,72,17.8808,23.8411
3729,302,172,56,74,18.5430,24.5033
3730,300,172,54,74,18.0000,24.6667
3731,299,170,55,74,18.3946,24.7492
3732,298,171,57,70,19.1275,23.4899
3733,299,171,57,71,19.0635,23.7458
3734,301,168,62,71,20.5980,23.5880
3735,300,164,67,69,22.3333,23.0000
3736,299,163,69,67,23.0769,22.4080
3737,302,161,74,67,24.5033,22.1854
3738,301,157,78,66,25.9136,21.9269
3739,301,146,88,67,29.2359,22.2591
3740,300,143,94,63,31.3333,21.0000
3741,300,140,96,64,32.0000,21.3333
3742,300,130,105,65,35.0000,21.6667
3743,297,123,109,65,36.7003,21.8855
3744,297,125,106,66,35.6902,22.2222
3745,297,121,110,66,37.0370,22.2222
3746,298,118,109,71,36.5772,23.8255
3747,300,114,114,72,38.0000,24.0000
3748,299,109,115,75,38.4615,25.0836
3749,299,110,110,79,36.7893,26.4214
3750,300,107,112,81,37.3333,27.0000
3751,300,101,116,83,38.6667,27.6667
3752,299,100,115,84,38.4615,28.0936
3753,302,102,116,84,38.4106,27.8146
3754,300,97,116,87,38.6667,29.0000
3755,298,90,116,92,38.9262,30.8725
3756,299,87,117,95,39.1304,31.7726
3757,299,86,115,98,38.4615,32.7759
3758,303,90,112,101,36.9637,33.3333
3759,301,88,105,108,34.8837,35.8804
3760,299,86,100,113,33.4448,37.7926
3761,298,82,100,116,33.5570,38.9262
3762,299,84,95,120,31.7726,40.1338
3763,302,89,89,124,29.4702,41.0596
3764,297,87,82,128,27.6094,43.0976
3765,301,89,83,129,27.5748,42.8571
3766,299,89,81,129,27.0903,43.1438
3767,298,87,80,131,26.8456,43.9597
3768,300,87,78,135,26.0000,45.0000
3769,299,86,74,139,24.7492,46.4883
3770,300,83,78,139,26.0000,46.3333
3771,299,78,78,143,26.0870,47.8261
3772,297,75,78,144,26.2626,48.4848
3773,301,76,79,146,26.2458,48.5050
3774,300,74,79,147,26.3333,49.0000
3775,297,73,75,149,25.2525,50.1684
3776,296,72,71,153,23.9865,51.6892
3777,295,71,70,154,23.7288,52.2034
3778,296,70,72,154,24.3243,52.0270
3779,302,74,70,158,23.1788,52.3179
3780,301,74,70,157,23.2558,52.1595
3781,300,74,70,156,23.3333,52.0000
3782,299,75,65,159,21.7391,53.1773
3783,299,73,67,159,22.4080,53.1773
3784,303,76,67,160,22.1122,52.8053
3785,301,76,65,160,21.5947,53.1561
3786,301,77,64,160,21.2625,53.1561
3787,299,77,59,163,19.7324,54.5151
3788,302,80,57,165,18.8742,54.6358
3789,302,80,58,164,19.2053,54.3046
3790,301,79,58,164,19.2691,54.4850
3791,298,77,55,166,18.4564,55.7047
3792,302,80,53,169,17.5497,55.9603
3793,299,80,49,170,16.3880,56.8562
3794,301,82,48,171,15.9468,56.8106
3795,300,83,43,174,14.3333,58.0000
3796,300,85,42,173,14.0000,57.6667
3797,300,85,40,175,13.3333,58.3333
3798,299,87,39,173,13.0435,57.8595
3799,305,93,39,173,12.7869,56.7213
3800,304,94,37,173,12.1711,56.9079
3801,303,98,35,170,11.5512,56.1056
3802,303,98,36,169,11.8812,55.7756
3803,303,98,38,167,12.5413,55.1155
3804,303,98,37,168,12.2112,55.4455
3805,303,97,40,166,13.2013,54.7855
3806,303,97,41,165,13.5314,54.4554
3807,303,96,47,160,15.5116,52.8053
3808,303,100,47,156,15.5116,51.4851
3809,303,101,49,153,16.1716,50.4950
3810,302,103,49,150,16.2252,49.6689
3811,302,108,48,146,15.8940,48.3444
3812,301,110,51,140,16.9435,46.5116
3813,300,113,49,138,16.3333,46.0000
3814,299,118,48,133,16.0535,44.4816
3815,302,126,48,128,15.8940,42.3841
3816,301,130,46,125,15.2824,41.5282
3817,301,131,47,123,15.6146,40.8638
3818,300,131,48,121,16.0000,40.3333
3819,300,132,48,120,16.0000,40.0000
3820,300,127,54,119,18.0000,39.6667
3821,300,128,55,117,18.3333,39.0000
3822,300,126,55,119,18.3333,39.6667
3823,299,127,56,116,18.7291,38.7960
3824,300,129,58,113,19.3333,37.6667
3825,299,129,56,114,18.7291,38.1271
3826,301,127,62,112,20.5980,37.2093
3827,299,127,60,112,20.0669,37.4582
3828,300,129,61,110,20.3333,36.6667
3829,300,125,68,107,22.6667,35.6667
3830,299,123,68,108,22.7425,36.1204
3831,301,128,67,106,22.2591,35.2159
3832,300,124,68,108,22.6667,36.0000
3833,299,118,74,107,24.7492,35.7860
3834,303,120,81,102,26.7327,33.6634
3835,303,116,85,102,28.0528,33.6634
3836,303,112,89,102,29.3729,33.6634
3837,301,109,92,100,30.5648,33.2226
3838,301,105,98,98,32.5581,32.5581
3839,301,104,99,98,32.8904,32.5581
3840,300,100,101,99,33.6667,33.0000
3841,299,94,101,104,33.7793,34.7826
3842,300,94,101,105,33.6667,35.0000
3843,299,89,108,102,36.1204,34.1137
3844,299,89,110,100,36.7893,33.4448
3845,303,98,106,99,34.9835,32.6733
3846,302,95,104,103,34.4371,34.1060
3847,301,94,105,102,34.8837,33.8870
3848,299,94,103,102,34.4482,34.1137
3849,299,92,101,106,33.7793,35.4515
3850,302,97,99,106,32.7815,35.0993
3851,301,94,102,105,33.8870,34.8837
3852,299,93,101,105,33.7793,35.1171
3853,298,93,96,109,32.2148,36.5772
3854,297,93,91,113,30.6397,38.0471
3855,299,93,89,117,29.7659,39.1304
3856,300,97,85,118,28.3333,39.3333
3857,300,95,84,121,28.0000,40.3333
3858,299,92,84,123,28.0936,41.1371
3859,298,92,80,126,26.8456,42.2819
3860,297,90,77,130,25.9259,43.7710
3861,297,89,74,134,24.9158,45.1178
3862,300,94,70,136,23.3333,45.3333
3863,300,98,64,138,21.3333,46.0000
3864,300,95,62,143,20.6667,47.6667
3865,300,92,64,144,21.3333,48.0000
3866,300,89,66,145,22.0000,48.3333
3867,300,88,64,148,21.3333,49.3333
3868,298,88,60,150,20.1342,50.3356
3869,300,90,57,153,19.0000,51.0000
3870,299,87,58,154,19.3980,51.5050
3871,302,90,56,156,18.5430,51.6556
3872,302,93,53,156,17.5497,51.6556
3873,301,93,51,157,16.9435,52.1595
3874,299,94,48,157,16.0535,52.5084
3875,300,94,48,158,16.0000,52.6667
3876,300,94,44,162,14.6667,54.0000
3877,299,95,45,159,15.0502,53.1773
3878,304,99,43,162,14.1447,53.2895
3879,304,98,45,161,14.8026,52.9605
3880,304,98,46,160,15.1316,52.6316
3881,304,95,46,163,15.1316,53.6184
3882,303,95,46,162,15.1815,53.4653
3883,303,98,46,159,15.1815,52.4752
3884,303,100,48,155,15.8416,51.1551
3885,303,98,46,159,15.1815,52.4752
3886,303,96,43,164,14.1914,54.1254
3887,303,95,43,165,14.1914,54.4554
3888,301,96,40,165,13.2890,54.8173
3889,300,96,38,166,12.6667,55.3333
3890,300,95,37,168,12.3333,56.0000
3891,300,98,35,167,11.6667,55.6667
3892,299,101,35,163,11.7057,54.5151
3893,300,105,36,159,12.0000,53.0000
3894,300,105,38,157,12.6667,52.3333
3895,299,104,37,158,12.3746,52.8428
3896,300,105,39,156,13.0000,52.0000
3897,299,105,41,153,13.7124,51.1706
3898,300,110,39,151,13.0000,50.3333
3899,300,111,37,152,12.3333,50.6667
3900,299,113,37,149,12.3746,49.8328
3901,301,119,37,145,12.2924,48.1728
3902,299,122,34,143,11.3712,47.8261
3903,301,121,37,143,12.2924,47.5083
3904,300,123,36,141,12.0000,47.0000
3905,300,127,39,134,13.0000,44.6667
3906,298,130,38,130,12.7517,43.6242
3907,301,138,36,127,11.9601,42.1927
3908,300,143,35,122,11.6667,40.6667
3909,300,145,37,118,12.3333,39.3333
3910,300,147,38,115,12.6667,38.3333
3911,300,149,39,112,13.0000,37.3333
3912,300,152,39,109,13.0000,36.3333
3913,300,156,40,104,13.3333,34.6667
3914,300,158,39,103,13.0000,34.3333
3915,300,163,38,99,12.6667,33.0000
3916,299,164,41,94,13.7124,31.4381
3917,299,163,40,96,13.3779,32.1070
3918,301,168,38,95,12.6246,31.5615
3919,300,169,39,92,13.0000,30.6667
3920,300,171,38,91,12.6667,30.3333
3921,300,171,40,89,13.3333,29.6667
3922,300,168,42,90,14.0000,30.0000
3923,300,171,41,88,13.6667,29.3333
3924,300,166,46,88,15.3333,29.3333
3925,300,157,58,85,19.3333,28.3333
3926,299,156,56,87,18.7291,29.0970
3927,302,154,63,85,20.8609,28.1457
3928,302,157,64,81,21.1921,26.8212
3929,302,154,69,79,22.8477,26.1589
3930,301,155,68,78,22.5914,25.9136
3931,300,152,72,76,24.0000,25.3333
3932,300,152,73,75,24.3333,25.0000
3933,300,146,82,72,27.3333,24.0000
3934,300,142,86,72,28.6667,24.0000
3935,300,138,87,75,29.0000,25.0000
3936,299,136,85,78,28.4281,26.0870
3937,301,141,86,74,28.5714,24.5847
3938,301,138,91,72,30.2326,23.9203
3939,301,132,97,72,32.2259,23.9203
3940,300,129,99,72,33.0000,24.0000
3941,300,126,101,73,33.6667,24.3333
3942,296,124,99,73,33.4459,24.6622
3943,298,119,107,72,35.9060,24.1611
3944,299,116,107,76,35.7860,25.4181
3945,302,121,100,81,33.1126,26.8212
3946,300,117,96,87,32.0000,29.0000
3947,298,116,91,91,30.5369,30.5369
3948,303,118,93,92,30.6931,30.3630
3949,303,113,95,95,31.3531,31.3531
3950,302,114,93,95,30.7947,31.4570
3951,301,115,91,95,30.2326,31.5615
3952,300,109,94,97,31.3333,32.3333
3953,300,110,92,98,30.6667,32.6667
3954,297,107,87,103,29.2929,34.6801
3955,298,108,83,107,27.8523,35.9060
3956,300,106,86,108,28.6667,36.0000
3957,300,103,87,110,29.0000,36.6667
3958,300,101,87,112,29.0000,37.3333
3959,297,98,81,118,27.2727,39.7306
3960,299,97,79,123,26.4214,41.1371
3961,301,99,76,126,25.2492,41.8605
3962,299,98,74,127,24.7492,42.4749
3963,300,97,69,134,23.0000,44.6667
3964,300,92,72,136,24.0000,45.3333
3965,299,90,70,139,23.4114,46.4883
3966,304,96,68,140,22.3684,46.0526
3967,303,93,70,140,23.1023,46.2046
3968,303,93,69,141,22.7723,46.5347
3969,302,95,67,140,22.1854,46.3576
3970,300,95,65,140,21.6667,46.6667
3971,300,95,63,142,21.0000,47.3333
3972,297,94,60,143,20.2020,48.1481
3973,297,91,61,145,20.5387,48.8215
3974,298,89,66,143,22.1477,47.9866
3975,298,89,64,145,21.4765,48.6577
3976,299,89,65,145,21.7391,48.4950
3977,302,91,63,148,20.8609,49.0066
3978,301,94,59,148,19.6013,49.1694
3979,301,94,55,152,18.2724,50.4983
3980,299,94,52,153,17.3913,51.1706
3981,299,93,52,154,17.3913,51.5050
3982,301,97,52,152,17.2757,50.4983
3983,299,92,54,153,18.0602,51.1706
3984,301,92,53,156,17.6080,51.8272
3985,300,89,51,160,17.0000,53.3333
3986,300,89,51,160,17.0000,53.3333
3987,298,90,51,157,17.1141,52.6846
3988,299,95,47,157,15.7191,52.5084
3989,301,97,46,158,15.2824,52.4917
3990,301,96,49,156,16.2791,51.8272
3991,301,96,50,155,16.6113,51.4950
3992,299,95,49,155,16.3880,51.8395
3993,300,95,49,156,16.3333,52.0000
3994,297,95,46,156,15.4882,52.5253
3995,301,99,44,158,14.6179,52.4917
3996,299,101,41,157,13.7124,52.5084
3997,300,106,43,151,14.3333,50.3333
3998,299,111,44,144,14.7157,48.1605
3999,299,115,44,140,14.7157,46.8227
4000,303,119,44,140,14.5215,46.2046
4001,303,121,44,138,14.5215,45.5446
4002,302,121,46,135,15.2318,44.7020
4003,301,123,45,133,14.9502,44.1860
4004,301,120,47,134,15.6146,44.5183
4005,300,121,46,133,15.3333,44.3333
4006,298,127,43,128,14.4295,42.9530
4007,298,131,44,123,14.7651,41.2752
4008,304,135,46,123,15.1316,40.4605
4009,304,136,47,121,15.4605,39.8026
4010,303,138,45,120,14.8515,39.6040
4011,302,142,46,114,15.2318,37.7483
4012,302,143,46,113,15.2318,37.4172
4013,300,145,44,111,14.6667,37.0000
4014,300,144,45,111,15.0000,37.0000
4015,299,150,44,105,14.7157,35.1171
4016,299,152,44,103,14.7157,34.4482
4017,302,159,41,102,13.5762,33.7748
4018,302,161,41,100,13.5762,33.1126
4019,302,160,43,99,14.2384,32.7815
4020,302,162,42,98,13.9073,32.4503
4021,301,161,45,95,14.9502,31.5615
4022,300,160,43,97,14.3333,32.3333
4023,299,159,45,95,15.0502,31.7726
4024,295,157,45,93,15.2542,31.5254
4025,298,156,51,91,17.1141,30.5369
4026,300,155,52,93,17.3333,31.0000
4027,300,157,54,89,18.0000,29.6667
4028,298,156,53,89,17.7852,29.8658
4029,299,155,57,87,19.0635,29.0970
4030,302,157,61,84,20.1987,27.8146
4031,302,155,66,81,21.8543,26.8212
4032,301,150,67,84,22.2591,27.9070
4033,301,148,68,85,22.5914,28.2392
4034,301,144,72,85,23.9203,28.2392
4035,301,143,72,86,23.9203,28.5714
4036,301,143,74,84,24.5847,27.9070
4037,301,144,77,80,25.5814,26.5781
4038,301,137,85,79,28.2392,26.2458
4039,301,133,86,82,28.5714,27.2425
4040,301,125,95,81,31.5615,26.9103
4041,300,125,94,81,31.3333,27.0000
4042,300,119,100,81,33.3333,27.0000
4043,298,117,99,82,33.2215,27.5168
4044,294,114,97,83,32.9932,28.2313
4045,295,110,100,85,33.8983,28.8136
4046,298,113,100,85,33.5570,28.5235
4047,300,115,100,85,33.3333,28.3333
4048,299,113,102,84,34.1137,28.0936
4049,299,109,103,87,34.4482,29.0970
4050,301,109,102,90,33.8870,29.9003
4051,301,103,104,94,34.5515,31.2292
4052,300,99,102,99,34.0000,33.0000
4053,299,95,101,103,33.7793,34.4482
4054,300,97,98,105,32.6667,35.0000
4055,299,97,97,105,32.4415,35.1171
4056,304,105,96,103,31.5789,33.8816
4057,303,101,98,104,32.3432,34.3234
4058,301,96,99,106,32.8904,35.2159
4059,299,93,97,109,32.4415,36.4548
4060,297,95,90,112,30.3030,37.7104
4061,298,95,86,117,28.8591,39.2617
4062,299,93,87,119,29.0970,39.7993
4063,300,92,87,121,29.0000,40.3333
4064,299,95,83,121,27.7592,40.4682
4065,301,98,81,122,26.9103,40.5316
4066,299,99,73,127,24.4147,42.4749
4067,299,96,76,127,25.4181,42.4749
4068,299,95,74,130,24.7492,43.4783
4069,301,98,70,133,23.2558,44.1860
4070,300,98,69,133,23.0000,44.3333
4071,299,94,69,136,23.0769,45.4849
4072,300,99,62,139,20.6667,46.3333
4073,298,98,59,141,19.7987,47.3154
4074,300,100,59,141,19.6667,47.0000
4075,298,97,61,140,20.4698,46.9799
4076,302,99,64,139,21.1921,46.0265
4077,301,97,65,139,21.5947,46.1794
4078,300,95,60,145,20.0000,48.3333
4079,300,92,62,146,20.6667,48.6667
4080,299,93,59,147,19.7324,49.1639
4081,302,95,61,146,20.1987,48.3444
4082,302,91,62,149,20.5298,49.3377
4083,301,87,60,154,19.9336,51.1628
4084,300,88,61,151,20.3333,50.3333
4085,299,87,63,149,21.0702,49.8328
4086,301,85,67,149,22.2591,49.5017
4087,300,84,67,149,22.3333,49.6667
4088,298,81,68,149,22.8188,50.0000
4089,298,80,69,149,23.1544,50.0000
4090,301,83,68,150,22.5914,49.8339
4091,299,83,66,150,22.0736,50.1672
4092,299,82,66,151,22.0736,50.5017
4093,303,86,68,149,22.4422,49.1749
4094,303,85,67,151,22.1122,49.8350
4095,301,82,68,151,22.5914,50.1661
4096,300,81,67,152,22.3333,50.6667
4097,298,83,66,149,22.1477,50.0000
4098,297,84,65,148,21.8855,49.8316
4099,300,88,64,148,21.3333,49.3333
4100,299,90,61,148,20.4013,49.4983
4101,301,90,64,147,21.2625,48.8372
4102,300,93,61,146,20.3333,48.6667
4103,297,94,58,145,19.5286,48.8215
4104,301,100,61,140,20.2658,46.5116
4105,301,101,60,140,19.9336,46.5116
4106,298,102,58,138,19.4631,46.3087
4107,303,107,57,139,18.8119,45.8746
4108,302,102,59,141,19.5364,46.6887
4109,302,104,56,142,18.5430,47.0199
4110,301,103,58,140,19.2691,46.5116
4111,301,103,59,139,19.6013,46.1794
4112,300,105,60,135,20.0000,45.0000
4113,299,108,59,132,19.7324,44.1472
4114,299,108,62,129,20.7358,43.1438
4115,304,113,61,130,20.0658,42.7632
4116,303,116,60,127,19.8020,41.9142
4117,301,115,58,128,19.2691,42.5249
4118,301,120,58,123,19.2691,40.8638
4119,301,118,58,125,19.2691,41.5282
4120,301,119,61,121,20.2658,40.1993
4121,301,121,63,117,20.9302,38.8704
4122,300,115,67,118,22.3333,39.3333
4123,300,114,70,116,23.3333,38.6667
4124,299,116,68,115,22.7425,38.4615
4125,304,119,68,117,22.3684,38.4868
4126,303,117,70,116,23.1023,38.2838
4127,303,109,76,118,25.0825,38.9439
4128,303,102,81,120,26.7327,39.6040
4129,302,102,77,123,25.4967,40.7285
4130,302,109,75,118,24.8344,39.0728
4131,301,109,73,119,24.2525,39.5349
4132,300,111,72,117,24.0000,39.0000
4133,299,108,72,119,24.0803,39.7993
4134,299,111,73,115,24.4147,38.4615
4135,298,114,71,113,23.8255,37.9195
4136,300,115,71,114,23.6667,38.0000
4137,300,111,75,114,25.0000,38.0000
4138,298,105,78,115,26.1745,38.5906
4139,298,104,79,115,26.5101,38.5906
4140,297,102,81,114,27.2727,38.3838
4141,298,99,81,118,27.1812,39.5973
4142,301,99,83,119,27.5748,39.5349
4143,295,99,77,119,26.1017,40.3390
4144,293,97,78,118,26.6212,40.2730
4145,294,95,78,121,26.5306,41.1565
4146,295,97,76,122,25.7627,41.3559
4147,292,91,79,122,27.0548,41.7808
4148,287,91,73,123,25.4355,42.8571
4149,288,92,72,124,25.0000,43.0556
4150,290,92,74,124,25.5172,42.7586
4151,291,92,78,121,26.8041,41.5808
4152,292,93,79,120,27.0548,41.0959
4153,297,97,78,122,26.2626,41.0774
4154,299,100,78,121,26.0870,40.4682
4155,301,103,78,120,25.9136,39.8671
4156,300,100,79,121,26.3333,40.3333
4157,298,103,77,118,25.8389,39.5973
4158,298,101,76,121,25.5034,40.6040
4159,298,104,72,122,24.1611,40.9396
4160,298,106,72,120,24.1611,40.2685
4161,301,105,77,119,25.5814,39.5349
4162,301,99,79,123,26.2458,40.8638
4163,299,99,76,124,25.4181,41.4716
4164,299,99,73,127,24.4147,42.4749
4165,300,98,73,129,24.3333,43.0000
4166,299,94,76,129,25.4181,43.1438
4167,300,98,74,128,24.6667,42.6667
4168,299,95,74,130,24.7492,43.4783
4169,302,99,73,130,24.1722,43.0464
4170,301,97,74,130,24.5847,43.1894
4171,300,98,71,131,23.6667,43.6667
4172,300,95,71,134,23.6667,44.6667
4173,300,95,68,137,22.6667,45.6667
4174,300,96,68,136,22.6667,45.3333
4175,299,94,71,134,23.7458,44.8161
4176,300,94,72,134,24.0000,44.6667
4177,300,96,71,133,23.6667,44.3333
4178,299,94,73,132,24.4147,44.1472
4179,298,92,74,132,24.8322,44.2953
4180,298,92,75,131,25.1678,43.9597
4181,299,96,70,133,23.4114,44.4816
4182,301,100,65,136,21.5947,45.1827
4183,301,99,63,139,20.9302,46.1794
4184,301,95,68,138,22.5914,45.8472
4185,300,97,66,137,22.0000,45.6667
4186,299,94,63,142,21.0702,47.4916
4187,303,100,63,140,20.7921,46.2046
4188,303,99,64,140,21.1221,46.2046
4189,303,97,62,144,20.4620,47.5248
4190,302,95,65,142,21.5232,47.0199
4191,301,94,62,145,20.5980,48.1728
4192,301,94,61,146,20.2658,48.5050
4193,301,94,64,143,21.2625,47.5083
4194,301,91,68,142,22.5914,47.1761
4195,298,89,69,140,23.1544,46.9799
4196,299,93,66,140,22.0736,46.8227
4197,302,93,69,140,22.8477,46.3576
4198,301,95,69,137,22.9236,45.5150
4199,299,96,64,139,21.4047,46.4883
4200,302,102,63,137,20.8609,45.3642
4201,302,104,61,137,20.1987,45.3642
4202,302,101,64,137,21.1921,45.3642
4203,300,98,63,139,21.0000,46.3333
4204,300,96,64,140,21.3333,46.6667
4205,300,97,62,141,20.6667,47.0000
4206,300,94,64,142,21.3333,47.3333
4207,299,95,64,140,21.4047,46.8227
4208,296,95,63,138,21.2838,46.6216
4209,300,100,60,140,20.0000,46.6667
4210,300,101,61,138,20.3333,46.0000
4211,299,102,61,136,20.4013,45.4849
4212,299,102,61,136,20.4013,45.4849
4213,303,106,63,134,20.7921,44.2244
4214,302,107,63,132,20.8609,43.7086
4215,298,108,59,131,19.7987,43.9597
4216,299,108,61,130,20.4013,43.4783
4217,302,112,64,126,21.1921,41.7219
4218,300,108,62,130,20.6667,43.3333
4219,299,109,62,128,20.7358,42.8094
4220,301,113,61,127,20.2658,42.1927
4221,301,115,61,125,20.2658,41.5282
4222,301,114,61,126,20.2658,41.8605
4223,300,115,62,123,20.6667,41.0000
4224,299,115,61,123,20.4013,41.1371
4225,302,119,60,123,19.8675,40.7285
4226,300,119,59,122,19.6667,40.6667
4227,300,117,59,124,19.6667,41.3333
4228,300,118,58,124,19.3333,41.3333
4229,299,118,57,124,19.0635,41.4716
4230,299,117,59,123,19.7324,41.1371
4231,305,123,59,123,19.3443,40.3279
4232,302,121,58,123,19.2053,40.7285
4233,302,125,58,119,19.2053,39.4040
4234,302,124,63,115,20.8609,38.0795
4235,300,124,64,112,21.3333,37.3333
4236,300,122,61,117,20.3333,39.0000
4237,299,119,61,119,20.4013,39.7993
4238,300,120,61,119,20.3333,39.6667
4239,300,120,62,118,20.6667,39.3333
4240,300,118,66,116,22.0000,38.6667
4241,300,116,70,114,23.3333,38.0000
4242,300,114,72,114,24.0000,38.0000
4243,300,115,71,114,23.6667,38.0000
4244,298,114,72,112,24.1611,37.5839
4245,302,115,72,115,23.8411,38.0795
4246,301,112,74,115,24.5847,38.2060
4247,300,110,74,116,24.6667,38.6667
4248,300,110,75,115,25.0000,38.3333
4249,300,110,74,116,24.6667,38.6667
4250,300,102,81,117,27.0000,39.0000
4251,299,104,80,115,26.7559,38.4615
4252,300,101,84,115,28.0000,38.3333
4253,298,102,82,114,27.5168,38.2550
4254,302,104,81,117,26.8212,38.7417
4255,299,101,78,120,26.0870,40.1338
4256,303,102,81,120,26.7327,39.6040
4257,301,99,84,118,27.9070,39.2027
4258,301,96,86,119,28.5714,39.5349
4259,300,95,84,121,28.0000,40.3333
4260,298,92,83,123,27.8523,41.2752
4261,300,98,79,123,26.3333,41.0000
4262,299,97,79,123,26.4214,41.1371
4263,301,101,77,123,25.5814,40.8638
4264,299,100,76,123,25.4181,41.1371
4265,302,98,80,124,26.4901,41.0596
4266,301,97,77,127,25.5814,42.1927
4267,300,97,78,125,26.0000,41.6667
4268,299,99,75,125,25.0836,41.8060
4269,302,98,77,127,25.4967,42.0530
4270,302,100,76,126,25.1656,41.7219
4271,298,100,70,128,23.4899,42.9530
4272,299,105,64,130,21.4047,43.4783
4273,301,104,65,132,21.5947,43.8538
4274,301,105,67,129,22.2591,42.8571
4275,301,105,62,134,20.5980,44.5183
4276,300,108,57,135,19.0000,45.0000
4277,296,111,51,134,17.2297,45.2703
4278,296,114,48,134,16.2162,45.2703
4279,296,112,49,135,16.5541,45.6081
4280,298,116,48,134,16.1074,44.9664
4281,300,120,47,133,15.6667,44.3333
4282,299,118,47,134,15.7191,44.8161
4283,304,120,50,134,16.4474,44.0789
4284,303,120,49,134,16.1716,44.2244
4285,302,119,49,134,16.2252,44.3709
4286,301,121,43,137,14.2857,45.5150
4287,300,121,42,137,14.0000,45.6667
4288,300,123,44,133,14.6667,44.3333
4289,299,122,45,132,15.0502,44.1472
4290,303,127,46,130,15.1815,42.9043
4291,302,125,47,130,15.5629,43.0464
4292,302,124,49,129,16.2252,42.7152
4293,302,120,54,128,17.8808,42.3841
4294,302,118,52,132,17.2185,43.7086
4295,302,121,52,129,17.2185,42.7152
4296,302,119,54,129,17.8808,42.7152
4297,302,120,57,125,18.8742,41.3907
4298,302,117,59,126,19.5364,41.7219
4299,302,117,59,126,19.5364,41.7219
4300,301,114,59,128,19.6013,42.5249
4301,301,113,63,125,20.9302,41.5282
4302,300,113,63,124,21.0000,41.3333
4303,299,112,63,124,21.0702,41.4716
4304,299,111,63,125,21.0702,41.8060
4305,302,112,66,124,21.8543,41.0596
4306,301,110,69,122,22.9236,40.5316
4307,301,107,76,118,25.2492,39.2027
4308,301,105,77,119,25.5814,39.5349
4309,300,101,80,119,26.6667,39.6667
4310,297,101,77,119,25.9259,40.0673
4311,298,103,78,117,26.1745,39.2617
4312,298,104,78,116,26.1745,38.9262
4313,300,105,79,116,26.3333,38.6667
4314,299,103,79,117,26.4214,39.1304
4315,301,103,81,117,26.9103,38.8704
4316,301,100,84,117,27.9070,38.8704
4317,299,96,87,116,29.0970,38.7960
4318,299,96,90,113,30.1003,37.7926
4319,299,91,92,116,30.7692,38.7960
4320,301,92,95,114,31.5615,37.8738
4321,300,92,92,116,30.6667,38.6667
4322,298,90,94,114,31.5436,38.2550
4323,300,94,93,113,31.0000,37.6667
4324,300,93,95,112,31.6667,37.3333
4325,299,90,95,114,31.7726,38.1271
4326,301,94,91,116,30.2326,38.5382
4327,299,98,89,112,29.7659,37.4582
4328,302,98,87,117,28.8079,38.7417
4329,302,94,90,118,29.8013,39.0728
4330,301,92,88,121,29.2359,40.1993
4331,300,90,89,121,29.6667,40.3333
4332,299,88,92,119,30.7692,39.7993
4333,299,89,88,122,29.4314,40.8027
4334,302,91,88,123,29.1391,40.7285
4335,301,85,93,123,30.8970,40.8638
4336,300,85,91,124,30.3333,41.3333
4337,298,86,86,126,28.8591,42.2819
4338,298,89,83,126,27.8523,42.2819
4339,297,89,81,127,27.2727,42.7609
4340,297,85,82,130,27.6094,43.7710
4341,297,86,82,129,27.6094,43.4343
4342,299,89,80,130,26.7559,43.4783
4343,298,87,79,132,26.5101,44.2953
4344,299,87,78,134,26.0870,44.8161
4345,301,89,74,138,24.5847,45.8472
4346,301,89,76,136,25.2492,45.1827
4347,300,89,77,134,25.6667,44.6667
4348,300,88,73,139,24.3333,46.3333
4349,299,87,65,147,21.7391,49.1639
4350,301,87,66,148,21.9269,49.1694
4351,301,87,64,150,21.2625,49.8339
4352,300,89,62,149,20.6667,49.6667
4353,299,87,60,152,20.0669,50.8361
4354,299,87,59,153,19.7324,51.1706
4355,299,90,54,155,18.0602,51.8395
4356,299,91,54,154,18.0602,51.5050
4357,303,92,56,155,18.4818,51.1551
4358,302,91,57,154,18.8742,50.9934
4359,301,92,53,156,17.6080,51.8272
4360,298,89,53,156,17.7852,52.3490
4361,297,89,52,156,17.5084,52.5253
4362,299,89,54,156,18.0602,52.1739
4363,300,90,54,156,18.0000,52.0000
4364,299,89,52,158,17.3913,52.8428
4365,301,91,55,155,18.2724,51.4950
4366,301,92,55,154,18.2724,51.1628
4367,301,93,54,154,17.9402,51.1628
4368,301,94,52,155,17.2757,51.4950
4369,301,94,52,155,17.2757,51.4950
4370,301,95,54,152,17.9402,50.4983
4371,300,96,51,153,17.0000,51.0000
4372,300,95,52,153,17.3333,51.0000
4373,298,97,52,149,17.4497,50.0000
4374,299,96,54,149,18.0602,49.8328
4375,301,98,55,148,18.2724,49.1694
4376,300,98,54,148,18.0000,49.3333
4377,299,100,53,146,17.7258,48.8294
4378,301,101,54,146,17.9402,48.5050
4379,300,101,54,145,18.0000,48.3333
4380,298,107,54,137,18.1208,45.9732
4381,299,109,52,138,17.3913,46.1538
4382,300,114,50,136,16.6667,45.3333
4383,298,113,51,134,17.1141,44.9664
4384,299,111,53,135,17.7258,45.1505
4385,300,116,52,132,17.3333,44.0000
4386,300,114,51,135,17.0000,45.0000
4387,299,110,56,133,18.7291,44.4816
4388,303,114,58,131,19.1419,43.2343
4389,303,113,62,128,20.4620,42.2442
4390,303,114,64,125,21.1221,41.2541
4391,302,112,68,122,22.5166,40.3974
4392,302,116,66,120,21.8543,39.7351
4393,302,115,67,120,22.1854,39.7351
4394,302,113,68,121,22.5166,40.0662
4395,302,113,68,121,22.5166,40.0662
4396,302,112,68,122,22.5166,40.3974
4397,302,114,69,119,22.8477,39.4040
4398,300,108,73,119,24.3333,39.6667
4399,300,102,77,121,25.6667,40.3333
4400,298,101,81,116,27.1812,38.9262
4401,302,109,82,111,27.1523,36.7550
4402,302,107,84,111,27.8146,36.7550
4403,300,104,88,108,29.3333,36.0000
4404,300,101,89,110,29.6667,36.6667
4405,300,103,90,107,30.0000,35.6667
4406,299,99,93,107,31.1037,35.7860
4407,299,102,91,106,30.4348,35.4515
4408,298,102,89,107,29.8658,35.9060
4409,299,101,89,109,29.7659,36.4548
4410,300,103,87,110,29.0000,36.6667
4411,298,103,86,109,28.8591,36.5772
4412,298,104,87,107,29.1946,35.9060
4413,300,104,91,105,30.3333,35.0000
4414,299,106,87,106,29.0970,35.4515
4415,304,104,90,110,29.6053,36.1842
4416,304,105,89,110,29.2763,36.1842
4417,304,100,92,112,30.2632,36.8421
4418,304,97,95,112,31.2500,36.8421
4419,300,96,87,117,29.0000,39.0000
4420,297,97,84,116,28.2828,39.0572
4421,296,96,83,117,28.0405,39.5270
4422,296,91,84,121,28.3784,40.8784
4423,293,89,83,121,28.3276,41.2969
4424,295,91,79,125,26.7797,42.3729
4425,297,90,80,127,26.9360,42.7609
4426,299,91,77,131,25.7525,43.8127
4427,301,89,81,131,26.9103,43.5216
4428,299,88,82,129,27.4247,43.1438
4429,300,89,81,130,27.0000,43.3333
4430,300,88,82,130,27.3333,43.3333
4431,299,83,83,133,27.7592,44.4816
4432,302,86,83,133,27.4834,44.0397
4433,299,90,76,133,25.4181,44.4816
4434,300,92,77,131,25.6667,43.6667
4435,297,90,75,132,25.2525,44.4444
4436,297,92,70,135,23.5690,45.4545
4437,301,96,69,136,22.9236,45.1827
4438,299,94,70,135,23.4114,45.1505
4439,298,94,67,137,22.4832,45.9732
4440,300,94,67,139,22.3333,46.3333
4441,300,93,68,139,22.6667,46.3333
4442,298,91,67,140,22.4832,46.9799
4443,303,96,62,145,20.4620,47.8548
4444,302,97,59,146,19.5364,48.3444
4445,302,96,59,147,19.5364,48.6755
4446,301,100,55,146,18.2724,48.5050
4447,300,101,53,146,17.6667,48.6667
4448,300,102,52,146,17.3333,48.6667
4449,298,100,50,148,16.7785,49.6644
4450,301,104,51,146,16.9435,48.5050
4451,300,104,46,150,15.3333,50.0000
4452,299,98,50,151,16.7224,50.5017
4453,300,98,52,150,17.3333,50.0000
4454,299,95,57,147,19.0635,49.1639
4455,299,97,56,146,18.7291,48.8294
4456,301,103,53,145,17.6080,48.1728
4457,301,100,57,144,18.9369,47.8405
4458,300,99,54,147,18.0000,49.0000
4459,300,101,52,147,17.3333,49.0000
4460,300,103,52,145,17.3333,48.3333
4461,299,107,48,144,16.0535,48.1605
4462,300,111,46,143,15.3333,47.6667
4463,299,108,48,143,16.0535,47.8261
4464,300,109,49,142,16.3333,47.3333
4465,299,109,47,143,15.7191,47.8261
4466,300,112,48,140,16.0000,46.6667
4467,299,113,50,136,16.7224,45.4849
4468,303,115,55,133,18.1518,43.8944
4469,303,116,53,134,17.4917,44.2244
4470,303,117,52,134,17.1617,44.2244
4471,303,122,51,130,16.8317,42.9043
4472,303,122,49,132,16.1716,43.5644
4473,301,122,45,134,14.9502,44.5183
4474,301,121,48,132,15.9468,43.8538
4475,301,122,46,133,15.2824,44.1860
4476,301,123,50,128,16.6113,42.5249
4477,301,120,52,129,17.2757,42.8571
4478,300,126,50,124,16.6667,41.3333
4479,300,126,49,125,16.3333,41.6667
4480,300,124,51,125,17.0000,41.6667
4481,300,127,51,122,17.0000,40.6667
4482,300,125,54,121,18.0000,40.3333
4483,300,122,56,122,18.6667,40.6667
4484,300,122,56,122,18.6667,40.6667
4485,299,125,56,118,18.7291,39.4649
4486,300,125,57,118,19.0000,39.3333
4487,300,122,59,119,19.6667,39.6667
4488,299,122,59,118,19.7324,39.4649
4489,302,124,59,119,19.5364,39.4040
4490,301,127,58,116,19.2691,38.5382
4491,300,123,62,115,20.6667,38.3333
4492,300,120,66,114,22.0000,38.0000
4493,300,118,68,114,22.6667,38.0000
4494,298,116,69,113,23.1544,37.9195
4495,298,118,70,110,23.4899,36.9128
4496,298,121,68,109,22.8188,36.5772
4497,301,121,68,112,22.5914,37.2093
4498,301,124,68,109,22.5914,36.2126
4499,301,123,71,107,23.5880,35.5482
4500,301,124,71,106,23.5880,35.2159
4501,300,124,73,103,24.3333,34.3333
4502,299,122,72,105,24.0803,35.1171
4503,299,126,73,100,24.4147,33.4448
4504,299,127,69,103,23.0769,34.4482
4505,302,131,67,104,22.1854,34.4371
4506,302,126,70,106,23.1788,35.0993
4507,301,119,74,108,24.5847,35.8804
4508,301,119,74,108,24.5847,35.8804
4509,300,116,72,112,24.0000,37.3333
4510,299,120,71,108,23.7458,36.1204
4511,301,126,67,108,22.2591,35.8804
4512,299,121,67,111,22.4080,37.1237
4513,300,124,65,111,21.6667,37.0000
4514,300,120,67,113,22.3333,37.6667
4515,298,117,66,115,22.1477,38.5906
4516,300,116,66,118,22.0000,39.3333
4517,300,114,69,117,23.0000,39.0000
4518,297,113,65,119,21.8855,40.0673
4519,298,108,71,119,23.8255,39.9329
4520,299,109,69,121,23.0769,40.4682
4521,299,111,69,119,23.0769,39.7993
4522,300,113,67,120,22.3333,40.0000
4523,299,114,68,117,22.7425,39.1304
4524,299,114,70,115,23.4114,38.4615
4525,301,117,71,113,23.5880,37.5415
4526,301,115,73,113,24.2525,37.5415
4527,296,118,68,110,22.9730,37.1622
4528,296,114,67,115,22.6351,38.8514
4529,296,116,65,115,21.9595,38.8514
4530,297,113,70,114,23.5690,38.3838
4531,298,114,70,114,23.4899,38.2550
4532,300,113,71,116,23.6667,38.6667
4533,300,112,69,119,23.0000,39.6667
4534,300,111,67,122,22.3333,40.6667
4535,298,111,67,120,22.4832,40.2685
4536,300,113,66,121,22.0000,40.3333
4537,299,113,62,124,20.7358,41.4716
4538,301,109,66,126,21.9269,41.8605
4539,300,111,63,126,21.0000,42.0000
4540,298,111,61,126,20.4698,42.2819
4541,298,113,61,124,20.4698,41.6107
4542,299,114,60,125,20.0669,41.8060
4543,300,116,58,126,19.3333,42.0000
4544,299,112,62,125,20.7358,41.8060
4545,299,111,61,127,20.4013,42.4749
4546,301,115,57,129,18.9369,42.8571
4547,300,112,59,129,19.6667,43.0000
4548,298,114,57,127,19.1275,42.6174
4549,298,114,59,125,19.7987,41.9463
4550,302,114,61,127,20.1987,42.0530
4551,300,113,59,128,19.6667,42.6667
4552,299,113,58,128,19.3980,42.8094
4553,302,116,58,128,19.2053,42.3841
4554,302,116,58,128,19.2053,42.3841
4555,300,111,59,130,19.6667,43.3333
4556,299,113,59,127,19.7324,42.4749
4557,299,111,63,125,21.0702,41.8060
4558,300,114,59,127,19.6667,42.3333
4559,300,115,57,128,19.0000,42.6667
4560,300,114,59,127,19.6667,42.3333
4561,300,113,63,124,21.0000,41.3333
4562,299,108,67,124,22.4080,41.4716
4563,300,109,69,122,23.0000,40.6667
4564,299,109,72,118,24.0803,39.4649
4565,304,114,67,123,22.0395,40.4605
4566,304,114,70,120,23.0263,39.4737
4567,304,113,71,120,23.3553,39.4737
4568,304,114,71,119,23.3553,39.1447
4569,304,112,73,119,24.0132,39.1447
4570,299,110,71,118,23.7458,39.4649
4571,299,108,70,121,23.4114,40.4682
4572,303,109,73,121,24.0924,39.9340
4573,302,105,78,119,25.8278,39.4040
4574,301,100,82,119,27.2425,39.5349
4575,300,98,80,122,26.6667,40.6667
4576,300,96,80,124,26.6667,41.3333
4577,299,95,82,122,27.4247,40.8027
4578,302,98,79,125,26.1589,41.3907
4579,301,98,79,124,26.2458,41.1960
4580,300,97,84,119,28.0000,39.6667
4581,298,98,81,119,27.1812,39.9329
4582,297,98,75,124,25.2525,41.7508
4583,302,104,75,123,24.8344,40.7285
4584,299,105,72,122,24.0803,40.8027
4585,300,109,71,120,23.6667,40.0000
4586,299,110,71,118,23.7458,39.4649
4587,302,115,67,120,22.1854,39.7351
4588,302,108,75,119,24.8344,39.4040
4589,302,110,73,119,24.1722,39.4040
4590,301,109,72,120,23.9203,39.8671
4591,299,108,71,120,23.7458,40.1338
4592,302,110,72,120,23.8411,39.7351
4593,301,107,70,124,23.2558,41.1960
4594,301,107,69,125,22.9236,41.5282
4595,299,103,68,128,22.7425,42.8094
4596,302,103,70,129,23.1788,42.7152
4597,298,102,68,128,22.8188,42.9530
4598,303,106,72,125,23.7624,41.2541
4599,302,105,72,125,23.8411,41.3907
4600,301,100,76,125,25.2492,41.5282
4601,300,102,71,127,23.6667,42.3333
4602,300,101,75,124,25.0000,41.3333
4603,300,99,76,125,25.3333,41.6667
4604,298,97,78,123,26.1745,41.2752
4605,299,97,80,122,26.7559,40.8027
4606,303,97,82,124,27.0627,40.9241
4607,303,96,85,122,28.0528,40.2640
4608,299,92,82,125,27.4247,41.8060
4609,300,91,82,127,27.3333,42.3333
4610,299,92,82,125,27.4247,41.8060
4611,297,92,81,124,27.2727,41.7508
4612,295,93,78,124,26.4407,42.0339
4613,297,94,77,126,25.9259,42.4242
4614,302,97,77,128,25.4967,42.3841
4615,302,97,74,131,24.5033,43.3775
4616,301,89,78,134,25.9136,44.5183
4617,300,95,75,130,25.0000,43.3333
4618,298,93,70,135,23.4899,45.3020
4619,298,95,70,133,23.4899,44.6309
4620,300,98,67,135,22.3333,45.0000
4621,299,96,67,136,22.4080,45.4849
4622,301,100,65,136,21.5947,45.1827
4623,300,99,66,135,22.0000,45.0000
4624,299,98,67,134,22.4080,44.8161
4625,298,98,63,137,21.1409,45.9732
4626,300,103,62,135,20.6667,45.0000
4627,297,103,57,137,19.1919,46.1279
4628,300,104,60,136,20.0000,45.3333
4629,299,103,57,139,19.0635,46.4883
4630,302,109,58,135,19.2053,44.7020
4631,302,109,55,138,18.2119,45.6954
4632,302,105,57,140,18.8742,46.3576
4633,302,107,55,140,18.2119,46.3576
4634,301,107,59,135,19.6013,44.8505
4635,300,107,57,136,19.0000,45.3333
4636,299,109,53,137,17.7258,45.8194
4637,302,112,50,140,16.5563,46.3576
4638,301,114,47,140,15.6146,46.5116
4639,301,114,50,137,16.6113,45.5150
4640,301,114,50,137,16.6113,45.5150
4641,300,116,49,135,16.3333,45.0000
4642,299,117,49,133,16.3880,44.4816
4643,301,122,47,132,15.6146,43.8538
4644,301,122,48,131,15.9468,43.5216
4645,300,126,47,127,15.6667,42.3333
4646,299,128,47,124,15.7191,41.4716
4647,298,133,46,119,15.4362,39.9329
4648,302,137,43,122,14.2384,40.3974
4649,302,138,42,122,13.9073,40.3974
4650,301,134,44,123,14.6179,40.8638
4651,301,135,43,123,14.2857,40.8638
4652,300,132,45,123,15.0000,41.0000
4653,300,136,42,122,14.0000,40.6667
4654,300,135,41,124,13.6667,41.3333
4655,299,138,37,124,12.3746,41.4716
4656,302,139,39,124,12.9139,41.0596
4657,301,139,37,125,12.2924,41.5282
4658,301,141,38,122,12.6246,40.5316
4659,301,138,40,123,13.2890,40.8638
4660,301,141,37,123,12.2924,40.8638
4661,301,142,37,122,12.2924,40.5316
4662,301,139,42,120,13.9535,39.8671
4663,300,139,42,119,14.0000,39.6667
4664,300,137,43,120,14.3333,40.0000
4665,300,136,45,119,15.0000,39.6667
4666,299,135,48,116,16.0535,38.7960
4667,299,136,49,114,16.3880,38.1271
4668,300,140,48,112,16.0000,37.3333
4669,299,140,51,108,17.0569,36.1204
4670,299,144,49,106,16.3880,35.4515
4671,303,148,49,106,16.1716,34.9835
4672,303,151,48,104,15.8416,34.3234
4673,303,148,51,104,16.8317,34.3234
4674,302,146,53,103,17.5497,34.1060
4675,302,144,58,100,19.2053,33.1126
4676,302,141,61,100,20.1987,33.1126
4677,301,141,63,97,20.9302,32.2259
4678,301,133,70,98,23.2558,32.5581
4679,301,136,71,94,23.5880,31.2292
4680,300,135,72,93,24.0000,31.0000
4681,300,132,76,92,25.3333,30.6667
4682,299,130,76,93,25.4181,31.1037
4683,299,127,81,91,27.0903,30.4348
4684,301,129,81,91,26.9103,30.2326
4685,300,129,79,92,26.3333,30.6667
4686,299,124,80,95,26.7559,31.7726
4687,301,125,80,96,26.5781,31.8937
4688,301,125,80,96,26.5781,31.8937
4689,301,122,87,92,28.9037,30.5648
4690,299,119,88,92,29.4314,30.7692
4691,304,117,95,92,31.2500,30.2632
4692,304,112,99,93,32.5658,30.5921
4693,304,109,103,92,33.8816,30.2632
4694,303,106,102,95,33.6634,31.3531
4695,302,107,97,98,32.1192,32.4503
4696,301,103,98,100,32.5581,33.2226
4697,300,100,100,100,33.3333,33.3333
4698,299,98,96,105,32.1070,35.1171
4699,299,92,98,109,32.7759,36.4548
4700,301,95,100,106,33.2226,35.2159
4701,300,92,99,109,33.0000,36.3333
4702,300,91,98,111,32.6667,37.0000
4703,299,90,97,112,32.4415,37.4582
4704,298,85,98,115,32.8859,38.5906
4705,300,83,101,116,33.6667,38.6667
4706,298,83,99,116,33.2215,38.9262
4707,298,84,98,116,32.8859,38.9262
4708,298,80,101,117,33.8926,39.2617
4709,301,81,99,121,32.8904,40.1993
4710,298,80,93,125,31.2081,41.9463
4711,299,78,92,129,30.7692,43.1438
4712,300,83,85,132,28.3333,44.0000
4713,299,80,86,133,28.7625,44.4816
4714,298,80,82,136,27.5168,45.6376
4715,298,80,81,137,27.1812,45.9732
4716,301,84,79,138,26.2458,45.8472
4717,301,81,82,138,27.2425,45.8472
4718,300,79,80,141,26.6667,47.0000
4719,299,79,76,144,25.4181,48.1605
4720,300,80,73,147,24.3333,49.0000
4721,300,77,71,152,23.6667,50.6667
4722,299,78,67,154,22.4080,51.5050
4723,300,77,71,152,23.6667,50.6667
4724,298,75,67,156,22.4832,52.3490
4725,301,79,63,159,20.9302,52.8239
4726,301,78,62,161,20.5980,53.4884
4727,300,77,59,164,19.6667,54.6667
4728,300,77,57,166,19.0000,55.3333
4729,300,74,56,170,18.6667,56.6667
4730,299,74,55,170,18.3946,56.8562
4731,301,77,54,170,17.9402,56.4784
4732,300,78,49,173,16.3333,57.6667
4733,300,80,45,175,15.0000,58.3333
4734,299,80,45,174,15.0502,58.1940
4735,303,86,42,175,13.8614,57.7558
4736,303,87,42,174,13.8614,57.4257
4737,302,89,40,173,13.2450,57.2848
4738,299,92,35,172,11.7057,57.5251
4739,302,95,37,170,12.2517,56.2914
4740,302,96,38,168,12.5828,55.6291
4741,302,97,36,169,11.9205,55.9603
4742,301,97,35,169,11.6279,56.1462
4743,300,99,31,170,10.3333,56.6667
4744,299,101,26,172,8.6957,57.5251
4745,301,103,24,174,7.9734,57.8073
4746,301,107,23,171,7.6412,56.8106
4747,300,112,22,166,7.3333,55.3333
4748,300,115,21,164,7.0000,54.6667
4749,300,117,20,163,6.6667,54.3333
4750,299,122,17,160,5.6856,53.5117
4751,299,124,18,157,6.0201,52.5084
4752,306,133,17,156,5.5556,50.9804
4753,306,138,17,151,5.5556,49.3464
4754,306,140,19,147,6.2092,48.0392
4755,306,142,18,146,5.8824,47.7124
4756,305,144,19,142,6.2295,46.5574
4757,305,149,19,137,6.2295,44.9180
4758,305,151,17,137,5.5738,44.9180
4759,305,151,18,136,5.9016,44.5902
4760,304,152,15,137,4.9342,45.0658
4761,304,157,14,133,4.6053,43.7500
4762,304,161,14,129,4.6053,42.4342
4763,304,166,14,124,4.6053,40.7895
4764,304,171,16,117,5.2632,38.4868
4765,304,173,16,115,5.2632,37.8289
4766,304,173,19,112,6.2500,36.8421
4767,303,174,20,109,6.6007,35.9736
4768,303,178,20,105,6.6007,34.6535
4769,303,177,22,104,7.2607,34.3234
4770,303,178,24,101,7.9208,33.3333
4771,303,181,24,98,7.9208,32.3432
4772,303,183,26,94,8.5809,31.0231
4773,303,184,30,89,9.9010,29.3729
4774,303,185,33,85,10.8911,28.0528
4775,302,183,34,85,11.2583,28.1457
4776,301,187,33,81,10.9635,26.9103
4777,301,191,34,76,11.2957,25.2492
4778,301,192,36,73,11.9601,24.2525
4779,300,190,38,72,12.6667,24.0000
4780,300,189,42,69,14.0000,23.0000
4781,300,191,44,65,14.6667,21.6667
4782,300,188,48,64,16.0000,21.3333
4783,300,186,51,63,17.0000,21.0000
4784,300,187,54,59,18.0000,19.6667
4785,299,184,59,56,19.7324,18.7291
4786,301,180,64,57,21.2625,18.9369
4787,300,178,68,54,22.6667,18.0000
4788,300,174,72,54,24.0000,18.0000
4789,298,173,73,52,24.4966,17.4497
4790,301,171,77,53,25.5814,17.6080
4791,300,163,84,53,28.0000,17.6667
4792,299,156,91,52,30.4348,17.3913
4793,303,154,98,51,32.3432,16.8317
4794,298,145,103,50,34.5638,16.7785
4795,300,141,110,49,36.6667,16.3333
4796,299,143,109,47,36.4548,15.7191
4797,302,135,122,45,40.3974,14.9007
4798,302,128,129,45,42.7152,14.9007
4799,302,120,134,48,44.3709,15.8940
4800,301,118,131,52,43.5216,17.2757
4801,301,111,138,52,45.8472,17.2757
4802,301,105,142,54,47.1761,17.9402
4803,301,93,151,57,50.1661,18.9369
4804,299,88,152,59,50.8361,19.7324
4805,298,85,153,60,51.3423,20.1342
4806,295,83,147,65,49.8305,22.0339
4807,296,80,148,68,50.0000,22.9730
4808,296,79,145,72,48.9865,24.3243
4809,296,79,141,76,47.6351,25.6757
4810,294,73,142,79,48.2993,26.8707
4811,294,75,138,81,46.9388,27.5510
4812,293,78,129,86,44.0273,29.3515
4813,296,80,125,91,42.2297,30.7432
4814,296,81,115,100,38.8514,33.7838
4815,296,82,113,101,38.1757,34.1216
4816,295,81,109,105,36.9492,35.5932
4817,295,79,106,110,35.9322,37.2881
4818,293,79,97,117,33.1058,39.9317
4819,290,76,90,124,31.0345,42.7586
4820,290,72,93,125,32.0690,43.1034
4821,290,72,88,130,30.3448,44.8276
4822,290,73,83,134,28.6207,46.2069
4823,289,71,74,144,25.6055,49.8270
4824,291,75,66,150,22.6804,51.5464
4825,292,71,69,152,23.6301,52.0548
4826,293,72,67,154,22.8669,52.5597
4827,296,75,64,157,21.6216,53.0405
4828,296,76,59,161,19.9324,54.3919
4829,301,76,63,162,20.9302,53.8206
4830,301,76,60,165,19.9336,54.8173
4831,300,76,55,169,18.3333,56.3333
4832,300,75,56,169,18.6667,56.3333
4833,299,70,59,170,19.7324,56.8562
4834,297,68,59,170,19.8653,57.2391
4835,300,70,60,170,20.0000,56.6667
4836,300,66,62,172,20.6667,57.3333
4837,298,66,58,174,19.4631,58.3893
4838,299,69,55,175,18.3946,58.5284
4839,300,66,57,177,19.0000,59.0000
4840,299,65,54,180,18.0602,60.2007
4841,301,67,52,182,17.2757,60.4651
4842,300,69,51,180,17.0000,60.0000
4843,300,70,46,184,15.3333,61.3333
4844,300,65,50,185,16.6667,61.6667
4845,299,65,48,186,16.0535,62.2074
4846,301,66,45,190,14.9502,63.1229
4847,300,67,45,188,15.0000,62.6667
4848,300,69,44,187,14.6667,62.3333
4849,298,68,41,189,13.7584,63.4228
4850,300,70,41,189,13.6667,63.0000
4851,300,73,39,188,13.0000,62.6667
4852,300,77,41,182,13.6667,60.6667
4853,300,76,41,183,13.6667,61.0000
4854,297,79,36,182,12.1212,61.2795
4855,299,84,34,181,11.3712,60.5351
4856,299,84,33,182,11.0368,60.8696
4857,299,85,31,183,10.3679,61.2040
4858,303,94,31,178,10.2310,58.7459
4859,302,98,29,175,9.6026,57.9470
4860,301,101,28,172,9.3023,57.1429
4861,301,105,27,169,8.9701,56.1462
4862,301,108,26,167,8.6379,55.4817
4863,301,111,27,163,8.9701,54.1528
4864,299,115,28,156,9.3645,52.1739
4865,307,128,26,153,8.4691,49.8371
4866,306,135,26,145,8.4967,47.3856
4867,306,136,27,143,8.8235,46.7320
4868,306,139,27,140,8.8235,45.7516
4869,306,142,28,136,9.1503,44.4444
4870,305,146,30,129,9.8361,42.2951
4871,305,152,31,122,10.1639,40.0000
4872,304,152,30,122,9.8684,40.1316
4873,304,156,31,117,10.1974,38.4868
4874,303,159,31,113,10.2310,37.2937
4875,301,170,29,102,9.6346,33.8870
4876,301,175,29,97,9.6346,32.2259
4877,301,176,29,96,9.6346,31.8937
4878,301,177,30,94,9.9668,31.2292
4879,300,180,29,91,9.6667,30.3333
4880,300,183,32,85,10.6667,28.3333
4881,300,179,36,85,12.0000,28.3333
4882,300,180,37,83,12.3333,27.6667
4883,300,185,37,78,12.3333,26.0000
4884,300,179,41,80,13.6667,26.6667
4885,299,177,41,81,13.7124,27.0903
4886,302,176,43,83,14.2384,27.4834
4887,302,173,46,83,15.2318,27.4834
4888,301,171,49,81,16.2791,26.9103
4889,300,173,47,80,15.6667,26.6667
4890,299,172,49,78,16.3880,26.0870
4891,302,175,50,77,16.5563,25.4967
4892,302,173,55,74,18.2119,24.5033
4893,302,173,56,73,18.5430,24.1722
4894,301,171,57,73,18.9369,24.2525
4895,301,175,57,69,18.9369,22.9236
4896,301,175,57,69,18.9369,22.9236
4897,301,172,62,67,20.5980,22.2591
4898,299,173,64,62,21.4047,20.7358
4899,301,173,65,63,21.5947,20.9302
4900,300,164,74,62,24.6667,20.6667
4901,300,165,72,63,24.0000,21.0000
4902,299,160,74,65,24.7492,21.7391
4903,298,152,83,63,27.8523,21.1409
4904,298,149,83,66,27.8523,22.1477
4905,300,148,86,66,28.6667,22.0000
4906,299,148,83,68,27.7592,22.7425
4907,299,150,82,67,27.4247,22.4080
4908,300,147,86,67,28.6667,22.3333
4909,299,146,87,66,29.0970,22.0736
4910,300,144,89,67,29.6667,22.3333
4911,300,141,90,69,30.0000,23.0000
4912,300,136,94,70,31.3333,23.3333
4913,300,131,94,75,31.3333,25.0000
4914,299,127,97,75,32.4415,25.0836
4915,299,123,100,76,33.4448,25.4181
4916,303,123,102,78,33.6634,25.7426
4917,303,121,106,76,34.9835,25.0825
4918,301,121,101,79,33.5548,26.2458
4919,301,118,103,80,34.2193,26.5781
4920,300,117,99,84,33.0000,28.0000
4921,297,115,97,85,32.6599,28.6195
4922,296,113,95,88,32.0946,29.7297
4923,298,113,88,97,29.5302,32.5503
4924,302,117,85,100,28.1457,33.1126
4925,302,112,89,101,29.4702,33.4437
4926,300,107,88,105,29.3333,35.0000
4927,300,102,92,106,30.6667,35.3333
4928,295,101,87,107,29.4915,36.2712
4929,298,105,83,110,27.8523,36.9128
4930,299,104,82,113,27.4247,37.7926
4931,300,102,81,117,27.0000,39.0000
4932,300,101,78,121,26.0000,40.3333
4933,297,97,76,124,25.5892,41.7508
4934,296,95,72,129,24.3243,43.5811
4935,300,97,69,134,23.0000,44.6667
4936,299,98,67,134,22.4080,44.8161
4937,300,102,63,135,21.0000,45.0000
4938,300,102,63,135,21.0000,45.0000
4939,299,100,63,136,21.0702,45.4849
4940,301,101,62,138,20.5980,45.8472
4941,300,102,61,137,20.3333,45.6667
4942,300,103,56,141,18.6667,47.0000
4943,299,98,58,143,19.3980,47.8261
4944,302,99,59,144,19.5364,47.6821
4945,301,97,61,143,20.2658,47.5083
4946,300,93,58,149,19.3333,49.6667
4947,300,94,56,150,18.6667,50.0000
4948,297,95,51,151,17.1717,50.8418
4949,301,93,54,154,17.9402,51.1628
4950,300,90,54,156,18.0000,52.0000
4951,300,89,52,159,17.3333,53.0000
4952,300,88,53,159,17.6667,53.0000
4953,298,89,50,159,16.7785,53.3557
4954,299,93,50,156,16.7224,52.1739
4955,299,94,47,158,15.7191,52.8428
4956,301,100,45,156,14.9502,51.8272
4957,301,102,45,154,14.9502,51.1628
4958,300,106,44,150,14.6667,50.0000
4959,300,107,43,150,14.3333,50.0000
4960,299,107,42,150,14.0468,50.1672
4961,298,107,42,149,14.0940,50.0000
4962,298,104,46,148,15.4362,49.6644
4963,298,110,44,144,14.7651,48.3221
4964,299,114,40,145,13.3779,48.4950
4965,300,122,36,142,12.0000,47.3333
4966,298,123,33,142,11.0738,47.6510
4967,301,125,34,142,11.2957,47.1761
4968,301,127,34,140,11.2957,46.5116
4969,301,125,33,143,10.9635,47.5083
4970,300,128,32,140,10.6667,46.6667
4971,299,125,32,142,10.7023,47.4916
4972,303,134,32,137,10.5611,45.2145
4973,303,136,30,137,9.9010,45.2145
4974,303,138,30,135,9.9010,44.5545
4975,302,144,31,127,10.2649,42.0530
4976,302,148,31,123,10.2649,40.7285
4977,302,146,35,121,11.5894,40.0662
4978,302,147,37,118,12.2517,39.0728
4979,302,146,40,116,13.2450,38.4106
4980,302,145,41,116,13.5762,38.4106
4981,301,148,39,114,12.9568,37.8738
4982,300,149,40,111,13.3333,37.0000
4983,300,153,38,109,12.6667,36.3333
4984,300,154,40,106,13.3333,35.3333
4985,300,157,40,103,13.3333,34.3333
4986,300,158,45,97,15.0000,32.3333
4987,300,161,46,93,15.3333,31.0000
4988,300,162,44,94,14.6667,31.3333
4989,299,161,46,92,15.3846,30.7692
4990,306,166,50,90,16.3399,29.4118
4991,305,159,54,92,17.7049,30.1639
4992,305,154,61,90,20.0000,29.5082
4993,305,153,62,90,20.3279,29.5082
4994,305,155,65,85,21.3115,27.8689
4995,305,153,67,85,21.9672,27.8689
4996,305,151,70,84,22.9508,27.5410
4997,304,143,77,84,25.3289,27.6316
4998,302,147,77,78,25.4967,25.8278
4999,300,145,79,76,26.3333,25.3333
5000,299,140,81,78,27.0903,26.0870
5001,301,136,89,76,29.5681,25.2492
5002,300,129,94,77,31.3333,25.6667
5003,300,129,98,73,32.6667,24.3333
5004,300,127,99,74,33.0000,24.6667
5005,300,124,104,72,34.6667,24.0000
5006,300,119,108,73,36.0000,24.3333
5007,296,117,104,75,35.1351,25.3378
5008,296,112,109,75,36.8243,25.3378
5009,300,108,116,76,38.6667,25.3333
5010,298,103,115,80,38.5906,26.8456
5011,298,104,112,82,37.5839,27.5168
5012,297,104,109,84,36.7003,28.2828
5013,300,105,106,89,35.3333,29.6667
5014,300,99,109,92,36.3333,30.6667
5015,299,92,112,95,37.4582,31.7726
5016,301,91,116,94,38.5382,31.2292
5017,300,91,112,97,37.3333,32.3333
5018,299,90,111,98,37.1237,32.7759
5019,299,89,108,102,36.1204,34.1137
5020,300,86,108,106,36.0000,35.3333
5021,295,90,101,104,34.2373,35.2542
5022,294,85,97,112,32.9932,38.0952
5023,294,84,96,114,32.6531,38.7755
5024,297,82,98,117,32.9966,39.3939
5025,298,84,98,116,32.8859,38.9262
5026,296,85,93,118,31.4189,39.8649
5027,295,84,93,118,31.5254,40.0000
5028,296,83,91,122,30.7432,41.2162
5029,300,83,85,132,28.3333,44.0000
5030,300,80,84,136,28.0000,45.3333
5031,300,79,81,140,27.0000,46.6667
5032,298,77,82,139,27.5168,46.6443
5033,298,74,84,140,28.1879,46.9799
5034,298,73,80,145,26.8456,48.6577
5035,300,76,80,144,26.6667,48.0000
5036,298,73,77,148,25.8389,49.6644
5037,299,74,75,150,25.0836,50.1672
5038,300,74,73,153,24.3333,51.0000
5039,299,75,69,155,23.0769,51.8395
5040,304,80,69,155,22.6974,50.9868
5041,303,77,71,155,23.4323,51.1551
5042,303,73,73,157,24.0924,51.8152
5043,300,74,67,159,22.3333,53.0000
5044,300,73,66,161,22.0000,53.6667
5045,300,73,64,163,21.3333,54.3333
5046,299,73,59,167,19.7324,55.8528
5047,299,74,59,166,19.7324,55.5184
5048,301,74,61,166,20.2658,55.1495
5049,299,73,57,169,19.0635,56.5217
5050,301,71,60,170,19.9336,56.4784
5051,301,69,58,174,19.2691,57.8073
5052,301,72,58,171,19.2691,56.8106
5053,301,71,53,177,17.6080,58.8040
5054,300,74,49,177,16.3333,59.0000
5055,298,72,47,179,15.7718,60.0671
5056,301,75,44,182,14.6179,60.4651
5057,299,73,45,181,15.0502,60.5351
5058,302,76,44,182,14.5695,60.2649
5059,302,80,43,179,14.2384,59.2715
5060,302,81,40,181,13.2450,59.9338
5061,302,82,38,182,12.5828,60.2649
5062,301,85,36,180,11.9601,59.8007
5063,300,86,33,181,11.0000,60.3333
5064,300,91,32,177,10.6667,59.0000
5065,300,94,32,174,10.6667,58.0000
5066,300,95,34,171,11.3333,57.0000
5067,300,98,32,170,10.6667,56.6667
5068,300,99,32,169,10.6667,56.3333
5069,297,104,29,164,9.7643,55.2189
5070,304,113,28,163,9.2105,53.6184
5071,303,118,24,161,7.9208,53.1353
5072,303,121,24,158,7.9208,52.1452
5073,302,122,23,157,7.6159,51.9868
5074,302,132,23,147,7.6159,48.6755
5075,302,136,23,143,7.6159,47.3510
5076,301,139,21,141,6.9767,46.8439
5077,301,141,19,141,6.3123,46.8439
5078,300,143,18,139,6.0000,46.3333
5079,300,143,18,139,6.0000,46.3333
5080,300,145,20,135,6.6667,45.0000
5081,300,154,21,125,7.0000,41.6667
5082,300,158,21,121,7.0000,40.3333
5083,299,160,20,119,6.6890,39.7993
5084,303,161,23,119,7.5908,39.2739
5085,303,162,25,116,8.2508,38.2838
5086,303,166,25,112,8.2508,36.9637
5087,302,166,24,112,7.9470,37.0861
5088,302,170,25,107,8.2781,35.4305
5089,302,172,24,106,7.9470,35.0993
5090,302,175,24,103,7.9470,34.1060
5091,302,178,23,101,7.6159,33.4437
5092,302,179,24,99,7.9470,32.7815
5093,302,176,27,99,8.9404,32.7815
5094,302,179,27,96,8.9404,31.7881
5095,302,179,32,91,10.5960,30.1325
5096,302,179,34,89,11.2583,29.4702
5097,302,181,35,86,11.5894,28.4768
5098,302,184,35,83,11.5894,27.4834
5099,302,186,35,81,11.5894,26.8212
5100,301,184,35,82,11.6279,27.2425
5101,301,185,38,78,12.6246,25.9136
5102,301,183,41,77,13.6213,25.5814
5103,300,185,40,75,13.3333,25.0000
5104,300,184,42,74,14.0000,24.6667
5105,298,191,36,71,12.0805,23.8255
5106,302,192,41,69,13.5762,22.8477
5107,302,190,43,69,14.2384,22.8477
5108,301,188,48,65,15.9468,21.5947
5109,301,183,53,65,17.6080,21.5947
5110,301,181,57,63,18.9369,20.9302
5111,301,176,62,63,20.5980,20.9302
5112,301,173,67,61,22.2591,20.2658
5113,300,165,74,61,24.6667,20.3333
5114,300,162,78,60,26.0000,20.0000
5115,299,160,82,57,27.4247,19.0635
5116,298,154,85,59,28.5235,19.7987
5117,302,153,91,58,30.1325,19.2053
5118,302,146,98,58,32.4503,19.2053
5119,302,133,112,57,37.0861,18.8742
5120,302,131,113,58,37.4172,19.2053
5121,301,123,121,57,40.1993,18.9369
5122,301,118,125,58,41.5282,19.2691
5123,301,116,127,58,42.1927,19.2691
5124,301,108,133,60,44.1860,19.9336
5125,301,102,139,60,46.1794,19.9336
5126,300,99,140,61,46.6667,20.3333
5127,299,95,138,66,46.1538,22.0736
5128,300,90,142,68,47.3333,22.6667
5129,299,87,142,70,47.4916,23.4114
5130,297,83,141,73,47.4747,24.5791
5131,300,80,143,77,47.6667,25.6667
5132,298,76,139,83,46.6443,27.8523
5133,301,76,138,87,45.8472,28.9037
5134,298,72,133,93,44.6309,31.2081
5135,300,73,132,95,44.0000,31.6667
5136,299,71,129,99,43.1438,33.1104
5137,299,69,122,108,40.8027,36.1204
5138,299,65,122,112,40.8027,37.4582
5139,296,65,112,119,37.8378,40.2027
5140,297,66,104,127,35.0168,42.7609
5141,295,68,98,129,33.2203,43.7288
5142,295,71,90,134,30.5085,45.4237
5143,294,73,84,137,28.5714,46.5986
5144,294,72,81,141,27.5510,47.9592
5145,295,72,74,149,25.0847,50.5085
5146,297,75,72,150,24.2424,50.5051
5147,299,74,71,154,23.7458,51.5050
5148,300,73,69,158,23.0000,52.6667
5149,298,71,65,162,21.8121,54.3624
5150,296,69,62,165,20.9459,55.7432
5151,299,69,59,171,19.7324,57.1906
5152,301,74,53,174,17.6080,57.8073
5153,300,73,51,176,17.0000,58.6667
5154,299,74,45,180,15.0502,60.2007
5155,302,75,48,179,15.8940,59.2715
5156,302,74,45,183,14.9007,60.5960
5157,301,75,45,181,14.9502,60.1329
5158,300,74,39,187,13.0000,62.3333
5159,300,75,39,186,13.0000,62.0000
5160,298,73,39,186,13.0872,62.4161
5161,299,72,42,185,14.0468,61.8729
5162,302,75,41,186,13.5762,61.5894
5163,302,74,43,185,14.2384,61.2583
5164,302,74,43,185,14.2384,61.2583
5165,297,75,38,184,12.7946,61.9529
5166,299,77,39,183,13.0435,61.2040
5167,305,84,39,182,12.7869,59.6721
5168,304,86,37,181,12.1711,59.5395
5169,302,86,34,182,11.2583,60.2649
5170,301,86,33,182,10.9635,60.4651
5171,300,86,30,184,10.0000,61.3333
5172,300,87,29,184,9.6667,61.3333
5173,300,85,31,184,10.3333,61.3333
5174,300,88,31,181,10.3333,60.3333
5175,299,90,29,180,9.6990,60.2007
5176,300,94,27,179,9.0000,59.6667
5177,300,95,26,179,8.6667,59.6667
5178,300,96,24,180,8.0000,60.0000
5179,297,101,22,174,7.4074,58.5859
5180,300,107,21,172,7.0000,57.3333
5181,299,111,18,170,6.0201,56.8562
5182,304,119,18,167,5.9211,54.9342
5183,303,123,18,162,5.9406,53.4653
5184,303,129,16,158,5.2805,52.1452
5185,303,132,16,155,5.2805,51.1551
5186,303,137,17,149,5.6106,49.1749
5187,302,141,15,146,4.9669,48.3444
5188,302,145,16,141,5.2980,46.6887
5189,301,153,15,133,4.9834,44.1860
5190,301,158,16,127,5.3156,42.1927
5191,301,165,17,119,5.6478,39.5349
5192,301,171,17,113,5.6478,37.5415
5193,301,175,15,111,4.9834,36.8771
5194,300,178,16,106,5.3333,35.3333
5195,300,183,16,101,5.3333,33.6667
5196,300,184,18,98,6.0000,32.6667
5197,300,192,19,89,6.3333,29.6667
5198,300,192,20,88,6.6667,29.3333
5199,300,194,22,84,7.3333,28.0000
5200,300,197,23,80,7.6667,26.6667
