tick,total,susceptible,infected,immune,pct_infected,pct_immune
0,150,59,10,81,6.6667,54.0000
1,152,61,10,81,6.5789,53.2895
2,153,62,10,81,6.5359,52.9412
3,155,63,11,81,7.0968,52.2581
4,156,64,11,81,7.0513,51.9231
5,158,66,11,81,6.9620,51.2658
6,160,67,12,81,7.5000,50.6250
7,163,70,12,81,7.3620,49.6933
8,164,71,12,81,7.3171,49.3902
9,168,74,13,81,7.7381,48.2143
10,168,73,14,81,8.3333,48.2143
11,169,73,15,81,8.8757,47.9290
12,172,75,16,81,9.3023,47.0930
13,175,77,17,81,9.7143,46.2857
14,178,80,17,81,9.5506,45.5056
15,179,79,19,81,10.6145,45.2514
16,179,77,21,81,11.7318,45.2514
17,180,77,22,81,12.2222,45.0000
18,181,78,22,81,12.1547,44.7514
19,182,79,22,81,12.0879,44.5055
20,182,79,22,81,12.0879,44.5055
21,183,83,12,88,6.5574,48.0874
22,187,86,13,88,6.9519,47.0588
23,187,86,12,89,6.4171,47.5936
24,189,88,12,89,6.3492,47.0899
25,191,90,12,89,6.2827,46.5969
26,191,90,12,89,6.2827,46.5969
27,194,93,11,90,5.6701,46.3918
28,195,93,12,90,6.1538,46.1538
29,196,94,11,91,5.6122,46.4286
30,199,97,11,91,5.5276,45.7286
31,201,99,11,91,5.4726,45.2736
32,200,99,9,92,4.5000,46.0000
33,203,102,8,93,3.9409,45.8128
34,204,102,9,93,4.4118,45.5882
35,206,104,8,94,3.8835,45.6311
36,205,103,5,97,2.4390,47.3171
37,206,104,4,98,1.9417,47.5728
38,210,108,4,98,1.9048,46.6667
39,210,108,4,98,1.9048,46.6667
40,212,110,4,98,1.8868,46.2264
41,213,111,4,98,1.8779,46.0094
42,217,114,5,98,2.3041,45.1613
43,220,117,4,99,1.8182,45.0000
44,222,119,4,99,1.8018,44.5946
45,224,122,4,98,1.7857,43.7500
46,225,123,4,98,1.7778,43.5556
47,226,124,4,98,1.7699,43.3628
48,228,126,4,98,1.7544,42.9825
49,231,129,3,99,1.2987,42.8571
50,235,133,3,99,1.2766,42.1277
51,239,137,3,99,1.2552,41.4226
52,241,219,2,20,0.8299,8.2988
53,245,222,3,20,1.2245,8.1633
54,251,228,3,20,1.1952,7.9681
55,253,230,2,21,0.7905,8.3004
56,255,232,2,21,0.7843,8.2353
57,259,236,2,21,0.7722,8.1081
58,261,238,2,21,0.7663,8.0460
59,267,243,3,21,1.1236,7.8652
60,268,243,4,21,1.4925,7.8358
61,275,250,4,21,1.4545,7.6364
62,277,252,3,22,1.0830,7.9422
63,277,251,4,22,1.4440,7.9422
64,277,251,4,22,1.4440,7.9422
65,279,253,4,22,1.4337,7.8853
66,283,256,5,22,1.7668,7.7739
67,285,256,7,22,2.4561,7.7193
68,289,258,9,22,3.1142,7.6125
69,289,258,9,22,3.1142,7.6125
70,292,257,13,22,4.4521,7.5342
71,295,259,14,22,4.7458,7.4576
72,300,258,20,22,6.6667,7.3333
73,300,261,23,16,7.6667,5.3333
74,300,260,24,16,8.0000,5.3333
75,300,253,32,15,10.6667,5.0000
76,300,251,34,15,11.3333,5.0000
77,300,247,38,15,12.6667,5.0000
78,300,242,43,15,14.3333,5.0000
79,300,235,51,14,17.0000,4.6667
80,300,232,52,16,17.3333,5.3333
81,300,222,63,15,21.0000,5.0000
82,300,216,69,15,23.0000,5.0000
83,300,207,78,15,26.0000,5.0000
84,300,201,84,15,28.0000,5.0000
85,300,195,91,14,30.3333,4.6667
86,300,188,98,14,32.6667,4.6667
87,300,182,102,16,34.0000,5.3333
88,300,180,107,13,35.6667,4.3333
89,299,170,116,13,38.7960,4.3478
90,300,162,124,14,41.3333,4.6667
91,299,153,130,16,43.4783,5.3512
92,300,146,136,18,45.3333,6.0000
93,300,137,139,24,46.3333,8.0000
94,300,129,144,27,48.0000,9.0000
95,299,120,150,29,50.1672,9.6990
96,299,110,155,34,51.8395,11.3712
97,300,105,160,35,53.3333,11.6667
98,300,100,158,42,52.6667,14.0000
99,298,94,156,48,52.3490,16.1074
100,298,87,160,51,53.6913,17.1141
101,296,84,160,52,54.0541,17.5676
102,293,77,156,60,53.2423,20.4778
103,293,74,155,64,52.9010,21.8430
104,290,71,149,70,51.3793,24.1379
105,290,66,151,73,52.0690,25.1724
106,291,67,146,78,50.1718,26.8041
107,288,60,147,81,51.0417,28.1250
108,287,60,141,86,49.1289,29.9652
109,285,54,140,91,49.1228,31.9298
110,280,52,132,96,47.1429,34.2857
111,277,51,123,103,44.4043,37.1841
112,273,49,115,109,42.1245,39.9267
113,274,49,112,113,40.8759,41.2409
114,274,52,101,121,36.8613,44.1606
115,273,49,99,125,36.2637,45.7875
116,272,51,86,135,31.6176,49.6324
117,274,53,80,141,29.1971,51.4599
118,274,51,76,147,27.7372,53.6496
119,276,52,75,149,27.1739,53.9855
120,277,51,69,157,24.9097,56.6787
121,280,53,65,162,23.2143,57.8571
122,281,54,60,167,21.3523,59.4306
123,283,54,56,173,19.7880,61.1307
124,285,56,54,175,18.9474,61.4035
125,285,60,46,179,16.1404,62.8070
126,285,61,43,181,15.0877,63.5088
127,286,61,40,185,13.9860,64.6853
128,284,62,36,186,12.6761,65.4930
129,283,61,34,188,12.0141,66.4311
130,282,61,30,191,10.6383,67.7305
131,287,66,29,192,10.1045,66.8990
132,290,70,28,192,9.6552,66.2069
133,290,68,29,193,10.0000,66.5517
134,293,71,28,194,9.5563,66.2116
135,294,73,26,195,8.8435,66.3265
136,297,75,27,195,9.0909,65.6566
137,299,77,27,195,9.0301,65.2174
138,303,81,25,197,8.2508,65.0165
139,303,82,26,195,8.5809,64.3564
140,302,79,27,196,8.9404,64.9007
141,302,78,26,198,8.6093,65.5629
142,302,78,26,198,8.6093,65.5629
143,302,78,26,198,8.6093,65.5629
144,302,79,26,197,8.6093,65.2318
145,302,84,27,191,8.9404,63.2450
146,302,87,27,188,8.9404,62.2517
147,302,89,27,186,8.9404,61.5894
148,302,88,32,182,10.5960,60.2649
149,302,87,31,184,10.2649,60.9272
150,302,92,31,179,10.2649,59.2715
151,302,97,32,173,10.5960,57.2848
152,302,100,30,172,9.9338,56.9536
153,302,102,28,172,9.2715,56.9536
154,302,109,28,165,9.2715,54.6358
155,302,112,29,161,9.6026,53.3113
156,302,119,27,156,8.9404,51.6556
157,302,122,26,154,8.6093,50.9934
158,302,125,28,149,9.2715,49.3377
159,302,127,28,147,9.2715,48.6755
160,302,128,30,144,9.9338,47.6821
161,302,132,27,143,8.9404,47.3510
162,302,135,29,138,9.6026,45.6954
163,301,140,29,132,9.6346,43.8538
164,301,144,30,127,9.9668,42.1927
165,300,146,30,124,10.0000,41.3333
166,300,153,32,115,10.6667,38.3333
167,300,157,32,111,10.6667,37.0000
168,300,164,33,103,11.0000,34.3333
169,300,170,28,102,9.3333,34.0000
170,299,173,28,98,9.3645,32.7759
171,301,172,33,96,10.9635,31.8937
172,301,177,34,90,11.2957,29.9003
173,301,178,38,85,12.6246,28.2392
174,301,183,38,80,12.6246,26.5781
175,300,187,39,74,13.0000,24.6667
176,300,187,40,73,13.3333,24.3333
177,300,188,44,68,14.6667,22.6667
178,299,185,47,67,15.7191,22.4080
179,300,190,47,63,15.6667,21.0000
180,299,187,49,63,16.3880,21.0702
181,302,190,52,60,17.2185,19.8675
182,300,188,55,57,18.3333,19.0000
183,299,184,58,57,19.3980,19.0635
184,302,189,56,57,18.5430,18.8742
185,301,188,57,56,18.9369,18.6047
186,301,183,61,57,20.2658,18.9369
187,301,175,68,58,22.5914,19.2691
188,301,172,70,59,23.2558,19.6013
189,301,168,73,60,24.2525,19.9336
190,301,162,80,59,26.5781,19.6013
191,301,160,78,63,25.9136,20.9302
192,300,156,80,64,26.6667,21.3333
193,298,151,85,62,28.5235,20.8054
194,300,152,86,62,28.6667,20.6667
195,300,150,89,61,29.6667,20.3333
196,298,145,92,61,30.8725,20.4698
197,301,140,97,64,32.2259,21.2625
198,300,133,100,67,33.3333,22.3333
199,300,130,102,68,34.0000,22.6667
200,298,120,110,68,36.9128,22.8188
201,298,117,112,69,37.5839,23.1544
202,297,107,119,71,40.0673,23.9057
203,298,99,123,76,41.2752,25.5034
204,298,96,125,77,41.9463,25.8389
205,302,99,126,77,41.7219,25.4967
206,302,96,127,79,42.0530,26.1589
207,299,90,126,83,42.1405,27.7592
208,298,87,126,85,42.2819,28.5235
209,299,85,128,86,42.8094,28.7625
210,299,81,125,93,41.8060,31.1037
211,300,80,125,95,41.6667,31.6667
212,300,77,127,96,42.3333,32.0000
213,299,78,124,97,41.4716,32.4415
214,301,77,122,102,40.5316,33.8870
215,299,74,121,104,40.4682,34.7826
216,304,78,121,105,39.8026,34.5395
217,302,70,120,112,39.7351,37.0861
218,300,64,118,118,39.3333,39.3333
219,300,63,115,122,38.3333,40.6667
220,296,64,107,125,36.1486,42.2297
221,295,64,105,126,35.5932,42.7119
222,291,65,95,131,32.6460,45.0172
223,289,63,88,138,30.4498,47.7509
224,293,65,85,143,29.0102,48.8055
225,293,66,81,146,27.6451,49.8294
226,294,64,81,149,27.5510,50.6803
227,298,66,81,151,27.1812,50.6711
228,299,67,77,155,25.7525,51.8395
229,301,69,72,160,23.9203,53.1561
230,299,64,73,162,24.4147,54.1806
231,296,62,70,164,23.6486,55.4054
232,296,61,68,167,22.9730,56.4189
233,298,62,68,168,22.8188,56.3758
234,299,61,66,172,22.0736,57.5251
235,299,61,64,174,21.4047,58.1940
236,300,62,65,173,21.6667,57.6667
237,300,60,60,180,20.0000,60.0000
238,299,61,55,183,18.3946,61.2040
239,299,61,54,184,18.0602,61.5385
240,302,65,55,182,18.2119,60.2649
241,301,65,51,185,16.9435,61.4618
242,300,65,49,186,16.3333,62.0000
243,299,68,49,182,16.3880,60.8696
244,300,72,48,180,16.0000,60.0000
245,300,73,45,182,15.0000,60.6667
246,300,72,45,183,15.0000,61.0000
247,300,72,42,186,14.0000,62.0000
248,300,72,41,187,13.6667,62.3333
249,299,74,39,186,13.0435,62.2074
250,301,78,36,187,11.9601,62.1262
251,299,80,31,188,10.3679,62.8763
252,300,82,30,188,10.0000,62.6667
253,299,85,27,187,9.0301,62.5418
254,301,88,28,185,9.3023,61.4618
255,301,92,26,183,8.6379,60.7973
256,300,95,24,181,8.0000,60.3333
257,297,95,21,181,7.0707,60.9428
258,298,97,23,178,7.7181,59.7315
259,300,100,23,177,7.6667,59.0000
260,300,101,25,174,8.3333,58.0000
261,299,99,27,173,9.0301,57.8595
262,302,107,28,167,9.2715,55.2980
263,302,109,28,165,9.2715,54.6358
264,302,111,29,162,9.6026,53.6424
265,302,115,30,157,9.9338,51.9868
266,302,119,29,154,9.6026,50.9934
267,302,119,32,151,10.5960,50.0000
268,302,121,31,150,10.2649,49.6689
269,301,127,30,144,9.9668,47.8405
270,301,132,30,139,9.9668,46.1794
271,301,135,30,136,9.9668,45.1827
272,301,139,31,131,10.2990,43.5216
273,301,144,32,125,10.6312,41.5282
274,300,149,30,121,10.0000,40.3333
275,300,151,35,114,11.6667,38.0000
276,300,154,37,109,12.3333,36.3333
277,300,154,39,107,13.0000,35.6667
278,300,155,40,105,13.3333,35.0000
279,300,154,39,107,13.0000,35.6667
280,300,157,38,105,12.6667,35.0000
281,298,157,37,104,12.4161,34.8993
282,300,161,38,101,12.6667,33.6667
283,300,161,38,101,12.6667,33.6667
284,299,164,37,98,12.3746,32.7759
285,301,164,40,97,13.2890,32.2259
286,301,165,44,92,14.6179,30.5648
287,301,167,44,90,14.6179,29.9003
288,301,163,46,92,15.2824,30.5648
289,301,168,48,85,15.9468,28.2392
290,301,170,50,81,16.6113,26.9103
291,301,170,53,78,17.6080,25.9136
292,300,164,58,78,19.3333,26.0000
293,299,163,61,75,20.4013,25.0836
294,304,164,67,73,22.0395,24.0132
295,302,161,66,75,21.8543,24.8344
296,302,157,66,79,21.8543,26.1589
297,301,156,68,77,22.5914,25.5814
298,300,157,68,75,22.6667,25.0000
299,300,156,69,75,23.0000,25.0000
300,300,154,72,74,24.0000,24.6667
301,298,151,72,75,24.1611,25.1678
302,303,153,79,71,26.0726,23.4323
303,302,148,84,70,27.8146,23.1788
304,302,139,94,69,31.1258,22.8477
305,302,135,98,69,32.4503,22.8477
306,302,132,97,73,32.1192,24.1722
307,301,129,100,72,33.2226,23.9203
308,301,126,102,73,33.8870,24.2525
309,301,123,104,74,34.5515,24.5847
310,301,114,110,77,36.5449,25.5814
311,300,109,114,77,38.0000,25.6667
312,299,104,116,79,38.7960,26.4214
313,300,106,112,82,37.3333,27.3333
314,300,103,114,83,38.0000,27.6667
315,297,100,112,85,37.7104,28.6195
316,297,95,114,88,38.3838,29.6296
317,297,94,114,89,38.3838,29.9663
318,300,97,114,89,38.0000,29.6667
319,299,93,116,90,38.7960,30.1003
320,298,92,115,91,38.5906,30.5369
321,297,90,114,93,38.3838,31.3131
322,298,88,111,99,37.2483,33.2215
323,297,88,106,103,35.6902,34.6801
324,296,85,104,107,35.1351,36.1486
325,291,81,97,113,33.3333,38.8316
326,291,80,96,115,32.9897,39.5189
327,290,77,96,117,33.1034,40.3448
328,290,77,90,123,31.0345,42.4138
329,293,78,88,127,30.0341,43.3447
330,294,79,84,131,28.5714,44.5578
331,298,87,78,133,26.1745,44.6309
332,293,86,73,134,24.9147,45.7338
333,294,89,72,133,24.4898,45.2381
334,293,89,71,133,24.2321,45.3925
335,295,90,71,134,24.0678,45.4237
336,295,89,69,137,23.3898,46.4407
337,296,88,66,142,22.2973,47.9730
338,297,84,69,144,23.2323,48.4848
339,299,84,69,146,23.0769,48.8294
340,299,88,65,146,21.7391,48.8294
341,303,92,62,149,20.4620,49.1749
342,302,87,66,149,21.8543,49.3377
343,302,86,62,154,20.5298,50.9934
344,301,81,62,158,20.5980,52.4917
345,301,78,63,160,20.9302,53.1561
346,300,74,63,163,21.0000,54.3333
347,298,72,65,161,21.8121,54.0268
348,298,73,63,162,21.1409,54.3624
349,300,75,63,162,21.0000,54.0000
350,300,73,61,166,20.3333,55.3333
351,300,76,61,163,20.3333,54.3333
352,300,75,61,164,20.3333,54.6667
353,300,74,61,165,20.3333,55.0000
354,300,73,60,167,20.0000,55.6667
355,299,72,60,167,20.0669,55.8528
356,301,74,57,170,18.9369,56.4784
357,299,74,53,172,17.7258,57.5251
358,299,81,50,168,16.7224,56.1873
359,301,84,48,169,15.9468,56.1462
360,301,86,46,169,15.2824,56.1462
361,301,87,47,167,15.6146,55.4817
362,301,89,46,166,15.2824,55.1495
363,297,92,41,164,13.8047,55.2189
364,301,98,41,162,13.6213,53.8206
365,297,99,38,160,12.7946,53.8721
366,298,100,37,161,12.4161,54.0268
367,300,105,34,161,11.3333,53.6667
368,299,107,32,160,10.7023,53.5117
369,302,113,28,161,9.2715,53.3113
370,302,114,28,160,9.2715,52.9801
371,301,110,32,159,10.6312,52.8239
372,300,111,32,157,10.6667,52.3333
373,300,113,30,157,10.0000,52.3333
374,300,117,31,152,10.3333,50.6667
375,300,122,28,150,9.3333,50.0000
376,300,126,27,147,9.0000,49.0000
377,300,131,27,142,9.0000,47.3333
378,300,134,26,140,8.6667,46.6667
379,299,136,25,138,8.3612,46.1538
380,305,149,25,131,8.1967,42.9508
381,305,150,27,128,8.8525,41.9672
382,305,153,29,123,9.5082,40.3279
383,305,159,28,118,9.1803,38.6885
384,305,161,29,115,9.5082,37.7049
385,305,161,29,115,9.5082,37.7049
386,304,160,29,115,9.5395,37.8289
387,303,162,28,113,9.2409,37.2937
388,303,165,30,108,9.9010,35.6436
389,303,166,34,103,11.2211,33.9934
390,303,165,37,101,12.2112,33.3333
391,302,166,34,102,11.2583,33.7748
392,302,164,38,100,12.5828,33.1126
393,302,164,39,99,12.9139,32.7815
394,302,159,44,99,14.5695,32.7815
395,302,158,48,96,15.8940,31.7881
396,302,160,50,92,16.5563,30.4636
397,302,157,56,89,18.5430,29.4702
398,302,158,56,88,18.5430,29.1391
399,302,155,60,87,19.8675,28.8079
400,301,156,64,81,21.2625,26.9103
401,299,150,68,81,22.7425,27.0903
402,302,154,69,79,22.8477,26.1589
403,301,152,71,78,23.5880,25.9136
404,300,148,76,76,25.3333,25.3333
405,300,144,80,76,26.6667,25.3333
406,299,143,81,75,27.0903,25.0836
407,299,143,82,74,27.4247,24.7492
408,297,140,86,71,28.9562,23.9057
409,298,140,90,68,30.2013,22.8188
410,297,140,87,70,29.2929,23.5690
411,298,140,90,68,30.2013,22.8188
412,298,129,100,69,33.5570,23.1544
413,301,127,103,71,34.2193,23.5880
414,300,124,104,72,34.6667,24.0000
415,299,116,105,78,35.1171,26.0870
416,299,112,107,80,35.7860,26.7559
417,302,109,111,82,36.7550,27.1523
418,301,104,116,81,38.5382,26.9103
419,301,101,120,80,39.8671,26.5781
420,300,98,119,83,39.6667,27.6667
421,298,96,117,85,39.2617,28.5235
422,299,94,117,88,39.1304,29.4314
423,300,90,120,90,40.0000,30.0000
424,299,85,121,93,40.4682,31.1037
425,298,82,122,94,40.9396,31.5436
426,301,83,122,96,40.5316,31.8937
427,299,81,124,94,41.4716,31.4381
428,297,79,122,96,41.0774,32.3232
429,296,76,120,100,40.5405,33.7838
430,300,77,121,102,40.3333,34.0000
431,299,73,120,106,40.1338,35.4515
432,299,74,112,113,37.4582,37.7926
433,299,74,105,120,35.1171,40.1338
434,302,74,103,125,34.1060,41.3907
435,301,71,102,128,33.8870,42.5249
436,301,66,98,137,32.5581,45.5150
437,298,66,94,138,31.5436,46.3087
438,300,68,89,143,29.6667,47.6667
439,296,67,82,147,27.7027,49.6622
440,297,67,81,149,27.2727,50.1684
441,296,65,78,153,26.3514,51.6892
442,297,65,75,157,25.2525,52.8620
443,299,67,75,157,25.0836,52.5084
444,300,67,75,158,25.0000,52.6667
445,298,66,69,163,23.1544,54.6980
446,300,66,69,165,23.0000,55.0000
447,297,63,65,169,21.8855,56.9024
448,295,61,64,170,21.6949,57.6271
449,296,62,62,172,20.9459,58.1081
450,302,68,59,175,19.5364,57.9470
451,301,66,57,178,18.9369,59.1362
452,301,64,57,180,18.9369,59.8007
453,299,64,56,179,18.7291,59.8662
454,300,66,54,180,18.0000,60.0000
455,299,64,52,183,17.3913,61.2040
456,298,61,51,186,17.1141,62.4161
457,304,69,49,186,16.1184,61.1842
458,303,69,46,188,15.1815,62.0462
459,303,69,45,189,14.8515,62.3762
460,303,69,44,190,14.5215,62.7063
461,303,66,48,189,15.8416,62.3762
462,302,68,46,188,15.2318,62.2517
463,302,66,45,191,14.9007,63.2450
464,302,68,43,191,14.2384,63.2450
465,302,71,41,190,13.5762,62.9139
466,300,74,38,188,12.6667,62.6667
467,299,81,32,186,10.7023,62.2074
468,304,88,30,186,9.8684,61.1842
469,304,91,30,183,9.8684,60.1974
470,303,92,28,183,9.2409,60.3960
471,301,91,29,181,9.6346,60.1329
472,301,96,27,178,8.9701,59.1362
473,301,98,29,174,9.6346,57.8073
474,301,99,30,172,9.9668,57.1429
475,300,100,28,172,9.3333,57.3333
476,300,103,27,170,9.0000,56.6667
477,300,106,25,169,8.3333,56.3333
478,300,109,26,165,8.6667,55.0000
479,299,109,24,166,8.0268,55.5184
480,302,114,25,163,8.2781,53.9735
481,301,118,24,159,7.9734,52.8239
482,301,121,22,158,7.3090,52.4917
483,301,123,22,156,7.3090,51.8272
484,299,127,22,150,7.3579,50.1672
485,302,139,22,141,7.2848,46.6887
486,302,144,22,136,7.2848,45.0331
487,302,146,24,132,7.9470,43.7086
488,301,153,25,123,8.3056,40.8638
489,300,157,24,119,8.0000,39.6667
490,300,158,29,113,9.6667,37.6667
491,299,160,29,110,9.6990,36.7893
492,300,161,31,108,10.3333,36.0000
493,299,165,31,103,10.3679,34.4482
494,301,169,32,100,10.6312,33.2226
495,300,170,32,98,10.6667,32.6667
496,300,170,33,97,11.0000,32.3333
497,300,176,33,91,11.0000,30.3333
498,300,176,36,88,12.0000,29.3333
499,300,173,44,83,14.6667,27.6667
500,300,173,44,83,14.6667,27.6667
501,300,171,48,81,16.0000,27.0000
502,299,170,52,77,17.3913,25.7525
503,302,172,55,75,18.2119,24.8344
504,302,168,59,75,19.5364,24.8344
505,302,161,64,77,21.1921,25.4967
506,302,156,72,74,23.8411,24.5033
507,302,154,75,73,24.8344,24.1722
508,302,153,79,70,26.1589,23.1788
509,302,151,82,69,27.1523,22.8477
510,302,150,83,69,27.4834,22.8477
511,300,150,81,69,27.0000,23.0000
512,299,147,82,70,27.4247,23.4114
513,303,149,83,71,27.3927,23.4323
514,303,143,90,70,29.7030,23.1023
515,303,141,94,68,31.0231,22.4422
516,302,136,98,68,32.4503,22.5166
517,302,132,104,66,34.4371,21.8543
518,301,129,105,67,34.8837,22.2591
519,299,126,106,67,35.4515,22.4080
520,298,128,105,65,35.2349,21.8121
521,298,124,107,67,35.9060,22.4832
522,300,124,107,69,35.6667,23.0000
523,299,122,106,71,35.4515,23.7458
524,298,121,104,73,34.8993,24.4966
525,295,115,104,76,35.2542,25.7627
526,292,113,98,81,33.5616,27.7397
527,291,108,104,79,35.7388,27.1478
528,289,105,102,82,35.2941,28.3737
529,290,107,101,82,34.8276,28.2759
530,292,106,100,86,34.2466,29.4521
531,295,106,103,86,34.9153,29.1525
532,295,102,106,87,35.9322,29.4915
533,299,102,107,90,35.7860,30.1003
534,300,104,105,91,35.0000,30.3333
535,295,103,100,92,33.8983,31.1864
536,295,101,95,99,32.2034,33.5593
537,292,95,95,102,32.5342,34.9315
538,293,97,90,106,30.7167,36.1775
539,300,101,86,113,28.6667,37.6667
540,299,98,85,116,28.4281,38.7960
541,305,102,84,119,27.5410,39.0164
542,301,95,85,121,28.2392,40.1993
543,301,92,87,122,28.9037,40.5316
544,299,89,85,125,28.4281,41.8060
545,299,88,85,126,28.4281,42.1405
546,298,88,80,130,26.8456,43.6242
547,296,88,79,129,26.6892,43.5811
548,297,85,77,135,25.9259,45.4545
549,300,88,72,140,24.0000,46.6667
550,300,83,75,142,25.0000,47.3333
551,299,83,72,144,24.0803,48.1605
552,301,84,68,149,22.5914,49.5017
553,300,82,66,152,22.0000,50.6667
554,300,79,66,155,22.0000,51.6667
555,300,79,66,155,22.0000,51.6667
556,300,81,61,158,20.3333,52.6667
557,299,81,60,158,20.0669,52.8428
558,303,86,57,160,18.8119,52.8053
559,303,87,55,161,18.1518,53.1353
560,303,83,58,162,19.1419,53.4653
561,302,81,60,161,19.8675,53.3113
562,299,84,55,160,18.3946,53.5117
563,301,83,54,164,17.9402,54.4850
564,299,84,51,164,17.0569,54.8495
565,302,87,52,163,17.2185,53.9735
566,301,85,52,164,17.2757,54.4850
567,301,84,53,164,17.6080,54.4850
568,300,83,50,167,16.6667,55.6667
569,300,77,53,170,17.6667,56.6667
570,300,78,52,170,17.3333,56.6667
571,300,83,49,168,16.3333,56.0000
572,299,83,48,168,16.0535,56.1873
573,301,83,51,167,16.9435,55.4817
574,300,82,52,166,17.3333,55.3333
575,299,84,50,165,16.7224,55.1839
576,302,89,52,161,17.2185,53.3113
577,302,90,54,158,17.8808,52.3179
578,302,92,56,154,18.5430,50.9934
579,302,91,56,155,18.5430,51.3245
580,301,95,53,153,17.6080,50.8306
581,299,94,54,151,18.0602,50.5017
582,304,103,52,149,17.1053,49.0132
583,304,103,53,148,17.4342,48.6842
584,301,103,49,149,16.2791,49.5017
585,301,106,49,146,16.2791,48.5050
586,300,108,48,144,16.0000,48.0000
587,299,108,46,145,15.3846,48.4950
588,301,117,45,139,14.9502,46.1794
589,300,120,42,138,14.0000,46.0000
590,300,121,41,138,13.6667,46.0000
591,300,127,41,132,13.6667,44.0000
592,300,130,41,129,13.6667,43.0000
593,298,132,38,128,12.7517,42.9530
594,300,136,33,131,11.0000,43.6667
595,299,136,33,130,11.0368,43.4783
596,304,143,32,129,10.5263,42.4342
597,304,139,35,130,11.5132,42.7632
598,303,143,32,128,10.5611,42.2442
599,303,141,33,129,10.8911,42.5743
600,303,147,34,122,11.2211,40.2640
601,303,148,37,118,12.2112,38.9439
602,303,150,35,118,11.5512,38.9439
603,303,149,39,115,12.8713,37.9538
604,303,151,40,112,13.2013,36.9637
605,303,153,40,110,13.2013,36.3036
606,303,157,39,107,12.8713,35.3135
607,303,157,38,108,12.5413,35.6436
608,302,162,35,105,11.5894,34.7682
609,302,162,36,104,11.9205,34.4371
610,300,159,38,103,12.6667,34.3333
611,299,161,38,100,12.7090,33.4448
612,304,163,42,99,13.8158,32.5658
613,304,159,46,99,15.1316,32.5658
614,304,160,47,97,15.4605,31.9079
615,302,166,45,91,14.9007,30.1325
616,302,164,47,91,15.5629,30.1325
617,301,163,45,93,14.9502,30.8970
618,301,164,45,92,14.9502,30.5648
619,298,165,43,90,14.4295,30.2013
620,298,169,45,84,15.1007,28.1879
621,304,175,46,83,15.1316,27.3026
622,303,173,46,84,15.1815,27.7228
623,302,171,49,82,16.2252,27.1523
624,301,170,47,84,15.6146,27.9070
625,301,165,52,84,17.2757,27.9070
626,301,164,55,82,18.2724,27.2425
627,301,162,58,81,19.2691,26.9103
628,301,161,59,81,19.6013,26.9103
629,301,157,62,82,20.5980,27.2425
630,300,154,66,80,22.0000,26.6667
631,300,153,64,83,21.3333,27.6667
632,300,152,64,84,21.3333,28.0000
633,298,148,65,85,21.8121,28.5235
634,301,148,66,87,21.9269,28.9037
635,301,147,68,86,22.5914,28.5714
636,300,144,70,86,23.3333,28.6667
637,300,143,71,86,23.6667,28.6667
638,300,144,69,87,23.0000,29.0000
639,300,139,77,84,25.6667,28.0000
640,299,135,80,84,26.7559,28.0936
641,300,136,81,83,27.0000,27.6667
642,300,138,81,81,27.0000,27.0000
643,300,136,80,84,26.6667,28.0000
644,300,129,83,88,27.6667,29.3333
645,297,125,82,90,27.6094,30.3030
646,300,130,81,89,27.0000,29.6667
647,300,125,84,91,28.0000,30.3333
648,300,114,95,91,31.6667,30.3333
649,298,110,98,90,32.8859,30.2013
650,296,108,98,90,33.1081,30.4054
651,297,107,99,91,33.3333,30.6397
652,297,107,95,95,31.9865,31.9865
653,299,107,96,96,32.1070,32.1070
654,300,104,98,98,32.6667,32.6667
655,300,100,97,103,32.3333,34.3333
656,299,100,96,103,32.1070,34.4482
657,298,96,99,103,33.2215,34.5638
658,300,95,102,103,34.0000,34.3333
659,299,91,102,106,34.1137,35.4515
660,299,93,96,110,32.1070,36.7893
661,304,94,98,112,32.2368,36.8421
662,304,89,101,114,33.2237,37.5000
663,304,83,104,117,34.2105,38.4868
664,304,75,110,119,36.1842,39.1447
665,302,67,110,125,36.4238,41.3907
666,302,62,110,130,36.4238,43.0464
667,301,60,106,135,35.2159,44.8505
668,299,57,101,141,33.7793,47.1572
669,295,54,98,143,33.2203,48.4746
670,294,54,96,144,32.6531,48.9796
671,295,56,92,147,31.1864,49.8305
672,296,54,91,151,30.7432,51.0135
673,297,57,90,150,30.3030,50.5051
674,299,62,87,150,29.0970,50.1672
675,299,59,86,154,28.7625,51.5050
676,301,62,85,154,28.2392,51.1628
677,298,62,82,154,27.5168,51.6779
678,299,61,83,155,27.7592,51.8395
679,300,63,80,157,26.6667,52.3333
680,300,62,77,161,25.6667,53.6667
681,300,61,75,164,25.0000,54.6667
682,296,62,68,166,22.9730,56.0811
683,297,66,64,167,21.5488,56.2290
684,297,67,60,170,20.2020,57.2391
685,296,69,52,175,17.5676,59.1216
686,301,78,47,176,15.6146,58.4718
687,301,78,42,181,13.9535,60.1329
688,301,79,38,184,12.6246,61.1296
689,299,79,36,184,12.0401,61.5385
690,301,83,32,186,10.6312,61.7940
691,300,83,32,185,10.6667,61.6667
692,299,84,30,185,10.0334,61.8729
693,304,88,31,185,10.1974,60.8553
694,304,87,34,183,11.1842,60.1974
695,304,90,33,181,10.8553,59.5395
696,302,92,30,180,9.9338,59.6026
697,302,95,29,178,9.6026,58.9404
698,301,98,27,176,8.9701,58.4718
699,301,99,28,174,9.3023,57.8073
700,301,100,27,174,8.9701,57.8073
701,300,99,26,175,8.6667,58.3333
702,300,101,27,172,9.0000,57.3333
703,300,104,27,169,9.0000,56.3333
704,300,108,25,167,8.3333,55.6667
705,300,109,24,167,8.0000,55.6667
706,300,110,27,163,9.0000,54.3333
707,300,114,28,158,9.3333,52.6667
708,300,114,30,156,10.0000,52.0000
709,300,113,32,155,10.6667,51.6667
710,300,112,33,155,11.0000,51.6667
711,300,116,33,151,11.0000,50.3333
712,300,119,34,147,11.3333,49.0000
713,300,122,33,145,11.0000,48.3333
714,300,124,32,144,10.6667,48.0000
715,300,126,31,143,10.3333,47.6667
716,300,127,30,143,10.0000,47.6667
717,300,128,35,137,11.6667,45.6667
718,300,126,40,134,13.3333,44.6667
719,300,124,45,131,15.0000,43.6667
720,299,129,47,123,15.7191,41.1371
721,305,137,47,121,15.4098,39.6721
722,305,135,51,119,16.7213,39.0164
723,305,130,58,117,19.0164,38.3607
724,305,129,63,113,20.6557,37.0492
725,304,124,68,112,22.3684,36.8421
726,304,122,70,112,23.0263,36.8421
727,304,123,73,108,24.0132,35.5263
728,303,124,71,108,23.4323,35.6436
729,303,120,75,108,24.7525,35.6436
730,303,119,75,109,24.7525,35.9736
731,303,114,83,106,27.3927,34.9835
732,303,112,87,104,28.7129,34.3234
733,303,110,91,102,30.0330,33.6634
734,303,110,94,99,31.0231,32.6733
735,303,110,98,95,32.3432,31.3531
736,302,113,100,89,33.1126,29.4702
737,302,116,101,85,33.4437,28.1457
738,301,118,98,85,32.5581,28.2392
739,301,120,94,87,31.2292,28.9037
740,300,123,91,86,30.3333,28.6667
741,299,118,90,91,30.1003,30.4348
742,300,122,92,86,30.6667,28.6667
743,299,118,89,92,29.7659,30.7692
744,300,117,87,96,29.0000,32.0000
745,299,110,90,99,30.1003,33.1104
746,299,109,88,102,29.4314,34.1137
747,301,109,87,105,28.9037,34.8837
748,301,110,88,103,29.2359,34.2193
749,299,112,84,103,28.0936,34.4482
750,301,115,81,105,26.9103,34.8837
751,297,114,75,108,25.2525,36.3636
752,300,115,75,110,25.0000,36.6667
753,297,110,77,110,25.9259,37.0370
754,297,110,73,114,24.5791,38.3838
755,299,108,77,114,25.7525,38.1271
756,300,109,73,118,24.3333,39.3333
757,299,109,73,117,24.4147,39.1304
758,300,107,72,121,24.0000,40.3333
759,300,103,74,123,24.6667,41.0000
760,300,102,74,124,24.6667,41.3333
761,299,100,72,127,24.0803,42.4749
762,299,97,73,129,24.4147,43.1438
763,298,97,72,129,24.1611,43.2886
764,299,100,70,129,23.4114,43.1438
765,299,99,67,133,22.4080,44.4816
766,301,102,61,138,20.2658,45.8472
767,300,100,60,140,20.0000,46.6667
768,300,97,63,140,21.0000,46.6667
769,300,96,64,140,21.3333,46.6667
770,300,93,69,138,23.0000,46.0000
771,300,91,70,139,23.3333,46.3333
772,298,88,68,142,22.8188,47.6510
773,293,87,65,141,22.1843,48.1229
774,295,87,67,141,22.7119,47.7966
775,301,94,65,142,21.5947,47.1761
776,300,92,62,146,20.6667,48.6667
777,298,89,62,147,20.8054,49.3289
778,297,90,61,146,20.5387,49.1582
779,301,93,62,146,20.5980,48.5050
780,299,91,63,145,21.0702,48.4950
781,303,96,63,144,20.7921,47.5248
782,303,97,62,144,20.4620,47.5248
783,301,94,60,147,19.9336,48.8372
784,301,93,62,146,20.5980,48.5050
785,301,91,65,145,21.5947,48.1728
786,300,88,63,149,21.0000,49.6667
787,300,86,65,149,21.6667,49.6667
788,299,83,63,153,21.0702,51.1706
789,302,86,64,152,21.1921,50.3311
790,301,89,63,149,20.9302,49.5017
791,300,92,60,148,20.0000,49.3333
792,300,93,60,147,20.0000,49.0000
793,300,97,60,143,20.0000,47.6667
794,299,96,56,147,18.7291,49.1639
795,302,101,59,142,19.5364,47.0199
796,302,104,62,136,20.5298,45.0331
797,302,108,58,136,19.2053,45.0331
798,301,108,57,136,18.9369,45.1827
799,301,112,58,131,19.2691,43.5216
800,299,108,58,133,19.3980,44.4816
801,301,111,57,133,18.9369,44.1860
802,300,112,58,130,19.3333,43.3333
803,299,114,57,128,19.0635,42.8094
804,301,115,59,127,19.6013,42.1927
805,300,112,60,128,20.0000,42.6667
806,300,112,61,127,20.3333,42.3333
807,300,107,65,128,21.6667,42.6667
808,300,111,63,126,21.0000,42.0000
809,300,112,60,128,20.0000,42.6667
810,299,116,57,126,19.0635,42.1405
811,301,116,58,127,19.2691,42.1927
812,301,113,59,129,19.6013,42.8571
813,301,112,61,128,20.2658,42.5249
814,300,111,63,126,21.0000,42.0000
815,299,109,63,127,21.0702,42.4749
816,298,108,63,127,21.1409,42.6174
817,297,110,65,122,21.8855,41.0774
818,298,113,68,117,22.8188,39.2617
819,303,117,72,114,23.7624,37.6238
820,302,113,74,115,24.5033,38.0795
821,301,111,74,116,24.5847,38.5382
822,301,108,75,118,24.9169,39.2027
823,300,106,76,118,25.3333,39.3333
824,300,103,81,116,27.0000,38.6667
825,300,103,78,119,26.0000,39.6667
826,298,96,79,123,26.5101,41.2752
827,297,95,78,124,26.2626,41.7508
828,300,97,81,122,27.0000,40.6667
829,299,94,82,123,27.4247,41.1371
830,301,91,89,121,29.5681,40.1993
831,301,89,90,122,29.9003,40.5316
832,299,86,91,122,30.4348,40.8027
833,299,84,91,124,30.4348,41.4716
834,298,84,90,124,30.2013,41.6107
835,298,86,89,123,29.8658,41.2752
836,301,87,89,125,29.5681,41.5282
837,300,87,86,127,28.6667,42.3333
838,298,87,86,125,28.8591,41.9463
839,299,88,83,128,27.7592,42.8094
840,302,92,82,128,27.1523,42.3841
841,302,90,80,132,26.4901,43.7086
842,301,89,81,131,26.9103,43.5216
843,300,95,77,128,25.6667,42.6667
844,298,94,76,128,25.5034,42.9530
845,298,93,77,128,25.8389,42.9530
846,301,97,74,130,24.5847,43.1894
847,301,97,73,131,24.2525,43.5216
848,300,95,70,135,23.3333,45.0000
849,298,95,69,134,23.1544,44.9664
850,300,101,64,135,21.3333,45.0000
851,298,100,59,139,19.7987,46.6443
852,297,101,56,140,18.8552,47.1380
853,300,103,57,140,19.0000,46.6667
854,299,102,53,144,17.7258,48.1605
855,299,101,55,143,18.3946,47.8261
856,300,102,56,142,18.6667,47.3333
857,299,97,61,141,20.4013,47.1572
858,301,98,64,139,21.2625,46.1794
859,301,96,64,141,21.2625,46.8439
860,300,96,67,137,22.3333,45.6667
861,300,97,64,139,21.3333,46.3333
862,299,98,62,139,20.7358,46.4883
863,299,97,65,137,21.7391,45.8194
864,297,96,67,134,22.5589,45.1178
865,297,96,68,133,22.8956,44.7811
866,295,95,65,135,22.0339,45.7627
867,296,94,67,135,22.6351,45.6081
868,299,95,68,136,22.7425,45.4849
869,298,92,70,136,23.4899,45.6376
870,301,91,74,136,24.5847,45.1827
871,301,88,78,135,25.9136,44.8505
872,301,90,76,135,25.2492,44.8505
873,300,90,75,135,25.0000,45.0000
874,300,88,78,134,26.0000,44.6667
875,299,86,78,135,26.0870,45.1505
876,300,85,77,138,25.6667,46.0000
877,299,88,73,138,24.4147,46.1538
878,301,93,69,139,22.9236,46.1794
879,301,93,69,139,22.9236,46.1794
880,300,91,70,139,23.3333,46.3333
881,297,91,67,139,22.5589,46.8013
882,299,91,68,140,22.7425,46.8227
883,300,90,68,142,22.6667,47.3333
884,299,91,65,143,21.7391,47.8261
885,300,95,64,141,21.3333,47.0000
886,300,96,62,142,20.6667,47.3333
887,299,92,65,142,21.7391,47.4916
888,300,92,65,143,21.6667,47.6667
889,298,92,64,142,21.4765,47.6510
890,299,93,63,143,21.0702,47.8261
891,299,97,58,144,19.3980,48.1605
892,300,103,55,142,18.3333,47.3333
893,300,108,55,137,18.3333,45.6667
894,299,108,53,138,17.7258,46.1538
895,298,111,49,138,16.4430,46.3087
896,301,115,48,138,15.9468,45.8472
897,300,113,49,138,16.3333,46.0000
898,300,116,51,133,17.0000,44.3333
899,299,113,52,134,17.3913,44.8161
900,302,117,54,131,17.8808,43.3775
901,302,118,52,132,17.2185,43.7086
902,302,122,51,129,16.8874,42.7152
903,301,124,49,128,16.2791,42.5249
904,299,128,46,125,15.3846,41.8060
905,299,130,46,123,15.3846,41.1371
906,301,135,47,119,15.6146,39.5349
907,301,135,45,121,14.9502,40.1993
908,299,135,42,122,14.0468,40.8027
909,300,136,43,121,14.3333,40.3333
910,299,136,39,124,13.0435,41.4716
911,301,139,41,121,13.6213,40.1993
912,301,136,43,122,14.2857,40.5316
913,301,140,44,117,14.6179,38.8704
914,300,136,48,116,16.0000,38.6667
915,300,134,51,115,17.0000,38.3333
916,300,134,49,117,16.3333,39.0000
917,299,132,49,118,16.3880,39.4649
918,299,134,49,116,16.3880,38.7960
919,299,134,47,118,15.7191,39.4649
920,303,140,44,119,14.5215,39.2739
921,303,138,45,120,14.8515,39.6040
922,302,137,47,118,15.5629,39.0728
923,301,132,50,119,16.6113,39.5349
924,301,129,56,116,18.6047,38.5382
925,301,128,59,114,19.6013,37.8738
926,301,126,60,115,19.9336,38.2060
927,300,129,59,112,19.6667,37.3333
928,300,131,58,111,19.3333,37.0000
929,300,131,61,108,20.3333,36.0000
930,300,127,68,105,22.6667,35.0000
931,300,126,70,104,23.3333,34.6667
932,300,120,77,103,25.6667,34.3333
933,299,119,77,103,25.7525,34.4482
934,301,117,79,105,26.2458,34.8837
935,299,115,78,106,26.0870,35.4515
936,301,117,81,103,26.9103,34.2193
937,300,115,82,103,27.3333,34.3333
938,299,110,87,102,29.0970,34.1137
939,300,107,89,104,29.6667,34.6667
940,300,107,92,101,30.6667,33.6667
941,300,101,98,101,32.6667,33.6667
942,300,102,96,102,32.0000,34.0000
943,300,104,96,100,32.0000,33.3333
944,299,103,94,102,31.4381,34.1137
945,299,96,99,104,33.1104,34.7826
946,298,94,102,102,34.2282,34.2282
947,300,96,104,100,34.6667,33.3333
948,300,91,110,99,36.6667,33.0000
949,299,89,111,99,37.1237,33.1104
950,302,90,105,107,34.7682,35.4305
951,302,89,106,107,35.0993,35.4305
952,299,87,102,110,34.1137,36.7893
953,298,89,100,109,33.5570,36.5772
954,298,87,98,113,32.8859,37.9195
955,304,93,95,116,31.2500,38.1579
956,304,88,98,118,32.2368,38.8158
957,303,81,101,121,33.3333,39.9340
958,301,78,101,122,33.5548,40.5316
959,297,76,96,125,32.3232,42.0875
960,297,77,95,125,31.9865,42.0875
961,298,80,91,127,30.5369,42.6174
962,301,86,87,128,28.9037,42.5249
963,300,83,87,130,29.0000,43.3333
964,300,78,91,131,30.3333,43.6667
965,297,76,88,133,29.6296,44.7811
966,298,76,84,138,28.1879,46.3087
967,298,75,80,143,26.8456,47.9866
968,298,77,78,143,26.1745,47.9866
969,297,81,71,145,23.9057,48.8215
970,298,79,72,147,24.1611,49.3289
971,301,85,67,149,22.2591,49.5017
972,301,86,68,147,22.5914,48.8372
973,300,81,70,149,23.3333,49.6667
974,300,78,71,151,23.6667,50.3333
975,298,75,71,152,23.8255,51.0067
976,300,76,67,157,22.3333,52.3333
977,298,76,61,161,20.4698,54.0268
978,299,78,57,164,19.0635,54.8495
979,301,81,54,166,17.9402,55.1495
980,299,81,51,167,17.0569,55.8528
981,299,81,52,166,17.3913,55.5184
982,303,85,54,164,17.8218,54.1254
983,302,82,55,165,18.2119,54.6358
984,301,81,52,168,17.2757,55.8140
985,301,80,53,168,17.6080,55.8140
986,299,82,51,166,17.0569,55.5184
987,299,87,48,164,16.0535,54.8495
988,302,89,47,166,15.5629,54.9669
989,302,88,48,166,15.8940,54.9669
990,300,91,46,163,15.3333,54.3333
991,300,93,46,161,15.3333,53.6667
992,299,92,46,161,15.3846,53.8462
993,299,92,41,166,13.7124,55.5184
994,301,94,44,163,14.6179,54.1528
995,300,96,40,164,13.3333,54.6667
996,300,95,43,162,14.3333,54.0000
997,300,96,44,160,14.6667,53.3333
998,299,94,44,161,14.7157,53.8462
999,302,97,44,161,14.5695,53.3113
1000,302,98,45,159,14.9007,52.6490
1001,299,95,46,158,15.3846,52.8428
1002,302,107,42,153,13.9073,50.6623
1003,302,109,41,152,13.5762,50.3311
1004,300,111,38,151,12.6667,50.3333
1005,299,113,38,148,12.7090,49.4983
1006,302,119,38,145,12.5828,48.0132
1007,302,124,38,140,12.5828,46.3576
1008,302,125,40,137,13.2450,45.3642
1009,302,127,39,136,12.9139,45.0331
1010,301,128,39,134,12.9568,44.5183
1011,301,131,42,128,13.9535,42.5249
1012,300,133,40,127,13.3333,42.3333
1013,299,133,41,125,13.7124,41.8060
1014,301,138,41,122,13.6213,40.5316
1015,301,135,43,123,14.2857,40.8638
1016,300,137,41,122,13.6667,40.6667
1017,299,134,43,122,14.3813,40.8027
1018,299,140,40,119,13.3779,39.7993
1019,301,147,39,115,12.9568,38.2060
1020,301,148,39,114,12.9568,37.8738
1021,300,150,37,113,12.3333,37.6667
1022,300,153,36,111,12.0000,37.0000
1023,300,157,38,105,12.6667,35.0000
1024,300,155,41,104,13.6667,34.6667
1025,300,153,43,104,14.3333,34.6667
1026,299,152,44,103,14.7157,34.4482
1027,301,156,44,101,14.6179,33.5548
1028,301,155,50,96,16.6113,31.8937
1029,300,157,49,94,16.3333,31.3333
1030,300,159,50,91,16.6667,30.3333
1031,300,159,53,88,17.6667,29.3333
1032,298,156,56,86,18.7919,28.8591
1033,299,158,53,88,17.7258,29.4314
1034,300,153,57,90,19.0000,30.0000
1035,299,152,56,91,18.7291,30.4348
1036,304,158,58,88,19.0789,28.9474
1037,303,159,57,87,18.8119,28.7129
1038,303,158,55,90,18.1518,29.7030
1039,303,157,59,87,19.4719,28.7129
1040,303,155,62,86,20.4620,28.3828
1041,302,147,68,87,22.5166,28.8079
1042,302,145,70,87,23.1788,28.8079
1043,302,145,72,85,23.8411,28.1457
1044,299,139,76,84,25.4181,28.0936
1045,303,144,78,81,25.7426,26.7327
1046,303,138,79,86,26.0726,28.3828
1047,302,133,87,82,28.8079,27.1523
1048,301,132,85,84,28.2392,27.9070
1049,300,131,85,84,28.3333,28.0000
1050,298,128,87,83,29.1946,27.8523
1051,299,123,90,86,30.1003,28.7625
1052,300,121,91,88,30.3333,29.3333
1053,299,117,92,90,30.7692,30.1003
1054,301,119,93,89,30.8970,29.5681
1055,298,114,95,89,31.8792,29.8658
1056,301,119,94,88,31.2292,29.2359
1057,301,112,99,90,32.8904,29.9003
1058,299,110,100,89,33.4448,29.7659
1059,302,112,102,88,33.7748,29.1391
1060,300,106,103,91,34.3333,30.3333
1061,299,105,99,95,33.1104,31.7726
1062,297,103,97,97,32.6599,32.6599
1063,298,105,97,96,32.5503,32.2148
1064,296,107,92,97,31.0811,32.7703
1065,293,103,90,100,30.7167,34.1297
1066,295,102,89,104,30.1695,35.2542
1067,299,111,82,106,27.4247,35.4515
1068,295,110,79,106,26.7797,35.9322
1069,296,115,77,104,26.0135,35.1351
1070,297,116,79,102,26.5993,34.3434
1071,298,117,73,108,24.4966,36.2416
1072,299,116,74,109,24.7492,36.4548
1073,301,117,72,112,23.9203,37.2093
1074,300,113,73,114,24.3333,38.0000
1075,300,110,70,120,23.3333,40.0000
1076,298,104,72,122,24.1611,40.9396
1077,296,105,69,122,23.3108,41.2162
1078,298,105,71,122,23.8255,40.9396
1079,299,103,71,125,23.7458,41.8060
1080,301,102,68,131,22.5914,43.5216
1081,301,100,70,131,23.2558,43.5216
1082,301,98,71,132,23.5880,43.8538
1083,301,95,69,137,22.9236,45.5150
1084,301,95,71,135,23.5880,44.8505
1085,299,93,74,132,24.7492,44.1472
1086,299,93,73,133,24.4147,44.4816
1087,301,98,71,132,23.5880,43.8538
1088,300,94,73,133,24.3333,44.3333
1089,300,93,75,132,25.0000,44.0000
1090,300,94,76,130,25.3333,43.3333
1091,299,91,75,133,25.0836,44.4816
1092,302,91,77,134,25.4967,44.3709
1093,302,89,76,137,25.1656,45.3642
1094,302,86,74,142,24.5033,47.0199
1095,301,84,72,145,23.9203,48.1728
1096,297,84,66,147,22.2222,49.4949
1097,300,85,68,147,22.6667,49.0000
1098,299,89,67,143,22.4080,47.8261
1099,298,89,63,146,21.1409,48.9933
1100,298,91,62,145,20.8054,48.6577
1101,300,91,63,146,21.0000,48.6667
1102,299,88,62,149,20.7358,49.8328
1103,300,88,63,149,21.0000,49.6667
1104,300,89,63,148,21.0000,49.3333
1105,298,89,61,148,20.4698,49.6644
1106,302,92,60,150,19.8675,49.6689
1107,301,92,60,149,19.9336,49.5017
1108,301,90,63,148,20.9302,49.1694
1109,301,90,61,150,20.2658,49.8339
1110,299,88,60,151,20.0669,50.5017
1111,300,88,58,154,19.3333,51.3333
1112,299,88,59,152,19.7324,50.8361
1113,297,92,57,148,19.1919,49.8316
1114,299,94,56,149,18.7291,49.8328
1115,304,95,57,152,18.7500,50.0000
1116,304,95,60,149,19.7368,49.0132
1117,304,98,57,149,18.7500,49.0132
1118,304,102,57,145,18.7500,47.6974
1119,303,106,55,142,18.1518,46.8647
1120,303,102,60,141,19.8020,46.5347
1121,301,100,57,144,18.9369,47.8405
1122,301,98,59,144,19.6013,47.8405
1123,301,103,56,142,18.6047,47.1761
1124,301,105,53,143,17.6080,47.5083
1125,301,107,57,137,18.9369,45.5150
1126,300,107,53,140,17.6667,46.6667
1127,299,108,56,135,18.7291,45.1505
1128,299,112,53,134,17.7258,44.8161
1129,303,119,51,133,16.8317,43.8944
1130,302,117,51,134,16.8874,44.3709
1131,302,117,54,131,17.8808,43.3775
1132,302,122,52,128,17.2185,42.3841
1133,301,122,51,128,16.9435,42.5249
1134,301,121,50,130,16.6113,43.1894
1135,300,124,49,127,16.3333,42.3333
1136,300,121,51,128,17.0000,42.6667
1137,299,116,52,131,17.3913,43.8127
1138,300,119,52,129,17.3333,43.0000
1139,299,122,50,127,16.7224,42.4749
1140,305,127,50,128,16.3934,41.9672
1141,305,122,52,131,17.0492,42.9508
1142,304,120,51,133,16.7763,43.7500
1143,304,122,51,131,16.7763,43.0921
1144,304,120,54,130,17.7632,42.7632
1145,304,123,54,127,17.7632,41.7763
1146,303,126,52,125,17.1617,41.2541
1147,301,128,48,125,15.9468,41.5282
1148,300,128,48,124,16.0000,41.3333
1149,300,130,50,120,16.6667,40.0000
1150,300,131,49,120,16.3333,40.0000
1151,299,127,52,120,17.3913,40.1338
1152,300,126,57,117,19.0000,39.0000
1153,300,125,59,116,19.6667,38.6667
1154,296,125,57,114,19.2568,38.5135
1155,298,128,57,113,19.1275,37.9195
1156,301,126,63,112,20.9302,37.2093
1157,300,127,59,114,19.6667,38.0000
1158,298,131,57,110,19.1275,36.9128
1159,298,127,62,109,20.8054,36.5772
1160,300,126,66,108,22.0000,36.0000
1161,299,124,67,108,22.4080,36.1204
1162,300,122,67,111,22.3333,37.0000
1163,299,122,68,109,22.7425,36.4548
1164,300,122,70,108,23.3333,36.0000
1165,299,118,72,109,24.0803,36.4548
1166,300,116,76,108,25.3333,36.0000
1167,300,117,76,107,25.3333,35.6667
1168,299,115,76,108,25.4181,36.1204
1169,303,117,80,106,26.4026,34.9835
1170,303,117,81,105,26.7327,34.6535
1171,301,115,82,104,27.2425,34.5515
1172,299,111,79,109,26.4214,36.4548
1173,299,115,76,108,25.4181,36.1204
1174,300,112,79,109,26.3333,36.3333
1175,299,113,79,107,26.4214,35.7860
1176,303,114,80,109,26.4026,35.9736
1177,303,109,84,110,27.7228,36.3036
1178,302,111,86,105,28.4768,34.7682
1179,301,109,86,106,28.5714,35.2159
1180,300,103,89,108,29.6667,36.0000
1181,298,102,85,111,28.5235,37.2483
1182,301,105,82,114,27.2425,37.8738
1183,301,103,83,115,27.5748,38.2060
1184,300,105,82,113,27.3333,37.6667
1185,298,104,79,115,26.5101,38.5906
1186,301,106,80,115,26.5781,38.2060
1187,301,106,77,118,25.5814,39.2027
1188,301,102,80,119,26.5781,39.5349
1189,300,103,78,119,26.0000,39.6667
1190,299,100,79,120,26.4214,40.1338
1191,302,99,80,123,26.4901,40.7285
1192,302,99,79,124,26.1589,41.0596
1193,301,99,80,122,26.5781,40.5316
1194,301,100,80,121,26.5781,40.1993
1195,301,100,75,126,24.9169,41.8605
1196,300,101,70,129,23.3333,43.0000
1197,296,102,64,130,21.6216,43.9189
1198,297,105,64,128,21.5488,43.0976
1199,300,110,61,129,20.3333,43.0000
1200,300,110,54,136,18.0000,45.3333
1201,299,106,56,137,18.7291,45.8194
1202,299,107,53,139,17.7258,46.4883
1203,301,112,52,137,17.2757,45.5150
1204,301,110,53,138,17.6080,45.8472
1205,301,106,58,137,19.2691,45.5150
1206,298,105,53,140,17.7852,46.9799
1207,299,106,55,138,18.3946,46.1538
1208,298,106,52,140,17.4497,46.9799
1209,299,108,53,138,17.7258,46.1538
1210,298,106,53,139,17.7852,46.6443
1211,299,106,51,142,17.0569,47.4916
1212,303,111,47,145,15.5116,47.8548
1213,303,114,45,144,14.8515,47.5248
1214,303,117,44,142,14.5215,46.8647
1215,303,117,45,141,14.8515,46.5347
1216,303,110,51,142,16.8317,46.8647
1217,303,112,52,139,17.1617,45.8746
1218,303,113,51,139,16.8317,45.8746
1219,302,111,52,139,17.2185,46.0265
1220,302,110,52,140,17.2185,46.3576
1221,301,108,52,141,17.2757,46.8439
1222,301,105,55,141,18.2724,46.8439
1223,301,104,56,141,18.6047,46.8439
1224,301,105,56,140,18.6047,46.5116
1225,301,105,56,140,18.6047,46.5116
1226,301,105,54,142,17.9402,47.1761
1227,301,102,59,140,19.6013,46.5116
1228,301,105,58,138,19.2691,45.8472
1229,301,103,59,139,19.6013,46.1794
1230,300,99,61,140,20.3333,46.6667
1231,300,99,59,142,19.6667,47.3333
1232,299,100,60,139,20.0669,46.4883
1233,300,105,61,134,20.3333,44.6667
1234,300,106,64,130,21.3333,43.3333
1235,300,103,68,129,22.6667,43.0000
1236,299,100,67,132,22.4080,44.1472
1237,302,105,66,131,21.8543,43.3775
1238,302,104,71,127,23.5099,42.0530
1239,299,101,75,123,25.0836,41.1371
1240,303,103,78,122,25.7426,40.2640
1241,303,101,81,121,26.7327,39.9340
1242,300,99,78,123,26.0000,41.0000
1243,299,99,80,120,26.7559,40.1338
1244,301,100,83,118,27.5748,39.2027
1245,299,94,87,118,29.0970,39.4649
1246,302,97,87,118,28.8079,39.0728
1247,298,97,88,113,29.5302,37.9195
1248,298,99,86,113,28.8591,37.9195
1249,300,100,88,112,29.3333,37.3333
1250,300,99,86,115,28.6667,38.3333
1251,300,99,87,114,29.0000,38.0000
1252,300,104,87,109,29.0000,36.3333
1253,300,100,90,110,30.0000,36.6667
1254,299,99,93,107,31.1037,35.7860
1255,303,99,92,112,30.3630,36.9637
1256,302,95,93,114,30.7947,37.7483
1257,302,93,93,116,30.7947,38.4106
1258,302,94,93,115,30.7947,38.0795
1259,301,90,92,119,30.5648,39.5349
1260,299,89,87,123,29.0970,41.1371
1261,303,93,86,124,28.3828,40.9241
1262,300,92,83,125,27.6667,41.6667
1263,299,93,82,124,27.4247,41.4716
1264,300,95,79,126,26.3333,42.0000
1265,299,96,76,127,25.4181,42.4749
1266,299,100,71,128,23.7458,42.8094
1267,301,101,68,132,22.5914,43.8538
1268,301,97,71,133,23.5880,44.1860
1269,301,93,71,137,23.5880,45.5150
1270,298,90,72,136,24.1611,45.6376
1271,302,95,70,137,23.1788,45.3642
1272,300,95,66,139,22.0000,46.3333
1273,300,96,65,139,21.6667,46.3333
1274,299,94,63,142,21.0702,47.4916
1275,298,93,59,146,19.7987,48.9933
1276,301,98,57,146,18.9369,48.5050
1277,300,97,57,146,19.0000,48.6667
1278,300,101,57,142,19.0000,47.3333
1279,297,101,50,146,16.8350,49.1582
1280,297,100,54,143,18.1818,48.1481
1281,298,97,57,144,19.1275,48.3221
1282,299,97,58,144,19.3980,48.1605
1283,296,98,57,141,19.2568,47.6351
1284,297,98,58,141,19.5286,47.4747
1285,300,100,58,142,19.3333,47.3333
1286,300,96,62,142,20.6667,47.3333
1287,299,95,61,143,20.4013,47.8261
1288,300,102,57,141,19.0000,47.0000
1289,300,94,63,143,21.0000,47.6667
1290,300,92,63,145,21.0000,48.3333
1291,300,91,61,148,20.3333,49.3333
1292,300,90,62,148,20.6667,49.3333
1293,299,89,63,147,21.0702,49.1639
1294,304,91,66,147,21.7105,48.3553
1295,304,90,65,149,21.3816,49.0132
1296,304,90,66,148,21.7105,48.6842
1297,301,90,64,147,21.2625,48.8372
1298,300,91,63,146,21.0000,48.6667
1299,299,91,63,145,21.0702,48.4950
1300,298,94,61,143,20.4698,47.9866
1301,297,91,61,145,20.5387,48.8215
1302,296,96,58,142,19.5946,47.9730
1303,299,100,57,142,19.0635,47.4916
1304,300,102,58,140,19.3333,46.6667
1305,299,102,57,140,19.0635,46.8227
1306,302,103,57,142,18.8742,47.0199
1307,302,108,54,140,17.8808,46.3576
1308,302,107,57,138,18.8742,45.6954
1309,298,105,55,138,18.4564,46.3087
1310,299,110,49,140,16.3880,46.8227
1311,300,117,47,136,15.6667,45.3333
1312,300,120,49,131,16.3333,43.6667
1313,299,119,49,131,16.3880,43.8127
1314,301,122,47,132,15.6146,43.8538
1315,300,120,48,132,16.0000,44.0000
1316,299,123,47,129,15.7191,43.1438
1317,299,125,48,126,16.0535,42.1405
1318,303,130,51,122,16.8317,40.2640
1319,302,132,50,120,16.5563,39.7351
1320,302,129,55,118,18.2119,39.0728
1321,301,129,55,117,18.2724,38.8704
1322,301,128,55,118,18.2724,39.2027
1323,300,127,56,117,18.6667,39.0000
1324,300,125,59,116,19.6667,38.6667
1325,300,125,62,113,20.6667,37.6667
1326,298,126,60,112,20.1342,37.5839
1327,300,131,62,107,20.6667,35.6667
1328,300,131,64,105,21.3333,35.0000
1329,299,132,62,105,20.7358,35.1171
1330,300,132,62,106,20.6667,35.3333
1331,300,137,62,101,20.6667,33.6667
1332,299,136,62,101,20.7358,33.7793
1333,299,135,62,102,20.7358,34.1137
1334,302,136,63,103,20.8609,34.1060
1335,300,134,62,104,20.6667,34.6667
1336,300,129,68,103,22.6667,34.3333
1337,299,127,68,104,22.7425,34.7826
1338,303,128,72,103,23.7624,33.9934
1339,302,121,75,106,24.8344,35.0993
1340,301,117,80,104,26.5781,34.5515
1341,300,118,78,104,26.0000,34.6667
1342,299,117,78,104,26.0870,34.7826
1343,303,119,81,103,26.7327,33.9934
1344,303,113,83,107,27.3927,35.3135
1345,302,110,83,109,27.4834,36.0927
1346,301,113,81,107,26.9103,35.5482
1347,300,113,80,107,26.6667,35.6667
1348,300,109,82,109,27.3333,36.3333
1349,298,108,79,111,26.5101,37.2483
1350,299,105,85,109,28.4281,36.4548
1351,300,99,91,110,30.3333,36.6667
1352,300,100,90,110,30.0000,36.6667
1353,300,103,91,106,30.3333,35.3333
1354,296,103,84,109,28.3784,36.8243
1355,302,106,89,107,29.4702,35.4305
1356,299,106,84,109,28.0936,36.4548
1357,298,104,85,109,28.5235,36.5772
1358,296,100,88,108,29.7297,36.4865
1359,297,105,81,111,27.2727,37.3737
1360,301,103,84,114,27.9070,37.8738
1361,299,102,80,117,26.7559,39.1304
1362,300,108,78,114,26.0000,38.0000
1363,299,104,81,114,27.0903,38.1271
1364,300,106,76,118,25.3333,39.3333
1365,297,107,72,118,24.2424,39.7306
1366,297,109,74,114,24.9158,38.3838
1367,299,103,83,113,27.7592,37.7926
1368,300,105,80,115,26.6667,38.3333
1369,298,102,81,115,27.1812,38.5906
1370,299,99,81,119,27.0903,39.7993
1371,299,101,78,120,26.0870,40.1338
1372,298,102,74,122,24.8322,40.9396
1373,299,106,75,118,25.0836,39.4649
1374,301,107,77,117,25.5814,38.8704
1375,298,104,77,117,25.8389,39.2617
1376,299,104,79,116,26.4214,38.7960
1377,300,104,76,120,25.3333,40.0000
1378,299,102,75,122,25.0836,40.8027
1379,299,101,73,125,24.4147,41.8060
1380,301,104,70,127,23.2558,42.1927
1381,300,103,71,126,23.6667,42.0000
1382,300,97,73,130,24.3333,43.3333
1383,299,93,74,132,24.7492,44.1472
1384,302,95,72,135,23.8411,44.7020
1385,301,97,71,133,23.5880,44.1860
1386,301,98,70,133,23.2558,44.1860
1387,298,96,67,135,22.4832,45.3020
1388,299,96,66,137,22.0736,45.8194
1389,299,97,66,136,22.0736,45.4849
1390,302,99,65,138,21.5232,45.6954
1391,302,98,65,139,21.5232,46.0265
1392,301,92,70,139,23.2558,46.1794
1393,301,96,69,136,22.9236,45.1827
1394,300,96,68,136,22.6667,45.3333
1395,298,97,67,134,22.4832,44.9664
1396,299,99,66,134,22.0736,44.8161
1397,302,104,65,133,21.5232,44.0397
1398,302,104,66,132,21.8543,43.7086
1399,301,104,64,133,21.2625,44.1860
1400,300,105,65,130,21.6667,43.3333
1401,300,104,64,132,21.3333,44.0000
1402,300,102,61,137,20.3333,45.6667
1403,299,99,60,140,20.0669,46.8227
1404,300,98,62,140,20.6667,46.6667
1405,300,96,61,143,20.3333,47.6667
1406,300,96,64,140,21.3333,46.6667
1407,300,95,61,144,20.3333,48.0000
1408,300,94,60,146,20.0000,48.6667
1409,299,93,62,144,20.7358,48.1605
1410,300,98,59,143,19.6667,47.6667
1411,300,100,62,138,20.6667,46.0000
1412,300,102,56,142,18.6667,47.3333
1413,300,104,56,140,18.6667,46.6667
1414,300,102,58,140,19.3333,46.6667
1415,299,99,60,140,20.0669,46.8227
1416,301,103,62,136,20.5980,45.1827
1417,299,104,59,136,19.7324,45.4849
1418,300,103,59,138,19.6667,46.0000
1419,300,98,64,138,21.3333,46.0000
1420,300,98,66,136,22.0000,45.3333
1421,299,96,65,138,21.7391,46.1538
1422,298,99,64,135,21.4765,45.3020
1423,298,101,63,134,21.1409,44.9664
1424,301,104,62,135,20.5980,44.8505
1425,301,101,60,140,19.9336,46.5116
1426,301,99,61,141,20.2658,46.8439
1427,300,97,60,143,20.0000,47.6667
1428,299,99,58,142,19.3980,47.4916
1429,301,102,58,141,19.2691,46.8439
1430,301,105,59,137,19.6013,45.5150
1431,300,106,57,137,19.0000,45.6667
1432,300,109,57,134,19.0000,44.6667
1433,298,107,58,133,19.4631,44.6309
1434,301,111,61,129,20.2658,42.8571
1435,301,110,60,131,19.9336,43.5216
1436,300,112,57,131,19.0000,43.6667
1437,299,110,59,130,19.7324,43.4783
1438,298,107,61,130,20.4698,43.6242
1439,301,114,58,129,19.2691,42.8571
1440,298,113,56,129,18.7919,43.2886
1441,299,116,52,131,17.3913,43.8127
1442,302,117,57,128,18.8742,42.3841
1443,301,121,56,124,18.6047,41.1960
1444,301,117,59,125,19.6013,41.5282
1445,301,116,59,126,19.6013,41.8605
1446,300,117,56,127,18.6667,42.3333
1447,298,114,55,129,18.4564,43.2886
1448,298,115,59,124,19.7987,41.6107
1449,302,120,59,123,19.5364,40.7285
1450,301,118,59,124,19.6013,41.1960
1451,299,119,59,121,19.7324,40.4682
1452,298,115,62,121,20.8054,40.6040
1453,300,120,59,121,19.6667,40.3333
1454,300,122,59,119,19.6667,39.6667
1455,300,123,60,117,20.0000,39.0000
1456,299,124,56,119,18.7291,39.7993
1457,304,127,59,118,19.4079,38.8158
1458,302,122,59,121,19.5364,40.0662
1459,302,126,58,118,19.2053,39.0728
1460,302,128,61,113,20.1987,37.4172
1461,302,125,60,117,19.8675,38.7417
1462,301,124,59,118,19.6013,39.2027
1463,300,121,60,119,20.0000,39.6667
1464,300,124,64,112,21.3333,37.3333
1465,298,125,60,113,20.1342,37.9195
1466,299,128,59,112,19.7324,37.4582
1467,300,127,60,113,20.0000,37.6667
1468,300,124,60,116,20.0000,38.6667
1469,299,124,62,113,20.7358,37.7926
1470,301,124,63,114,20.9302,37.8738
1471,299,123,62,114,20.7358,38.1271
1472,300,124,63,113,21.0000,37.6667
1473,300,119,67,114,22.3333,38.0000
1474,300,120,66,114,22.0000,38.0000
1475,300,121,64,115,21.3333,38.3333
1476,300,122,64,114,21.3333,38.0000
1477,300,125,60,115,20.0000,38.3333
1478,300,121,64,115,21.3333,38.3333
1479,300,119,66,115,22.0000,38.3333
1480,300,117,66,117,22.0000,39.0000
1481,299,115,69,115,23.0769,38.4615
1482,302,117,68,117,22.5166,38.7417
1483,302,117,68,117,22.5166,38.7417
1484,302,116,68,118,22.5166,39.0728
1485,301,115,65,121,21.5947,40.1993
1486,300,110,70,120,23.3333,40.0000
1487,300,109,75,116,25.0000,38.6667
1488,297,111,70,116,23.5690,39.0572
1489,298,109,72,117,24.1611,39.2617
1490,299,113,67,119,22.4080,39.7993
1491,303,118,67,118,22.1122,38.9439
1492,302,115,69,118,22.8477,39.0728
1493,301,113,69,119,22.9236,39.5349
1494,300,110,68,122,22.6667,40.6667
1495,300,108,70,122,23.3333,40.6667
1496,300,104,74,122,24.6667,40.6667
1497,300,105,73,122,24.3333,40.6667
1498,299,108,72,119,24.0803,39.7993
1499,298,111,65,122,21.8121,40.9396
1500,298,106,65,127,21.8121,42.6174
1501,301,106,66,129,21.9269,42.8571
1502,300,101,69,130,23.0000,43.3333
1503,300,98,69,133,23.0000,44.3333
1504,300,96,70,134,23.3333,44.6667
1505,297,98,68,131,22.8956,44.1077
1506,299,102,66,131,22.0736,43.8127
1507,299,100,66,133,22.0736,44.4816
1508,301,104,67,130,22.2591,43.1894
1509,301,99,70,132,23.2558,43.8538
1510,301,97,74,130,24.5847,43.1894
1511,300,93,78,129,26.0000,43.0000
1512,300,87,83,130,27.6667,43.3333
1513,297,89,77,131,25.9259,44.1077
1514,297,92,75,130,25.2525,43.7710
1515,299,95,74,130,24.7492,43.4783
1516,298,94,73,131,24.4966,43.9597
1517,300,99,71,130,23.6667,43.3333
1518,300,98,73,129,24.3333,43.0000
1519,300,97,75,128,25.0000,42.6667
1520,299,96,77,126,25.7525,42.1405
1521,301,100,71,130,23.5880,43.1894
1522,301,97,73,131,24.2525,43.5216
1523,301,92,73,136,24.2525,45.1827
1524,299,88,74,137,24.7492,45.8194
1525,303,91,78,134,25.7426,44.2244
1526,302,92,76,134,25.1656,44.3709
1527,301,90,78,133,25.9136,44.1860
1528,300,90,76,134,25.3333,44.6667
1529,299,93,75,131,25.0836,43.8127
1530,297,95,66,136,22.2222,45.7912
1531,299,97,68,134,22.7425,44.8161
1532,300,98,66,136,22.0000,45.3333
1533,300,97,64,139,21.3333,46.3333
1534,300,95,67,138,22.3333,46.0000
1535,300,94,70,136,23.3333,45.3333
1536,300,91,73,136,24.3333,45.3333
1537,299,91,74,134,24.7492,44.8161
1538,301,90,74,137,24.5847,45.5150
1539,301,87,76,138,25.2492,45.8472
1540,298,86,75,137,25.1678,45.9732
1541,299,87,76,136,25.4181,45.4849
1542,299,92,74,133,24.7492,44.4816
1543,300,91,72,137,24.0000,45.6667
1544,299,88,72,139,24.0803,46.4883
1545,298,89,71,138,23.8255,46.3087
1546,301,92,70,139,23.2558,46.1794
1547,301,92,69,140,22.9236,46.5116
1548,300,89,69,142,23.0000,47.3333
1549,299,88,69,142,23.0769,47.4916
1550,301,89,68,144,22.5914,47.8405
1551,301,94,67,140,22.2591,46.5116
1552,299,97,65,137,21.7391,45.8194
1553,298,98,64,136,21.4765,45.6376
1554,302,104,61,137,20.1987,45.3642
1555,301,107,58,136,19.2691,45.1827
1556,299,106,54,139,18.0602,46.4883
1557,300,106,53,141,17.6667,47.0000
1558,300,109,51,140,17.0000,46.6667
1559,299,109,50,140,16.7224,46.8227
1560,304,113,48,143,15.7895,47.0395
1561,303,115,48,140,15.8416,46.2046
1562,303,116,46,141,15.1815,46.5347
1563,302,113,48,141,15.8940,46.6887
1564,301,113,45,143,14.9502,47.5083
1565,301,115,43,143,14.2857,47.5083
1566,300,114,43,143,14.3333,47.6667
1567,300,116,42,142,14.0000,47.3333
1568,299,114,43,142,14.3813,47.4916
1569,299,118,40,141,13.3779,47.1572
1570,301,119,39,143,12.9568,47.5083
1571,300,115,42,143,14.0000,47.6667
1572,299,115,42,142,14.0468,47.4916
1573,300,118,43,139,14.3333,46.3333
1574,300,118,46,136,15.3333,45.3333
1575,300,118,51,131,17.0000,43.6667
1576,300,117,52,131,17.3333,43.6667
1577,298,117,51,130,17.1141,43.6242
1578,300,118,52,130,17.3333,43.3333
1579,299,118,52,129,17.3913,43.1438
1580,300,122,50,128,16.6667,42.6667
1581,300,125,49,126,16.3333,42.0000
1582,300,131,47,122,15.6667,40.6667
1583,300,131,47,122,15.6667,40.6667
1584,300,134,47,119,15.6667,39.6667
1585,299,133,50,116,16.7224,38.7960
1586,298,129,54,115,18.1208,38.5906
1587,301,128,59,114,19.6013,37.8738
1588,301,128,58,115,19.2691,38.2060
1589,300,125,61,114,20.3333,38.0000
1590,300,126,63,111,21.0000,37.0000
1591,299,126,60,113,20.0669,37.7926
1592,299,127,59,113,19.7324,37.7926
1593,301,128,59,114,19.6013,37.8738
1594,300,125,61,114,20.3333,38.0000
1595,299,130,57,112,19.0635,37.4582
1596,300,133,55,112,18.3333,37.3333
1597,298,132,56,110,18.7919,36.9128
1598,302,137,59,106,19.5364,35.0993
1599,302,132,64,106,21.1921,35.0993
1600,300,131,66,103,22.0000,34.3333
1601,300,131,67,102,22.3333,34.0000
1602,300,132,69,99,23.0000,33.0000
1603,299,129,71,99,23.7458,33.1104
1604,300,128,73,99,24.3333,33.0000
1605,300,126,75,99,25.0000,33.0000
1606,299,128,72,99,24.0803,33.1104
1607,302,133,68,101,22.5166,33.4437
1608,300,134,65,101,21.6667,33.6667
1609,299,132,66,101,22.0736,33.7793
1610,301,133,67,101,22.2591,33.5548
1611,301,130,73,98,24.2525,32.5581
1612,301,133,74,94,24.5847,31.2292
1613,300,127,77,96,25.6667,32.0000
1614,300,125,79,96,26.3333,32.0000
1615,298,121,80,97,26.8456,32.5503
1616,298,123,81,94,27.1812,31.5436
1617,301,127,84,90,27.9070,29.9003
1618,299,124,84,91,28.0936,30.4348
1619,298,123,81,94,27.1812,31.5436
1620,300,121,84,95,28.0000,31.6667
1621,299,120,84,95,28.0936,31.7726
1622,300,118,87,95,29.0000,31.6667
1623,299,113,90,96,30.1003,32.1070
1624,301,114,87,100,28.9037,33.2226
1625,301,113,86,102,28.5714,33.8870
1626,301,109,90,102,29.9003,33.8870
1627,300,105,92,103,30.6667,34.3333
1628,299,105,91,103,30.4348,34.4482
1629,301,101,94,106,31.2292,35.2159
1630,300,99,92,109,30.6667,36.3333
1631,300,96,90,114,30.0000,38.0000
1632,299,95,89,115,29.7659,38.4615
1633,300,102,83,115,27.6667,38.3333
1634,299,102,82,115,27.4247,38.4615
1635,303,108,77,118,25.4125,38.9439
1636,303,106,75,122,24.7525,40.2640
1637,301,102,77,122,25.5814,40.5316
1638,301,99,78,124,25.9136,41.1960
1639,299,98,73,128,24.4147,42.8094
1640,302,102,72,128,23.8411,42.3841
1641,301,100,71,130,23.5880,43.1894
1642,300,96,71,133,23.6667,44.3333
1643,298,96,68,134,22.8188,44.9664
1644,298,97,65,136,21.8121,45.6376
1645,298,96,67,135,22.4832,45.3020
1646,297,97,63,137,21.2121,46.1279
1647,299,101,63,135,21.0702,45.1505
1648,303,103,67,133,22.1122,43.8944
1649,302,100,66,136,21.8543,45.0331
1650,299,97,65,137,21.7391,45.8194
1651,302,99,65,138,21.5232,45.6954
1652,300,98,62,140,20.6667,46.6667
1653,300,98,61,141,20.3333,47.0000
1654,298,95,62,141,20.8054,47.3154
1655,299,97,62,140,20.7358,46.8227
1656,301,102,58,141,19.2691,46.8439
1657,300,100,58,142,19.3333,47.3333
1658,300,101,58,141,19.3333,47.0000
1659,298,105,57,136,19.1275,45.6376
1660,300,105,62,133,20.6667,44.3333
1661,298,107,58,133,19.4631,44.6309
1662,299,109,58,132,19.3980,44.1472
1663,304,112,58,134,19.0789,44.0789
1664,303,109,58,136,19.1419,44.8845
1665,303,107,61,135,20.1320,44.5545
1666,302,106,60,136,19.8675,45.0331
1667,302,105,60,137,19.8675,45.3642
1668,302,104,60,138,19.8675,45.6954
1669,300,101,56,143,18.6667,47.6667
1670,299,97,58,144,19.3980,48.1605
1671,302,102,57,143,18.8742,47.3510
1672,302,102,57,143,18.8742,47.3510
1673,302,101,59,142,19.5364,47.0199
1674,302,101,60,141,19.8675,46.6887
1675,301,102,58,141,19.2691,46.8439
1676,301,103,62,136,20.5980,45.1827
1677,300,103,64,133,21.3333,44.3333
1678,300,102,63,135,21.0000,45.0000
1679,299,102,63,134,21.0702,44.8161
1680,300,100,65,135,21.6667,45.0000
1681,300,101,64,135,21.3333,45.0000
1682,299,100,67,132,22.4080,44.1472
1683,301,108,66,127,21.9269,42.1927
1684,300,108,65,127,21.6667,42.3333
1685,299,109,63,127,21.0702,42.4749
1686,299,108,62,129,20.7358,43.1438
1687,299,113,61,125,20.4013,41.8060
1688,300,115,64,121,21.3333,40.3333
1689,299,114,63,122,21.0702,40.8027
1690,297,115,60,122,20.2020,41.0774
1691,300,117,62,121,20.6667,40.3333
1692,300,116,63,121,21.0000,40.3333
1693,299,115,64,120,21.4047,40.1338
1694,299,116,65,118,21.7391,39.4649
1695,300,115,71,114,23.6667,38.0000
1696,300,115,74,111,24.6667,37.0000
1697,299,116,69,114,23.0769,38.1271
1698,299,119,68,112,22.7425,37.4582
1699,299,119,68,112,22.7425,37.4582
1700,300,124,63,113,21.0000,37.6667
1701,299,123,65,111,21.7391,37.1237
1702,299,124,64,111,21.4047,37.1237
1703,299,121,66,112,22.0736,37.4582
1704,306,126,69,111,22.5490,36.2745
1705,306,123,71,112,23.2026,36.6013
1706,304,121,71,112,23.3553,36.8421
1707,303,121,69,113,22.7723,37.2937
1708,301,122,67,112,22.2591,37.2093
1709,299,123,66,110,22.0736,36.7893
1710,300,124,66,110,22.0000,36.6667
1711,299,122,65,112,21.7391,37.4582
1712,300,122,62,116,20.6667,38.6667
1713,298,122,61,115,20.4698,38.5906
1714,303,127,60,116,19.8020,38.2838
1715,303,128,56,119,18.4818,39.2739
1716,301,124,55,122,18.2724,40.5316
1717,301,123,56,122,18.6047,40.5316
1718,301,126,56,119,18.6047,39.5349
1719,301,127,55,119,18.2724,39.5349
1720,301,123,60,118,19.9336,39.2027
1721,301,125,61,115,20.2658,38.2060
1722,299,125,61,113,20.4013,37.7926
1723,300,128,59,113,19.6667,37.6667
1724,300,129,56,115,18.6667,38.3333
1725,298,122,60,116,20.1342,38.9262
1726,300,125,57,118,19.0000,39.3333
1727,300,125,59,116,19.6667,38.6667
1728,300,119,64,117,21.3333,39.0000
1729,299,118,63,118,21.0702,39.4649
1730,301,122,62,117,20.5980,38.8704
1731,301,118,65,118,21.5947,39.2027
1732,300,114,69,117,23.0000,39.0000
1733,300,114,71,115,23.6667,38.3333
1734,299,111,71,117,23.7458,39.1304
1735,298,108,74,116,24.8322,38.9262
1736,296,109,71,116,23.9865,39.1892
1737,302,111,72,119,23.8411,39.4040
1738,302,116,71,115,23.5099,38.0795
1739,302,115,71,116,23.5099,38.4106
1740,301,115,70,116,23.2558,38.5382
1741,298,113,70,115,23.4899,38.5906
1742,300,113,72,115,24.0000,38.3333
1743,298,116,68,114,22.8188,38.2550
1744,299,117,69,113,23.0769,37.7926
1745,300,119,68,113,22.6667,37.6667
1746,298,119,63,116,21.1409,38.9262
1747,300,115,66,119,22.0000,39.6667
1748,298,113,67,118,22.4832,39.5973
1749,301,117,67,117,22.2591,38.8704
1750,300,118,64,118,21.3333,39.3333
1751,299,116,66,117,22.0736,39.1304
1752,299,119,61,119,20.4013,39.7993
1753,301,125,55,121,18.2724,40.1993
1754,301,124,56,121,18.6047,40.1993
1755,299,128,51,120,17.0569,40.1338
1756,301,130,50,121,16.6113,40.1993
1757,299,132,47,120,15.7191,40.1338
1758,300,130,48,122,16.0000,40.6667
1759,299,132,47,120,15.7191,40.1338
1760,299,132,48,119,16.0535,39.7993
1761,299,132,47,120,15.7191,40.1338
1762,298,135,41,122,13.7584,40.9396
1763,299,134,44,121,14.7157,40.4682
1764,301,138,45,118,14.9502,39.2027
1765,300,137,45,118,15.0000,39.3333
1766,300,136,48,116,16.0000,38.6667
1767,299,141,46,112,15.3846,37.4582
1768,298,145,43,110,14.4295,36.9128
1769,302,149,43,110,14.2384,36.4238
1770,302,148,43,111,14.2384,36.7550
1771,301,141,49,111,16.2791,36.8771
1772,301,138,50,113,16.6113,37.5415
1773,301,138,52,111,17.2757,36.8771
1774,301,136,53,112,17.6080,37.2093
1775,301,134,59,108,19.6013,35.8804
1776,301,136,60,105,19.9336,34.8837
1777,301,134,64,103,21.2625,34.2193
1778,298,135,63,100,21.1409,33.5570
1779,297,133,63,101,21.2121,34.0067
1780,299,135,62,102,20.7358,34.1137
1781,299,134,63,102,21.0702,34.1137
1782,303,133,70,100,23.1023,33.0033
1783,302,132,69,101,22.8477,33.4437
1784,302,127,74,101,24.5033,33.4437
1785,302,124,74,104,24.5033,34.4371
1786,302,121,78,103,25.8278,34.1060
1787,302,118,78,106,25.8278,35.0993
1788,302,117,81,104,26.8212,34.4371
1789,302,116,81,105,26.8212,34.7682
1790,301,112,84,105,27.9070,34.8837
1791,301,112,80,109,26.5781,36.2126
1792,299,112,75,112,25.0836,37.4582
1793,302,112,77,113,25.4967,37.4172
1794,302,114,74,114,24.5033,37.7483
1795,301,113,76,112,25.2492,37.2093
1796,301,113,71,117,23.5880,38.8704
1797,301,109,74,118,24.5847,39.2027
1798,300,110,74,116,24.6667,38.6667
1799,299,109,76,114,25.4181,38.1271
1800,302,110,78,114,25.8278,37.7483
1801,302,108,80,114,26.4901,37.7483
1802,301,109,78,114,25.9136,37.8738
1803,300,105,78,117,26.0000,39.0000
1804,298,107,78,113,26.1745,37.9195
1805,299,107,75,117,25.0836,39.1304
1806,298,106,71,121,23.8255,40.6040
1807,302,105,78,119,25.8278,39.4040
1808,301,100,81,120,26.9103,39.8671
1809,300,100,79,121,26.3333,40.3333
1810,299,96,80,123,26.7559,41.1371
1811,301,93,81,127,26.9103,42.1927
1812,301,93,80,128,26.5781,42.5249
1813,300,94,78,128,26.0000,42.6667
1814,299,95,80,124,26.7559,41.4716
1815,300,97,78,125,26.0000,41.6667
1816,300,94,81,125,27.0000,41.6667
1817,300,92,80,128,26.6667,42.6667
1818,300,90,80,130,26.6667,43.3333
1819,298,86,82,130,27.5168,43.6242
1820,302,93,79,130,26.1589,43.0464
1821,300,93,76,131,25.3333,43.6667
1822,299,90,78,131,26.0870,43.8127
1823,303,92,81,130,26.7327,42.9043
1824,303,92,78,133,25.7426,43.8944
1825,303,90,77,136,25.4125,44.8845
1826,303,87,78,138,25.7426,45.5446
1827,302,82,77,143,25.4967,47.3510
1828,299,80,72,147,24.0803,49.1639
1829,302,82,69,151,22.8477,50.0000
1830,302,80,66,156,21.8543,51.6556
1831,301,81,63,157,20.9302,52.1595
1832,300,80,62,158,20.6667,52.6667
1833,300,78,65,157,21.6667,52.3333
1834,299,77,63,159,21.0702,53.1773
1835,299,79,62,158,20.7358,52.8428
1836,302,81,63,158,20.8609,52.3179
1837,301,84,61,156,20.2658,51.8272
1838,297,83,60,154,20.2020,51.8519
1839,297,85,60,152,20.2020,51.1785
1840,301,90,54,157,17.9402,52.1595
1841,301,93,56,152,18.6047,50.4983
1842,301,91,54,156,17.9402,51.8272
1843,301,95,52,154,17.2757,51.1628
1844,300,98,50,152,16.6667,50.6667
1845,298,99,47,152,15.7718,51.0067
1846,303,106,45,152,14.8515,50.1650
1847,303,105,43,155,14.1914,51.1551
1848,302,109,42,151,13.9073,50.0000
1849,301,112,38,151,12.6246,50.1661
1850,300,113,38,149,12.6667,49.6667
1851,300,113,38,149,12.6667,49.6667
1852,300,111,39,150,13.0000,50.0000
1853,300,110,42,148,14.0000,49.3333
1854,297,112,38,147,12.7946,49.4949
1855,300,114,43,143,14.3333,47.6667
1856,300,111,43,146,14.3333,48.6667
1857,300,111,49,140,16.3333,46.6667
1858,299,115,47,137,15.7191,45.8194
1859,300,115,48,137,16.0000,45.6667
1860,300,110,54,136,18.0000,45.3333
1861,300,108,58,134,19.3333,44.6667
1862,300,108,60,132,20.0000,44.0000
1863,300,108,62,130,20.6667,43.3333
1864,300,108,61,131,20.3333,43.6667
1865,300,109,61,130,20.3333,43.3333
1866,300,107,62,131,20.6667,43.6667
1867,300,107,62,131,20.6667,43.6667
1868,300,106,64,130,21.3333,43.3333
1869,300,106,67,127,22.3333,42.3333
1870,300,106,69,125,23.0000,41.6667
1871,300,100,76,124,25.3333,41.3333
1872,300,100,77,123,25.6667,41.0000
1873,300,98,78,124,26.0000,41.3333
1874,300,97,78,125,26.0000,41.6667
1875,300,98,77,125,25.6667,41.6667
1876,297,100,75,122,25.2525,41.0774
1877,297,102,74,121,24.9158,40.7407
1878,298,107,69,122,23.1544,40.9396
1879,297,109,71,117,23.9057,39.3939
1880,299,111,73,115,24.4147,38.4615
1881,299,111,73,115,24.4147,38.4615
1882,300,117,69,114,23.0000,38.0000
1883,300,115,71,114,23.6667,38.0000
1884,297,116,68,113,22.8956,38.0471
1885,300,115,72,113,24.0000,37.6667
1886,299,114,74,111,24.7492,37.1237
1887,302,116,75,111,24.8344,36.7550
1888,301,115,74,112,24.5847,37.2093
1889,300,110,78,112,26.0000,37.3333
1890,299,109,75,115,25.0836,38.4615
1891,299,109,69,121,23.0769,40.4682
1892,299,110,73,116,24.4147,38.7960
1893,299,109,69,121,23.0769,40.4682
1894,300,113,69,118,23.0000,39.3333
1895,300,113,71,116,23.6667,38.6667
1896,300,114,72,114,24.0000,38.0000
1897,298,111,74,113,24.8322,37.9195
1898,298,113,73,112,24.4966,37.5839
1899,298,117,72,109,24.1611,36.5772
1900,299,117,72,110,24.0803,36.7893
1901,297,117,69,111,23.2323,37.3737
1902,299,113,73,113,24.4147,37.7926
1903,300,113,72,115,24.0000,38.3333
1904,299,112,73,114,24.4147,38.1271
1905,302,111,76,115,25.1656,38.0795
1906,299,109,75,115,25.0836,38.4615
1907,299,102,79,118,26.4214,39.4649
1908,298,103,81,114,27.1812,38.2550
1909,295,103,78,114,26.4407,38.6441
1910,298,106,77,115,25.8389,38.5906
1911,297,101,81,115,27.2727,38.7205
1912,300,101,82,117,27.3333,39.0000
1913,299,99,81,119,27.0903,39.7993
1914,301,102,80,119,26.5781,39.5349
1915,300,102,78,120,26.0000,40.0000
1916,299,101,80,118,26.7559,39.4649
1917,299,95,83,121,27.7592,40.4682
1918,299,95,83,121,27.7592,40.4682
1919,300,92,85,123,28.3333,41.0000
1920,299,88,87,124,29.0970,41.4716
1921,298,90,84,124,28.1879,41.6107
1922,300,92,79,129,26.3333,43.0000
1923,298,87,82,129,27.5168,43.2886
1924,297,87,81,129,27.2727,43.4343
1925,300,92,78,130,26.0000,43.3333
1926,299,92,76,131,25.4181,43.8127
1927,299,95,71,133,23.7458,44.4816
1928,298,97,67,134,22.4832,44.9664
1929,298,99,66,133,22.1477,44.6309
1930,299,104,65,130,21.7391,43.4783
1931,301,107,63,131,20.9302,43.5216
1932,299,106,57,136,19.0635,45.4849
1933,301,109,58,134,19.2691,44.5183
1934,300,108,61,131,20.3333,43.6667
1935,299,107,62,130,20.7358,43.4783
1936,299,108,61,130,20.4013,43.4783
1937,301,108,60,133,19.9336,44.1860
1938,300,105,59,136,19.6667,45.3333
1939,297,104,55,138,18.5185,46.4646
1940,299,108,55,136,18.3946,45.4849
1941,297,107,54,136,18.1818,45.7912
1942,301,109,57,135,18.9369,44.8505
1943,300,113,58,129,19.3333,43.0000
1944,297,112,55,130,18.5185,43.7710
1945,298,117,54,127,18.1208,42.6174
1946,303,123,52,128,17.1617,42.2442
1947,303,122,55,126,18.1518,41.5842
1948,303,119,59,125,19.4719,41.2541
1949,302,117,60,125,19.8675,41.3907
1950,301,120,57,124,18.9369,41.1960
1951,301,116,61,124,20.2658,41.1960
1952,300,119,61,120,20.3333,40.0000
1953,299,121,58,120,19.3980,40.1338
1954,307,130,55,122,17.9153,39.7394
1955,307,129,56,122,18.2410,39.7394
1956,307,130,52,125,16.9381,40.7166
1957,306,126,56,124,18.3007,40.5229
1958,304,121,58,125,19.0789,41.1184
1959,304,119,60,125,19.7368,41.1184
1960,304,117,60,127,19.7368,41.7763
1961,304,117,59,128,19.4079,42.1053
1962,304,117,58,129,19.0789,42.4342
1963,302,116,57,129,18.8742,42.7152
1964,301,118,54,129,17.9402,42.8571
1965,300,118,56,126,18.6667,42.0000
1966,300,116,59,125,19.6667,41.6667
1967,299,116,59,124,19.7324,41.4716
1968,300,116,59,125,19.6667,41.6667
1969,300,120,55,125,18.3333,41.6667
1970,300,117,59,124,19.6667,41.3333
1971,298,119,58,121,19.4631,40.6040
1972,302,122,59,121,19.5364,40.0662
1973,302,123,60,119,19.8675,39.4040
1974,302,125,61,116,20.1987,38.4106
1975,300,121,62,117,20.6667,39.0000
1976,300,119,65,116,21.6667,38.6667
1977,300,123,62,115,20.6667,38.3333
1978,298,120,65,113,21.8121,37.9195
1979,297,119,63,115,21.2121,38.7205
1980,295,118,65,112,22.0339,37.9661
1981,294,119,65,110,22.1088,37.4150
1982,298,122,65,111,21.8121,37.2483
1983,304,124,66,114,21.7105,37.5000
1984,303,128,68,107,22.4422,35.3135
1985,303,127,71,105,23.4323,34.6535
1986,303,123,73,107,24.0924,35.3135
1987,303,115,78,110,25.7426,36.3036
1988,303,113,79,111,26.0726,36.6337
1989,302,111,82,109,27.1523,36.0927
1990,302,105,89,108,29.4702,35.7616
1991,302,104,90,108,29.8013,35.7616
1992,302,103,90,109,29.8013,36.0927
1993,302,98,94,110,31.1258,36.4238
1994,302,95,98,109,32.4503,36.0927
1995,300,93,98,109,32.6667,36.3333
1996,298,89,97,112,32.5503,37.5839
1997,302,91,99,112,32.7815,37.0861
1998,301,89,101,111,33.5548,36.8771
1999,298,86,97,115,32.5503,38.5906
2000,299,84,97,118,32.4415,39.4649
2001,302,82,99,121,32.7815,40.0662
2002,301,81,100,120,33.2226,39.8671
2003,299,79,99,121,33.1104,40.4682
2004,301,78,98,125,32.5581,41.5282
2005,298,79,96,123,32.2148,41.2752
2006,301,81,97,123,32.2259,40.8638
2007,300,81,94,125,31.3333,41.6667
2008,299,82,92,125,30.7692,41.8060
2009,299,80,90,129,30.1003,43.1438
2010,297,83,83,131,27.9461,44.1077
2011,299,89,77,133,25.7525,44.4816
2012,299,86,80,133,26.7559,44.4816
2013,302,90,79,133,26.1589,44.0397
2014,301,93,74,134,24.5847,44.5183
2015,299,90,73,136,24.4147,45.4849
2016,297,91,70,136,23.5690,45.7912
2017,297,90,68,139,22.8956,46.8013
2018,297,88,68,141,22.8956,47.4747
2019,298,92,64,142,21.4765,47.6510
2020,300,95,61,144,20.3333,48.0000
2021,298,96,59,143,19.7987,47.9866
2022,295,95,56,144,18.9831,48.8136
2023,297,96,57,144,19.1919,48.4848
2024,301,102,54,145,17.9402,48.1728
2025,300,101,52,147,17.3333,49.0000
2026,298,101,52,145,17.4497,48.6577
2027,299,101,51,147,17.0569,49.1639
2028,299,101,49,149,16.3880,49.8328
2029,299,106,46,147,15.3846,49.1639
2030,301,107,47,147,15.6146,48.8372
2031,301,113,47,141,15.6146,46.8439
2032,300,109,47,144,15.6667,48.0000
2033,299,108,43,148,14.3813,49.4983
2034,300,112,42,146,14.0000,48.6667
2035,300,116,39,145,13.0000,48.3333
2036,300,113,41,146,13.6667,48.6667
2037,299,112,38,149,12.7090,49.8328
2038,303,118,39,146,12.8713,48.1848
2039,301,121,36,144,11.9601,47.8405
2040,300,121,37,142,12.3333,47.3333
2041,300,120,40,140,13.3333,46.6667
2042,300,119,40,141,13.3333,47.0000
2043,299,122,37,140,12.3746,46.8227
2044,299,121,40,138,13.3779,46.1538
2045,302,121,46,135,15.2318,44.7020
2046,301,121,46,134,15.2824,44.5183
2047,300,121,43,136,14.3333,45.3333
2048,299,126,39,134,13.0435,44.8161
2049,301,129,40,132,13.2890,43.8538
2050,301,130,40,131,13.2890,43.5216
2051,301,133,39,129,12.9568,42.8571
2052,300,133,39,128,13.0000,42.6667
2053,298,133,41,124,13.7584,41.6107
2054,298,132,43,123,14.4295,41.2752
2055,300,135,43,122,14.3333,40.6667
2056,298,139,39,120,13.0872,40.2685
2057,303,142,43,118,14.1914,38.9439
2058,302,143,44,115,14.5695,38.0795
2059,302,144,48,110,15.8940,36.4238
2060,302,145,48,109,15.8940,36.0927
2061,302,147,50,105,16.5563,34.7682
2062,302,150,47,105,15.5629,34.7682
2063,301,152,49,100,16.2791,33.2226
2064,300,152,49,99,16.3333,33.0000
2065,299,152,43,104,14.3813,34.7826
2066,302,159,43,100,14.2384,33.1126
2067,302,159,46,97,15.2318,32.1192
2068,302,157,51,94,16.8874,31.1258
2069,302,155,56,91,18.5430,30.1325
2070,302,155,58,89,19.2053,29.4702
2071,302,152,63,87,20.8609,28.8079
2072,301,155,62,84,20.5980,27.9070
2073,300,153,61,86,20.3333,28.6667
2074,300,148,65,87,21.6667,29.0000
2075,300,148,66,86,22.0000,28.6667
2076,300,144,73,83,24.3333,27.6667
2077,300,144,73,83,24.3333,27.6667
2078,300,139,75,86,25.0000,28.6667
2079,300,137,78,85,26.0000,28.3333
2080,300,136,78,86,26.0000,28.6667
2081,300,135,78,87,26.0000,29.0000
2082,299,132,79,88,26.4214,29.4314
2083,301,129,83,89,27.5748,29.5681
2084,301,129,84,88,27.9070,29.2359
2085,300,126,88,86,29.3333,28.6667
2086,300,123,90,87,30.0000,29.0000
2087,300,124,89,87,29.6667,29.0000
2088,296,122,87,87,29.3919,29.3919
2089,298,121,90,87,30.2013,29.1946
2090,302,122,88,92,29.1391,30.4636
2091,302,120,88,94,29.1391,31.1258
2092,302,116,91,95,30.1325,31.4570
2093,300,110,92,98,30.6667,32.6667
2094,298,111,90,97,30.2013,32.5503
2095,303,115,91,97,30.0330,32.0132
2096,302,109,93,100,30.7947,33.1126
2097,301,102,96,103,31.8937,34.2193
2098,300,99,95,106,31.6667,35.3333
2099,300,99,94,107,31.3333,35.6667
2100,297,101,88,108,29.6296,36.3636
2101,298,101,89,108,29.8658,36.2416
2102,298,97,89,112,29.8658,37.5839
2103,298,95,91,112,30.5369,37.5839
2104,297,98,89,110,29.9663,37.0370
2105,304,104,84,116,27.6316,38.1579
2106,302,103,80,119,26.4901,39.4040
2107,302,101,81,120,26.8212,39.7351
2108,302,98,84,120,27.8146,39.7351
2109,301,96,78,127,25.9136,42.1927
2110,299,92,78,129,26.0870,43.1438
2111,302,93,77,132,25.4967,43.7086
2112,301,94,74,133,24.5847,44.1860
2113,299,93,72,134,24.0803,44.8161
2114,301,98,70,133,23.2558,44.1860
2115,297,97,65,135,21.8855,45.4545
2116,297,95,65,137,21.8855,46.1279
2117,296,103,61,132,20.6081,44.5946
2118,297,102,60,135,20.2020,45.4545
2119,296,99,61,136,20.6081,45.9459
2120,299,102,59,138,19.7324,46.1538
2121,299,99,60,140,20.0669,46.8227
2122,301,97,64,140,21.2625,46.5116
2123,299,98,58,143,19.3980,47.8261
2124,299,97,56,146,18.7291,48.8294
2125,301,102,57,142,18.9369,47.1761
2126,301,101,59,141,19.6013,46.8439
2127,301,97,62,142,20.5980,47.1761
2128,298,97,56,145,18.7919,48.6577
2129,300,99,55,146,18.3333,48.6667
2130,300,99,58,143,19.3333,47.6667
2131,296,99,55,142,18.5811,47.9730
2132,299,105,55,139,18.3946,46.4883
2133,302,107,57,138,18.8742,45.6954
2134,299,106,58,135,19.3980,45.1505
2135,301,108,58,135,19.2691,44.8505
2136,300,105,60,135,20.0000,45.0000
2137,299,105,58,136,19.3980,45.4849
2138,299,104,58,137,19.3980,45.8194
2139,304,107,60,137,19.7368,45.0658
2140,304,106,60,138,19.7368,45.3947
2141,302,106,61,135,20.1987,44.7020
2142,301,110,59,132,19.6013,43.8538
2143,300,109,60,131,20.0000,43.6667
2144,300,109,61,130,20.3333,43.3333
2145,299,111,59,129,19.7324,43.1438
2146,302,113,58,131,19.2053,43.3775
2147,301,111,60,130,19.9336,43.1894
2148,300,111,60,129,20.0000,43.0000
2149,299,109,64,126,21.4047,42.1405
2150,300,110,65,125,21.6667,41.6667
2151,300,113,64,123,21.3333,41.0000
2152,299,115,65,119,21.7391,39.7993
2153,298,113,64,121,21.4765,40.6040
2154,298,116,63,119,21.1409,39.9329
2155,300,115,66,119,22.0000,39.6667
2156,300,111,68,121,22.6667,40.3333
2157,298,113,68,117,22.8188,39.2617
2158,299,114,69,116,23.0769,38.7960
2159,301,111,73,117,24.2525,38.8704
2160,299,113,68,118,22.7425,39.4649
2161,302,120,66,116,21.8543,38.4106
2162,302,119,69,114,22.8477,37.7483
2163,302,120,69,113,22.8477,37.4172
2164,301,120,68,113,22.5914,37.5415
2165,301,115,73,113,24.2525,37.5415
2166,301,114,76,111,25.2492,36.8771
2167,301,114,75,112,24.9169,37.2093
2168,300,111,77,112,25.6667,37.3333
2169,300,111,77,112,25.6667,37.3333
2170,297,113,74,110,24.9158,37.0370
2171,298,113,74,111,24.8322,37.2483
2172,300,114,76,110,25.3333,36.6667
2173,299,114,76,109,25.4181,36.4548
2174,302,116,76,110,25.1656,36.4238
2175,300,116,74,110,24.6667,36.6667
2176,300,117,73,110,24.3333,36.6667
2177,299,113,73,113,24.4147,37.7926
2178,301,113,76,112,25.2492,37.2093
2179,297,107,79,111,26.5993,37.3737
2180,301,111,79,111,26.2458,36.8771
2181,301,110,83,108,27.5748,35.8804
2182,300,106,83,111,27.6667,37.0000
2183,299,104,83,112,27.7592,37.4582
2184,300,103,85,112,28.3333,37.3333
2185,299,102,83,114,27.7592,38.1271
2186,299,104,77,118,25.7525,39.4649
2187,298,104,75,119,25.1678,39.9329
2188,299,104,76,119,25.4181,39.7993
2189,297,108,71,118,23.9057,39.7306
2190,300,113,71,116,23.6667,38.6667
2191,298,115,68,115,22.8188,38.5906
2192,298,114,68,116,22.8188,38.9262
2193,297,107,72,118,24.2424,39.7306
2194,300,109,73,118,24.3333,39.3333
2195,300,111,71,118,23.6667,39.3333
2196,299,110,67,122,22.4080,40.8027
2197,300,109,69,122,23.0000,40.6667
2198,298,110,66,122,22.1477,40.9396
2199,303,117,61,125,20.1320,41.2541
2200,302,112,63,127,20.8609,42.0530
2201,302,108,63,131,20.8609,43.3775
2202,301,109,59,133,19.6013,44.1860
2203,300,109,59,132,19.6667,44.0000
2204,299,105,58,136,19.3980,45.4849
2205,301,107,55,139,18.2724,46.1794
2206,301,110,54,137,17.9402,45.5150
2207,301,111,54,136,17.9402,45.1827
2208,301,112,51,138,16.9435,45.8472
2209,301,113,50,138,16.6113,45.8472
2210,301,113,52,136,17.2757,45.1827
2211,301,112,54,135,17.9402,44.8505
2212,301,113,52,136,17.2757,45.1827
2213,300,115,52,133,17.3333,44.3333
2214,298,114,49,135,16.4430,45.3020
2215,300,117,47,136,15.6667,45.3333
2216,299,119,48,132,16.0535,44.1472
2217,301,120,48,133,15.9468,44.1860
2218,300,117,49,134,16.3333,44.6667
2219,299,119,48,132,16.0535,44.1472
2220,302,119,51,132,16.8874,43.7086
2221,300,121,48,131,16.0000,43.6667
2222,297,119,47,131,15.8249,44.1077
2223,301,123,49,129,16.2791,42.8571
2224,301,121,49,131,16.2791,43.5216
2225,300,120,49,131,16.3333,43.6667
2226,300,122,48,130,16.0000,43.3333
2227,300,121,53,126,17.6667,42.0000
2228,300,123,54,123,18.0000,41.0000
2229,300,126,53,121,17.6667,40.3333
2230,299,126,52,121,17.3913,40.4682
2231,301,122,56,123,18.6047,40.8638
2232,301,122,56,123,18.6047,40.8638
2233,300,120,57,123,19.0000,41.0000
2234,299,120,57,122,19.0635,40.8027
2235,299,120,58,121,19.3980,40.4682
2236,300,117,63,120,21.0000,40.0000
2237,300,117,64,119,21.3333,39.6667
2238,298,115,65,118,21.8121,39.5973
2239,298,115,64,119,21.4765,39.9329
2240,298,114,64,120,21.4765,40.2685
2241,298,116,62,120,20.8054,40.2685
2242,296,111,65,120,21.9595,40.5405
2243,296,112,62,122,20.9459,41.2162
2244,300,118,63,119,21.0000,39.6667
2245,299,118,61,120,20.4013,40.1338
2246,300,119,63,118,21.0000,39.3333
2247,299,115,68,116,22.7425,38.7960
2248,300,118,68,114,22.6667,38.0000
2249,300,118,68,114,22.6667,38.0000
2250,299,112,77,110,25.7525,36.7893
2251,303,120,76,107,25.0825,35.3135
2252,300,122,73,105,24.3333,35.0000
2253,300,118,79,103,26.3333,34.3333
2254,300,118,78,104,26.0000,34.6667
2255,300,116,81,103,27.0000,34.3333
2256,298,113,82,103,27.5168,34.5638
2257,300,117,81,102,27.0000,34.0000
2258,299,114,80,105,26.7559,35.1171
2259,299,115,77,107,25.7525,35.7860
2260,300,115,80,105,26.6667,35.0000
2261,300,115,81,104,27.0000,34.6667
2262,299,112,81,106,27.0903,35.4515
2263,298,110,79,109,26.5101,36.5772
2264,303,113,84,106,27.7228,34.9835
2265,301,107,90,104,29.9003,34.5515
2266,301,107,91,103,30.2326,34.2193
2267,299,100,97,102,32.4415,34.1137
2268,298,97,96,105,32.2148,35.2349
2269,297,96,98,103,32.9966,34.6801
2270,297,96,94,107,31.6498,36.0269
2271,296,94,92,110,31.0811,37.1622
2272,297,96,93,108,31.3131,36.3636
2273,299,95,95,109,31.7726,36.4548
2274,299,95,90,114,30.1003,38.1271
2275,299,91,93,115,31.1037,38.4615
2276,299,90,93,116,31.1037,38.7960
2277,297,87,94,116,31.6498,39.0572
2278,296,88,89,119,30.0676,40.2027
2279,297,90,86,121,28.9562,40.7407
2280,295,89,83,123,28.1356,41.6949
2281,297,93,81,123,27.2727,41.4141
2282,297,94,79,124,26.5993,41.7508
2283,299,95,80,124,26.7559,41.4716
2284,300,100,76,124,25.3333,41.3333
2285,300,94,77,129,25.6667,43.0000
2286,298,93,72,133,24.1611,44.6309
2287,298,93,71,134,23.8255,44.9664
2288,299,95,63,141,21.0702,47.1572
2289,299,97,59,143,19.7324,47.8261
2290,300,103,56,141,18.6667,47.0000
2291,299,106,53,140,17.7258,46.8227
2292,300,110,51,139,17.0000,46.3333
2293,300,111,46,143,15.3333,47.6667
2294,299,108,48,143,16.0535,47.8261
2295,301,112,46,143,15.2824,47.5083
2296,301,113,39,149,12.9568,49.5017
2297,300,113,37,150,12.3333,50.0000
2298,299,111,36,152,12.0401,50.8361
2299,300,112,37,151,12.3333,50.3333
2300,300,114,38,148,12.6667,49.3333
2301,300,114,37,149,12.3333,49.6667
2302,300,111,40,149,13.3333,49.6667
2303,299,109,41,149,13.7124,49.8328
2304,303,112,42,149,13.8614,49.1749
2305,302,114,35,153,11.5894,50.6623
2306,301,117,35,149,11.6279,49.5017
2307,301,115,34,152,11.2957,50.4983
2308,301,117,35,149,11.6279,49.5017
2309,301,120,36,145,11.9601,48.1728
2310,301,123,34,144,11.2957,47.8405
2311,301,125,35,141,11.6279,46.8439
2312,301,122,40,139,13.2890,46.1794
2313,301,122,40,139,13.2890,46.1794
2314,301,121,43,137,14.2857,45.5150
2315,300,124,39,137,13.0000,45.6667
2316,300,125,38,137,12.6667,45.6667
2317,300,122,40,138,13.3333,46.0000
2318,297,124,37,136,12.4579,45.7912
2319,299,127,37,135,12.3746,45.1505
2320,304,133,37,134,12.1711,44.0789
2321,304,133,36,135,11.8421,44.4079
2322,304,139,35,130,11.5132,42.7632
2323,302,142,33,127,10.9272,42.0530
2324,301,142,30,129,9.9668,42.8571
2325,301,144,30,127,9.9668,42.1927
2326,301,150,30,121,9.9668,40.1993
2327,301,148,32,121,10.6312,40.1993
2328,300,148,34,118,11.3333,39.3333
2329,300,147,35,118,11.6667,39.3333
2330,300,149,36,115,12.0000,38.3333
2331,299,148,37,114,12.3746,38.1271
2332,303,153,36,114,11.8812,37.6238
2333,302,153,36,113,11.9205,37.4172
2334,302,153,35,114,11.5894,37.7483
2335,302,150,38,114,12.5828,37.7483
2336,302,152,39,111,12.9139,36.7550
2337,302,154,39,109,12.9139,36.0927
2338,302,160,39,103,12.9139,34.1060
2339,302,161,41,100,13.5762,33.1126
2340,300,166,40,94,13.3333,31.3333
2341,300,171,39,90,13.0000,30.0000
2342,300,168,43,89,14.3333,29.6667
2343,300,167,44,89,14.6667,29.6667
2344,300,166,47,87,15.6667,29.0000
2345,299,172,45,82,15.0502,27.4247
2346,301,171,49,81,16.2791,26.9103
2347,301,170,50,81,16.6113,26.9103
2348,299,175,47,77,15.7191,25.7525
2349,299,177,48,74,16.0535,24.7492
2350,299,177,47,75,15.7191,25.0836
2351,304,177,50,77,16.4474,25.3289
2352,304,175,50,79,16.4474,25.9868
2353,303,176,49,78,16.1716,25.7426
2354,303,175,48,80,15.8416,26.4026
2355,301,175,46,80,15.2824,26.5781
2356,301,174,47,80,15.6146,26.5781
2357,301,173,53,75,17.6080,24.9169
2358,301,172,53,76,17.6080,25.2492
2359,300,168,58,74,19.3333,24.6667
2360,300,162,65,73,21.6667,24.3333
2361,300,159,66,75,22.0000,25.0000
2362,300,156,72,72,24.0000,24.0000
2363,299,152,70,77,23.4114,25.7525
2364,301,150,73,78,24.2525,25.9136
2365,300,149,72,79,24.0000,26.3333
2366,299,146,73,80,24.4147,26.7559
2367,301,150,70,81,23.2558,26.9103
2368,301,149,70,82,23.2558,27.2425
2369,300,140,77,83,25.6667,27.6667
2370,300,133,83,84,27.6667,28.0000
2371,299,130,84,85,28.0936,28.4281
2372,299,129,85,85,28.4281,28.4281
2373,299,128,86,85,28.7625,28.4281
2374,300,123,93,84,31.0000,28.0000
2375,300,117,99,84,33.0000,28.0000
2376,299,117,99,83,33.1104,27.7592
2377,299,115,99,85,33.1104,28.4281
2378,301,114,99,88,32.8904,29.2359
2379,300,110,100,90,33.3333,30.0000
2380,296,112,92,92,31.0811,31.0811
2381,299,112,89,98,29.7659,32.7759
2382,302,110,90,102,29.8013,33.7748
2383,300,107,90,103,30.0000,34.3333
2384,300,106,92,102,30.6667,34.0000
2385,299,101,94,104,31.4381,34.7826
2386,302,107,92,103,30.4636,34.1060
2387,302,105,94,103,31.1258,34.1060
2388,302,102,94,106,31.1258,35.0993
2389,302,98,94,110,31.1258,36.4238
2390,301,96,89,116,29.5681,38.5382
2391,301,92,86,123,28.5714,40.8638
2392,298,89,87,122,29.1946,40.9396
2393,300,88,88,124,29.3333,41.3333
2394,296,85,83,128,28.0405,43.2432
2395,295,86,78,131,26.4407,44.4068
2396,297,88,76,133,25.5892,44.7811
2397,295,89,74,132,25.0847,44.7458
2398,295,88,71,136,24.0678,46.1017
2399,295,88,72,135,24.4068,45.7627
2400,299,93,70,136,23.4114,45.4849
2401,300,92,71,137,23.6667,45.6667
2402,298,90,71,137,23.8255,45.9732
2403,300,93,69,138,23.0000,46.0000
2404,297,93,65,139,21.8855,46.8013
2405,299,92,65,142,21.7391,47.4916
2406,302,93,65,144,21.5232,47.6821
2407,301,93,65,143,21.5947,47.5083
2408,299,94,63,142,21.0702,47.4916
2409,300,96,57,147,19.0000,49.0000
2410,298,96,55,147,18.4564,49.3289
2411,298,97,54,147,18.1208,49.3289
2412,300,99,53,148,17.6667,49.3333
2413,297,100,48,149,16.1616,50.1684
2414,301,103,45,153,14.9502,50.8306
2415,301,107,44,150,14.6179,49.8339
2416,300,107,43,150,14.3333,50.0000
2417,300,108,44,148,14.6667,49.3333
2418,300,108,42,150,14.0000,50.0000
2419,300,108,46,146,15.3333,48.6667
2420,300,108,45,147,15.0000,49.0000
2421,300,110,42,148,14.0000,49.3333
2422,300,108,41,151,13.6667,50.3333
2423,298,108,39,151,13.0872,50.6711
2424,300,111,39,150,13.0000,50.0000
2425,298,111,37,150,12.4161,50.3356
2426,297,110,33,154,11.1111,51.8519
2427,298,112,32,154,10.7383,51.6779
2428,300,116,31,153,10.3333,51.0000
2429,300,116,33,151,11.0000,50.3333
2430,299,117,34,148,11.3712,49.4983
2431,301,120,35,146,11.6279,48.5050
2432,301,124,34,143,11.2957,47.5083
2433,301,128,36,137,11.9601,45.5150
2434,301,133,34,134,11.2957,44.5183
2435,300,135,33,132,11.0000,44.0000
2436,300,137,32,131,10.6667,43.6667
2437,300,138,32,130,10.6667,43.3333
2438,300,138,33,129,11.0000,43.0000
2439,300,135,36,129,12.0000,43.0000
2440,300,137,33,130,11.0000,43.3333
2441,300,142,34,124,11.3333,41.3333
2442,299,147,33,119,11.0368,39.7993
2443,301,155,33,113,10.9635,37.5415
2444,301,153,34,114,11.2957,37.8738
2445,301,155,32,114,10.6312,37.8738
2446,300,157,32,111,10.6667,37.0000
2447,300,157,37,106,12.3333,35.3333
2448,300,154,42,104,14.0000,34.6667
2449,300,152,43,105,14.3333,35.0000
2450,300,152,43,105,14.3333,35.0000
2451,299,151,43,105,14.3813,35.1171
2452,300,153,46,101,15.3333,33.6667
2453,300,151,49,100,16.3333,33.3333
2454,299,152,49,98,16.3880,32.7759
2455,300,148,57,95,19.0000,31.6667
2456,300,148,60,92,20.0000,30.6667
2457,300,152,60,88,20.0000,29.3333
2458,299,154,60,85,20.0669,28.4281
2459,299,154,58,87,19.3980,29.0970
2460,301,155,58,88,19.2691,29.2359
2461,300,155,63,82,21.0000,27.3333
2462,300,154,65,81,21.6667,27.0000
2463,300,147,72,81,24.0000,27.0000
2464,299,144,73,82,24.4147,27.4247
2465,299,143,77,79,25.7525,26.4214
2466,301,146,79,76,26.2458,25.2492
2467,300,144,78,78,26.0000,26.0000
2468,299,139,80,80,26.7559,26.7559
2469,300,134,81,85,27.0000,28.3333
2470,299,133,81,85,27.0903,28.4281
2471,298,130,84,84,28.1879,28.1879
2472,299,125,91,83,30.4348,27.7592
2473,298,124,92,82,30.8725,27.5168
2474,297,121,96,80,32.3232,26.9360
2475,294,120,91,83,30.9524,28.2313
2476,296,119,91,86,30.7432,29.0541
2477,298,119,94,85,31.5436,28.5235
2478,300,122,98,80,32.6667,26.6667
2479,300,118,100,82,33.3333,27.3333
2480,300,111,105,84,35.0000,28.0000
2481,298,105,108,85,36.2416,28.5235
2482,297,102,109,86,36.7003,28.9562
2483,300,102,106,92,35.3333,30.6667
2484,299,98,105,96,35.1171,32.1070
2485,298,93,109,96,36.5772,32.2148
2486,294,90,108,96,36.7347,32.6531
2487,295,88,109,98,36.9492,33.2203
2488,297,87,110,100,37.0370,33.6700
2489,294,84,108,102,36.7347,34.6939
2490,295,86,106,103,35.9322,34.9153
2491,296,86,106,104,35.8108,35.1351
2492,295,89,100,106,33.8983,35.9322
2493,293,89,95,109,32.4232,37.2014
2494,294,89,92,113,31.2925,38.4354
2495,293,90,86,117,29.3515,39.9317
2496,298,93,87,118,29.1946,39.5973
2497,299,94,88,117,29.4314,39.1304
2498,301,94,87,120,28.9037,39.8671
2499,300,93,80,127,26.6667,42.3333
2500,300,91,79,130,26.3333,43.3333
2501,299,88,74,137,24.7492,45.8194
2502,301,92,70,139,23.2558,46.1794
2503,301,93,69,139,22.9236,46.1794
2504,300,91,65,144,21.6667,48.0000
2505,297,84,67,146,22.5589,49.1582
2506,297,84,67,146,22.5589,49.1582
2507,297,78,71,148,23.9057,49.8316
2508,296,79,65,152,21.9595,51.3514
2509,298,77,67,154,22.4832,51.6779
2510,297,72,69,156,23.2323,52.5253
2511,300,76,68,156,22.6667,52.0000
2512,299,76,66,157,22.0736,52.5084
2513,299,73,68,158,22.7425,52.8428
2514,302,73,70,159,23.1788,52.6490
2515,302,71,72,159,23.8411,52.6490
2516,302,72,69,161,22.8477,53.3113
2517,302,70,70,162,23.1788,53.6424
2518,300,67,68,165,22.6667,55.0000
2519,299,68,70,161,23.4114,53.8462
2520,302,71,72,159,23.8411,52.6490
2521,301,75,70,156,23.2558,51.8272
2522,300,74,70,156,23.3333,52.0000
2523,300,72,69,159,23.0000,53.0000
2524,300,69,74,157,24.6667,52.3333
2525,297,68,71,158,23.9057,53.1987
2526,298,68,69,161,23.1544,54.0268
2527,296,71,62,163,20.9459,55.0676
2528,299,78,61,160,20.4013,53.5117
2529,301,78,61,162,20.2658,53.8206
2530,298,74,59,165,19.7987,55.3691
2531,298,75,57,166,19.1275,55.7047
2532,299,77,59,163,19.7324,54.5151
2533,300,80,56,164,18.6667,54.6667
2534,298,78,56,164,18.7919,55.0336
2535,302,91,51,160,16.8874,52.9801
2536,302,93,52,157,17.2185,51.9868
2537,302,91,53,158,17.5497,52.3179
2538,301,91,51,159,16.9435,52.8239
2539,301,91,52,158,17.2757,52.4917
2540,300,92,51,157,17.0000,52.3333
2541,300,94,50,156,16.6667,52.0000
2542,299,93,51,155,17.0569,51.8395
2543,302,99,49,154,16.2252,50.9934
2544,302,101,48,153,15.8940,50.6623
2545,302,103,48,151,15.8940,50.0000
2546,302,106,47,149,15.5629,49.3377
2547,301,109,45,147,14.9502,48.8372
2548,301,108,47,146,15.6146,48.5050
2549,300,109,46,145,15.3333,48.3333
2550,299,112,44,143,14.7157,47.8261
2551,299,122,40,137,13.3779,45.8194
2552,297,123,39,135,13.1313,45.4545
2553,300,129,44,127,14.6667,42.3333
2554,299,132,45,122,15.0502,40.8027
2555,299,136,43,120,14.3813,40.1338
2556,300,139,45,116,15.0000,38.6667
2557,300,139,44,117,14.6667,39.0000
2558,300,136,46,118,15.3333,39.3333
2559,299,134,48,117,16.0535,39.1304
2560,300,134,53,113,17.6667,37.6667
2561,300,131,56,113,18.6667,37.6667
2562,299,131,57,111,19.0635,37.1237
2563,301,132,58,111,19.2691,36.8771
2564,300,132,60,108,20.0000,36.0000
2565,299,128,61,110,20.4013,36.7893
2566,301,128,63,110,20.9302,36.5449
2567,301,123,67,111,22.2591,36.8771
2568,299,122,68,109,22.7425,36.4548
2569,304,125,70,109,23.0263,35.8553
2570,304,128,71,105,23.3553,34.5395
2571,304,126,72,106,23.6842,34.8684
2572,304,124,73,107,24.0132,35.1974
2573,304,126,71,107,23.3553,35.1974
2574,302,125,69,108,22.8477,35.7616
2575,302,125,72,105,23.8411,34.7682
2576,302,123,72,107,23.8411,35.4305
2577,302,121,74,107,24.5033,35.4305
2578,300,122,75,103,25.0000,34.3333
2579,297,127,73,97,24.5791,32.6599
2580,297,118,79,100,26.5993,33.6700
2581,300,120,79,101,26.3333,33.6667
2582,300,117,80,103,26.6667,34.3333
2583,299,116,82,101,27.4247,33.7793
2584,300,115,81,104,27.0000,34.6667
2585,300,112,84,104,28.0000,34.6667
2586,298,107,84,107,28.1879,35.9060
2587,297,107,81,109,27.2727,36.7003
2588,299,107,81,111,27.0903,37.1237
2589,302,109,83,110,27.4834,36.4238
2590,302,109,85,108,28.1457,35.7616
2591,302,107,86,109,28.4768,36.0927
2592,302,107,86,109,28.4768,36.0927
2593,302,109,85,108,28.1457,35.7616
2594,302,103,91,108,30.1325,35.7616
2595,302,101,91,110,30.1325,36.4238
2596,302,98,95,109,31.4570,36.0927
2597,302,93,99,110,32.7815,36.4238
2598,302,88,104,110,34.4371,36.4238
2599,301,87,104,110,34.5515,36.5449
2600,298,86,95,117,31.8792,39.2617
2601,298,85,95,118,31.8792,39.5973
2602,300,87,93,120,31.0000,40.0000
2603,298,86,91,121,30.5369,40.6040
2604,299,86,88,125,29.4314,41.8060
2605,298,83,87,128,29.1946,42.9530
2606,304,89,82,133,26.9737,43.7500
2607,303,84,83,136,27.3927,44.8845
2608,302,83,80,139,26.4901,46.0265
2609,299,86,75,138,25.0836,46.1538
2610,300,86,77,137,25.6667,45.6667
2611,300,84,76,140,25.3333,46.6667
2612,299,83,75,141,25.0836,47.1572
2613,301,84,77,140,25.5814,46.5116
2614,300,83,74,143,24.6667,47.6667
2615,298,79,77,142,25.8389,47.6510
2616,297,74,76,147,25.5892,49.4949
2617,300,76,72,152,24.0000,50.6667
2618,299,74,70,155,23.4114,51.8395
2619,298,78,64,156,21.4765,52.3490
2620,301,82,61,158,20.2658,52.4917
2621,301,77,67,157,22.2591,52.1595
2622,300,77,63,160,21.0000,53.3333
2623,300,75,63,162,21.0000,54.0000
2624,299,75,61,163,20.4013,54.5151
2625,299,75,62,162,20.7358,54.1806
2626,301,80,61,160,20.2658,53.1561
2627,300,78,58,164,19.3333,54.6667
2628,300,79,55,166,18.3333,55.3333
2629,300,80,57,163,19.0000,54.3333
2630,298,79,56,163,18.7919,54.6980
2631,298,77,56,165,18.7919,55.3691
2632,303,85,55,163,18.1518,53.7954
2633,303,89,53,161,17.4917,53.1353
2634,300,92,51,157,17.0000,52.3333
2635,299,89,53,157,17.7258,52.5084
2636,299,90,48,161,16.0535,53.8462
2637,303,95,46,162,15.1815,53.4653
2638,302,98,44,160,14.5695,52.9801
2639,302,103,41,158,13.5762,52.3179
2640,301,105,42,154,13.9535,51.1628
2641,301,98,48,155,15.9468,51.4950
2642,300,96,47,157,15.6667,52.3333
2643,300,95,49,156,16.3333,52.0000
2644,300,94,49,157,16.3333,52.3333
2645,299,96,47,156,15.7191,52.1739
2646,301,98,46,157,15.2824,52.1595
2647,301,100,45,156,14.9502,51.8272
2648,301,101,47,153,15.6146,50.8306
2649,301,102,48,151,15.9468,50.1661
2650,301,103,49,149,16.2791,49.5017
2651,299,106,45,148,15.0502,49.4983
2652,300,114,46,140,15.3333,46.6667
2653,299,113,48,138,16.0535,46.1538
2654,302,116,50,136,16.5563,45.0331
2655,302,116,48,138,15.8940,45.6954
2656,302,121,46,135,15.2318,44.7020
2657,302,123,45,134,14.9007,44.3709
2658,302,128,44,130,14.5695,43.0464
2659,302,131,43,128,14.2384,42.3841
2660,301,135,42,124,13.9535,41.1960
2661,300,133,44,123,14.6667,41.0000
2662,297,133,37,127,12.4579,42.7609
2663,297,133,38,126,12.7946,42.4242
2664,296,132,39,125,13.1757,42.2297
2665,297,135,38,124,12.7946,41.7508
2666,301,141,40,120,13.2890,39.8671
2667,301,141,40,120,13.2890,39.8671
2668,300,144,40,116,13.3333,38.6667
2669,300,150,40,110,13.3333,36.6667
2670,299,154,37,108,12.3746,36.1204
2671,300,157,38,105,12.6667,35.0000
2672,300,157,42,101,14.0000,33.6667
2673,300,154,41,105,13.6667,35.0000
2674,299,154,40,105,13.3779,35.1171
2675,300,157,39,104,13.0000,34.6667
2676,300,156,43,101,14.3333,33.6667
2677,300,153,47,100,15.6667,33.3333
2678,300,150,51,99,17.0000,33.0000
2679,299,152,51,96,17.0569,32.1070
2680,299,150,57,92,19.0635,30.7692
2681,302,152,56,94,18.5430,31.1258
2682,300,149,58,93,19.3333,31.0000
2683,298,152,55,91,18.4564,30.5369
2684,298,152,55,91,18.4564,30.5369
2685,301,154,57,90,18.9369,29.9003
2686,301,152,59,90,19.6013,29.9003
2687,299,149,61,89,20.4013,29.7659
2688,298,156,60,82,20.1342,27.5168
2689,302,160,62,80,20.5298,26.4901
2690,301,157,66,78,21.9269,25.9136
2691,301,149,77,75,25.5814,24.9169
2692,301,144,80,77,26.5781,25.5814
2693,300,141,81,78,27.0000,26.0000
2694,298,141,81,76,27.1812,25.5034
2695,303,142,83,78,27.3927,25.7426
2696,302,145,79,78,26.1589,25.8278
2697,301,136,85,80,28.2392,26.5781
2698,300,129,91,80,30.3333,26.6667
2699,299,128,92,79,30.7692,26.4214
2700,302,128,92,82,30.4636,27.1523
2701,302,125,91,86,30.1325,28.4768
2702,301,119,96,86,31.8937,28.5714
2703,301,116,99,86,32.8904,28.5714
2704,301,113,100,88,33.2226,29.2359
2705,300,111,98,91,32.6667,30.3333
2706,298,108,100,90,33.5570,30.2013
2707,300,105,106,89,35.3333,29.6667
2708,299,103,107,89,35.7860,29.7659
2709,300,98,113,89,37.6667,29.6667
2710,298,95,111,92,37.2483,30.8725
2711,299,96,106,97,35.4515,32.4415
2712,299,93,102,104,34.1137,34.7826
2713,301,96,101,104,33.5548,34.5515
2714,300,98,101,101,33.6667,33.6667
2715,299,97,101,101,33.7793,33.7793
2716,298,93,102,103,34.2282,34.5638
2717,299,91,103,105,34.4482,35.1171
2718,299,93,91,115,30.4348,38.4615
2719,302,99,86,117,28.4768,38.7417
2720,299,99,81,119,27.0903,39.7993
2721,301,101,80,120,26.5781,39.8671
2722,298,102,76,120,25.5034,40.2685
2723,298,96,77,125,25.8389,41.9463
2724,304,101,75,128,24.6711,42.1053
2725,304,102,75,127,24.6711,41.7763
2726,302,102,73,127,24.1722,42.0530
2727,300,97,73,130,24.3333,43.3333
2728,300,94,69,137,23.0000,45.6667
2729,300,91,69,140,23.0000,46.6667
2730,299,91,64,144,21.4047,48.1605
2731,301,91,62,148,20.5980,49.1694
2732,301,88,59,154,19.6013,51.1628
2733,301,88,59,154,19.6013,51.1628
2734,299,88,55,156,18.3946,52.1739
2735,300,88,54,158,18.0000,52.6667
2736,297,86,55,156,18.5185,52.5253
2737,300,91,51,158,17.0000,52.6667
2738,298,90,50,158,16.7785,53.0201
2739,300,93,50,157,16.6667,52.3333
2740,300,88,54,158,18.0000,52.6667
2741,300,88,56,156,18.6667,52.0000
2742,299,84,57,158,19.0635,52.8428
2743,301,82,59,160,19.6013,53.1561
2744,301,84,54,163,17.9402,54.1528
2745,301,83,56,162,18.6047,53.8206
2746,300,78,59,163,19.6667,54.3333
2747,298,78,59,161,19.7987,54.0268
2748,300,81,55,164,18.3333,54.6667
2749,298,82,53,163,17.7852,54.6980
2750,299,81,56,162,18.7291,54.1806
2751,300,82,57,161,19.0000,53.6667
2752,298,85,54,159,18.1208,53.3557
2753,300,89,56,155,18.6667,51.6667
2754,300,87,57,156,19.0000,52.0000
2755,300,89,57,154,19.0000,51.3333
2756,299,90,53,156,17.7258,52.1739
2757,301,93,53,155,17.6080,51.4950
2758,300,91,55,154,18.3333,51.3333
2759,300,92,56,152,18.6667,50.6667
2760,300,93,55,152,18.3333,50.6667
2761,298,92,55,151,18.4564,50.6711
2762,297,98,50,149,16.8350,50.1684
2763,298,107,49,142,16.4430,47.6510
2764,300,118,46,136,15.3333,45.3333
2765,298,119,43,136,14.4295,45.6376
2766,299,120,44,135,14.7157,45.1505
2767,298,120,41,137,13.7584,45.9732
2768,300,121,43,136,14.3333,45.3333
2769,300,120,44,136,14.6667,45.3333
2770,300,125,47,128,15.6667,42.6667
2771,298,125,48,125,16.1074,41.9463
2772,299,125,50,124,16.7224,41.4716
2773,300,126,50,124,16.6667,41.3333
2774,300,124,53,123,17.6667,41.0000
2775,300,125,55,120,18.3333,40.0000
2776,300,127,56,117,18.6667,39.0000
2777,298,127,56,115,18.7919,38.5906
2778,299,131,55,113,18.3946,37.7926
2779,299,131,59,109,19.7324,36.4548
2780,303,136,64,103,21.1221,33.9934
2781,302,137,63,102,20.8609,33.7748
2782,301,137,66,98,21.9269,32.5581
2783,301,138,70,93,23.2558,30.8970
2784,301,144,69,88,22.9236,29.2359
2785,301,142,73,86,24.2525,28.5714
2786,300,142,73,85,24.3333,28.3333
2787,299,139,76,84,25.4181,28.0936
2788,299,136,75,88,25.0836,29.4314
2789,305,142,75,88,24.5902,28.8525
2790,303,139,73,91,24.0924,30.0330
2791,301,133,77,91,25.5814,30.2326
2792,298,124,81,93,27.1812,31.2081
2793,300,122,84,94,28.0000,31.3333
2794,298,121,82,95,27.5168,31.8792
2795,298,123,79,96,26.5101,32.2148
2796,299,124,81,94,27.0903,31.4381
2797,299,123,83,93,27.7592,31.1037
2798,299,124,83,92,27.7592,30.7692
2799,301,123,85,93,28.2392,30.8970
2800,298,124,82,92,27.5168,30.8725
2801,300,125,82,93,27.3333,31.0000
2802,300,119,88,93,29.3333,31.0000
2803,300,115,88,97,29.3333,32.3333
2804,300,115,87,98,29.0000,32.6667
2805,299,113,88,98,29.4314,32.7759
2806,299,112,88,99,29.4314,33.1104
2807,300,105,94,101,31.3333,33.6667
2808,300,108,88,104,29.3333,34.6667
2809,299,108,86,105,28.7625,35.1171
2810,300,106,87,107,29.0000,35.6667
2811,298,100,88,110,29.5302,36.9128
2812,296,101,83,112,28.0405,37.8378
2813,296,100,81,115,27.3649,38.8514
2814,298,103,79,116,26.5101,38.9262
2815,299,102,78,119,26.0870,39.7993
2816,302,101,78,123,25.8278,40.7285
2817,302,102,78,122,25.8278,40.3974
2818,302,100,79,123,26.1589,40.7285
2819,300,102,79,119,26.3333,39.6667
2820,296,99,77,120,26.0135,40.5405
2821,297,103,74,120,24.9158,40.4040
2822,298,107,69,122,23.1544,40.9396
2823,301,111,66,124,21.9269,41.1960
2824,299,109,67,123,22.4080,41.1371
2825,302,113,67,122,22.1854,40.3974
2826,301,111,66,124,21.9269,41.1960
2827,300,111,63,126,21.0000,42.0000
2828,300,109,61,130,20.3333,43.3333
2829,298,108,61,129,20.4698,43.2886
2830,303,112,60,131,19.8020,43.2343
2831,301,108,59,134,19.6013,44.5183
2832,301,105,58,138,19.2691,45.8472
2833,300,104,59,137,19.6667,45.6667
2834,300,104,58,138,19.3333,46.0000
2835,298,99,60,139,20.1342,46.6443
2836,299,101,58,140,19.3980,46.8227
2837,301,102,56,143,18.6047,47.5083
2838,301,102,54,145,17.9402,48.1728
2839,300,101,55,144,18.3333,48.0000
2840,300,102,56,142,18.6667,47.3333
2841,299,98,57,144,19.0635,48.1605
2842,302,105,56,141,18.5430,46.6887
2843,302,102,58,142,19.2053,47.0199
2844,300,103,54,143,18.0000,47.6667
2845,300,100,56,144,18.6667,48.0000
2846,300,104,54,142,18.0000,47.3333
2847,300,107,51,142,17.0000,47.3333
2848,300,109,51,140,17.0000,46.6667
2849,300,109,49,142,16.3333,47.3333
2850,300,109,48,143,16.0000,47.6667
2851,300,107,51,142,17.0000,47.3333
2852,299,111,46,142,15.3846,47.4916
2853,299,113,43,143,14.3813,47.8261
2854,302,116,44,142,14.5695,47.0199
2855,301,120,42,139,13.9535,46.1794
2856,300,117,43,140,14.3333,46.6667
2857,300,115,45,140,15.0000,46.6667
2858,300,116,47,137,15.6667,45.6667
2859,299,114,48,137,16.0535,45.8194
2860,301,120,50,131,16.6113,43.5216
2861,299,123,44,132,14.7157,44.1472
2862,298,122,44,132,14.7651,44.2953
2863,298,123,45,130,15.1007,43.6242
2864,300,128,45,127,15.0000,42.3333
2865,297,128,45,124,15.1515,41.7508
2866,299,129,49,121,16.3880,40.4682
2867,299,128,53,118,17.7258,39.4649
2868,301,130,58,113,19.2691,37.5415
2869,301,128,59,114,19.6013,37.8738
2870,301,128,61,112,20.2658,37.2093
2871,300,128,58,114,19.3333,38.0000
2872,298,126,60,112,20.1342,37.5839
2873,300,130,60,110,20.0000,36.6667
2874,298,131,60,107,20.1342,35.9060
2875,303,135,64,104,21.1221,34.3234
2876,301,132,61,108,20.2658,35.8804
2877,300,129,65,106,21.6667,35.3333
2878,298,130,64,104,21.4765,34.8993
2879,299,132,67,100,22.4080,33.4448
2880,299,135,64,100,21.4047,33.4448
2881,303,137,65,101,21.4521,33.3333
2882,303,135,69,99,22.7723,32.6733
2883,302,137,65,100,21.5232,33.1126
2884,301,136,69,96,22.9236,31.8937
2885,300,128,75,97,25.0000,32.3333
2886,299,125,77,97,25.7525,32.4415
2887,298,124,72,102,24.1611,34.2282
2888,299,122,76,101,25.4181,33.7793
2889,300,128,70,102,23.3333,34.0000
2890,299,128,71,100,23.7458,33.4448
2891,301,127,74,100,24.5847,33.2226
2892,301,122,79,100,26.2458,33.2226
2893,300,123,79,98,26.3333,32.6667
2894,299,120,81,98,27.0903,32.7759
2895,298,121,78,99,26.1745,33.2215
2896,301,124,80,97,26.5781,32.2259
2897,300,122,79,99,26.3333,33.0000
2898,299,121,79,99,26.4214,33.1104
2899,301,123,77,101,25.5814,33.5548
2900,301,121,76,104,25.2492,34.5515
2901,300,122,76,102,25.3333,34.0000
2902,300,121,79,100,26.3333,33.3333
2903,298,118,77,103,25.8389,34.5638
2904,298,122,74,102,24.8322,34.2282
2905,298,125,70,103,23.4899,34.5638
2906,297,119,70,108,23.5690,36.3636
2907,299,123,68,108,22.7425,36.1204
2908,302,128,68,106,22.5166,35.0993
2909,301,124,72,105,23.9203,34.8837
2910,301,119,77,105,25.5814,34.8837
2911,300,117,75,108,25.0000,36.0000
2912,299,117,72,110,24.0803,36.7893
2913,301,121,69,111,22.9236,36.8771
2914,300,120,68,112,22.6667,37.3333
2915,300,118,69,113,23.0000,37.6667
2916,300,115,70,115,23.3333,38.3333
2917,300,113,71,116,23.6667,38.6667
2918,299,112,68,119,22.7425,39.7993
2919,302,112,71,119,23.5099,39.4040
2920,301,111,68,122,22.5914,40.5316
2921,301,109,69,123,22.9236,40.8638
2922,298,105,69,124,23.1544,41.6107
2923,299,106,70,123,23.4114,41.1371
2924,302,108,68,126,22.5166,41.7219
2925,302,107,69,126,22.8477,41.7219
2926,300,104,69,127,23.0000,42.3333
2927,298,101,67,130,22.4832,43.6242
2928,297,104,65,128,21.8855,43.0976
2929,301,105,66,130,21.9269,43.1894
2930,298,102,62,134,20.8054,44.9664
2931,301,104,62,135,20.5980,44.8505
2932,300,108,59,133,19.6667,44.3333
2933,299,107,59,133,19.7324,44.4816
2934,301,110,57,134,18.9369,44.5183
2935,300,113,55,132,18.3333,44.0000
2936,298,111,55,132,18.4564,44.2953
2937,302,116,52,134,17.2185,44.3709
2938,302,117,51,134,16.8874,44.3709
2939,302,121,52,129,17.2185,42.7152
2940,300,120,49,131,16.3333,43.6667
2941,299,119,51,129,17.0569,43.1438
2942,300,119,50,131,16.6667,43.6667
2943,298,112,53,133,17.7852,44.6309
2944,300,113,55,132,18.3333,44.0000
2945,298,114,54,130,18.1208,43.6242
2946,297,114,54,129,18.1818,43.4343
2947,297,114,54,129,18.1818,43.4343
2948,299,116,55,128,18.3946,42.8094
2949,304,119,59,126,19.4079,41.4474
2950,302,118,56,128,18.5430,42.3841
2951,300,121,54,125,18.0000,41.6667
2952,300,122,57,121,19.0000,40.3333
2953,300,121,59,120,19.6667,40.0000
2954,300,117,60,123,20.0000,41.0000
2955,299,120,60,119,20.0669,39.7993
2956,299,123,60,116,20.0669,38.7960
2957,302,125,64,113,21.1921,37.4172
2958,301,129,62,110,20.5980,36.5449
2959,301,128,64,109,21.2625,36.2126
2960,301,121,72,108,23.9203,35.8804
2961,299,120,69,110,23.0769,36.7893
2962,300,121,67,112,22.3333,37.3333
2963,300,121,66,113,22.0000,37.6667
2964,300,124,62,114,20.6667,38.0000
2965,300,129,58,113,19.3333,37.6667
2966,299,127,61,111,20.4013,37.1237
2967,308,136,63,109,20.4545,35.3896
2968,304,137,61,106,20.0658,34.8684
2969,304,134,63,107,20.7237,35.1974
2970,303,132,64,107,21.1221,35.3135
2971,302,130,63,109,20.8609,36.0927
2972,302,129,66,107,21.8543,35.4305
2973,301,127,68,106,22.5914,35.2159
2974,301,123,69,109,22.9236,36.2126
2975,300,122,70,108,23.3333,36.0000
2976,300,122,71,107,23.6667,35.6667
2977,299,121,70,108,23.4114,36.1204
2978,300,125,68,107,22.6667,35.6667
2979,300,125,70,105,23.3333,35.0000
2980,299,124,68,107,22.7425,35.7860
2981,297,121,67,109,22.5589,36.7003
2982,298,124,71,103,23.8255,34.5638
2983,298,120,74,104,24.8322,34.8993
2984,299,120,75,104,25.0836,34.7826
2985,301,121,77,103,25.5814,34.2193
2986,301,114,81,106,26.9103,35.2159
2987,301,111,86,104,28.5714,34.5515
2988,300,104,91,105,30.3333,35.0000
2989,299,98,97,104,32.4415,34.7826
2990,299,99,92,108,30.7692,36.1204
2991,301,94,99,108,32.8904,35.8804
2992,301,91,103,107,34.2193,35.5482
2993,300,91,98,111,32.6667,37.0000
2994,299,90,100,109,33.4448,36.4548
2995,300,89,99,112,33.0000,37.3333
2996,299,87,99,113,33.1104,37.7926
2997,299,87,98,114,32.7759,38.1271
2998,300,84,100,116,33.3333,38.6667
2999,299,84,99,116,33.1104,38.7960
3000,303,84,102,117,33.6634,38.6139
3001,303,79,104,120,34.3234,39.6040
3002,301,80,100,121,33.2226,40.1993
3003,300,77,100,123,33.3333,41.0000
3004,298,76,96,126,32.2148,42.2819
3005,298,74,96,128,32.2148,42.9530
3006,299,75,97,127,32.4415,42.4749
3007,295,75,85,135,28.8136,45.7627
3008,294,77,79,138,26.8707,46.9388
3009,295,79,72,144,24.4068,48.8136
3010,297,82,69,146,23.2323,49.1582
3011,297,85,64,148,21.5488,49.8316
3012,297,85,60,152,20.2020,51.1785
3013,299,86,59,154,19.7324,51.5050
3014,301,90,57,154,18.9369,51.1628
3015,300,93,56,151,18.6667,50.3333
3016,296,93,54,149,18.2432,50.3378
3017,296,97,54,145,18.2432,48.9865
3018,296,97,51,148,17.2297,50.0000
3019,299,99,51,149,17.0569,49.8328
3020,301,100,51,150,16.9435,49.8339
3021,296,103,43,150,14.5270,50.6757
3022,296,108,39,149,13.1757,50.3378
3023,298,108,38,152,12.7517,51.0067
3024,300,110,38,152,12.6667,50.6667
3025,299,111,37,151,12.3746,50.5017
3026,301,112,39,150,12.9568,49.8339
3027,301,112,37,152,12.2924,50.4983
3028,301,114,37,150,12.2924,49.8339
3029,300,114,37,149,12.3333,49.6667
3030,299,113,37,149,12.3746,49.8328
3031,301,113,40,148,13.2890,49.1694
3032,301,116,40,145,13.2890,48.1728
3033,299,117,39,143,13.0435,47.8261
3034,302,115,44,143,14.5695,47.3510
3035,301,116,44,141,14.6179,46.8439
3036,300,116,41,143,13.6667,47.6667
3037,299,113,42,144,14.0468,48.1605
3038,300,115,45,140,15.0000,46.6667
3039,300,113,44,143,14.6667,47.6667
3040,300,114,45,141,15.0000,47.0000
3041,299,112,49,138,16.3880,46.1538
3042,299,114,52,133,17.3913,44.4816
3043,300,115,51,134,17.0000,44.6667
3044,300,112,54,134,18.0000,44.6667
3045,300,117,53,130,17.6667,43.3333
3046,300,114,55,131,18.3333,43.6667
3047,298,116,55,127,18.4564,42.6174
3048,301,120,56,125,18.6047,41.5282
3049,299,118,58,123,19.3980,41.1371
3050,301,121,59,121,19.6013,40.1993
3051,299,121,57,121,19.0635,40.4682
3052,302,127,56,119,18.5430,39.4040
3053,301,128,58,115,19.2691,38.2060
3054,300,130,57,113,19.0000,37.6667
3055,299,129,58,112,19.3980,37.4582
3056,301,130,61,110,20.2658,36.5449
3057,301,131,60,110,19.9336,36.5449
3058,299,133,56,110,18.7291,36.7893
3059,302,141,56,105,18.5430,34.7682
3060,301,144,55,102,18.2724,33.8870
3061,300,147,55,98,18.3333,32.6667
3062,298,150,53,95,17.7852,31.8792
3063,297,148,56,93,18.8552,31.3131
3064,300,149,60,91,20.0000,30.3333
3065,300,150,60,90,20.0000,30.0000
3066,300,146,64,90,21.3333,30.0000
3067,300,146,62,92,20.6667,30.6667
3068,298,145,63,90,21.1409,30.2013
3069,300,138,71,91,23.6667,30.3333
3070,299,136,73,90,24.4147,30.1003
3071,301,136,77,88,25.5814,29.2359
3072,300,130,82,88,27.3333,29.3333
3073,299,130,81,88,27.0903,29.4314
3074,299,129,84,86,28.0936,28.7625
3075,300,130,84,86,28.0000,28.6667
3076,297,128,82,87,27.6094,29.2929
3077,296,126,82,88,27.7027,29.7297
3078,298,126,87,85,29.1946,28.5235
3079,301,130,87,84,28.9037,27.9070
3080,301,127,89,85,29.5681,28.2392
3081,301,120,94,87,31.2292,28.9037
3082,300,119,92,89,30.6667,29.6667
3083,299,114,96,89,32.1070,29.7659
3084,295,112,93,90,31.5254,30.5085
3085,295,109,94,92,31.8644,31.1864
3086,296,108,91,97,30.7432,32.7703
3087,297,108,87,102,29.2929,34.3434
3088,300,109,90,101,30.0000,33.6667
3089,299,106,89,104,29.7659,34.7826
3090,299,100,90,109,30.1003,36.4548
3091,299,98,91,110,30.4348,36.7893
3092,298,93,93,112,31.2081,37.5839
3093,300,95,91,114,30.3333,38.0000
3094,298,94,88,116,29.5302,38.9262
3095,300,93,91,116,30.3333,38.6667
3096,299,89,92,118,30.7692,39.4649
3097,298,89,91,118,30.5369,39.5973
3098,302,90,93,119,30.7947,39.4040
3099,301,88,95,118,31.5615,39.2027
3100,301,85,95,121,31.5615,40.1993
3101,301,80,95,126,31.5615,41.8605
3102,300,76,92,132,30.6667,44.0000
3103,299,75,93,131,31.1037,43.8127
3104,301,75,91,135,30.2326,44.8505
3105,299,73,90,136,30.1003,45.4849
3106,301,76,86,139,28.5714,46.1794
3107,300,76,88,136,29.3333,45.3333
3108,300,74,85,141,28.3333,47.0000
3109,300,74,85,141,28.3333,47.0000
3110,299,73,81,145,27.0903,48.4950
3111,299,75,75,149,25.0836,49.8328
3112,299,78,69,152,23.0769,50.8361
3113,302,84,66,152,21.8543,50.3311
3114,302,83,68,151,22.5166,50.0000
3115,302,82,66,154,21.8543,50.9934
3116,301,81,62,158,20.5980,52.4917
3117,301,83,60,158,19.9336,52.4917
3118,299,85,55,159,18.3946,53.1773
3119,297,90,50,157,16.8350,52.8620
3120,296,89,49,158,16.5541,53.3784
3121,300,92,48,160,16.0000,53.3333
3122,298,94,42,162,14.0940,54.3624
3123,299,95,38,166,12.7090,55.5184
3124,302,98,37,167,12.2517,55.2980
3125,302,99,37,166,12.2517,54.9669
3126,301,99,35,167,11.6279,55.4817
3127,301,104,32,165,10.6312,54.8173
3128,300,104,31,165,10.3333,55.0000
3129,300,103,32,165,10.6667,55.0000
3130,296,100,30,166,10.1351,56.0811
3131,297,103,28,166,9.4276,55.8923
3132,299,105,29,165,9.6990,55.1839
3133,302,110,28,164,9.2715,54.3046
3134,302,111,29,162,9.6026,53.6424
3135,301,111,26,164,8.6379,54.4850
3136,300,112,27,161,9.0000,53.6667
3137,300,114,25,161,8.3333,53.6667
3138,300,118,26,156,8.6667,52.0000
3139,300,121,28,151,9.3333,50.3333
3140,300,123,29,148,9.6667,49.3333
3141,299,126,28,145,9.3645,48.4950
3142,300,135,26,139,8.6667,46.3333
3143,300,136,30,134,10.0000,44.6667
3144,300,136,32,132,10.6667,44.0000
3145,300,135,33,132,11.0000,44.0000
3146,298,137,32,129,10.7383,43.2886
3147,300,136,37,127,12.3333,42.3333
3148,300,138,38,124,12.6667,41.3333
3149,298,139,35,124,11.7450,41.6107
3150,298,142,33,123,11.0738,41.2752
3151,301,145,34,122,11.2957,40.5316
3152,301,148,34,119,11.2957,39.5349
3153,301,151,34,116,11.2957,38.5382
3154,301,155,35,111,11.6279,36.8771
3155,301,154,36,111,11.9601,36.8771
3156,300,158,34,108,11.3333,36.0000
3157,299,160,32,107,10.7023,35.7860
3158,300,167,32,101,10.6667,33.6667
3159,300,166,33,101,11.0000,33.6667
3160,300,169,34,97,11.3333,32.3333
3161,300,168,35,97,11.6667,32.3333
3162,299,170,38,91,12.7090,30.4348
3163,303,179,37,87,12.2112,28.7129
3164,303,178,41,84,13.5314,27.7228
3165,303,177,42,84,13.8614,27.7228
3166,302,176,41,85,13.5762,28.1457
3167,302,174,43,85,14.2384,28.1457
3168,302,180,42,80,13.9073,26.4901
3169,302,180,44,78,14.5695,25.8278
3170,302,178,48,76,15.8940,25.1656
3171,302,177,51,74,16.8874,24.5033
3172,302,175,53,74,17.5497,24.5033
3173,302,173,57,72,18.8742,23.8411
3174,302,171,63,68,20.8609,22.5166
3175,302,172,64,66,21.1921,21.8543
3176,302,171,65,66,21.5232,21.8543
3177,302,170,68,64,22.5166,21.1921
3178,302,169,70,63,23.1788,20.8609
3179,302,166,76,60,25.1656,19.8675
3180,301,165,77,59,25.5814,19.6013
3181,300,161,78,61,26.0000,20.3333
3182,300,160,78,62,26.0000,20.6667
3183,300,156,82,62,27.3333,20.6667
3184,298,151,82,65,27.5168,21.8121
3185,300,146,89,65,29.6667,21.6667
3186,298,143,87,68,29.1946,22.8188
3187,297,142,87,68,29.2929,22.8956
3188,297,138,89,70,29.9663,23.5690
3189,297,139,91,67,30.6397,22.5589
3190,298,138,89,71,29.8658,23.8255
3191,301,137,89,75,29.5681,24.9169
3192,299,129,94,76,31.4381,25.4181
3193,300,125,96,79,32.0000,26.3333
3194,299,123,95,81,31.7726,27.0903
3195,301,119,95,87,31.5615,28.9037
3196,300,115,95,90,31.6667,30.0000
3197,299,115,95,89,31.7726,29.7659
3198,304,112,100,92,32.8947,30.2632
3199,304,110,99,95,32.5658,31.2500
3200,302,107,97,98,32.1192,32.4503
3201,301,107,94,100,31.2292,33.2226
3202,299,106,94,99,31.4381,33.1104
3203,299,102,97,100,32.4415,33.4448
3204,301,103,93,105,30.8970,34.8837
3205,300,100,87,113,29.0000,37.6667
3206,299,96,89,114,29.7659,38.1271
3207,300,98,87,115,29.0000,38.3333
3208,299,93,91,115,30.4348,38.4615
3209,297,92,88,117,29.6296,39.3939
3210,296,92,85,119,28.7162,40.2027
3211,297,91,84,122,28.2828,41.0774
3212,299,95,77,127,25.7525,42.4749
3213,304,100,73,131,24.0132,43.0921
3214,304,98,71,135,23.3553,44.4079
3215,302,97,71,134,23.5099,44.3709
3216,301,94,69,138,22.9236,45.8472
3217,301,92,73,136,24.2525,45.1827
3218,300,92,68,140,22.6667,46.6667
3219,300,91,68,141,22.6667,47.0000
3220,300,92,68,140,22.6667,46.6667
3221,298,88,70,140,23.4899,46.9799
3222,298,89,70,139,23.4899,46.6443
3223,299,90,65,144,21.7391,48.1605
3224,299,88,66,145,22.0736,48.4950
3225,301,90,67,144,22.2591,47.8405
3226,300,88,64,148,21.3333,49.3333
3227,300,90,59,151,19.6667,50.3333
3228,298,92,53,153,17.7852,51.3423
3229,296,90,53,153,17.9054,51.6892
3230,298,92,52,154,17.4497,51.6779
3231,298,92,52,154,17.4497,51.6779
3232,298,89,55,154,18.4564,51.6779
3233,300,93,55,152,18.3333,50.6667
3234,300,90,58,152,19.3333,50.6667
3235,299,91,57,151,19.0635,50.5017
3236,301,91,59,151,19.6013,50.1661
3237,300,93,53,154,17.6667,51.3333
3238,300,94,51,155,17.0000,51.6667
3239,300,94,51,155,17.0000,51.6667
3240,298,96,48,154,16.1074,51.6779
3241,302,103,46,153,15.2318,50.6623
3242,301,107,41,153,13.6213,50.8306
3243,301,110,41,150,13.6213,49.8339
3244,300,111,37,152,12.3333,50.6667
3245,298,114,34,150,11.4094,50.3356
3246,304,121,33,150,10.8553,49.3421
3247,304,124,34,146,11.1842,48.0263
3248,304,126,35,143,11.5132,47.0395
3249,303,127,34,142,11.2211,46.8647
3250,302,125,38,139,12.5828,46.0265
3251,301,127,37,137,12.2924,45.5150
3252,300,129,35,136,11.6667,45.3333
3253,299,130,35,134,11.7057,44.8161
3254,302,132,33,137,10.9272,45.3642
3255,301,132,32,137,10.6312,45.5150
3256,301,137,28,136,9.3023,45.1827
3257,301,145,28,128,9.3023,42.5249
3258,299,147,26,126,8.6957,42.1405
3259,300,149,25,126,8.3333,42.0000
3260,300,148,26,126,8.6667,42.0000
3261,300,151,26,123,8.6667,41.0000
3262,300,151,28,121,9.3333,40.3333
3263,300,154,27,119,9.0000,39.6667
3264,300,159,29,112,9.6667,37.3333
3265,300,165,28,107,9.3333,35.6667
3266,299,167,29,103,9.6990,34.4482
3267,301,172,28,101,9.3023,33.5548
3268,299,177,25,97,8.3612,32.4415
3269,304,184,25,95,8.2237,31.2500
3270,304,188,24,92,7.8947,30.2632
3271,303,189,25,89,8.2508,29.3729
3272,302,187,27,88,8.9404,29.1391
3273,301,188,23,90,7.6412,29.9003
3274,301,186,23,92,7.6412,30.5648
3275,301,192,22,87,7.3090,28.9037
3276,301,190,25,86,8.3056,28.5714
3277,301,186,28,87,9.3023,28.9037
3278,301,191,27,83,8.9701,27.5748
3279,301,194,29,78,9.6346,25.9136
3280,301,196,29,76,9.6346,25.2492
3281,301,194,30,77,9.9668,25.5814
3282,301,192,34,75,11.2957,24.9169
3283,301,190,34,77,11.2957,25.5814
3284,301,187,38,76,12.6246,25.2492
3285,299,187,38,74,12.7090,24.7492
3286,306,193,40,73,13.0719,23.8562
3287,306,191,42,73,13.7255,23.8562
3288,306,189,47,70,15.3595,22.8758
3289,306,190,51,65,16.6667,21.2418
3290,306,191,54,61,17.6471,19.9346
3291,305,189,55,61,18.0328,20.0000
3292,305,187,56,62,18.3607,20.3279
3293,305,183,58,64,19.0164,20.9836
3294,305,177,68,60,22.2951,19.6721
3295,304,174,70,60,23.0263,19.7368
3296,302,172,73,57,24.1722,18.8742
3297,301,171,70,60,23.2558,19.9336
3298,301,168,75,58,24.9169,19.2691
3299,301,164,80,57,26.5781,18.9369
3300,300,158,84,58,28.0000,19.3333
3301,300,156,84,60,28.0000,20.0000
3302,299,150,87,62,29.0970,20.7358
3303,302,150,88,64,29.1391,21.1921
3304,300,150,88,62,29.3333,20.6667
3305,299,143,94,62,31.4381,20.7358
3306,302,149,94,59,31.1258,19.5364
3307,300,146,93,61,31.0000,20.3333
3308,300,143,95,62,31.6667,20.6667
3309,298,143,95,60,31.8792,20.1342
3310,299,141,94,64,31.4381,21.4047
3311,301,138,99,64,32.8904,21.2625
3312,299,133,98,68,32.7759,22.7425
3313,299,131,99,69,33.1104,23.0769
3314,300,129,95,76,31.6667,25.3333
3315,298,128,92,78,30.8725,26.1745
3316,298,122,95,81,31.8792,27.1812
3317,301,123,95,83,31.5615,27.5748
3318,301,119,98,84,32.5581,27.9070
3319,298,113,97,88,32.5503,29.5302
3320,298,111,96,91,32.2148,30.5369
3321,301,110,96,95,31.8937,31.5615
3322,300,103,100,97,33.3333,32.3333
3323,299,99,103,97,34.4482,32.4415
3324,300,97,103,100,34.3333,33.3333
3325,300,95,99,106,33.0000,35.3333
3326,300,89,104,107,34.6667,35.6667
3327,300,84,107,109,35.6667,36.3333
3328,298,83,103,112,34.5638,37.5839
3329,298,81,103,114,34.5638,38.2550
3330,298,80,103,115,34.5638,38.5906
3331,299,79,102,118,34.1137,39.4649
3332,299,79,97,123,32.4415,41.1371
3333,302,81,96,125,31.7881,41.3907
3334,301,79,93,129,30.8970,42.8571
3335,300,78,94,128,31.3333,42.6667
3336,296,76,90,130,30.4054,43.9189
3337,299,78,86,135,28.7625,45.1505
3338,299,73,86,140,28.7625,46.8227
3339,300,72,84,144,28.0000,48.0000
3340,298,68,85,145,28.5235,48.6577
3341,298,67,83,148,27.8523,49.6644
3342,296,68,76,152,25.6757,51.3514
3343,298,71,72,155,24.1611,52.0134
3344,299,69,71,159,23.7458,53.1773
3345,300,68,71,161,23.6667,53.6667
3346,299,65,68,166,22.7425,55.5184
3347,298,64,64,170,21.4765,57.0470
3348,301,67,61,173,20.2658,57.4751
3349,300,72,59,169,19.6667,56.3333
3350,298,71,55,172,18.4564,57.7181
3351,297,69,56,172,18.8552,57.9125
3352,301,74,53,174,17.6080,57.8073
3353,301,76,49,176,16.2791,58.4718
3354,301,76,51,174,16.9435,57.8073
3355,301,79,47,175,15.6146,58.1395
3356,301,79,46,176,15.2824,58.4718
3357,301,80,44,177,14.6179,58.8040
3358,301,80,43,178,14.2857,59.1362
3359,301,83,38,180,12.6246,59.8007
3360,301,87,36,178,11.9601,59.1362
3361,301,86,34,181,11.2957,60.1329
3362,301,89,32,180,10.6312,59.8007
3363,301,88,33,180,10.9635,59.8007
3364,299,93,29,177,9.6990,59.1973
3365,302,96,25,181,8.2781,59.9338
3366,302,102,24,176,7.9470,58.2781
3367,301,105,21,175,6.9767,58.1395
3368,301,108,19,174,6.3123,57.8073
3369,301,107,22,172,7.3090,57.1429
3370,301,106,24,171,7.9734,56.8106
3371,301,110,23,168,7.6412,55.8140
3372,301,114,19,168,6.3123,55.8140
3373,301,116,21,164,6.9767,54.4850
3374,301,119,20,162,6.6445,53.8206
3375,301,117,24,160,7.9734,53.1561
3376,300,118,25,157,8.3333,52.3333
3377,300,126,26,148,8.6667,49.3333
3378,299,129,25,145,8.3612,48.4950
3379,300,133,24,143,8.0000,47.6667
3380,300,135,26,139,8.6667,46.3333
3381,299,137,26,136,8.6957,45.4849
3382,302,141,26,135,8.6093,44.7020
3383,301,144,22,135,7.3090,44.8505
3384,301,151,22,128,7.3090,42.5249
3385,300,154,21,125,7.0000,41.6667
3386,300,155,23,122,7.6667,40.6667
3387,300,155,24,121,8.0000,40.3333
3388,300,157,24,119,8.0000,39.6667
3389,300,158,26,116,8.6667,38.6667
3390,299,164,23,112,7.6923,37.4582
3391,299,168,23,108,7.6923,36.1204
3392,303,172,24,107,7.9208,35.3135
3393,303,175,23,105,7.5908,34.6535
3394,303,178,24,101,7.9208,33.3333
3395,303,183,23,97,7.5908,32.0132
3396,302,188,18,96,5.9603,31.7881
3397,302,192,18,92,5.9603,30.4636
3398,302,197,17,88,5.6291,29.1391
3399,302,201,18,83,5.9603,27.4834
3400,301,201,20,80,6.6445,26.5781
3401,301,202,19,80,6.3123,26.5781
3402,301,205,17,79,5.6478,26.2458
3403,301,205,18,78,5.9801,25.9136
3404,301,206,20,75,6.6445,24.9169
3405,301,204,26,71,8.6379,23.5880
3406,300,199,30,71,10.0000,23.6667
3407,299,197,33,69,11.0368,23.0769
3408,301,197,37,67,12.2924,22.2591
3409,301,198,39,64,12.9568,21.2625
3410,300,197,38,65,12.6667,21.6667
3411,300,199,40,61,13.3333,20.3333
3412,300,200,42,58,14.0000,19.3333
3413,300,200,44,56,14.6667,18.6667
3414,300,199,46,55,15.3333,18.3333
3415,300,197,50,53,16.6667,17.6667
3416,299,194,54,51,18.0602,17.0569
3417,299,199,54,46,18.0602,15.3846
3418,304,202,58,44,19.0789,14.4737
3419,304,197,65,42,21.3816,13.8158
3420,302,194,67,41,22.1854,13.5762
3421,302,190,71,41,23.5099,13.5762
3422,302,187,74,41,24.5033,13.5762
3423,302,185,77,40,25.4967,13.2450
3424,301,184,80,37,26.5781,12.2924
3425,300,179,82,39,27.3333,13.0000
3426,299,176,82,41,27.4247,13.7124
3427,301,176,77,48,25.5814,15.9468
3428,301,171,78,52,25.9136,17.2757
3429,301,162,83,56,27.5748,18.6047
3430,300,157,87,56,29.0000,18.6667
3431,299,151,91,57,30.4348,19.0635
3432,304,149,95,60,31.2500,19.7368
3433,304,142,100,62,32.8947,20.3947
3434,302,134,104,64,34.4371,21.1921
3435,302,129,109,64,36.0927,21.1921
3436,300,125,110,65,36.6667,21.6667
3437,300,119,112,69,37.3333,23.0000
3438,300,118,113,69,37.6667,23.0000
3439,299,112,114,73,38.1271,24.4147
3440,298,104,114,80,38.2550,26.8456
3441,297,104,111,82,37.3737,27.6094
3442,297,100,114,83,38.3838,27.9461
3443,297,96,117,84,39.3939,28.2828
3444,298,91,120,87,40.2685,29.1946
3445,297,90,117,90,39.3939,30.3030
3446,300,90,114,96,38.0000,32.0000
3447,299,82,120,97,40.1338,32.4415
3448,301,85,120,96,39.8671,31.8937
3449,301,78,123,100,40.8638,33.2226
3450,297,78,114,105,38.3838,35.3535
3451,297,78,111,108,37.3737,36.3636
3452,296,74,110,112,37.1622,37.8378
3453,298,80,99,119,33.2215,39.9329
3454,299,81,98,120,32.7759,40.1338
3455,298,80,90,128,30.2013,42.9530
3456,298,76,90,132,30.2013,44.2953
3457,298,74,88,136,29.5302,45.6376
3458,299,75,84,140,28.0936,46.8227
3459,296,73,85,138,28.7162,46.6216
3460,294,72,81,141,27.5510,47.9592
3461,296,71,81,144,27.3649,48.6486
3462,297,73,79,145,26.5993,48.8215
3463,300,70,82,148,27.3333,49.3333
3464,299,68,76,155,25.4181,51.8395
3465,299,67,73,159,24.4147,53.1773
3466,303,72,71,160,23.4323,52.8053
3467,301,69,70,162,23.2558,53.8206
3468,295,67,65,163,22.0339,55.2542
3469,297,69,60,168,20.2020,56.5657
3470,296,69,57,170,19.2568,57.4324
3471,297,70,56,171,18.8552,57.5758
3472,297,71,54,172,18.1818,57.9125
3473,299,70,55,174,18.3946,58.1940
3474,302,71,56,175,18.5430,57.9470
3475,302,69,56,177,18.5430,58.6093
3476,302,67,56,179,18.5430,59.2715
3477,301,67,51,183,16.9435,60.7973
3478,300,71,50,179,16.6667,59.6667
3479,300,77,46,177,15.3333,59.0000
3480,299,80,44,175,14.7157,58.5284
3481,300,86,41,173,13.6667,57.6667
3482,300,85,40,175,13.3333,58.3333
3483,299,86,34,179,11.3712,59.8662
3484,297,88,32,177,10.7744,59.5960
3485,299,91,31,177,10.3679,59.1973
3486,299,91,33,175,11.0368,58.5284
3487,301,97,31,173,10.2990,57.4751
3488,301,97,30,174,9.9668,57.8073
3489,300,99,30,171,10.0000,57.0000
3490,300,99,31,170,10.3333,56.6667
3491,300,102,30,168,10.0000,56.0000
3492,300,107,32,161,10.6667,53.6667
3493,299,109,32,158,10.7023,52.8428
3494,301,115,29,157,9.6346,52.1595
3495,301,115,28,158,9.3023,52.4917
3496,301,118,26,157,8.6379,52.1595
3497,300,120,26,154,8.6667,51.3333
3498,300,126,25,149,8.3333,49.6667
3499,300,126,27,147,9.0000,49.0000
3500,300,129,27,144,9.0000,48.0000
3501,300,130,29,141,9.6667,47.0000
3502,300,133,32,135,10.6667,45.0000
3503,300,133,33,134,11.0000,44.6667
3504,298,136,32,130,10.7383,43.6242
3505,301,143,36,122,11.9601,40.5316
3506,301,141,37,123,12.2924,40.8638
3507,301,147,38,116,12.6246,38.5382
3508,301,146,42,113,13.9535,37.5415
3509,300,146,44,110,14.6667,36.6667
3510,299,148,45,106,15.0502,35.4515
3511,300,145,49,106,16.3333,35.3333
3512,300,144,52,104,17.3333,34.6667
3513,298,143,53,102,17.7852,34.2282
3514,299,145,56,98,18.7291,32.7759
3515,303,152,57,94,18.8119,31.0231
3516,302,155,59,88,19.5364,29.1391
3517,301,155,63,83,20.9302,27.5748
3518,301,156,64,81,21.2625,26.9103
3519,301,157,64,80,21.2625,26.5781
3520,301,157,62,82,20.5980,27.2425
3521,301,159,63,79,20.9302,26.2458
3522,301,155,66,80,21.9269,26.5781
3523,300,153,68,79,22.6667,26.3333
3524,300,150,69,81,23.0000,27.0000
3525,298,147,73,78,24.4966,26.1745
3526,301,147,75,79,24.9169,26.2458
3527,298,145,74,79,24.8322,26.5101
3528,299,144,77,78,25.7525,26.0870
3529,302,149,76,77,25.1656,25.4967
3530,301,141,82,78,27.2425,25.9136
3531,300,140,85,75,28.3333,25.0000
3532,300,139,84,77,28.0000,25.6667
3533,298,135,84,79,28.1879,26.5101
3534,298,131,87,80,29.1946,26.8456
3535,301,137,88,76,29.2359,25.2492
3536,300,132,92,76,30.6667,25.3333
3537,299,126,95,78,31.7726,26.0870
3538,299,124,96,79,32.1070,26.4214
3539,299,121,99,79,33.1104,26.4214
3540,300,120,102,78,34.0000,26.0000
3541,300,116,104,80,34.6667,26.6667
3542,298,112,104,82,34.8993,27.5168
3543,299,113,104,82,34.7826,27.4247
3544,299,108,104,87,34.7826,29.0970
3545,297,104,104,89,35.0168,29.9663
3546,298,104,105,89,35.2349,29.8658
3547,298,98,112,88,37.5839,29.5302
3548,300,100,108,92,36.0000,30.6667
3549,299,98,106,95,35.4515,31.7726
3550,301,100,103,98,34.2193,32.5581
3551,301,99,96,106,31.8937,35.2159
3552,300,92,99,109,33.0000,36.3333
3553,300,88,101,111,33.6667,37.0000
3554,299,85,97,117,32.4415,39.1304
3555,298,82,98,118,32.8859,39.5973
3556,298,77,96,125,32.2148,41.9463
3557,299,76,93,130,31.1037,43.4783
3558,299,78,90,131,30.1003,43.8127
3559,300,78,90,132,30.0000,44.0000
3560,298,75,86,137,28.8591,45.9732
3561,302,76,86,140,28.4768,46.3576
3562,302,75,86,141,28.4768,46.6887
3563,300,74,81,145,27.0000,48.3333
3564,300,71,83,146,27.6667,48.6667
3565,296,69,79,148,26.6892,50.0000
3566,294,67,77,150,26.1905,51.0204
3567,296,70,70,156,23.6486,52.7027
3568,294,68,65,161,22.1088,54.7619
3569,294,68,64,162,21.7687,55.1020
3570,298,73,60,165,20.1342,55.3691
3571,298,72,62,164,20.8054,55.0336
3572,299,74,61,164,20.4013,54.8495
3573,301,81,53,167,17.6080,55.4817
3574,301,83,53,165,17.6080,54.8173
3575,301,80,50,171,16.6113,56.8106
3576,299,81,48,170,16.0535,56.8562
3577,301,83,47,171,15.6146,56.8106
3578,300,84,44,172,14.6667,57.3333
3579,300,86,39,175,13.0000,58.3333
3580,299,86,40,173,13.3779,57.8595
3581,303,89,43,171,14.1914,56.4356
3582,302,88,40,174,13.2450,57.6159
3583,301,86,43,172,14.2857,57.1429
3584,301,90,42,169,13.9535,56.1462
3585,300,92,39,169,13.0000,56.3333
3586,300,92,40,168,13.3333,56.0000
3587,300,89,44,167,14.6667,55.6667
3588,300,89,44,167,14.6667,55.6667
3589,300,92,41,167,13.6667,55.6667
3590,300,93,42,165,14.0000,55.0000
3591,299,93,42,164,14.0468,54.8495
3592,299,94,40,165,13.3779,55.1839
3593,299,97,37,165,12.3746,55.1839
3594,301,98,39,164,12.9568,54.4850
3595,301,100,38,163,12.6246,54.1528
3596,300,104,36,160,12.0000,53.3333
3597,299,104,37,158,12.3746,52.8428
3598,305,112,35,158,11.4754,51.8033
3599,305,110,39,156,12.7869,51.1475
3600,304,115,39,150,12.8289,49.3421
3601,303,116,38,149,12.5413,49.1749
3602,302,117,38,147,12.5828,48.6755
3603,302,123,38,141,12.5828,46.6887
3604,302,123,39,140,12.9139,46.3576
3605,302,123,42,137,13.9073,45.3642
3606,301,125,42,134,13.9535,44.5183
3607,301,124,43,134,14.2857,44.5183
3608,301,128,42,131,13.9535,43.5216
3609,301,129,45,127,14.9502,42.1927
3610,301,131,48,122,15.9468,40.5316
3611,300,128,51,121,17.0000,40.3333
3612,300,130,55,115,18.3333,38.3333
3613,300,132,57,111,19.0000,37.0000
3614,299,132,56,111,18.7291,37.1237
3615,302,134,60,108,19.8675,35.7616
3616,302,132,64,106,21.1921,35.0993
3617,301,133,63,105,20.9302,34.8837
3618,301,134,63,104,20.9302,34.5515
3619,300,136,64,100,21.3333,33.3333
3620,300,135,69,96,23.0000,32.0000
3621,300,134,68,98,22.6667,32.6667
3622,299,135,69,95,23.0769,31.7726
3623,300,133,69,98,23.0000,32.6667
3624,300,132,73,95,24.3333,31.6667
3625,299,129,75,95,25.0836,31.7726
3626,301,132,73,96,24.2525,31.8937
3627,299,131,76,92,25.4181,30.7692
3628,299,132,76,91,25.4181,30.4348
3629,301,131,79,91,26.2458,30.2326
3630,300,126,84,90,28.0000,30.0000
3631,300,123,90,87,30.0000,29.0000
3632,298,119,87,92,29.1946,30.8725
3633,300,120,89,91,29.6667,30.3333
3634,300,118,94,88,31.3333,29.3333
3635,300,112,96,92,32.0000,30.6667
3636,298,109,95,94,31.8792,31.5436
3637,300,112,97,91,32.3333,30.3333
3638,300,110,100,90,33.3333,30.0000
3639,299,108,100,91,33.4448,30.4348
3640,301,105,103,93,34.2193,30.8970
3641,300,104,101,95,33.6667,31.6667
3642,300,101,102,97,34.0000,32.3333
3643,300,94,105,101,35.0000,33.6667
3644,299,93,103,103,34.4482,34.4482
3645,298,93,104,101,34.8993,33.8926
3646,299,90,105,104,35.1171,34.7826
3647,300,88,105,107,35.0000,35.6667
3648,299,85,103,111,34.4482,37.1237
3649,299,85,100,114,33.4448,38.1271
3650,304,88,100,116,32.8947,38.1579
3651,303,85,92,126,30.3630,41.5842
3652,302,82,88,132,29.1391,43.7086
3653,302,82,87,133,28.8079,44.0397
3654,301,82,85,134,28.2392,44.5183
3655,300,78,85,137,28.3333,45.6667
3656,296,79,82,135,27.7027,45.6081
3657,297,78,82,137,27.6094,46.1279
3658,297,75,85,137,28.6195,46.1279
3659,301,79,84,138,27.9070,45.8472
3660,299,80,81,138,27.0903,46.1538
3661,303,81,80,142,26.4026,46.8647
3662,300,77,79,144,26.3333,48.0000
3663,300,72,81,147,27.0000,49.0000
3664,298,69,80,149,26.8456,50.0000
3665,300,70,79,151,26.3333,50.3333
3666,297,69,74,154,24.9158,51.8519
3667,296,67,70,159,23.6486,53.7162
3668,298,68,68,162,22.8188,54.3624
3669,301,70,67,164,22.2591,54.4850
3670,301,67,69,165,22.9236,54.8173
3671,300,67,69,164,23.0000,54.6667
3672,300,67,68,165,22.6667,55.0000
3673,298,70,62,166,20.8054,55.7047
3674,301,73,62,166,20.5980,55.1495
3675,300,74,60,166,20.0000,55.3333
3676,298,73,57,168,19.1275,56.3758
3677,298,78,54,166,18.1208,55.7047
3678,296,80,47,169,15.8784,57.0946
3679,299,83,49,167,16.3880,55.8528
3680,301,86,47,168,15.6146,55.8140
3681,301,85,47,169,15.6146,56.1462
3682,300,84,44,172,14.6667,57.3333
3683,299,85,40,174,13.3779,58.1940
3684,301,90,39,172,12.9568,57.1429
3685,301,92,37,172,12.2924,57.1429
3686,301,92,36,173,11.9601,57.4751
3687,300,93,35,172,11.6667,57.3333
3688,299,93,37,169,12.3746,56.5217
3689,298,92,36,170,12.0805,57.0470
3690,299,93,35,171,11.7057,57.1906
3691,302,99,33,170,10.9272,56.2914
3692,302,100,32,170,10.5960,56.2914
3693,302,103,34,165,11.2583,54.6358
3694,302,103,35,164,11.5894,54.3046
3695,302,105,37,160,12.2517,52.9801
3696,301,107,36,158,11.9601,52.4917
3697,301,102,42,157,13.9535,52.1595
3698,300,105,42,153,14.0000,51.0000
3699,299,108,41,150,13.7124,50.1672
3700,301,116,41,144,13.6213,47.8405
3701,301,117,41,143,13.6213,47.5083
3702,299,118,40,141,13.3779,47.1572
3703,302,129,41,132,13.5762,43.7086
3704,301,130,45,126,14.9502,41.8605
3705,300,130,48,122,16.0000,40.6667
3706,300,133,48,119,16.0000,39.6667
3707,300,134,51,115,17.0000,38.3333
3708,298,134,49,115,16.4430,38.5906
3709,301,137,48,116,15.9468,38.5382
3710,300,138,47,115,15.6667,38.3333
3711,300,138,51,111,17.0000,37.0000
3712,300,135,56,109,18.6667,36.3333
3713,299,139,55,105,18.3946,35.1171
3714,298,137,57,104,19.1275,34.8993
3715,298,140,57,101,19.1275,33.8926
3716,301,142,59,100,19.6013,33.2226
3717,300,143,56,101,18.6667,33.6667
3718,298,137,62,99,20.8054,33.2215
3719,302,140,67,95,22.1854,31.4570
3720,302,138,71,93,23.5099,30.7947
3721,302,137,75,90,24.8344,29.8013
3722,300,138,72,90,24.0000,30.0000
3723,299,133,77,89,25.7525,29.7659
3724,302,131,81,90,26.8212,29.8013
3725,299,133,78,88,26.0870,29.4314
3726,300,128,83,89,27.6667,29.6667
3727,300,126,87,87,29.0000,29.0000
3728,297,123,88,86,29.6296,28.9562
3729,298,126,89,83,29.8658,27.8523
3730,300,131,88,81,29.3333,27.0000
3731,300,129,89,82,29.6667,27.3333
3732,297,124,90,83,30.3030,27.9461
3733,299,123,92,84,30.7692,28.0936
3734,299,122,95,82,31.7726,27.4247
3735,300,118,102,80,34.0000,26.6667
3736,296,119,99,78,33.4459,26.3514
3737,297,117,104,76,35.0168,25.5892
3738,298,117,105,76,35.2349,25.5034
3739,297,123,96,78,32.3232,26.2626
3740,295,121,94,80,31.8644,27.1186
3741,296,121,91,84,30.7432,28.3784
3742,297,122,93,82,31.3131,27.6094
3743,295,119,91,85,30.8475,28.8136
3744,294,118,90,86,30.6122,29.2517
3745,298,118,92,88,30.8725,29.5302
3746,299,120,87,92,29.0970,30.7692
3747,303,121,87,95,28.7129,31.3531
3748,302,114,91,97,30.1325,32.1192
3749,301,112,89,100,29.5681,33.2226
3750,300,106,93,101,31.0000,33.6667
3751,300,100,98,102,32.6667,34.0000
3752,299,96,99,104,33.1104,34.7826
3753,300,99,93,108,31.0000,36.0000
3754,300,96,91,113,30.3333,37.6667
3755,299,94,87,118,29.0970,39.4649
3756,299,88,88,123,29.4314,41.1371
3757,302,85,90,127,29.8013,42.0530
3758,302,84,90,128,29.8013,42.3841
3759,302,82,89,131,29.4702,43.3775
3760,302,79,91,132,30.1325,43.7086
3761,301,79,91,131,30.2326,43.5216
3762,299,74,93,132,31.1037,44.1472
3763,298,70,94,134,31.5436,44.9664
3764,298,69,95,134,31.8792,44.9664
3765,300,72,88,140,29.3333,46.6667
3766,300,70,89,141,29.6667,47.0000
3767,300,68,90,142,30.0000,47.3333
3768,297,68,80,149,26.9360,50.1684
3769,299,69,81,149,27.0903,49.8328
3770,299,71,80,148,26.7559,49.4983
3771,299,74,73,152,24.4147,50.8361
3772,300,73,72,155,24.0000,51.6667
3773,300,70,73,157,24.3333,52.3333
3774,297,66,75,156,25.2525,52.5253
3775,298,64,74,160,24.8322,53.6913
3776,300,69,68,163,22.6667,54.3333
3777,299,69,67,163,22.4080,54.5151
3778,298,72,62,164,20.8054,55.0336
3779,300,76,58,166,19.3333,55.3333
3780,300,74,60,166,20.0000,55.3333
3781,300,73,57,170,19.0000,56.6667
3782,299,72,53,174,17.7258,58.1940
3783,299,71,54,174,18.0602,58.1940
3784,299,76,49,174,16.3880,58.1940
3785,305,84,47,174,15.4098,57.0492
3786,305,85,49,171,16.0656,56.0656
3787,304,84,49,171,16.1184,56.2500
3788,304,82,49,173,16.1184,56.9079
3789,303,81,49,173,16.1716,57.0957
3790,302,82,45,175,14.9007,57.9470
3791,302,85,47,170,15.5629,56.2914
3792,302,84,48,170,15.8940,56.2914
3793,301,88,46,167,15.2824,55.4817
3794,298,86,40,172,13.4228,57.7181
3795,299,89,41,169,13.7124,56.5217
3796,299,91,41,167,13.7124,55.8528
3797,302,96,41,165,13.5762,54.6358
3798,302,100,42,160,13.9073,52.9801
3799,302,99,44,159,14.5695,52.6490
3800,302,100,47,155,15.5629,51.3245
3801,302,103,44,155,14.5695,51.3245
3802,302,102,43,157,14.2384,51.9868
3803,302,103,41,158,13.5762,52.3179
3804,302,99,45,158,14.9007,52.3179
3805,301,103,47,151,15.6146,50.1661
3806,300,108,46,146,15.3333,48.6667
3807,298,111,46,141,15.4362,47.3154
3808,298,113,49,136,16.4430,45.6376
3809,301,117,50,134,16.6113,44.5183
3810,301,113,55,133,18.2724,44.1860
3811,301,117,52,132,17.2757,43.8538
3812,300,116,54,130,18.0000,43.3333
3813,298,113,55,130,18.4564,43.6242
3814,299,117,55,127,18.3946,42.4749
3815,300,120,54,126,18.0000,42.0000
3816,299,119,55,125,18.3946,41.8060
3817,299,123,56,120,18.7291,40.1338
3818,300,123,57,120,19.0000,40.0000
3819,300,120,60,120,20.0000,40.0000
3820,299,123,62,114,20.7358,38.1271
3821,300,123,64,113,21.3333,37.6667
3822,300,120,68,112,22.6667,37.3333
3823,299,122,69,108,23.0769,36.1204
3824,300,125,69,106,23.0000,35.3333
3825,298,119,73,106,24.4966,35.5705
3826,301,122,73,106,24.2525,35.2159
3827,301,116,81,104,26.9103,34.5515
3828,301,118,82,101,27.2425,33.5548
3829,301,117,82,102,27.2425,33.8870
3830,299,119,77,103,25.7525,34.4482
3831,302,121,80,101,26.4901,33.4437
3832,300,118,82,100,27.3333,33.3333
3833,299,120,80,99,26.7559,33.1104
3834,301,125,82,94,27.2425,31.2292
3835,301,120,86,95,28.5714,31.5615
3836,300,120,87,93,29.0000,31.0000
3837,300,119,91,90,30.3333,30.0000
3838,299,114,92,93,30.7692,31.1037
3839,302,113,94,95,31.1258,31.4570
3840,300,109,94,97,31.3333,32.3333
3841,299,100,99,100,33.1104,33.4448
3842,299,104,94,101,31.4381,33.7793
3843,304,102,101,101,33.2237,33.2237
3844,303,102,97,104,32.0132,34.3234
3845,303,103,98,102,32.3432,33.6634
3846,300,105,91,104,30.3333,34.6667
3847,298,98,92,108,30.8725,36.2416
3848,298,100,89,109,29.8658,36.5772
3849,298,100,87,111,29.1946,37.2483
3850,300,94,93,113,31.0000,37.6667
3851,300,94,95,111,31.6667,37.0000
3852,300,87,95,118,31.6667,39.3333
3853,299,88,93,118,31.1037,39.4649
3854,300,89,94,117,31.3333,39.0000
3855,298,84,97,117,32.5503,39.2617
3856,299,85,96,118,32.1070,39.4649
3857,298,80,98,120,32.8859,40.2685
3858,300,82,94,124,31.3333,41.3333
3859,300,78,96,126,32.0000,42.0000
3860,297,75,92,130,30.9764,43.7710
3861,295,75,87,133,29.4915,45.0847
3862,299,79,83,137,27.7592,45.8194
3863,301,84,80,137,26.5781,45.5150
3864,301,82,77,142,25.5814,47.1761
3865,300,79,80,141,26.6667,47.0000
3866,300,73,86,141,28.6667,47.0000
3867,296,72,80,144,27.0270,48.6486
3868,295,68,81,146,27.4576,49.4915
3869,295,69,81,145,27.4576,49.1525
3870,295,69,80,146,27.1186,49.4915
3871,295,69,78,148,26.4407,50.1695
3872,296,69,76,151,25.6757,51.0135
3873,297,71,72,154,24.2424,51.8519
3874,298,70,74,154,24.8322,51.6779
3875,298,71,70,157,23.4899,52.6846
3876,297,75,63,159,21.2121,53.5354
3877,298,79,58,161,19.4631,54.0268
3878,300,79,58,163,19.3333,54.3333
3879,297,80,55,162,18.5185,54.5455
3880,304,89,53,162,17.4342,53.2895
3881,304,92,50,162,16.4474,53.2895
3882,303,95,49,159,16.1716,52.4752
3883,302,94,49,159,16.2252,52.6490
3884,302,93,48,161,15.8940,53.3113
3885,302,93,48,161,15.8940,53.3113
3886,300,90,47,163,15.6667,54.3333
3887,298,91,44,163,14.7651,54.6980
3888,304,97,44,163,14.4737,53.6184
3889,302,94,42,166,13.9073,54.9669
3890,302,95,40,167,13.2450,55.2980
3891,301,96,39,166,12.9568,55.1495
3892,300,100,38,162,12.6667,54.0000
3893,299,102,37,160,12.3746,53.5117
3894,301,109,37,155,12.2924,51.4950
3895,299,106,38,155,12.7090,51.8395
3896,299,109,37,153,12.3746,51.1706
3897,302,112,38,152,12.5828,50.3311
3898,300,118,37,145,12.3333,48.3333
3899,298,123,35,140,11.7450,46.9799
3900,299,127,34,138,11.3712,46.1538
3901,302,131,36,135,11.9205,44.7020
3902,302,133,35,134,11.5894,44.3709
3903,302,131,36,135,11.9205,44.7020
3904,302,138,35,129,11.5894,42.7152
3905,301,139,34,128,11.2957,42.5249
3906,300,141,28,131,9.3333,43.6667
3907,300,144,28,128,9.3333,42.6667
3908,299,143,30,126,10.0334,42.1405
3909,299,145,28,126,9.3645,42.1405
3910,301,152,26,123,8.6379,40.8638
3911,300,154,26,120,8.6667,40.0000
3912,298,157,24,117,8.0537,39.2617
3913,298,161,25,112,8.3893,37.5839
3914,301,170,24,107,7.9734,35.5482
3915,300,172,24,104,8.0000,34.6667
3916,299,176,22,101,7.3579,33.7793
3917,301,177,24,100,7.9734,33.2226
3918,301,176,23,102,7.6412,33.8870
3919,301,180,23,98,7.6412,32.5581
3920,301,182,24,95,7.9734,31.5615
3921,301,183,22,96,7.3090,31.8937
3922,300,184,23,93,7.6667,31.0000
3923,300,186,25,89,8.3333,29.6667
3924,299,191,23,85,7.6923,28.4281
3925,302,200,21,81,6.9536,26.8212
3926,302,198,23,81,7.6159,26.8212
3927,302,200,26,76,8.6093,25.1656
3928,302,204,24,74,7.9470,24.5033
3929,301,206,24,71,7.9734,23.5880
3930,301,203,29,69,9.6346,22.9236
3931,301,200,32,69,10.6312,22.9236
3932,301,200,36,65,11.9601,21.5947
3933,301,201,36,64,11.9601,21.2625
3934,300,201,36,63,12.0000,21.0000
3935,300,200,37,63,12.3333,21.0000
3936,300,196,43,61,14.3333,20.3333
3937,298,194,45,59,15.1007,19.7987
3938,301,196,49,56,16.2791,18.6047
3939,300,195,51,54,17.0000,18.0000
3940,300,193,54,53,18.0000,17.6667
3941,300,194,56,50,18.6667,16.6667
3942,300,189,65,46,21.6667,15.3333
3943,299,184,70,45,23.4114,15.0502
3944,302,183,74,45,24.5033,14.9007
3945,302,178,80,44,26.4901,14.5695
3946,302,167,91,44,30.1325,14.5695
3947,301,164,89,48,29.5681,15.9468
3948,301,159,97,45,32.2259,14.9502
3949,300,150,104,46,34.6667,15.3333
3950,296,147,100,49,33.7838,16.5541
3951,297,139,107,51,36.0269,17.1717
3952,298,139,106,53,35.5705,17.7852
3953,301,136,109,56,36.2126,18.6047
3954,301,132,113,56,37.5415,18.6047
3955,301,124,121,56,40.1993,18.6047
3956,299,120,122,57,40.8027,19.0635
3957,300,116,124,60,41.3333,20.0000
3958,299,114,128,57,42.8094,19.0635
3959,301,113,125,63,41.5282,20.9302
3960,300,109,126,65,42.0000,21.6667
3961,299,106,130,63,43.4783,21.0702
3962,298,107,126,65,42.2819,21.8121
3963,299,105,120,74,40.1338,24.7492
3964,297,102,118,77,39.7306,25.9259
3965,300,96,123,81,41.0000,27.0000
3966,300,95,119,86,39.6667,28.6667
3967,299,92,112,95,37.4582,31.7726
3968,300,91,112,97,37.3333,32.3333
3969,298,89,107,102,35.9060,34.2282
3970,299,92,101,106,33.7793,35.4515
3971,298,87,100,111,33.5570,37.2483
3972,301,88,97,116,32.2259,38.5382
3973,301,86,96,119,31.8937,39.5349
3974,296,84,92,120,31.0811,40.5405
3975,294,83,86,125,29.2517,42.5170
3976,294,81,83,130,28.2313,44.2177
3977,297,84,81,132,27.2727,44.4444
3978,296,83,72,141,24.3243,47.6351
3979,299,78,75,146,25.0836,48.8294
3980,299,76,77,146,25.7525,48.8294
3981,299,78,72,149,24.0803,49.8328
3982,303,81,72,150,23.7624,49.5050
3983,302,80,70,152,23.1788,50.3311
3984,302,80,67,155,22.1854,51.3245
3985,300,80,61,159,20.3333,53.0000
3986,299,76,62,161,20.7358,53.8462
3987,300,77,60,163,20.0000,54.3333
3988,299,76,57,166,19.0635,55.5184
3989,300,78,54,168,18.0000,56.0000
3990,300,79,53,168,17.6667,56.0000
3991,300,78,51,171,17.0000,57.0000
3992,298,78,48,172,16.1074,57.7181
3993,300,77,47,176,15.6667,58.6667
3994,299,76,44,179,14.7157,59.8662
3995,300,79,43,178,14.3333,59.3333
3996,298,79,40,179,13.4228,60.0671
3997,300,80,39,181,13.0000,60.3333
3998,300,78,39,183,13.0000,61.0000
3999,300,81,36,183,12.0000,61.0000
4000,298,80,30,188,10.0671,63.0872
4001,299,82,30,187,10.0334,62.5418
4002,300,87,27,186,9.0000,62.0000
4003,300,88,24,188,8.0000,62.6667
4004,300,91,24,185,8.0000,61.6667
4005,299,92,24,183,8.0268,61.2040
4006,303,97,23,183,7.5908,60.3960
4007,302,97,21,184,6.9536,60.9272
4008,302,98,21,183,6.9536,60.5960
4009,301,101,21,179,6.9767,59.4684
4010,301,101,23,177,7.6412,58.8040
4011,301,106,23,172,7.6412,57.1429
4012,301,107,25,169,8.3056,56.1462
4013,299,106,23,170,7.6923,56.8562
4014,300,110,24,166,8.0000,55.3333
4015,300,118,24,158,8.0000,52.6667
4016,300,121,24,155,8.0000,51.6667
4017,300,123,26,151,8.6667,50.3333
4018,300,127,25,148,8.3333,49.3333
4019,300,135,24,141,8.0000,47.0000
4020,300,137,25,138,8.3333,46.0000
4021,300,141,25,134,8.3333,44.6667
4022,300,147,25,128,8.3333,42.6667
4023,300,150,27,123,9.0000,41.0000
4024,299,152,29,118,9.6990,39.4649
4025,300,156,30,114,10.0000,38.0000
4026,300,155,31,114,10.3333,38.0000
4027,300,159,32,109,10.6667,36.3333
4028,300,164,31,105,10.3333,35.0000
4029,300,164,34,102,11.3333,34.0000
4030,299,172,31,96,10.3679,32.1070
4031,302,179,32,91,10.5960,30.1325
4032,302,178,33,91,10.9272,30.1325
4033,302,177,39,86,12.9139,28.4768
4034,302,177,40,85,13.2450,28.1457
4035,301,178,39,84,12.9568,27.9070
4036,301,177,42,82,13.9535,27.2425
4037,300,180,43,77,14.3333,25.6667
4038,299,179,45,75,15.0502,25.0836
4039,300,181,47,72,15.6667,24.0000
4040,300,181,48,71,16.0000,23.6667
4041,299,182,48,69,16.0535,23.0769
4042,300,181,51,68,17.0000,22.6667
4043,300,178,56,66,18.6667,22.0000
4044,300,174,61,65,20.3333,21.6667
4045,299,174,60,65,20.0669,21.7391
4046,303,176,63,64,20.7921,21.1221
4047,303,177,62,64,20.4620,21.1221
4048,303,176,64,63,21.1221,20.7921
4049,302,170,69,63,22.8477,20.8609
4050,302,165,74,63,24.5033,20.8609
4051,302,166,76,60,25.1656,19.8675
4052,301,168,76,57,25.2492,18.9369
4053,300,162,77,61,25.6667,20.3333
4054,300,156,83,61,27.6667,20.3333
4055,300,156,85,59,28.3333,19.6667
4056,300,150,87,63,29.0000,21.0000
4057,299,146,87,66,29.0970,22.0736
4058,301,146,88,67,29.2359,22.2591
4059,301,140,94,67,31.2292,22.2591
4060,299,139,94,66,31.4381,22.0736
4061,300,133,100,67,33.3333,22.3333
4062,298,125,103,70,34.5638,23.4899
4063,299,121,106,72,35.4515,24.0803
4064,298,116,105,77,35.2349,25.8389
4065,298,117,103,78,34.5638,26.1745
4066,298,115,101,82,33.8926,27.5168
4067,299,111,105,83,35.1171,27.7592
4068,301,104,114,83,37.8738,27.5748
4069,299,94,119,86,39.7993,28.7625
4070,302,93,118,91,39.0728,30.1325
4071,301,88,121,92,40.1993,30.5648
4072,300,81,126,93,42.0000,31.0000
4073,299,78,125,96,41.8060,32.1070
4074,298,76,121,101,40.6040,33.8926
4075,300,73,121,106,40.3333,35.3333
4076,300,71,119,110,39.6667,36.6667
4077,297,67,115,115,38.7205,38.7205
4078,296,66,116,114,39.1892,38.5135
4079,296,63,117,116,39.5270,39.1892
4080,294,67,109,118,37.0748,40.1361
4081,295,66,104,125,35.2542,42.3729
4082,295,67,102,126,34.5763,42.7119
4083,295,64,101,130,34.2373,44.0678
4084,294,63,96,135,32.6531,45.9184
4085,297,66,94,137,31.6498,46.1279
4086,297,64,94,139,31.6498,46.8013
4087,298,66,90,142,30.2013,47.6510
4088,296,62,86,148,29.0541,50.0000
4089,298,63,74,161,24.8322,54.0268
4090,299,64,72,163,24.0803,54.5151
4091,296,61,65,170,21.9595,57.4324
4092,296,63,59,174,19.9324,58.7838
4093,298,66,57,175,19.1275,58.7248
4094,295,64,54,177,18.3051,60.0000
4095,296,68,48,180,16.2162,60.8108
4096,298,68,48,182,16.1074,61.0738
4097,299,72,46,181,15.3846,60.5351
4098,300,74,46,180,15.3333,60.0000
4099,300,74,44,182,14.6667,60.6667
4100,299,74,43,182,14.3813,60.8696
4101,301,77,43,181,14.2857,60.1329
4102,300,78,42,180,14.0000,60.0000
4103,300,79,38,183,12.6667,61.0000
4104,299,81,34,184,11.3712,61.5385
4105,300,84,35,181,11.6667,60.3333
4106,300,81,38,181,12.6667,60.3333
4107,299,81,38,180,12.7090,60.2007
4108,299,84,36,179,12.0401,59.8662
4109,301,88,37,176,12.2924,58.4718
4110,300,89,37,174,12.3333,58.0000
4111,299,91,34,174,11.3712,58.1940
4112,300,91,34,175,11.3333,58.3333
4113,299,93,33,173,11.0368,57.8595
4114,300,98,32,170,10.6667,56.6667
4115,300,99,32,169,10.6667,56.3333
4116,300,103,31,166,10.3333,55.3333
4117,300,105,30,165,10.0000,55.0000
4118,300,108,29,163,9.6667,54.3333
4119,299,109,28,162,9.3645,54.1806
4120,302,112,29,161,9.6026,53.3113
4121,302,115,28,159,9.2715,52.6490
4122,301,121,27,153,8.9701,50.8306
4123,301,123,28,150,9.3023,49.8339
4124,301,122,31,148,10.2990,49.1694
4125,301,120,35,146,11.6279,48.5050
4126,300,122,35,143,11.6667,47.6667
4127,299,124,35,140,11.7057,46.8227
4128,299,128,32,139,10.7023,46.4883
4129,301,135,32,134,10.6312,44.5183
4130,300,132,33,135,11.0000,45.0000
4131,300,133,34,133,11.3333,44.3333
4132,300,134,36,130,12.0000,43.3333
4133,300,139,37,124,12.3333,41.3333
4134,300,141,38,121,12.6667,40.3333
4135,300,142,40,118,13.3333,39.3333
4136,300,144,43,113,14.3333,37.6667
4137,300,144,45,111,15.0000,37.0000
4138,300,144,48,108,16.0000,36.0000
4139,300,147,48,105,16.0000,35.0000
4140,299,147,53,99,17.7258,33.1104
4141,305,162,57,86,18.6885,28.1967
4142,305,162,58,85,19.0164,27.8689
4143,305,167,60,78,19.6721,25.5738
4144,305,166,66,73,21.6393,23.9344
4145,304,168,62,74,20.3947,24.3421
4146,303,167,57,79,18.8119,26.0726
4147,303,164,62,77,20.4620,25.4125
4148,303,165,63,75,20.7921,24.7525
4149,303,164,65,74,21.4521,24.4224
4150,303,156,73,74,24.0924,24.4224
4151,302,151,78,73,25.8278,24.1722
4152,301,151,76,74,25.2492,24.5847
4153,300,147,80,73,26.6667,24.3333
4154,300,143,84,73,28.0000,24.3333
4155,298,139,88,71,29.5302,23.8255
4156,298,133,94,71,31.5436,23.8255
4157,301,131,97,73,32.2259,24.2525
4158,301,129,98,74,32.5581,24.5847
4159,300,125,99,76,33.0000,25.3333
4160,298,124,99,75,33.2215,25.1678
4161,301,126,98,77,32.5581,25.5814
4162,298,117,101,80,33.8926,26.8456
4163,302,120,102,80,33.7748,26.4901
4164,301,116,104,81,34.5515,26.9103
4165,298,114,102,82,34.2282,27.5168
4166,298,114,101,83,33.8926,27.8523
4167,295,113,99,83,33.5593,28.1356
4168,295,110,101,84,34.2373,28.4746
4169,296,107,105,84,35.4730,28.3784
4170,293,107,102,84,34.8123,28.6689
4171,292,105,99,88,33.9041,30.1370
4172,292,97,103,92,35.2740,31.5068
4173,295,98,104,93,35.2542,31.5254
4174,294,98,101,95,34.3537,32.3129
4175,294,96,95,103,32.3129,35.0340
4176,296,92,97,107,32.7703,36.1486
4177,294,92,88,114,29.9320,38.7755
4178,297,95,88,114,29.6296,38.3838
4179,296,94,88,114,29.7297,38.5135
4180,297,95,85,117,28.6195,39.3939
4181,298,96,85,117,28.5235,39.2617
4182,297,95,86,116,28.9562,39.0572
4183,295,94,79,122,26.7797,41.3559
4184,296,95,77,124,26.0135,41.8919
4185,294,91,79,124,26.8707,42.1769
4186,296,91,81,124,27.3649,41.8919
4187,297,93,80,124,26.9360,41.7508
4188,299,93,80,126,26.7559,42.1405
4189,301,95,76,130,25.2492,43.1894
4190,299,92,73,134,24.4147,44.8161
4191,300,94,72,134,24.0000,44.6667
4192,300,92,68,140,22.6667,46.6667
4193,296,90,64,142,21.6216,47.9730
4194,301,94,65,142,21.5947,47.1761
4195,300,93,63,144,21.0000,48.0000
4196,299,92,62,145,20.7358,48.4950
4197,302,96,59,147,19.5364,48.6755
4198,302,102,57,143,18.8742,47.3510
4199,301,102,57,142,18.9369,47.1761
4200,300,99,55,146,18.3333,48.6667
4201,300,99,54,147,18.0000,49.0000
4202,300,98,52,150,17.3333,50.0000
4203,300,93,58,149,19.3333,49.6667
4204,299,94,54,151,18.0602,50.5017
4205,301,94,55,152,18.2724,50.4983
4206,299,92,53,154,17.7258,51.5050
4207,300,94,51,155,17.0000,51.6667
4208,300,97,49,154,16.3333,51.3333
4209,299,95,52,152,17.3913,50.8361
4210,299,98,50,151,16.7224,50.5017
4211,302,104,48,150,15.8940,49.6689
4212,300,105,46,149,15.3333,49.6667
4213,300,108,44,148,14.6667,49.3333
4214,299,111,42,146,14.0468,48.8294
4215,304,117,41,146,13.4868,48.0263
4216,304,115,43,146,14.1447,48.0263
4217,304,113,46,145,15.1316,47.6974
4218,304,113,44,147,14.4737,48.3553
4219,303,112,45,146,14.8515,48.1848
4220,301,112,44,145,14.6179,48.1728
4221,300,111,43,146,14.3333,48.6667
4222,300,114,42,144,14.0000,48.0000
4223,300,117,40,143,13.3333,47.6667
4224,300,118,39,143,13.0000,47.6667
4225,300,117,40,143,13.3333,47.6667
4226,298,118,39,141,13.0872,47.3154
4227,299,125,40,134,13.3779,44.8161
4228,304,131,43,130,14.1447,42.7632
4229,304,138,42,124,13.8158,40.7895
4230,304,138,41,125,13.4868,41.1184
4231,303,137,42,124,13.8614,40.9241
4232,303,140,45,118,14.8515,38.9439
4233,303,135,50,118,16.5017,38.9439
4234,303,131,54,118,17.8218,38.9439
4235,302,134,56,112,18.5430,37.0861
4236,302,133,58,111,19.2053,36.7550
4237,301,132,55,114,18.2724,37.8738
4238,300,131,55,114,18.3333,38.0000
4239,300,127,60,113,20.0000,37.6667
4240,299,126,60,113,20.0669,37.7926
4241,302,129,61,112,20.1987,37.0861
4242,302,131,63,108,20.8609,35.7616
4243,302,130,65,107,21.5232,35.4305
4244,302,136,64,102,21.1921,33.7748
4245,302,135,64,103,21.1921,34.1060
4246,301,132,66,103,21.9269,34.2193
4247,300,132,65,103,21.6667,34.3333
4248,299,130,68,101,22.7425,33.7793
4249,299,133,68,98,22.7425,32.7759
4250,301,137,68,96,22.5914,31.8937
4251,301,135,69,97,22.9236,32.2259
4252,300,138,69,93,23.0000,31.0000
4253,300,140,66,94,22.0000,31.3333
4254,300,141,63,96,21.0000,32.0000
4255,299,140,61,98,20.4013,32.7759
4256,299,141,62,96,20.7358,32.1070
4257,298,139,62,97,20.8054,32.5503
4258,304,142,65,97,21.3816,31.9079
4259,304,145,62,97,20.3947,31.9079
4260,304,144,61,99,20.0658,32.5658
4261,303,143,57,103,18.8119,33.9934
4262,302,140,60,102,19.8675,33.7748
4263,300,139,60,101,20.0000,33.6667
4264,300,140,58,102,19.3333,34.0000
4265,299,138,61,100,20.4013,33.4448
4266,300,135,63,102,21.0000,34.0000
4267,298,133,62,103,20.8054,34.5638
4268,299,135,62,102,20.7358,34.1137
4269,300,136,59,105,19.6667,35.0000
4270,298,133,61,104,20.4698,34.8993
4271,298,129,63,106,21.1409,35.5705
4272,302,130,67,105,22.1854,34.7682
4273,301,127,69,105,22.9236,34.8837
4274,301,123,72,106,23.9203,35.2159
4275,300,123,74,103,24.6667,34.3333
4276,300,121,78,101,26.0000,33.6667
4277,299,117,79,103,26.4214,34.4482
4278,300,117,76,107,25.3333,35.6667
4279,300,117,75,108,25.0000,36.0000
4280,300,115,77,108,25.6667,36.0000
4281,300,112,80,108,26.6667,36.0000
4282,300,115,75,110,25.0000,36.6667
4283,300,111,78,111,26.0000,37.0000
4284,299,105,81,113,27.0903,37.7926
4285,302,103,84,115,27.8146,38.0795
4286,301,98,85,118,28.2392,39.2027
4287,300,94,84,122,28.0000,40.6667
4288,300,92,85,123,28.3333,41.0000
4289,300,87,93,120,31.0000,40.0000
4290,298,87,90,121,30.2013,40.6040
4291,299,87,90,122,30.1003,40.8027
4292,299,86,88,125,29.4314,41.8060
4293,301,87,90,124,29.9003,41.1960
4294,298,85,86,127,28.8591,42.6174
4295,298,82,86,130,28.8591,43.6242
4296,298,85,83,130,27.8523,43.6242
4297,299,87,79,133,26.4214,44.4816
4298,302,90,76,136,25.1656,45.0331
4299,301,89,77,135,25.5814,44.8505
4300,301,84,82,135,27.2425,44.8505
4301,301,82,80,139,26.5781,46.1794
4302,300,79,82,139,27.3333,46.3333
4303,299,79,83,137,27.7592,45.8194
4304,300,75,82,143,27.3333,47.6667
4305,297,77,80,140,26.9360,47.1380
4306,296,79,78,139,26.3514,46.9595
4307,298,83,75,140,25.1678,46.9799
4308,299,85,75,139,25.0836,46.4883
4309,298,82,72,144,24.1611,48.3221
4310,298,84,69,145,23.1544,48.6577
4311,298,85,69,144,23.1544,48.3221
4312,298,89,66,143,22.1477,47.9866
4313,298,94,62,142,20.8054,47.6510
4314,301,96,64,141,21.2625,46.8439
4315,301,96,61,144,20.2658,47.8405
4316,299,95,61,143,20.4013,47.8261
4317,298,93,62,143,20.8054,47.9866
4318,299,95,62,142,20.7358,47.4916
4319,304,98,64,142,21.0526,46.7105
4320,303,96,64,143,21.1221,47.1947
4321,302,95,63,144,20.8609,47.6821
4322,301,95,61,145,20.2658,48.1728
4323,301,97,59,145,19.6013,48.1728
4324,301,94,62,145,20.5980,48.1728
4325,299,95,58,146,19.3980,48.8294
4326,301,100,54,147,17.9402,48.8372
4327,299,96,56,147,18.7291,49.1639
4328,301,98,56,147,18.6047,48.8372
4329,301,100,56,145,18.6047,48.1728
4330,299,103,53,143,17.7258,47.8261
4331,300,103,53,144,17.6667,48.0000
4332,299,101,54,144,18.0602,48.1605
4333,299,102,55,142,18.3946,47.4916
4334,302,107,58,137,19.2053,45.3642
4335,299,108,55,136,18.3946,45.4849
4336,302,113,52,137,17.2185,45.3642
4337,300,116,50,134,16.6667,44.6667
4338,300,118,48,134,16.0000,44.6667
4339,298,120,44,134,14.7651,44.9664
4340,301,120,48,133,15.9468,44.1860
4341,300,116,49,135,16.3333,45.0000
4342,300,116,50,134,16.6667,44.6667
4343,300,114,51,135,17.0000,45.0000
4344,299,119,51,129,17.0569,43.1438
4345,304,125,49,130,16.1184,42.7632
4346,304,122,54,128,17.7632,42.1053
4347,302,125,51,126,16.8874,41.7219
4348,302,121,54,127,17.8808,42.0530
4349,302,123,57,122,18.8742,40.3974
4350,302,122,59,121,19.5364,40.0662
4351,302,120,60,122,19.8675,40.3974
4352,301,116,62,123,20.5980,40.8638
4353,299,122,59,118,19.7324,39.4649
4354,301,124,58,119,19.2691,39.5349
4355,301,114,66,121,21.9269,40.1993
4356,301,115,71,115,23.5880,38.2060
4357,301,113,73,115,24.2525,38.2060
4358,301,113,77,111,25.5814,36.8771
4359,301,114,79,108,26.2458,35.8804
4360,301,113,76,112,25.2492,37.2093
4361,300,117,74,109,24.6667,36.3333
4362,299,117,74,108,24.7492,36.1204
4363,300,115,77,108,25.6667,36.0000
4364,300,113,82,105,27.3333,35.0000
4365,299,115,82,102,27.4247,34.1137
4366,300,113,82,105,27.3333,35.0000
4367,299,108,88,103,29.4314,34.4482
4368,298,108,87,103,29.1946,34.5638
4369,299,105,86,108,28.7625,36.1204
4370,301,105,85,111,28.2392,36.8771
4371,300,104,86,110,28.6667,36.6667
4372,299,104,84,111,28.0936,37.1237
4373,300,105,87,108,29.0000,36.0000
4374,300,104,91,105,30.3333,35.0000
4375,297,99,94,104,31.6498,35.0168
4376,299,100,88,111,29.4314,37.1237
4377,299,101,87,111,29.0970,37.1237
4378,302,107,81,114,26.8212,37.7483
4379,301,101,86,114,28.5714,37.8738
4380,300,98,88,114,29.3333,38.0000
4381,299,96,88,115,29.4314,38.4615
4382,302,100,89,113,29.4702,37.4172
4383,301,94,96,111,31.8937,36.8771
4384,297,90,92,115,30.9764,38.7205
4385,298,87,93,118,31.2081,39.5973
4386,298,87,90,121,30.2013,40.6040
4387,298,86,87,125,29.1946,41.9463
4388,298,84,87,127,29.1946,42.6174
4389,297,81,86,130,28.9562,43.7710
4390,297,86,81,130,27.2727,43.7710
4391,298,90,79,129,26.5101,43.2886
4392,298,90,79,129,26.5101,43.2886
4393,297,93,75,129,25.2525,43.4343
4394,301,95,75,131,24.9169,43.5216
4395,300,94,71,135,23.6667,45.0000
4396,299,90,71,138,23.7458,46.1538
4397,299,94,69,136,23.0769,45.4849
4398,301,95,71,135,23.5880,44.8505
4399,299,95,69,135,23.0769,45.1505
4400,298,96,66,136,22.1477,45.6376
4401,299,100,61,138,20.4013,46.1538
4402,302,104,61,137,20.1987,45.3642
4403,299,101,58,140,19.3980,46.8227
4404,299,99,58,142,19.3980,47.4916
4405,299,103,52,144,17.3913,48.1605
4406,302,109,51,142,16.8874,47.0199
4407,302,109,51,142,16.8874,47.0199
4408,302,109,46,147,15.2318,48.6755
4409,302,108,45,149,14.9007,49.3377
4410,302,108,45,149,14.9007,49.3377
4411,301,108,45,148,14.9502,49.1694
4412,300,110,44,146,14.6667,48.6667
4413,300,109,48,143,16.0000,47.6667
4414,299,109,48,142,16.0535,47.4916
4415,301,114,46,141,15.2824,46.8439
4416,300,112,45,143,15.0000,47.6667
4417,299,111,43,145,14.3813,48.4950
4418,301,115,44,142,14.6179,47.1761
4419,298,116,41,141,13.7584,47.3154
4420,298,117,40,141,13.4228,47.3154
4421,302,126,39,137,12.9139,45.3642
4422,301,128,41,132,13.6213,43.8538
4423,300,127,38,135,12.6667,45.0000
4424,299,129,37,133,12.3746,44.4816
4425,303,132,36,135,11.8812,44.5545
4426,303,132,35,136,11.5512,44.8845
4427,303,133,36,134,11.8812,44.2244
4428,303,139,36,128,11.8812,42.2442
4429,303,141,36,126,11.8812,41.5842
4430,303,144,36,123,11.8812,40.5941
4431,303,141,39,123,12.8713,40.5941
4432,302,141,40,121,13.2450,40.0662
4433,300,139,40,121,13.3333,40.3333
4434,300,139,37,124,12.3333,41.3333
4435,300,139,37,124,12.3333,41.3333
4436,300,141,38,121,12.6667,40.3333
4437,297,143,37,117,12.4579,39.3939
4438,301,145,42,114,13.9535,37.8738
4439,301,149,42,110,13.9535,36.5449
4440,301,154,40,107,13.2890,35.5482
4441,301,155,41,105,13.6213,34.8837
4442,300,155,42,103,14.0000,34.3333
4443,299,156,40,103,13.3779,34.4482
4444,302,159,41,102,13.5762,33.7748
4445,301,160,42,99,13.9535,32.8904
4446,301,161,43,97,14.2857,32.2259
4447,301,166,43,92,14.2857,30.5648
4448,301,164,48,89,15.9468,29.5681
4449,301,160,51,90,16.9435,29.9003
4450,301,154,57,90,18.9369,29.9003
4451,300,147,61,92,20.3333,30.6667
4452,298,150,58,90,19.4631,30.2013
4453,301,149,64,88,21.2625,29.2359
4454,301,144,67,90,22.2591,29.9003
4455,301,140,75,86,24.9169,28.5714
4456,301,140,77,84,25.5814,27.9070
4457,301,138,79,84,26.2458,27.9070
4458,301,132,84,85,27.9070,28.2392
4459,300,132,81,87,27.0000,29.0000
4460,300,134,85,81,28.3333,27.0000
4461,300,129,91,80,30.3333,26.6667
4462,300,125,95,80,31.6667,26.6667
4463,300,111,106,83,35.3333,27.6667
4464,300,108,111,81,37.0000,27.0000
4465,299,97,119,83,39.7993,27.7592
4466,300,96,121,83,40.3333,27.6667
4467,300,92,126,82,42.0000,27.3333
4468,298,90,126,82,42.2819,27.5168
4469,300,88,128,84,42.6667,28.0000
4470,298,85,123,90,41.2752,30.2013
4471,298,81,122,95,40.9396,31.8792
4472,299,79,122,98,40.8027,32.7759
4473,299,76,122,101,40.8027,33.7793
4474,299,72,117,110,39.1304,36.7893
4475,296,74,115,107,38.8514,36.1486
4476,293,74,112,107,38.2253,36.5188
4477,293,73,111,109,37.8840,37.2014
4478,293,71,111,111,37.8840,37.8840
4479,293,67,112,114,38.2253,38.9078
4480,293,66,113,114,38.5666,38.9078
4481,291,65,109,117,37.4570,40.2062
4482,290,66,104,120,35.8621,41.3793
4483,293,63,106,124,36.1775,42.3208
4484,290,62,98,130,33.7931,44.8276
4485,290,65,88,137,30.3448,47.2414
4486,288,63,85,140,29.5139,48.6111
4487,289,65,83,141,28.7197,48.7889
4488,289,67,80,142,27.6817,49.1349
4489,290,69,75,146,25.8621,50.3448
4490,290,66,75,149,25.8621,51.3793
4491,292,66,74,152,25.3425,52.0548
4492,295,68,72,155,24.4068,52.5424
4493,297,69,71,157,23.9057,52.8620
4494,299,73,67,159,22.4080,53.1773
4495,299,74,63,162,21.0702,54.1806
4496,300,70,68,162,22.6667,54.0000
4497,299,65,70,164,23.4114,54.8495
4498,300,63,69,168,23.0000,56.0000
4499,300,64,66,170,22.0000,56.6667
4500,299,63,63,173,21.0702,57.8595
4501,299,65,62,172,20.7358,57.5251
4502,300,65,61,174,20.3333,58.0000
4503,297,69,56,172,18.8552,57.9125
4504,299,72,52,175,17.3913,58.5284
4505,302,77,51,174,16.8874,57.6159
4506,302,79,49,174,16.2252,57.6159
4507,301,77,49,175,16.2791,58.1395
4508,301,78,47,176,15.6146,58.4718
4509,300,80,45,175,15.0000,58.3333
4510,300,80,41,179,13.6667,59.6667
4511,299,82,42,175,14.0468,58.5284
4512,301,85,37,179,12.2924,59.4684
4513,301,87,35,179,11.6279,59.4684
4514,301,86,36,179,11.9601,59.4684
4515,300,85,39,176,13.0000,58.6667
4516,298,86,31,181,10.4027,60.7383
4517,303,92,30,181,9.9010,59.7360
4518,303,92,27,184,8.9109,60.7261
4519,303,92,26,185,8.5809,61.0561
4520,303,93,26,184,8.5809,60.7261
4521,302,97,25,180,8.2781,59.6026
4522,302,103,24,175,7.9470,57.9470
4523,302,108,24,170,7.9470,56.2914
4524,302,111,25,166,8.2781,54.9669
4525,301,115,24,162,7.9734,53.8206
4526,301,121,26,154,8.6379,51.1628
4527,300,122,25,153,8.3333,51.0000
4528,300,123,23,154,7.6667,51.3333
4529,299,127,23,149,7.6923,49.8328
4530,305,136,22,147,7.2131,48.1967
4531,305,137,23,145,7.5410,47.5410
4532,304,139,22,143,7.2368,47.0395
4533,304,143,22,139,7.2368,45.7237
4534,303,144,26,133,8.5809,43.8944
4535,302,147,23,132,7.6159,43.7086
4536,302,151,25,126,8.2781,41.7219
4537,302,159,26,117,8.6093,38.7417
4538,301,164,26,111,8.6379,36.8771
4539,300,165,25,110,8.3333,36.6667
4540,300,166,25,109,8.3333,36.3333
4541,300,169,25,106,8.3333,35.3333
4542,300,169,28,103,9.3333,34.3333
4543,300,169,32,99,10.6667,33.0000
4544,300,172,33,95,11.0000,31.6667
4545,300,171,36,93,12.0000,31.0000
4546,300,173,37,90,12.3333,30.0000
4547,299,176,36,87,12.0401,29.0970
4548,302,177,39,86,12.9139,28.4768
4549,302,178,40,84,13.2450,27.8146
4550,302,179,43,80,14.2384,26.4901
4551,302,179,46,77,15.2318,25.4967
4552,301,177,50,74,16.6113,24.5847
4553,301,176,52,73,17.2757,24.2525
4554,300,172,54,74,18.0000,24.6667
4555,300,170,55,75,18.3333,25.0000
4556,300,172,57,71,19.0000,23.6667
4557,300,170,58,72,19.3333,24.0000
4558,299,169,62,68,20.7358,22.7425
4559,303,173,63,67,20.7921,22.1122
4560,302,170,67,65,22.1854,21.5232
4561,302,165,72,65,23.8411,21.5232
4562,302,167,75,60,24.8344,19.8675
4563,301,160,76,65,25.2492,21.5947
4564,301,153,86,62,28.5714,20.5980
4565,301,153,85,63,28.2392,20.9302
4566,300,148,88,64,29.3333,21.3333
4567,299,145,89,65,29.7659,21.7391
4568,299,146,92,61,30.7692,20.4013
4569,301,144,99,58,32.8904,19.2691
4570,299,145,100,54,33.4448,18.0602
4571,303,145,103,55,33.9934,18.1518
4572,301,141,104,56,34.5515,18.6047
4573,299,135,106,58,35.4515,19.3980
4574,298,131,109,58,36.5772,19.4631
4575,298,131,105,62,35.2349,20.8054
4576,302,127,110,65,36.4238,21.5232
4577,301,123,110,68,36.5449,22.5914
4578,299,121,108,70,36.1204,23.4114
4579,298,117,112,69,37.5839,23.1544
4580,299,117,112,70,37.4582,23.4114
4581,302,117,109,76,36.0927,25.1656
4582,301,116,106,79,35.2159,26.2458
4583,300,112,107,81,35.6667,27.0000
4584,297,104,108,85,36.3636,28.6195
4585,295,100,104,91,35.2542,30.8475
4586,295,96,105,94,35.5932,31.8644
4587,297,100,100,97,33.6700,32.6599
4588,296,99,99,98,33.4459,33.1081
4589,296,97,99,100,33.4459,33.7838
4590,295,96,93,106,31.5254,35.9322
4591,294,94,93,107,31.6327,36.3946
4592,298,93,95,110,31.8792,36.9128
4593,297,93,94,110,31.6498,37.0370
4594,296,89,89,118,30.0676,39.8649
4595,299,88,89,122,29.7659,40.8027
4596,303,90,86,127,28.3828,41.9142
4597,301,90,82,129,27.2425,42.8571
4598,301,88,81,132,26.9103,43.8538
4599,300,88,78,134,26.0000,44.6667
4600,298,85,77,136,25.8389,45.6376
4601,298,81,78,139,26.1745,46.6443
4602,300,83,78,139,26.0000,46.3333
4603,300,80,79,141,26.3333,47.0000
4604,297,76,75,146,25.2525,49.1582
4605,302,81,71,150,23.5099,49.6689
4606,300,83,65,152,21.6667,50.6667
4607,300,84,66,150,22.0000,50.0000
4608,299,84,64,151,21.4047,50.5017
4609,301,88,63,150,20.9302,49.8339
4610,300,85,62,153,20.6667,51.0000
4611,298,84,60,154,20.1342,51.6779
4612,297,83,59,155,19.8653,52.1886
4613,299,87,52,160,17.3913,53.5117
4614,300,86,54,160,18.0000,53.3333
4615,299,91,49,159,16.3880,53.1773
4616,299,91,47,161,15.7191,53.8462
4617,303,98,45,160,14.8515,52.8053
4618,303,97,47,159,15.5116,52.4752
4619,302,94,48,160,15.8940,52.9801
4620,302,93,49,160,16.2252,52.9801
4621,300,91,45,164,15.0000,54.6667
4622,299,89,45,165,15.0502,55.1839
4623,301,91,45,165,14.9502,54.8173
4624,299,92,40,167,13.3779,55.8528
4625,300,93,43,164,14.3333,54.6667
4626,300,93,43,164,14.3333,54.6667
4627,300,94,45,161,15.0000,53.6667
4628,299,92,49,158,16.3880,52.8428
4629,302,95,51,156,16.8874,51.6556
4630,301,97,49,155,16.2791,51.4950
4631,300,96,48,156,16.0000,52.0000
4632,299,97,49,153,16.3880,51.1706
4633,300,103,48,149,16.0000,49.6667
4634,300,105,48,147,16.0000,49.0000
4635,300,104,50,146,16.6667,48.6667
4636,300,107,50,143,16.6667,47.6667
4637,300,112,50,138,16.6667,46.0000
4638,300,111,52,137,17.3333,45.6667
4639,300,117,49,134,16.3333,44.6667
4640,300,117,48,135,16.0000,45.0000
4641,299,117,49,133,16.3880,44.4816
4642,298,122,48,128,16.1074,42.9530
4643,298,123,46,129,15.4362,43.2886
4644,300,128,45,127,15.0000,42.3333
4645,299,126,47,126,15.7191,42.1405
4646,299,130,48,121,16.0535,40.4682
4647,302,137,46,119,15.2318,39.4040
4648,299,141,43,115,14.3813,38.4615
4649,301,148,40,113,13.2890,37.5415
4650,301,148,40,113,13.2890,37.5415
4651,301,151,41,109,13.6213,36.2126
4652,300,150,42,108,14.0000,36.0000
4653,300,150,44,106,14.6667,35.3333
4654,300,148,44,108,14.6667,36.0000
4655,298,144,45,109,15.1007,36.5772
4656,298,149,45,104,15.1007,34.8993
4657,302,157,44,101,14.5695,33.4437
4658,302,159,47,96,15.5629,31.7881
4659,300,156,46,98,15.3333,32.6667
4660,300,154,50,96,16.6667,32.0000
4661,298,154,47,97,15.7718,32.5503
4662,299,157,46,96,15.3846,32.1070
4663,302,156,52,94,17.2185,31.1258
4664,302,156,52,94,17.2185,31.1258
4665,302,162,49,91,16.2252,30.1325
4666,302,159,51,92,16.8874,30.4636
4667,300,157,54,89,18.0000,29.6667
4668,300,158,55,87,18.3333,29.0000
4669,300,154,60,86,20.0000,28.6667
4670,300,152,63,85,21.0000,28.3333
4671,299,153,60,86,20.0669,28.7625
4672,300,155,59,86,19.6667,28.6667
4673,299,155,60,84,20.0669,28.0936
4674,299,152,63,84,21.0702,28.0936
4675,300,151,65,84,21.6667,28.0000
4676,297,154,59,84,19.8653,28.2828
4677,298,151,62,85,20.8054,28.5235
4678,300,149,67,84,22.3333,28.0000
4679,299,141,72,86,24.0803,28.7625
4680,299,141,71,87,23.7458,29.0970
4681,299,140,70,89,23.4114,29.7659
4682,305,143,75,87,24.5902,28.5246
4683,304,139,76,89,25.0000,29.2763
4684,303,136,76,91,25.0825,30.0330
4685,303,131,81,91,26.7327,30.0330
4686,301,125,87,89,28.9037,29.5681
4687,299,125,83,91,27.7592,30.4348
4688,299,125,82,92,27.4247,30.7692
4689,301,124,83,94,27.5748,31.2292
4690,298,124,81,93,27.1812,31.2081
4691,300,125,83,92,27.6667,30.6667
4692,300,125,85,90,28.3333,30.0000
4693,300,120,90,90,30.0000,30.0000
4694,299,117,87,95,29.0970,31.7726
4695,301,117,88,96,29.2359,31.8937
4696,301,116,89,96,29.5681,31.8937
4697,300,111,92,97,30.6667,32.3333
4698,298,105,95,98,31.8792,32.8859
4699,294,102,90,102,30.6122,34.6939
4700,294,100,91,103,30.9524,35.0340
4701,293,95,94,104,32.0819,35.4949
4702,295,95,94,106,31.8644,35.9322
4703,297,92,98,107,32.9966,36.0269
4704,296,91,95,110,32.0946,37.1622
4705,297,87,100,110,33.6700,37.0370
4706,298,88,94,116,31.5436,38.9262
4707,299,91,91,117,30.4348,39.1304
4708,304,93,92,119,30.2632,39.1447
4709,302,91,91,120,30.1325,39.7351
4710,300,89,90,121,30.0000,40.3333
4711,299,88,92,119,30.7692,39.7993
4712,297,89,88,120,29.6296,40.4040
4713,298,87,88,123,29.5302,41.2752
4714,298,87,88,123,29.5302,41.2752
4715,300,86,89,125,29.6667,41.6667
4716,299,81,88,130,29.4314,43.4783
4717,299,82,89,128,29.7659,42.8094
4718,304,85,88,131,28.9474,43.0921
4719,303,84,82,137,27.0627,45.2145
4720,302,80,81,141,26.8212,46.6887
4721,301,73,86,142,28.5714,47.1761
4722,297,70,81,146,27.2727,49.1582
4723,298,73,79,146,26.5101,48.9933
4724,298,74,74,150,24.8322,50.3356
4725,301,78,70,153,23.2558,50.8306
4726,301,80,67,154,22.2591,51.1628
4727,300,81,65,154,21.6667,51.3333
4728,299,84,63,152,21.0702,50.8361
4729,300,85,61,154,20.3333,51.3333
4730,298,84,60,154,20.1342,51.6779
4731,302,90,59,153,19.5364,50.6623
4732,301,90,58,153,19.2691,50.8306
4733,301,90,59,152,19.6013,50.4983
4734,298,89,57,152,19.1275,51.0067
4735,298,93,53,152,17.7852,51.0067
4736,295,94,46,155,15.5932,52.5424
4737,297,96,44,157,14.8148,52.8620
4738,299,95,41,163,13.7124,54.5151
4739,302,99,42,161,13.9073,53.3113
4740,300,98,43,159,14.3333,53.0000
4741,298,98,40,160,13.4228,53.6913
4742,301,101,36,164,11.9601,54.4850
4743,301,101,36,164,11.9601,54.4850
4744,301,101,34,166,11.2957,55.1495
4745,301,100,35,166,11.6279,55.1495
4746,300,105,36,159,12.0000,53.0000
4747,299,109,35,155,11.7057,51.8395
4748,305,115,37,153,12.1311,50.1639
4749,305,116,35,154,11.4754,50.4918
4750,305,118,36,151,11.8033,49.5082
4751,304,123,35,146,11.5132,48.0263
4752,302,124,35,143,11.5894,47.3510
4753,302,125,35,142,11.5894,47.0199
4754,302,130,32,140,10.5960,46.3576
4755,302,129,35,138,11.5894,45.6954
4756,302,131,36,135,11.9205,44.7020
4757,302,130,37,135,12.2517,44.7020
4758,301,139,33,129,10.9635,42.8571
4759,301,140,36,125,11.9601,41.5282
4760,300,142,32,126,10.6667,42.0000
4761,300,141,33,126,11.0000,42.0000
4762,299,140,32,127,10.7023,42.4749
4763,299,141,31,127,10.3679,42.4749
4764,301,143,30,128,9.9668,42.5249
4765,301,145,32,124,10.6312,41.1960
4766,300,146,30,124,10.0000,41.3333
4767,300,147,31,122,10.3333,40.6667
4768,300,150,34,116,11.3333,38.6667
4769,299,150,34,115,11.3712,38.4615
4770,302,155,36,111,11.9205,36.7550
4771,300,158,38,104,12.6667,34.6667
4772,300,163,37,100,12.3333,33.3333
4773,299,165,34,100,11.3712,33.4448
4774,302,169,37,96,12.2517,31.7881
4775,301,172,36,93,11.9601,30.8970
4776,301,174,37,90,12.2924,29.9003
4777,301,176,38,87,12.6246,28.9037
4778,301,177,39,85,12.9568,28.2392
4779,301,175,40,86,13.2890,28.5714
4780,300,174,42,84,14.0000,28.0000
4781,299,175,43,81,14.3813,27.0903
4782,302,177,40,85,13.2450,28.1457
4783,302,179,41,82,13.5762,27.1523
4784,302,174,45,83,14.9007,27.4834
4785,302,173,47,82,15.5629,27.1523
4786,302,167,51,84,16.8874,27.8146
4787,302,166,54,82,17.8808,27.1523
4788,301,168,53,80,17.6080,26.5781
4789,301,165,58,78,19.2691,25.9136
4790,299,166,61,72,20.4013,24.0803
4791,300,159,68,73,22.6667,24.3333
4792,300,153,73,74,24.3333,24.6667
4793,300,152,78,70,26.0000,23.3333
4794,300,155,79,66,26.3333,22.0000
4795,299,155,80,64,26.7559,21.4047
4796,301,152,86,63,28.5714,20.9302
4797,299,147,87,65,29.0970,21.7391
4798,300,144,89,67,29.6667,22.3333
4799,300,137,96,67,32.0000,22.3333
4800,300,132,96,72,32.0000,24.0000
4801,300,129,99,72,33.0000,24.0000
4802,300,126,100,74,33.3333,24.6667
4803,300,122,105,73,35.0000,24.3333
4804,297,116,105,76,35.3535,25.5892
4805,299,116,108,75,36.1204,25.0836
4806,302,116,110,76,36.4238,25.1656
4807,301,109,111,81,36.8771,26.9103
4808,301,104,113,84,37.5415,27.9070
4809,300,101,113,86,37.6667,28.6667
4810,298,100,109,89,36.5772,29.8658
4811,299,95,112,92,37.4582,30.7692
4812,299,95,109,95,36.4548,31.7726
4813,297,90,109,98,36.7003,32.9966
4814,299,91,110,98,36.7893,32.7759
4815,300,88,113,99,37.6667,33.0000
4816,300,83,116,101,38.6667,33.6667
4817,297,81,111,105,37.3737,35.3535
4818,297,83,106,108,35.6902,36.3636
4819,298,80,107,111,35.9060,37.2483
4820,298,75,110,113,36.9128,37.9195
4821,298,77,104,117,34.8993,39.2617
4822,297,72,107,118,36.0269,39.7306
4823,298,70,106,122,35.5705,40.9396
4824,298,70,104,124,34.8993,41.6107
4825,299,70,103,126,34.4482,42.1405
4826,301,70,103,128,34.2193,42.5249
4827,298,66,98,134,32.8859,44.9664
4828,297,68,95,134,31.9865,45.1178
4829,295,67,91,137,30.8475,46.4407
4830,297,68,92,137,30.9764,46.1279
4831,299,70,89,140,29.7659,46.8227
4832,303,75,81,147,26.7327,48.5149
4833,301,72,77,152,25.5814,50.4983
4834,301,74,75,152,24.9169,50.4983
4835,299,72,72,155,24.0803,51.8395
4836,301,75,67,159,22.2591,52.8239
4837,300,76,64,160,21.3333,53.3333
4838,300,76,62,162,20.6667,54.0000
4839,299,75,62,162,20.7358,54.1806
4840,297,80,53,164,17.8451,55.2189
4841,300,85,50,165,16.6667,55.0000
4842,299,83,48,168,16.0535,56.1873
4843,302,89,47,166,15.5629,54.9669
4844,300,89,41,170,13.6667,56.6667
4845,298,87,40,171,13.4228,57.3826
4846,297,86,39,172,13.1313,57.9125
4847,299,89,37,173,12.3746,57.8595
4848,301,93,34,174,11.2957,57.8073
4849,301,96,34,171,11.2957,56.8106
4850,299,98,29,172,9.6990,57.5251
4851,301,98,29,174,9.6346,57.8073
4852,300,101,28,171,9.3333,57.0000
4853,299,102,27,170,9.0301,56.8562
4854,302,109,25,168,8.2781,55.6291
4855,301,106,25,170,8.3056,56.4784
4856,301,109,24,168,7.9734,55.8140
4857,301,108,24,169,7.9734,56.1462
4858,301,111,25,165,8.3056,54.8173
4859,301,114,24,163,7.9734,54.1528
4860,301,115,26,160,8.6379,53.1561
4861,300,114,29,157,9.6667,52.3333
4862,300,118,30,152,10.0000,50.6667
4863,300,119,30,151,10.0000,50.3333
4864,299,124,31,144,10.3679,48.1605
4865,300,130,31,139,10.3333,46.3333
4866,299,129,30,140,10.0334,46.8227
4867,301,134,29,138,9.6346,45.8472
4868,301,133,34,134,11.2957,44.5183
4869,301,136,36,129,11.9601,42.8571
4870,301,141,36,124,11.9601,41.1960
4871,300,143,36,121,12.0000,40.3333
4872,299,141,38,120,12.7090,40.1338
4873,305,151,38,116,12.4590,38.0328
4874,305,151,38,116,12.4590,38.0328
4875,305,154,38,113,12.4590,37.0492
4876,305,150,43,112,14.0984,36.7213
4877,305,152,44,109,14.4262,35.7377
4878,305,149,49,107,16.0656,35.0820
4879,305,152,50,103,16.3934,33.7705
4880,304,154,49,101,16.1184,33.2237
4881,302,151,53,98,17.5497,32.4503
4882,301,149,53,99,17.6080,32.8904
4883,301,151,56,94,18.6047,31.2292
4884,299,155,56,88,18.7291,29.4314
4885,304,163,58,83,19.0789,27.3026
4886,304,166,57,81,18.7500,26.6447
4887,303,164,60,79,19.8020,26.0726
4888,302,164,63,75,20.8609,24.8344
4889,302,162,63,77,20.8609,25.4967
4890,302,161,68,73,22.5166,24.1722
4891,302,156,74,72,24.5033,23.8411
4892,302,160,72,70,23.8411,23.1788
4893,302,158,74,70,24.5033,23.1788
4894,302,156,78,68,25.8278,22.5166
4895,302,152,83,67,27.4834,22.1854
4896,300,151,86,63,28.6667,21.0000
4897,299,150,83,66,27.7592,22.0736
4898,302,147,86,69,28.4768,22.8477
4899,302,141,93,68,30.7947,22.5166
4900,302,135,97,70,32.1192,23.1788
4901,302,131,100,71,33.1126,23.5099
4902,301,127,99,75,32.8904,24.9169
4903,301,126,98,77,32.5581,25.5814
4904,299,127,94,78,31.4381,26.0870
4905,301,126,95,80,31.5615,26.5781
4906,301,120,101,80,33.5548,26.5781
4907,301,118,104,79,34.5515,26.2458
4908,299,118,97,84,32.4415,28.0936
4909,300,115,98,87,32.6667,29.0000
4910,298,112,96,90,32.2148,30.2013
4911,298,114,92,92,30.8725,30.8725
4912,298,112,95,91,31.8792,30.5369
4913,300,112,93,95,31.0000,31.6667
4914,298,107,96,95,32.2148,31.8792
4915,297,106,95,96,31.9865,32.3232
4916,298,105,94,99,31.5436,33.2215
4917,296,102,91,103,30.7432,34.7973
4918,297,102,92,103,30.9764,34.6801
4919,297,101,85,111,28.6195,37.3737
4920,291,97,80,114,27.4914,39.1753
4921,292,93,82,117,28.0822,40.0685
4922,291,94,78,119,26.8041,40.8935
4923,292,90,78,124,26.7123,42.4658
4924,296,91,82,123,27.7027,41.5541
4925,297,91,82,124,27.6094,41.7508
4926,297,89,79,129,26.5993,43.4343
4927,298,90,76,132,25.5034,44.2953
4928,301,92,78,131,25.9136,43.5216
4929,300,93,74,133,24.6667,44.3333
4930,297,89,74,134,24.9158,45.1178
4931,297,88,77,132,25.9259,44.4444
4932,299,89,76,134,25.4181,44.8161
4933,301,88,79,134,26.2458,44.5183
4934,301,83,83,135,27.5748,44.8505
4935,300,84,75,141,25.0000,47.0000
4936,299,82,75,142,25.0836,47.4916
4937,300,82,71,147,23.6667,49.0000
4938,300,83,71,146,23.6667,48.6667
4939,300,81,68,151,22.6667,50.3333
4940,297,80,67,150,22.5589,50.5051
4941,297,85,65,147,21.8855,49.4949
4942,301,86,63,152,20.9302,50.4983
4943,301,85,61,155,20.2658,51.4950
4944,301,85,58,158,19.2691,52.4917
4945,299,88,54,157,18.0602,52.5084
4946,302,91,52,159,17.2185,52.6490
4947,302,89,50,163,16.5563,53.9735
4948,300,86,51,163,17.0000,54.3333
4949,299,87,52,160,17.3913,53.5117
4950,302,95,50,157,16.5563,51.9868
4951,301,93,51,157,16.9435,52.1595
4952,299,93,51,155,17.0569,51.8395
4953,297,93,48,156,16.1616,52.5253
4954,300,103,40,157,13.3333,52.3333
4955,300,105,41,154,13.6667,51.3333
4956,299,107,41,151,13.7124,50.5017
4957,302,110,41,151,13.5762,50.0000
4958,302,107,44,151,14.5695,50.0000
4959,301,105,46,150,15.2824,49.8339
4960,299,108,46,145,15.3846,48.4950
4961,300,111,47,142,15.6667,47.3333
4962,300,112,48,140,16.0000,46.6667
4963,299,116,47,136,15.7191,45.4849
4964,304,121,45,138,14.8026,45.3947
4965,304,121,49,134,16.1184,44.0789
4966,304,120,51,133,16.7763,43.7500
4967,304,121,51,132,16.7763,43.4211
4968,303,121,51,131,16.8317,43.2343
4969,302,123,49,130,16.2252,43.0464
4970,301,125,49,127,16.2791,42.1927
4971,301,130,49,122,16.2791,40.5316
4972,299,130,50,119,16.7224,39.7993
4973,301,132,50,119,16.6113,39.5349
4974,301,133,50,118,16.6113,39.2027
4975,300,133,52,115,17.3333,38.3333
4976,300,131,53,116,17.6667,38.6667
4977,300,131,52,117,17.3333,39.0000
4978,300,130,57,113,19.0000,37.6667
4979,299,131,56,112,18.7291,37.4582
4980,298,129,57,112,19.1275,37.5839
4981,301,131,57,113,18.9369,37.5415
4982,301,129,58,114,19.2691,37.8738
4983,301,127,59,115,19.6013,38.2060
4984,300,127,61,112,20.3333,37.3333
4985,298,127,58,113,19.4631,37.9195
4986,298,129,57,112,19.1275,37.5839
4987,302,136,59,107,19.5364,35.4305
4988,302,135,61,106,20.1987,35.0993
4989,301,132,67,102,22.2591,33.8870
4990,300,128,70,102,23.3333,34.0000
4991,300,132,70,98,23.3333,32.6667
4992,300,129,71,100,23.6667,33.3333
4993,300,130,68,102,22.6667,34.0000
4994,300,133,67,100,22.3333,33.3333
4995,300,131,69,100,23.0000,33.3333
4996,299,134,70,95,23.4114,31.7726
4997,302,132,73,97,24.1722,32.1192
4998,302,128,76,98,25.1656,32.4503
4999,301,123,81,97,26.9103,32.2259
5000,301,119,84,98,27.9070,32.5581
5001,300,111,88,101,29.3333,33.6667
5002,300,105,92,103,30.6667,34.3333
5003,298,100,95,103,31.8792,34.5638
5004,299,100,97,102,32.4415,34.1137
5005,304,103,98,103,32.2368,33.8816
5006,303,103,103,97,33.9934,32.0132
5007,303,102,103,98,33.9934,32.3432
5008,303,99,104,100,34.3234,33.0033
5009,303,99,102,102,33.6634,33.6634
5010,299,93,98,108,32.7759,36.1204
5011,301,91,101,109,33.5548,36.2126
5012,299,88,103,108,34.4482,36.1204
5013,302,91,102,109,33.7748,36.0927
5014,302,88,105,109,34.7682,36.0927
5015,302,85,105,112,34.7682,37.0861
5016,300,85,104,111,34.6667,37.0000
5017,300,78,108,114,36.0000,38.0000
5018,298,75,102,121,34.2282,40.6040
5019,301,81,94,126,31.2292,41.8605
5020,300,77,94,129,31.3333,43.0000
5021,298,76,90,132,30.2013,44.2953
5022,300,73,88,139,29.3333,46.3333
5023,298,70,87,141,29.1946,47.3154
5024,300,70,85,145,28.3333,48.3333
5025,299,65,87,147,29.0970,49.1639
5026,302,69,85,148,28.1457,49.0066
5027,300,69,80,151,26.6667,50.3333
5028,300,69,79,152,26.3333,50.6667
5029,300,69,79,152,26.3333,50.6667
5030,300,70,76,154,25.3333,51.3333
5031,299,70,72,157,24.0803,52.5084
5032,300,71,69,160,23.0000,53.3333
5033,299,72,68,159,22.7425,53.1773
5034,299,70,72,157,24.0803,52.5084
5035,299,71,69,159,23.0769,53.1773
5036,302,73,68,161,22.5166,53.3113
5037,299,75,62,162,20.7358,54.1806
5038,303,77,63,163,20.7921,53.7954
5039,301,78,62,161,20.5980,53.4884
5040,300,77,62,161,20.6667,53.6667
5041,300,78,56,166,18.6667,55.3333
5042,298,78,52,168,17.4497,56.3758
5043,297,79,46,172,15.4882,57.9125
5044,297,81,45,171,15.1515,57.5758
5045,301,86,42,173,13.9535,57.4751
5046,299,88,39,172,13.0435,57.5251
5047,304,96,38,170,12.5000,55.9211
5048,304,95,39,170,12.8289,55.9211
5049,304,99,35,170,11.5132,55.9211
5050,304,101,36,167,11.8421,54.9342
5051,304,103,36,165,11.8421,54.2763
5052,304,102,37,165,12.1711,54.2763
5053,303,105,34,164,11.2211,54.1254
5054,303,107,35,161,11.5512,53.1353
5055,301,107,30,164,9.9668,54.4850
5056,301,107,30,164,9.9668,54.4850
5057,301,109,30,162,9.9668,53.8206
5058,299,109,29,161,9.6990,53.8462
5059,300,113,26,161,8.6667,53.6667
5060,300,114,25,161,8.3333,53.6667
5061,300,117,27,156,9.0000,52.0000
5062,300,122,29,149,9.6667,49.6667
5063,300,119,30,151,10.0000,50.3333
5064,299,115,33,151,11.0368,50.5017
5065,300,117,32,151,10.6667,50.3333
5066,300,115,34,151,11.3333,50.3333
5067,300,119,33,148,11.0000,49.3333
5068,300,118,35,147,11.6667,49.0000
5069,299,119,35,145,11.7057,48.4950
5070,303,128,35,140,11.5512,46.2046
5071,303,134,36,133,11.8812,43.8944
5072,302,134,39,129,12.9139,42.7152
5073,302,135,41,126,13.5762,41.7219
5074,302,140,42,120,13.9073,39.7351
5075,302,145,41,116,13.5762,38.4106
5076,301,147,41,113,13.6213,37.5415
5077,301,149,44,108,14.6179,35.8804
5078,300,147,47,106,15.6667,35.3333
5079,300,147,50,103,16.6667,34.3333
5080,299,147,51,101,17.0569,33.7793
5081,300,150,51,99,17.0000,33.0000
5082,299,151,51,97,17.0569,32.4415
5083,301,159,50,92,16.6113,30.5648
5084,300,160,51,89,17.0000,29.6667
5085,300,160,50,90,16.6667,30.0000
5086,298,158,49,91,16.4430,30.5369
5087,302,162,51,89,16.8874,29.4702
5088,301,160,54,87,17.9402,28.9037
5089,301,162,54,85,17.9402,28.2392
5090,300,159,58,83,19.3333,27.6667
5091,300,157,59,84,19.6667,28.0000
5092,298,157,56,85,18.7919,28.5235
5093,300,162,56,82,18.6667,27.3333
5094,300,160,58,82,19.3333,27.3333
5095,299,161,61,77,20.4013,25.7525
5096,299,158,66,75,22.0736,25.0836
5097,300,163,66,71,22.0000,23.6667
5098,300,158,69,73,23.0000,24.3333
5099,299,157,65,77,21.7391,25.7525
5100,300,157,66,77,22.0000,25.6667
5101,300,156,70,74,23.3333,24.6667
5102,300,152,72,76,24.0000,25.3333
5103,298,147,76,75,25.5034,25.1678
5104,297,145,77,75,25.9259,25.2525
5105,298,146,79,73,26.5101,24.4966
5106,301,142,85,74,28.2392,24.5847
5107,300,140,88,72,29.3333,24.0000
5108,300,136,89,75,29.6667,25.0000
5109,300,130,92,78,30.6667,26.0000
5110,298,123,98,77,32.8859,25.8389
5111,303,127,98,78,32.3432,25.7426
5112,303,126,100,77,33.0033,25.4125
5113,303,118,106,79,34.9835,26.0726
5114,303,114,104,85,34.3234,28.0528
5115,302,112,106,84,35.0993,27.8146
5116,299,107,105,87,35.1171,29.0970
5117,299,105,104,90,34.7826,30.1003
5118,298,101,104,93,34.8993,31.2081
5119,299,98,105,96,35.1171,32.1070
5120,299,95,107,97,35.7860,32.4415
5121,302,96,106,100,35.0993,33.1126
5122,301,93,108,100,35.8804,33.2226
5123,300,90,104,106,34.6667,35.3333
5124,300,88,102,110,34.0000,36.6667
5125,299,89,99,111,33.1104,37.1237
5126,300,86,102,112,34.0000,37.3333
5127,298,84,98,116,32.8859,38.9262
5128,300,84,96,120,32.0000,40.0000
5129,298,84,87,127,29.1946,42.6174
5130,295,80,84,131,28.4746,44.4068
5131,299,85,83,131,27.7592,43.8127
5132,297,80,82,135,27.6094,45.4545
5133,299,81,82,136,27.4247,45.4849
5134,297,81,77,139,25.9259,46.8013
5135,295,80,73,142,24.7458,48.1356
5136,295,74,77,144,26.1017,48.8136
5137,295,78,74,143,25.0847,48.4746
5138,295,78,68,149,23.0508,50.5085
5139,296,75,69,152,23.3108,51.3514
5140,295,76,65,154,22.0339,52.2034
5141,296,80,64,152,21.6216,51.3514
5142,301,83,60,158,19.9336,52.4917
5143,301,82,58,161,19.2691,53.4884
5144,300,80,59,161,19.6667,53.6667
5145,300,80,60,160,20.0000,53.3333
5146,297,80,57,160,19.1919,53.8721
5147,296,80,53,163,17.9054,55.0676
5148,298,83,50,165,16.7785,55.3691
5149,299,82,52,165,17.3913,55.1839
5150,301,87,51,163,16.9435,54.1528
5151,301,90,51,160,16.9435,53.1561
5152,301,87,54,160,17.9402,53.1561
5153,299,87,48,164,16.0535,54.8495
5154,299,87,49,163,16.3880,54.5151
5155,303,90,49,164,16.1716,54.1254
5156,300,89,46,165,15.3333,55.0000
5157,299,88,44,167,14.7157,55.8528
5158,300,91,44,165,14.6667,55.0000
5159,300,92,42,166,14.0000,55.3333
5160,299,94,40,165,13.3779,55.1839
5161,300,97,42,161,14.0000,53.6667
5162,300,93,46,161,15.3333,53.6667
5163,299,94,44,161,14.7157,53.8462
5164,299,97,42,160,14.0468,53.5117
5165,300,97,42,161,14.0000,53.6667
5166,298,102,39,157,13.0872,52.6846
5167,301,106,40,155,13.2890,51.4950
5168,301,108,40,153,13.2890,50.8306
5169,301,113,38,150,12.6246,49.8339
5170,300,116,36,148,12.0000,49.3333
5171,299,118,37,144,12.3746,48.1605
5172,302,122,35,145,11.5894,48.0132
5173,300,125,33,142,11.0000,47.3333
5174,300,122,34,144,11.3333,48.0000
5175,300,125,36,139,12.0000,46.3333
5176,300,128,38,134,12.6667,44.6667
5177,299,131,36,132,12.0401,44.1472
5178,301,132,37,132,12.2924,43.8538
5179,301,135,39,127,12.9568,42.1927
5180,301,137,40,124,13.2890,41.1960
5181,301,137,45,119,14.9502,39.5349
5182,300,138,47,115,15.6667,38.3333
5183,299,138,45,116,15.0502,38.7960
5184,301,139,48,114,15.9468,37.8738
5185,301,140,48,113,15.9468,37.5415
5186,299,142,47,110,15.7191,36.7893
5187,305,149,50,106,16.3934,34.7541
5188,305,151,49,105,16.0656,34.4262
5189,305,151,51,103,16.7213,33.7705
5190,305,155,53,97,17.3770,31.8033
5191,303,157,53,93,17.4917,30.6931
5192,303,157,55,91,18.1518,30.0330
5193,303,155,57,91,18.8119,30.0330
5194,303,160,57,86,18.8119,28.3828
5195,302,162,53,87,17.5497,28.8079
5196,302,162,54,86,17.8808,28.4768
5197,301,159,56,86,18.6047,28.5714
5198,301,158,58,85,19.2691,28.2392
5199,301,160,59,82,19.6013,27.2425
5200,299,157,60,82,20.0669,27.4247
