tick,total,susceptible,infected,immune,pct_infected,pct_immune
0,150,94,10,46,6.6667,30.6667
1,150,93,11,46,7.3333,30.6667
2,150,92,12,46,8.0000,30.6667
3,152,94,12,46,7.8947,30.2632
4,154,95,13,46,8.4416,29.8701
5,155,95,14,46,9.0323,29.6774
6,156,96,14,46,8.9744,29.4872
7,157,96,15,46,9.5541,29.2994
8,158,96,16,46,10.1266,29.1139
9,160,98,16,46,10.0000,28.7500
10,160,96,18,46,11.2500,28.7500
11,162,96,20,46,12.3457,28.3951
12,163,97,20,46,12.2699,28.2209
13,164,96,22,46,13.4146,28.0488
14,166,96,24,46,14.4578,27.7108
15,166,95,25,46,15.0602,27.7108
16,166,94,26,46,15.6627,27.7108
17,166,93,27,46,16.2651,27.7108
18,167,90,31,46,18.5629,27.5449
19,168,89,33,46,19.6429,27.3810
20,168,87,35,46,20.8333,27.3810
21,167,88,25,54,14.9701,32.3353
22,168,88,26,54,15.4762,32.1429
23,168,84,29,55,17.2619,32.7381
24,168,84,29,55,17.2619,32.7381
25,169,85,27,57,15.9763,33.7278
26,170,86,27,57,15.8824,33.5294
27,172,87,28,57,16.2791,33.1395
28,175,88,29,58,16.5714,33.1429
29,175,88,29,58,16.5714,33.1429
30,179,92,27,60,15.0838,33.5196
31,180,92,27,61,15.0000,33.8889
32,182,92,28,62,15.3846,34.0659
33,184,94,29,61,15.7609,33.1522
34,182,93,27,62,14.8352,34.0659
35,183,94,26,63,14.2077,34.4262
36,185,91,31,63,16.7568,34.0541
37,185,92,29,64,15.6757,34.5946
38,184,90,29,65,15.7609,35.3261
39,184,89,28,67,15.2174,36.4130
40,185,89,28,68,15.1351,36.7568
41,186,89,28,69,15.0538,37.0968
42,186,90,27,69,14.5161,37.0968
43,190,93,26,71,13.6842,37.3684
44,192,94,24,74,12.5000,38.5417
45,193,91,28,74,14.5078,38.3420
46,196,92,30,74,15.3061,37.7551
47,200,96,29,75,14.5000,37.5000
48,201,96,29,76,14.4279,37.8109
49,201,93,30,78,14.9254,38.8060
50,201,91,32,78,15.9204,38.8060
51,203,93,32,78,15.7635,38.4236
52,203,136,32,35,15.7635,17.2414
53,206,137,34,35,16.5049,16.9903
54,204,132,37,35,18.1373,17.1569
55,205,130,39,36,19.0244,17.5610
56,205,126,40,39,19.5122,19.0244
57,205,126,40,39,19.5122,19.0244
58,205,125,39,41,19.0244,20.0000
59,206,125,39,42,18.9320,20.3883
60,205,124,39,42,19.0244,20.4878
61,206,125,39,42,18.9320,20.3883
62,207,125,39,43,18.8406,20.7729
63,208,124,41,43,19.7115,20.6731
64,208,125,40,43,19.2308,20.6731
65,207,124,39,44,18.8406,21.2560
66,208,126,37,45,17.7885,21.6346
67,209,123,40,46,19.1388,22.0096
68,211,119,45,47,21.3270,22.2749
69,214,119,47,48,21.9626,22.4299
70,216,118,47,51,21.7593,23.6111
71,216,118,47,51,21.7593,23.6111
72,215,116,48,51,22.3256,23.7209
73,218,126,46,46,21.1009,21.1009
74,217,126,43,48,19.8157,22.1198
75,222,131,43,48,19.3694,21.6216
76,223,131,39,53,17.4888,23.7668
77,223,131,38,54,17.0404,24.2152
78,224,131,39,54,17.4107,24.1071
79,225,130,39,56,17.3333,24.8889
80,226,132,38,56,16.8142,24.7788
81,229,131,42,56,18.3406,24.4541
82,228,130,43,55,18.8596,24.1228
83,230,131,44,55,19.1304,23.9130
84,233,134,44,55,18.8841,23.6052
85,235,127,52,56,22.1277,23.8298
86,235,126,53,56,22.5532,23.8298
87,234,125,53,56,22.6496,23.9316
88,234,121,53,60,22.6496,25.6410
89,232,121,49,62,21.1207,26.7241
90,237,126,46,65,19.4093,27.4262
91,238,127,46,65,19.3277,27.3109
92,238,127,47,64,19.7479,26.8908
93,237,126,48,63,20.2532,26.5823
94,237,124,50,63,21.0970,26.5823
95,238,126,51,61,21.4286,25.6303
96,239,130,50,59,20.9205,24.6862
97,240,126,52,62,21.6667,25.8333
98,242,124,54,64,22.3140,26.4463
99,243,125,54,64,22.2222,26.3374
100,244,125,55,64,22.5410,26.2295
101,246,127,56,63,22.7642,25.6098
102,245,126,54,65,22.0408,26.5306
103,250,128,57,65,22.8000,26.0000
104,248,126,58,64,23.3871,25.8065
105,248,124,53,71,21.3710,28.6290
106,248,122,51,75,20.5645,30.2419
107,248,121,52,75,20.9677,30.2419
108,248,126,48,74,19.3548,29.8387
109,249,128,48,73,19.2771,29.3173
110,253,133,48,72,18.9723,28.4585
111,254,132,50,72,19.6850,28.3465
112,254,130,50,74,19.6850,29.1339
113,255,130,49,76,19.2157,29.8039
114,257,131,49,77,19.0661,29.9611
115,261,131,50,80,19.1571,30.6513
116,265,135,48,82,18.1132,30.9434
117,266,136,49,81,18.4211,30.4511
118,267,136,47,84,17.6030,31.4607
119,269,136,48,85,17.8439,31.5985
120,270,137,47,86,17.4074,31.8519
121,273,139,46,88,16.8498,32.2344
122,274,140,46,88,16.7883,32.1168
123,272,141,42,89,15.4412,32.7206
124,273,137,45,91,16.4835,33.3333
125,273,138,45,90,16.4835,32.9670
126,275,143,43,89,15.6364,32.3636
127,278,146,42,90,15.1079,32.3741
128,280,150,44,86,15.7143,30.7143
129,281,152,45,84,16.0142,29.8932
130,282,151,46,85,16.3121,30.1418
131,284,150,50,84,17.6056,29.5775
132,283,149,49,85,17.3145,30.0353
133,287,149,52,86,18.1185,29.9652
134,288,149,53,86,18.4028,29.8611
135,291,152,53,86,18.2131,29.5533
136,294,153,54,87,18.3673,29.5918
137,296,151,58,87,19.5946,29.3919
138,298,151,59,88,19.7987,29.5302
139,301,154,57,90,18.9369,29.9003
140,301,153,59,89,19.6013,29.5681
141,299,152,60,87,20.0669,29.0970
142,303,156,62,85,20.4620,28.0528
143,303,154,65,84,21.4521,27.7228
144,303,150,67,86,22.1122,28.3828
145,302,147,65,90,21.5232,29.8013
146,301,142,68,91,22.5914,30.2326
147,300,132,77,91,25.6667,30.3333
148,300,131,77,92,25.6667,30.6667
149,299,124,84,91,28.0936,30.4348
150,300,124,84,92,28.0000,30.6667
151,300,124,82,94,27.3333,31.3333
152,298,124,80,94,26.8456,31.5436
153,299,124,78,97,26.0870,32.4415
154,303,127,78,98,25.7426,32.3432
155,303,117,87,99,28.7129,32.6733
156,303,116,86,101,28.3828,33.3333
157,303,119,85,99,28.0528,32.6733
158,303,118,86,99,28.3828,32.6733
159,302,111,91,100,30.1325,33.1126
160,302,106,96,100,31.7881,33.1126
161,302,103,94,105,31.1258,34.7682
162,300,99,96,105,32.0000,35.0000
163,299,93,100,106,33.4448,35.4515
164,300,89,105,106,35.0000,35.3333
165,298,85,105,108,35.2349,36.2416
166,299,87,104,108,34.7826,36.1204
167,298,88,97,113,32.5503,37.9195
168,301,87,98,116,32.5581,38.5382
169,299,84,96,119,32.1070,39.7993
170,299,82,95,122,31.7726,40.8027
171,302,87,93,122,30.7947,40.3974
172,302,86,94,122,31.1258,40.3974
173,301,85,97,119,32.2259,39.5349
174,300,88,93,119,31.0000,39.6667
175,297,88,89,120,29.9663,40.4040
176,299,85,91,123,30.4348,41.1371
177,299,86,89,124,29.7659,41.4716
178,300,85,88,127,29.3333,42.3333
179,298,81,89,128,29.8658,42.9530
180,296,76,86,134,29.0541,45.2703
181,296,74,85,137,28.7162,46.2838
182,295,74,83,138,28.1356,46.7797
183,296,76,77,143,26.0135,48.3108
184,299,80,73,146,24.4147,48.8294
185,300,83,67,150,22.3333,50.0000
186,299,83,65,151,21.7391,50.5017
187,300,83,67,150,22.3333,50.0000
188,298,84,62,152,20.8054,51.0067
189,300,86,61,153,20.3333,51.0000
190,299,88,56,155,18.7291,51.8395
191,298,91,52,155,17.4497,52.0134
192,300,89,58,153,19.3333,51.0000
193,299,88,56,155,18.7291,51.8395
194,300,90,54,156,18.0000,52.0000
195,300,91,53,156,17.6667,52.0000
196,298,88,53,157,17.7852,52.6846
197,298,94,49,155,16.4430,52.0134
198,300,97,48,155,16.0000,51.6667
199,298,96,46,156,15.4362,52.3490
200,298,96,40,162,13.4228,54.3624
201,301,100,39,162,12.9568,53.8206
202,299,102,36,161,12.0401,53.8462
203,303,110,32,161,10.5611,53.1353
204,303,109,32,162,10.5611,53.4653
205,303,111,32,160,10.5611,52.8053
206,303,113,33,157,10.8911,51.8152
207,301,112,33,156,10.9635,51.8272
208,301,112,34,155,11.2957,51.4950
209,300,116,34,150,11.3333,50.0000
210,300,119,34,147,11.3333,49.0000
211,300,121,34,145,11.3333,48.3333
212,299,120,32,147,10.7023,49.1639
213,300,127,28,145,9.3333,48.3333
214,299,124,31,144,10.3679,48.1605
215,301,127,32,142,10.6312,47.1761
216,300,127,31,142,10.3333,47.3333
217,300,130,30,140,10.0000,46.6667
218,300,132,29,139,9.6667,46.3333
219,299,140,26,133,8.6957,44.4816
220,302,147,25,130,8.2781,43.0464
221,302,147,27,128,8.9404,42.3841
222,302,153,26,123,8.6093,40.7285
223,302,152,29,121,9.6026,40.0662
224,302,152,29,121,9.6026,40.0662
225,302,148,31,123,10.2649,40.7285
226,302,148,33,121,10.9272,40.0662
227,302,147,38,117,12.5828,38.7417
228,300,152,34,114,11.3333,38.0000
229,299,152,36,111,12.0401,37.1237
230,301,153,40,108,13.2890,35.8804
231,301,154,41,106,13.6213,35.2159
232,301,157,43,101,14.2857,33.5548
233,301,158,44,99,14.6179,32.8904
234,300,155,47,98,15.6667,32.6667
235,300,160,46,94,15.3333,31.3333
236,300,161,48,91,16.0000,30.3333
237,300,163,50,87,16.6667,29.0000
238,300,160,54,86,18.0000,28.6667
239,300,157,57,86,19.0000,28.6667
240,300,148,70,82,23.3333,27.3333
241,298,144,72,82,24.1611,27.5168
242,298,141,79,78,26.5101,26.1745
243,298,141,80,77,26.8456,25.8389
244,303,141,85,77,28.0528,25.4125
245,303,134,92,77,30.3630,25.4125
246,302,132,92,78,30.4636,25.8278
247,301,126,96,79,31.8937,26.2458
248,301,124,99,78,32.8904,25.9136
249,300,120,104,76,34.6667,25.3333
250,297,118,102,77,34.3434,25.9259
251,296,119,101,76,34.1216,25.6757
252,296,118,108,70,36.4865,23.6486
253,297,119,109,69,36.7003,23.2323
254,304,124,109,71,35.8553,23.3553
255,303,120,112,71,36.9637,23.4323
256,303,113,118,72,38.9439,23.7624
257,303,110,119,74,39.2739,24.4224
258,303,103,123,77,40.5941,25.4125
259,300,100,121,79,40.3333,26.3333
260,298,97,119,82,39.9329,27.5168
261,294,94,111,89,37.7551,30.2721
262,292,91,109,92,37.3288,31.5068
263,297,94,107,96,36.0269,32.3232
264,299,97,107,95,35.7860,31.7726
265,297,96,104,97,35.0168,32.6599
266,296,94,98,104,33.1081,35.1351
267,298,89,100,109,33.5570,36.5772
268,299,90,95,114,31.7726,38.1271
269,302,96,89,117,29.4702,38.7417
270,302,95,89,118,29.4702,39.0728
271,301,93,89,119,29.5681,39.5349
272,300,92,86,122,28.6667,40.6667
273,299,89,85,125,28.4281,41.8060
274,300,90,82,128,27.3333,42.6667
275,298,86,81,131,27.1812,43.9597
276,302,88,76,138,25.1656,45.6954
277,300,88,71,141,23.6667,47.0000
278,299,83,72,144,24.0803,48.1605
279,299,83,68,148,22.7425,49.4983
280,295,84,65,146,22.0339,49.4915
281,295,81,66,148,22.3729,50.1695
282,295,81,65,149,22.0339,50.5085
283,296,82,63,151,21.2838,51.0135
284,298,82,63,153,21.1409,51.3423
285,299,84,60,155,20.0669,51.8395
286,301,86,58,157,19.2691,52.1595
287,301,83,60,158,19.9336,52.4917
288,298,80,58,160,19.4631,53.6913
289,299,80,58,161,19.3980,53.8462
290,301,81,59,161,19.6013,53.4884
291,299,79,58,162,19.3980,54.1806
292,299,78,57,164,19.0635,54.8495
293,300,78,57,165,19.0000,55.0000
294,299,77,54,168,18.0602,56.1873
295,299,77,55,167,18.3946,55.8528
296,298,78,52,168,17.4497,56.3758
297,298,78,52,168,17.4497,56.3758
298,300,82,51,167,17.0000,55.6667
299,298,82,49,167,16.4430,56.0403
300,304,91,49,164,16.1184,53.9474
301,303,90,45,168,14.8515,55.4455
302,303,90,45,168,14.8515,55.4455
303,303,83,51,169,16.8317,55.7756
304,303,83,49,171,16.1716,56.4356
305,303,80,53,170,17.4917,56.1056
306,303,80,56,167,18.4818,55.1155
307,302,80,57,165,18.8742,54.6358
308,301,83,50,168,16.6113,55.8140
309,301,83,49,169,16.2791,56.1462
310,301,83,52,166,17.2757,55.1495
311,300,78,56,166,18.6667,55.3333
312,299,82,55,162,18.3946,54.1806
313,300,88,55,157,18.3333,52.3333
314,300,91,55,154,18.3333,51.3333
315,299,92,56,151,18.7291,50.5017
316,304,102,54,148,17.7632,48.6842
317,304,104,57,143,18.7500,47.0395
318,302,107,57,138,18.8742,45.6954
319,302,110,56,136,18.5430,45.0331
320,301,112,60,129,19.9336,42.8571
321,301,113,63,125,20.9302,41.5282
322,301,106,72,123,23.9203,40.8638
323,300,108,68,124,22.6667,41.3333
324,299,111,65,123,21.7391,41.1371
325,300,115,62,123,20.6667,41.0000
326,300,116,63,121,21.0000,40.3333
327,299,116,62,121,20.7358,40.4682
328,301,124,63,114,20.9302,37.8738
329,300,126,65,109,21.6667,36.3333
330,300,124,69,107,23.0000,35.6667
331,298,127,65,106,21.8121,35.5705
332,300,127,62,111,20.6667,37.0000
333,300,125,65,110,21.6667,36.6667
334,299,124,65,110,21.7391,36.7893
335,304,129,66,109,21.7105,35.8553
336,303,130,66,107,21.7822,35.3135
337,303,130,68,105,22.4422,34.6535
338,303,128,70,105,23.1023,34.6535
339,301,130,69,102,22.9236,33.8870
340,301,130,69,102,22.9236,33.8870
341,298,130,66,102,22.1477,34.2282
342,296,132,60,104,20.2703,35.1351
343,294,125,64,105,21.7687,35.7143
344,294,125,66,103,22.4490,35.0340
345,297,130,66,101,22.2222,34.0067
346,298,130,68,100,22.8188,33.5570
347,299,127,71,101,23.7458,33.7793
348,299,130,69,100,23.0769,33.4448
349,299,130,68,101,22.7425,33.7793
350,302,135,66,101,21.8543,33.4437
351,301,134,65,102,21.5947,33.8870
352,300,127,69,104,23.0000,34.6667
353,299,129,68,102,22.7425,34.1137
354,301,130,69,102,22.9236,33.8870
355,301,130,67,104,22.2591,34.5515
356,301,127,72,102,23.9203,33.8870
357,301,122,72,107,23.9203,35.5482
358,299,123,67,109,22.4080,36.4548
359,302,122,71,109,23.5099,36.0927
360,299,126,70,103,23.4114,34.4482
361,302,131,70,101,23.1788,33.4437
362,302,124,76,102,25.1656,33.7748
363,302,122,73,107,24.1722,35.4305
364,301,116,77,108,25.5814,35.8804
365,300,112,79,109,26.3333,36.3333
366,300,110,79,111,26.3333,37.0000
367,300,105,82,113,27.3333,37.6667
368,299,102,79,118,26.4214,39.4649
369,302,105,78,119,25.8278,39.4040
370,302,106,78,118,25.8278,39.0728
371,300,107,78,115,26.0000,38.3333
372,299,104,74,121,24.7492,40.4682
373,300,105,70,125,23.3333,41.6667
374,299,101,71,127,23.7458,42.4749
375,301,106,71,124,23.5880,41.1960
376,300,105,72,123,24.0000,41.0000
377,299,104,70,125,23.4114,41.8060
378,300,105,70,125,23.3333,41.6667
379,300,101,73,126,24.3333,42.0000
380,300,98,75,127,25.0000,42.3333
381,300,94,77,129,25.6667,43.0000
382,300,92,74,134,24.6667,44.6667
383,300,91,75,134,25.0000,44.6667
384,296,91,73,132,24.6622,44.5946
385,299,94,68,137,22.7425,45.8194
386,299,93,67,139,22.4080,46.4883
387,297,91,68,138,22.8956,46.4646
388,297,92,60,145,20.2020,48.8215
389,300,94,63,143,21.0000,47.6667
390,300,93,67,140,22.3333,46.6667
391,298,92,66,140,22.1477,46.9799
392,299,94,68,137,22.7425,45.8194
393,300,95,67,138,22.3333,46.0000
394,300,93,70,137,23.3333,45.6667
395,298,91,71,136,23.8255,45.6376
396,297,90,70,137,23.5690,46.1279
397,297,90,68,139,22.8956,46.8013
398,297,88,71,138,23.9057,46.4646
399,299,93,67,139,22.4080,46.4883
400,298,93,65,140,21.8121,46.9799
401,298,95,62,141,20.8054,47.3154
402,301,98,59,144,19.6013,47.8405
403,300,99,58,143,19.3333,47.6667
404,297,101,54,142,18.1818,47.8114
405,299,99,58,142,19.3980,47.4916
406,299,98,58,143,19.3980,47.8261
407,300,103,54,143,18.0000,47.6667
408,299,105,53,141,17.7258,47.1572
409,303,113,51,139,16.8317,45.8746
410,303,115,50,138,16.5017,45.5446
411,303,114,49,140,16.1716,46.2046
412,303,113,46,144,15.1815,47.5248
413,302,113,46,143,15.2318,47.3510
414,301,114,43,144,14.2857,47.8405
415,299,118,41,140,13.7124,46.8227
416,302,123,39,140,12.9139,46.3576
417,300,122,40,138,13.3333,46.0000
418,297,124,35,138,11.7845,46.4646
419,298,126,34,138,11.4094,46.3087
420,302,135,34,133,11.2583,44.0397
421,300,135,32,133,10.6667,44.3333
422,299,133,32,134,10.7023,44.8161
423,301,135,31,135,10.2990,44.8505
424,301,137,35,129,11.6279,42.8571
425,300,141,33,126,11.0000,42.0000
426,300,142,30,128,10.0000,42.6667
427,299,143,28,128,9.3645,42.8094
428,304,150,29,125,9.5395,41.1184
429,304,154,30,120,9.8684,39.4737
430,304,152,32,120,10.5263,39.4737
431,304,153,34,117,11.1842,38.4868
432,304,154,32,118,10.5263,38.8158
433,304,155,33,116,10.8553,38.1579
434,304,161,32,111,10.5263,36.5132
435,303,158,35,110,11.5512,36.3036
436,303,160,36,107,11.8812,35.3135
437,302,164,36,102,11.9205,33.7748
438,302,165,38,99,12.5828,32.7815
439,301,162,40,99,13.2890,32.8904
440,300,164,45,91,15.0000,30.3333
441,300,164,45,91,15.0000,30.3333
442,300,162,44,94,14.6667,31.3333
443,299,154,50,95,16.7224,31.7726
444,301,154,49,98,16.2791,32.5581
445,300,154,51,95,17.0000,31.6667
446,300,156,50,94,16.6667,31.3333
447,300,156,50,94,16.6667,31.3333
448,300,154,53,93,17.6667,31.0000
449,299,150,58,91,19.3980,30.4348
450,299,150,59,90,19.7324,30.1003
451,300,148,63,89,21.0000,29.6667
452,300,146,65,89,21.6667,29.6667
453,299,149,64,86,21.4047,28.7625
454,300,151,68,81,22.6667,27.0000
455,300,145,74,81,24.6667,27.0000
456,299,141,75,83,25.0836,27.7592
457,302,144,77,81,25.4967,26.8212
458,301,138,84,79,27.9070,26.2458
459,299,135,87,77,29.0970,25.7525
460,298,130,88,80,29.5302,26.8456
461,298,124,95,79,31.8792,26.5101
462,301,125,99,77,32.8904,25.5814
463,300,121,99,80,33.0000,26.6667
464,299,122,97,80,32.4415,26.7559
465,301,115,106,80,35.2159,26.5781
466,301,114,107,80,35.5482,26.5781
467,301,112,112,77,37.2093,25.5814
468,300,110,114,76,38.0000,25.3333
469,298,106,113,79,37.9195,26.5101
470,299,101,117,81,39.1304,27.0903
471,297,100,117,80,39.3939,26.9360
472,297,95,118,84,39.7306,28.2828
473,299,94,120,85,40.1338,28.4281
474,301,91,126,84,41.8605,27.9070
475,299,89,119,91,39.7993,30.4348
476,299,88,116,95,38.7960,31.7726
477,298,84,118,96,39.5973,32.2148
478,300,87,118,95,39.3333,31.6667
479,296,84,111,101,37.5000,34.1216
480,297,82,110,105,37.0370,35.3535
481,298,81,108,109,36.2416,36.5772
482,296,79,104,113,35.1351,38.1757
483,296,76,105,115,35.4730,38.8514
484,294,76,102,116,34.6939,39.4558
485,296,78,97,121,32.7703,40.8784
486,292,77,92,123,31.5068,42.1233
487,294,77,94,123,31.9728,41.8367
488,294,77,89,128,30.2721,43.5374
489,294,74,90,130,30.6122,44.2177
490,295,74,85,136,28.8136,46.1017
491,297,77,80,140,26.9360,47.1380
492,297,77,75,145,25.2525,48.8215
493,298,74,77,147,25.8389,49.3289
494,297,73,78,146,26.2626,49.1582
495,296,72,74,150,25.0000,50.6757
496,297,75,75,147,25.2525,49.4949
497,300,75,77,148,25.6667,49.3333
498,298,74,71,153,23.8255,51.3423
499,296,73,70,153,23.6486,51.6892
500,296,74,66,156,22.2973,52.7027
501,298,73,64,161,21.4765,54.0268
502,298,71,64,163,21.4765,54.6980
503,299,71,64,164,21.4047,54.8495
504,300,74,61,165,20.3333,55.0000
505,300,72,60,168,20.0000,56.0000
506,300,72,59,169,19.6667,56.3333
507,298,72,58,168,19.4631,56.3758
508,298,73,59,166,19.7987,55.7047
509,299,74,55,170,18.3946,56.8562
510,301,74,55,172,18.2724,57.1429
511,301,76,54,171,17.9402,56.8106
512,300,75,57,168,19.0000,56.0000
513,299,72,58,169,19.3980,56.5217
514,304,77,55,172,18.0921,56.5789
515,304,81,53,170,17.4342,55.9211
516,303,81,54,168,17.8218,55.4455
517,303,78,53,172,17.4917,56.7657
518,303,77,53,173,17.4917,57.0957
519,303,72,56,175,18.4818,57.7558
520,303,70,58,175,19.1419,57.7558
521,302,73,54,175,17.8808,57.9470
522,301,73,56,172,18.6047,57.1429
523,301,72,56,173,18.6047,57.4751
524,300,76,53,171,17.6667,57.0000
525,299,77,51,171,17.0569,57.1906
526,302,81,50,171,16.5563,56.6225
527,302,89,49,164,16.2252,54.3046
528,302,90,50,162,16.5563,53.6424
529,302,91,49,162,16.2252,53.6424
530,302,93,48,161,15.8940,53.3113
531,301,94,52,155,17.2757,51.4950
532,301,95,54,152,17.9402,50.4983
533,300,98,50,152,16.6667,50.6667
534,299,99,52,148,17.3913,49.4983
535,302,102,53,147,17.5497,48.6755
536,301,104,53,144,17.6080,47.8405
537,300,107,50,143,16.6667,47.6667
538,300,107,51,142,17.0000,47.3333
539,298,108,47,143,15.7718,47.9866
540,299,108,49,142,16.3880,47.4916
541,298,109,50,139,16.7785,46.6443
542,297,114,50,133,16.8350,44.7811
543,297,114,53,130,17.8451,43.7710
544,299,117,56,126,18.7291,42.1405
545,301,118,59,124,19.6013,41.1960
546,300,116,62,122,20.6667,40.6667
547,300,114,69,117,23.0000,39.0000
548,299,109,72,118,24.0803,39.4649
549,302,108,76,118,25.1656,39.0728
550,302,111,77,114,25.4967,37.7483
551,302,107,80,115,26.4901,38.0795
552,301,108,77,116,25.5814,38.5382
553,301,111,79,111,26.2458,36.8771
554,299,106,80,113,26.7559,37.7926
555,303,109,83,111,27.3927,36.6337
556,303,110,84,109,27.7228,35.9736
557,303,109,85,109,28.0528,35.9736
558,302,106,88,108,29.1391,35.7616
559,301,101,92,108,30.5648,35.8804
560,299,97,93,109,31.1037,36.4548
561,301,94,99,108,32.8904,35.8804
562,299,93,97,109,32.4415,36.4548
563,300,93,97,110,32.3333,36.6667
564,298,88,98,112,32.8859,37.5839
565,298,88,98,112,32.8859,37.5839
566,299,87,101,111,33.7793,37.1237
567,299,88,100,111,33.4448,37.1237
568,301,91,95,115,31.5615,38.2060
569,300,91,94,115,31.3333,38.3333
570,299,91,93,115,31.1037,38.4615
571,303,94,91,118,30.0330,38.9439
572,302,92,89,121,29.4702,40.0662
573,302,93,90,119,29.8013,39.4040
574,300,93,86,121,28.6667,40.3333
575,299,92,87,120,29.0970,40.1338
576,297,91,87,119,29.2929,40.0673
577,297,92,85,120,28.6195,40.4040
578,300,95,85,120,28.3333,40.0000
579,298,92,82,124,27.5168,41.6107
580,300,94,78,128,26.0000,42.6667
581,297,94,73,130,24.5791,43.7710
582,301,95,73,133,24.2525,44.1860
583,300,93,72,135,24.0000,45.0000
584,299,90,73,136,24.4147,45.4849
585,301,98,67,136,22.2591,45.1827
586,301,94,69,138,22.9236,45.8472
587,299,94,66,139,22.0736,46.4883
588,300,91,66,143,22.0000,47.6667
589,300,91,68,141,22.6667,47.0000
590,300,93,65,142,21.6667,47.3333
591,299,94,64,141,21.4047,47.1572
592,297,94,65,138,21.8855,46.4646
593,295,90,66,139,22.3729,47.1186
594,295,88,67,140,22.7119,47.4576
595,296,87,69,140,23.3108,47.2973
596,296,86,69,141,23.3108,47.6351
597,295,86,65,144,22.0339,48.8136
598,297,82,68,147,22.8956,49.4949
599,299,83,64,152,21.4047,50.8361
600,300,83,67,150,22.3333,50.0000
601,299,83,65,151,21.7391,50.5017
602,301,86,64,151,21.2625,50.1661
603,299,86,61,152,20.4013,50.8361
604,303,92,62,149,20.4620,49.1749
605,302,92,60,150,19.8675,49.6689
606,301,95,58,148,19.2691,49.1694
607,300,96,56,148,18.6667,49.3333
608,298,97,53,148,17.7852,49.6644
609,299,101,51,147,17.0569,49.1639
610,299,101,48,150,16.0535,50.1672
611,302,103,48,151,15.8940,50.0000
612,302,104,50,148,16.5563,49.0066
613,302,104,48,150,15.8940,49.6689
614,300,102,49,149,16.3333,49.6667
615,300,103,47,150,15.6667,50.0000
616,298,103,44,151,14.7651,50.6711
617,299,108,42,149,14.0468,49.8328
618,300,106,43,151,14.3333,50.3333
619,300,108,43,149,14.3333,49.6667
620,298,114,39,145,13.0872,48.6577
621,300,119,39,142,13.0000,47.3333
622,300,120,40,140,13.3333,46.6667
623,299,122,41,136,13.7124,45.4849
624,300,124,40,136,13.3333,45.3333
625,299,120,44,135,14.7157,45.1505
626,303,123,48,132,15.8416,43.5644
627,303,119,54,130,17.8218,42.9043
628,303,115,59,129,19.4719,42.5743
629,303,115,61,127,20.1320,41.9142
630,303,113,63,127,20.7921,41.9142
631,302,114,66,122,21.8543,40.3974
632,302,116,67,119,22.1854,39.4040
633,302,118,68,116,22.5166,38.4106
634,301,120,65,116,21.5947,38.5382
635,298,119,66,113,22.1477,37.9195
636,300,119,70,111,23.3333,37.0000
637,300,121,72,107,24.0000,35.6667
638,300,119,75,106,25.0000,35.3333
639,299,115,76,108,25.4181,36.1204
640,305,120,82,103,26.8852,33.7705
641,305,120,83,102,27.2131,33.4426
642,304,117,89,98,29.2763,32.2368
643,304,110,95,99,31.2500,32.5658
644,303,105,96,102,31.6832,33.6634
645,302,102,99,101,32.7815,33.4437
646,300,99,96,105,32.0000,35.0000
647,298,98,93,107,31.2081,35.9060
648,301,97,94,110,31.2292,36.5449
649,300,97,93,110,31.0000,36.6667
650,298,95,96,107,32.2148,35.9060
651,300,101,92,107,30.6667,35.6667
652,299,98,91,110,30.4348,36.7893
653,302,104,89,109,29.4702,36.0927
654,301,103,89,109,29.5681,36.2126
655,300,103,88,109,29.3333,36.3333
656,300,100,91,109,30.3333,36.3333
657,297,97,91,109,30.6397,36.7003
658,300,98,91,111,30.3333,37.0000
659,298,98,86,114,28.8591,38.2550
660,300,97,86,117,28.6667,39.0000
661,300,96,86,118,28.6667,39.3333
662,298,96,86,116,28.8591,38.9262
663,297,94,83,120,27.9461,40.4040
664,295,93,78,124,26.4407,42.0339
665,294,98,74,122,25.1701,41.4966
666,293,100,73,120,24.9147,40.9556
667,292,101,71,120,24.3151,41.0959
668,293,106,64,123,21.8430,41.9795
669,296,110,61,125,20.6081,42.2297
670,298,113,62,123,20.8054,41.2752
671,300,117,60,123,20.0000,41.0000
672,300,114,64,122,21.3333,40.6667
673,298,111,64,123,21.4765,41.2752
674,301,111,68,122,22.5914,40.5316
675,300,108,68,124,22.6667,41.3333
676,299,110,65,124,21.7391,41.4716
677,298,105,67,126,22.4832,42.2819
678,301,103,69,129,22.9236,42.8571
679,300,100,70,130,23.3333,43.3333
680,298,98,68,132,22.8188,44.2953
681,299,99,65,135,21.7391,45.1505
682,302,104,62,136,20.5298,45.0331
683,301,101,60,140,19.9336,46.5116
684,300,97,63,140,21.0000,46.6667
685,300,96,64,140,21.3333,46.6667
686,298,95,68,135,22.8188,45.3020
687,300,93,70,137,23.3333,45.6667
688,299,89,72,138,24.0803,46.1538
689,301,88,75,138,24.9169,45.8472
690,300,87,76,137,25.3333,45.6667
691,300,90,75,135,25.0000,45.0000
692,298,87,75,136,25.1678,45.6376
693,301,89,72,140,23.9203,46.5116
694,300,87,70,143,23.3333,47.6667
695,300,82,77,141,25.6667,47.0000
696,298,78,81,139,27.1812,46.6443
697,297,75,79,143,26.5993,48.1481
698,299,81,77,141,25.7525,47.1572
699,301,87,72,142,23.9203,47.1761
700,300,88,73,139,24.3333,46.3333
701,300,88,74,138,24.6667,46.0000
702,300,87,74,139,24.6667,46.3333
703,300,90,75,135,25.0000,45.0000
704,299,89,74,136,24.7492,45.4849
705,300,85,75,140,25.0000,46.6667
706,298,83,74,141,24.8322,47.3154
707,298,87,71,140,23.8255,46.9799
708,298,86,72,140,24.1611,46.9799
709,298,86,70,142,23.4899,47.6510
710,301,86,74,141,24.5847,46.8439
711,300,85,76,139,25.3333,46.3333
712,300,86,78,136,26.0000,45.3333
713,299,86,80,133,26.7559,44.4816
714,300,89,77,134,25.6667,44.6667
715,299,95,71,133,23.7458,44.4816
716,300,99,65,136,21.6667,45.3333
717,299,100,60,139,20.0669,46.4883
718,301,101,60,140,19.9336,46.5116
719,301,102,60,139,19.9336,46.1794
720,301,101,67,133,22.2591,44.1860
721,299,101,63,135,21.0702,45.1505
722,299,101,64,134,21.4047,44.8161
723,299,101,63,135,21.0702,45.1505
724,302,104,63,135,20.8609,44.7020
725,300,105,60,135,20.0000,45.0000
726,296,100,57,139,19.2568,46.9595
727,299,100,62,137,20.7358,45.8194
728,302,105,60,137,19.8675,45.3642
729,299,104,60,135,20.0669,45.1505
730,302,108,59,135,19.5364,44.7020
731,300,106,56,138,18.6667,46.0000
732,298,106,54,138,18.1208,46.3087
733,300,110,53,137,17.6667,45.6667
734,299,109,54,136,18.0602,45.4849
735,302,115,55,132,18.2119,43.7086
736,302,115,58,129,19.2053,42.7152
737,299,116,55,128,18.3946,42.8094
738,299,113,58,128,19.3980,42.8094
739,299,111,61,127,20.4013,42.4749
740,300,110,62,128,20.6667,42.6667
741,297,108,60,129,20.2020,43.4343
742,300,110,60,130,20.0000,43.3333
743,298,111,58,129,19.4631,43.2886
744,300,108,62,130,20.6667,43.3333
745,300,109,65,126,21.6667,42.0000
746,300,105,66,129,22.0000,43.0000
747,300,104,67,129,22.3333,43.0000
748,298,101,66,131,22.1477,43.9597
749,301,107,66,128,21.9269,42.5249
750,301,109,65,127,21.5947,42.1927
751,300,110,65,125,21.6667,41.6667
752,299,108,66,125,22.0736,41.8060
753,298,108,66,124,22.1477,41.6107
754,299,107,68,124,22.7425,41.4716
755,302,107,71,124,23.5099,41.0596
756,302,109,70,123,23.1788,40.7285
757,302,114,69,119,22.8477,39.4040
758,302,112,71,119,23.5099,39.4040
759,299,112,69,118,23.0769,39.4649
760,300,111,71,118,23.6667,39.3333
761,299,113,67,119,22.4080,39.7993
762,300,113,71,116,23.6667,38.6667
763,298,113,71,114,23.8255,38.2550
764,300,116,68,116,22.6667,38.6667
765,299,114,67,118,22.4080,39.4649
766,300,115,65,120,21.6667,40.0000
767,298,117,63,118,21.1409,39.5973
768,299,125,59,115,19.7324,38.4615
769,301,131,59,111,19.6013,36.8771
770,301,130,58,113,19.2691,37.5415
771,301,128,61,112,20.2658,37.2093
772,298,126,56,116,18.7919,38.9262
773,301,132,56,113,18.6047,37.5415
774,301,129,57,115,18.9369,38.2060
775,301,129,58,114,19.2691,37.8738
776,299,122,61,116,20.4013,38.7960
777,300,124,63,113,21.0000,37.6667
778,300,127,62,111,20.6667,37.0000
779,298,123,63,112,21.1409,37.5839
780,300,127,63,110,21.0000,36.6667
781,298,122,63,113,21.1409,37.9195
782,302,126,64,112,21.1921,37.0861
783,302,126,64,112,21.1921,37.0861
784,302,126,65,111,21.5232,36.7550
785,302,124,68,110,22.5166,36.4238
786,302,121,69,112,22.8477,37.0861
787,300,116,69,115,23.0000,38.3333
788,300,114,71,115,23.6667,38.3333
789,299,113,72,114,24.0803,38.1271
790,301,111,75,115,24.9169,38.2060
791,300,109,74,117,24.6667,39.0000
792,299,109,74,116,24.7492,38.7960
793,303,109,80,114,26.4026,37.6238
794,303,108,80,115,26.4026,37.9538
795,302,104,79,119,26.1589,39.4040
796,301,104,76,121,25.2492,40.1993
797,298,100,77,121,25.8389,40.6040
798,298,106,76,116,25.5034,38.9262
799,299,105,78,116,26.0870,38.7960
800,299,106,76,117,25.4181,39.1304
801,301,104,77,120,25.5814,39.8671
802,301,99,81,121,26.9103,40.1993
803,301,98,82,121,27.2425,40.1993
804,299,99,78,122,26.0870,40.8027
805,300,98,78,124,26.0000,41.3333
806,298,94,79,125,26.5101,41.9463
807,298,92,78,128,26.1745,42.9530
808,299,93,78,128,26.0870,42.8094
809,299,87,85,127,28.4281,42.4749
810,299,90,82,127,27.4247,42.4749
811,300,89,82,129,27.3333,43.0000
812,300,86,84,130,28.0000,43.3333
813,300,90,82,128,27.3333,42.6667
814,298,88,79,131,26.5101,43.9597
815,300,91,74,135,24.6667,45.0000
816,300,91,73,136,24.3333,45.3333
817,300,92,73,135,24.3333,45.0000
818,298,92,73,133,24.4966,44.6309
819,299,93,73,133,24.4147,44.4816
820,299,96,73,130,24.4147,43.4783
821,301,97,72,132,23.9203,43.8538
822,300,95,72,133,24.0000,44.3333
823,298,91,71,136,23.8255,45.6376
824,300,96,71,133,23.6667,44.3333
825,299,98,69,132,23.0769,44.1472
826,299,99,66,134,22.0736,44.8161
827,301,98,67,136,22.2591,45.1827
828,300,101,64,135,21.3333,45.0000
829,299,99,60,140,20.0669,46.8227
830,301,101,57,143,18.9369,47.5083
831,300,103,54,143,18.0000,47.6667
832,297,102,52,143,17.5084,48.1481
833,300,104,55,141,18.3333,47.0000
834,300,106,54,140,18.0000,46.6667
835,300,107,57,136,19.0000,45.3333
836,300,106,58,136,19.3333,45.3333
837,300,105,58,137,19.3333,45.6667
838,299,103,60,136,20.0669,45.4849
839,300,103,61,136,20.3333,45.3333
840,300,102,59,139,19.6667,46.3333
841,299,98,59,142,19.7324,47.4916
842,299,98,57,144,19.0635,48.1605
843,300,101,54,145,18.0000,48.3333
844,299,99,54,146,18.0602,48.8294
845,302,100,55,147,18.2119,48.6755
846,302,98,59,145,19.5364,48.0132
847,302,99,57,146,18.8742,48.3444
848,302,98,61,143,20.1987,47.3510
849,301,96,63,142,20.9302,47.1761
850,299,93,65,141,21.7391,47.1572
851,300,93,65,142,21.6667,47.3333
852,299,95,66,138,22.0736,46.1538
853,300,98,63,139,21.0000,46.3333
854,300,99,64,137,21.3333,45.6667
855,300,101,64,135,21.3333,45.0000
856,299,99,66,134,22.0736,44.8161
857,302,99,71,132,23.5099,43.7086
858,301,99,69,133,22.9236,44.1860
859,300,103,65,132,21.6667,44.0000
860,299,104,63,132,21.0702,44.1472
861,302,102,67,133,22.1854,44.0397
862,302,102,66,134,21.8543,44.3709
863,300,101,65,134,21.6667,44.6667
864,300,103,66,131,22.0000,43.6667
865,297,105,64,128,21.5488,43.0976
866,297,106,63,128,21.2121,43.0976
867,300,113,60,127,20.0000,42.3333
868,297,116,55,126,18.5185,42.4242
869,299,117,55,127,18.3946,42.4749
870,298,115,56,127,18.7919,42.6174
871,299,118,54,127,18.0602,42.4749
872,302,120,55,127,18.2119,42.0530
873,301,122,53,126,17.6080,41.8605
874,301,126,53,122,17.6080,40.5316
875,300,126,54,120,18.0000,40.0000
876,300,124,53,123,17.6667,41.0000
877,298,119,53,126,17.7852,42.2819
878,298,121,52,125,17.4497,41.9463
879,300,124,55,121,18.3333,40.3333
880,300,119,61,120,20.3333,40.0000
881,300,120,62,118,20.6667,39.3333
882,298,121,61,116,20.4698,38.9262
883,299,124,59,116,19.7324,38.7960
884,304,131,59,114,19.4079,37.5000
885,304,133,57,114,18.7500,37.5000
886,303,132,58,113,19.1419,37.2937
887,302,130,58,114,19.2053,37.7483
888,302,126,62,114,20.5298,37.7483
889,302,121,68,113,22.5166,37.4172
890,301,121,67,113,22.2591,37.5415
891,299,120,68,111,22.7425,37.1237
892,299,120,69,110,23.0769,36.7893
893,299,120,69,110,23.0769,36.7893
894,302,122,71,109,23.5099,36.0927
895,302,119,77,106,25.4967,35.0993
896,300,114,80,106,26.6667,35.3333
897,299,111,77,111,25.7525,37.1237
898,299,111,75,113,25.0836,37.7926
899,299,113,78,108,26.0870,36.1204
900,299,113,74,112,24.7492,37.4582
901,300,111,76,113,25.3333,37.6667
902,297,104,79,114,26.5993,38.3838
903,299,106,76,117,25.4181,39.1304
904,303,110,75,118,24.7525,38.9439
905,303,113,77,113,25.4125,37.2937
906,303,109,81,113,26.7327,37.2937
907,302,107,82,113,27.1523,37.4172
908,301,108,77,116,25.5814,38.5382
909,300,103,79,118,26.3333,39.3333
910,299,104,76,119,25.4181,39.7993
911,301,103,79,119,26.2458,39.5349
912,300,100,83,117,27.6667,39.0000
913,299,96,84,119,28.0936,39.7993
914,298,96,86,116,28.8591,38.9262
915,296,97,82,117,27.7027,39.5270
916,297,97,77,123,25.9259,41.4141
917,297,95,76,126,25.5892,42.4242
918,298,97,75,126,25.1678,42.2819
919,298,99,72,127,24.1611,42.6174
920,296,101,71,124,23.9865,41.8919
921,298,107,67,124,22.4832,41.6107
922,299,110,63,126,21.0702,42.1405
923,300,113,60,127,20.0000,42.3333
924,299,111,62,126,20.7358,42.1405
925,300,112,63,125,21.0000,41.6667
926,299,112,60,127,20.0669,42.4749
927,302,115,59,128,19.5364,42.3841
928,301,116,61,124,20.2658,41.1960
929,301,116,61,124,20.2658,41.1960
930,300,117,59,124,19.6667,41.3333
931,300,113,59,128,19.6667,42.6667
932,299,111,57,131,19.0635,43.8127
933,297,110,56,131,18.8552,44.1077
934,296,112,51,133,17.2297,44.9324
935,297,113,52,132,17.5084,44.4444
936,296,112,51,133,17.2297,44.9324
937,300,113,55,132,18.3333,44.0000
938,300,113,52,135,17.3333,45.0000
939,300,112,52,136,17.3333,45.3333
940,300,108,55,137,18.3333,45.6667
941,300,109,56,135,18.6667,45.0000
942,300,107,60,133,20.0000,44.3333
943,299,104,61,134,20.4013,44.8161
944,298,106,59,133,19.7987,44.6309
945,299,110,57,132,19.0635,44.1472
946,300,110,60,130,20.0000,43.3333
947,300,109,60,131,20.0000,43.6667
948,299,106,60,133,20.0669,44.4816
949,298,112,58,128,19.4631,42.9530
950,299,112,60,127,20.0669,42.4749
951,302,113,60,129,19.8675,42.7152
952,302,111,63,128,20.8609,42.3841
953,302,111,62,129,20.5298,42.7152
954,300,110,58,132,19.3333,44.0000
955,300,113,59,128,19.6667,42.6667
956,300,112,58,130,19.3333,43.3333
957,299,106,60,133,20.0669,44.4816
958,300,104,63,133,21.0000,44.3333
959,300,102,64,134,21.3333,44.6667
960,299,101,66,132,22.0736,44.1472
961,302,105,67,130,22.1854,43.0464
962,301,107,66,128,21.9269,42.5249
963,301,108,66,127,21.9269,42.1927
964,301,107,63,131,20.9302,43.5216
965,301,109,63,129,20.9302,42.8571
966,301,103,68,130,22.5914,43.1894
967,300,103,70,127,23.3333,42.3333
968,298,106,69,123,23.1544,41.2752
969,299,108,67,124,22.4080,41.4716
970,305,116,67,122,21.9672,40.0000
971,305,116,67,122,21.9672,40.0000
972,304,114,64,126,21.0526,41.4474
973,304,115,62,127,20.3947,41.7763
974,304,113,69,122,22.6974,40.1316
975,303,114,69,120,22.7723,39.6040
976,302,111,70,121,23.1788,40.0662
977,301,112,68,121,22.5914,40.1993
978,297,113,61,123,20.5387,41.4141
979,298,114,62,122,20.8054,40.9396
980,297,112,61,124,20.5387,41.7508
981,299,116,58,125,19.3980,41.8060
982,299,120,56,123,18.7291,41.1371
983,301,124,56,121,18.6047,40.1993
984,301,126,55,120,18.2724,39.8671
985,301,123,61,117,20.2658,38.8704
986,300,125,61,114,20.3333,38.0000
987,298,122,58,118,19.4631,39.5973
988,299,120,59,120,19.7324,40.1338
989,300,121,59,120,19.6667,40.0000
990,299,123,58,118,19.3980,39.4649
991,301,125,58,118,19.2691,39.2027
992,299,121,61,117,20.4013,39.1304
993,301,119,64,118,21.2625,39.2027
994,299,114,65,120,21.7391,40.1338
995,302,120,61,121,20.1987,40.0662
996,302,117,62,123,20.5298,40.7285
997,302,113,66,123,21.8543,40.7285
998,301,112,64,125,21.2625,41.5282
999,301,112,66,123,21.9269,40.8638
1000,299,114,63,122,21.0702,40.8027
1001,300,117,61,122,20.3333,40.6667
1002,300,116,64,120,21.3333,40.0000
1003,299,113,68,118,22.7425,39.4649
1004,301,114,71,116,23.5880,38.5382
1005,301,111,72,118,23.9203,39.2027
1006,300,110,74,116,24.6667,38.6667
1007,297,104,75,118,25.2525,39.7306
1008,297,103,76,118,25.5892,39.7306
1009,299,97,85,117,28.4281,39.1304
1010,299,96,87,116,29.0970,38.7960
1011,301,97,88,116,29.2359,38.5382
1012,301,98,85,118,28.2392,39.2027
1013,299,90,89,120,29.7659,40.1338
1014,299,91,85,123,28.4281,41.1371
1015,300,90,89,121,29.6667,40.3333
1016,300,91,91,118,30.3333,39.3333
1017,300,88,91,121,30.3333,40.3333
1018,298,88,89,121,29.8658,40.6040
1019,300,87,90,123,30.0000,41.0000
1020,300,86,93,121,31.0000,40.3333
1021,300,89,92,119,30.6667,39.6667
1022,299,87,94,118,31.4381,39.4649
1023,297,89,90,118,30.3030,39.7306
1024,301,97,87,117,28.9037,38.8704
1025,298,99,83,116,27.8523,38.9262
1026,298,94,87,117,29.1946,39.2617
1027,297,95,79,123,26.5993,41.4141
1028,301,99,77,125,25.5814,41.5282
1029,300,98,66,136,22.0000,45.3333
1030,299,102,63,134,21.0702,44.8161
1031,301,105,60,136,19.9336,45.1827
1032,301,105,59,137,19.6013,45.5150
1033,301,110,54,137,17.9402,45.5150
1034,301,109,51,141,16.9435,46.8439
1035,298,111,46,141,15.4362,47.3154
1036,301,116,43,142,14.2857,47.1761
1037,301,113,43,145,14.2857,48.1728
1038,300,114,39,147,13.0000,49.0000
1039,299,117,38,144,12.7090,48.1605
1040,306,127,35,144,11.4379,47.0588
1041,306,127,35,144,11.4379,47.0588
1042,305,125,36,144,11.8033,47.2131
1043,304,127,35,142,11.5132,46.7105
1044,302,125,36,141,11.9205,46.6887
1045,301,126,35,140,11.6279,46.5116
1046,301,128,32,141,10.6312,46.8439
1047,299,127,32,140,10.7023,46.8227
1048,305,134,33,138,10.8197,45.2459
1049,305,130,36,139,11.8033,45.5738
1050,305,130,37,138,12.1311,45.2459
1051,304,125,40,139,13.1579,45.7237
1052,304,127,39,138,12.8289,45.3947
1053,304,127,40,137,13.1579,45.0658
1054,303,126,39,138,12.8713,45.5446
1055,302,122,43,137,14.2384,45.3642
1056,302,122,44,136,14.5695,45.0331
1057,302,124,46,132,15.2318,43.7086
1058,301,122,47,132,15.6146,43.8538
1059,300,124,45,131,15.0000,43.6667
1060,300,126,47,127,15.6667,42.3333
1061,299,127,47,125,15.7191,41.8060
1062,302,128,46,128,15.2318,42.3841
1063,302,128,47,127,15.5629,42.0530
1064,302,128,52,122,17.2185,40.3974
1065,300,126,54,120,18.0000,40.0000
1066,300,129,56,115,18.6667,38.3333
1067,298,127,55,116,18.4564,38.9262
1068,300,130,56,114,18.6667,38.0000
1069,300,130,55,115,18.3333,38.3333
1070,299,130,54,115,18.0602,38.4615
1071,303,136,51,116,16.8317,38.2838
1072,302,131,53,118,17.5497,39.0728
1073,302,131,55,116,18.2119,38.4106
1074,302,125,59,118,19.5364,39.0728
1075,300,128,57,115,19.0000,38.3333
1076,300,130,55,115,18.3333,38.3333
1077,299,132,54,113,18.0602,37.7926
1078,303,136,54,113,17.8218,37.2937
1079,303,141,52,110,17.1617,36.3036
1080,303,138,57,108,18.8119,35.6436
1081,303,149,58,96,19.1419,31.6832
1082,302,149,59,94,19.5364,31.1258
1083,301,151,58,92,19.2691,30.5648
1084,301,151,57,93,18.9369,30.8970
1085,298,153,55,90,18.4564,30.2013
1086,299,153,60,86,20.0669,28.7625
1087,302,154,63,85,20.8609,28.1457
1088,301,155,61,85,20.2658,28.2392
1089,299,151,65,83,21.7391,27.7592
1090,299,152,68,79,22.7425,26.4214
1091,302,146,77,79,25.4967,26.1589
1092,300,145,77,78,25.6667,26.0000
1093,300,144,75,81,25.0000,27.0000
1094,299,140,77,82,25.7525,27.4247
1095,302,137,81,84,26.8212,27.8146
1096,302,133,84,85,27.8146,28.1457
1097,302,128,88,86,29.1391,28.4768
1098,301,128,90,83,29.9003,27.5748
1099,300,127,91,82,30.3333,27.3333
1100,298,121,93,84,31.2081,28.1879
1101,298,118,96,84,32.2148,28.1879
1102,298,117,98,83,32.8859,27.8523
1103,299,114,101,84,33.7793,28.0936
1104,300,115,100,85,33.3333,28.3333
1105,299,107,106,86,35.4515,28.7625
1106,300,105,106,89,35.3333,29.6667
1107,300,98,107,95,35.6667,31.6667
1108,300,96,108,96,36.0000,32.0000
1109,299,93,103,103,34.4482,34.4482
1110,302,94,104,104,34.4371,34.4371
1111,300,91,100,109,33.3333,36.3333
1112,298,83,104,111,34.8993,37.2483
1113,299,82,101,116,33.7793,38.7960
1114,301,83,105,113,34.8837,37.5415
1115,300,79,104,117,34.6667,39.0000
1116,298,75,102,121,34.2282,40.6040
1117,300,78,97,125,32.3333,41.6667
1118,298,74,97,127,32.5503,42.6174
1119,296,72,97,127,32.7703,42.9054
1120,296,73,92,131,31.0811,44.2568
1121,294,77,85,132,28.9116,44.8980
1122,294,76,85,133,28.9116,45.2381
1123,295,79,83,133,28.1356,45.0847
1124,295,78,85,132,28.8136,44.7458
1125,295,76,83,136,28.1356,46.1017
1126,297,78,80,139,26.9360,46.8013
1127,299,81,73,145,24.4147,48.4950
1128,301,87,71,143,23.5880,47.5083
1129,301,84,70,147,23.2558,48.8372
1130,301,83,70,148,23.2558,49.1694
1131,296,86,67,143,22.6351,48.3108
1132,292,84,60,148,20.5479,50.6849
1133,295,88,59,148,20.0000,50.1695
1134,297,90,58,149,19.5286,50.1684
1135,297,91,53,153,17.8451,51.5152
1136,298,93,51,154,17.1141,51.6779
1137,303,97,53,153,17.4917,50.4950
1138,302,96,54,152,17.8808,50.3311
1139,301,96,51,154,16.9435,51.1628
1140,301,97,52,152,17.2757,50.4983
1141,301,98,52,151,17.2757,50.1661
1142,300,97,50,153,16.6667,51.0000
1143,299,97,48,154,16.0535,51.5050
1144,299,98,46,155,15.3846,51.8395
1145,300,99,46,155,15.3333,51.6667
1146,300,99,48,153,16.0000,51.0000
1147,299,99,47,153,15.7191,51.1706
1148,300,99,47,154,15.6667,51.3333
1149,299,98,45,156,15.0502,52.1739
1150,301,101,42,158,13.9535,52.4917
1151,301,101,43,157,14.2857,52.1595
1152,301,104,41,156,13.6213,51.8272
1153,300,106,39,155,13.0000,51.6667
1154,299,105,38,156,12.7090,52.1739
1155,302,110,38,154,12.5828,50.9934
1156,300,112,35,153,11.6667,51.0000
1157,299,109,37,153,12.3746,51.1706
1158,299,112,37,150,12.3746,50.1672
1159,299,120,34,145,11.3712,48.4950
1160,299,121,32,146,10.7023,48.8294
1161,300,128,32,140,10.6667,46.6667
1162,300,130,33,137,11.0000,45.6667
1163,299,134,33,132,11.0368,44.1472
1164,301,134,35,132,11.6279,43.8538
1165,300,137,34,129,11.3333,43.0000
1166,299,134,35,130,11.7057,43.4783
1167,301,140,34,127,11.2957,42.1927
1168,301,140,36,125,11.9601,41.5282
1169,301,139,39,123,12.9568,40.8638
1170,301,140,40,121,13.2890,40.1993
1171,301,139,41,121,13.6213,40.1993
1172,301,139,45,117,14.9502,38.8704
1173,301,142,48,111,15.9468,36.8771
1174,301,141,50,110,16.6113,36.5449
1175,301,145,50,106,16.6113,35.2159
1176,301,145,50,106,16.6113,35.2159
1177,299,145,51,103,17.0569,34.4482
1178,300,150,51,99,17.0000,33.0000
1179,299,153,53,93,17.7258,31.1037
1180,303,154,56,93,18.4818,30.6931
1181,302,156,58,88,19.2053,29.1391
1182,302,153,62,87,20.5298,28.8079
1183,302,147,67,88,22.1854,29.1391
1184,301,150,65,86,21.5947,28.5714
1185,301,146,68,87,22.5914,28.9037
1186,300,140,75,85,25.0000,28.3333
1187,300,145,71,84,23.6667,28.0000
1188,300,140,77,83,25.6667,27.6667
1189,298,136,78,84,26.1745,28.1879
1190,299,133,79,87,26.4214,29.0970
1191,300,134,82,84,27.3333,28.0000
1192,300,134,81,85,27.0000,28.3333
1193,299,131,81,87,27.0903,29.0970
1194,302,133,81,88,26.8212,29.1391
1195,302,133,81,88,26.8212,29.1391
1196,302,131,86,85,28.4768,28.1457
1197,302,127,92,83,30.4636,27.4834
1198,301,122,95,84,31.5615,27.9070
1199,300,121,94,85,31.3333,28.3333
1200,300,115,96,89,32.0000,29.6667
1201,300,116,95,89,31.6667,29.6667
1202,298,114,95,89,31.8792,29.8658
1203,299,113,96,90,32.1070,30.1003
1204,300,111,97,92,32.3333,30.6667
1205,298,107,98,93,32.8859,31.2081
1206,302,109,96,97,31.7881,32.1192
1207,299,102,97,100,32.4415,33.4448
1208,298,99,98,101,32.8859,33.8926
1209,297,99,90,108,30.3030,36.3636
1210,298,98,88,112,29.5302,37.5839
1211,298,94,91,113,30.5369,37.9195
1212,298,95,92,111,30.8725,37.2483
1213,300,97,90,113,30.0000,37.6667
1214,298,96,87,115,29.1946,38.5906
1215,298,91,93,114,31.2081,38.2550
1216,300,94,91,115,30.3333,38.3333
1217,297,94,87,116,29.2929,39.0572
1218,298,94,85,119,28.5235,39.9329
1219,297,93,84,120,28.2828,40.4040
1220,301,98,82,121,27.2425,40.1993
1221,301,98,77,126,25.5814,41.8605
1222,301,91,82,128,27.2425,42.5249
1223,301,87,82,132,27.2425,43.8538
1224,300,83,82,135,27.3333,45.0000
1225,299,80,80,139,26.7559,46.4883
1226,299,79,80,140,26.7559,46.8227
1227,300,75,78,147,26.0000,49.0000
1228,298,71,79,148,26.5101,49.6644
1229,302,75,75,152,24.8344,50.3311
1230,302,72,77,153,25.4967,50.6623
1231,300,70,75,155,25.0000,51.6667
1232,299,71,70,158,23.4114,52.8428
1233,300,70,72,158,24.0000,52.6667
1234,300,69,73,158,24.3333,52.6667
1235,298,69,70,159,23.4899,53.3557
1236,301,78,64,159,21.2625,52.8239
1237,301,78,65,158,21.5947,52.4917
1238,301,74,67,160,22.2591,53.1561
1239,300,76,61,163,20.3333,54.3333
1240,300,80,59,161,19.6667,53.6667
1241,300,81,58,161,19.3333,53.6667
1242,300,80,60,160,20.0000,53.3333
1243,297,78,55,164,18.5185,55.2189
1244,294,80,50,164,17.0068,55.7823
1245,295,81,50,164,16.9492,55.5932
1246,294,81,51,162,17.3469,55.1020
1247,298,85,45,168,15.1007,56.3758
1248,301,86,43,172,14.2857,57.1429
1249,301,87,43,171,14.2857,56.8106
1250,299,89,39,171,13.0435,57.1906
1251,305,97,39,169,12.7869,55.4098
1252,305,102,38,165,12.4590,54.0984
1253,305,101,42,162,13.7705,53.1148
1254,305,99,43,163,14.0984,53.4426
1255,304,99,42,163,13.8158,53.6184
1256,304,101,44,159,14.4737,52.3026
1257,304,101,46,157,15.1316,51.6447
1258,304,105,44,155,14.4737,50.9868
1259,304,107,41,156,13.4868,51.3158
1260,304,107,43,154,14.1447,50.6579
1261,304,113,45,146,14.8026,48.0263
1262,302,116,42,144,13.9073,47.6821
1263,301,114,45,142,14.9502,47.1761
1264,301,114,44,143,14.6179,47.5083
1265,301,114,44,143,14.6179,47.5083
1266,299,109,49,141,16.3880,47.1572
1267,299,107,47,145,15.7191,48.4950
1268,305,116,47,142,15.4098,46.5574
1269,303,117,47,139,15.5116,45.8746
1270,303,120,49,134,16.1716,44.2244
1271,303,119,53,131,17.4917,43.2343
1272,303,117,55,131,18.1518,43.2343
1273,301,124,53,124,17.6080,41.1960
1274,300,123,51,126,17.0000,42.0000
1275,300,124,54,122,18.0000,40.6667
1276,300,126,54,120,18.0000,40.0000
1277,300,129,52,119,17.3333,39.6667
1278,300,129,53,118,17.6667,39.3333
1279,300,131,57,112,19.0000,37.3333
1280,300,130,59,111,19.6667,37.0000
1281,300,131,59,110,19.6667,36.6667
1282,300,130,62,108,20.6667,36.0000
1283,295,127,62,106,21.0169,35.9322
1284,297,126,69,102,23.2323,34.3434
1285,299,126,69,104,23.0769,34.7826
1286,302,123,74,105,24.5033,34.7682
1287,301,120,72,109,23.9203,36.2126
1288,301,119,75,107,24.9169,35.5482
1289,301,116,76,109,25.2492,36.2126
1290,301,117,77,107,25.5814,35.5482
1291,301,121,79,101,26.2458,33.5548
1292,300,119,77,104,25.6667,34.6667
1293,300,117,77,106,25.6667,35.3333
1294,298,116,79,103,26.5101,34.5638
1295,298,118,77,103,25.8389,34.5638
1296,300,121,77,102,25.6667,34.0000
1297,300,117,82,101,27.3333,33.6667
1298,300,115,85,100,28.3333,33.3333
1299,297,122,81,94,27.2727,31.6498
1300,300,126,82,92,27.3333,30.6667
1301,300,124,81,95,27.0000,31.6667
1302,300,120,84,96,28.0000,32.0000
1303,299,119,83,97,27.7592,32.4415
1304,296,116,78,102,26.3514,34.4595
1305,296,112,80,104,27.0270,35.1351
1306,300,116,78,106,26.0000,35.3333
1307,300,116,75,109,25.0000,36.3333
1308,299,113,70,116,23.4114,38.7960
1309,302,111,72,119,23.8411,39.4040
1310,301,110,74,117,24.5847,38.8704
1311,300,111,75,114,25.0000,38.0000
1312,300,106,77,117,25.6667,39.0000
1313,299,103,76,120,25.4181,40.1338
1314,299,104,76,119,25.4181,39.7993
1315,302,100,80,122,26.4901,40.3974
1316,302,95,83,124,27.4834,41.0596
1317,299,96,81,122,27.0903,40.8027
1318,300,96,78,126,26.0000,42.0000
1319,300,97,80,123,26.6667,41.0000
1320,297,91,82,124,27.6094,41.7508
1321,299,90,84,125,28.0936,41.8060
1322,299,91,80,128,26.7559,42.8094
1323,303,92,79,132,26.0726,43.5644
1324,303,94,77,132,25.4125,43.5644
1325,302,93,72,137,23.8411,45.3642
1326,302,94,74,134,24.5033,44.3709
1327,302,95,70,137,23.1788,45.3642
1328,302,94,69,139,22.8477,46.0265
1329,299,96,66,137,22.0736,45.8194
1330,299,96,66,137,22.0736,45.8194
1331,302,96,68,138,22.5166,45.6954
1332,301,95,64,142,21.2625,47.1761
1333,300,96,64,140,21.3333,46.6667
1334,299,90,66,143,22.0736,47.8261
1335,300,94,59,147,19.6667,49.0000
1336,299,94,52,153,17.3913,51.1706
1337,300,96,51,153,17.0000,51.0000
1338,299,97,50,152,16.7224,50.8361
1339,304,106,49,149,16.1184,49.0132
1340,302,108,43,151,14.2384,50.0000
1341,302,109,41,152,13.5762,50.3311
1342,302,108,40,154,13.2450,50.9934
1343,302,108,42,152,13.9073,50.3311
1344,300,113,38,149,12.6667,49.6667
1345,300,116,38,146,12.6667,48.6667
1346,300,115,38,147,12.6667,49.0000
1347,298,116,38,144,12.7517,48.3221
1348,299,116,39,144,13.0435,48.1605
1349,299,113,43,143,14.3813,47.8261
1350,300,115,40,145,13.3333,48.3333
1351,299,114,39,146,13.0435,48.8294
1352,302,117,40,145,13.2450,48.0132
1353,300,120,37,143,12.3333,47.6667
1354,299,118,38,143,12.7090,47.8261
1355,302,123,36,143,11.9205,47.3510
1356,302,129,37,136,12.2517,45.0331
1357,302,130,38,134,12.5828,44.3709
1358,302,135,35,132,11.5894,43.7086
1359,302,139,34,129,11.2583,42.7152
1360,301,144,35,122,11.6279,40.5316
1361,301,143,39,119,12.9568,39.5349
1362,301,141,41,119,13.6213,39.5349
1363,300,142,40,118,13.3333,39.3333
1364,300,144,40,116,13.3333,38.6667
1365,300,147,40,113,13.3333,37.6667
1366,300,147,41,112,13.6667,37.3333
1367,300,149,40,111,13.3333,37.0000
1368,300,152,37,111,12.3333,37.0000
1369,299,150,35,114,11.7057,38.1271
1370,302,154,38,110,12.5828,36.4238
1371,302,155,36,111,11.9205,36.7550
1372,302,154,34,114,11.2583,37.7483
1373,302,154,34,114,11.2583,37.7483
1374,301,152,36,113,11.9601,37.5415
1375,300,153,37,110,12.3333,36.6667
1376,299,155,37,107,12.3746,35.7860
1377,300,155,43,102,14.3333,34.0000
1378,300,152,46,102,15.3333,34.0000
1379,300,151,51,98,17.0000,32.6667
1380,300,151,54,95,18.0000,31.6667
1381,298,147,53,98,17.7852,32.8859
1382,302,150,52,100,17.2185,33.1126
1383,302,147,57,98,18.8742,32.4503
1384,302,145,63,94,20.8609,31.1258
1385,302,144,65,93,21.5232,30.7947
1386,302,142,70,90,23.1788,29.8013
1387,300,142,72,86,24.0000,28.6667
1388,300,146,73,81,24.3333,27.0000
1389,300,141,80,79,26.6667,26.3333
1390,300,140,78,82,26.0000,27.3333
1391,299,141,78,80,26.0870,26.7559
1392,302,139,86,77,28.4768,25.4967
1393,302,141,85,76,28.1457,25.1656
1394,302,139,86,77,28.4768,25.4967
1395,301,135,88,78,29.2359,25.9136
1396,301,130,92,79,30.5648,26.2458
1397,300,127,91,82,30.3333,27.3333
1398,298,121,94,83,31.5436,27.8523
1399,297,118,93,86,31.3131,28.9562
1400,298,112,100,86,33.5570,28.8591
1401,298,108,101,89,33.8926,29.8658
1402,300,109,102,89,34.0000,29.6667
1403,298,112,99,87,33.2215,29.1946
1404,297,110,98,89,32.9966,29.9663
1405,300,109,100,91,33.3333,30.3333
1406,299,107,99,93,33.1104,31.1037
1407,299,104,101,94,33.7793,31.4381
1408,301,103,99,99,32.8904,32.8904
1409,300,99,99,102,33.0000,34.0000
1410,299,98,99,102,33.1104,34.1137
1411,300,96,101,103,33.6667,34.3333
1412,300,94,100,106,33.3333,35.3333
1413,298,91,97,110,32.5503,36.9128
1414,298,92,96,110,32.2148,36.9128
1415,298,90,93,115,31.2081,38.5906
1416,300,88,95,117,31.6667,39.0000
1417,298,83,93,122,31.2081,40.9396
1418,301,84,92,125,30.5648,41.5282
1419,300,76,96,128,32.0000,42.6667
1420,299,77,93,129,31.1037,43.1438
1421,301,81,88,132,29.2359,43.8538
1422,296,75,85,136,28.7162,45.9459
1423,300,81,86,133,28.6667,44.3333
1424,299,83,85,131,28.4281,43.8127
1425,300,83,82,135,27.3333,45.0000
1426,297,83,78,136,26.2626,45.7912
1427,298,83,78,137,26.1745,45.9732
1428,297,81,75,141,25.2525,47.4747
1429,297,80,73,144,24.5791,48.4848
1430,299,82,73,144,24.4147,48.1605
1431,299,79,71,149,23.7458,49.8328
1432,300,77,73,150,24.3333,50.0000
1433,300,79,73,148,24.3333,49.3333
1434,300,81,72,147,24.0000,49.0000
1435,300,77,75,148,25.0000,49.3333
1436,299,77,70,152,23.4114,50.8361
1437,299,79,66,154,22.0736,51.5050
1438,306,85,62,159,20.2614,51.9608
1439,306,85,58,163,18.9542,53.2680
1440,305,85,51,169,16.7213,55.4098
1441,301,83,48,170,15.9468,56.4784
1442,298,86,45,167,15.1007,56.0403
1443,298,87,43,168,14.4295,56.3758
1444,301,89,45,167,14.9502,55.4817
1445,301,91,43,167,14.2857,55.4817
1446,299,92,41,166,13.7124,55.5184
1447,302,93,43,166,14.2384,54.9669
1448,302,94,43,165,14.2384,54.6358
1449,299,97,41,161,13.7124,53.8462
1450,300,99,40,161,13.3333,53.6667
1451,299,102,38,159,12.7090,53.1773
1452,300,103,36,161,12.0000,53.6667
1453,300,104,34,162,11.3333,54.0000
1454,300,104,35,161,11.6667,53.6667
1455,300,104,34,162,11.3333,54.0000
1456,299,107,31,161,10.3679,53.8462
1457,302,114,31,157,10.2649,51.9868
1458,301,115,33,153,10.9635,50.8306
1459,301,115,36,150,11.9601,49.8339
1460,301,119,36,146,11.9601,48.5050
1461,301,120,36,145,11.9601,48.1728
1462,301,121,37,143,12.2924,47.5083
1463,301,122,37,142,12.2924,47.1761
1464,301,120,40,141,13.2890,46.8439
1465,301,123,41,137,13.6213,45.5150
1466,301,121,42,138,13.9535,45.8472
1467,301,125,41,135,13.6213,44.8505
1468,298,129,37,132,12.4161,44.2953
1469,302,135,40,127,13.2450,42.0530
1470,302,136,40,126,13.2450,41.7219
1471,302,139,41,122,13.5762,40.3974
1472,302,142,43,117,14.2384,38.7417
1473,300,142,47,111,15.6667,37.0000
1474,300,145,44,111,14.6667,37.0000
1475,300,144,45,111,15.0000,37.0000
1476,299,144,45,110,15.0502,36.7893
1477,301,149,47,105,15.6146,34.8837
1478,301,150,48,103,15.9468,34.2193
1479,301,145,51,105,16.9435,34.8837
1480,300,145,52,103,17.3333,34.3333
1481,300,142,59,99,19.6667,33.0000
1482,299,139,60,100,20.0669,33.4448
1483,302,144,61,97,20.1987,32.1192
1484,300,143,58,99,19.3333,33.0000
1485,299,141,61,97,20.4013,32.4415
1486,304,146,62,96,20.3947,31.5789
1487,304,143,64,97,21.0526,31.9079
1488,303,141,70,92,23.1023,30.3630
1489,303,138,75,90,24.7525,29.7030
1490,303,142,71,90,23.4323,29.7030
1491,303,145,73,85,24.0924,28.0528
1492,303,148,73,82,24.0924,27.0627
1493,303,143,75,85,24.7525,28.0528
1494,302,139,77,86,25.4967,28.4768
1495,301,140,77,84,25.5814,27.9070
1496,300,135,80,85,26.6667,28.3333
1497,300,134,83,83,27.6667,27.6667
1498,299,131,85,83,28.4281,27.7592
1499,297,125,89,83,29.9663,27.9461
1500,296,126,86,84,29.0541,28.3784
1501,294,121,84,89,28.5714,30.2721
1502,296,123,83,90,28.0405,30.4054
1503,297,121,84,92,28.2828,30.9764
1504,299,123,85,91,28.4281,30.4348
1505,300,128,83,89,27.6667,29.6667
1506,300,127,82,91,27.3333,30.3333
1507,299,126,81,92,27.0903,30.7692
1508,302,128,80,94,26.4901,31.1258
1509,302,125,77,100,25.4967,33.1126
1510,302,120,78,104,25.8278,34.4371
1511,302,118,79,105,26.1589,34.7682
1512,302,118,76,108,25.1656,35.7616
1513,301,118,74,109,24.5847,36.2126
1514,299,115,71,113,23.7458,37.7926
1515,302,119,70,113,23.1788,37.4172
1516,300,119,67,114,22.3333,38.0000
1517,298,117,67,114,22.4832,38.2550
1518,297,118,66,113,22.2222,38.0471
1519,298,114,68,116,22.8188,38.9262
1520,302,115,64,123,21.1921,40.7285
1521,300,111,65,124,21.6667,41.3333
1522,300,113,63,124,21.0000,41.3333
1523,299,107,65,127,21.7391,42.4749
1524,302,105,64,133,21.1921,44.0397
1525,302,104,65,133,21.5232,44.0397
1526,302,106,66,130,21.8543,43.0464
1527,302,103,65,134,21.5232,44.3709
1528,300,102,65,133,21.6667,44.3333
1529,298,100,63,135,21.1409,45.3020
1530,299,99,63,137,21.0702,45.8194
1531,301,102,62,137,20.5980,45.5150
1532,301,103,63,135,20.9302,44.8505
1533,301,102,63,136,20.9302,45.1827
1534,301,102,60,139,19.9336,46.1794
1535,300,100,63,137,21.0000,45.6667
1536,300,102,62,136,20.6667,45.3333
1537,300,99,65,136,21.6667,45.3333
1538,299,99,63,137,21.0702,45.8194
1539,300,99,62,139,20.6667,46.3333
1540,299,98,58,143,19.3980,47.8261
1541,302,100,56,146,18.5430,48.3444
1542,301,105,54,142,17.9402,47.1761
1543,300,103,51,146,17.0000,48.6667
1544,300,105,50,145,16.6667,48.3333
1545,299,109,45,145,15.0502,48.4950
1546,301,111,44,146,14.6179,48.5050
1547,300,105,47,148,15.6667,49.3333
1548,299,103,48,148,16.0535,49.4983
1549,300,101,50,149,16.6667,49.6667
1550,299,100,51,148,17.0569,49.4983
1551,300,100,49,151,16.3333,50.3333
1552,299,100,49,150,16.3880,50.1672
1553,300,104,50,146,16.6667,48.6667
1554,300,104,51,145,17.0000,48.3333
1555,300,105,52,143,17.3333,47.6667
1556,299,106,50,143,16.7224,47.8261
1557,301,110,49,142,16.2791,47.1761
1558,301,110,49,142,16.2791,47.1761
1559,300,114,46,140,15.3333,46.6667
1560,300,113,48,139,16.0000,46.3333
1561,300,117,48,135,16.0000,45.0000
1562,300,121,49,130,16.3333,43.3333
1563,300,119,50,131,16.6667,43.6667
1564,300,118,54,128,18.0000,42.6667
1565,300,118,56,126,18.6667,42.0000
1566,299,117,61,121,20.4013,40.4682
1567,299,117,59,123,19.7324,41.1371
1568,300,118,60,122,20.0000,40.6667
1569,298,115,61,122,20.4698,40.9396
1570,297,112,61,124,20.5387,41.7508
1571,299,111,68,120,22.7425,40.1338
1572,299,118,67,114,22.4080,38.1271
1573,305,121,68,116,22.2951,38.0328
1574,304,114,75,115,24.6711,37.8289
1575,302,114,75,113,24.8344,37.4172
1576,302,116,78,108,25.8278,35.7616
1577,301,113,81,107,26.9103,35.5482
1578,300,105,88,107,29.3333,35.6667
1579,300,103,93,104,31.0000,34.6667
1580,299,98,94,107,31.4381,35.7860
1581,300,97,98,105,32.6667,35.0000
1582,300,94,102,104,34.0000,34.6667
1583,299,94,104,101,34.7826,33.7793
1584,300,93,105,102,35.0000,34.0000
1585,300,88,106,106,35.3333,35.3333
1586,299,90,103,106,34.4482,35.4515
1587,300,87,106,107,35.3333,35.6667
1588,297,81,107,109,36.0269,36.7003
1589,298,80,106,112,35.5705,37.5839
1590,297,81,104,112,35.0168,37.7104
1591,293,86,96,111,32.7645,37.8840
1592,293,87,95,111,32.4232,37.8840
1593,295,90,95,110,32.2034,37.2881
1594,296,91,92,113,31.0811,38.1757
1595,297,93,91,113,30.6397,38.0471
1596,297,91,93,113,31.3131,38.0471
1597,296,90,95,111,32.0946,37.5000
1598,297,92,93,112,31.3131,37.7104
1599,297,94,86,117,28.9562,39.3939
1600,299,90,86,123,28.7625,41.1371
1601,304,93,88,123,28.9474,40.4605
1602,302,89,87,126,28.8079,41.7219
1603,300,88,86,126,28.6667,42.0000
1604,299,84,88,127,29.4314,42.4749
1605,300,85,85,130,28.3333,43.3333
1606,298,86,82,130,27.5168,43.6242
1607,301,90,79,132,26.2458,43.8538
1608,299,89,76,134,25.4181,44.8161
1609,301,90,74,137,24.5847,45.5150
1610,301,89,76,136,25.2492,45.1827
1611,300,86,79,135,26.3333,45.0000
1612,300,86,80,134,26.6667,44.6667
1613,299,83,84,132,28.0936,44.1472
1614,300,84,79,137,26.3333,45.6667
1615,298,81,79,138,26.5101,46.3087
1616,296,79,78,139,26.3514,46.9595
1617,297,82,73,142,24.5791,47.8114
1618,298,84,70,144,23.4899,48.3221
1619,300,83,75,142,25.0000,47.3333
1620,298,80,76,142,25.5034,47.6510
1621,297,80,74,143,24.9158,48.1481
1622,296,79,73,144,24.6622,48.6486
1623,299,80,73,146,24.4147,48.8294
1624,298,80,70,148,23.4899,49.6644
1625,302,86,66,150,21.8543,49.6689
1626,302,83,71,148,23.5099,49.0066
1627,302,82,72,148,23.8411,49.0066
1628,302,80,72,150,23.8411,49.6689
1629,301,75,75,151,24.9169,50.1661
1630,301,76,72,153,23.9203,50.8306
1631,300,73,71,156,23.6667,52.0000
1632,298,74,68,156,22.8188,52.3490
1633,299,74,65,160,21.7391,53.5117
1634,299,72,66,161,22.0736,53.8462
1635,299,69,68,162,22.7425,54.1806
1636,297,71,63,163,21.2121,54.8822
1637,299,75,65,159,21.7391,53.1773
1638,301,83,63,155,20.9302,51.4950
1639,300,81,60,159,20.0000,53.0000
1640,300,81,59,160,19.6667,53.3333
1641,299,84,56,159,18.7291,53.1773
1642,300,85,55,160,18.3333,53.3333
1643,299,88,51,160,17.0569,53.5117
1644,301,90,52,159,17.2757,52.8239
1645,300,91,52,157,17.3333,52.3333
1646,300,94,49,157,16.3333,52.3333
1647,299,96,47,156,15.7191,52.1739
1648,300,97,48,155,16.0000,51.6667
1649,299,97,45,157,15.0502,52.5084
1650,301,103,44,154,14.6179,51.1628
1651,301,107,45,149,14.9502,49.5017
1652,300,113,43,144,14.3333,48.0000
1653,300,111,46,143,15.3333,47.6667
1654,299,111,47,141,15.7191,47.1572
1655,297,110,47,140,15.8249,47.1380
1656,297,113,47,137,15.8249,46.1279
1657,301,119,48,134,15.9468,44.5183
1658,299,118,49,132,16.3880,44.1472
1659,301,121,49,131,16.2791,43.5216
1660,300,125,47,128,15.6667,42.6667
1661,299,125,50,124,16.7224,41.4716
1662,303,128,51,124,16.8317,40.9241
1663,302,123,56,123,18.5430,40.7285
1664,302,122,57,123,18.8742,40.7285
1665,301,120,55,126,18.2724,41.8605
1666,301,123,57,121,18.9369,40.1993
1667,301,125,55,121,18.2724,40.1993
1668,299,125,55,119,18.3946,39.7993
1669,302,130,56,116,18.5430,38.4106
1670,300,131,55,114,18.3333,38.0000
1671,298,128,55,115,18.4564,38.5906
1672,301,128,59,114,19.6013,37.8738
1673,301,126,61,114,20.2658,37.8738
1674,301,127,60,114,19.9336,37.8738
1675,299,126,60,113,20.0669,37.7926
1676,301,127,62,112,20.5980,37.2093
1677,301,126,68,107,22.5914,35.5482
1678,300,121,68,111,22.6667,37.0000
1679,299,117,73,109,24.4147,36.4548
1680,302,118,76,108,25.1656,35.7616
1681,300,114,78,108,26.0000,36.0000
1682,300,114,76,110,25.3333,36.6667
1683,298,115,74,109,24.8322,36.5772
1684,304,121,76,107,25.0000,35.1974
1685,304,120,79,105,25.9868,34.5395
1686,303,121,77,105,25.4125,34.6535
1687,303,117,83,103,27.3927,33.9934
1688,303,109,91,103,30.0330,33.9934
1689,303,106,92,105,30.3630,34.6535
1690,302,105,92,105,30.4636,34.7682
1691,301,107,93,101,30.8970,33.5548
1692,301,105,95,101,31.5615,33.5548
1693,298,106,91,101,30.5369,33.8926
1694,300,108,92,100,30.6667,33.3333
1695,298,109,91,98,30.5369,32.8859
1696,299,113,87,99,29.0970,33.1104
1697,299,111,88,100,29.4314,33.4448
1698,298,112,84,102,28.1879,34.2282
1699,299,116,81,102,27.0903,34.1137
1700,302,117,82,103,27.1523,34.1060
1701,300,116,82,102,27.3333,34.0000
1702,300,110,84,106,28.0000,35.3333
1703,299,112,81,106,27.0903,35.4515
1704,302,114,80,108,26.4901,35.7616
1705,302,114,78,110,25.8278,36.4238
1706,300,113,77,110,25.6667,36.6667
1707,299,109,81,109,27.0903,36.4548
1708,299,108,74,117,24.7492,39.1304
1709,300,106,73,121,24.3333,40.3333
1710,298,101,75,122,25.1678,40.9396
1711,300,105,74,121,24.6667,40.3333
1712,300,105,69,126,23.0000,42.0000
1713,299,104,67,128,22.4080,42.8094
1714,299,106,66,127,22.0736,42.4749
1715,302,108,64,130,21.1921,43.0464
1716,302,106,66,130,21.8543,43.0464
1717,301,107,64,130,21.2625,43.1894
1718,301,104,64,133,21.2625,44.1860
1719,301,105,61,135,20.2658,44.8505
1720,301,102,61,138,20.2658,45.8472
1721,298,101,56,141,18.7919,47.3154
1722,297,99,53,145,17.8451,48.8215
1723,300,102,53,145,17.6667,48.3333
1724,299,101,54,144,18.0602,48.1605
1725,302,104,54,144,17.8808,47.6821
1726,301,106,54,141,17.9402,46.8439
1727,298,108,47,143,15.7718,47.9866
1728,297,107,47,143,15.8249,48.1481
1729,298,108,46,144,15.4362,48.3221
1730,300,112,42,146,14.0000,48.6667
1731,300,107,46,147,15.3333,49.0000
1732,300,108,44,148,14.6667,49.3333
1733,300,108,44,148,14.6667,49.3333
1734,300,112,44,144,14.6667,48.0000
1735,299,113,44,142,14.7157,47.4916
1736,301,115,43,143,14.2857,47.5083
1737,301,115,44,142,14.6179,47.1761
1738,301,118,42,141,13.9535,46.8439
1739,301,117,40,144,13.2890,47.8405
1740,300,118,38,144,12.6667,48.0000
1741,299,118,37,144,12.3746,48.1605
1742,303,120,39,144,12.8713,47.5248
1743,302,121,37,144,12.2517,47.6821
1744,301,126,35,140,11.6279,46.5116
1745,301,126,35,140,11.6279,46.5116
1746,300,126,36,138,12.0000,46.0000
1747,300,125,37,138,12.3333,46.0000
1748,298,126,37,135,12.4161,45.3020
1749,302,131,37,134,12.2517,44.3709
1750,301,135,37,129,12.2924,42.8571
1751,300,135,37,128,12.3333,42.6667
1752,299,136,34,129,11.3712,43.1438
1753,299,136,36,127,12.0401,42.4749
1754,304,139,43,122,14.1447,40.1316
1755,303,137,45,121,14.8515,39.9340
1756,303,141,44,118,14.5215,38.9439
1757,303,141,45,117,14.8515,38.6139
1758,302,139,47,116,15.5629,38.4106
1759,302,139,49,114,16.2252,37.7483
1760,302,144,51,107,16.8874,35.4305
1761,301,146,52,103,17.2757,34.2193
1762,300,142,54,104,18.0000,34.6667
1763,300,139,57,104,19.0000,34.6667
1764,300,141,62,97,20.6667,32.3333
1765,300,141,63,96,21.0000,32.0000
1766,300,135,69,96,23.0000,32.0000
1767,300,133,69,98,23.0000,32.6667
1768,300,131,73,96,24.3333,32.0000
1769,298,131,72,95,24.1611,31.8792
1770,299,133,73,93,24.4147,31.1037
1771,301,136,74,91,24.5847,30.2326
1772,300,137,73,90,24.3333,30.0000
1773,299,138,74,87,24.7492,29.0970
1774,298,139,71,88,23.8255,29.5302
1775,299,138,70,91,23.4114,30.4348
1776,302,142,69,91,22.8477,30.1325
1777,302,142,70,90,23.1788,29.8013
1778,301,136,72,93,23.9203,30.8970
1779,300,137,73,90,24.3333,30.0000
1780,299,139,71,89,23.7458,29.7659
1781,302,139,74,89,24.5033,29.4702
1782,302,135,80,87,26.4901,28.8079
1783,302,124,90,88,29.8013,29.1391
1784,301,121,89,91,29.5681,30.2326
1785,300,116,92,92,30.6667,30.6667
1786,298,111,92,95,30.8725,31.8792
1787,301,112,89,100,29.5681,33.2226
1788,301,110,90,101,29.9003,33.5548
1789,301,102,97,102,32.2259,33.8870
1790,299,102,96,101,32.1070,33.7793
1791,301,105,95,101,31.5615,33.5548
1792,300,100,99,101,33.0000,33.6667
1793,300,97,103,100,34.3333,33.3333
1794,300,93,106,101,35.3333,33.6667
1795,298,91,105,102,35.2349,34.2282
1796,299,89,107,103,35.7860,34.4482
1797,301,88,111,102,36.8771,33.8870
1798,301,83,112,106,37.2093,35.2159
1799,299,81,111,107,37.1237,35.7860
1800,300,78,114,108,38.0000,36.0000
1801,299,72,116,111,38.7960,37.1237
1802,299,67,116,116,38.7960,38.7960
1803,299,68,108,123,36.1204,41.1371
1804,300,69,102,129,34.0000,43.0000
1805,299,66,102,131,34.1137,43.8127
1806,298,62,98,138,32.8859,46.3087
1807,297,59,98,140,32.9966,47.1380
1808,299,58,99,142,33.1104,47.4916
1809,303,64,94,145,31.0231,47.8548
1810,303,61,93,149,30.6931,49.1749
1811,302,59,92,151,30.4636,50.0000
1812,301,58,88,155,29.2359,51.4950
1813,301,56,85,160,28.2392,53.1561
1814,300,58,79,163,26.3333,54.3333
1815,299,57,78,164,26.0870,54.8495
1816,301,52,82,167,27.2425,55.4817
1817,300,52,78,170,26.0000,56.6667
1818,298,52,73,173,24.4966,58.0537
1819,298,56,71,171,23.8255,57.3826
1820,301,57,71,173,23.5880,57.4751
1821,301,57,66,178,21.9269,59.1362
1822,297,56,60,181,20.2020,60.9428
1823,298,60,56,182,18.7919,61.0738
1824,301,63,55,183,18.2724,60.7973
1825,300,61,53,186,17.6667,62.0000
1826,300,64,53,183,17.6667,61.0000
1827,298,68,49,181,16.4430,60.7383
1828,298,70,43,185,14.4295,62.0805
1829,302,71,46,185,15.2318,61.2583
1830,300,73,44,183,14.6667,61.0000
1831,300,71,45,184,15.0000,61.3333
1832,299,73,43,183,14.3813,61.2040
1833,302,75,43,184,14.2384,60.9272
1834,301,79,41,181,13.6213,60.1329
1835,301,81,40,180,13.2890,59.8007
1836,299,85,38,176,12.7090,58.8629
1837,302,89,33,180,10.9272,59.6026
1838,301,92,33,176,10.9635,58.4718
1839,301,95,35,171,11.6279,56.8106
1840,300,95,36,169,12.0000,56.3333
1841,300,92,39,169,13.0000,56.3333
1842,300,93,38,169,12.6667,56.3333
1843,299,96,35,168,11.7057,56.1873
1844,303,102,35,166,11.5512,54.7855
1845,303,101,35,167,11.5512,55.1155
1846,303,101,35,167,11.5512,55.1155
1847,303,103,34,166,11.2211,54.7855
1848,303,102,35,166,11.5512,54.7855
1849,303,101,35,167,11.5512,55.1155
1850,303,102,36,165,11.8812,54.4554
1851,302,103,35,164,11.5894,54.3046
1852,301,102,36,163,11.9601,54.1528
1853,301,105,36,160,11.9601,53.1561
1854,301,111,35,155,11.6279,51.4950
1855,301,117,38,146,12.6246,48.5050
1856,301,125,40,136,13.2890,45.1827
1857,301,127,38,136,12.6246,45.1827
1858,301,131,41,129,13.6213,42.8571
1859,301,132,42,127,13.9535,42.1927
1860,301,133,41,127,13.6213,42.1927
1861,298,135,38,125,12.7517,41.9463
1862,300,142,36,122,12.0000,40.6667
1863,300,141,39,120,13.0000,40.0000
1864,300,145,40,115,13.3333,38.3333
1865,298,146,43,109,14.4295,36.5772
1866,301,149,46,106,15.2824,35.2159
1867,301,147,49,105,16.2791,34.8837
1868,301,149,48,104,15.9468,34.5515
1869,301,147,51,103,16.9435,34.2193
1870,301,149,52,100,17.2757,33.2226
1871,299,150,50,99,16.7224,33.1104
1872,302,155,48,99,15.8940,32.7815
1873,302,159,50,93,16.5563,30.7947
1874,302,163,50,89,16.5563,29.4702
1875,301,166,50,85,16.6113,28.2392
1876,299,164,51,84,17.0569,28.0936
1877,308,171,57,80,18.5065,25.9740
1878,308,165,63,80,20.4545,25.9740
1879,308,162,66,80,21.4286,25.9740
1880,308,163,67,78,21.7532,25.3247
1881,306,159,69,78,22.5490,25.4902
1882,306,155,74,77,24.1830,25.1634
1883,305,152,78,75,25.5738,24.5902
1884,305,146,83,76,27.2131,24.9180
1885,304,139,88,77,28.9474,25.3289
1886,304,132,92,80,30.2632,26.3158
1887,303,127,93,83,30.6931,27.3927
1888,302,122,96,84,31.7881,27.8146
1889,301,121,99,81,32.8904,26.9103
1890,301,119,97,85,32.2259,28.2392
1891,301,112,105,84,34.8837,27.9070
1892,301,107,109,85,36.2126,28.2392
1893,300,103,113,84,37.6667,28.0000
1894,300,99,116,85,38.6667,28.3333
1895,300,98,118,84,39.3333,28.0000
1896,299,94,120,85,40.1338,28.4281
1897,299,91,120,88,40.1338,29.4314
1898,298,90,118,90,39.5973,30.2013
1899,296,85,115,96,38.8514,32.4324
1900,296,81,118,97,39.8649,32.7703
1901,296,83,114,99,38.5135,33.4459
1902,297,84,113,100,38.0471,33.6700
1903,298,82,114,102,38.2550,34.2282
1904,301,83,113,105,37.5415,34.8837
1905,299,80,108,111,36.1204,37.1237
1906,300,77,107,116,35.6667,38.6667
1907,295,73,102,120,34.5763,40.6780
1908,297,71,101,125,34.0067,42.0875
1909,297,71,100,126,33.6700,42.4242
1910,296,67,100,129,33.7838,43.5811
1911,297,68,97,132,32.6599,44.4444
1912,297,69,94,134,31.6498,45.1178
1913,296,68,92,136,31.0811,45.9459
1914,296,66,90,140,30.4054,47.2973
1915,297,65,90,142,30.3030,47.8114
1916,298,64,90,144,30.2013,48.3221
1917,296,62,86,148,29.0541,50.0000
1918,297,66,83,148,27.9461,49.8316
1919,298,70,80,148,26.8456,49.6644
1920,301,73,78,150,25.9136,49.8339
1921,301,74,75,152,24.9169,50.4983
1922,300,74,71,155,23.6667,51.6667
1923,300,73,72,155,24.0000,51.6667
1924,299,72,67,160,22.4080,53.5117
1925,300,74,64,162,21.3333,54.0000
1926,300,73,59,168,19.6667,56.0000
1927,299,73,56,170,18.7291,56.8562
1928,296,72,55,169,18.5811,57.0946
1929,296,73,51,172,17.2297,58.1081
1930,298,77,48,173,16.1074,58.0537
1931,300,82,47,171,15.6667,57.0000
1932,300,80,46,174,15.3333,58.0000
1933,298,80,43,175,14.4295,58.7248
1934,301,85,40,176,13.2890,58.4718
1935,300,85,35,180,11.6667,60.0000
1936,299,87,33,179,11.0368,59.8662
1937,301,90,33,178,10.9635,59.1362
1938,301,94,31,176,10.2990,58.4718
1939,301,97,32,172,10.6312,57.1429
1940,301,99,30,172,9.9668,57.1429
1941,301,102,27,172,8.9701,57.1429
1942,301,105,26,170,8.6379,56.4784
1943,300,105,23,172,7.6667,57.3333
1944,300,105,24,171,8.0000,57.0000
1945,300,106,21,173,7.0000,57.6667
1946,300,108,20,172,6.6667,57.3333
1947,300,109,20,171,6.6667,57.0000
1948,300,107,21,172,7.0000,57.3333
1949,300,112,21,167,7.0000,55.6667
1950,300,115,21,164,7.0000,54.6667
1951,300,122,19,159,6.3333,53.0000
1952,299,123,18,158,6.0201,52.8428
1953,304,131,16,157,5.2632,51.6447
1954,304,133,18,153,5.9211,50.3289
1955,304,135,19,150,6.2500,49.3421
1956,304,138,20,146,6.5789,48.0263
1957,303,143,20,140,6.6007,46.2046
1958,303,147,21,135,6.9307,44.5545
1959,302,151,20,131,6.6225,43.3775
1960,302,155,20,127,6.6225,42.0530
1961,302,158,21,123,6.9536,40.7285
1962,302,160,22,120,7.2848,39.7351
1963,301,162,23,116,7.6412,38.5382
1964,301,166,23,112,7.6412,37.2093
1965,300,169,24,107,8.0000,35.6667
1966,300,175,24,101,8.0000,33.6667
1967,300,173,28,99,9.3333,33.0000
1968,300,172,29,99,9.6667,33.0000
1969,299,173,30,96,10.0334,32.1070
1970,301,173,33,95,10.9635,31.5615
1971,301,174,34,93,11.2957,30.8970
1972,301,174,37,90,12.2924,29.9003
1973,301,178,37,86,12.2924,28.5714
1974,301,178,39,84,12.9568,27.9070
1975,300,177,41,82,13.6667,27.3333
1976,299,179,45,75,15.0502,25.0836
1977,300,183,43,74,14.3333,24.6667
1978,300,186,46,68,15.3333,22.6667
1979,300,184,48,68,16.0000,22.6667
1980,300,181,51,68,17.0000,22.6667
1981,299,182,52,65,17.3913,21.7391
1982,300,183,55,62,18.3333,20.6667
1983,299,182,56,61,18.7291,20.4013
1984,299,185,56,58,18.7291,19.3980
1985,300,182,60,58,20.0000,19.3333
1986,299,177,66,56,22.0736,18.7291
1987,299,177,69,53,23.0769,17.7258
1988,301,176,70,55,23.2558,18.2724
1989,301,174,70,57,23.2558,18.9369
1990,301,166,76,59,25.2492,19.6013
1991,301,160,80,61,26.5781,20.2658
1992,301,159,84,58,27.9070,19.2691
1993,300,157,84,59,28.0000,19.6667
1994,300,152,91,57,30.3333,19.0000
1995,296,143,98,55,33.1081,18.5811
1996,296,143,97,56,32.7703,18.9189
1997,298,143,99,56,33.2215,18.7919
1998,299,137,105,57,35.1171,19.0635
1999,300,136,104,60,34.6667,20.0000
2000,297,129,109,59,36.7003,19.8653
2001,297,121,115,61,38.7205,20.5387
2002,299,121,116,62,38.7960,20.7358
2003,299,113,124,62,41.4716,20.7358
2004,299,109,128,62,42.8094,20.7358
2005,301,114,126,61,41.8605,20.2658
2006,299,106,126,67,42.1405,22.4080
2007,301,105,125,71,41.5282,23.5880
2008,300,99,126,75,42.0000,25.0000
2009,300,96,128,76,42.6667,25.3333
2010,300,92,125,83,41.6667,27.6667
2011,294,86,124,84,42.1769,28.5714
2012,297,88,120,89,40.4040,29.9663
2013,299,88,120,91,40.1338,30.4348
2014,297,83,117,97,39.3939,32.6599
2015,295,78,114,103,38.6441,34.9153
2016,297,75,115,107,38.7205,36.0269
2017,299,76,111,112,37.1237,37.4582
2018,302,71,112,119,37.0861,39.4040
2019,301,68,111,122,36.8771,40.5316
2020,300,67,106,127,35.3333,42.3333
2021,293,64,100,129,34.1297,44.0273
2022,291,63,95,133,32.6460,45.7045
2023,289,60,95,134,32.8720,46.3668
2024,293,63,88,142,30.0341,48.4642
2025,298,68,83,147,27.8523,49.3289
2026,300,71,81,148,27.0000,49.3333
2027,298,69,76,153,25.5034,51.3423
2028,298,67,75,156,25.1678,52.3490
2029,296,68,71,157,23.9865,53.0405
2030,298,71,65,162,21.8121,54.3624
2031,303,76,63,164,20.7921,54.1254
2032,299,75,60,164,20.0669,54.8495
2033,299,73,60,166,20.0669,55.5184
2034,302,74,59,169,19.5364,55.9603
2035,301,72,55,174,18.2724,57.8073
2036,301,73,52,176,17.2757,58.4718
2037,298,72,50,176,16.7785,59.0604
2038,298,71,46,181,15.4362,60.7383
2039,297,73,43,181,14.4781,60.9428
2040,296,77,38,181,12.8378,61.1486
2041,298,84,37,177,12.4161,59.3960
2042,303,91,35,177,11.5512,58.4158
2043,302,92,33,177,10.9272,58.6093
2044,302,89,35,178,11.5894,58.9404
2045,300,91,34,175,11.3333,58.3333
2046,300,89,36,175,12.0000,58.3333
2047,299,89,35,175,11.7057,58.5284
2048,299,88,35,176,11.7057,58.8629
2049,301,93,34,174,11.2957,57.8073
2050,301,93,35,173,11.6279,57.4751
2051,301,94,36,171,11.9601,56.8106
2052,300,93,35,172,11.6667,57.3333
2053,300,96,35,169,11.6667,56.3333
2054,299,95,34,170,11.3712,56.8562
2055,301,97,33,171,10.9635,56.8106
2056,301,96,35,170,11.6279,56.4784
2057,300,98,33,169,11.0000,56.3333
2058,299,103,31,165,10.3679,55.1839
2059,303,111,30,162,9.9010,53.4653
2060,303,111,33,159,10.8911,52.4752
2061,303,112,34,157,11.2211,51.8152
2062,303,119,34,150,11.2211,49.5050
2063,302,118,34,150,11.2583,49.6689
2064,302,124,33,145,10.9272,48.0132
2065,301,124,32,145,10.6312,48.1728
2066,300,129,31,140,10.3333,46.6667
2067,299,134,31,134,10.3679,44.8161
2068,307,145,31,131,10.0977,42.6710
2069,307,148,31,128,10.0977,41.6938
2070,307,154,31,122,10.0977,39.7394
2071,305,157,28,120,9.1803,39.3443
2072,305,162,30,113,9.8361,37.0492
2073,305,164,29,112,9.5082,36.7213
2074,304,168,28,108,9.2105,35.5263
2075,304,166,29,109,9.5395,35.8553
2076,304,173,28,103,9.2105,33.8816
2077,303,179,27,97,8.9109,32.0132
2078,303,181,27,95,8.9109,31.3531
2079,303,185,28,90,9.2409,29.7030
2080,302,186,27,89,8.9404,29.4702
2081,302,188,27,87,8.9404,28.8079
2082,301,191,27,83,8.9701,27.5748
2083,301,191,30,80,9.9668,26.5781
2084,301,188,33,80,10.9635,26.5781
2085,301,186,36,79,11.9601,26.2458
2086,301,187,37,77,12.2924,25.5814
2087,301,189,38,74,12.6246,24.5847
2088,301,192,39,70,12.9568,23.2558
2089,301,191,40,70,13.2890,23.2558
2090,300,193,41,66,13.6667,22.0000
2091,300,192,42,66,14.0000,22.0000
2092,300,191,44,65,14.6667,21.6667
2093,300,186,49,65,16.3333,21.6667
2094,299,187,51,61,17.0569,20.4013
2095,302,187,55,60,18.2119,19.8675
2096,301,181,58,62,19.2691,20.5980
2097,300,179,60,61,20.0000,20.3333
2098,300,169,70,61,23.3333,20.3333
2099,300,165,72,63,24.0000,21.0000
2100,299,160,78,61,26.0870,20.4013
2101,301,159,81,61,26.9103,20.2658
2102,300,147,93,60,31.0000,20.0000
2103,299,145,92,62,30.7692,20.7358
2104,303,146,93,64,30.6931,21.1221
2105,303,140,98,65,32.3432,21.4521
2106,303,138,98,67,32.3432,22.1122
2107,303,133,106,64,34.9835,21.1221
2108,301,124,113,64,37.5415,21.2625
2109,300,119,117,64,39.0000,21.3333
2110,298,115,119,64,39.9329,21.4765
2111,299,113,122,64,40.8027,21.4047
2112,298,105,129,64,43.2886,21.4765
2113,301,97,137,67,45.5150,22.2591
2114,299,93,138,68,46.1538,22.7425
2115,300,87,141,72,47.0000,24.0000
2116,299,79,145,75,48.4950,25.0836
2117,299,76,145,78,48.4950,26.0870
2118,298,73,144,81,48.3221,27.1812
2119,299,71,139,89,46.4883,29.7659
2120,301,74,137,90,45.5150,29.9003
2121,299,73,132,94,44.1472,31.4381
2122,296,71,127,98,42.9054,33.1081
2123,295,67,127,101,43.0508,34.2373
2124,294,63,129,102,43.8776,34.6939
2125,290,65,123,102,42.4138,35.1724
2126,293,67,121,105,41.2969,35.8362
2127,292,65,119,108,40.7534,36.9863
2128,292,67,112,113,38.3562,38.6986
2129,288,60,113,115,39.2361,39.9306
2130,287,61,110,116,38.3275,40.4181
2131,287,60,106,121,36.9338,42.1603
2132,289,61,106,122,36.6782,42.2145
2133,288,64,96,128,33.3333,44.4444
2134,289,62,92,135,31.8339,46.7128
2135,288,58,87,143,30.2083,49.6528
2136,289,61,81,147,28.0277,50.8651
2137,288,63,74,151,25.6944,52.4306
2138,290,63,73,154,25.1724,53.1034
2139,290,59,76,155,26.2069,53.4483
2140,291,59,75,157,25.7732,53.9519
2141,294,63,73,158,24.8299,53.7415
2142,295,61,73,161,24.7458,54.5763
2143,296,65,69,162,23.3108,54.7297
2144,296,66,66,164,22.2973,55.4054
2145,299,68,65,166,21.7391,55.5184
2146,299,68,64,167,21.4047,55.8528
2147,300,71,60,169,20.0000,56.3333
2148,298,71,58,169,19.4631,56.7114
2149,298,70,52,176,17.4497,59.0604
2150,303,71,54,178,17.8218,58.7459
2151,303,70,56,177,18.4818,58.4158
2152,299,69,52,178,17.3913,59.5318
2153,300,72,50,178,16.6667,59.3333
2154,300,71,49,180,16.3333,60.0000
2155,299,74,43,182,14.3813,60.8696
2156,301,79,43,179,14.2857,59.4684
2157,301,78,45,178,14.9502,59.1362
2158,299,81,42,176,14.0468,58.8629
2159,303,83,41,179,13.5314,59.0759
2160,302,83,38,181,12.5828,59.9338
2161,302,83,38,181,12.5828,59.9338
2162,300,83,38,179,12.6667,59.6667
2163,300,81,38,181,12.6667,60.3333
2164,300,81,36,183,12.0000,61.0000
2165,300,84,33,183,11.0000,61.0000
2166,300,86,33,181,11.0000,60.3333
2167,299,91,31,177,10.3679,59.1973
2168,306,101,31,174,10.1307,56.8627
2169,306,106,28,172,9.1503,56.2092
2170,306,109,24,173,7.8431,56.5359
2171,305,117,22,166,7.2131,54.4262
2172,304,118,22,164,7.2368,53.9474
2173,304,124,21,159,6.9079,52.3026
2174,304,128,22,154,7.2368,50.6579
2175,304,132,21,151,6.9079,49.6711
2176,304,130,24,150,7.8947,49.3421
2177,304,132,22,150,7.2368,49.3421
2178,304,136,19,149,6.2500,49.0132
2179,303,141,17,145,5.6106,47.8548
2180,303,146,19,138,6.2706,45.5446
2181,303,147,19,137,6.2706,45.2145
2182,302,149,16,137,5.2980,45.3642
2183,302,154,15,133,4.9669,44.0397
2184,302,156,14,132,4.6358,43.7086
2185,301,160,16,125,5.3156,41.5282
2186,301,165,19,117,6.3123,38.8704
2187,301,174,19,108,6.3123,35.8804
2188,301,178,20,103,6.6445,34.2193
2189,301,182,20,99,6.6445,32.8904
2190,301,185,20,96,6.6445,31.8937
2191,301,186,22,93,7.3090,30.8970
2192,301,187,23,91,7.6412,30.2326
2193,300,189,22,89,7.3333,29.6667
2194,300,190,24,86,8.0000,28.6667
2195,300,191,25,84,8.3333,28.0000
2196,300,191,28,81,9.3333,27.0000
2197,299,190,29,80,9.6990,26.7559
2198,301,191,31,79,10.2990,26.2458
2199,301,188,37,76,12.2924,25.2492
2200,301,190,36,75,11.9601,24.9169
2201,301,194,38,69,12.6246,22.9236
2202,301,193,40,68,13.2890,22.5914
2203,301,191,43,67,14.2857,22.2591
2204,301,186,50,65,16.6113,21.5947
2205,301,186,50,65,16.6113,21.5947
2206,300,184,49,67,16.3333,22.3333
2207,300,185,52,63,17.3333,21.0000
2208,299,183,54,62,18.0602,20.7358
2209,300,178,60,62,20.0000,20.6667
2210,300,177,64,59,21.3333,19.6667
2211,300,176,65,59,21.6667,19.6667
2212,300,175,68,57,22.6667,19.0000
2213,300,170,73,57,24.3333,19.0000
2214,300,161,81,58,27.0000,19.3333
2215,300,156,86,58,28.6667,19.3333
2216,300,150,91,59,30.3333,19.6667
2217,299,147,95,57,31.7726,19.0635
2218,300,137,105,58,35.0000,19.3333
2219,299,132,106,61,35.4515,20.4013
2220,301,128,110,63,36.5449,20.9302
2221,301,123,116,62,38.5382,20.5980
2222,299,117,123,59,41.1371,19.7324
2223,298,112,127,59,42.6174,19.7987
2224,296,107,127,62,42.9054,20.9459
2225,299,104,132,63,44.1472,21.0702
2226,299,98,136,65,45.4849,21.7391
2227,301,93,140,68,46.5116,22.5914
2228,301,88,143,70,47.5083,23.2558
2229,299,85,141,73,47.1572,24.4147
2230,299,85,139,75,46.4883,25.0836
2231,300,85,139,76,46.3333,25.3333
2232,300,83,140,77,46.6667,25.6667
2233,298,78,138,82,46.3087,27.5168
2234,300,79,135,86,45.0000,28.6667
2235,294,77,129,88,43.8776,29.9320
2236,294,72,128,94,43.5374,31.9728
2237,296,71,124,101,41.8919,34.1216
2238,296,68,119,109,40.2027,36.8243
2239,296,67,115,114,38.8514,38.5135
2240,296,62,112,122,37.8378,41.2162
2241,297,63,110,124,37.0370,41.7508
2242,298,63,105,130,35.2349,43.6242
2243,295,62,93,140,31.5254,47.4576
2244,294,61,90,143,30.6122,48.6395
2245,292,58,87,147,29.7945,50.3425
2246,291,61,80,150,27.4914,51.5464
2247,292,60,75,157,25.6849,53.7671
2248,295,62,71,162,24.0678,54.9153
2249,299,67,66,166,22.0736,55.5184
2250,300,67,65,168,21.6667,56.0000
2251,298,63,65,170,21.8121,57.0470
2252,299,64,66,169,22.0736,56.5217
2253,301,66,61,174,20.2658,57.8073
2254,300,67,59,174,19.6667,58.0000
2255,300,65,57,178,19.0000,59.3333
2256,300,62,57,181,19.0000,60.3333
2257,300,60,52,188,17.3333,62.6667
2258,299,62,52,185,17.3913,61.8729
2259,299,62,48,189,16.0535,63.2107
2260,301,64,47,190,15.6146,63.1229
2261,301,61,44,196,14.6179,65.1163
2262,301,60,41,200,13.6213,66.4452
2263,300,61,42,197,14.0000,65.6667
2264,300,61,42,197,14.0000,65.6667
2265,299,62,40,197,13.3779,65.8863
2266,301,66,37,198,12.2924,65.7807
2267,301,67,37,197,12.2924,65.4485
2268,301,69,38,194,12.6246,64.4518
2269,301,68,38,195,12.6246,64.7841
2270,301,69,37,195,12.2924,64.7841
2271,300,73,32,195,10.6667,65.0000
2272,299,76,29,194,9.6990,64.8829
2273,302,81,26,195,8.6093,64.5695
2274,302,82,27,193,8.9404,63.9073
2275,302,83,26,193,8.6093,63.9073
2276,302,85,26,191,8.6093,63.2450
2277,302,86,24,192,7.9470,63.5762
2278,302,86,23,193,7.6159,63.9073
2279,302,88,22,192,7.2848,63.5762
2280,302,90,21,191,6.9536,63.2450
2281,302,94,21,187,6.9536,61.9205
2282,301,99,18,184,5.9801,61.1296
2283,301,101,18,182,5.9801,60.4651
2284,300,102,16,182,5.3333,60.6667
2285,300,107,17,176,5.6667,58.6667
2286,300,110,20,170,6.6667,56.6667
2287,300,113,19,168,6.3333,56.0000
2288,300,120,18,162,6.0000,54.0000
2289,299,127,17,155,5.6856,51.8395
2290,301,137,15,149,4.9834,49.5017
2291,301,142,15,144,4.9834,47.8405
2292,301,148,17,136,5.6478,45.1827
2293,301,151,17,133,5.6478,44.1860
2294,301,156,19,126,6.3123,41.8605
2295,301,165,19,117,6.3123,38.8704
2296,301,167,20,114,6.6445,37.8738
2297,301,171,19,111,6.3123,36.8771
2298,300,173,19,108,6.3333,36.0000
2299,300,178,19,103,6.3333,34.3333
2300,300,183,19,98,6.3333,32.6667
2301,300,187,19,94,6.3333,31.3333
2302,300,188,20,92,6.6667,30.6667
2303,300,189,21,90,7.0000,30.0000
2304,300,187,24,89,8.0000,29.6667
2305,300,192,24,84,8.0000,28.0000
2306,300,191,22,87,7.3333,29.0000
2307,300,193,24,83,8.0000,27.6667
2308,300,193,26,81,8.6667,27.0000
2309,300,196,31,73,10.3333,24.3333
2310,300,194,34,72,11.3333,24.0000
2311,300,197,36,67,12.0000,22.3333
2312,300,194,39,67,13.0000,22.3333
2313,300,196,42,62,14.0000,20.6667
2314,300,195,47,58,15.6667,19.3333
2315,300,188,51,61,17.0000,20.3333
2316,300,186,54,60,18.0000,20.0000
2317,300,185,55,60,18.3333,20.0000
2318,300,181,59,60,19.6667,20.0000
2319,300,175,64,61,21.3333,20.3333
2320,300,171,68,61,22.6667,20.3333
2321,299,165,75,59,25.0836,19.7324
2322,302,162,82,58,27.1523,19.2053
2323,302,160,87,55,28.8079,18.2119
2324,301,157,91,53,30.2326,17.6080
2325,301,154,94,53,31.2292,17.6080
2326,301,150,96,55,31.8937,18.2724
2327,301,146,99,56,32.8904,18.6047
2328,299,144,100,55,33.4448,18.3946
2329,303,142,104,57,34.3234,18.8119
2330,302,136,110,56,36.4238,18.5430
2331,302,134,113,55,37.4172,18.2119
2332,301,126,118,57,39.2027,18.9369
2333,301,119,124,58,41.1960,19.2691
2334,300,116,125,59,41.6667,19.6667
2335,299,106,127,66,42.4749,22.0736
2336,302,108,127,67,42.0530,22.1854
2337,301,98,134,69,44.5183,22.9236
2338,299,93,135,71,45.1505,23.7458
2339,299,88,136,75,45.4849,25.0836
2340,297,86,132,79,44.4444,26.5993
2341,297,82,130,85,43.7710,28.6195
2342,297,80,127,90,42.7609,30.3030
2343,300,80,127,93,42.3333,31.0000
2344,299,74,128,97,42.8094,32.4415
2345,297,71,123,103,41.4141,34.6801
2346,299,70,122,107,40.8027,35.7860
2347,297,67,121,109,40.7407,36.7003
2348,297,64,120,113,40.4040,38.0471
2349,302,64,123,115,40.7285,38.0795
2350,299,62,114,123,38.1271,41.1371
2351,304,69,111,124,36.5132,40.7895
2352,304,69,105,130,34.5395,42.7632
2353,303,69,98,136,32.3432,44.8845
2354,300,64,95,141,31.6667,47.0000
2355,299,63,92,144,30.7692,48.1605
2356,297,62,88,147,29.6296,49.4949
2357,299,64,81,154,27.0903,51.5050
2358,302,69,77,156,25.4967,51.6556
2359,302,68,73,161,24.1722,53.3113
2360,300,67,67,166,22.3333,55.3333
2361,300,63,67,170,22.3333,56.6667
2362,298,61,62,175,20.8054,58.7248
2363,306,69,61,176,19.9346,57.5163
2364,305,65,60,180,19.6721,59.0164
2365,303,66,55,182,18.1518,60.0660
2366,302,65,54,183,17.8808,60.5960
2367,301,68,50,183,16.6113,60.7973
2368,300,65,51,184,17.0000,61.3333
2369,298,65,43,190,14.4295,63.7584
2370,298,66,41,191,13.7584,64.0940
2371,299,70,36,193,12.0401,64.5485
2372,299,69,38,192,12.7090,64.2140
2373,302,72,36,194,11.9205,64.2384
2374,301,71,35,195,11.6279,64.7841
2375,301,72,32,197,10.6312,65.4485
2376,300,70,32,198,10.6667,66.0000
2377,298,72,30,196,10.0671,65.7718
2378,300,75,29,196,9.6667,65.3333
2379,300,77,28,195,9.3333,65.0000
2380,299,78,26,195,8.6957,65.2174
2381,299,83,23,193,7.6923,64.5485
2382,299,83,23,193,7.6923,64.5485
2383,300,86,22,192,7.3333,64.0000
2384,300,89,20,191,6.6667,63.6667
2385,299,90,18,191,6.0201,63.8796
2386,302,96,18,188,5.9603,62.2517
2387,302,100,20,182,6.6225,60.2649
2388,302,102,19,181,6.2914,59.9338
2389,302,104,17,181,5.6291,59.9338
2390,302,106,16,180,5.2980,59.6026
2391,302,110,17,175,5.6291,57.9470
2392,301,116,16,169,5.3156,56.1462
2393,301,122,15,164,4.9834,54.4850
2394,301,128,16,157,5.3156,52.1595
2395,301,131,15,155,4.9834,51.4950
2396,300,134,14,152,4.6667,50.6667
2397,300,139,15,146,5.0000,48.6667
2398,300,142,15,143,5.0000,47.6667
2399,299,145,14,140,4.6823,46.8227
2400,300,149,15,136,5.0000,45.3333
2401,300,153,15,132,5.0000,44.0000
2402,299,162,13,124,4.3478,41.4716
2403,302,169,11,122,3.6424,40.3974
2404,302,175,12,115,3.9735,38.0795
2405,302,182,11,109,3.6424,36.0927
2406,302,186,12,104,3.9735,34.4371
2407,301,189,11,101,3.6545,33.5548
2408,301,191,10,100,3.3223,33.2226
2409,301,197,11,93,3.6545,30.8970
2410,301,203,11,87,3.6545,28.9037
2411,301,207,12,82,3.9867,27.2425
2412,301,212,12,77,3.9867,25.5814
2413,301,214,14,73,4.6512,24.2525
2414,301,218,15,68,4.9834,22.5914
2415,301,219,14,68,4.6512,22.5914
2416,301,222,16,63,5.3156,20.9302
2417,301,223,17,61,5.6478,20.2658
2418,300,223,16,61,5.3333,20.3333
2419,300,225,17,58,5.6667,19.3333
2420,300,225,17,58,5.6667,19.3333
2421,300,227,22,51,7.3333,17.0000
2422,300,227,25,48,8.3333,16.0000
2423,300,230,27,43,9.0000,14.3333
2424,300,229,28,43,9.3333,14.3333
2425,300,227,31,42,10.3333,14.0000
2426,300,223,36,41,12.0000,13.6667
2427,299,222,39,38,13.0435,12.7090
2428,299,221,40,38,13.3779,12.7090
2429,305,223,45,37,14.7541,12.1311
2430,305,224,44,37,14.4262,12.1311
2431,305,221,48,36,15.7377,11.8033
2432,305,215,54,36,17.7049,11.8033
2433,305,214,56,35,18.3607,11.4754
2434,305,208,63,34,20.6557,11.1475
2435,304,201,70,33,23.0263,10.8553
2436,304,198,75,31,24.6711,10.1974
2437,303,192,80,31,26.4026,10.2310
2438,302,184,86,32,28.4768,10.5960
2439,302,173,98,31,32.4503,10.2649
2440,302,164,108,30,35.7616,9.9338
2441,299,158,112,29,37.4582,9.6990
2442,300,153,118,29,39.3333,9.6667
2443,299,147,120,32,40.1338,10.7023
2444,299,136,130,33,43.4783,11.0368
2445,299,129,136,34,45.4849,11.3712
2446,301,125,138,38,45.8472,12.6246
2447,300,116,142,42,47.3333,14.0000
2448,300,109,147,44,49.0000,14.6667
2449,299,97,155,47,51.8395,15.7191
2450,300,92,159,49,53.0000,16.3333
2451,300,90,158,52,52.6667,17.3333
2452,300,86,159,55,53.0000,18.3333
2453,299,77,160,62,53.5117,20.7358
2454,297,75,157,65,52.8620,21.8855
2455,297,75,152,70,51.1785,23.5690
2456,297,69,154,74,51.8519,24.9158
2457,299,70,150,79,50.1672,26.4214
2458,298,68,147,83,49.3289,27.8523
2459,295,63,141,91,47.7966,30.8475
2460,299,67,135,97,45.1505,32.4415
2461,298,68,127,103,42.6174,34.5638
2462,296,65,124,107,41.8919,36.1486
2463,294,63,116,115,39.4558,39.1156
2464,295,64,112,119,37.9661,40.3390
2465,296,64,106,126,35.8108,42.5676
2466,297,66,97,134,32.6599,45.1178
2467,295,61,97,137,32.8814,46.4407
2468,298,64,90,144,30.2013,48.3221
2469,296,65,80,151,27.0270,51.0135
2470,299,70,72,157,24.0803,52.5084
2471,303,71,71,161,23.4323,53.1353
2472,301,71,69,161,22.9236,53.4884
2473,299,68,66,165,22.0736,55.1839
2474,302,71,59,172,19.5364,56.9536
2475,302,70,57,175,18.8742,57.9470
2476,300,69,54,177,18.0000,59.0000
2477,300,67,53,180,17.6667,60.0000
2478,298,66,49,183,16.4430,61.4094
2479,300,66,45,189,15.0000,63.0000
2480,299,67,41,191,13.7124,63.8796
2481,301,69,39,193,12.9568,64.1196
2482,301,69,38,194,12.6246,64.4518
2483,300,69,35,196,11.6667,65.3333
2484,300,70,34,196,11.3333,65.3333
2485,299,72,28,199,9.3645,66.5552
2486,301,75,28,198,9.3023,65.7807
2487,301,74,26,201,8.6379,66.7774
2488,299,73,22,204,7.3579,68.2274
2489,301,77,21,203,6.9767,67.4419
2490,301,78,20,203,6.6445,67.4419
2491,301,78,18,205,5.9801,68.1063
2492,301,78,17,206,5.6478,68.4385
2493,300,79,15,206,5.0000,68.6667
2494,300,80,14,206,4.6667,68.6667
2495,300,83,14,203,4.6667,67.6667
2496,300,84,13,203,4.3333,67.6667
2497,299,86,10,203,3.3445,67.8930
2498,300,90,10,200,3.3333,66.6667
2499,300,95,8,197,2.6667,65.6667
2500,300,97,8,195,2.6667,65.0000
2501,300,100,8,192,2.6667,64.0000
2502,300,102,7,191,2.3333,63.6667
2503,300,103,9,188,3.0000,62.6667
2504,300,106,9,185,3.0000,61.6667
2505,300,113,9,178,3.0000,59.3333
2506,300,115,11,174,3.6667,58.0000
2507,300,118,14,168,4.6667,56.0000
2508,300,122,12,166,4.0000,55.3333
2509,300,128,11,161,3.6667,53.6667
2510,300,131,12,157,4.0000,52.3333
2511,300,138,13,149,4.3333,49.6667
2512,300,142,16,142,5.3333,47.3333
2513,300,149,16,135,5.3333,45.0000
2514,300,152,17,131,5.6667,43.6667
2515,300,159,18,123,6.0000,41.0000
2516,300,161,21,118,7.0000,39.3333
2517,300,166,23,111,7.6667,37.0000
2518,300,168,29,103,9.6667,34.3333
2519,300,172,28,100,9.3333,33.3333
2520,300,178,28,94,9.3333,31.3333
2521,300,185,29,86,9.6667,28.6667
2522,300,189,32,79,10.6667,26.3333
2523,300,190,32,78,10.6667,26.0000
2524,300,185,38,77,12.6667,25.6667
2525,300,183,44,73,14.6667,24.3333
2526,300,186,46,68,15.3333,22.6667
2527,299,182,51,66,17.0569,22.0736
2528,303,187,52,64,17.1617,21.1221
2529,303,185,58,60,19.1419,19.8020
2530,303,186,60,57,19.8020,18.8119
2531,303,185,65,53,21.4521,17.4917
2532,303,179,74,50,24.4224,16.5017
2533,301,175,76,50,25.2492,16.6113
2534,301,176,77,48,25.5814,15.9468
2535,301,173,82,46,27.2425,15.2824
2536,299,170,83,46,27.7592,15.3846
2537,300,171,86,43,28.6667,14.3333
2538,298,166,85,47,28.5235,15.7718
2539,302,165,92,45,30.4636,14.9007
2540,301,161,98,42,32.5581,13.9535
2541,301,158,102,41,33.8870,13.6213
2542,300,152,107,41,35.6667,13.6667
2543,299,149,107,43,35.7860,14.3813
2544,300,148,109,43,36.3333,14.3333
2545,298,137,113,48,37.9195,16.1074
2546,298,137,112,49,37.5839,16.4430
2547,298,134,109,55,36.5772,18.4564
2548,303,134,112,57,36.9637,18.8119
2549,302,131,110,61,36.4238,20.1987
2550,300,126,114,60,38.0000,20.0000
2551,298,121,118,59,39.5973,19.7987
2552,295,118,113,64,38.3051,21.6949
2553,294,116,109,69,37.0748,23.4694
2554,293,112,111,70,37.8840,23.8908
2555,296,109,115,72,38.8514,24.3243
2556,298,108,116,74,38.9262,24.8322
2557,297,101,118,78,39.7306,26.2626
2558,298,96,120,82,40.2685,27.5168
2559,296,90,120,86,40.5405,29.0541
2560,294,89,116,89,39.4558,30.2721
2561,295,90,114,91,38.6441,30.8475
2562,298,93,107,98,35.9060,32.8859
2563,299,90,108,101,36.1204,33.7793
2564,297,88,106,103,35.6902,34.6801
2565,298,85,106,107,35.5705,35.9060
2566,297,85,101,111,34.0067,37.3737
2567,297,83,101,113,34.0067,38.0471
2568,297,78,100,119,33.6700,40.0673
2569,297,79,97,121,32.6599,40.7407
2570,295,80,90,125,30.5085,42.3729
2571,295,79,90,126,30.5085,42.7119
2572,296,78,89,129,30.0676,43.5811
2573,296,76,88,132,29.7297,44.5946
2574,296,74,88,134,29.7297,45.2703
2575,299,77,86,136,28.7625,45.4849
2576,301,75,83,143,27.5748,47.5083
2577,299,73,78,148,26.0870,49.4983
2578,299,72,77,150,25.7525,50.1672
2579,302,75,69,158,22.8477,52.3179
2580,300,73,66,161,22.0000,53.6667
2581,300,69,67,164,22.3333,54.6667
2582,299,65,69,165,23.0769,55.1839
2583,302,69,66,167,21.8543,55.2980
2584,302,67,66,169,21.8543,55.9603
2585,301,67,62,172,20.5980,57.1429
2586,299,64,63,172,21.0702,57.5251
2587,303,68,58,177,19.1419,58.4158
2588,303,69,55,179,18.1518,59.0759
2589,303,66,58,179,19.1419,59.0759
2590,302,69,57,176,18.8742,58.2781
2591,301,67,56,178,18.6047,59.1362
2592,301,65,56,180,18.6047,59.8007
2593,301,63,55,183,18.2724,60.7973
2594,299,63,51,185,17.0569,61.8729
2595,300,67,49,184,16.3333,61.3333
2596,298,66,47,185,15.7718,62.0805
2597,299,73,44,182,14.7157,60.8696
2598,304,78,44,182,14.4737,59.8684
2599,304,83,43,178,14.1447,58.5526
2600,303,84,42,177,13.8614,58.4158
2601,303,87,44,172,14.5215,56.7657
2602,300,86,41,173,13.6667,57.6667
2603,298,85,40,173,13.4228,58.0537
2604,302,93,41,168,13.5762,55.6291
2605,302,95,42,165,13.9073,54.6358
2606,301,97,39,165,12.9568,54.8173
2607,301,97,40,164,13.2890,54.4850
2608,301,97,42,162,13.9535,53.8206
2609,301,99,44,158,14.6179,52.4917
2610,298,102,39,157,13.0872,52.6846
2611,301,110,38,153,12.6246,50.8306
2612,301,113,38,150,12.6246,49.8339
2613,301,111,40,150,13.2890,49.8339
2614,301,115,42,144,13.9535,47.8405
2615,300,116,41,143,13.6667,47.6667
2616,300,118,41,141,13.6667,47.0000
2617,300,117,44,139,14.6667,46.3333
2618,299,121,43,135,14.3813,45.1505
2619,302,123,45,134,14.9007,44.3709
2620,302,127,46,129,15.2318,42.7152
2621,301,128,44,129,14.6179,42.8571
2622,301,126,47,128,15.6146,42.5249
2623,301,125,48,128,15.9468,42.5249
2624,301,124,52,125,17.2757,41.5282
2625,301,125,50,126,16.6113,41.8605
2626,301,124,51,126,16.9435,41.8605
2627,301,128,50,123,16.6113,40.8638
2628,300,131,52,117,17.3333,39.0000
2629,300,132,55,113,18.3333,37.6667
2630,300,135,55,110,18.3333,36.6667
2631,300,136,61,103,20.3333,34.3333
2632,300,138,62,100,20.6667,33.3333
2633,298,137,63,98,21.1409,32.8859
2634,298,135,63,100,21.1409,33.5570
2635,300,135,67,98,22.3333,32.6667
2636,299,134,69,96,23.0769,32.1070
2637,302,139,70,93,23.1788,30.7947
2638,301,139,68,94,22.5914,31.2292
2639,301,141,71,89,23.5880,29.5681
2640,300,140,71,89,23.6667,29.6667
2641,300,139,73,88,24.3333,29.3333
2642,300,137,70,93,23.3333,31.0000
2643,300,139,70,91,23.3333,30.3333
2644,298,135,72,91,24.1611,30.5369
2645,299,135,72,92,24.0803,30.7692
2646,303,140,73,90,24.0924,29.7030
2647,302,139,74,89,24.5033,29.4702
2648,302,139,75,88,24.8344,29.1391
2649,302,138,77,87,25.4967,28.8079
2650,302,135,77,90,25.4967,29.8013
2651,301,136,73,92,24.2525,30.5648
2652,301,133,75,93,24.9169,30.8970
2653,299,133,72,94,24.0803,31.4381
2654,299,129,75,95,25.0836,31.7726
2655,299,129,71,99,23.7458,33.1104
2656,304,130,70,104,23.0263,34.2105
2657,303,128,71,104,23.4323,34.3234
2658,303,126,73,104,24.0924,34.3234
2659,302,118,80,104,26.4901,34.4371
2660,301,115,78,108,25.9136,35.8804
2661,301,109,84,108,27.9070,35.8804
2662,300,107,85,108,28.3333,36.0000
2663,299,100,89,110,29.7659,36.7893
2664,300,102,90,108,30.0000,36.0000
2665,298,97,91,110,30.5369,36.9128
2666,301,99,87,115,28.9037,38.2060
2667,300,98,88,114,29.3333,38.0000
2668,299,96,89,114,29.7659,38.1271
2669,298,98,85,115,28.5235,38.5906
2670,298,95,87,116,29.1946,38.9262
2671,300,96,85,119,28.3333,39.6667
2672,300,95,82,123,27.3333,41.0000
2673,300,94,84,122,28.0000,40.6667
2674,299,92,84,123,28.0936,41.1371
2675,299,90,85,124,28.4281,41.4716
2676,301,91,86,124,28.5714,41.1960
2677,301,92,84,125,27.9070,41.5282
2678,298,89,84,125,28.1879,41.9463
2679,298,91,79,128,26.5101,42.9530
2680,299,92,75,132,25.0836,44.1472
2681,299,91,74,134,24.7492,44.8161
2682,300,95,70,135,23.3333,45.0000
2683,300,96,68,136,22.6667,45.3333
2684,299,95,62,142,20.7358,47.4916
2685,298,92,61,145,20.4698,48.6577
2686,300,94,60,146,20.0000,48.6667
2687,300,95,59,146,19.6667,48.6667
2688,298,93,56,149,18.7919,50.0000
2689,300,96,57,147,19.0000,49.0000
2690,300,94,58,148,19.3333,49.3333
2691,299,92,58,149,19.3980,49.8328
2692,298,92,59,147,19.7987,49.3289
2693,297,92,58,147,19.5286,49.4949
2694,297,98,53,146,17.8451,49.1582
2695,302,102,53,147,17.5497,48.6755
2696,300,101,51,148,17.0000,49.3333
2697,299,104,50,145,16.7224,48.4950
2698,300,108,45,147,15.0000,49.0000
2699,299,108,42,149,14.0468,49.8328
2700,300,111,41,148,13.6667,49.3333
2701,299,113,39,147,13.0435,49.1639
2702,300,119,37,144,12.3333,48.0000
2703,300,122,38,140,12.6667,46.6667
2704,300,122,40,138,13.3333,46.0000
2705,299,122,41,136,13.7124,45.4849
2706,300,127,36,137,12.0000,45.6667
2707,300,131,34,135,11.3333,45.0000
2708,300,132,36,132,12.0000,44.0000
2709,300,132,37,131,12.3333,43.6667
2710,299,134,34,131,11.3712,43.8127
2711,302,136,35,131,11.5894,43.3775
2712,301,138,33,130,10.9635,43.1894
2713,301,137,32,132,10.6312,43.8538
2714,301,140,31,130,10.2990,43.1894
2715,301,141,31,129,10.2990,42.8571
2716,300,140,29,131,9.6667,43.6667
2717,300,142,30,128,10.0000,42.6667
2718,300,148,29,123,9.6667,41.0000
2719,300,145,32,123,10.6667,41.0000
2720,299,145,31,123,10.3679,41.1371
2721,299,147,32,120,10.7023,40.1338
2722,301,148,33,120,10.9635,39.8671
2723,301,148,37,116,12.2924,38.5382
2724,300,149,39,112,13.0000,37.3333
2725,299,148,37,114,12.3746,38.1271
2726,302,154,38,110,12.5828,36.4238
2727,302,155,40,107,13.2450,35.4305
2728,302,153,40,109,13.2450,36.0927
2729,301,155,38,108,12.6246,35.8804
2730,301,154,40,107,13.2890,35.5482
2731,301,148,50,103,16.6113,34.2193
2732,301,150,51,100,16.9435,33.2226
2733,301,147,55,99,18.2724,32.8904
2734,301,148,56,97,18.6047,32.2259
2735,301,151,56,94,18.6047,31.2292
2736,300,152,60,88,20.0000,29.3333
2737,299,154,60,85,20.0669,28.4281
2738,301,159,60,82,19.9336,27.2425
2739,301,159,62,80,20.5980,26.5781
2740,300,157,62,81,20.6667,27.0000
2741,300,156,63,81,21.0000,27.0000
2742,299,153,66,80,22.0736,26.7559
2743,299,151,68,80,22.7425,26.7559
2744,301,152,67,82,22.2591,27.2425
2745,300,148,67,85,22.3333,28.3333
2746,300,148,72,80,24.0000,26.6667
2747,299,149,70,80,23.4114,26.7559
2748,299,150,71,78,23.7458,26.0870
2749,301,149,74,78,24.5847,25.9136
2750,299,146,76,77,25.4181,25.7525
2751,298,141,78,79,26.1745,26.5101
2752,300,141,75,84,25.0000,28.0000
2753,299,141,73,85,24.4147,28.4281
2754,298,142,70,86,23.4899,28.8591
2755,301,141,73,87,24.2525,28.9037
2756,301,139,74,88,24.5847,29.2359
2757,299,138,71,90,23.7458,30.1003
2758,303,136,78,89,25.7426,29.3729
2759,303,124,91,88,30.0330,29.0429
2760,302,123,91,88,30.1325,29.1391
2761,301,111,101,89,33.5548,29.5681
2762,300,107,104,89,34.6667,29.6667
2763,300,101,108,91,36.0000,30.3333
2764,300,100,109,91,36.3333,30.3333
2765,298,96,110,92,36.9128,30.8725
2766,300,95,110,95,36.6667,31.6667
2767,300,92,111,97,37.0000,32.3333
2768,299,93,109,97,36.4548,32.4415
2769,299,93,108,98,36.1204,32.7759
2770,299,92,109,98,36.4548,32.7759
2771,302,95,105,102,34.7682,33.7748
2772,302,90,103,109,34.1060,36.0927
2773,300,87,103,110,34.3333,36.6667
2774,300,84,106,110,35.3333,36.6667
2775,299,82,104,113,34.7826,37.7926
2776,300,78,108,114,36.0000,38.0000
2777,299,76,112,111,37.4582,37.1237
2778,301,78,107,116,35.5482,38.5382
2779,298,75,98,125,32.8859,41.9463
2780,296,74,94,128,31.7568,43.2432
2781,294,75,88,131,29.9320,44.5578
2782,292,74,82,136,28.0822,46.5753
2783,289,73,75,141,25.9516,48.7889
2784,288,73,72,143,25.0000,49.6528
2785,287,72,73,142,25.4355,49.4774
2786,289,74,68,147,23.5294,50.8651
2787,290,77,64,149,22.0690,51.3793
2788,289,75,63,151,21.7993,52.2491
2789,290,76,61,153,21.0345,52.7586
2790,293,76,63,154,21.5017,52.5597
2791,293,73,63,157,21.5017,53.5836
2792,292,73,65,154,22.2603,52.7397
2793,292,71,63,158,21.5753,54.1096
2794,292,72,63,157,21.5753,53.7671
2795,295,72,61,162,20.6780,54.9153
2796,299,78,61,160,20.4013,53.5117
2797,296,82,52,162,17.5676,54.7297
2798,296,78,54,164,18.2432,55.4054
2799,298,80,55,163,18.4564,54.6980
2800,303,87,49,167,16.1716,55.1155
2801,302,87,47,168,15.5629,55.6291
2802,301,83,51,167,16.9435,55.4817
2803,299,89,48,162,16.0535,54.1806
2804,301,97,45,159,14.9502,52.8239
2805,301,94,46,161,15.2824,53.4884
2806,301,95,48,158,15.9468,52.4917
2807,301,93,51,157,16.9435,52.1595
2808,301,91,53,157,17.6080,52.1595
2809,301,91,53,157,17.6080,52.1595
2810,299,91,50,158,16.7224,52.8428
2811,300,95,48,157,16.0000,52.3333
2812,300,98,45,157,15.0000,52.3333
2813,300,96,46,158,15.3333,52.6667
2814,298,96,45,157,15.1007,52.6846
2815,299,99,45,155,15.0502,51.8395
2816,300,102,44,154,14.6667,51.3333
2817,300,104,44,152,14.6667,50.6667
2818,298,104,46,148,15.4362,49.6644
2819,298,104,46,148,15.4362,49.6644
2820,300,106,47,147,15.6667,49.0000
2821,300,104,52,144,17.3333,48.0000
2822,300,103,51,146,17.0000,48.6667
2823,299,106,49,144,16.3880,48.1605
2824,301,114,51,136,16.9435,45.1827
2825,300,112,50,138,16.6667,46.0000
2826,299,110,52,137,17.3913,45.8194
2827,301,111,54,136,17.9402,45.1827
2828,299,109,54,136,18.0602,45.4849
2829,300,106,54,140,18.0000,46.6667
2830,300,109,55,136,18.3333,45.3333
2831,299,114,57,128,19.0635,42.8094
2832,303,123,58,122,19.1419,40.2640
2833,302,128,59,115,19.5364,38.0795
2834,299,133,55,111,18.3946,37.1237
2835,300,141,52,107,17.3333,35.6667
2836,300,141,55,104,18.3333,34.6667
2837,300,140,56,104,18.6667,34.6667
2838,298,143,55,100,18.4564,33.5570
2839,297,140,56,101,18.8552,34.0067
2840,298,140,56,102,18.7919,34.2282
2841,301,144,55,102,18.2724,33.8870
2842,300,140,59,101,19.6667,33.6667
2843,300,141,60,99,20.0000,33.0000
2844,300,139,60,101,20.0000,33.6667
2845,300,140,60,100,20.0000,33.3333
2846,300,137,63,100,21.0000,33.3333
2847,299,136,66,97,22.0736,32.4415
2848,298,133,66,99,22.1477,33.2215
2849,298,136,69,93,23.1544,31.2081
2850,297,132,71,94,23.9057,31.6498
2851,298,128,76,94,25.5034,31.5436
2852,300,128,81,91,27.0000,30.3333
2853,300,127,81,92,27.0000,30.6667
2854,300,124,85,91,28.3333,30.3333
2855,300,120,89,91,29.6667,30.3333
2856,300,117,93,90,31.0000,30.0000
2857,300,117,94,89,31.3333,29.6667
2858,300,111,99,90,33.0000,30.0000
2859,298,106,99,93,33.2215,31.2081
2860,303,106,103,94,33.9934,31.0231
2861,303,102,104,97,34.3234,32.0132
2862,302,102,103,97,34.1060,32.1192
2863,301,96,106,99,35.2159,32.8904
2864,300,93,110,97,36.6667,32.3333
2865,299,91,111,97,37.1237,32.4415
2866,299,91,111,97,37.1237,32.4415
2867,301,90,111,100,36.8771,33.2226
2868,300,90,105,105,35.0000,35.0000
2869,299,91,99,109,33.1104,36.4548
2870,302,91,100,111,33.1126,36.7550
2871,298,90,95,113,31.8792,37.9195
2872,298,88,93,117,31.2081,39.2617
2873,296,89,87,120,29.3919,40.5405
2874,294,90,85,119,28.9116,40.4762
2875,295,92,83,120,28.1356,40.6780
2876,296,91,80,125,27.0270,42.2297
2877,299,95,77,127,25.7525,42.4749
2878,303,96,76,131,25.0825,43.2343
2879,301,94,75,132,24.9169,43.8538
2880,298,93,70,135,23.4899,45.3020
2881,302,99,67,136,22.1854,45.0331
2882,301,98,65,138,21.5947,45.8472
2883,300,99,61,140,20.3333,46.6667
2884,300,96,59,145,19.6667,48.3333
2885,298,94,53,151,17.7852,50.6711
2886,300,99,48,153,16.0000,51.0000
2887,300,99,46,155,15.3333,51.6667
2888,299,97,48,154,16.0535,51.5050
2889,304,102,47,155,15.4605,50.9868
2890,303,100,48,155,15.8416,51.1551
2891,302,101,46,155,15.2318,51.3245
2892,302,102,47,153,15.5629,50.6623
2893,302,104,44,154,14.5695,50.9934
2894,301,102,45,154,14.9502,51.1628
2895,301,102,45,154,14.9502,51.1628
2896,301,103,43,155,14.2857,51.4950
2897,301,105,43,153,14.2857,50.8306
2898,299,105,39,155,13.0435,51.8395
2899,301,110,35,156,11.6279,51.8272
2900,301,111,37,153,12.2924,50.8306
2901,300,111,33,156,11.0000,52.0000
2902,298,113,32,153,10.7383,51.3423
2903,301,115,33,153,10.9635,50.8306
2904,301,115,34,152,11.2957,50.4983
2905,300,116,34,150,11.3333,50.0000
2906,300,116,32,152,10.6667,50.6667
2907,300,115,34,151,11.3333,50.3333
2908,298,114,33,151,11.0738,50.6711
2909,299,117,33,149,11.0368,49.8328
2910,301,121,29,151,9.6346,50.1661
2911,301,123,29,149,9.6346,49.5017
2912,300,125,28,147,9.3333,49.0000
2913,299,130,26,143,8.6957,47.8261
2914,301,133,26,142,8.6379,47.1761
2915,301,133,28,140,9.3023,46.5116
2916,301,134,27,140,8.9701,46.5116
2917,300,137,25,138,8.3333,46.0000
2918,300,137,26,137,8.6667,45.6667
2919,300,138,28,134,9.3333,44.6667
2920,300,142,29,129,9.6667,43.0000
2921,300,144,31,125,10.3333,41.6667
2922,300,145,31,124,10.3333,41.3333
2923,299,148,32,119,10.7023,39.7993
2924,304,154,35,115,11.5132,37.8289
2925,303,154,35,114,11.5512,37.6238
2926,303,153,37,113,12.2112,37.2937
2927,302,156,37,109,12.2517,36.0927
2928,301,156,39,106,12.9568,35.2159
2929,299,159,39,101,13.0435,33.7793
2930,300,162,41,97,13.6667,32.3333
2931,300,163,43,94,14.3333,31.3333
2932,300,166,44,90,14.6667,30.0000
2933,300,165,49,86,16.3333,28.6667
2934,300,164,52,84,17.3333,28.0000
2935,300,164,53,83,17.6667,27.6667
2936,300,167,53,80,17.6667,26.6667
2937,300,168,58,74,19.3333,24.6667
2938,300,169,61,70,20.3333,23.3333
2939,300,167,65,68,21.6667,22.6667
2940,300,162,66,72,22.0000,24.0000
2941,298,161,66,71,22.1477,23.8255
2942,300,159,69,72,23.0000,24.0000
2943,299,153,76,70,25.4181,23.4114
2944,302,154,77,71,25.4967,23.5099
2945,300,149,81,70,27.0000,23.3333
2946,300,145,84,71,28.0000,23.6667
2947,300,142,87,71,29.0000,23.6667
2948,299,140,89,70,29.7659,23.4114
2949,300,135,92,73,30.6667,24.3333
2950,299,134,95,70,31.7726,23.4114
2951,301,135,99,67,32.8904,22.2591
2952,301,133,99,69,32.8904,22.9236
2953,300,129,102,69,34.0000,23.0000
2954,300,125,98,77,32.6667,25.6667
2955,300,120,103,77,34.3333,25.6667
2956,299,116,106,77,35.4515,25.7525
2957,298,108,110,80,36.9128,26.8456
2958,299,105,113,81,37.7926,27.0903
2959,299,100,114,85,38.1271,28.4281
2960,299,98,112,89,37.4582,29.7659
2961,297,95,112,90,37.7104,30.3030
2962,297,89,118,90,39.7306,30.3030
2963,298,86,119,93,39.9329,31.2081
2964,297,79,120,98,40.4040,32.9966
2965,300,78,122,100,40.6667,33.3333
2966,298,76,119,103,39.9329,34.5638
2967,301,78,115,108,38.2060,35.8804
2968,300,73,117,110,39.0000,36.6667
2969,299,73,112,114,37.4582,38.1271
2970,297,74,106,117,35.6902,39.3939
2971,296,73,105,118,35.4730,39.8649
2972,295,75,103,117,34.9153,39.6610
2973,296,75,99,122,33.4459,41.2162
2974,296,75,99,122,33.4459,41.2162
2975,296,72,96,128,32.4324,43.2432
2976,295,71,94,130,31.8644,44.0678
2977,297,74,90,133,30.3030,44.7811
2978,299,77,81,141,27.0903,47.1572
2979,302,76,82,144,27.1523,47.6821
2980,301,74,81,146,26.9103,48.5050
2981,300,71,78,151,26.0000,50.3333
2982,300,70,72,158,24.0000,52.6667
2983,298,70,65,163,21.8121,54.6980
2984,302,73,62,167,20.5298,55.2980
2985,298,72,54,172,18.1208,57.7181
2986,302,78,49,175,16.2252,57.9470
2987,301,77,50,174,16.6113,57.8073
2988,298,77,46,175,15.4362,58.7248
2989,300,77,46,177,15.3333,59.0000
2990,299,75,46,178,15.3846,59.5318
2991,299,76,46,177,15.3846,59.1973
2992,304,85,44,175,14.4737,57.5658
2993,303,85,43,175,14.1914,57.7558
2994,302,84,44,174,14.5695,57.6159
2995,299,84,41,174,13.7124,58.1940
2996,302,88,42,172,13.9073,56.9536
2997,301,90,40,171,13.2890,56.8106
2998,301,90,38,173,12.6246,57.4751
2999,301,90,37,174,12.2924,57.8073
3000,299,91,33,175,11.0368,58.5284
3001,303,98,32,173,10.5611,57.0957
3002,303,95,33,175,10.8911,57.7558
3003,302,96,32,174,10.5960,57.6159
3004,302,98,30,174,9.9338,57.6159
3005,302,100,30,172,9.9338,56.9536
3006,301,108,29,164,9.6346,54.4850
3007,301,108,28,165,9.3023,54.8173
3008,301,109,27,165,8.9701,54.8173
3009,300,113,24,163,8.0000,54.3333
3010,300,115,22,163,7.3333,54.3333
3011,300,116,23,161,7.6667,53.6667
3012,299,122,22,155,7.3579,51.8395
3013,301,125,23,153,7.6412,50.8306
3014,301,126,23,152,7.6412,50.4983
3015,300,129,21,150,7.0000,50.0000
3016,300,134,22,144,7.3333,48.0000
3017,299,135,22,142,7.3579,47.4916
3018,304,143,24,137,7.8947,45.0658
3019,304,145,26,133,8.5526,43.7500
3020,304,148,24,132,7.8947,43.4211
3021,304,151,24,129,7.8947,42.4342
3022,303,153,25,125,8.2508,41.2541
3023,302,155,23,124,7.6159,41.0596
3024,302,156,23,123,7.6159,40.7285
3025,301,159,25,117,8.3056,38.8704
3026,301,160,25,116,8.3056,38.5382
3027,301,163,28,110,9.3023,36.5449
3028,301,163,30,108,9.9668,35.8804
3029,301,166,32,103,10.6312,34.2193
3030,301,169,38,94,12.6246,31.2292
3031,301,169,39,93,12.9568,30.8970
3032,301,169,41,91,13.6213,30.2326
3033,301,169,46,86,15.2824,28.5714
3034,301,173,48,80,15.9468,26.5781
3035,300,177,46,77,15.3333,25.6667
3036,300,174,54,72,18.0000,24.0000
3037,300,176,57,67,19.0000,22.3333
3038,300,169,64,67,21.3333,22.3333
3039,300,168,64,68,21.3333,22.6667
3040,300,167,66,67,22.0000,22.3333
3041,300,163,71,66,23.6667,22.0000
3042,300,164,68,68,22.6667,22.6667
3043,300,158,75,67,25.0000,22.3333
3044,300,156,79,65,26.3333,21.6667
3045,300,152,83,65,27.6667,21.6667
3046,299,148,86,65,28.7625,21.7391
3047,302,147,89,66,29.4702,21.8543
3048,302,139,95,68,31.4570,22.5166
3049,302,136,98,68,32.4503,22.5166
3050,302,138,96,68,31.7881,22.5166
3051,301,128,103,70,34.2193,23.2558
3052,300,121,111,68,37.0000,22.6667
3053,298,119,108,71,36.2416,23.8255
3054,299,115,114,70,38.1271,23.4114
3055,303,111,119,73,39.2739,24.0924
3056,302,104,123,75,40.7285,24.8344
3057,301,102,119,80,39.5349,26.5781
3058,301,93,122,86,40.5316,28.5714
3059,298,90,121,87,40.6040,29.1946
3060,298,87,123,88,41.2752,29.5302
3061,299,87,122,90,40.8027,30.1003
3062,298,89,121,88,40.6040,29.5302
3063,298,85,126,87,42.2819,29.1946
3064,300,83,123,94,41.0000,31.3333
3065,299,77,126,96,42.1405,32.1070
3066,298,75,123,100,41.2752,33.5570
3067,298,74,122,102,40.9396,34.2282
3068,298,69,121,108,40.6040,36.2416
3069,301,68,123,110,40.8638,36.5449
3070,298,65,120,113,40.2685,37.9195
3071,295,65,114,116,38.6441,39.3220
3072,294,67,108,119,36.7347,40.4762
3073,292,68,100,124,34.2466,42.4658
3074,295,68,99,128,33.5593,43.3898
3075,295,62,97,136,32.8814,46.1017
3076,295,57,94,144,31.8644,48.8136
3077,296,55,94,147,31.7568,49.6622
3078,294,51,91,152,30.9524,51.7007
3079,297,55,85,157,28.6195,52.8620
3080,298,53,85,160,28.5235,53.6913
3081,294,52,81,161,27.5510,54.7619
3082,295,53,78,164,26.4407,55.5932
3083,295,45,85,165,28.8136,55.9322
3084,294,46,79,169,26.8707,57.4830
3085,295,46,77,172,26.1017,58.3051
3086,296,48,72,176,24.3243,59.4595
3087,299,53,70,176,23.4114,58.8629
3088,297,53,61,183,20.5387,61.6162
3089,298,56,56,186,18.7919,62.4161
3090,299,63,53,183,17.7258,61.2040
3091,298,63,53,182,17.7852,61.0738
3092,299,66,52,181,17.3913,60.5351
3093,300,67,52,181,17.3333,60.3333
3094,300,70,49,181,16.3333,60.3333
3095,299,69,46,184,15.3846,61.5385
3096,298,71,39,188,13.0872,63.0872
3097,298,74,34,190,11.4094,63.7584
3098,301,78,33,190,10.9635,63.1229
3099,300,79,32,189,10.6667,63.0000
3100,300,79,34,187,11.3333,62.3333
3101,297,81,29,187,9.7643,62.9630
3102,301,88,28,185,9.3023,61.4618
3103,300,91,25,184,8.3333,61.3333
3104,298,92,19,187,6.3758,62.7517
3105,303,102,18,183,5.9406,60.3960
3106,303,102,17,184,5.6106,60.7261
3107,303,104,17,182,5.6106,60.0660
3108,303,107,18,178,5.9406,58.7459
3109,303,113,18,172,5.9406,56.7657
3110,303,119,18,166,5.9406,54.7855
3111,303,121,18,164,5.9406,54.1254
3112,303,123,17,163,5.6106,53.7954
3113,303,126,17,160,5.6106,52.8053
3114,303,122,21,160,6.9307,52.8053
3115,303,123,21,159,6.9307,52.4752
3116,303,130,20,153,6.6007,50.4950
3117,303,129,22,152,7.2607,50.1650
3118,303,133,22,148,7.2607,48.8449
3119,303,136,22,145,7.2607,47.8548
3120,303,142,21,140,6.9307,46.2046
3121,303,142,22,139,7.2607,45.8746
3122,303,145,21,137,6.9307,45.2145
3123,303,150,20,133,6.6007,43.8944
3124,303,155,19,129,6.2706,42.5743
3125,303,161,20,122,6.6007,40.2640
3126,303,162,23,118,7.5908,38.9439
3127,303,171,22,110,7.2607,36.3036
3128,303,175,24,104,7.9208,34.3234
3129,303,175,27,101,8.9109,33.3333
3130,303,180,27,96,8.9109,31.6832
3131,303,183,29,91,9.5710,30.0330
3132,302,187,28,87,9.2715,28.8079
3133,302,187,29,86,9.6026,28.4768
3134,302,186,30,86,9.9338,28.4768
3135,302,184,32,86,10.5960,28.4768
3136,302,188,34,80,11.2583,26.4901
3137,300,183,40,77,13.3333,25.6667
3138,299,183,42,74,14.0468,24.7492
3139,302,180,50,72,16.5563,23.8411
3140,302,181,55,66,18.2119,21.8543
3141,302,181,57,64,18.8742,21.1921
3142,301,178,60,63,19.9336,20.9302
3143,301,175,64,62,21.2625,20.5980
3144,301,171,69,61,22.9236,20.2658
3145,301,167,73,61,24.2525,20.2658
3146,301,167,74,60,24.5847,19.9336
3147,301,163,80,58,26.5781,19.2691
3148,300,161,85,54,28.3333,18.0000
3149,300,159,86,55,28.6667,18.3333
3150,299,154,90,55,30.1003,18.3946
3151,302,148,98,56,32.4503,18.5430
3152,302,142,104,56,34.4371,18.5430
3153,302,139,109,54,36.0927,17.8808
3154,302,136,112,54,37.0861,17.8808
3155,301,127,119,55,39.5349,18.2724
3156,298,127,120,51,40.2685,17.1141
3157,300,125,122,53,40.6667,17.6667
3158,298,120,123,55,41.2752,18.4564
3159,298,117,120,61,40.2685,20.4698
3160,301,113,121,67,40.1993,22.2591
3161,301,110,120,71,39.8671,23.5880
3162,299,100,126,73,42.1405,24.4147
3163,298,102,121,75,40.6040,25.1678
3164,299,102,119,78,39.7993,26.0870
3165,299,98,120,81,40.1338,27.0903
3166,300,94,124,82,41.3333,27.3333
3167,298,89,122,87,40.9396,29.1946
3168,298,85,124,89,41.6107,29.8658
3169,297,80,126,91,42.4242,30.6397
3170,294,82,121,91,41.1565,30.9524
3171,292,78,122,92,41.7808,31.5068
3172,291,80,114,97,39.1753,33.3333
3173,293,80,111,102,37.8840,34.8123
3174,294,77,115,102,39.1156,34.6939
3175,293,72,115,106,39.2491,36.1775
3176,291,69,112,110,38.4880,37.8007
3177,288,62,111,115,38.5417,39.9306
3178,288,62,108,118,37.5000,40.9722
3179,290,65,103,122,35.5172,42.0690
3180,286,64,99,123,34.6154,43.0070
3181,285,60,99,126,34.7368,44.2105
3182,286,60,93,133,32.5175,46.5035
3183,287,60,93,134,32.4042,46.6899
3184,288,59,93,136,32.2917,47.2222
3185,290,59,92,139,31.7241,47.9310
3186,291,62,86,143,29.5533,49.1409
3187,291,65,81,145,27.8351,49.8282
3188,289,61,81,147,28.0277,50.8651
3189,292,62,75,155,25.6849,53.0822
3190,293,65,73,155,24.9147,52.9010
3191,295,63,73,159,24.7458,53.8983
3192,294,62,68,164,23.1293,55.7823
3193,294,60,71,163,24.1497,55.4422
3194,294,59,67,168,22.7891,57.1429
3195,294,60,62,172,21.0884,58.5034
3196,293,58,56,179,19.1126,61.0922
3197,292,55,55,182,18.8356,62.3288
3198,294,57,55,182,18.7075,61.9048
3199,295,57,56,182,18.9831,61.6949
3200,295,57,56,182,18.9831,61.6949
3201,301,65,54,182,17.9402,60.4651
3202,300,62,52,186,17.3333,62.0000
3203,300,61,52,187,17.3333,62.3333
3204,300,60,53,187,17.6667,62.3333
3205,300,58,52,190,17.3333,63.3333
3206,300,59,51,190,17.0000,63.3333
3207,299,60,53,186,17.7258,62.2074
3208,300,60,55,185,18.3333,61.6667
3209,300,62,51,187,17.0000,62.3333
3210,300,65,49,186,16.3333,62.0000
3211,300,68,52,180,17.3333,60.0000
3212,298,72,49,177,16.4430,59.3960
3213,301,78,48,175,15.9468,58.1395
3214,301,78,47,176,15.6146,58.4718
3215,301,80,46,175,15.2824,58.1395
3216,301,82,47,172,15.6146,57.1429
3217,298,84,43,171,14.4295,57.3826
3218,302,88,42,172,13.9073,56.9536
3219,302,92,41,169,13.5762,55.9603
3220,300,93,40,167,13.3333,55.6667
3221,299,88,46,165,15.3846,55.1839
3222,301,93,45,163,14.9502,54.1528
3223,300,94,41,165,13.6667,55.0000
3224,300,99,39,162,13.0000,54.0000
3225,299,105,39,155,13.0435,51.8395
3226,301,106,40,155,13.2890,51.4950
3227,300,109,39,152,13.0000,50.6667
3228,300,114,38,148,12.6667,49.3333
3229,300,118,37,145,12.3333,48.3333
3230,300,118,39,143,13.0000,47.6667
3231,299,118,40,141,13.3779,47.1572
3232,303,125,37,141,12.2112,46.5347
3233,303,126,39,138,12.8713,45.5446
3234,303,132,39,132,12.8713,43.5644
3235,303,131,39,133,12.8713,43.8944
3236,302,133,37,132,12.2517,43.7086
3237,301,135,36,130,11.9601,43.1894
3238,301,142,34,125,11.2957,41.5282
3239,301,146,34,121,11.2957,40.1993
3240,301,147,33,121,10.9635,40.1993
3241,300,155,26,119,8.6667,39.6667
3242,299,157,24,118,8.0268,39.4649
3243,303,164,24,115,7.9208,37.9538
3244,303,167,27,109,8.9109,35.9736
3245,303,164,29,110,9.5710,36.3036
3246,303,169,28,106,9.2409,34.9835
3247,303,171,29,103,9.5710,33.9934
3248,302,176,29,97,9.6026,32.1192
3249,302,180,28,94,9.2715,31.1258
3250,301,180,28,93,9.3023,30.8970
3251,299,178,27,94,9.0301,31.4381
3252,300,178,26,96,8.6667,32.0000
3253,300,179,29,92,9.6667,30.6667
3254,300,182,29,89,9.6667,29.6667
3255,300,185,27,88,9.0000,29.3333
3256,300,181,30,89,10.0000,29.6667
3257,300,182,32,86,10.6667,28.6667
3258,300,182,33,85,11.0000,28.3333
3259,300,180,35,85,11.6667,28.3333
3260,299,179,34,86,11.3712,28.7625
3261,301,184,36,81,11.9601,26.9103
3262,301,186,37,78,12.2924,25.9136
3263,300,184,39,77,13.0000,25.6667
3264,300,184,42,74,14.0000,24.6667
3265,299,184,40,75,13.3779,25.0836
3266,301,188,39,74,12.9568,24.5847
3267,301,189,38,74,12.6246,24.5847
3268,301,186,42,73,13.9535,24.2525
3269,301,187,42,72,13.9535,23.9203
3270,301,188,42,71,13.9535,23.5880
3271,301,183,49,69,16.2791,22.9236
3272,300,179,50,71,16.6667,23.6667
3273,298,172,55,71,18.4564,23.8255
3274,298,170,56,72,18.7919,24.1611
3275,303,176,59,68,19.4719,22.4422
3276,303,173,64,66,21.1221,21.7822
3277,302,172,61,69,20.1987,22.8477
3278,302,170,62,70,20.5298,23.1788
3279,302,167,65,70,21.5232,23.1788
3280,302,163,69,70,22.8477,23.1788
3281,302,162,71,69,23.5099,22.8477
3282,302,161,71,70,23.5099,23.1788
3283,302,160,74,68,24.5033,22.5166
3284,302,159,73,70,24.1722,23.1788
3285,301,150,81,70,26.9103,23.2558
3286,301,150,79,72,26.2458,23.9203
3287,301,146,84,71,27.9070,23.5880
3288,299,144,84,71,28.0936,23.7458
3289,299,139,87,73,29.0970,24.4147
3290,301,138,91,72,30.2326,23.9203
3291,300,135,91,74,30.3333,24.6667
3292,299,133,88,78,29.4314,26.0870
3293,304,141,86,77,28.2895,25.3289
3294,301,140,82,79,27.2425,26.2458
3295,300,138,83,79,27.6667,26.3333
3296,298,135,81,82,27.1812,27.5168
3297,296,132,82,82,27.7027,27.7027
3298,299,132,85,82,28.4281,27.4247
3299,301,134,83,84,27.5748,27.9070
3300,300,129,83,88,27.6667,29.3333
3301,299,126,83,90,27.7592,30.1003
3302,300,122,87,91,29.0000,30.3333
3303,300,118,92,90,30.6667,30.0000
3304,299,116,91,92,30.4348,30.7692
3305,300,115,85,100,28.3333,33.3333
3306,299,113,85,101,28.4281,33.7793
3307,300,115,84,101,28.0000,33.6667
3308,297,111,84,102,28.2828,34.3434
3309,299,111,84,104,28.0936,34.7826
3310,302,113,78,111,25.8278,36.7550
3311,298,111,75,112,25.1678,37.5839
3312,297,107,78,112,26.2626,37.7104
3313,300,107,78,115,26.0000,38.3333
3314,299,103,79,117,26.4214,39.1304
3315,302,104,80,118,26.4901,39.0728
3316,300,101,77,122,25.6667,40.6667
3317,300,102,79,119,26.3333,39.6667
3318,299,103,72,124,24.0803,41.4716
3319,299,100,75,124,25.0836,41.4716
3320,302,101,75,126,24.8344,41.7219
3321,302,97,75,130,24.8344,43.0464
3322,302,97,72,133,23.8411,44.0397
3323,297,94,67,136,22.5589,45.7912
3324,297,95,65,137,21.8855,46.1279
3325,296,94,66,136,22.2973,45.9459
3326,297,92,66,139,22.2222,46.8013
3327,298,91,67,140,22.4832,46.9799
3328,298,85,70,143,23.4899,47.9866
3329,298,85,72,141,24.1611,47.3154
3330,301,88,72,141,23.9203,46.8439
3331,301,90,70,141,23.2558,46.8439
3332,301,86,71,144,23.5880,47.8405
3333,300,84,68,148,22.6667,49.3333
3334,300,84,67,149,22.3333,49.6667
3335,300,85,65,150,21.6667,50.0000
3336,300,89,64,147,21.3333,49.0000
3337,299,86,64,149,21.4047,49.8328
3338,300,89,64,147,21.3333,49.0000
3339,297,87,62,148,20.8754,49.8316
3340,297,84,63,150,21.2121,50.5051
3341,299,87,60,152,20.0669,50.8361
3342,301,90,59,152,19.6013,50.4983
3343,300,92,57,151,19.0000,50.3333
3344,299,92,61,146,20.4013,48.8294
3345,301,98,57,146,18.9369,48.5050
3346,301,99,57,145,18.9369,48.1728
3347,301,97,56,148,18.6047,49.1694
3348,300,98,55,147,18.3333,49.0000
3349,296,99,50,147,16.8919,49.6622
3350,296,98,46,152,15.5405,51.3514
3351,299,102,48,149,16.0535,49.8328
3352,299,106,49,144,16.3880,48.1605
3353,299,108,45,146,15.0502,48.8294
3354,304,116,42,146,13.8158,48.0263
3355,304,115,44,145,14.4737,47.6974
3356,304,115,47,142,15.4605,46.7105
3357,303,121,48,134,15.8416,44.2244
3358,301,121,49,131,16.2791,43.5216
3359,301,121,48,132,15.9468,43.8538
3360,300,119,50,131,16.6667,43.6667
3361,299,119,46,134,15.3846,44.8161
3362,299,126,47,126,15.7191,42.1405
3363,301,126,50,125,16.6113,41.5282
3364,301,125,50,126,16.6113,41.8605
3365,298,122,50,126,16.7785,42.2819
3366,299,122,52,125,17.3913,41.8060
3367,299,118,55,126,18.3946,42.1405
3368,299,121,55,123,18.3946,41.1371
3369,301,121,55,125,18.2724,41.5282
3370,300,123,59,118,19.6667,39.3333
3371,300,122,60,118,20.0000,39.3333
3372,300,124,56,120,18.6667,40.0000
3373,300,130,54,116,18.0000,38.6667
3374,300,134,55,111,18.3333,37.0000
3375,300,133,58,109,19.3333,36.3333
3376,300,135,56,109,18.6667,36.3333
3377,300,128,61,111,20.3333,37.0000
3378,300,128,61,111,20.3333,37.0000
3379,300,122,68,110,22.6667,36.6667
3380,300,124,65,111,21.6667,37.0000
3381,299,122,65,112,21.7391,37.4582
3382,302,125,65,112,21.5232,37.0861
3383,302,124,67,111,22.1854,36.7550
3384,301,124,67,110,22.2591,36.5449
3385,300,129,64,107,21.3333,35.6667
3386,299,125,67,107,22.4080,35.7860
3387,301,126,68,107,22.5914,35.5482
3388,299,125,64,110,21.4047,36.7893
3389,299,119,71,109,23.7458,36.4548
3390,302,120,71,111,23.5099,36.7550
3391,302,116,73,113,24.1722,37.4172
3392,302,116,74,112,24.5033,37.0861
3393,302,118,77,107,25.4967,35.4305
3394,302,117,78,107,25.8278,35.4305
3395,301,113,83,105,27.5748,34.8837
3396,298,110,82,106,27.5168,35.5705
3397,300,113,84,103,28.0000,34.3333
3398,299,113,81,105,27.0903,35.1171
3399,305,119,82,104,26.8852,34.0984
3400,304,111,85,108,27.9605,35.5263
3401,304,110,85,109,27.9605,35.8553
3402,303,113,86,104,28.3828,34.3234
3403,303,107,90,106,29.7030,34.9835
3404,302,102,91,109,30.1325,36.0927
3405,302,102,94,106,31.1258,35.0993
3406,302,98,95,109,31.4570,36.0927
3407,301,95,94,112,31.2292,37.2093
3408,299,91,96,112,32.1070,37.4582
3409,300,93,90,117,30.0000,39.0000
3410,299,89,90,120,30.1003,40.1338
3411,300,93,86,121,28.6667,40.3333
3412,300,92,84,124,28.0000,41.3333
3413,300,91,87,122,29.0000,40.6667
3414,298,89,86,123,28.8591,41.2752
3415,301,88,86,127,28.5714,42.1927
3416,298,88,82,128,27.5168,42.9530
3417,300,89,80,131,26.6667,43.6667
3418,300,88,81,131,27.0000,43.6667
3419,299,85,83,131,27.7592,43.8127
3420,296,86,73,137,24.6622,46.2838
3421,297,86,74,137,24.9158,46.1279
3422,299,87,73,139,24.4147,46.4883
3423,305,88,76,141,24.9180,46.2295
3424,304,85,77,142,25.3289,46.7105
3425,302,85,73,144,24.1722,47.6821
3426,302,83,69,150,22.8477,49.6689
3427,302,80,70,152,23.1788,50.3311
3428,301,81,70,150,23.2558,49.8339
3429,300,79,69,152,23.0000,50.6667
3430,299,81,68,150,22.7425,50.1672
3431,301,82,68,151,22.5914,50.1661
3432,301,82,72,147,23.9203,48.8372
3433,300,81,73,146,24.3333,48.6667
3434,297,80,70,147,23.5690,49.4949
3435,299,84,67,148,22.4080,49.4983
3436,304,91,67,146,22.0395,48.0263
3437,303,92,66,145,21.7822,47.8548
3438,303,93,63,147,20.7921,48.5149
3439,301,93,62,146,20.5980,48.5050
3440,301,96,61,144,20.2658,47.8405
3441,300,94,63,143,21.0000,47.6667
3442,299,91,66,142,22.0736,47.4916
3443,297,97,60,140,20.2020,47.1380
3444,295,97,57,141,19.3220,47.7966
3445,296,98,52,146,17.5676,49.3243
3446,295,96,53,146,17.9661,49.4915
3447,297,95,55,147,18.5185,49.4949
3448,298,97,51,150,17.1141,50.3356
3449,300,96,55,149,18.3333,49.6667
3450,300,99,51,150,17.0000,50.0000
3451,299,102,49,148,16.3880,49.4983
3452,302,110,47,145,15.5629,48.0132
3453,300,111,46,143,15.3333,47.6667
3454,300,110,45,145,15.0000,48.3333
3455,300,110,45,145,15.0000,48.3333
3456,300,108,48,144,16.0000,48.0000
3457,300,106,49,145,16.3333,48.3333
3458,299,110,49,140,16.3880,46.8227
3459,302,112,52,138,17.2185,45.6954
3460,301,112,50,139,16.6113,46.1794
3461,301,115,50,136,16.6113,45.1827
3462,299,117,45,137,15.0502,45.8194
3463,299,118,46,135,15.3846,45.1505
3464,300,120,49,131,16.3333,43.6667
3465,300,120,51,129,17.0000,43.0000
3466,298,118,50,130,16.7785,43.6242
3467,301,124,49,128,16.2791,42.5249
3468,301,121,53,127,17.6080,42.1927
3469,299,123,52,124,17.3913,41.4716
3470,302,125,53,124,17.5497,41.0596
3471,302,126,54,122,17.8808,40.3974
3472,302,133,54,115,17.8808,38.0795
3473,300,131,55,114,18.3333,38.0000
3474,300,132,55,113,18.3333,37.6667
3475,299,132,56,111,18.7291,37.1237
3476,303,139,56,108,18.4818,35.6436
3477,301,137,57,107,18.9369,35.5482
3478,301,136,62,103,20.5980,34.2193
3479,301,130,69,102,22.9236,33.8870
3480,299,128,69,102,23.0769,34.1137
3481,304,133,73,98,24.0132,32.2368
3482,304,127,79,98,25.9868,32.2368
3483,304,124,81,99,26.6447,32.5658
3484,303,118,84,101,27.7228,33.3333
3485,303,113,88,102,29.0429,33.6634
3486,303,111,89,103,29.3729,33.9934
3487,303,108,92,103,30.3630,33.9934
3488,303,105,93,105,30.6931,34.6535
3489,303,101,93,109,30.6931,35.9736
3490,302,103,90,109,29.8013,36.0927
3491,302,100,93,109,30.7947,36.0927
3492,302,101,94,107,31.1258,35.4305
3493,301,97,96,108,31.8937,35.8804
3494,301,97,96,108,31.8937,35.8804
3495,300,95,96,109,32.0000,36.3333
3496,300,92,99,109,33.0000,36.3333
3497,300,97,98,105,32.6667,35.0000
3498,298,94,96,108,32.2148,36.2416
3499,302,96,92,114,30.4636,37.7483
3500,301,96,88,117,29.2359,38.8704
3501,300,93,89,118,29.6667,39.3333
3502,298,94,86,118,28.8591,39.5973
3503,298,95,82,121,27.5168,40.6040
3504,298,95,80,123,26.8456,41.2752
3505,298,92,77,129,25.8389,43.2886
3506,301,97,76,128,25.2492,42.5249
3507,301,97,72,132,23.9203,43.8538
3508,300,95,72,133,24.0000,44.3333
3509,299,97,69,133,23.0769,44.4816
3510,297,93,67,137,22.5589,46.1279
3511,296,87,72,137,24.3243,46.2838
3512,296,88,72,136,24.3243,45.9459
3513,297,90,71,136,23.9057,45.7912
3514,297,91,73,133,24.5791,44.7811
3515,300,93,73,134,24.3333,44.6667
3516,298,91,70,137,23.4899,45.9732
3517,299,92,69,138,23.0769,46.1538
3518,300,90,72,138,24.0000,46.0000
3519,299,90,69,140,23.0769,46.8227
3520,300,92,67,141,22.3333,47.0000
3521,300,92,67,141,22.3333,47.0000
3522,299,89,65,145,21.7391,48.4950
3523,300,89,65,146,21.6667,48.6667
3524,298,87,61,150,20.4698,50.3356
3525,299,89,59,151,19.7324,50.5017
3526,300,92,56,152,18.6667,50.6667
3527,300,94,54,152,18.0000,50.6667
3528,300,91,56,153,18.6667,51.0000
3529,300,92,54,154,18.0000,51.3333
3530,299,91,56,152,18.7291,50.8361
3531,299,92,54,153,18.0602,51.1706
3532,301,98,49,154,16.2791,51.1628
3533,300,96,49,155,16.3333,51.6667
3534,299,97,49,153,16.3880,51.1706
3535,300,100,44,156,14.6667,52.0000
3536,299,102,42,155,14.0468,51.8395
3537,302,108,40,154,13.2450,50.9934
3538,302,110,40,152,13.2450,50.3311
3539,302,109,38,155,12.5828,51.3245
3540,301,109,39,153,12.9568,50.8306
3541,299,110,39,150,13.0435,50.1672
3542,300,114,40,146,13.3333,48.6667
3543,299,113,38,148,12.7090,49.4983
3544,301,113,40,148,13.2890,49.1694
3545,300,114,39,147,13.0000,49.0000
3546,300,114,41,145,13.6667,48.3333
3547,300,115,43,142,14.3333,47.3333
3548,298,116,42,140,14.0940,46.9799
3549,298,117,40,141,13.4228,47.3154
3550,303,126,38,139,12.5413,45.8746
3551,303,133,36,134,11.8812,44.2244
3552,302,140,34,128,11.2583,42.3841
3553,302,137,37,128,12.2517,42.3841
3554,302,140,38,124,12.5828,41.0596
3555,302,142,39,121,12.9139,40.0662
3556,302,145,40,117,13.2450,38.7417
3557,302,150,41,111,13.5762,36.7550
3558,302,150,43,109,14.2384,36.0927
3559,301,151,45,105,14.9502,34.8837
3560,301,151,46,104,15.2824,34.5515
3561,301,151,44,106,14.6179,35.2159
3562,301,151,46,104,15.2824,34.5515
3563,301,150,45,106,14.9502,35.2159
3564,301,146,49,106,16.2791,35.2159
3565,301,147,47,107,15.6146,35.5482
3566,301,145,50,106,16.6113,35.2159
3567,300,146,49,105,16.3333,35.0000
3568,298,147,48,103,16.1074,34.5638
3569,299,143,55,101,18.3946,33.7793
3570,302,144,57,101,18.8742,33.4437
3571,302,146,59,97,19.5364,32.1192
3572,302,144,64,94,21.1921,31.1258
3573,301,142,66,93,21.9269,30.8970
3574,299,144,64,91,21.4047,30.4348
3575,305,146,67,92,21.9672,30.1639
3576,303,145,70,88,23.1023,29.0429
3577,302,145,70,87,23.1788,28.8079
3578,301,140,76,85,25.2492,28.2392
3579,300,141,74,85,24.6667,28.3333
3580,299,142,72,85,24.0803,28.4281
3581,303,143,76,84,25.0825,27.7228
3582,302,139,76,87,25.1656,28.8079
3583,300,138,77,85,25.6667,28.3333
3584,300,137,80,83,26.6667,27.6667
3585,298,135,78,85,26.1745,28.5235
3586,298,133,78,87,26.1745,29.1946
3587,301,138,81,82,26.9103,27.2425
3588,301,131,87,83,28.9037,27.5748
3589,300,126,88,86,29.3333,28.6667
3590,299,120,91,88,30.4348,29.4314
3591,301,123,93,85,30.8970,28.2392
3592,300,116,94,90,31.3333,30.0000
3593,299,116,94,89,31.4381,29.7659
3594,302,119,92,91,30.4636,30.1325
3595,300,117,92,91,30.6667,30.3333
3596,298,114,92,92,30.8725,30.8725
3597,302,114,92,96,30.4636,31.7881
3598,301,110,91,100,30.2326,33.2226
3599,300,106,92,102,30.6667,34.0000
3600,299,104,93,102,31.1037,34.1137
3601,301,103,96,102,31.8937,33.8870
3602,299,102,93,104,31.1037,34.7826
3603,304,104,96,104,31.5789,34.2105
3604,302,103,94,105,31.1258,34.7682
3605,301,102,93,106,30.8970,35.2159
3606,299,98,94,107,31.4381,35.7860
3607,299,100,91,108,30.4348,36.1204
3608,301,97,92,112,30.5648,37.2093
3609,301,97,87,117,28.9037,38.8704
3610,301,95,78,128,25.9136,42.5249
3611,301,93,80,128,26.5781,42.5249
3612,301,91,77,133,25.5814,44.1860
3613,301,95,73,133,24.2525,44.1860
3614,301,93,75,133,24.9169,44.1860
3615,300,95,74,131,24.6667,43.6667
3616,298,94,69,135,23.1544,45.3020
3617,302,96,70,136,23.1788,45.0331
3618,302,95,69,138,22.8477,45.6954
3619,302,91,71,140,23.5099,46.3576
3620,301,87,73,141,24.2525,46.8439
3621,301,84,72,145,23.9203,48.1728
3622,300,85,67,148,22.3333,49.3333
3623,298,80,68,150,22.8188,50.3356
3624,298,81,65,152,21.8121,51.0067
3625,301,86,63,152,20.9302,50.4983
3626,300,89,59,152,19.6667,50.6667
3627,299,90,56,153,18.7291,51.1706
3628,305,95,54,156,17.7049,51.1475
3629,303,96,49,158,16.1716,52.1452
3630,303,92,53,158,17.4917,52.1452
3631,301,92,50,159,16.6113,52.8239
3632,301,88,55,158,18.2724,52.4917
3633,301,91,52,158,17.2757,52.4917
3634,300,91,52,157,17.3333,52.3333
3635,299,91,51,157,17.0569,52.5084
3636,299,92,50,157,16.7224,52.5084
3637,299,95,49,155,16.3880,51.8395
3638,306,102,47,157,15.3595,51.3072
3639,304,101,43,160,14.1447,52.6316
3640,303,103,39,161,12.8713,53.1353
3641,302,106,37,159,12.2517,52.6490
3642,302,107,37,158,12.2517,52.3179
3643,302,108,34,160,11.2583,52.9801
3644,302,114,32,156,10.5960,51.6556
3645,302,112,34,156,11.2583,51.6556
3646,302,114,35,153,11.5894,50.6623
3647,302,111,41,150,13.5762,49.6689
3648,302,111,41,150,13.5762,49.6689
3649,302,113,43,146,14.2384,48.3444
3650,302,112,48,142,15.8940,47.0199
3651,301,112,46,143,15.2824,47.5083
3652,300,112,42,146,14.0000,48.6667
3653,298,112,40,146,13.4228,48.9933
3654,300,116,41,143,13.6667,47.6667
3655,300,116,41,143,13.6667,47.6667
3656,300,116,44,140,14.6667,46.6667
3657,299,115,46,138,15.3846,46.1538
3658,302,118,46,138,15.2318,45.6954
3659,302,120,45,137,14.9007,45.3642
3660,302,122,47,133,15.5629,44.0397
3661,301,126,47,128,15.6146,42.5249
3662,301,135,47,119,15.6146,39.5349
3663,300,136,46,118,15.3333,39.3333
3664,300,139,50,111,16.6667,37.0000
3665,300,140,52,108,17.3333,36.0000
3666,300,138,55,107,18.3333,35.6667
3667,298,136,54,108,18.1208,36.2416
3668,298,141,53,104,17.7852,34.8993
3669,306,149,54,103,17.6471,33.6601
3670,305,146,56,103,18.3607,33.7705
3671,304,146,56,102,18.4211,33.5526
3672,304,145,58,101,19.0789,33.2237
3673,304,139,67,98,22.0395,32.2368
3674,304,140,67,97,22.0395,31.9079
3675,303,138,69,96,22.7723,31.6832
3676,302,135,72,95,23.8411,31.4570
3677,301,131,74,96,24.5847,31.8937
3678,301,127,78,96,25.9136,31.8937
3679,300,123,84,93,28.0000,31.0000
3680,298,123,85,90,28.5235,30.2013
3681,298,125,85,88,28.5235,29.5302
3682,299,125,85,89,28.4281,29.7659
3683,303,130,84,89,27.7228,29.3729
3684,303,125,91,87,30.0330,28.7129
3685,303,121,93,89,30.6931,29.3729
3686,302,120,92,90,30.4636,29.8013
3687,302,113,96,93,31.7881,30.7947
3688,301,107,99,95,32.8904,31.5615
3689,301,104,100,97,33.2226,32.2259
3690,299,102,103,94,34.4482,31.4381
3691,298,101,105,92,35.2349,30.8725
3692,298,99,106,93,35.5705,31.2081
3693,300,101,106,93,35.3333,31.0000
3694,295,98,103,94,34.9153,31.8644
3695,295,99,105,91,35.5932,30.8475
3696,295,100,102,93,34.5763,31.5254
3697,296,96,103,97,34.7973,32.7703
3698,297,96,99,102,33.3333,34.3434
3699,295,96,95,104,32.2034,35.2542
3700,294,93,97,104,32.9932,35.3741
3701,294,90,97,107,32.9932,36.3946
3702,296,90,98,108,33.1081,36.4865
3703,297,89,103,105,34.6801,35.3535
3704,300,90,104,106,34.6667,35.3333
3705,299,89,100,110,33.4448,36.7893
3706,300,88,99,113,33.0000,37.6667
3707,297,81,101,115,34.0067,38.7205
3708,298,81,95,122,31.8792,40.9396
3709,300,81,96,123,32.0000,41.0000
3710,298,75,99,124,33.2215,41.6107
3711,300,75,98,127,32.6667,42.3333
3712,298,72,96,130,32.2148,43.6242
3713,295,72,91,132,30.8475,44.7458
3714,296,76,87,133,29.3919,44.9324
3715,299,79,86,134,28.7625,44.8161
3716,299,79,81,139,27.0903,46.4883
3717,297,80,77,140,25.9259,47.1380
3718,300,81,77,142,25.6667,47.3333
3719,300,82,76,142,25.3333,47.3333
3720,299,81,75,143,25.0836,47.8261
3721,300,84,71,145,23.6667,48.3333
3722,299,84,70,145,23.4114,48.4950
3723,298,86,67,145,22.4832,48.6577
3724,296,85,63,148,21.2838,50.0000
3725,297,84,63,150,21.2121,50.5051
3726,296,87,61,148,20.6081,50.0000
3727,295,88,54,153,18.3051,51.8644
3728,298,86,58,154,19.4631,51.6779
3729,299,89,57,153,19.0635,51.1706
3730,298,92,52,154,17.4497,51.6779
3731,300,94,48,158,16.0000,52.6667
3732,298,93,44,161,14.7651,54.0268
3733,300,96,43,161,14.3333,53.6667
3734,300,97,41,162,13.6667,54.0000
3735,300,96,45,159,15.0000,53.0000
3736,299,96,41,162,13.7124,54.1806
3737,304,102,45,157,14.8026,51.6447
3738,301,104,43,154,14.2857,51.1628
3739,301,107,43,151,14.2857,50.1661
3740,300,109,42,149,14.0000,49.6667
3741,299,110,41,148,13.7124,49.4983
3742,301,110,42,149,13.9535,49.5017
3743,300,109,42,149,14.0000,49.6667
3744,299,110,44,145,14.7157,48.4950
3745,301,112,43,146,14.2857,48.5050
3746,300,113,44,143,14.6667,47.6667
3747,300,110,45,145,15.0000,48.3333
3748,298,114,40,144,13.4228,48.3221
3749,300,121,38,141,12.6667,47.0000
3750,300,122,40,138,13.3333,46.0000
3751,300,121,42,137,14.0000,45.6667
3752,300,119,45,136,15.0000,45.3333
3753,300,120,46,134,15.3333,44.6667
3754,300,116,50,134,16.6667,44.6667
3755,300,114,50,136,16.6667,45.3333
3756,300,117,50,133,16.6667,44.3333
3757,300,119,52,129,17.3333,43.0000
3758,299,120,52,127,17.3913,42.4749
3759,301,124,54,123,17.9402,40.8638
3760,300,126,58,116,19.3333,38.6667
3761,300,125,60,115,20.0000,38.3333
3762,300,126,57,117,19.0000,39.0000
3763,300,128,58,114,19.3333,38.0000
3764,298,129,59,110,19.7987,36.9128
3765,300,130,60,110,20.0000,36.6667
3766,299,131,58,110,19.3980,36.7893
3767,299,128,61,110,20.4013,36.7893
3768,299,131,62,106,20.7358,35.4515
3769,301,129,68,104,22.5914,34.5515
3770,300,125,72,103,24.0000,34.3333
3771,299,124,73,102,24.4147,34.1137
3772,304,126,76,102,25.0000,33.5526
3773,304,128,74,102,24.3421,33.5526
3774,302,126,74,102,24.5033,33.7748
3775,301,126,73,102,24.2525,33.8870
3776,301,122,81,98,26.9103,32.5581
3777,301,117,85,99,28.2392,32.8904
3778,300,113,89,98,29.6667,32.6667
3779,299,116,89,94,29.7659,31.4381
3780,300,116,91,93,30.3333,31.0000
3781,300,111,91,98,30.3333,32.6667
3782,300,110,95,95,31.6667,31.6667
3783,300,110,97,93,32.3333,31.0000
3784,298,108,97,93,32.5503,31.2081
3785,299,103,101,95,33.7793,31.7726
3786,302,103,105,94,34.7682,31.1258
3787,301,99,105,97,34.8837,32.2259
3788,299,98,102,99,34.1137,33.1104
3789,303,97,102,104,33.6634,34.3234
3790,301,93,99,109,32.8904,36.2126
3791,301,91,99,111,32.8904,36.8771
3792,300,87,98,115,32.6667,38.3333
3793,300,85,101,114,33.6667,38.0000
3794,300,82,103,115,34.3333,38.3333
3795,298,80,101,117,33.8926,39.2617
3796,298,76,104,118,34.8993,39.5973
3797,295,77,97,121,32.8814,41.0169
3798,294,74,93,127,31.6327,43.1973
3799,295,76,90,129,30.5085,43.7288
3800,295,77,92,126,31.1864,42.7119
3801,298,79,89,130,29.8658,43.6242
3802,295,77,88,130,29.8305,44.0678
3803,296,79,85,132,28.7162,44.5946
3804,298,79,83,136,27.8523,45.6376
3805,300,82,79,139,26.3333,46.3333
3806,298,80,76,142,25.5034,47.6510
3807,298,83,71,144,23.8255,48.3221
3808,298,82,71,145,23.8255,48.6577
3809,299,84,68,147,22.7425,49.1639
3810,296,83,67,146,22.6351,49.3243
3811,300,87,64,149,21.3333,49.6667
3812,298,87,62,149,20.8054,50.0000
3813,296,87,56,153,18.9189,51.6892
3814,296,87,60,149,20.2703,50.3378
3815,294,90,54,150,18.3673,51.0204
3816,292,85,55,152,18.8356,52.0548
3817,294,90,53,151,18.0272,51.3605
3818,295,93,50,152,16.9492,51.5254
3819,295,97,48,150,16.2712,50.8475
3820,295,98,47,150,15.9322,50.8475
3821,296,97,46,153,15.5405,51.6892
3822,299,102,42,155,14.0468,51.8395
3823,301,103,42,156,13.9535,51.8272
3824,301,104,43,154,14.2857,51.1628
3825,301,108,39,154,12.9568,51.1628
3826,301,107,40,154,13.2890,51.1628
3827,301,110,39,152,12.9568,50.4983
3828,298,109,37,152,12.4161,51.0067
3829,300,112,39,149,13.0000,49.6667
3830,298,112,36,150,12.0805,50.3356
3831,301,113,39,149,12.9568,49.5017
3832,301,110,43,148,14.2857,49.1694
3833,300,115,43,142,14.3333,47.3333
3834,299,112,44,143,14.7157,47.8261
3835,303,117,43,143,14.1914,47.1947
3836,303,117,44,142,14.5215,46.8647
3837,301,119,40,142,13.2890,47.1761
3838,301,116,43,142,14.2857,47.1761
3839,300,118,43,139,14.3333,46.3333
3840,299,119,46,134,15.3846,44.8161
3841,300,123,46,131,15.3333,43.6667
3842,300,126,45,129,15.0000,43.0000
3843,300,129,44,127,14.6667,42.3333
3844,300,132,45,123,15.0000,41.0000
3845,299,131,45,123,15.0502,41.1371
3846,301,136,45,120,14.9502,39.8671
3847,301,134,47,120,15.6146,39.8671
3848,301,132,51,118,16.9435,39.2027
3849,301,134,52,115,17.2757,38.2060
3850,301,140,52,109,17.2757,36.2126
3851,301,140,53,108,17.6080,35.8804
3852,299,137,51,111,17.0569,37.1237
3853,299,142,52,105,17.3913,35.1171
3854,299,143,50,106,16.7224,35.4515
3855,298,142,52,104,17.4497,34.8993
3856,299,144,55,100,18.3946,33.4448
3857,299,145,55,99,18.3946,33.1104
3858,298,146,57,95,19.1275,31.8792
3859,298,145,60,93,20.1342,31.2081
3860,299,145,61,93,20.4013,31.1037
3861,303,152,60,91,19.8020,30.0330
3862,303,146,64,93,21.1221,30.6931
3863,303,147,65,91,21.4521,30.0330
3864,302,145,66,91,21.8543,30.1325
3865,302,145,69,88,22.8477,29.1391
3866,302,140,74,88,24.5033,29.1391
3867,300,137,75,88,25.0000,29.3333
3868,300,134,79,87,26.3333,29.0000
3869,300,131,77,92,25.6667,30.6667
3870,300,130,81,89,27.0000,29.6667
3871,299,125,84,90,28.0936,30.1003
3872,301,126,83,92,27.5748,30.5648
3873,301,129,82,90,27.2425,29.9003
3874,301,125,88,88,29.2359,29.2359
3875,300,121,90,89,30.0000,29.6667
3876,299,116,91,92,30.4348,30.7692
3877,303,122,90,91,29.7030,30.0330
3878,303,119,94,90,31.0231,29.7030
3879,301,118,90,93,29.9003,30.8970
3880,300,114,88,98,29.3333,32.6667
3881,300,111,90,99,30.0000,33.0000
3882,300,108,91,101,30.3333,33.6667
3883,299,107,89,103,29.7659,34.4482
3884,300,109,86,105,28.6667,35.0000
3885,299,110,83,106,27.7592,35.4515
3886,299,108,82,109,27.4247,36.4548
3887,300,109,81,110,27.0000,36.6667
3888,298,104,82,112,27.5168,37.5839
3889,301,106,82,113,27.2425,37.5415
3890,299,99,85,115,28.4281,38.4615
3891,300,98,83,119,27.6667,39.6667
3892,299,96,80,123,26.7559,41.1371
3893,303,102,79,122,26.0726,40.2640
3894,302,104,72,126,23.8411,41.7219
3895,301,101,71,129,23.5880,42.8571
3896,301,100,68,133,22.5914,44.1860
3897,301,101,65,135,21.5947,44.8505
3898,298,99,62,137,20.8054,45.9732
3899,296,99,61,136,20.6081,45.9459
3900,299,101,62,136,20.7358,45.4849
3901,298,103,59,136,19.7987,45.6376
3902,295,102,57,136,19.3220,46.1017
3903,297,108,55,134,18.5185,45.1178
3904,301,112,57,132,18.9369,43.8538
3905,301,108,61,132,20.2658,43.8538
3906,301,108,62,131,20.5980,43.5216
3907,300,107,61,132,20.3333,44.0000
3908,300,105,61,134,20.3333,44.6667
3909,298,106,56,136,18.7919,45.6376
3910,301,107,52,142,17.2757,47.1761
3911,300,108,48,144,16.0000,48.0000
3912,299,110,44,145,14.7157,48.4950
3913,303,115,43,145,14.1914,47.8548
3914,303,116,45,142,14.8515,46.8647
3915,302,115,43,144,14.2384,47.6821
3916,302,113,43,146,14.2384,48.3444
3917,302,109,48,145,15.8940,48.0132
3918,301,110,46,145,15.2824,48.1728
3919,301,108,50,143,16.6113,47.5083
3920,301,104,50,147,16.6113,48.8372
3921,301,107,54,140,17.9402,46.5116
3922,300,107,52,141,17.3333,47.0000
3923,299,104,53,142,17.7258,47.4916
3924,303,110,54,139,17.8218,45.8746
3925,300,110,51,139,17.0000,46.3333
3926,298,108,51,139,17.1141,46.6443
3927,300,112,50,138,16.6667,46.0000
3928,300,114,49,137,16.3333,45.6667
3929,300,113,52,135,17.3333,45.0000
3930,300,112,52,136,17.3333,45.3333
3931,299,111,54,134,18.0602,44.8161
3932,304,120,53,131,17.4342,43.0921
3933,304,115,60,129,19.7368,42.4342
3934,304,117,60,127,19.7368,41.7763
3935,303,118,59,126,19.4719,41.5842
3936,303,119,59,125,19.4719,41.2541
3937,301,118,58,125,19.2691,41.5282
3938,301,122,56,123,18.6047,40.8638
3939,300,124,54,122,18.0000,40.6667
3940,299,126,51,122,17.0569,40.8027
3941,301,130,51,120,16.9435,39.8671
3942,300,132,51,117,17.0000,39.0000
3943,299,133,50,116,16.7224,38.7960
3944,302,137,51,114,16.8874,37.7483
3945,302,135,53,114,17.5497,37.7483
3946,302,138,55,109,18.2119,36.0927
3947,302,139,54,109,17.8808,36.0927
3948,302,142,56,104,18.5430,34.4371
3949,302,141,57,104,18.8742,34.4371
3950,300,142,53,105,17.6667,35.0000
3951,299,138,57,104,19.0635,34.7826
3952,303,139,56,108,18.4818,35.6436
3953,303,138,58,107,19.1419,35.3135
3954,301,132,59,110,19.6013,36.5449
3955,301,131,60,110,19.9336,36.5449
3956,301,128,63,110,20.9302,36.5449
3957,301,119,71,111,23.5880,36.8771
3958,300,117,72,111,24.0000,37.0000
3959,300,116,74,110,24.6667,36.6667
3960,299,113,79,107,26.4214,35.7860
3961,299,118,77,104,25.7525,34.7826
3962,300,118,83,99,27.6667,33.0000
3963,300,116,88,96,29.3333,32.0000
3964,298,116,87,95,29.1946,31.8792
3965,298,116,88,94,29.5302,31.5436
3966,298,115,87,96,29.1946,32.2148
3967,301,115,90,96,29.9003,31.8937
3968,300,114,89,97,29.6667,32.3333
3969,300,109,94,97,31.3333,32.3333
3970,299,103,97,99,32.4415,33.1104
3971,300,100,99,101,33.0000,33.6667
3972,297,101,97,99,32.6599,33.3333
3973,299,98,101,100,33.7793,33.4448
3974,299,98,98,103,32.7759,34.4482
3975,301,101,97,103,32.2259,34.2193
3976,301,96,100,105,33.2226,34.8837
3977,300,95,94,111,31.3333,37.0000
3978,300,93,93,114,31.0000,38.0000
3979,300,87,98,115,32.6667,38.3333
3980,299,86,97,116,32.4415,38.7960
3981,300,89,94,117,31.3333,39.0000
3982,299,89,91,119,30.4348,39.7993
3983,301,91,88,122,29.2359,40.5316
3984,300,88,86,126,28.6667,42.0000
3985,300,85,87,128,29.0000,42.6667
3986,298,83,87,128,29.1946,42.9530
3987,298,83,88,127,29.5302,42.6174
3988,297,81,84,132,28.2828,44.4444
3989,297,80,86,131,28.9562,44.1077
3990,295,82,80,133,27.1186,45.0847
3991,296,84,77,135,26.0135,45.6081
3992,297,88,72,137,24.2424,46.1279
3993,300,93,68,139,22.6667,46.3333
3994,299,92,64,143,21.4047,47.8261
3995,303,96,65,142,21.4521,46.8647
3996,302,94,63,145,20.8609,48.0132
3997,301,94,60,147,19.9336,48.8372
3998,301,95,58,148,19.2691,49.1694
3999,300,95,55,150,18.3333,50.0000
4000,299,95,49,155,16.3880,51.8395
4001,299,96,49,154,16.3880,51.5050
4002,301,100,49,152,16.2791,50.4983
4003,300,99,47,154,15.6667,51.3333
4004,299,102,45,152,15.0502,50.8361
4005,301,106,41,154,13.6213,51.1628
4006,301,110,39,152,12.9568,50.4983
4007,301,110,36,155,11.9601,51.4950
4008,299,110,33,156,11.0368,52.1739
4009,302,112,31,159,10.2649,52.6490
4010,301,112,31,158,10.2990,52.4917
4011,301,111,31,159,10.2990,52.8239
4012,301,111,30,160,9.9668,53.1561
4013,301,108,35,158,11.6279,52.4917
4014,301,107,37,157,12.2924,52.1595
4015,301,107,36,158,11.9601,52.4917
4016,301,105,37,159,12.2924,52.8239
4017,301,103,37,161,12.2924,53.4884
4018,301,101,41,159,13.6213,52.8239
4019,300,101,40,159,13.3333,53.0000
4020,300,102,41,157,13.6667,52.3333
4021,300,102,40,158,13.3333,52.6667
4022,300,105,39,156,13.0000,52.0000
4023,300,104,40,156,13.3333,52.0000
4024,300,104,43,153,14.3333,51.0000
4025,300,100,47,153,15.6667,51.0000
4026,299,102,49,148,16.3880,49.4983
4027,300,102,51,147,17.0000,49.0000
4028,300,102,51,147,17.0000,49.0000
4029,299,108,52,139,17.3913,46.4883
4030,300,110,55,135,18.3333,45.0000
4031,299,108,58,133,19.3980,44.4816
4032,303,112,60,131,19.8020,43.2343
4033,303,113,60,130,19.8020,42.9043
4034,300,114,58,128,19.3333,42.6667
4035,300,115,62,123,20.6667,41.0000
4036,300,119,63,118,21.0000,39.3333
4037,300,119,59,122,19.6667,40.6667
4038,299,120,55,124,18.3946,41.4716
4039,301,122,54,125,17.9402,41.5282
4040,301,123,55,123,18.2724,40.8638
4041,301,122,56,123,18.6047,40.8638
4042,301,122,61,118,20.2658,39.2027
4043,301,121,63,117,20.9302,38.8704
4044,301,122,67,112,22.2591,37.2093
4045,300,122,65,113,21.6667,37.6667
4046,299,125,64,110,21.4047,36.7893
4047,300,128,61,111,20.3333,37.0000
4048,297,132,59,106,19.8653,35.6902
4049,298,133,60,105,20.1342,35.2349
4050,299,134,60,105,20.0669,35.1171
4051,306,146,59,101,19.2810,33.0065
4052,306,143,62,101,20.2614,33.0065
4053,306,141,63,102,20.5882,33.3333
4054,306,139,63,104,20.5882,33.9869
4055,305,140,59,106,19.3443,34.7541
4056,305,135,65,105,21.3115,34.4262
4057,304,134,68,102,22.3684,33.5526
4058,304,134,69,101,22.6974,33.2237
4059,303,132,75,96,24.7525,31.6832
4060,302,122,84,96,27.8146,31.7881
4061,299,118,87,94,29.0970,31.4381
4062,302,120,89,93,29.4702,30.7947
4063,298,116,89,93,29.8658,31.2081
4064,299,110,92,97,30.7692,32.4415
4065,299,106,93,100,31.1037,33.4448
4066,300,99,98,103,32.6667,34.3333
4067,300,95,104,101,34.6667,33.6667
4068,300,93,109,98,36.3333,32.6667
4069,300,89,114,97,38.0000,32.3333
4070,300,86,114,100,38.0000,33.3333
4071,300,82,118,100,39.3333,33.3333
4072,297,80,115,102,38.7205,34.3434
4073,298,78,116,104,38.9262,34.8993
4074,299,77,118,104,39.4649,34.7826
4075,298,76,120,102,40.2685,34.2282
4076,297,74,119,104,40.0673,35.0168
4077,294,70,115,109,39.1156,37.0748
4078,296,71,116,109,39.1892,36.8243
4079,296,70,117,109,39.5270,36.8243
4080,297,70,110,117,37.0370,39.3939
4081,298,70,102,126,34.2282,42.2819
4082,299,70,100,129,33.4448,43.1438
4083,300,74,95,131,31.6667,43.6667
4084,299,73,89,137,29.7659,45.8194
4085,300,67,92,141,30.6667,47.0000
4086,300,66,91,143,30.3333,47.6667
4087,300,66,82,152,27.3333,50.6667
4088,299,66,77,156,25.7525,52.1739
4089,303,71,74,158,24.4224,52.1452
4090,301,74,69,158,22.9236,52.4917
4091,300,73,70,157,23.3333,52.3333
4092,296,73,66,157,22.2973,53.0405
4093,298,74,66,158,22.1477,53.0201
4094,301,78,61,162,20.2658,53.8206
4095,300,80,58,162,19.3333,54.0000
4096,300,80,56,164,18.6667,54.6667
4097,297,83,53,161,17.8451,54.2088
4098,299,86,51,162,17.0569,54.1806
4099,299,88,49,162,16.3880,54.1806
4100,302,90,48,164,15.8940,54.3046
4101,298,89,46,163,15.4362,54.6980
4102,299,91,46,162,15.3846,54.1806
4103,302,97,44,161,14.5695,53.3113
4104,302,98,48,156,15.8940,51.6556
4105,300,98,42,160,14.0000,53.3333
4106,298,100,39,159,13.0872,53.3557
4107,301,105,42,154,13.9535,51.1628
4108,301,105,43,153,14.2857,50.8306
4109,301,104,41,156,13.6213,51.8272
4110,299,105,38,156,12.7090,52.1739
4111,299,103,40,156,13.3779,52.1739
4112,299,103,39,157,13.0435,52.5084
4113,301,103,39,159,12.9568,52.8239
4114,301,99,42,160,13.9535,53.1561
4115,301,101,42,158,13.9535,52.4917
4116,299,104,42,153,14.0468,51.1706
4117,302,107,44,151,14.5695,50.0000
4118,302,110,42,150,13.9073,49.6689
4119,302,109,42,151,13.9073,50.0000
4120,302,108,42,152,13.9073,50.3311
4121,302,110,42,150,13.9073,49.6689
4122,299,111,39,149,13.0435,49.8328
4123,299,112,41,146,13.7124,48.8294
4124,302,117,42,143,13.9073,47.3510
4125,299,118,41,140,13.7124,46.8227
4126,302,118,43,141,14.2384,46.6887
4127,301,117,43,141,14.2857,46.8439
4128,299,116,42,141,14.0468,47.1572
4129,301,126,40,135,13.2890,44.8505
4130,301,125,40,136,13.2890,45.1827
4131,299,124,40,135,13.3779,45.1505
4132,299,134,37,128,12.3746,42.8094
4133,301,143,36,122,11.9601,40.5316
4134,301,139,41,121,13.6213,40.1993
4135,301,139,41,121,13.6213,40.1993
4136,300,146,40,114,13.3333,38.0000
4137,299,149,41,109,13.7124,36.4548
4138,301,155,40,106,13.2890,35.2159
4139,301,162,42,97,13.9535,32.2259
4140,301,165,43,93,14.2857,30.8970
4141,301,167,47,87,15.6146,28.9037
4142,299,165,51,83,17.0569,27.7592
4143,302,168,51,83,16.8874,27.4834
4144,302,168,54,80,17.8808,26.4901
4145,299,164,57,78,19.0635,26.0870
4146,304,172,56,76,18.4211,25.0000
4147,303,171,56,76,18.4818,25.0825
4148,301,172,55,74,18.2724,24.5847
4149,301,166,63,72,20.9302,23.9203
4150,301,156,74,71,24.5847,23.5880
4151,300,155,76,69,25.3333,23.0000
4152,300,151,82,67,27.3333,22.3333
4153,298,145,87,66,29.1946,22.1477
4154,300,144,90,66,30.0000,22.0000
4155,298,136,94,68,31.5436,22.8188
4156,301,133,97,71,32.2259,23.5880
4157,301,136,101,64,33.5548,21.2625
4158,300,134,102,64,34.0000,21.3333
4159,299,128,106,65,35.4515,21.7391
4160,299,113,121,65,40.4682,21.7391
4161,300,113,121,66,40.3333,22.0000
4162,299,105,125,69,41.8060,23.0769
4163,299,97,131,71,43.8127,23.7458
4164,302,103,130,69,43.0464,22.8477
4165,300,105,128,67,42.6667,22.3333
4166,298,103,125,70,41.9463,23.4899
4167,298,100,127,71,42.6174,23.8255
4168,300,97,129,74,43.0000,24.6667
4169,298,96,124,78,41.6107,26.1745
4170,298,95,121,82,40.6040,27.5168
4171,299,92,119,88,39.7993,29.4314
4172,297,94,114,89,38.3838,29.9663
4173,297,90,113,94,38.0471,31.6498
4174,298,88,112,98,37.5839,32.8859
4175,298,81,113,104,37.9195,34.8993
4176,299,76,113,110,37.7926,36.7893
4177,302,75,114,113,37.7483,37.4172
4178,302,72,115,115,38.0795,38.0795
4179,301,69,113,119,37.5415,39.5349
4180,298,66,104,128,34.8993,42.9530
4181,298,65,95,138,31.8792,46.3087
4182,300,60,100,140,33.3333,46.6667
4183,297,55,93,149,31.3131,50.1684
4184,297,48,100,149,33.6700,50.1684
4185,300,50,102,148,34.0000,49.3333
4186,300,47,106,147,35.3333,49.0000
4187,299,46,105,148,35.1171,49.4983
4188,299,47,101,151,33.7793,50.5017
4189,300,47,101,152,33.6667,50.6667
4190,299,43,103,153,34.4482,51.1706
4191,297,41,101,155,34.0067,52.1886
4192,297,39,101,157,34.0067,52.8620
4193,300,43,98,159,32.6667,53.0000
4194,300,41,98,161,32.6667,53.6667
4195,298,39,94,165,31.5436,55.3691
4196,299,40,89,170,29.7659,56.8562
4197,296,37,83,176,28.0405,59.4595
4198,298,41,79,178,26.5101,59.7315
4199,298,43,77,178,25.8389,59.7315
4200,304,50,73,181,24.0132,59.5395
4201,304,45,73,186,24.0132,61.1842
4202,303,45,71,187,23.4323,61.7162
4203,301,45,65,191,21.5947,63.4551
4204,299,43,59,197,19.7324,65.8863
4205,295,41,53,201,17.9661,68.1356
4206,293,44,49,200,16.7235,68.2594
4207,292,47,42,203,14.3836,69.5205
4208,293,51,42,200,14.3345,68.2594
4209,294,52,40,202,13.6054,68.7075
4210,293,54,38,201,12.9693,68.6007
4211,298,60,34,204,11.4094,68.4564
4212,302,65,30,207,9.9338,68.5430
4213,302,68,30,204,9.9338,67.5497
4214,301,71,30,200,9.9668,66.4452
4215,300,72,27,201,9.0000,67.0000
4216,299,71,27,201,9.0301,67.2241
4217,303,77,24,202,7.9208,66.6667
4218,303,81,22,200,7.2607,66.0066
4219,303,81,22,200,7.2607,66.0066
4220,303,84,21,198,6.9307,65.3465
4221,303,89,20,194,6.6007,64.0264
4222,301,95,15,191,4.9834,63.4551
4223,301,101,16,184,5.3156,61.1296
4224,301,104,13,184,4.3189,61.1296
4225,301,108,13,180,4.3189,59.8007
4226,301,113,12,176,3.9867,58.4718
4227,301,118,13,170,4.3189,56.4784
4228,301,124,13,164,4.3189,54.4850
4229,300,127,13,160,4.3333,53.3333
4230,300,130,13,157,4.3333,52.3333
4231,300,134,13,153,4.3333,51.0000
4232,300,144,14,142,4.6667,47.3333
4233,300,154,12,134,4.0000,44.6667
4234,300,157,12,131,4.0000,43.6667
4235,300,165,11,124,3.6667,41.3333
4236,300,167,11,122,3.6667,40.6667
4237,300,169,10,121,3.3333,40.3333
4238,300,168,13,119,4.3333,39.6667
4239,300,171,14,115,4.6667,38.3333
4240,299,173,14,112,4.6823,37.4582
4241,301,176,15,110,4.9834,36.5449
4242,301,176,17,108,5.6478,35.8804
4243,301,177,17,107,5.6478,35.5482
4244,301,178,19,104,6.3123,34.5515
4245,300,180,20,100,6.6667,33.3333
4246,299,181,20,98,6.6890,32.7759
4247,301,187,21,93,6.9767,30.8970
4248,300,191,22,87,7.3333,29.0000
4249,300,194,25,81,8.3333,27.0000
4250,300,195,26,79,8.6667,26.3333
4251,300,191,33,76,11.0000,25.3333
4252,299,190,37,72,12.3746,24.0803
4253,303,196,40,67,13.2013,22.1122
4254,303,195,43,65,14.1914,21.4521
4255,303,194,49,60,16.1716,19.8020
4256,303,199,49,55,16.1716,18.1518
4257,302,198,53,51,17.5497,16.8874
4258,302,197,53,52,17.5497,17.2185
4259,300,199,55,46,18.3333,15.3333
4260,300,195,58,47,19.3333,15.6667
4261,300,190,64,46,21.3333,15.3333
4262,300,185,68,47,22.6667,15.6667
4263,300,185,71,44,23.6667,14.6667
4264,299,184,74,41,24.7492,13.7124
4265,302,183,78,41,25.8278,13.5762
4266,301,179,81,41,26.9103,13.6213
4267,301,181,81,39,26.9103,12.9568
4268,301,181,82,38,27.2425,12.6246
4269,300,180,84,36,28.0000,12.0000
4270,299,175,87,37,29.0970,12.3746
4271,299,171,88,40,29.4314,13.3779
4272,301,172,83,46,27.5748,15.2824
4273,300,168,86,46,28.6667,15.3333
4274,300,168,86,46,28.6667,15.3333
4275,299,164,84,51,28.0936,17.0569
4276,300,162,88,50,29.3333,16.6667
4277,300,158,89,53,29.6667,17.6667
4278,300,152,94,54,31.3333,18.0000
4279,298,144,98,56,32.8859,18.7919
4280,299,141,102,56,34.1137,18.7291
4281,299,140,97,62,32.4415,20.7358
4282,298,130,104,64,34.8993,21.4765
4283,297,123,104,70,35.0168,23.5690
4284,298,120,104,74,34.8993,24.8322
4285,298,121,102,75,34.2282,25.1678
4286,296,115,103,78,34.7973,26.3514
4287,299,117,103,79,34.4482,26.4214
4288,301,113,110,78,36.5449,25.9136
4289,299,110,109,80,36.4548,26.7559
4290,304,111,110,83,36.1842,27.3026
4291,302,107,105,90,34.7682,29.8013
4292,302,100,109,93,36.0927,30.7947
4293,301,98,109,94,36.2126,31.2292
4294,301,94,109,98,36.2126,32.5581
4295,299,89,111,99,37.1237,33.1104
4296,300,87,108,105,36.0000,35.0000
4297,299,85,105,109,35.1171,36.4548
4298,300,81,104,115,34.6667,38.3333
4299,299,75,101,123,33.7793,41.1371
4300,297,71,100,126,33.6700,42.4242
4301,300,67,103,130,34.3333,43.3333
4302,298,67,98,133,32.8859,44.6309
4303,298,68,90,140,30.2013,46.9799
4304,299,69,83,147,27.7592,49.1639
4305,303,70,85,148,28.0528,48.8449
4306,302,66,82,154,27.1523,50.9934
4307,302,63,83,156,27.4834,51.6556
4308,301,61,81,159,26.9103,52.8239
4309,299,60,75,164,25.0836,54.8495
4310,300,62,71,167,23.6667,55.6667
4311,299,58,73,168,24.4147,56.1873
4312,298,57,71,170,23.8255,57.0470
4313,295,59,65,171,22.0339,57.9661
4314,296,63,61,172,20.6081,58.1081
4315,296,62,61,173,20.6081,58.4459
4316,297,63,57,177,19.1919,59.5960
4317,300,68,54,178,18.0000,59.3333
4318,300,63,56,181,18.6667,60.3333
4319,297,63,50,184,16.8350,61.9529
4320,296,61,49,186,16.5541,62.8378
4321,296,60,47,189,15.8784,63.8514
4322,298,66,41,191,13.7584,64.0940
4323,298,68,41,189,13.7584,63.4228
4324,299,74,42,183,14.0468,61.2040
4325,303,77,42,184,13.8614,60.7261
4326,301,79,39,183,12.9568,60.7973
4327,299,83,36,180,12.0401,60.2007
4328,303,87,37,179,12.2112,59.0759
4329,302,89,37,176,12.2517,58.2781
4330,302,90,38,174,12.5828,57.6159
4331,299,92,35,172,11.7057,57.5251
4332,297,91,32,174,10.7744,58.5859
4333,300,99,32,169,10.6667,56.3333
4334,300,101,32,167,10.6667,55.6667
4335,299,107,30,162,10.0334,54.1806
4336,301,111,31,159,10.2990,52.8239
4337,301,112,32,157,10.6312,52.1595
4338,301,113,30,158,9.9668,52.4917
4339,301,116,29,156,9.6346,51.8272
4340,301,116,26,159,8.6379,52.8239
4341,300,119,25,156,8.3333,52.0000
4342,299,120,25,154,8.3612,51.5050
4343,301,129,25,147,8.3056,48.8372
4344,300,129,26,145,8.6667,48.3333
4345,300,129,24,147,8.0000,49.0000
4346,299,133,22,144,7.3579,48.1605
4347,303,138,23,142,7.5908,46.8647
4348,301,143,21,137,6.9767,45.5150
4349,301,147,20,134,6.6445,44.5183
4350,301,149,22,130,7.3090,43.1894
4351,301,156,22,123,7.3090,40.8638
4352,301,156,25,120,8.3056,39.8671
4353,301,158,26,117,8.6379,38.8704
4354,300,159,28,113,9.3333,37.6667
4355,300,165,29,106,9.6667,35.3333
4356,300,170,30,100,10.0000,33.3333
4357,300,169,30,101,10.0000,33.6667
4358,300,173,30,97,10.0000,32.3333
4359,300,169,35,96,11.6667,32.0000
4360,300,169,39,92,13.0000,30.6667
4361,300,172,41,87,13.6667,29.0000
4362,300,176,42,82,14.0000,27.3333
4363,299,175,42,82,14.0468,27.4247
4364,301,175,47,79,15.6146,26.2458
4365,299,174,46,79,15.3846,26.4214
4366,302,177,49,76,16.2252,25.1656
4367,302,177,51,74,16.8874,24.5033
4368,301,177,53,71,17.6080,23.5880
4369,301,176,57,68,18.9369,22.5914
4370,300,172,63,65,21.0000,21.6667
4371,299,170,65,64,21.7391,21.4047
4372,301,169,68,64,22.5914,21.2625
4373,301,172,69,60,22.9236,19.9336
4374,301,171,71,59,23.5880,19.6013
4375,300,166,76,58,25.3333,19.3333
4376,300,160,82,58,27.3333,19.3333
4377,299,159,81,59,27.0903,19.7324
4378,300,155,88,57,29.3333,19.0000
4379,300,150,92,58,30.6667,19.3333
4380,298,146,91,61,30.5369,20.4698
4381,300,147,89,64,29.6667,21.3333
4382,300,146,91,63,30.3333,21.0000
4383,300,142,92,66,30.6667,22.0000
4384,298,139,93,66,31.2081,22.1477
4385,300,137,96,67,32.0000,22.3333
4386,299,131,100,68,33.4448,22.7425
4387,301,124,106,71,35.2159,23.5880
4388,301,116,114,71,37.8738,23.5880
4389,298,112,115,71,38.5906,23.8255
4390,297,113,114,70,38.3838,23.5690
4391,297,109,115,73,38.7205,24.5791
4392,296,101,119,76,40.2027,25.6757
4393,299,98,123,78,41.1371,26.0870
4394,298,96,122,80,40.9396,26.8456
4395,301,94,122,85,40.5316,28.2392
4396,299,88,120,91,40.1338,30.4348
4397,302,91,119,92,39.4040,30.4636
4398,300,89,115,96,38.3333,32.0000
4399,299,86,110,103,36.7893,34.4482
4400,300,85,110,105,36.6667,35.0000
4401,300,82,109,109,36.3333,36.3333
4402,300,78,114,108,38.0000,36.0000
4403,300,75,114,111,38.0000,37.0000
4404,300,72,111,117,37.0000,39.0000
4405,300,67,116,117,38.6667,39.0000
4406,300,67,110,123,36.6667,41.0000
4407,298,65,100,133,33.5570,44.6309
4408,300,71,93,136,31.0000,45.3333
4409,299,71,86,142,28.7625,47.4916
4410,298,75,83,140,27.8523,46.9799
4411,300,76,77,147,25.6667,49.0000
4412,300,73,71,156,23.6667,52.0000
4413,297,70,65,162,21.8855,54.5455
4414,299,71,64,164,21.4047,54.8495
4415,298,71,59,168,19.7987,56.3758
4416,297,70,56,171,18.8552,57.5758
4417,298,73,54,171,18.1208,57.3826
4418,300,73,52,175,17.3333,58.3333
4419,300,72,50,178,16.6667,59.3333
4420,300,71,50,179,16.6667,59.6667
4421,300,71,47,182,15.6667,60.6667
4422,299,70,41,188,13.7124,62.8763
4423,303,77,38,188,12.5413,62.0462
4424,301,77,35,189,11.6279,62.7907
4425,301,77,31,193,10.2990,64.1196
4426,301,81,28,192,9.3023,63.7874
4427,300,81,28,191,9.3333,63.6667
4428,300,77,32,191,10.6667,63.6667
4429,300,80,31,189,10.3333,63.0000
4430,299,80,30,189,10.0334,63.2107
4431,302,84,32,186,10.5960,61.5894
4432,302,87,31,184,10.2649,60.9272
4433,302,91,26,185,8.6093,61.2583
4434,301,89,25,187,8.3056,62.1262
4435,300,91,25,184,8.3333,61.3333
4436,300,91,26,183,8.6667,61.0000
4437,300,92,24,184,8.0000,61.3333
4438,300,94,24,182,8.0000,60.6667
4439,298,98,21,179,7.0470,60.0671
4440,303,102,23,178,7.5908,58.7459
4441,302,100,24,178,7.9470,58.9404
4442,302,103,24,175,7.9470,57.9470
4443,302,107,22,173,7.2848,57.2848
4444,302,112,22,168,7.2848,55.6291
4445,301,112,23,166,7.6412,55.1495
4446,301,114,24,163,7.9734,54.1528
4447,301,113,29,159,9.6346,52.8239
4448,300,118,30,152,10.0000,50.6667
4449,300,121,27,152,9.0000,50.6667
4450,300,125,28,147,9.3333,49.0000
4451,299,128,31,140,10.3679,46.8227
4452,300,130,32,138,10.6667,46.0000
4453,300,134,32,134,10.6667,44.6667
4454,300,132,35,133,11.6667,44.3333
4455,299,134,34,131,11.3712,43.8127
4456,302,142,34,126,11.2583,41.7219
4457,301,142,34,125,11.2957,41.5282
4458,301,146,36,119,11.9601,39.5349
4459,301,154,38,109,12.6246,36.2126
4460,300,155,39,106,13.0000,35.3333
4461,299,161,38,100,12.7090,33.4448
4462,303,161,42,100,13.8614,33.0033
4463,303,162,49,92,16.1716,30.3630
4464,303,168,51,84,16.8317,27.7228
4465,303,170,55,78,18.1518,25.7426
4466,303,168,57,78,18.8119,25.7426
4467,303,171,56,76,18.4818,25.0825
4468,301,171,53,77,17.6080,25.5814
4469,301,168,58,75,19.2691,24.9169
4470,300,170,59,71,19.6667,23.6667
4471,298,169,60,69,20.1342,23.1544
4472,298,170,60,68,20.1342,22.8188
4473,301,173,62,66,20.5980,21.9269
4474,300,176,61,63,20.3333,21.0000
4475,299,174,65,60,21.7391,20.0669
4476,303,175,70,58,23.1023,19.1419
4477,303,175,73,55,24.0924,18.1518
4478,303,171,78,54,25.7426,17.8218
4479,302,169,76,57,25.1656,18.8742
4480,302,165,78,59,25.8278,19.5364
4481,301,162,80,59,26.5781,19.6013
4482,301,158,83,60,27.5748,19.9336
4483,300,153,83,64,27.6667,21.3333
4484,298,152,79,67,26.5101,22.4832
4485,300,158,79,63,26.3333,21.0000
4486,300,155,79,66,26.3333,22.0000
4487,298,149,82,67,27.5168,22.4832
4488,301,148,86,67,28.5714,22.2591
4489,300,146,87,67,29.0000,22.3333
4490,299,140,89,70,29.7659,23.4114
4491,298,131,97,70,32.5503,23.4899
4492,298,123,100,75,33.5570,25.1678
4493,299,119,105,75,35.1171,25.0836
4494,300,109,113,78,37.6667,26.0000
4495,299,101,120,78,40.1338,26.0870
4496,299,95,122,82,40.8027,27.4247
4497,300,92,123,85,41.0000,28.3333
4498,298,87,122,89,40.9396,29.8658
4499,299,86,120,93,40.1338,31.1037
4500,302,85,120,97,39.7351,32.1192
4501,301,84,121,96,40.1993,31.8937
4502,301,78,125,98,41.5282,32.5581
4503,298,75,122,101,40.9396,33.8926
4504,298,73,122,103,40.9396,34.5638
4505,303,73,124,106,40.9241,34.9835
4506,302,69,124,109,41.0596,36.0927
4507,302,69,121,112,40.0662,37.0861
4508,299,68,118,113,39.4649,37.7926
4509,299,60,121,118,40.4682,39.4649
4510,297,55,120,122,40.4040,41.0774
4511,298,56,113,129,37.9195,43.2886
4512,298,57,109,132,36.5772,44.2953
4513,298,59,101,138,33.8926,46.3087
4514,298,57,97,144,32.5503,48.3221
4515,294,54,89,151,30.2721,51.3605
4516,291,53,81,157,27.8351,53.9519
4517,295,54,78,163,26.4407,55.2542
4518,297,58,74,165,24.9158,55.5556
4519,296,58,75,163,25.3378,55.0676
4520,296,61,75,160,25.3378,54.0541
4521,298,64,71,163,23.8255,54.6980
4522,299,65,67,167,22.4080,55.8528
4523,300,66,66,168,22.0000,56.0000
4524,298,64,64,170,21.4765,57.0470
4525,301,67,61,173,20.2658,57.4751
4526,300,69,56,175,18.6667,58.3333
4527,300,68,56,176,18.6667,58.6667
4528,298,67,55,176,18.4564,59.0604
4529,297,66,53,178,17.8451,59.9327
4530,296,68,46,182,15.5405,61.4865
4531,299,72,47,180,15.7191,60.2007
4532,302,75,48,179,15.8940,59.2715
4533,302,73,49,180,16.2252,59.6026
4534,301,71,50,180,16.6113,59.8007
4535,301,72,50,179,16.6113,59.4684
4536,301,76,48,177,15.9468,58.8040
4537,300,76,45,179,15.0000,59.6667
4538,300,79,46,175,15.3333,58.3333
4539,299,78,45,176,15.0502,58.8629
4540,303,84,41,178,13.5314,58.7459
4541,302,86,41,175,13.5762,57.9470
4542,302,88,42,172,13.9073,56.9536
4543,301,88,40,173,13.2890,57.4751
4544,300,93,36,171,12.0000,57.0000
4545,300,90,38,172,12.6667,57.3333
4546,300,90,40,170,13.3333,56.6667
4547,300,91,40,169,13.3333,56.3333
4548,300,92,43,165,14.3333,55.0000
4549,300,95,42,163,14.0000,54.3333
4550,300,96,41,163,13.6667,54.3333
4551,299,99,41,159,13.7124,53.1773
4552,302,106,40,156,13.2450,51.6556
4553,301,109,37,155,12.2924,51.4950
4554,301,104,41,156,13.6213,51.8272
4555,300,106,38,156,12.6667,52.0000
4556,300,105,41,154,13.6667,51.3333
4557,300,108,40,152,13.3333,50.6667
4558,300,109,41,150,13.6667,50.0000
4559,299,114,39,146,13.0435,48.8294
4560,301,114,42,145,13.9535,48.1728
4561,301,114,46,141,15.2824,46.8439
4562,301,115,49,137,16.2791,45.5150
4563,301,119,51,131,16.9435,43.5216
4564,301,121,52,128,17.2757,42.5249
4565,301,122,56,123,18.6047,40.8638
4566,300,121,61,118,20.3333,39.3333
4567,300,126,60,114,20.0000,38.0000
4568,299,131,61,107,20.4013,35.7860
4569,300,133,63,104,21.0000,34.6667
4570,300,135,65,100,21.6667,33.3333
4571,300,133,65,102,21.6667,34.0000
4572,300,132,65,103,21.6667,34.3333
4573,299,131,67,101,22.4080,33.7793
4574,303,134,71,98,23.4323,32.3432
4575,303,131,71,101,23.4323,33.3333
4576,302,130,72,100,23.8411,33.1126
4577,300,129,75,96,25.0000,32.0000
4578,300,131,77,92,25.6667,30.6667
4579,299,127,81,91,27.0903,30.4348
4580,300,123,86,91,28.6667,30.3333
4581,299,118,88,93,29.4314,31.1037
4582,301,118,92,91,30.5648,30.2326
4583,301,117,92,92,30.5648,30.5648
4584,301,111,97,93,32.2259,30.8970
4585,301,111,96,94,31.8937,31.2292
4586,298,106,93,99,31.2081,33.2215
4587,301,108,94,99,31.2292,32.8904
4588,300,109,92,99,30.6667,33.0000
4589,299,105,97,97,32.4415,32.4415
4590,297,105,95,97,31.9865,32.6599
4591,297,102,98,97,32.9966,32.6599
4592,300,106,99,95,33.0000,31.6667
4593,299,103,97,99,32.4415,33.1104
4594,299,100,95,104,31.7726,34.7826
4595,298,99,94,105,31.5436,35.2349
4596,300,100,92,108,30.6667,36.0000
4597,299,98,92,109,30.7692,36.4548
4598,301,97,93,111,30.8970,36.8771
4599,300,95,92,113,30.6667,37.6667
4600,298,92,90,116,30.2013,38.9262
4601,296,93,87,116,29.3919,39.1892
4602,296,97,80,119,27.0270,40.2027
4603,297,97,79,121,26.5993,40.7407
4604,296,96,73,127,24.6622,42.9054
4605,301,101,72,128,23.9203,42.5249
4606,300,102,71,127,23.6667,42.3333
4607,300,102,69,129,23.0000,43.0000
4608,298,101,69,128,23.1544,42.9530
4609,298,102,66,130,22.1477,43.6242
4610,302,101,67,134,22.1854,44.3709
4611,302,100,64,138,21.1921,45.6954
4612,302,98,62,142,20.5298,47.0199
4613,301,96,64,141,21.2625,46.8439
4614,299,94,63,142,21.0702,47.4916
4615,301,94,63,144,20.9302,47.8405
4616,300,92,62,146,20.6667,48.6667
4617,298,90,63,145,21.1409,48.6577
4618,301,94,60,147,19.9336,48.8372
4619,301,96,58,147,19.2691,48.8372
4620,300,94,57,149,19.0000,49.6667
4621,299,97,53,149,17.7258,49.8328
4622,301,98,50,153,16.6113,50.8306
4623,300,97,53,150,17.6667,50.0000
4624,300,97,52,151,17.3333,50.3333
4625,300,97,51,152,17.0000,50.6667
4626,300,98,48,154,16.0000,51.3333
4627,299,103,46,150,15.3846,50.1672
4628,300,101,49,150,16.3333,50.0000
4629,299,100,48,151,16.0535,50.5017
4630,301,102,44,155,14.6179,51.4950
4631,301,100,44,157,14.6179,52.1595
4632,300,101,41,158,13.6667,52.6667
4633,300,104,41,155,13.6667,51.6667
4634,298,106,39,153,13.0872,51.3423
4635,303,112,37,154,12.2112,50.8251
4636,302,114,35,153,11.5894,50.6623
4637,302,115,33,154,10.9272,50.9934
4638,301,118,32,151,10.6312,50.1661
4639,301,120,32,149,10.6312,49.5017
4640,301,122,33,146,10.9635,48.5050
4641,300,119,35,146,11.6667,48.6667
4642,300,119,34,147,11.3333,49.0000
4643,300,119,33,148,11.0000,49.3333
4644,300,117,34,149,11.3333,49.6667
4645,300,121,32,147,10.6667,49.0000
4646,300,124,34,142,11.3333,47.3333
4647,300,126,35,139,11.6667,46.3333
4648,298,132,32,134,10.7383,44.9664
4649,301,134,33,134,10.9635,44.5183
4650,301,137,33,131,10.9635,43.5216
4651,300,139,32,129,10.6667,43.0000
4652,300,141,33,126,11.0000,42.0000
4653,300,139,36,125,12.0000,41.6667
4654,299,143,35,121,11.7057,40.4682
4655,302,146,38,118,12.5828,39.0728
4656,302,147,42,113,13.9073,37.4172
4657,302,147,44,111,14.5695,36.7550
4658,302,149,40,113,13.2450,37.4172
4659,302,151,42,109,13.9073,36.0927
4660,302,150,43,109,14.2384,36.0927
4661,302,145,49,108,16.2252,35.7616
4662,302,147,50,105,16.5563,34.7682
4663,302,151,50,101,16.5563,33.4437
4664,300,154,48,98,16.0000,32.6667
4665,300,148,53,99,17.6667,33.0000
4666,300,147,56,97,18.6667,32.3333
4667,300,144,59,97,19.6667,32.3333
4668,300,144,62,94,20.6667,31.3333
4669,300,141,66,93,22.0000,31.0000
4670,299,138,69,92,23.0769,30.7692
4671,299,136,73,90,24.4147,30.1003
4672,301,137,74,90,24.5847,29.9003
4673,301,139,74,88,24.5847,29.2359
4674,300,136,79,85,26.3333,28.3333
4675,300,131,79,90,26.3333,30.0000
4676,298,128,82,88,27.5168,29.5302
4677,299,130,80,89,26.7559,29.7659
4678,300,129,84,87,28.0000,29.0000
4679,300,122,90,88,30.0000,29.3333
4680,299,120,92,87,30.7692,29.0970
4681,300,117,92,91,30.6667,30.3333
4682,299,120,89,90,29.7659,30.1003
4683,302,116,97,89,32.1192,29.4702
4684,302,115,98,89,32.4503,29.4702
4685,300,112,99,89,33.0000,29.6667
4686,299,112,96,91,32.1070,30.4348
4687,299,113,95,91,31.7726,30.4348
4688,300,113,94,93,31.3333,31.0000
4689,300,116,94,90,31.3333,30.0000
4690,299,111,95,93,31.7726,31.1037
4691,303,112,96,95,31.6832,31.3531
4692,301,105,97,99,32.2259,32.8904
4693,301,102,99,100,32.8904,33.2226
4694,301,99,100,102,33.2226,33.8870
4695,301,97,98,106,32.5581,35.2159
4696,301,92,100,109,33.2226,36.2126
4697,300,92,97,111,32.3333,37.0000
4698,300,89,96,115,32.0000,38.3333
4699,300,88,93,119,31.0000,39.6667
4700,298,85,90,123,30.2013,41.2752
4701,302,86,89,127,29.4702,42.0530
4702,301,80,91,130,30.2326,43.1894
4703,300,79,91,130,30.3333,43.3333
4704,299,76,86,137,28.7625,45.8194
4705,299,71,87,141,29.0970,47.1572
4706,300,69,88,143,29.3333,47.6667
4707,300,67,89,144,29.6667,48.0000
4708,300,67,89,144,29.6667,48.0000
4709,299,65,87,147,29.0970,49.1639
4710,300,70,82,148,27.3333,49.3333
4711,298,70,76,152,25.5034,51.0067
4712,301,73,72,156,23.9203,51.8272
4713,300,74,67,159,22.3333,53.0000
4714,300,76,64,160,21.3333,53.3333
4715,298,76,59,163,19.7987,54.6980
4716,299,76,60,163,20.0669,54.5151
4717,300,75,56,169,18.6667,56.3333
4718,300,75,54,171,18.0000,57.0000
4719,299,76,53,170,17.7258,56.8562
4720,298,74,53,171,17.7852,57.3826
4721,299,74,53,172,17.7258,57.5251
4722,298,74,49,175,16.4430,58.7248
4723,301,76,48,177,15.9468,58.8040
4724,299,74,47,178,15.7191,59.5318
4725,301,77,45,179,14.9502,59.4684
4726,300,78,39,183,13.0000,61.0000
4727,298,82,36,180,12.0805,60.4027
4728,300,85,35,180,11.6667,60.0000
4729,299,86,33,180,11.0368,60.2007
4730,303,88,35,180,11.5512,59.4059
4731,303,87,38,178,12.5413,58.7459
4732,302,87,38,177,12.5828,58.6093
4733,301,89,39,173,12.9568,57.4751
4734,301,93,39,169,12.9568,56.1462
4735,301,94,39,168,12.9568,55.8140
4736,301,94,39,168,12.9568,55.8140
4737,299,94,37,168,12.3746,56.1873
4738,301,101,35,165,11.6279,54.8173
4739,301,102,36,163,11.9601,54.1528
4740,300,105,35,160,11.6667,53.3333
4741,299,104,35,160,11.7057,53.5117
4742,300,111,33,156,11.0000,52.0000
4743,299,110,34,155,11.3712,51.8395
4744,301,116,31,154,10.2990,51.1628
4745,301,116,31,154,10.2990,51.1628
4746,300,117,33,150,11.0000,50.0000
4747,300,122,34,144,11.3333,48.0000
4748,300,127,34,139,11.3333,46.3333
4749,300,128,36,136,12.0000,45.3333
4750,300,128,37,135,12.3333,45.0000
4751,299,130,36,133,12.0401,44.4816
4752,300,135,37,128,12.3333,42.6667
4753,298,139,36,123,12.0805,41.2752
4754,300,141,39,120,13.0000,40.0000
4755,300,141,40,119,13.3333,39.6667
4756,300,143,46,111,15.3333,37.0000
4757,300,143,47,110,15.6667,36.6667
4758,299,145,49,105,16.3880,35.1171
4759,299,138,56,105,18.7291,35.1171
4760,302,139,60,103,19.8675,34.1060
4761,302,141,61,100,20.1987,33.1126
4762,301,140,64,97,21.2625,32.2259
4763,301,140,65,96,21.5947,31.8937
4764,301,139,69,93,22.9236,30.8970
4765,301,142,71,88,23.5880,29.2359
4766,298,139,73,86,24.4966,28.8591
4767,298,141,74,83,24.8322,27.8523
4768,299,142,76,81,25.4181,27.0903
4769,300,148,77,75,25.6667,25.0000
4770,299,145,79,75,26.4214,25.0836
4771,299,142,80,77,26.7559,25.7525
4772,299,140,83,76,27.7592,25.4181
4773,300,134,91,75,30.3333,25.0000
4774,300,132,94,74,31.3333,24.6667
4775,299,129,98,72,32.7759,24.0803
4776,298,125,102,71,34.2282,23.8255
4777,299,126,100,73,33.4448,24.4147
4778,299,127,100,72,33.4448,24.0803
4779,302,129,101,72,33.4437,23.8411
4780,301,122,101,78,33.5548,25.9136
4781,301,119,102,80,33.8870,26.5781
4782,299,110,108,81,36.1204,27.0903
4783,301,108,110,83,36.5449,27.5748
4784,300,101,111,88,37.0000,29.3333
4785,299,99,110,90,36.7893,30.1003
4786,300,100,107,93,35.6667,31.0000
4787,298,94,109,95,36.5772,31.8792
4788,299,86,118,95,39.4649,31.7726
4789,299,85,120,94,40.1338,31.4381
4790,300,79,123,98,41.0000,32.6667
4791,300,73,125,102,41.6667,34.0000
4792,300,72,122,106,40.6667,35.3333
4793,298,70,118,110,39.5973,36.9128
4794,297,71,111,115,37.3737,38.7205
4795,297,73,105,119,35.3535,40.0673
4796,298,76,104,118,34.8993,39.5973
4797,295,73,102,120,34.5763,40.6780
4798,295,69,104,122,35.2542,41.3559
4799,297,72,102,123,34.3434,41.4141
4800,299,72,97,130,32.4415,43.4783
4801,298,73,93,132,31.2081,44.2953
4802,297,73,87,137,29.2929,46.1279
4803,298,75,82,141,27.5168,47.3154
4804,301,75,80,146,26.5781,48.5050
4805,301,77,75,149,24.9169,49.5017
4806,299,77,70,152,23.4114,50.8361
4807,301,79,67,155,22.2591,51.4950
4808,297,79,60,158,20.2020,53.1987
4809,301,88,52,161,17.2757,53.4884
4810,300,87,50,163,16.6667,54.3333
4811,296,88,42,166,14.1892,56.0811
4812,293,85,39,169,13.3106,57.6792
4813,296,87,37,172,12.5000,58.1081
4814,299,90,39,170,13.0435,56.8562
4815,303,99,36,168,11.8812,55.4455
4816,303,98,37,168,12.2112,55.4455
4817,303,99,34,170,11.2211,56.1056
4818,303,98,30,175,9.9010,57.7558
4819,303,97,30,176,9.9010,58.0858
4820,303,95,28,180,9.2409,59.4059
4821,303,92,30,181,9.9010,59.7360
4822,302,93,28,181,9.2715,59.9338
4823,302,97,27,178,8.9404,58.9404
4824,302,96,26,180,8.6093,59.6026
4825,302,96,25,181,8.2781,59.9338
4826,302,100,25,177,8.2781,58.6093
4827,302,97,29,176,9.6026,58.2781
4828,302,97,31,174,10.2649,57.6159
4829,302,98,34,170,11.2583,56.2914
4830,302,101,34,167,11.2583,55.2980
4831,301,102,34,165,11.2957,54.8173
4832,301,108,32,161,10.6312,53.4884
4833,301,113,31,157,10.2990,52.1595
4834,300,112,31,157,10.3333,52.3333
4835,299,114,30,155,10.0334,51.8395
4836,303,123,29,151,9.5710,49.8350
4837,303,124,31,148,10.2310,48.8449
4838,302,127,30,145,9.9338,48.0132
4839,302,128,28,146,9.2715,48.3444
4840,301,124,32,145,10.6312,48.1728
4841,300,125,29,146,9.6667,48.6667
4842,299,130,28,141,9.3645,47.1572
4843,304,140,27,137,8.8816,45.0658
4844,304,143,29,132,9.5395,43.4211
4845,304,142,33,129,10.8553,42.4342
4846,304,144,38,122,12.5000,40.1316
4847,304,147,39,118,12.8289,38.8158
4848,304,146,40,118,13.1579,38.8158
4849,304,148,39,117,12.8289,38.4868
4850,303,149,38,116,12.5413,38.2838
4851,302,150,37,115,12.2517,38.0795
4852,302,154,40,108,13.2450,35.7616
4853,302,156,40,106,13.2450,35.0993
4854,301,162,39,100,12.9568,33.2226
4855,301,165,42,94,13.9535,31.2292
4856,300,165,46,89,15.3333,29.6667
4857,298,168,46,84,15.4362,28.1879
4858,302,173,48,81,15.8940,26.8212
4859,302,174,49,79,16.2252,26.1589
4860,302,176,46,80,15.2318,26.4901
4861,301,181,45,75,14.9502,24.9169
4862,301,182,46,73,15.2824,24.2525
4863,301,183,49,69,16.2791,22.9236
4864,301,178,57,66,18.9369,21.9269
4865,298,179,53,66,17.7852,22.1477
4866,300,177,56,67,18.6667,22.3333
4867,299,173,58,68,19.3980,22.7425
4868,301,171,60,70,19.9336,23.2558
4869,300,170,61,69,20.3333,23.0000
4870,300,174,61,65,20.3333,21.6667
4871,300,173,63,64,21.0000,21.3333
4872,299,170,67,62,22.4080,20.7358
4873,302,171,71,60,23.5099,19.8675
4874,302,165,77,60,25.4967,19.8675
4875,302,162,80,60,26.4901,19.8675
4876,299,159,77,63,25.7525,21.0702
4877,301,158,81,62,26.9103,20.5980
4878,301,152,85,64,28.2392,21.2625
4879,300,145,90,65,30.0000,21.6667
4880,299,142,91,66,30.4348,22.0736
4881,303,139,98,66,32.3432,21.7822
4882,303,136,100,67,33.0033,22.1122
4883,303,132,102,69,33.6634,22.7723
4884,302,130,101,71,33.4437,23.5099
4885,301,126,102,73,33.8870,24.2525
4886,300,122,105,73,35.0000,24.3333
4887,295,114,104,77,35.2542,26.1017
4888,294,111,104,79,35.3741,26.8707
4889,295,104,109,82,36.9492,27.7966
4890,296,102,110,84,37.1622,28.3784
4891,297,100,115,82,38.7205,27.6094
4892,297,95,113,89,38.0471,29.9663
4893,299,93,117,89,39.1304,29.7659
4894,300,90,113,97,37.6667,32.3333
4895,296,87,113,96,38.1757,32.4324
4896,299,89,111,99,37.1237,33.1104
4897,301,94,105,102,34.8837,33.8870
4898,300,91,103,106,34.3333,35.3333
4899,299,91,95,113,31.7726,37.7926
4900,300,92,93,115,31.0000,38.3333
4901,300,94,91,115,30.3333,38.3333
4902,299,91,88,120,29.4314,40.1338
4903,303,94,86,123,28.3828,40.5941
4904,302,90,86,126,28.4768,41.7219
4905,301,87,83,131,27.5748,43.5216
4906,299,85,82,132,27.4247,44.1472
4907,299,81,81,137,27.0903,45.8194
4908,299,80,78,141,26.0870,47.1572
4909,302,84,72,146,23.8411,48.3444
4910,301,77,75,149,24.9169,49.5017
4911,301,76,72,153,23.9203,50.8306
4912,298,79,66,153,22.1477,51.3423
4913,299,76,65,158,21.7391,52.8428
4914,299,73,66,160,22.0736,53.5117
4915,303,74,64,165,21.1221,54.4554
4916,300,71,64,165,21.3333,55.0000
4917,300,72,66,162,22.0000,54.0000
4918,300,70,66,164,22.0000,54.6667
4919,300,69,69,162,23.0000,54.0000
4920,300,69,70,161,23.3333,53.6667
4921,300,71,68,161,22.6667,53.6667
4922,300,70,70,160,23.3333,53.3333
4923,299,69,68,162,22.7425,54.1806
4924,300,73,65,162,21.6667,54.0000
4925,299,71,63,165,21.0702,55.1839
4926,299,68,65,166,21.7391,55.5184
4927,301,69,63,169,20.9302,56.1462
4928,300,71,60,169,20.0000,56.3333
4929,300,69,63,168,21.0000,56.0000
4930,299,70,59,170,19.7324,56.8562
4931,298,72,55,171,18.4564,57.3826
4932,300,74,56,170,18.6667,56.6667
4933,300,72,53,175,17.6667,58.3333
4934,299,71,53,175,17.7258,58.5284
4935,301,74,51,176,16.9435,58.4718
4936,301,79,48,174,15.9468,57.8073
4937,299,81,44,174,14.7157,58.1940
4938,302,82,47,173,15.5629,57.2848
4939,302,84,47,171,15.5629,56.6225
4940,299,83,44,172,14.7157,57.5251
4941,302,88,45,169,14.9007,55.9603
4942,300,89,43,168,14.3333,56.0000
4943,300,88,44,168,14.6667,56.0000
4944,300,92,47,161,15.6667,53.6667
4945,299,93,47,159,15.7191,53.1773
4946,300,102,44,154,14.6667,51.3333
4947,299,100,40,159,13.3779,53.1773
4948,302,101,42,159,13.9073,52.6490
4949,301,106,38,157,12.6246,52.1595
4950,300,110,37,153,12.3333,51.0000
4951,300,116,38,146,12.6667,48.6667
4952,300,118,40,142,13.3333,47.3333
4953,300,120,40,140,13.3333,46.6667
4954,300,123,40,137,13.3333,45.6667
4955,299,125,40,134,13.3779,44.8161
4956,303,132,38,133,12.5413,43.8944
4957,303,137,39,127,12.8713,41.9142
4958,302,139,37,126,12.2517,41.7219
4959,301,139,39,123,12.9568,40.8638
4960,299,142,37,120,12.3746,40.1338
4961,300,145,38,117,12.6667,39.0000
4962,300,144,41,115,13.6667,38.3333
4963,300,147,41,112,13.6667,37.3333
4964,299,151,38,110,12.7090,36.7893
4965,301,154,41,106,13.6213,35.2159
4966,301,154,42,105,13.9535,34.8837
4967,300,157,42,101,14.0000,33.6667
4968,300,154,43,103,14.3333,34.3333
4969,299,150,45,104,15.0502,34.7826
4970,300,151,48,101,16.0000,33.6667
4971,300,151,49,100,16.3333,33.3333
4972,300,149,49,102,16.3333,34.0000
4973,299,146,53,100,17.7258,33.4448
4974,306,151,53,102,17.3203,33.3333
4975,306,151,55,100,17.9739,32.6797
4976,305,150,56,99,18.3607,32.4590
4977,305,150,59,96,19.3443,31.4754
4978,305,151,59,95,19.3443,31.1475
4979,305,155,57,93,18.6885,30.4918
4980,304,154,60,90,19.7368,29.6053
4981,303,153,60,90,19.8020,29.7030
4982,303,150,61,92,20.1320,30.3630
4983,301,150,60,91,19.9336,30.2326
4984,301,144,66,91,21.9269,30.2326
4985,300,149,63,88,21.0000,29.3333
4986,299,147,64,88,21.4047,29.4314
4987,298,149,63,86,21.1409,28.8591
4988,302,155,62,85,20.5298,28.1457
4989,300,154,61,85,20.3333,28.3333
4990,300,149,63,88,21.0000,29.3333
4991,299,146,67,86,22.4080,28.7625
4992,299,148,69,82,23.0769,27.4247
4993,301,150,67,84,22.2591,27.9070
4994,301,146,67,88,22.2591,29.2359
4995,299,142,68,89,22.7425,29.7659
4996,301,141,71,89,23.5880,29.5681
4997,298,139,70,89,23.4899,29.8658
4998,303,140,75,88,24.7525,29.0429
4999,303,142,76,85,25.0825,28.0528
5000,302,143,75,84,24.8344,27.8146
5001,302,144,73,85,24.1722,28.1457
5002,302,140,75,87,24.8344,28.8079
5003,301,137,74,90,24.5847,29.9003
5004,300,134,73,93,24.3333,31.0000
5005,299,130,75,94,25.0836,31.4381
5006,299,125,82,92,27.4247,30.7692
5007,298,125,80,93,26.8456,31.2081
5008,300,124,84,92,28.0000,30.6667
5009,298,121,85,92,28.5235,30.8725
5010,299,121,84,94,28.0936,31.4381
5011,301,121,84,96,27.9070,31.8937
5012,299,116,84,99,28.0936,33.1104
5013,301,117,84,100,27.9070,33.2226
5014,301,117,81,103,26.9103,34.2193
5015,298,114,80,104,26.8456,34.8993
5016,298,112,82,104,27.5168,34.8993
5017,298,113,79,106,26.5101,35.5705
5018,301,118,77,106,25.5814,35.2159
5019,301,109,80,112,26.5781,37.2093
5020,300,108,80,112,26.6667,37.3333
5021,300,107,81,112,27.0000,37.3333
5022,299,103,84,112,28.0936,37.4582
5023,299,99,82,118,27.4247,39.4649
5024,299,99,86,114,28.7625,38.1271
5025,301,95,87,119,28.9037,39.5349
5026,300,98,79,123,26.3333,41.0000
5027,300,99,77,124,25.6667,41.3333
5028,300,97,78,125,26.0000,41.6667
5029,299,96,75,128,25.0836,42.8094
5030,299,98,73,128,24.4147,42.8094
5031,299,97,70,132,23.4114,44.1472
5032,298,96,69,133,23.1544,44.6309
5033,300,97,67,136,22.3333,45.3333
5034,300,99,70,131,23.3333,43.6667
5035,300,98,68,134,22.6667,44.6667
5036,297,94,65,138,21.8855,46.4646
5037,298,92,69,137,23.1544,45.9732
5038,301,94,71,136,23.5880,45.1827
5039,300,94,68,138,22.6667,46.0000
5040,298,92,64,142,21.4765,47.6510
5041,299,95,64,140,21.4047,46.8227
5042,298,97,62,139,20.8054,46.6443
5043,298,96,60,142,20.1342,47.6510
5044,300,99,55,146,18.3333,48.6667
5045,300,96,58,146,19.3333,48.6667
5046,296,98,54,144,18.2432,48.6486
5047,298,101,55,142,18.4564,47.6510
5048,300,102,56,142,18.6667,47.3333
5049,300,101,54,145,18.0000,48.3333
5050,300,100,57,143,19.0000,47.6667
5051,299,99,56,144,18.7291,48.1605
5052,301,99,56,146,18.6047,48.5050
5053,301,100,56,145,18.6047,48.1728
5054,299,99,54,146,18.0602,48.8294
5055,302,103,57,142,18.8742,47.0199
5056,302,102,58,142,19.2053,47.0199
5057,300,104,53,143,17.6667,47.6667
5058,300,102,51,147,17.0000,49.0000
5059,300,103,52,145,17.3333,48.3333
5060,300,102,52,146,17.3333,48.6667
5061,300,100,50,150,16.6667,50.0000
5062,300,100,54,146,18.0000,48.6667
5063,300,102,53,145,17.6667,48.3333
5064,299,102,54,143,18.0602,47.8261
5065,302,107,54,141,17.8808,46.6887
5066,301,109,52,140,17.2757,46.5116
5067,301,110,50,141,16.6113,46.8439
5068,301,107,53,141,17.6080,46.8439
5069,301,109,54,138,17.9402,45.8472
5070,301,109,53,139,17.6080,46.1794
5071,301,114,52,135,17.2757,44.8505
5072,301,114,50,137,16.6113,45.5150
5073,301,115,48,138,15.9468,45.8472
5074,300,114,46,140,15.3333,46.6667
5075,300,115,49,136,16.3333,45.3333
5076,299,112,47,140,15.7191,46.8227
5077,300,110,53,137,17.6667,45.6667
5078,299,115,53,131,17.7258,43.8127
5079,299,113,56,130,18.7291,43.4783
5080,299,112,58,129,19.3980,43.1438
5081,300,111,62,127,20.6667,42.3333
5082,298,112,60,126,20.1342,42.2819
5083,300,114,64,122,21.3333,40.6667
5084,300,113,66,121,22.0000,40.3333
5085,299,113,66,120,22.0736,40.1338
5086,299,111,68,120,22.7425,40.1338
5087,299,113,68,118,22.7425,39.4649
5088,302,117,67,118,22.1854,39.0728
5089,302,115,68,119,22.5166,39.4040
5090,302,114,69,119,22.8477,39.4040
5091,302,115,70,117,23.1788,38.7417
5092,302,117,71,114,23.5099,37.7483
5093,302,113,74,115,24.5033,38.0795
5094,302,115,74,113,24.5033,37.4172
5095,300,113,77,110,25.6667,36.6667
5096,298,111,80,107,26.8456,35.9060
5097,297,111,77,109,25.9259,36.7003
5098,296,108,77,111,26.0135,37.5000
5099,296,108,74,114,25.0000,38.5135
5100,297,108,75,114,25.2525,38.3838
5101,300,113,71,116,23.6667,38.6667
5102,299,110,71,118,23.7458,39.4649
5103,300,113,71,116,23.6667,38.6667
5104,300,111,71,118,23.6667,39.3333
5105,298,112,68,118,22.8188,39.5973
5106,301,118,66,117,21.9269,38.8704
5107,300,116,65,119,21.6667,39.6667
5108,300,115,67,118,22.3333,39.3333
5109,298,114,67,117,22.4832,39.2617
5110,300,118,67,115,22.3333,38.3333
5111,300,113,70,117,23.3333,39.0000
5112,298,110,72,116,24.1611,38.9262
5113,298,111,71,116,23.8255,38.9262
5114,301,107,75,119,24.9169,39.5349
5115,300,108,74,118,24.6667,39.3333
5116,299,107,73,119,24.4147,39.7993
5117,298,105,71,122,23.8255,40.9396
5118,301,106,71,124,23.5880,41.1960
5119,300,106,71,123,23.6667,41.0000
5120,299,104,72,123,24.0803,41.1371
5121,307,109,74,124,24.1042,40.3909
5122,307,110,72,125,23.4528,40.7166
5123,306,111,73,122,23.8562,39.8693
5124,305,110,73,122,23.9344,40.0000
5125,304,110,72,122,23.6842,40.1316
5126,304,105,78,121,25.6579,39.8026
5127,304,106,78,120,25.6579,39.4737
5128,303,106,77,120,25.4125,39.6040
5129,302,107,76,119,25.1656,39.4040
5130,300,105,75,120,25.0000,40.0000
5131,298,103,74,121,24.8322,40.6040
5132,301,107,71,123,23.5880,40.8638
5133,298,104,69,125,23.1544,41.9463
5134,300,106,67,127,22.3333,42.3333
5135,300,105,66,129,22.0000,43.0000
5136,299,105,65,129,21.7391,43.1438
5137,299,102,68,129,22.7425,43.1438
5138,301,102,67,132,22.2591,43.8538
5139,300,102,64,134,21.3333,44.6667
5140,299,102,65,132,21.7391,44.1472
5141,297,102,64,131,21.5488,44.1077
5142,302,108,60,134,19.8675,44.3709
5143,302,108,60,134,19.8675,44.3709
5144,301,107,61,133,20.2658,44.1860
5145,300,108,57,135,19.0000,45.0000
5146,298,108,55,135,18.4564,45.3020
5147,300,109,51,140,17.0000,46.6667
5148,299,107,50,142,16.7224,47.4916
5149,302,111,51,140,16.8874,46.3576
5150,301,112,54,135,17.9402,44.8505
5151,300,110,56,134,18.6667,44.6667
5152,300,108,57,135,19.0000,45.0000
5153,298,111,55,132,18.4564,44.2953
5154,303,115,54,134,17.8218,44.2244
5155,303,113,55,135,18.1518,44.5545
5156,302,118,53,131,17.5497,43.3775
5157,301,119,53,129,17.6080,42.8571
5158,299,120,48,131,16.0535,43.8127
5159,301,123,49,129,16.2791,42.8571
5160,300,119,52,129,17.3333,43.0000
5161,299,121,48,130,16.0535,43.4783
5162,300,122,49,129,16.3333,43.0000
5163,300,119,53,128,17.6667,42.6667
5164,299,118,54,127,18.0602,42.4749
5165,303,124,52,127,17.1617,41.9142
5166,302,125,54,123,17.8808,40.7285
5167,302,122,58,122,19.2053,40.3974
5168,301,121,59,121,19.6013,40.1993
5169,301,123,59,119,19.6013,39.5349
5170,300,126,57,117,19.0000,39.0000
5171,299,128,54,117,18.0602,39.1304
5172,300,130,52,118,17.3333,39.3333
5173,299,126,54,119,18.0602,39.7993
5174,300,125,59,116,19.6667,38.6667
5175,299,120,59,120,19.7324,40.1338
5176,301,123,61,117,20.2658,38.8704
5177,301,118,67,116,22.2591,38.5382
5178,301,117,68,116,22.5914,38.5382
5179,301,113,70,118,23.2558,39.2027
5180,301,112,73,116,24.2525,38.5382
5181,298,110,72,116,24.1611,38.9262
5182,300,114,70,116,23.3333,38.6667
5183,300,111,70,119,23.3333,39.6667
5184,298,111,70,117,23.4899,39.2617
5185,300,114,71,115,23.6667,38.3333
5186,300,114,72,114,24.0000,38.0000
5187,298,117,69,112,23.1544,37.5839
5188,298,119,67,112,22.4832,37.5839
5189,299,118,67,114,22.4080,38.1271
5190,300,120,68,112,22.6667,37.3333
5191,300,121,71,108,23.6667,36.0000
5192,298,118,74,106,24.8322,35.5705
5193,297,117,73,107,24.5791,36.0269
5194,296,120,70,106,23.6486,35.8108
5195,292,117,68,107,23.2877,36.6438
5196,293,119,65,109,22.1843,37.2014
5197,295,123,61,111,20.6780,37.6271
5198,299,121,63,115,21.0702,38.4615
5199,298,122,65,111,21.8121,37.2483
5200,297,121,65,111,21.8855,37.3737
